evaluation_domain,budget,seed,comparison,metric,difference
all,500,0,spatial_coverage_minus_random,rmse,0.07320072412623091
all,500,0,spatial_coverage_minus_random,mae,-0.04775885555315895
all,500,0,spatial_coverage_minus_random,median_absolute_error,-0.09284355753331397
all,500,0,spatial_coverage_minus_random,p95_absolute_error,-0.5808597557846298
all,500,0,spatial_coverage_minus_random,p99_absolute_error,-3.996870554561184
all,500,0,historical_density_minus_random,rmse,7.86788954861489
all,500,0,historical_density_minus_random,mae,4.9906165158084015
all,500,0,historical_density_minus_random,median_absolute_error,2.84186963110227
all,500,0,historical_density_minus_random,p95_absolute_error,19.89220045834591
all,500,0,historical_density_minus_random,p99_absolute_error,34.49360546753421
all,500,1,spatial_coverage_minus_random,rmse,1.448067198980354
all,500,1,spatial_coverage_minus_random,mae,2.2743526337164184
all,500,1,spatial_coverage_minus_random,median_absolute_error,2.1424040999969236
all,500,1,spatial_coverage_minus_random,p95_absolute_error,5.456551189297841
all,500,1,spatial_coverage_minus_random,p99_absolute_error,7.517682550486626
all,500,1,historical_density_minus_random,rmse,13.060337393399273
all,500,1,historical_density_minus_random,mae,7.578040056757253
all,500,1,historical_density_minus_random,median_absolute_error,3.5683447920742424
all,500,1,historical_density_minus_random,p95_absolute_error,40.40825653702117
all,500,1,historical_density_minus_random,p99_absolute_error,68.89554401223134
all,500,2,spatial_coverage_minus_random,rmse,-0.10914102264813863
all,500,2,spatial_coverage_minus_random,mae,0.18386294544829695
all,500,2,spatial_coverage_minus_random,median_absolute_error,0.3915206685128396
all,500,2,spatial_coverage_minus_random,p95_absolute_error,0.48137645945005403
all,500,2,spatial_coverage_minus_random,p99_absolute_error,-3.002258122069449
all,500,2,historical_density_minus_random,rmse,9.001400468001027
all,500,2,historical_density_minus_random,mae,5.667205369339321
all,500,2,historical_density_minus_random,median_absolute_error,3.0280371893433937
all,500,2,historical_density_minus_random,p95_absolute_error,20.60754149291303
all,500,2,historical_density_minus_random,p99_absolute_error,44.53239946171921
all,500,3,spatial_coverage_minus_random,rmse,-1.2384405547066955
all,500,3,spatial_coverage_minus_random,mae,0.11798908279068598
all,500,3,spatial_coverage_minus_random,median_absolute_error,0.7475622885098971
all,500,3,spatial_coverage_minus_random,p95_absolute_error,-2.4824515699101184
all,500,3,spatial_coverage_minus_random,p99_absolute_error,-18.200731143105912
all,500,3,historical_density_minus_random,rmse,9.826695495577503
all,500,3,historical_density_minus_random,mae,5.557763131547851
all,500,3,historical_density_minus_random,median_absolute_error,2.771233210093726
all,500,3,historical_density_minus_random,p95_absolute_error,25.452701411952873
all,500,3,historical_density_minus_random,p99_absolute_error,46.01266620511905
all,500,4,spatial_coverage_minus_random,rmse,0.4566165403666922
all,500,4,spatial_coverage_minus_random,mae,0.813783805688967
all,500,4,spatial_coverage_minus_random,median_absolute_error,0.7733602453413084
all,500,4,spatial_coverage_minus_random,p95_absolute_error,2.234717331645186
all,500,4,spatial_coverage_minus_random,p99_absolute_error,-2.110839768935179
all,500,4,historical_density_minus_random,rmse,10.47473251972895
all,500,4,historical_density_minus_random,mae,6.2566546857885506
all,500,4,historical_density_minus_random,median_absolute_error,2.9436522157500917
all,500,4,historical_density_minus_random,p95_absolute_error,29.753523079581335
all,500,4,historical_density_minus_random,p99_absolute_error,49.157508509771745
all,500,5,spatial_coverage_minus_random,rmse,-0.029912557230336034
all,500,5,spatial_coverage_minus_random,mae,0.6292173015010754
all,500,5,spatial_coverage_minus_random,median_absolute_error,0.903032538416511
all,500,5,spatial_coverage_minus_random,p95_absolute_error,1.8651888224635655
all,500,5,spatial_coverage_minus_random,p99_absolute_error,0.3991219668616992
all,500,5,historical_density_minus_random,rmse,7.241910000428138
all,500,5,historical_density_minus_random,mae,4.542217479161902
all,500,5,historical_density_minus_random,median_absolute_error,2.7997296449541125
all,500,5,historical_density_minus_random,p95_absolute_error,17.220918251526435
all,500,5,historical_density_minus_random,p99_absolute_error,32.14077752366788
all,500,6,spatial_coverage_minus_random,rmse,-0.11268235659021641
all,500,6,spatial_coverage_minus_random,mae,0.7534765840188768
all,500,6,spatial_coverage_minus_random,median_absolute_error,1.1663329298615963
all,500,6,spatial_coverage_minus_random,p95_absolute_error,-0.15192436802014697
all,500,6,spatial_coverage_minus_random,p99_absolute_error,-6.8217623183973615
all,500,6,historical_density_minus_random,rmse,8.128336947288656
all,500,6,historical_density_minus_random,mae,5.176810524193851
all,500,6,historical_density_minus_random,median_absolute_error,2.773577083974544
all,500,6,historical_density_minus_random,p95_absolute_error,21.51854808865823
all,500,6,historical_density_minus_random,p99_absolute_error,38.15772536512563
all,500,7,spatial_coverage_minus_random,rmse,0.253508698262344
all,500,7,spatial_coverage_minus_random,mae,0.3042470937299555
all,500,7,spatial_coverage_minus_random,median_absolute_error,0.28614479220212274
all,500,7,spatial_coverage_minus_random,p95_absolute_error,1.5624211747885823
all,500,7,spatial_coverage_minus_random,p99_absolute_error,3.7487465234054866
all,500,7,historical_density_minus_random,rmse,6.351532647313505
all,500,7,historical_density_minus_random,mae,4.846385322071804
all,500,7,historical_density_minus_random,median_absolute_error,3.352766589842304
all,500,7,historical_density_minus_random,p95_absolute_error,16.66929993330345
all,500,7,historical_density_minus_random,p99_absolute_error,25.898587512845666
all,500,8,spatial_coverage_minus_random,rmse,21.38741892594191
all,500,8,spatial_coverage_minus_random,mae,10.256257331769817
all,500,8,spatial_coverage_minus_random,median_absolute_error,4.158462362119536
all,500,8,spatial_coverage_minus_random,p95_absolute_error,43.721455383318016
all,500,8,spatial_coverage_minus_random,p99_absolute_error,99.05089091887399
all,500,8,historical_density_minus_random,rmse,7.522129246450504
all,500,8,historical_density_minus_random,mae,4.200139756137254
all,500,8,historical_density_minus_random,median_absolute_error,2.1785430288935004
all,500,8,historical_density_minus_random,p95_absolute_error,17.00611589298498
all,500,8,historical_density_minus_random,p99_absolute_error,28.30820364843136
all,500,9,spatial_coverage_minus_random,rmse,-0.23897550740396767
all,500,9,spatial_coverage_minus_random,mae,0.22595036629834908
all,500,9,spatial_coverage_minus_random,median_absolute_error,-0.16832786094644803
all,500,9,spatial_coverage_minus_random,p95_absolute_error,1.9416196483571824
all,500,9,spatial_coverage_minus_random,p99_absolute_error,4.660204631723218
all,500,9,historical_density_minus_random,rmse,8.196955935695922
all,500,9,historical_density_minus_random,mae,6.189683465723036
all,500,9,historical_density_minus_random,median_absolute_error,3.636946635284062
all,500,9,historical_density_minus_random,p95_absolute_error,22.537663055536726
all,500,9,historical_density_minus_random,p99_absolute_error,26.523297289736362
all,500,10,spatial_coverage_minus_random,rmse,0.4313005245603563
all,500,10,spatial_coverage_minus_random,mae,1.5478583572127
all,500,10,spatial_coverage_minus_random,median_absolute_error,1.75929023774097
all,500,10,spatial_coverage_minus_random,p95_absolute_error,4.056759336501635
all,500,10,spatial_coverage_minus_random,p99_absolute_error,-13.762899854905939
all,500,10,historical_density_minus_random,rmse,5.675527322939843
all,500,10,historical_density_minus_random,mae,4.3815524556231935
all,500,10,historical_density_minus_random,median_absolute_error,3.585288581841354
all,500,10,historical_density_minus_random,p95_absolute_error,14.704322469254258
all,500,10,historical_density_minus_random,p99_absolute_error,5.605262356768378
all,500,11,spatial_coverage_minus_random,rmse,-1.8378764535400478
all,500,11,spatial_coverage_minus_random,mae,-0.393257971387758
all,500,11,spatial_coverage_minus_random,median_absolute_error,0.43452622330707413
all,500,11,spatial_coverage_minus_random,p95_absolute_error,-2.776543775345367
all,500,11,spatial_coverage_minus_random,p99_absolute_error,-15.444922175302338
all,500,11,historical_density_minus_random,rmse,6.842897969559161
all,500,11,historical_density_minus_random,mae,3.824025951665771
all,500,11,historical_density_minus_random,median_absolute_error,1.9817275927029812
all,500,11,historical_density_minus_random,p95_absolute_error,17.866243111777372
all,500,11,historical_density_minus_random,p99_absolute_error,32.61225550977561
all,500,12,spatial_coverage_minus_random,rmse,-1.0516648363447345
all,500,12,spatial_coverage_minus_random,mae,0.7966578553049093
all,500,12,spatial_coverage_minus_random,median_absolute_error,1.4910301531452603
all,500,12,spatial_coverage_minus_random,p95_absolute_error,-0.886594107349552
all,500,12,spatial_coverage_minus_random,p99_absolute_error,-10.206151344334074
all,500,12,historical_density_minus_random,rmse,9.064027771435239
all,500,12,historical_density_minus_random,mae,6.341062597026513
all,500,12,historical_density_minus_random,median_absolute_error,3.5748589758488833
all,500,12,historical_density_minus_random,p95_absolute_error,25.592543270165358
all,500,12,historical_density_minus_random,p99_absolute_error,41.78353337874289
all,500,13,spatial_coverage_minus_random,rmse,1.6463033977079533
all,500,13,spatial_coverage_minus_random,mae,1.099541826906698
all,500,13,spatial_coverage_minus_random,median_absolute_error,0.6208315943408991
all,500,13,spatial_coverage_minus_random,p95_absolute_error,0.725785455741196
all,500,13,spatial_coverage_minus_random,p99_absolute_error,17.29136170308675
all,500,13,historical_density_minus_random,rmse,6.571403238358556
all,500,13,historical_density_minus_random,mae,4.479493872949792
all,500,13,historical_density_minus_random,median_absolute_error,3.171874041481942
all,500,13,historical_density_minus_random,p95_absolute_error,13.100477017973489
all,500,13,historical_density_minus_random,p99_absolute_error,19.63755433331518
all,500,14,spatial_coverage_minus_random,rmse,1.0047480845277335
all,500,14,spatial_coverage_minus_random,mae,1.0705847657425274
all,500,14,spatial_coverage_minus_random,median_absolute_error,0.4081580224991228
all,500,14,spatial_coverage_minus_random,p95_absolute_error,4.188887416918803
all,500,14,spatial_coverage_minus_random,p99_absolute_error,14.968942868486863
all,500,14,historical_density_minus_random,rmse,6.807116184591585
all,500,14,historical_density_minus_random,mae,4.54411217389686
all,500,14,historical_density_minus_random,median_absolute_error,2.666131531779257
all,500,14,historical_density_minus_random,p95_absolute_error,14.625815644812967
all,500,14,historical_density_minus_random,p99_absolute_error,26.59646750580515
all,500,15,spatial_coverage_minus_random,rmse,-2.351065011127261
all,500,15,spatial_coverage_minus_random,mae,-0.18395645051021603
all,500,15,spatial_coverage_minus_random,median_absolute_error,0.5621297496513762
all,500,15,spatial_coverage_minus_random,p95_absolute_error,-4.736791129846559
all,500,15,spatial_coverage_minus_random,p99_absolute_error,-10.058725903671316
all,500,15,historical_density_minus_random,rmse,7.384406980747315
all,500,15,historical_density_minus_random,mae,5.184353097628623
all,500,15,historical_density_minus_random,median_absolute_error,3.3383071080326943
all,500,15,historical_density_minus_random,p95_absolute_error,22.15300020401878
all,500,15,historical_density_minus_random,p99_absolute_error,21.666961515906664
all,500,16,spatial_coverage_minus_random,rmse,0.16601875986810555
all,500,16,spatial_coverage_minus_random,mae,0.5603970759677317
all,500,16,spatial_coverage_minus_random,median_absolute_error,0.5042258067473995
all,500,16,spatial_coverage_minus_random,p95_absolute_error,-0.33047795936410296
all,500,16,spatial_coverage_minus_random,p99_absolute_error,4.467348025333976
all,500,16,historical_density_minus_random,rmse,6.02874719484652
all,500,16,historical_density_minus_random,mae,3.9976094767349615
all,500,16,historical_density_minus_random,median_absolute_error,2.5952958983424423
all,500,16,historical_density_minus_random,p95_absolute_error,14.521182931842617
all,500,16,historical_density_minus_random,p99_absolute_error,19.19077579245804
all,500,17,spatial_coverage_minus_random,rmse,-0.5362516052076067
all,500,17,spatial_coverage_minus_random,mae,0.10691123368227196
all,500,17,spatial_coverage_minus_random,median_absolute_error,0.32890900492890296
all,500,17,spatial_coverage_minus_random,p95_absolute_error,0.1270599291656893
all,500,17,spatial_coverage_minus_random,p99_absolute_error,-3.745048401507347
all,500,17,historical_density_minus_random,rmse,11.271665688505955
all,500,17,historical_density_minus_random,mae,6.35696436201356
all,500,17,historical_density_minus_random,median_absolute_error,2.617953799746971
all,500,17,historical_density_minus_random,p95_absolute_error,33.103346876579685
all,500,17,historical_density_minus_random,p99_absolute_error,54.11869210814632
all,500,18,spatial_coverage_minus_random,rmse,0.35838889110498684
all,500,18,spatial_coverage_minus_random,mae,0.5822081471319418
all,500,18,spatial_coverage_minus_random,median_absolute_error,0.7464826049974818
all,500,18,spatial_coverage_minus_random,p95_absolute_error,1.4839234006416717
all,500,18,spatial_coverage_minus_random,p99_absolute_error,-1.606968191692232
all,500,18,historical_density_minus_random,rmse,6.8982311240902625
all,500,18,historical_density_minus_random,mae,5.211813414135088
all,500,18,historical_density_minus_random,median_absolute_error,3.7528571221521645
all,500,18,historical_density_minus_random,p95_absolute_error,15.529858651319763
all,500,18,historical_density_minus_random,p99_absolute_error,19.44619875872526
all,500,19,spatial_coverage_minus_random,rmse,3.1864756563134833
all,500,19,spatial_coverage_minus_random,mae,1.1021620345647243
all,500,19,spatial_coverage_minus_random,median_absolute_error,0.3657430978328762
all,500,19,spatial_coverage_minus_random,p95_absolute_error,1.6911452984746305
all,500,19,spatial_coverage_minus_random,p99_absolute_error,31.05591636233187
all,500,19,historical_density_minus_random,rmse,7.649295862630531
all,500,19,historical_density_minus_random,mae,4.495228958908211
all,500,19,historical_density_minus_random,median_absolute_error,2.409905512586363
all,500,19,historical_density_minus_random,p95_absolute_error,19.177593561710417
all,500,19,historical_density_minus_random,p99_absolute_error,35.451319254757706
all,1000,0,spatial_coverage_minus_random,rmse,0.12246111333534415
all,1000,0,spatial_coverage_minus_random,mae,1.242051274030576
all,1000,0,spatial_coverage_minus_random,median_absolute_error,0.9773907152804497
all,1000,0,spatial_coverage_minus_random,p95_absolute_error,3.9502574427377652
all,1000,0,spatial_coverage_minus_random,p99_absolute_error,3.350570835506062
all,1000,0,historical_density_minus_random,rmse,9.384164695852807
all,1000,0,historical_density_minus_random,mae,5.789855313492945
all,1000,0,historical_density_minus_random,median_absolute_error,2.6470033661789785
all,1000,0,historical_density_minus_random,p95_absolute_error,29.345799748925714
all,1000,0,historical_density_minus_random,p99_absolute_error,47.61968317650597
all,1000,1,spatial_coverage_minus_random,rmse,0.5326274695352069
all,1000,1,spatial_coverage_minus_random,mae,1.317139696380126
all,1000,1,spatial_coverage_minus_random,median_absolute_error,1.079214095277706
all,1000,1,spatial_coverage_minus_random,p95_absolute_error,4.006677084619028
all,1000,1,spatial_coverage_minus_random,p99_absolute_error,1.1241375642459701
all,1000,1,historical_density_minus_random,rmse,9.533446649663134
all,1000,1,historical_density_minus_random,mae,6.02037847479674
all,1000,1,historical_density_minus_random,median_absolute_error,2.895795194970617
all,1000,1,historical_density_minus_random,p95_absolute_error,26.361230962332307
all,1000,1,historical_density_minus_random,p99_absolute_error,36.58762228095745
all,1000,2,spatial_coverage_minus_random,rmse,-0.9759577290763026
all,1000,2,spatial_coverage_minus_random,mae,0.41185776751935954
all,1000,2,spatial_coverage_minus_random,median_absolute_error,0.4110825944197245
all,1000,2,spatial_coverage_minus_random,p95_absolute_error,1.968231400538535
all,1000,2,spatial_coverage_minus_random,p99_absolute_error,-1.5113207967579854
all,1000,2,historical_density_minus_random,rmse,6.151217834229577
all,1000,2,historical_density_minus_random,mae,4.0328610669658005
all,1000,2,historical_density_minus_random,median_absolute_error,2.52465457890429
all,1000,2,historical_density_minus_random,p95_absolute_error,14.433133344648013
all,1000,2,historical_density_minus_random,p99_absolute_error,31.044345863709225
all,1000,3,spatial_coverage_minus_random,rmse,-0.5522443794817882
all,1000,3,spatial_coverage_minus_random,mae,-0.08850231751186577
all,1000,3,spatial_coverage_minus_random,median_absolute_error,0.3510929666486504
all,1000,3,spatial_coverage_minus_random,p95_absolute_error,-0.9413618141899249
all,1000,3,spatial_coverage_minus_random,p99_absolute_error,-7.27416845733886
all,1000,3,historical_density_minus_random,rmse,9.52812334327847
all,1000,3,historical_density_minus_random,mae,5.857396288616886
all,1000,3,historical_density_minus_random,median_absolute_error,2.955164128809372
all,1000,3,historical_density_minus_random,p95_absolute_error,29.65712138923267
all,1000,3,historical_density_minus_random,p99_absolute_error,38.0004335681583
all,1000,4,spatial_coverage_minus_random,rmse,11.540710823098763
all,1000,4,spatial_coverage_minus_random,mae,4.887006275633798
all,1000,4,spatial_coverage_minus_random,median_absolute_error,1.4668883434715667
all,1000,4,spatial_coverage_minus_random,p95_absolute_error,16.823461570640838
all,1000,4,spatial_coverage_minus_random,p99_absolute_error,69.96610522212507
all,1000,4,historical_density_minus_random,rmse,11.468490539003184
all,1000,4,historical_density_minus_random,mae,6.494091047047977
all,1000,4,historical_density_minus_random,median_absolute_error,2.959127964723052
all,1000,4,historical_density_minus_random,p95_absolute_error,26.635096649805668
all,1000,4,historical_density_minus_random,p99_absolute_error,72.565823963296
all,1000,5,spatial_coverage_minus_random,rmse,-0.5528446955167574
all,1000,5,spatial_coverage_minus_random,mae,-0.22453421529372442
all,1000,5,spatial_coverage_minus_random,median_absolute_error,0.19774761169620092
all,1000,5,spatial_coverage_minus_random,p95_absolute_error,-1.800351011670081
all,1000,5,spatial_coverage_minus_random,p99_absolute_error,-3.0652532642941424
all,1000,5,historical_density_minus_random,rmse,8.04286598625631
all,1000,5,historical_density_minus_random,mae,4.909037091980494
all,1000,5,historical_density_minus_random,median_absolute_error,2.8008157843156027
all,1000,5,historical_density_minus_random,p95_absolute_error,18.7877583189308
all,1000,5,historical_density_minus_random,p99_absolute_error,35.58665769909891
all,1000,6,spatial_coverage_minus_random,rmse,-1.6584355291113368
all,1000,6,spatial_coverage_minus_random,mae,-0.2765588057049122
all,1000,6,spatial_coverage_minus_random,median_absolute_error,0.2606095001537483
all,1000,6,spatial_coverage_minus_random,p95_absolute_error,-1.4403923418221183
all,1000,6,spatial_coverage_minus_random,p99_absolute_error,-11.661016119764994
all,1000,6,historical_density_minus_random,rmse,7.594955582283017
all,1000,6,historical_density_minus_random,mae,5.058048985385005
all,1000,6,historical_density_minus_random,median_absolute_error,2.461696097858919
all,1000,6,historical_density_minus_random,p95_absolute_error,22.401228044875936
all,1000,6,historical_density_minus_random,p99_absolute_error,40.263662080614
all,1000,7,spatial_coverage_minus_random,rmse,-0.4711970138245931
all,1000,7,spatial_coverage_minus_random,mae,-0.1912542165601394
all,1000,7,spatial_coverage_minus_random,median_absolute_error,-0.11755725538120032
all,1000,7,spatial_coverage_minus_random,p95_absolute_error,0.45960461453769597
all,1000,7,spatial_coverage_minus_random,p99_absolute_error,-3.5824991848868564
all,1000,7,historical_density_minus_random,rmse,7.170013029145746
all,1000,7,historical_density_minus_random,mae,5.107224590358589
all,1000,7,historical_density_minus_random,median_absolute_error,3.1617194378463864
all,1000,7,historical_density_minus_random,p95_absolute_error,17.707722475424696
all,1000,7,historical_density_minus_random,p99_absolute_error,37.83845447749309
all,1000,8,spatial_coverage_minus_random,rmse,5.938110491555111
all,1000,8,spatial_coverage_minus_random,mae,2.744347197356511
all,1000,8,spatial_coverage_minus_random,median_absolute_error,0.9185988981818412
all,1000,8,spatial_coverage_minus_random,p95_absolute_error,10.168821971044615
all,1000,8,spatial_coverage_minus_random,p99_absolute_error,26.574629294131
all,1000,8,historical_density_minus_random,rmse,8.227716026220438
all,1000,8,historical_density_minus_random,mae,4.593896986289494
all,1000,8,historical_density_minus_random,median_absolute_error,1.977748426313923
all,1000,8,historical_density_minus_random,p95_absolute_error,20.298316319957564
all,1000,8,historical_density_minus_random,p99_absolute_error,39.694749804721184
all,1000,9,spatial_coverage_minus_random,rmse,-0.3390285369546575
all,1000,9,spatial_coverage_minus_random,mae,0.7827951238751609
all,1000,9,spatial_coverage_minus_random,median_absolute_error,0.5616684984926792
all,1000,9,spatial_coverage_minus_random,p95_absolute_error,4.057478215916525
all,1000,9,spatial_coverage_minus_random,p99_absolute_error,2.2789653960441285
all,1000,9,historical_density_minus_random,rmse,6.427733697548241
all,1000,9,historical_density_minus_random,mae,4.401441407628928
all,1000,9,historical_density_minus_random,median_absolute_error,2.2716442183967445
all,1000,9,historical_density_minus_random,p95_absolute_error,16.972248636387278
all,1000,9,historical_density_minus_random,p99_absolute_error,41.82146812911883
all,1000,10,spatial_coverage_minus_random,rmse,-1.3579407944672255
all,1000,10,spatial_coverage_minus_random,mae,0.35044462960300393
all,1000,10,spatial_coverage_minus_random,median_absolute_error,0.947075687196758
all,1000,10,spatial_coverage_minus_random,p95_absolute_error,-0.009681589036055982
all,1000,10,spatial_coverage_minus_random,p99_absolute_error,-15.352225031483002
all,1000,10,historical_density_minus_random,rmse,8.168091605066838
all,1000,10,historical_density_minus_random,mae,5.555540032514349
all,1000,10,historical_density_minus_random,median_absolute_error,3.3506303853007466
all,1000,10,historical_density_minus_random,p95_absolute_error,23.923230152030044
all,1000,10,historical_density_minus_random,p99_absolute_error,33.798525648200794
all,1000,11,spatial_coverage_minus_random,rmse,-13.70549863270563
all,1000,11,spatial_coverage_minus_random,mae,-3.1933972299239013
all,1000,11,spatial_coverage_minus_random,median_absolute_error,0.21035060481870005
all,1000,11,spatial_coverage_minus_random,p95_absolute_error,-12.583479274496355
all,1000,11,spatial_coverage_minus_random,p99_absolute_error,-56.15614219645312
all,1000,11,historical_density_minus_random,rmse,-5.323958580306879
all,1000,11,historical_density_minus_random,mae,0.6528153372402841
all,1000,11,historical_density_minus_random,median_absolute_error,1.5867021040798477
all,1000,11,historical_density_minus_random,p95_absolute_error,4.425955291651853
all,1000,11,historical_density_minus_random,p99_absolute_error,-8.507970222693444
all,1000,12,spatial_coverage_minus_random,rmse,-1.7679141156054392
all,1000,12,spatial_coverage_minus_random,mae,0.007683327374477855
all,1000,12,spatial_coverage_minus_random,median_absolute_error,0.7470129817708653
all,1000,12,spatial_coverage_minus_random,p95_absolute_error,-0.9712582511638388
all,1000,12,spatial_coverage_minus_random,p99_absolute_error,-12.22676456354138
all,1000,12,historical_density_minus_random,rmse,7.895167939826777
all,1000,12,historical_density_minus_random,mae,5.095168144890875
all,1000,12,historical_density_minus_random,median_absolute_error,3.0358661293339537
all,1000,12,historical_density_minus_random,p95_absolute_error,18.549246125954248
all,1000,12,historical_density_minus_random,p99_absolute_error,45.58307862974786
all,1000,13,spatial_coverage_minus_random,rmse,4.4967377693963115
all,1000,13,spatial_coverage_minus_random,mae,2.866241598488328
all,1000,13,spatial_coverage_minus_random,median_absolute_error,1.8314126100832482
all,1000,13,spatial_coverage_minus_random,p95_absolute_error,6.361754413636646
all,1000,13,spatial_coverage_minus_random,p99_absolute_error,22.78873943281576
all,1000,13,historical_density_minus_random,rmse,7.610552371045152
all,1000,13,historical_density_minus_random,mae,5.312662582118493
all,1000,13,historical_density_minus_random,median_absolute_error,3.4265070411061913
all,1000,13,historical_density_minus_random,p95_absolute_error,18.775940631366076
all,1000,13,historical_density_minus_random,p99_absolute_error,32.895874040284795
all,1000,14,spatial_coverage_minus_random,rmse,3.151480340761079
all,1000,14,spatial_coverage_minus_random,mae,2.5512124440602975
all,1000,14,spatial_coverage_minus_random,median_absolute_error,1.1021170634909367
all,1000,14,spatial_coverage_minus_random,p95_absolute_error,9.621111544909262
all,1000,14,spatial_coverage_minus_random,p99_absolute_error,21.683286421775264
all,1000,14,historical_density_minus_random,rmse,7.388041977176453
all,1000,14,historical_density_minus_random,mae,5.080719121865901
all,1000,14,historical_density_minus_random,median_absolute_error,2.930867160390136
all,1000,14,historical_density_minus_random,p95_absolute_error,19.1853999713369
all,1000,14,historical_density_minus_random,p99_absolute_error,38.67779857161267
all,1000,15,spatial_coverage_minus_random,rmse,-0.25398704827854957
all,1000,15,spatial_coverage_minus_random,mae,0.4285628563285755
all,1000,15,spatial_coverage_minus_random,median_absolute_error,0.47569139495755053
all,1000,15,spatial_coverage_minus_random,p95_absolute_error,0.16871221518204038
all,1000,15,spatial_coverage_minus_random,p99_absolute_error,4.321754851059765
all,1000,15,historical_density_minus_random,rmse,10.049655622439314
all,1000,15,historical_density_minus_random,mae,5.646526856016697
all,1000,15,historical_density_minus_random,median_absolute_error,2.924461735753539
all,1000,15,historical_density_minus_random,p95_absolute_error,24.15712038753874
all,1000,15,historical_density_minus_random,p99_absolute_error,54.15587689563321
all,1000,16,spatial_coverage_minus_random,rmse,-0.045213910008364167
all,1000,16,spatial_coverage_minus_random,mae,0.2848886895096552
all,1000,16,spatial_coverage_minus_random,median_absolute_error,0.3451735162922489
all,1000,16,spatial_coverage_minus_random,p95_absolute_error,0.7985104082030929
all,1000,16,spatial_coverage_minus_random,p99_absolute_error,-1.2896957556915822
all,1000,16,historical_density_minus_random,rmse,8.686365880725287
all,1000,16,historical_density_minus_random,mae,4.814235603701928
all,1000,16,historical_density_minus_random,median_absolute_error,1.9869164809552444
all,1000,16,historical_density_minus_random,p95_absolute_error,25.55302620806966
all,1000,16,historical_density_minus_random,p99_absolute_error,37.61119095102711
all,1000,17,spatial_coverage_minus_random,rmse,-0.9754353630478896
all,1000,17,spatial_coverage_minus_random,mae,0.1866664675865426
all,1000,17,spatial_coverage_minus_random,median_absolute_error,0.5397281917938415
all,1000,17,spatial_coverage_minus_random,p95_absolute_error,0.7339772416287573
all,1000,17,spatial_coverage_minus_random,p99_absolute_error,-2.68560336305309
all,1000,17,historical_density_minus_random,rmse,9.484281470493944
all,1000,17,historical_density_minus_random,mae,5.48446195506796
all,1000,17,historical_density_minus_random,median_absolute_error,2.5884833514905665
all,1000,17,historical_density_minus_random,p95_absolute_error,24.05471838321708
all,1000,17,historical_density_minus_random,p99_absolute_error,54.932006352793536
all,1000,18,spatial_coverage_minus_random,rmse,2.3320710512828846
all,1000,18,spatial_coverage_minus_random,mae,1.3342529518415347
all,1000,18,spatial_coverage_minus_random,median_absolute_error,0.8712126179626694
all,1000,18,spatial_coverage_minus_random,p95_absolute_error,4.2190921539734205
all,1000,18,spatial_coverage_minus_random,p99_absolute_error,5.947724079265328
all,1000,18,historical_density_minus_random,rmse,6.555611473467611
all,1000,18,historical_density_minus_random,mae,4.068141132964124
all,1000,18,historical_density_minus_random,median_absolute_error,2.646182162821134
all,1000,18,historical_density_minus_random,p95_absolute_error,16.291049374938765
all,1000,18,historical_density_minus_random,p99_absolute_error,31.588282898899934
all,1000,19,spatial_coverage_minus_random,rmse,0.652812485858373
all,1000,19,spatial_coverage_minus_random,mae,0.8893365197052976
all,1000,19,spatial_coverage_minus_random,median_absolute_error,0.6270851644746926
all,1000,19,spatial_coverage_minus_random,p95_absolute_error,3.155954570358759
all,1000,19,spatial_coverage_minus_random,p99_absolute_error,5.6227583982080205
all,1000,19,historical_density_minus_random,rmse,7.646803047664573
all,1000,19,historical_density_minus_random,mae,5.074843456253074
all,1000,19,historical_density_minus_random,median_absolute_error,2.817478460717126
all,1000,19,historical_density_minus_random,p95_absolute_error,19.47657628611445
all,1000,19,historical_density_minus_random,p99_absolute_error,36.06038702374276
all,2500,0,spatial_coverage_minus_random,rmse,-1.817443902028426
all,2500,0,spatial_coverage_minus_random,mae,0.14770015076526022
all,2500,0,spatial_coverage_minus_random,median_absolute_error,0.6775757754547556
all,2500,0,spatial_coverage_minus_random,p95_absolute_error,-0.07260836876131549
all,2500,0,spatial_coverage_minus_random,p99_absolute_error,-15.576012640543368
all,2500,0,historical_density_minus_random,rmse,8.244978928409523
all,2500,0,historical_density_minus_random,mae,5.595071111309036
all,2500,0,historical_density_minus_random,median_absolute_error,2.879173459845191
all,2500,0,historical_density_minus_random,p95_absolute_error,28.26152190639536
all,2500,0,historical_density_minus_random,p99_absolute_error,34.57791876546909
all,2500,1,spatial_coverage_minus_random,rmse,0.974965239804547
all,2500,1,spatial_coverage_minus_random,mae,1.2026460698994104
all,2500,1,spatial_coverage_minus_random,median_absolute_error,0.6999547724498427
all,2500,1,spatial_coverage_minus_random,p95_absolute_error,2.1726599579368653
all,2500,1,spatial_coverage_minus_random,p99_absolute_error,11.320247866784143
all,2500,1,historical_density_minus_random,rmse,8.771866738047908
all,2500,1,historical_density_minus_random,mae,5.589046856929455
all,2500,1,historical_density_minus_random,median_absolute_error,2.4465860327756275
all,2500,1,historical_density_minus_random,p95_absolute_error,24.058853362670128
all,2500,1,historical_density_minus_random,p99_absolute_error,52.25857040760283
all,2500,2,spatial_coverage_minus_random,rmse,-1.147568529419484
all,2500,2,spatial_coverage_minus_random,mae,1.057665941930786
all,2500,2,spatial_coverage_minus_random,median_absolute_error,1.0755154897340446
all,2500,2,spatial_coverage_minus_random,p95_absolute_error,2.7633207512925253
all,2500,2,spatial_coverage_minus_random,p99_absolute_error,-1.578269565536715
all,2500,2,historical_density_minus_random,rmse,7.735058185317413
all,2500,2,historical_density_minus_random,mae,5.554710894936594
all,2500,2,historical_density_minus_random,median_absolute_error,2.8282099771007836
all,2500,2,historical_density_minus_random,p95_absolute_error,22.554344733918143
all,2500,2,historical_density_minus_random,p99_absolute_error,44.653317181892035
all,2500,3,spatial_coverage_minus_random,rmse,-0.7549501987058882
all,2500,3,spatial_coverage_minus_random,mae,0.14023152568973707
all,2500,3,spatial_coverage_minus_random,median_absolute_error,0.4856905506529472
all,2500,3,spatial_coverage_minus_random,p95_absolute_error,-0.8115188492668608
all,2500,3,spatial_coverage_minus_random,p99_absolute_error,-6.1784794126143225
all,2500,3,historical_density_minus_random,rmse,12.6223588310421
all,2500,3,historical_density_minus_random,mae,6.901688174128687
all,2500,3,historical_density_minus_random,median_absolute_error,2.5665795453716953
all,2500,3,historical_density_minus_random,p95_absolute_error,35.706240257373835
all,2500,3,historical_density_minus_random,p99_absolute_error,68.62817571902
all,2500,4,spatial_coverage_minus_random,rmse,2.471072122463081
all,2500,4,spatial_coverage_minus_random,mae,1.234674407575806
all,2500,4,spatial_coverage_minus_random,median_absolute_error,0.7323418328542459
all,2500,4,spatial_coverage_minus_random,p95_absolute_error,2.4963214999324492
all,2500,4,spatial_coverage_minus_random,p99_absolute_error,-4.340491398937104
all,2500,4,historical_density_minus_random,rmse,10.899985847578979
all,2500,4,historical_density_minus_random,mae,6.723007735343375
all,2500,4,historical_density_minus_random,median_absolute_error,2.6861615050409
all,2500,4,historical_density_minus_random,p95_absolute_error,33.03349395376565
all,2500,4,historical_density_minus_random,p99_absolute_error,56.49787978443938
all,2500,5,spatial_coverage_minus_random,rmse,-0.9912301712508658
all,2500,5,spatial_coverage_minus_random,mae,0.2447750637426509
all,2500,5,spatial_coverage_minus_random,median_absolute_error,0.38698091825534675
all,2500,5,spatial_coverage_minus_random,p95_absolute_error,0.5535851967313761
all,2500,5,spatial_coverage_minus_random,p99_absolute_error,-1.6234532848127259
all,2500,5,historical_density_minus_random,rmse,8.326302682488357
all,2500,5,historical_density_minus_random,mae,5.197328265987638
all,2500,5,historical_density_minus_random,median_absolute_error,2.6202849740674026
all,2500,5,historical_density_minus_random,p95_absolute_error,20.104400361326952
all,2500,5,historical_density_minus_random,p99_absolute_error,46.28412993772055
all,2500,6,spatial_coverage_minus_random,rmse,-1.3706430885134075
all,2500,6,spatial_coverage_minus_random,mae,0.5099620297499481
all,2500,6,spatial_coverage_minus_random,median_absolute_error,0.8251588657763307
all,2500,6,spatial_coverage_minus_random,p95_absolute_error,0.7404278832214146
all,2500,6,spatial_coverage_minus_random,p99_absolute_error,-6.910486199419381
all,2500,6,historical_density_minus_random,rmse,7.386686122249042
all,2500,6,historical_density_minus_random,mae,4.628864069924035
all,2500,6,historical_density_minus_random,median_absolute_error,2.1663190375685417
all,2500,6,historical_density_minus_random,p95_absolute_error,19.04823709377265
all,2500,6,historical_density_minus_random,p99_absolute_error,48.5094021769504
all,2500,7,spatial_coverage_minus_random,rmse,1.2651791771268606
all,2500,7,spatial_coverage_minus_random,mae,1.0813836230910052
all,2500,7,spatial_coverage_minus_random,median_absolute_error,0.788815807770618
all,2500,7,spatial_coverage_minus_random,p95_absolute_error,2.3475782517387316
all,2500,7,spatial_coverage_minus_random,p99_absolute_error,-0.13593099037719014
all,2500,7,historical_density_minus_random,rmse,8.638305229187935
all,2500,7,historical_density_minus_random,mae,5.572937283713232
all,2500,7,historical_density_minus_random,median_absolute_error,2.7898382651751774
all,2500,7,historical_density_minus_random,p95_absolute_error,22.019737196772574
all,2500,7,historical_density_minus_random,p99_absolute_error,51.26632879215458
all,2500,8,spatial_coverage_minus_random,rmse,-8.053673973327147
all,2500,8,spatial_coverage_minus_random,mae,-1.5462600987297126
all,2500,8,spatial_coverage_minus_random,median_absolute_error,0.33020008227865105
all,2500,8,spatial_coverage_minus_random,p95_absolute_error,-2.993530709217346
all,2500,8,spatial_coverage_minus_random,p99_absolute_error,-68.85673283814944
all,2500,8,historical_density_minus_random,rmse,-0.03630544370775368
all,2500,8,historical_density_minus_random,mae,2.7188494219851016
all,2500,8,historical_density_minus_random,median_absolute_error,1.6491896631015095
all,2500,8,historical_density_minus_random,p95_absolute_error,20.026302605867116
all,2500,8,historical_density_minus_random,p99_absolute_error,-23.48484587909897
all,2500,9,spatial_coverage_minus_random,rmse,-1.349115203212449
all,2500,9,spatial_coverage_minus_random,mae,0.6974697658014861
all,2500,9,spatial_coverage_minus_random,median_absolute_error,0.821290473029137
all,2500,9,spatial_coverage_minus_random,p95_absolute_error,1.6752160399997038
all,2500,9,spatial_coverage_minus_random,p99_absolute_error,-3.2478024257977793
all,2500,9,historical_density_minus_random,rmse,9.215036736149845
all,2500,9,historical_density_minus_random,mae,5.685341048256738
all,2500,9,historical_density_minus_random,median_absolute_error,2.1812161122938107
all,2500,9,historical_density_minus_random,p95_absolute_error,26.89918266819842
all,2500,9,historical_density_minus_random,p99_absolute_error,55.63575863210643
all,2500,10,spatial_coverage_minus_random,rmse,-3.5331403124508185
all,2500,10,spatial_coverage_minus_random,mae,-0.2400485350920416
all,2500,10,spatial_coverage_minus_random,median_absolute_error,0.5843208411968988
all,2500,10,spatial_coverage_minus_random,p95_absolute_error,-0.6435957713784077
all,2500,10,spatial_coverage_minus_random,p99_absolute_error,-20.04192177903903
all,2500,10,historical_density_minus_random,rmse,7.7901793510233475
all,2500,10,historical_density_minus_random,mae,5.312798675057634
all,2500,10,historical_density_minus_random,median_absolute_error,2.6368625410487425
all,2500,10,historical_density_minus_random,p95_absolute_error,24.16664340175096
all,2500,10,historical_density_minus_random,p99_absolute_error,33.65581423000192
all,2500,11,spatial_coverage_minus_random,rmse,-7.9173147655546785
all,2500,11,spatial_coverage_minus_random,mae,-1.1577395661568914
all,2500,11,spatial_coverage_minus_random,median_absolute_error,0.17723145382063876
all,2500,11,spatial_coverage_minus_random,p95_absolute_error,-2.037462041708217
all,2500,11,spatial_coverage_minus_random,p99_absolute_error,-27.40016854704116
all,2500,11,historical_density_minus_random,rmse,-0.23756759096520597
all,2500,11,historical_density_minus_random,mae,2.6459494543188313
all,2500,11,historical_density_minus_random,median_absolute_error,1.6372646687771066
all,2500,11,historical_density_minus_random,p95_absolute_error,17.354956640460728
all,2500,11,historical_density_minus_random,p99_absolute_error,18.857056052933928
all,2500,12,spatial_coverage_minus_random,rmse,-0.2819195173756732
all,2500,12,spatial_coverage_minus_random,mae,0.7287383257994016
all,2500,12,spatial_coverage_minus_random,median_absolute_error,0.7851564347988074
all,2500,12,spatial_coverage_minus_random,p95_absolute_error,1.3375615985304066
all,2500,12,spatial_coverage_minus_random,p99_absolute_error,1.9202066739775177
all,2500,12,historical_density_minus_random,rmse,10.877737968778948
all,2500,12,historical_density_minus_random,mae,5.605628489378766
all,2500,12,historical_density_minus_random,median_absolute_error,2.189414827387992
all,2500,12,historical_density_minus_random,p95_absolute_error,24.267310047232343
all,2500,12,historical_density_minus_random,p99_absolute_error,59.571025112283806
all,2500,13,spatial_coverage_minus_random,rmse,5.289439938161049
all,2500,13,spatial_coverage_minus_random,mae,2.0172948481080866
all,2500,13,spatial_coverage_minus_random,median_absolute_error,1.09030369851493
all,2500,13,spatial_coverage_minus_random,p95_absolute_error,3.1363315136599503
all,2500,13,spatial_coverage_minus_random,p99_absolute_error,12.964550616102827
all,2500,13,historical_density_minus_random,rmse,9.045365775946063
all,2500,13,historical_density_minus_random,mae,6.150453061258238
all,2500,13,historical_density_minus_random,median_absolute_error,2.8970198645395726
all,2500,13,historical_density_minus_random,p95_absolute_error,26.10122227756705
all,2500,13,historical_density_minus_random,p99_absolute_error,57.60093620591236
all,2500,14,spatial_coverage_minus_random,rmse,1.229061486090096
all,2500,14,spatial_coverage_minus_random,mae,1.6489734737645438
all,2500,14,spatial_coverage_minus_random,median_absolute_error,0.9517182676068217
all,2500,14,spatial_coverage_minus_random,p95_absolute_error,5.157292099993729
all,2500,14,spatial_coverage_minus_random,p99_absolute_error,11.080210427165397
all,2500,14,historical_density_minus_random,rmse,7.648476966094282
all,2500,14,historical_density_minus_random,mae,5.487471696644089
all,2500,14,historical_density_minus_random,median_absolute_error,2.89299833112392
all,2500,14,historical_density_minus_random,p95_absolute_error,20.478332012056388
all,2500,14,historical_density_minus_random,p99_absolute_error,47.895219666257915
all,2500,15,spatial_coverage_minus_random,rmse,-1.8059443160782855
all,2500,15,spatial_coverage_minus_random,mae,0.24521274942019922
all,2500,15,spatial_coverage_minus_random,median_absolute_error,0.5242096079727503
all,2500,15,spatial_coverage_minus_random,p95_absolute_error,-0.2948534266096914
all,2500,15,spatial_coverage_minus_random,p99_absolute_error,-2.5710622332478863
all,2500,15,historical_density_minus_random,rmse,8.633053168147491
all,2500,15,historical_density_minus_random,mae,4.904855618149375
all,2500,15,historical_density_minus_random,median_absolute_error,1.9688153087770388
all,2500,15,historical_density_minus_random,p95_absolute_error,20.803401054942597
all,2500,15,historical_density_minus_random,p99_absolute_error,54.88479770039453
all,2500,16,spatial_coverage_minus_random,rmse,-8.999602762347852
all,2500,16,spatial_coverage_minus_random,mae,-2.5763890249835484
all,2500,16,spatial_coverage_minus_random,median_absolute_error,-0.02959304730512713
all,2500,16,spatial_coverage_minus_random,p95_absolute_error,-7.527801041833754
all,2500,16,spatial_coverage_minus_random,p99_absolute_error,-62.3096517225914
all,2500,16,historical_density_minus_random,rmse,0.40901329816860965
all,2500,16,historical_density_minus_random,mae,2.1985689194675064
all,2500,16,historical_density_minus_random,median_absolute_error,1.4609393431318836
all,2500,16,historical_density_minus_random,p95_absolute_error,16.75527876409621
all,2500,16,historical_density_minus_random,p99_absolute_error,-3.634644060564355
all,2500,17,spatial_coverage_minus_random,rmse,-1.2775860562579133
all,2500,17,spatial_coverage_minus_random,mae,0.3145389195914152
all,2500,17,spatial_coverage_minus_random,median_absolute_error,0.777842128983167
all,2500,17,spatial_coverage_minus_random,p95_absolute_error,-0.44413779535859277
all,2500,17,spatial_coverage_minus_random,p99_absolute_error,-11.165250565272487
all,2500,17,historical_density_minus_random,rmse,8.26264411811501
all,2500,17,historical_density_minus_random,mae,4.984859976878528
all,2500,17,historical_density_minus_random,median_absolute_error,2.1693629757506585
all,2500,17,historical_density_minus_random,p95_absolute_error,24.335163943132926
all,2500,17,historical_density_minus_random,p99_absolute_error,46.15532871608228
all,2500,18,spatial_coverage_minus_random,rmse,0.45354592755089485
all,2500,18,spatial_coverage_minus_random,mae,0.5869901674135498
all,2500,18,spatial_coverage_minus_random,median_absolute_error,0.4586618699126461
all,2500,18,spatial_coverage_minus_random,p95_absolute_error,0.7553671211257296
all,2500,18,spatial_coverage_minus_random,p99_absolute_error,2.0822192073907075
all,2500,18,historical_density_minus_random,rmse,10.585090348069649
all,2500,18,historical_density_minus_random,mae,5.667756243899126
all,2500,18,historical_density_minus_random,median_absolute_error,2.233537208900401
all,2500,18,historical_density_minus_random,p95_absolute_error,28.05292286027047
all,2500,18,historical_density_minus_random,p99_absolute_error,48.383483298732926
all,2500,19,spatial_coverage_minus_random,rmse,0.24709355631661722
all,2500,19,spatial_coverage_minus_random,mae,0.5256714876542379
all,2500,19,spatial_coverage_minus_random,median_absolute_error,0.46992052092605263
all,2500,19,spatial_coverage_minus_random,p95_absolute_error,0.013109205141617508
all,2500,19,spatial_coverage_minus_random,p99_absolute_error,1.230466056235585
all,2500,19,historical_density_minus_random,rmse,9.917880783711286
all,2500,19,historical_density_minus_random,mae,6.055213550205416
all,2500,19,historical_density_minus_random,median_absolute_error,2.4331877895504306
all,2500,19,historical_density_minus_random,p95_absolute_error,31.11764995238729
all,2500,19,historical_density_minus_random,p99_absolute_error,60.08594308502282
all,5000,0,spatial_coverage_minus_random,rmse,-1.9775752200971795
all,5000,0,spatial_coverage_minus_random,mae,0.04380906989331024
all,5000,0,spatial_coverage_minus_random,median_absolute_error,0.3513986969304028
all,5000,0,spatial_coverage_minus_random,p95_absolute_error,0.8289327131821445
all,5000,0,spatial_coverage_minus_random,p99_absolute_error,-9.288539996302092
all,5000,0,historical_density_minus_random,rmse,8.561042112769425
all,5000,0,historical_density_minus_random,mae,4.585663337455793
all,5000,0,historical_density_minus_random,median_absolute_error,1.7826086826528638
all,5000,0,historical_density_minus_random,p95_absolute_error,22.624004403945495
all,5000,0,historical_density_minus_random,p99_absolute_error,42.05934151074911
all,5000,1,spatial_coverage_minus_random,rmse,0.2181392549103336
all,5000,1,spatial_coverage_minus_random,mae,1.085399098329889
all,5000,1,spatial_coverage_minus_random,median_absolute_error,0.6562147413714285
all,5000,1,spatial_coverage_minus_random,p95_absolute_error,2.501300778361429
all,5000,1,spatial_coverage_minus_random,p99_absolute_error,5.50510591044678
all,5000,1,historical_density_minus_random,rmse,10.270077058277714
all,5000,1,historical_density_minus_random,mae,5.872158809088388
all,5000,1,historical_density_minus_random,median_absolute_error,1.9352908833133426
all,5000,1,historical_density_minus_random,p95_absolute_error,28.691147757314322
all,5000,1,historical_density_minus_random,p99_absolute_error,64.03536818526328
all,5000,2,spatial_coverage_minus_random,rmse,-6.5445607977512275
all,5000,2,spatial_coverage_minus_random,mae,-0.723755804497829
all,5000,2,spatial_coverage_minus_random,median_absolute_error,0.5596377300142592
all,5000,2,spatial_coverage_minus_random,p95_absolute_error,-0.2401711515131879
all,5000,2,spatial_coverage_minus_random,p99_absolute_error,-28.61837378781717
all,5000,2,historical_density_minus_random,rmse,3.8476122984283734
all,5000,2,historical_density_minus_random,mae,3.8589737234125003
all,5000,2,historical_density_minus_random,median_absolute_error,1.8240404576170022
all,5000,2,historical_density_minus_random,p95_absolute_error,21.701356697718506
all,5000,2,historical_density_minus_random,p99_absolute_error,26.98801074773472
all,5000,3,spatial_coverage_minus_random,rmse,-0.7382340772324874
all,5000,3,spatial_coverage_minus_random,mae,0.1427475213310352
all,5000,3,spatial_coverage_minus_random,median_absolute_error,0.4479234713950291
all,5000,3,spatial_coverage_minus_random,p95_absolute_error,-0.4689446977419074
all,5000,3,spatial_coverage_minus_random,p99_absolute_error,-9.734369829049335
all,5000,3,historical_density_minus_random,rmse,11.288154350051393
all,5000,3,historical_density_minus_random,mae,5.780972148406834
all,5000,3,historical_density_minus_random,median_absolute_error,1.8696910368422266
all,5000,3,historical_density_minus_random,p95_absolute_error,28.96841305735115
all,5000,3,historical_density_minus_random,p99_absolute_error,59.7922132192635
all,5000,4,spatial_coverage_minus_random,rmse,-0.2759437940954861
all,5000,4,spatial_coverage_minus_random,mae,0.6109855518036973
all,5000,4,spatial_coverage_minus_random,median_absolute_error,0.5103028812764592
all,5000,4,spatial_coverage_minus_random,p95_absolute_error,1.1130437596274128
all,5000,4,spatial_coverage_minus_random,p99_absolute_error,-2.191376177057073
all,5000,4,historical_density_minus_random,rmse,8.892053962837643
all,5000,4,historical_density_minus_random,mae,5.062702407690029
all,5000,4,historical_density_minus_random,median_absolute_error,2.019349217574785
all,5000,4,historical_density_minus_random,p95_absolute_error,23.996174089575234
all,5000,4,historical_density_minus_random,p99_absolute_error,44.51201907167048
all,5000,5,spatial_coverage_minus_random,rmse,0.45515979553113795
all,5000,5,spatial_coverage_minus_random,mae,1.2053714988668336
all,5000,5,spatial_coverage_minus_random,median_absolute_error,0.8575044337106021
all,5000,5,spatial_coverage_minus_random,p95_absolute_error,2.9950319803034304
all,5000,5,spatial_coverage_minus_random,p99_absolute_error,3.6226112961106054
all,5000,5,historical_density_minus_random,rmse,9.245892152217511
all,5000,5,historical_density_minus_random,mae,5.301620657849359
all,5000,5,historical_density_minus_random,median_absolute_error,2.04268850001219
all,5000,5,historical_density_minus_random,p95_absolute_error,23.848989062636637
all,5000,5,historical_density_minus_random,p99_absolute_error,52.1212057881628
all,5000,6,spatial_coverage_minus_random,rmse,-0.9481302694219842
all,5000,6,spatial_coverage_minus_random,mae,1.2283987303859139
all,5000,6,spatial_coverage_minus_random,median_absolute_error,0.9757835407958737
all,5000,6,spatial_coverage_minus_random,p95_absolute_error,2.772300227529673
all,5000,6,spatial_coverage_minus_random,p99_absolute_error,6.281970330428109
all,5000,6,historical_density_minus_random,rmse,10.027639195644479
all,5000,6,historical_density_minus_random,mae,6.084295947421811
all,5000,6,historical_density_minus_random,median_absolute_error,2.2965199740315256
all,5000,6,historical_density_minus_random,p95_absolute_error,28.00385421209454
all,5000,6,historical_density_minus_random,p99_absolute_error,57.040903748041956
all,5000,7,spatial_coverage_minus_random,rmse,-0.6306507174663807
all,5000,7,spatial_coverage_minus_random,mae,0.6781483909675003
all,5000,7,spatial_coverage_minus_random,median_absolute_error,0.6445627050752023
all,5000,7,spatial_coverage_minus_random,p95_absolute_error,1.1297717361816808
all,5000,7,spatial_coverage_minus_random,p99_absolute_error,-1.5754099292676855
all,5000,7,historical_density_minus_random,rmse,9.118001919274068
all,5000,7,historical_density_minus_random,mae,5.548355576047598
all,5000,7,historical_density_minus_random,median_absolute_error,2.1897594918179664
all,5000,7,historical_density_minus_random,p95_absolute_error,25.890480182240598
all,5000,7,historical_density_minus_random,p99_absolute_error,47.57414303232642
all,5000,8,spatial_coverage_minus_random,rmse,-4.457171012833694
all,5000,8,spatial_coverage_minus_random,mae,-0.11939373551786403
all,5000,8,spatial_coverage_minus_random,median_absolute_error,0.41659457774863995
all,5000,8,spatial_coverage_minus_random,p95_absolute_error,0.5733656356867414
all,5000,8,spatial_coverage_minus_random,p99_absolute_error,-3.615463076955777
all,5000,8,historical_density_minus_random,rmse,6.291275712397457
all,5000,8,historical_density_minus_random,mae,4.9813732345959405
all,5000,8,historical_density_minus_random,median_absolute_error,1.8321401190451354
all,5000,8,historical_density_minus_random,p95_absolute_error,30.53957290618289
all,5000,8,historical_density_minus_random,p99_absolute_error,55.87110790236993
all,5000,9,spatial_coverage_minus_random,rmse,-1.1207287721433374
all,5000,9,spatial_coverage_minus_random,mae,0.7961386869068026
all,5000,9,spatial_coverage_minus_random,median_absolute_error,0.8240497976577785
all,5000,9,spatial_coverage_minus_random,p95_absolute_error,1.8722072381077766
all,5000,9,spatial_coverage_minus_random,p99_absolute_error,-0.8514471637807475
all,5000,9,historical_density_minus_random,rmse,10.774534194410617
all,5000,9,historical_density_minus_random,mae,5.939674665931582
all,5000,9,historical_density_minus_random,median_absolute_error,2.035829376349909
all,5000,9,historical_density_minus_random,p95_absolute_error,29.402617651733475
all,5000,9,historical_density_minus_random,p99_absolute_error,64.9767852850932
all,5000,10,spatial_coverage_minus_random,rmse,-0.49995295019816055
all,5000,10,spatial_coverage_minus_random,mae,0.7352742777565577
all,5000,10,spatial_coverage_minus_random,median_absolute_error,0.7180292714750749
all,5000,10,spatial_coverage_minus_random,p95_absolute_error,3.278429750173885
all,5000,10,spatial_coverage_minus_random,p99_absolute_error,-12.020884830478899
all,5000,10,historical_density_minus_random,rmse,10.763923191606658
all,5000,10,historical_density_minus_random,mae,5.863189437215041
all,5000,10,historical_density_minus_random,median_absolute_error,2.045988791388538
all,5000,10,historical_density_minus_random,p95_absolute_error,30.173916339760005
all,5000,10,historical_density_minus_random,p99_absolute_error,55.053172223480104
all,5000,11,spatial_coverage_minus_random,rmse,-2.6683978709072917
all,5000,11,spatial_coverage_minus_random,mae,-0.522194401852218
all,5000,11,spatial_coverage_minus_random,median_absolute_error,0.19209747253262321
all,5000,11,spatial_coverage_minus_random,p95_absolute_error,-2.6623650476076826
all,5000,11,spatial_coverage_minus_random,p99_absolute_error,-15.565689503630765
all,5000,11,historical_density_minus_random,rmse,5.197540065048628
all,5000,11,historical_density_minus_random,mae,3.527771718091655
all,5000,11,historical_density_minus_random,median_absolute_error,1.2734708299817044
all,5000,11,historical_density_minus_random,p95_absolute_error,20.571828296282185
all,5000,11,historical_density_minus_random,p99_absolute_error,31.68466693345762
all,5000,12,spatial_coverage_minus_random,rmse,-0.5596314849038748
all,5000,12,spatial_coverage_minus_random,mae,0.6429385030016892
all,5000,12,spatial_coverage_minus_random,median_absolute_error,0.7333265754301124
all,5000,12,spatial_coverage_minus_random,p95_absolute_error,1.7138019574077497
all,5000,12,spatial_coverage_minus_random,p99_absolute_error,-1.070086218409081
all,5000,12,historical_density_minus_random,rmse,10.615310593946774
all,5000,12,historical_density_minus_random,mae,5.31223048740201
all,5000,12,historical_density_minus_random,median_absolute_error,1.7003524279606665
all,5000,12,historical_density_minus_random,p95_absolute_error,24.299855969851794
all,5000,12,historical_density_minus_random,p99_absolute_error,69.55137877790673
all,5000,13,spatial_coverage_minus_random,rmse,1.139522741072156
all,5000,13,spatial_coverage_minus_random,mae,0.8713853078835267
all,5000,13,spatial_coverage_minus_random,median_absolute_error,0.44869298139394687
all,5000,13,spatial_coverage_minus_random,p95_absolute_error,1.257041772044559
all,5000,13,spatial_coverage_minus_random,p99_absolute_error,4.481624941304133
all,5000,13,historical_density_minus_random,rmse,9.815434617561326
all,5000,13,historical_density_minus_random,mae,5.5584962181452084
all,5000,13,historical_density_minus_random,median_absolute_error,1.8702598604893126
all,5000,13,historical_density_minus_random,p95_absolute_error,29.630381940923613
all,5000,13,historical_density_minus_random,p99_absolute_error,51.332585419959656
all,5000,14,spatial_coverage_minus_random,rmse,-1.138662297547146
all,5000,14,spatial_coverage_minus_random,mae,1.0846485182643235
all,5000,14,spatial_coverage_minus_random,median_absolute_error,0.7639543866391421
all,5000,14,spatial_coverage_minus_random,p95_absolute_error,2.8364241376933883
all,5000,14,spatial_coverage_minus_random,p99_absolute_error,4.840359231066259
all,5000,14,historical_density_minus_random,rmse,9.560421175975087
all,5000,14,historical_density_minus_random,mae,6.031923738312683
all,5000,14,historical_density_minus_random,median_absolute_error,2.2383770174244546
all,5000,14,historical_density_minus_random,p95_absolute_error,30.400029484046062
all,5000,14,historical_density_minus_random,p99_absolute_error,57.96276700736832
all,5000,15,spatial_coverage_minus_random,rmse,-3.314522049034103
all,5000,15,spatial_coverage_minus_random,mae,-0.5262391117374658
all,5000,15,spatial_coverage_minus_random,median_absolute_error,0.3448478489247577
all,5000,15,spatial_coverage_minus_random,p95_absolute_error,-1.7135858573391616
all,5000,15,spatial_coverage_minus_random,p99_absolute_error,-17.182282365595157
all,5000,15,historical_density_minus_random,rmse,8.499238037558527
all,5000,15,historical_density_minus_random,mae,4.781432636120853
all,5000,15,historical_density_minus_random,median_absolute_error,1.5379340429888089
all,5000,15,historical_density_minus_random,p95_absolute_error,26.91642255878758
all,5000,15,historical_density_minus_random,p99_absolute_error,45.77651692911283
all,5000,16,spatial_coverage_minus_random,rmse,-5.139500877487482
all,5000,16,spatial_coverage_minus_random,mae,-0.5515559119946438
all,5000,16,spatial_coverage_minus_random,median_absolute_error,0.5057293079037493
all,5000,16,spatial_coverage_minus_random,p95_absolute_error,-0.2992540654082312
all,5000,16,spatial_coverage_minus_random,p99_absolute_error,-18.445771453363427
all,5000,16,historical_density_minus_random,rmse,6.078053062063017
all,5000,16,historical_density_minus_random,mae,4.327308433335217
all,5000,16,historical_density_minus_random,median_absolute_error,1.3447207378646056
all,5000,16,historical_density_minus_random,p95_absolute_error,29.172900003223994
all,5000,16,historical_density_minus_random,p99_absolute_error,41.006998232459594
all,5000,17,spatial_coverage_minus_random,rmse,-0.850303408973577
all,5000,17,spatial_coverage_minus_random,mae,0.4281833215215869
all,5000,17,spatial_coverage_minus_random,median_absolute_error,0.7050356848731099
all,5000,17,spatial_coverage_minus_random,p95_absolute_error,0.5110518714375125
all,5000,17,spatial_coverage_minus_random,p99_absolute_error,-5.864822958331885
all,5000,17,historical_density_minus_random,rmse,10.178198212640421
all,5000,17,historical_density_minus_random,mae,5.47015077683999
all,5000,17,historical_density_minus_random,median_absolute_error,1.939769965576346
all,5000,17,historical_density_minus_random,p95_absolute_error,25.82336951863894
all,5000,17,historical_density_minus_random,p99_absolute_error,52.97599980338953
all,5000,18,spatial_coverage_minus_random,rmse,-0.4506881114478034
all,5000,18,spatial_coverage_minus_random,mae,0.8592210242093365
all,5000,18,spatial_coverage_minus_random,median_absolute_error,0.9858356324175475
all,5000,18,spatial_coverage_minus_random,p95_absolute_error,2.1090921306273245
all,5000,18,spatial_coverage_minus_random,p99_absolute_error,-7.212424892527622
all,5000,18,historical_density_minus_random,rmse,9.424424145740407
all,5000,18,historical_density_minus_random,mae,5.144124354010103
all,5000,18,historical_density_minus_random,median_absolute_error,2.068654040859599
all,5000,18,historical_density_minus_random,p95_absolute_error,21.763979664831826
all,5000,18,historical_density_minus_random,p99_absolute_error,51.105100978924156
all,5000,19,spatial_coverage_minus_random,rmse,-0.177794980895154
all,5000,19,spatial_coverage_minus_random,mae,0.7132121397817173
all,5000,19,spatial_coverage_minus_random,median_absolute_error,0.7225883195499989
all,5000,19,spatial_coverage_minus_random,p95_absolute_error,1.2835711361541904
all,5000,19,spatial_coverage_minus_random,p99_absolute_error,-5.520941899592387
all,5000,19,historical_density_minus_random,rmse,10.751354564377902
all,5000,19,historical_density_minus_random,mae,5.819624702299697
all,5000,19,historical_density_minus_random,median_absolute_error,1.990459254325259
all,5000,19,historical_density_minus_random,p95_absolute_error,26.89386912151679
all,5000,19,historical_density_minus_random,p99_absolute_error,59.631250304186764
spco2_le_threshold,500,0,spatial_coverage_minus_random,rmse,0.030362942225586664
spco2_le_threshold,500,0,spatial_coverage_minus_random,mae,-0.048093393274154295
spco2_le_threshold,500,0,spatial_coverage_minus_random,median_absolute_error,-0.09385679693122029
spco2_le_threshold,500,0,spatial_coverage_minus_random,p95_absolute_error,-0.5959048931078712
spco2_le_threshold,500,0,spatial_coverage_minus_random,p99_absolute_error,-3.8666079792613033
spco2_le_threshold,500,0,historical_density_minus_random,rmse,8.695457881786847
spco2_le_threshold,500,0,historical_density_minus_random,mae,4.977770244239899
spco2_le_threshold,500,0,historical_density_minus_random,median_absolute_error,2.842329124732288
spco2_le_threshold,500,0,historical_density_minus_random,p95_absolute_error,19.8464496951773
spco2_le_threshold,500,0,historical_density_minus_random,p99_absolute_error,34.365359784068204
spco2_le_threshold,500,1,spatial_coverage_minus_random,rmse,2.473115683416985
spco2_le_threshold,500,1,spatial_coverage_minus_random,mae,2.286886121324951
spco2_le_threshold,500,1,spatial_coverage_minus_random,median_absolute_error,2.142733478357002
spco2_le_threshold,500,1,spatial_coverage_minus_random,p95_absolute_error,5.463584850989207
spco2_le_threshold,500,1,spatial_coverage_minus_random,p99_absolute_error,7.6571646637645046
spco2_le_threshold,500,1,historical_density_minus_random,rmse,14.534513652557983
spco2_le_threshold,500,1,historical_density_minus_random,mae,7.56254061425761
spco2_le_threshold,500,1,historical_density_minus_random,median_absolute_error,3.566728653893648
spco2_le_threshold,500,1,historical_density_minus_random,p95_absolute_error,40.178037025882226
spco2_le_threshold,500,1,historical_density_minus_random,p99_absolute_error,69.2050882487405
spco2_le_threshold,500,2,spatial_coverage_minus_random,rmse,-0.09129620738517019
spco2_le_threshold,500,2,spatial_coverage_minus_random,mae,0.18441625842583775
spco2_le_threshold,500,2,spatial_coverage_minus_random,median_absolute_error,0.39220224374653867
spco2_le_threshold,500,2,spatial_coverage_minus_random,p95_absolute_error,0.47426252585103157
spco2_le_threshold,500,2,spatial_coverage_minus_random,p99_absolute_error,-3.009460649803586
spco2_le_threshold,500,2,historical_density_minus_random,rmse,9.855380249329269
spco2_le_threshold,500,2,historical_density_minus_random,mae,5.651525785888534
spco2_le_threshold,500,2,historical_density_minus_random,median_absolute_error,3.027940988388167
spco2_le_threshold,500,2,historical_density_minus_random,p95_absolute_error,20.575437210343644
spco2_le_threshold,500,2,historical_density_minus_random,p99_absolute_error,44.744671064229806
spco2_le_threshold,500,3,spatial_coverage_minus_random,rmse,-1.192209761591151
spco2_le_threshold,500,3,spatial_coverage_minus_random,mae,0.12296882546207755
spco2_le_threshold,500,3,spatial_coverage_minus_random,median_absolute_error,0.7484817150652532
spco2_le_threshold,500,3,spatial_coverage_minus_random,p95_absolute_error,-2.4788721663882782
spco2_le_threshold,500,3,spatial_coverage_minus_random,p99_absolute_error,-18.14927557183303
spco2_le_threshold,500,3,historical_density_minus_random,rmse,10.838152465044484
spco2_le_threshold,500,3,historical_density_minus_random,mae,5.541574317984853
spco2_le_threshold,500,3,historical_density_minus_random,median_absolute_error,2.771828866188571
spco2_le_threshold,500,3,historical_density_minus_random,p95_absolute_error,25.282908900228172
spco2_le_threshold,500,3,historical_density_minus_random,p99_absolute_error,46.222926965129176
spco2_le_threshold,500,4,spatial_coverage_minus_random,rmse,0.6710159793782431
spco2_le_threshold,500,4,spatial_coverage_minus_random,mae,0.8154085451547459
spco2_le_threshold,500,4,spatial_coverage_minus_random,median_absolute_error,0.7738935145142989
spco2_le_threshold,500,4,spatial_coverage_minus_random,p95_absolute_error,2.2308673318274543
spco2_le_threshold,500,4,spatial_coverage_minus_random,p99_absolute_error,-1.9819444563502913
spco2_le_threshold,500,4,historical_density_minus_random,rmse,11.567532429579927
spco2_le_threshold,500,4,historical_density_minus_random,mae,6.239624365350441
spco2_le_threshold,500,4,historical_density_minus_random,median_absolute_error,2.94390264512694
spco2_le_threshold,500,4,historical_density_minus_random,p95_absolute_error,29.70453803620903
spco2_le_threshold,500,4,historical_density_minus_random,p99_absolute_error,49.487329591972454
spco2_le_threshold,500,5,spatial_coverage_minus_random,rmse,-0.47888585214272794
spco2_le_threshold,500,5,spatial_coverage_minus_random,mae,0.6234987923569371
spco2_le_threshold,500,5,spatial_coverage_minus_random,median_absolute_error,0.9023251198599667
spco2_le_threshold,500,5,spatial_coverage_minus_random,p95_absolute_error,1.8211652448858118
spco2_le_threshold,500,5,spatial_coverage_minus_random,p99_absolute_error,0.49726302587734494
spco2_le_threshold,500,5,historical_density_minus_random,rmse,7.519221402746258
spco2_le_threshold,500,5,historical_density_minus_random,mae,4.521260300058099
spco2_le_threshold,500,5,historical_density_minus_random,median_absolute_error,2.7998839529356303
spco2_le_threshold,500,5,historical_density_minus_random,p95_absolute_error,17.182286060781706
spco2_le_threshold,500,5,historical_density_minus_random,p99_absolute_error,31.797468592683046
spco2_le_threshold,500,6,spatial_coverage_minus_random,rmse,-0.034305376964937295
spco2_le_threshold,500,6,spatial_coverage_minus_random,mae,0.7560946873215304
spco2_le_threshold,500,6,spatial_coverage_minus_random,median_absolute_error,1.1664952028118876
spco2_le_threshold,500,6,spatial_coverage_minus_random,p95_absolute_error,-0.17580464270282903
spco2_le_threshold,500,6,spatial_coverage_minus_random,p99_absolute_error,-6.619264123236562
spco2_le_threshold,500,6,historical_density_minus_random,rmse,8.968364626592972
spco2_le_threshold,500,6,historical_density_minus_random,mae,5.163042674146476
spco2_le_threshold,500,6,historical_density_minus_random,median_absolute_error,2.7737899777366977
spco2_le_threshold,500,6,historical_density_minus_random,p95_absolute_error,21.480275142078717
spco2_le_threshold,500,6,historical_density_minus_random,p99_absolute_error,38.231936316031934
spco2_le_threshold,500,7,spatial_coverage_minus_random,rmse,0.15128327214466708
spco2_le_threshold,500,7,spatial_coverage_minus_random,mae,0.3023486435354812
spco2_le_threshold,500,7,spatial_coverage_minus_random,median_absolute_error,0.28715347675597513
spco2_le_threshold,500,7,spatial_coverage_minus_random,p95_absolute_error,1.5688616652126939
spco2_le_threshold,500,7,spatial_coverage_minus_random,p99_absolute_error,3.6372575523620725
spco2_le_threshold,500,7,historical_density_minus_random,rmse,6.975152182105141
spco2_le_threshold,500,7,historical_density_minus_random,mae,4.834885878469162
spco2_le_threshold,500,7,historical_density_minus_random,median_absolute_error,3.3541165108153734
spco2_le_threshold,500,7,historical_density_minus_random,p95_absolute_error,16.67203004622698
spco2_le_threshold,500,7,historical_density_minus_random,p99_absolute_error,25.782688107279867
spco2_le_threshold,500,8,spatial_coverage_minus_random,rmse,24.99172991640277
spco2_le_threshold,500,8,spatial_coverage_minus_random,mae,10.29279695675168
spco2_le_threshold,500,8,spatial_coverage_minus_random,median_absolute_error,4.159473980700483
spco2_le_threshold,500,8,spatial_coverage_minus_random,p95_absolute_error,43.58558845789868
spco2_le_threshold,500,8,spatial_coverage_minus_random,p99_absolute_error,98.830100104122
spco2_le_threshold,500,8,historical_density_minus_random,rmse,7.821262597946028
spco2_le_threshold,500,8,historical_density_minus_random,mae,4.177590852486002
spco2_le_threshold,500,8,historical_density_minus_random,median_absolute_error,2.179655094760278
spco2_le_threshold,500,8,historical_density_minus_random,p95_absolute_error,17.01985461147909
spco2_le_threshold,500,8,historical_density_minus_random,p99_absolute_error,28.48669110445988
spco2_le_threshold,500,9,spatial_coverage_minus_random,rmse,0.055690658035388196
spco2_le_threshold,500,9,spatial_coverage_minus_random,mae,0.23150971524552588
spco2_le_threshold,500,9,spatial_coverage_minus_random,median_absolute_error,-0.16889308487233734
spco2_le_threshold,500,9,spatial_coverage_minus_random,p95_absolute_error,1.955145919700513
spco2_le_threshold,500,9,spatial_coverage_minus_random,p99_absolute_error,4.9046562694618245
spco2_le_threshold,500,9,historical_density_minus_random,rmse,9.255287272972364
spco2_le_threshold,500,9,historical_density_minus_random,mae,6.179395566743462
spco2_le_threshold,500,9,historical_density_minus_random,median_absolute_error,3.636116028525464
spco2_le_threshold,500,9,historical_density_minus_random,p95_absolute_error,22.560862294778005
spco2_le_threshold,500,9,historical_density_minus_random,p99_absolute_error,26.55444445990895
spco2_le_threshold,500,10,spatial_coverage_minus_random,rmse,0.5964210887272507
spco2_le_threshold,500,10,spatial_coverage_minus_random,mae,1.549004016316875
spco2_le_threshold,500,10,spatial_coverage_minus_random,median_absolute_error,1.7586632753312017
spco2_le_threshold,500,10,spatial_coverage_minus_random,p95_absolute_error,4.057854155249018
spco2_le_threshold,500,10,spatial_coverage_minus_random,p99_absolute_error,-13.829694780005255
spco2_le_threshold,500,10,historical_density_minus_random,rmse,5.505846255388374
spco2_le_threshold,500,10,historical_density_minus_random,mae,4.357775249818147
spco2_le_threshold,500,10,historical_density_minus_random,median_absolute_error,3.5838736066675096
spco2_le_threshold,500,10,historical_density_minus_random,p95_absolute_error,14.660694362228448
spco2_le_threshold,500,10,historical_density_minus_random,p99_absolute_error,5.801265434872263
spco2_le_threshold,500,11,spatial_coverage_minus_random,rmse,-1.9970568254244405
spco2_le_threshold,500,11,spatial_coverage_minus_random,mae,-0.38875643485077305
spco2_le_threshold,500,11,spatial_coverage_minus_random,median_absolute_error,0.43361624352755257
spco2_le_threshold,500,11,spatial_coverage_minus_random,p95_absolute_error,-2.755534736933164
spco2_le_threshold,500,11,spatial_coverage_minus_random,p99_absolute_error,-15.18123322855871
spco2_le_threshold,500,11,historical_density_minus_random,rmse,7.297890144573504
spco2_le_threshold,500,11,historical_density_minus_random,mae,3.808421158566734
spco2_le_threshold,500,11,historical_density_minus_random,median_absolute_error,1.9800624392165957
spco2_le_threshold,500,11,historical_density_minus_random,p95_absolute_error,17.78539839814367
spco2_le_threshold,500,11,historical_density_minus_random,p99_absolute_error,32.745883822759154
spco2_le_threshold,500,12,spatial_coverage_minus_random,rmse,-1.3300828079706406
spco2_le_threshold,500,12,spatial_coverage_minus_random,mae,0.7967014506051129
spco2_le_threshold,500,12,spatial_coverage_minus_random,median_absolute_error,1.4900658309787502
spco2_le_threshold,500,12,spatial_coverage_minus_random,p95_absolute_error,-0.8700894925224958
spco2_le_threshold,500,12,spatial_coverage_minus_random,p99_absolute_error,-9.92775454804341
spco2_le_threshold,500,12,historical_density_minus_random,rmse,9.909751958493683
spco2_le_threshold,500,12,historical_density_minus_random,mae,6.325611502007746
spco2_le_threshold,500,12,historical_density_minus_random,median_absolute_error,3.574488884118267
spco2_le_threshold,500,12,historical_density_minus_random,p95_absolute_error,25.440339552479863
spco2_le_threshold,500,12,historical_density_minus_random,p99_absolute_error,41.906862574875476
spco2_le_threshold,500,13,spatial_coverage_minus_random,rmse,2.5219350310400976
spco2_le_threshold,500,13,spatial_coverage_minus_random,mae,1.1118569903203799
spco2_le_threshold,500,13,spatial_coverage_minus_random,median_absolute_error,0.621533021917088
spco2_le_threshold,500,13,spatial_coverage_minus_random,p95_absolute_error,0.7338443603108118
spco2_le_threshold,500,13,spatial_coverage_minus_random,p99_absolute_error,16.69871282427995
spco2_le_threshold,500,13,historical_density_minus_random,rmse,6.8786160661608875
spco2_le_threshold,500,13,historical_density_minus_random,mae,4.461502726862101
spco2_le_threshold,500,13,historical_density_minus_random,median_absolute_error,3.171769487366049
spco2_le_threshold,500,13,historical_density_minus_random,p95_absolute_error,13.106023771869147
spco2_le_threshold,500,13,historical_density_minus_random,p99_absolute_error,19.67415331309344
spco2_le_threshold,500,14,spatial_coverage_minus_random,rmse,1.5791679202471194
spco2_le_threshold,500,14,spatial_coverage_minus_random,mae,1.0784979240647417
spco2_le_threshold,500,14,spatial_coverage_minus_random,median_absolute_error,0.40771993931090833
spco2_le_threshold,500,14,spatial_coverage_minus_random,p95_absolute_error,4.142117873825249
spco2_le_threshold,500,14,spatial_coverage_minus_random,p99_absolute_error,15.022064483187336
spco2_le_threshold,500,14,historical_density_minus_random,rmse,7.308747462094914
spco2_le_threshold,500,14,historical_density_minus_random,mae,4.527461190744969
spco2_le_threshold,500,14,historical_density_minus_random,median_absolute_error,2.665431071817409
spco2_le_threshold,500,14,historical_density_minus_random,p95_absolute_error,14.606386064978679
spco2_le_threshold,500,14,historical_density_minus_random,p99_absolute_error,26.354974611799776
spco2_le_threshold,500,15,spatial_coverage_minus_random,rmse,-1.9164515158451074
spco2_le_threshold,500,15,spatial_coverage_minus_random,mae,-0.16572772973869832
spco2_le_threshold,500,15,spatial_coverage_minus_random,median_absolute_error,0.5608579347011187
spco2_le_threshold,500,15,spatial_coverage_minus_random,p95_absolute_error,-4.7388398389287545
spco2_le_threshold,500,15,spatial_coverage_minus_random,p99_absolute_error,-10.749712614080224
spco2_le_threshold,500,15,historical_density_minus_random,rmse,8.016674481282426
spco2_le_threshold,500,15,historical_density_minus_random,mae,5.1725320183457555
spco2_le_threshold,500,15,historical_density_minus_random,median_absolute_error,3.3360444389332713
spco2_le_threshold,500,15,historical_density_minus_random,p95_absolute_error,21.978082023827703
spco2_le_threshold,500,15,historical_density_minus_random,p99_absolute_error,21.060123322910755
spco2_le_threshold,500,16,spatial_coverage_minus_random,rmse,0.37619056573004883
spco2_le_threshold,500,16,spatial_coverage_minus_random,mae,0.5644945251650455
spco2_le_threshold,500,16,spatial_coverage_minus_random,median_absolute_error,0.5040532361580006
spco2_le_threshold,500,16,spatial_coverage_minus_random,p95_absolute_error,-0.36434971860619214
spco2_le_threshold,500,16,spatial_coverage_minus_random,p99_absolute_error,4.396817043504157
spco2_le_threshold,500,16,historical_density_minus_random,rmse,6.28238542893703
spco2_le_threshold,500,16,historical_density_minus_random,mae,3.979819255189355
spco2_le_threshold,500,16,historical_density_minus_random,median_absolute_error,2.595868277799781
spco2_le_threshold,500,16,historical_density_minus_random,p95_absolute_error,14.468246834880503
spco2_le_threshold,500,16,historical_density_minus_random,p99_absolute_error,19.18890322272378
spco2_le_threshold,500,17,spatial_coverage_minus_random,rmse,-0.48231458449287246
spco2_le_threshold,500,17,spatial_coverage_minus_random,mae,0.11030003713032244
spco2_le_threshold,500,17,spatial_coverage_minus_random,median_absolute_error,0.32907009646777396
spco2_le_threshold,500,17,spatial_coverage_minus_random,p95_absolute_error,0.1416820222656412
spco2_le_threshold,500,17,spatial_coverage_minus_random,p99_absolute_error,-3.9910346640368743
spco2_le_threshold,500,17,historical_density_minus_random,rmse,12.423840204329121
spco2_le_threshold,500,17,historical_density_minus_random,mae,6.341489432375038
spco2_le_threshold,500,17,historical_density_minus_random,median_absolute_error,2.6161225888133117
spco2_le_threshold,500,17,historical_density_minus_random,p95_absolute_error,33.029381563555404
spco2_le_threshold,500,17,historical_density_minus_random,p99_absolute_error,53.63606744927901
spco2_le_threshold,500,18,spatial_coverage_minus_random,rmse,0.08034017609745092
spco2_le_threshold,500,18,spatial_coverage_minus_random,mae,0.5760685329129593
spco2_le_threshold,500,18,spatial_coverage_minus_random,median_absolute_error,0.7463824631871319
spco2_le_threshold,500,18,spatial_coverage_minus_random,p95_absolute_error,1.492353275724298
spco2_le_threshold,500,18,spatial_coverage_minus_random,p99_absolute_error,-1.4681353421260468
spco2_le_threshold,500,18,historical_density_minus_random,rmse,7.314944708334881
spco2_le_threshold,500,18,historical_density_minus_random,mae,5.193632114027558
spco2_le_threshold,500,18,historical_density_minus_random,median_absolute_error,3.7538137073550217
spco2_le_threshold,500,18,historical_density_minus_random,p95_absolute_error,15.496911484130223
spco2_le_threshold,500,18,historical_density_minus_random,p99_absolute_error,19.376501009352864
spco2_le_threshold,500,19,spatial_coverage_minus_random,rmse,4.150342857408912
spco2_le_threshold,500,19,spatial_coverage_minus_random,mae,1.1118516890976515
spco2_le_threshold,500,19,spatial_coverage_minus_random,median_absolute_error,0.365859003428767
spco2_le_threshold,500,19,spatial_coverage_minus_random,p95_absolute_error,1.7643835449666767
spco2_le_threshold,500,19,spatial_coverage_minus_random,p99_absolute_error,30.194247198016768
spco2_le_threshold,500,19,historical_density_minus_random,rmse,8.127171496547412
spco2_le_threshold,500,19,historical_density_minus_random,mae,4.477174206927849
spco2_le_threshold,500,19,historical_density_minus_random,median_absolute_error,2.408804279182988
spco2_le_threshold,500,19,historical_density_minus_random,p95_absolute_error,19.206236840157764
spco2_le_threshold,500,19,historical_density_minus_random,p99_absolute_error,35.538246215327064
spco2_le_threshold,1000,0,spatial_coverage_minus_random,rmse,0.9989827838491472
spco2_le_threshold,1000,0,spatial_coverage_minus_random,mae,1.2548126661289452
spco2_le_threshold,1000,0,spatial_coverage_minus_random,median_absolute_error,0.9770787883457501
spco2_le_threshold,1000,0,spatial_coverage_minus_random,p95_absolute_error,3.9661347513760035
spco2_le_threshold,1000,0,spatial_coverage_minus_random,p99_absolute_error,3.283629047915724
spco2_le_threshold,1000,0,historical_density_minus_random,rmse,10.641536988781976
spco2_le_threshold,1000,0,historical_density_minus_random,mae,5.774332225954332
spco2_le_threshold,1000,0,historical_density_minus_random,median_absolute_error,2.6462611975916275
spco2_le_threshold,1000,0,historical_density_minus_random,p95_absolute_error,29.14516785010064
spco2_le_threshold,1000,0,historical_density_minus_random,p99_absolute_error,47.25118205307402
spco2_le_threshold,1000,1,spatial_coverage_minus_random,rmse,1.455323540948985
spco2_le_threshold,1000,1,spatial_coverage_minus_random,mae,1.327911863152524
spco2_le_threshold,1000,1,spatial_coverage_minus_random,median_absolute_error,1.0793144706610747
spco2_le_threshold,1000,1,spatial_coverage_minus_random,p95_absolute_error,3.979734305359173
spco2_le_threshold,1000,1,spatial_coverage_minus_random,p99_absolute_error,1.1614157291252383
spco2_le_threshold,1000,1,historical_density_minus_random,rmse,10.790311470624424
spco2_le_threshold,1000,1,historical_density_minus_random,mae,6.004054707480401
spco2_le_threshold,1000,1,historical_density_minus_random,median_absolute_error,2.896899873737567
spco2_le_threshold,1000,1,historical_density_minus_random,p95_absolute_error,26.2910809564545
spco2_le_threshold,1000,1,historical_density_minus_random,p99_absolute_error,36.48539738424866
spco2_le_threshold,1000,2,spatial_coverage_minus_random,rmse,-0.6733419222989134
spco2_le_threshold,1000,2,spatial_coverage_minus_random,mae,0.42116074071372545
spco2_le_threshold,1000,2,spatial_coverage_minus_random,median_absolute_error,0.4102323247585389
spco2_le_threshold,1000,2,spatial_coverage_minus_random,p95_absolute_error,1.9781137087661236
spco2_le_threshold,1000,2,spatial_coverage_minus_random,p99_absolute_error,-1.626945512416981
spco2_le_threshold,1000,2,historical_density_minus_random,rmse,6.5546140135746604
spco2_le_threshold,1000,2,historical_density_minus_random,mae,4.014864210831533
spco2_le_threshold,1000,2,historical_density_minus_random,median_absolute_error,2.524526414971888
spco2_le_threshold,1000,2,historical_density_minus_random,p95_absolute_error,14.365239300797967
spco2_le_threshold,1000,2,historical_density_minus_random,p99_absolute_error,30.758782957543232
spco2_le_threshold,1000,3,spatial_coverage_minus_random,rmse,-1.2232218295362571
spco2_le_threshold,1000,3,spatial_coverage_minus_random,mae,-0.09656209221578749
spco2_le_threshold,1000,3,spatial_coverage_minus_random,median_absolute_error,0.34990104554808
spco2_le_threshold,1000,3,spatial_coverage_minus_random,p95_absolute_error,-0.9427627814478257
spco2_le_threshold,1000,3,spatial_coverage_minus_random,p99_absolute_error,-7.3036204957528525
spco2_le_threshold,1000,3,historical_density_minus_random,rmse,9.896017215336329
spco2_le_threshold,1000,3,historical_density_minus_random,mae,5.828835399949201
spco2_le_threshold,1000,3,historical_density_minus_random,median_absolute_error,2.9538898234382316
spco2_le_threshold,1000,3,historical_density_minus_random,p95_absolute_error,29.559783427578793
spco2_le_threshold,1000,3,historical_density_minus_random,p99_absolute_error,38.25364350133624
spco2_le_threshold,1000,4,spatial_coverage_minus_random,rmse,15.343019980687313
spco2_le_threshold,1000,4,spatial_coverage_minus_random,mae,4.935247702911262
spco2_le_threshold,1000,4,spatial_coverage_minus_random,median_absolute_error,1.46624938343993
spco2_le_threshold,1000,4,spatial_coverage_minus_random,p95_absolute_error,16.757003869782743
spco2_le_threshold,1000,4,spatial_coverage_minus_random,p99_absolute_error,69.99192167859475
spco2_le_threshold,1000,4,historical_density_minus_random,rmse,12.89145342260198
spco2_le_threshold,1000,4,historical_density_minus_random,mae,6.475735866808492
spco2_le_threshold,1000,4,historical_density_minus_random,median_absolute_error,2.9585667832375577
spco2_le_threshold,1000,4,historical_density_minus_random,p95_absolute_error,26.499446767977233
spco2_le_threshold,1000,4,historical_density_minus_random,p99_absolute_error,71.9364824241042
spco2_le_threshold,1000,5,spatial_coverage_minus_random,rmse,-1.0988364921445424
spco2_le_threshold,1000,5,spatial_coverage_minus_random,mae,-0.22942195376928964
spco2_le_threshold,1000,5,spatial_coverage_minus_random,median_absolute_error,0.19751807067012805
spco2_le_threshold,1000,5,spatial_coverage_minus_random,p95_absolute_error,-1.7992945374076115
spco2_le_threshold,1000,5,spatial_coverage_minus_random,p99_absolute_error,-3.113948395039685
spco2_le_threshold,1000,5,historical_density_minus_random,rmse,8.624535126102572
spco2_le_threshold,1000,5,historical_density_minus_random,mae,4.8877956336094535
spco2_le_threshold,1000,5,historical_density_minus_random,median_absolute_error,2.799688185309037
spco2_le_threshold,1000,5,historical_density_minus_random,p95_absolute_error,18.677154647155426
spco2_le_threshold,1000,5,historical_density_minus_random,p99_absolute_error,35.75373845771976
spco2_le_threshold,1000,6,spatial_coverage_minus_random,rmse,-1.8665634267272289
spco2_le_threshold,1000,6,spatial_coverage_minus_random,mae,-0.2708690409631149
spco2_le_threshold,1000,6,spatial_coverage_minus_random,median_absolute_error,0.260509913024805
spco2_le_threshold,1000,6,spatial_coverage_minus_random,p95_absolute_error,-1.442500589537758
spco2_le_threshold,1000,6,spatial_coverage_minus_random,p99_absolute_error,-11.502527618223269
spco2_le_threshold,1000,6,historical_density_minus_random,rmse,8.641216413188438
spco2_le_threshold,1000,6,historical_density_minus_random,mae,5.0464846451036625
spco2_le_threshold,1000,6,historical_density_minus_random,median_absolute_error,2.461905799541256
spco2_le_threshold,1000,6,historical_density_minus_random,p95_absolute_error,22.34306273335457
spco2_le_threshold,1000,6,historical_density_minus_random,p99_absolute_error,40.51313893766765
spco2_le_threshold,1000,7,spatial_coverage_minus_random,rmse,-0.8318548881165491
spco2_le_threshold,1000,7,spatial_coverage_minus_random,mae,-0.19270831956579215
spco2_le_threshold,1000,7,spatial_coverage_minus_random,median_absolute_error,-0.11684057296039896
spco2_le_threshold,1000,7,spatial_coverage_minus_random,p95_absolute_error,0.46522945240270275
spco2_le_threshold,1000,7,spatial_coverage_minus_random,p99_absolute_error,-3.204595608905919
spco2_le_threshold,1000,7,historical_density_minus_random,rmse,8.024155148810504
spco2_le_threshold,1000,7,historical_density_minus_random,mae,5.093693039969429
spco2_le_threshold,1000,7,historical_density_minus_random,median_absolute_error,3.1600964899852784
spco2_le_threshold,1000,7,historical_density_minus_random,p95_absolute_error,17.670616998138996
spco2_le_threshold,1000,7,historical_density_minus_random,p99_absolute_error,38.309991789242204
spco2_le_threshold,1000,8,spatial_coverage_minus_random,rmse,8.8545293036433
spco2_le_threshold,1000,8,spatial_coverage_minus_random,mae,2.7762213116155703
spco2_le_threshold,1000,8,spatial_coverage_minus_random,median_absolute_error,0.9202476451728501
spco2_le_threshold,1000,8,spatial_coverage_minus_random,p95_absolute_error,10.12082666073011
spco2_le_threshold,1000,8,spatial_coverage_minus_random,p99_absolute_error,26.489256080648488
spco2_le_threshold,1000,8,historical_density_minus_random,rmse,8.915925253187318
spco2_le_threshold,1000,8,historical_density_minus_random,mae,4.572639643364974
spco2_le_threshold,1000,8,historical_density_minus_random,median_absolute_error,1.9796873611120134
spco2_le_threshold,1000,8,historical_density_minus_random,p95_absolute_error,20.277657847663782
spco2_le_threshold,1000,8,historical_density_minus_random,p99_absolute_error,39.86640603075874
spco2_le_threshold,1000,9,spatial_coverage_minus_random,rmse,-0.10907531039696039
spco2_le_threshold,1000,9,spatial_coverage_minus_random,mae,0.7886943433449947
spco2_le_threshold,1000,9,spatial_coverage_minus_random,median_absolute_error,0.5624033273307418
spco2_le_threshold,1000,9,spatial_coverage_minus_random,p95_absolute_error,4.0544071450114245
spco2_le_threshold,1000,9,spatial_coverage_minus_random,p99_absolute_error,2.4566534940563542
spco2_le_threshold,1000,9,historical_density_minus_random,rmse,7.294082955764015
spco2_le_threshold,1000,9,historical_density_minus_random,mae,4.390404467292656
spco2_le_threshold,1000,9,historical_density_minus_random,median_absolute_error,2.271046186322792
spco2_le_threshold,1000,9,historical_density_minus_random,p95_absolute_error,16.974849799447426
spco2_le_threshold,1000,9,historical_density_minus_random,p99_absolute_error,41.88258840794616
spco2_le_threshold,1000,10,spatial_coverage_minus_random,rmse,-1.9112484980677493
spco2_le_threshold,1000,10,spatial_coverage_minus_random,mae,0.34564020772633697
spco2_le_threshold,1000,10,spatial_coverage_minus_random,median_absolute_error,0.9468233584961467
spco2_le_threshold,1000,10,spatial_coverage_minus_random,p95_absolute_error,0.004986100282820871
spco2_le_threshold,1000,10,spatial_coverage_minus_random,p99_absolute_error,-14.672262492362307
spco2_le_threshold,1000,10,historical_density_minus_random,rmse,8.187237999590923
spco2_le_threshold,1000,10,historical_density_minus_random,mae,5.525840232280096
spco2_le_threshold,1000,10,historical_density_minus_random,median_absolute_error,3.349173763259813
spco2_le_threshold,1000,10,historical_density_minus_random,p95_absolute_error,23.885530224022027
spco2_le_threshold,1000,10,historical_density_minus_random,p99_absolute_error,33.73180418224251
spco2_le_threshold,1000,11,spatial_coverage_minus_random,rmse,-16.001577191438066
spco2_le_threshold,1000,11,spatial_coverage_minus_random,mae,-3.2070501094539168
spco2_le_threshold,1000,11,spatial_coverage_minus_random,median_absolute_error,0.2101569571029529
spco2_le_threshold,1000,11,spatial_coverage_minus_random,p95_absolute_error,-12.48610423578679
spco2_le_threshold,1000,11,spatial_coverage_minus_random,p99_absolute_error,-55.89323629379537
spco2_le_threshold,1000,11,historical_density_minus_random,rmse,-7.335449272595646
spco2_le_threshold,1000,11,historical_density_minus_random,mae,0.6107870356770029
spco2_le_threshold,1000,11,historical_density_minus_random,median_absolute_error,1.5867131924370028
spco2_le_threshold,1000,11,historical_density_minus_random,p95_absolute_error,4.499846074076473
spco2_le_threshold,1000,11,historical_density_minus_random,p99_absolute_error,-8.198657008158023
spco2_le_threshold,1000,12,spatial_coverage_minus_random,rmse,-2.330108419842052
spco2_le_threshold,1000,12,spatial_coverage_minus_random,mae,0.007323443735701929
spco2_le_threshold,1000,12,spatial_coverage_minus_random,median_absolute_error,0.7471297627336355
spco2_le_threshold,1000,12,spatial_coverage_minus_random,p95_absolute_error,-0.9689719224196693
spco2_le_threshold,1000,12,spatial_coverage_minus_random,p99_absolute_error,-11.93250961285132
spco2_le_threshold,1000,12,historical_density_minus_random,rmse,8.491062285671646
spco2_le_threshold,1000,12,historical_density_minus_random,mae,5.0752809488090485
spco2_le_threshold,1000,12,historical_density_minus_random,median_absolute_error,3.0362008683246984
spco2_le_threshold,1000,12,historical_density_minus_random,p95_absolute_error,18.48673208622182
spco2_le_threshold,1000,12,historical_density_minus_random,p99_absolute_error,45.7918215497844
spco2_le_threshold,1000,13,spatial_coverage_minus_random,rmse,6.941702416783034
spco2_le_threshold,1000,13,spatial_coverage_minus_random,mae,2.897585120198821
spco2_le_threshold,1000,13,spatial_coverage_minus_random,median_absolute_error,1.8323304995522847
spco2_le_threshold,1000,13,spatial_coverage_minus_random,p95_absolute_error,6.366395000517215
spco2_le_threshold,1000,13,spatial_coverage_minus_random,p99_absolute_error,22.722778329504777
spco2_le_threshold,1000,13,historical_density_minus_random,rmse,8.737902853430217
spco2_le_threshold,1000,13,historical_density_minus_random,mae,5.3010265384213024
spco2_le_threshold,1000,13,historical_density_minus_random,median_absolute_error,3.4272375484370627
spco2_le_threshold,1000,13,historical_density_minus_random,p95_absolute_error,18.720812658930946
spco2_le_threshold,1000,13,historical_density_minus_random,p99_absolute_error,32.732138212240685
spco2_le_threshold,1000,14,spatial_coverage_minus_random,rmse,5.079014071237157
spco2_le_threshold,1000,14,spatial_coverage_minus_random,mae,2.5752337538172068
spco2_le_threshold,1000,14,spatial_coverage_minus_random,median_absolute_error,1.1017938827433795
spco2_le_threshold,1000,14,spatial_coverage_minus_random,p95_absolute_error,9.60509555672845
spco2_le_threshold,1000,14,spatial_coverage_minus_random,p99_absolute_error,21.80339843948532
spco2_le_threshold,1000,14,historical_density_minus_random,rmse,8.39391016991005
spco2_le_threshold,1000,14,historical_density_minus_random,mae,5.0689177885996415
spco2_le_threshold,1000,14,historical_density_minus_random,median_absolute_error,2.930380536361554
spco2_le_threshold,1000,14,historical_density_minus_random,p95_absolute_error,19.087262654251802
spco2_le_threshold,1000,14,historical_density_minus_random,p99_absolute_error,38.697022188788395
spco2_le_threshold,1000,15,spatial_coverage_minus_random,rmse,0.7388799502441188
spco2_le_threshold,1000,15,spatial_coverage_minus_random,mae,0.44653553976466753
spco2_le_threshold,1000,15,spatial_coverage_minus_random,median_absolute_error,0.4757400564272132
spco2_le_threshold,1000,15,spatial_coverage_minus_random,p95_absolute_error,0.15656696060315767
spco2_le_threshold,1000,15,spatial_coverage_minus_random,p99_absolute_error,4.56368185902204
spco2_le_threshold,1000,15,historical_density_minus_random,rmse,11.24591442839932
spco2_le_threshold,1000,15,historical_density_minus_random,mae,5.629786445874071
spco2_le_threshold,1000,15,historical_density_minus_random,median_absolute_error,2.924994556330205
spco2_le_threshold,1000,15,historical_density_minus_random,p95_absolute_error,24.09805100097161
spco2_le_threshold,1000,15,historical_density_minus_random,p99_absolute_error,53.96316563456395
spco2_le_threshold,1000,16,spatial_coverage_minus_random,rmse,-0.11437469056609473
spco2_le_threshold,1000,16,spatial_coverage_minus_random,mae,0.2845164794811872
spco2_le_threshold,1000,16,spatial_coverage_minus_random,median_absolute_error,0.3436189578926587
spco2_le_threshold,1000,16,spatial_coverage_minus_random,p95_absolute_error,0.7857861428582922
spco2_le_threshold,1000,16,spatial_coverage_minus_random,p99_absolute_error,-1.1604987734082783
spco2_le_threshold,1000,16,historical_density_minus_random,rmse,9.579239128961728
spco2_le_threshold,1000,16,historical_density_minus_random,mae,4.7954769290236285
spco2_le_threshold,1000,16,historical_density_minus_random,median_absolute_error,1.9865471667819463
spco2_le_threshold,1000,16,historical_density_minus_random,p95_absolute_error,25.523452155771665
spco2_le_threshold,1000,16,historical_density_minus_random,p99_absolute_error,37.723089776018995
spco2_le_threshold,1000,17,spatial_coverage_minus_random,rmse,-0.7563310923900595
spco2_le_threshold,1000,17,spatial_coverage_minus_random,mae,0.19632019796410383
spco2_le_threshold,1000,17,spatial_coverage_minus_random,median_absolute_error,0.541631031079362
spco2_le_threshold,1000,17,spatial_coverage_minus_random,p95_absolute_error,0.7515284112950695
spco2_le_threshold,1000,17,spatial_coverage_minus_random,p99_absolute_error,-2.5385592836988877
spco2_le_threshold,1000,17,historical_density_minus_random,rmse,10.692280660818387
spco2_le_threshold,1000,17,historical_density_minus_random,mae,5.469988533670655
spco2_le_threshold,1000,17,historical_density_minus_random,median_absolute_error,2.589752795784136
spco2_le_threshold,1000,17,historical_density_minus_random,p95_absolute_error,23.998547515658622
spco2_le_threshold,1000,17,historical_density_minus_random,p99_absolute_error,55.084328665343406
spco2_le_threshold,1000,18,spatial_coverage_minus_random,rmse,2.9989933402041835
spco2_le_threshold,1000,18,spatial_coverage_minus_random,mae,1.3463348292770139
spco2_le_threshold,1000,18,spatial_coverage_minus_random,median_absolute_error,0.8703101198604486
spco2_le_threshold,1000,18,spatial_coverage_minus_random,p95_absolute_error,4.20529992370647
spco2_le_threshold,1000,18,spatial_coverage_minus_random,p99_absolute_error,5.642065914263711
spco2_le_threshold,1000,18,historical_density_minus_random,rmse,6.4174086884776
spco2_le_threshold,1000,18,historical_density_minus_random,mae,4.041645109828691
spco2_le_threshold,1000,18,historical_density_minus_random,median_absolute_error,2.6445318557836686
spco2_le_threshold,1000,18,historical_density_minus_random,p95_absolute_error,16.236229512247405
spco2_le_threshold,1000,18,historical_density_minus_random,p99_absolute_error,31.70879546876192
spco2_le_threshold,1000,19,spatial_coverage_minus_random,rmse,1.2461725989856838
spco2_le_threshold,1000,19,spatial_coverage_minus_random,mae,0.8983360057235679
spco2_le_threshold,1000,19,spatial_coverage_minus_random,median_absolute_error,0.6272188080722572
spco2_le_threshold,1000,19,spatial_coverage_minus_random,p95_absolute_error,3.127072302338121
spco2_le_threshold,1000,19,spatial_coverage_minus_random,p99_absolute_error,5.667258102421869
spco2_le_threshold,1000,19,historical_density_minus_random,rmse,8.154740734222639
spco2_le_threshold,1000,19,historical_density_minus_random,mae,5.0539795159384
spco2_le_threshold,1000,19,historical_density_minus_random,median_absolute_error,2.8146253632262415
spco2_le_threshold,1000,19,historical_density_minus_random,p95_absolute_error,19.395899860328008
spco2_le_threshold,1000,19,historical_density_minus_random,p99_absolute_error,35.983979482265
spco2_le_threshold,2500,0,spatial_coverage_minus_random,rmse,-1.7119266849488923
spco2_le_threshold,2500,0,spatial_coverage_minus_random,mae,0.15605328992287681
spco2_le_threshold,2500,0,spatial_coverage_minus_random,median_absolute_error,0.6770820589661355
spco2_le_threshold,2500,0,spatial_coverage_minus_random,p95_absolute_error,-0.030903233306965205
spco2_le_threshold,2500,0,spatial_coverage_minus_random,p99_absolute_error,-15.572523610544152
spco2_le_threshold,2500,0,historical_density_minus_random,rmse,8.673166471215513
spco2_le_threshold,2500,0,historical_density_minus_random,mae,5.568575288759844
spco2_le_threshold,2500,0,historical_density_minus_random,median_absolute_error,2.8791760342140833
spco2_le_threshold,2500,0,historical_density_minus_random,p95_absolute_error,28.2789312617259
spco2_le_threshold,2500,0,historical_density_minus_random,p99_absolute_error,34.81638868854327
spco2_le_threshold,2500,1,spatial_coverage_minus_random,rmse,3.978780948961049
spco2_le_threshold,2500,1,spatial_coverage_minus_random,mae,1.2458610772051717
spco2_le_threshold,2500,1,spatial_coverage_minus_random,median_absolute_error,0.6998318643088908
spco2_le_threshold,2500,1,spatial_coverage_minus_random,p95_absolute_error,2.209229327532679
spco2_le_threshold,2500,1,spatial_coverage_minus_random,p99_absolute_error,11.115232930903133
spco2_le_threshold,2500,1,historical_density_minus_random,rmse,10.72994478149252
spco2_le_threshold,2500,1,historical_density_minus_random,mae,5.580528897161344
spco2_le_threshold,2500,1,historical_density_minus_random,median_absolute_error,2.4468284402087477
spco2_le_threshold,2500,1,historical_density_minus_random,p95_absolute_error,24.024801376332885
spco2_le_threshold,2500,1,historical_density_minus_random,p99_absolute_error,51.906245523222
spco2_le_threshold,2500,2,spatial_coverage_minus_random,rmse,0.016205254508484757
spco2_le_threshold,2500,2,spatial_coverage_minus_random,mae,1.079605189629298
spco2_le_threshold,2500,2,spatial_coverage_minus_random,median_absolute_error,1.0754835943932903
spco2_le_threshold,2500,2,spatial_coverage_minus_random,p95_absolute_error,2.76004535034269
spco2_le_threshold,2500,2,spatial_coverage_minus_random,p99_absolute_error,-1.4602972452438365
spco2_le_threshold,2500,2,historical_density_minus_random,rmse,9.298577751131482
spco2_le_threshold,2500,2,historical_density_minus_random,mae,5.545912224473
spco2_le_threshold,2500,2,historical_density_minus_random,median_absolute_error,2.8274134837096767
spco2_le_threshold,2500,2,historical_density_minus_random,p95_absolute_error,22.501872212101294
spco2_le_threshold,2500,2,historical_density_minus_random,p99_absolute_error,44.91418907874001
spco2_le_threshold,2500,3,spatial_coverage_minus_random,rmse,-0.5533321514674867
spco2_le_threshold,2500,3,spatial_coverage_minus_random,mae,0.14702757977576297
spco2_le_threshold,2500,3,spatial_coverage_minus_random,median_absolute_error,0.48496062317468613
spco2_le_threshold,2500,3,spatial_coverage_minus_random,p95_absolute_error,-0.8082519759000348
spco2_le_threshold,2500,3,spatial_coverage_minus_random,p99_absolute_error,-6.151065956143121
spco2_le_threshold,2500,3,historical_density_minus_random,rmse,14.162402959343897
spco2_le_threshold,2500,3,historical_density_minus_random,mae,6.876974461537088
spco2_le_threshold,2500,3,historical_density_minus_random,median_absolute_error,2.5655703887181858
spco2_le_threshold,2500,3,historical_density_minus_random,p95_absolute_error,35.51564890196518
spco2_le_threshold,2500,3,historical_density_minus_random,p99_absolute_error,68.44025467494517
spco2_le_threshold,2500,4,spatial_coverage_minus_random,rmse,5.223799227135878
spco2_le_threshold,2500,4,spatial_coverage_minus_random,mae,1.2716139603483523
spco2_le_threshold,2500,4,spatial_coverage_minus_random,median_absolute_error,0.7309027561928474
spco2_le_threshold,2500,4,spatial_coverage_minus_random,p95_absolute_error,2.499190497900429
spco2_le_threshold,2500,4,spatial_coverage_minus_random,p99_absolute_error,-4.062190866092905
spco2_le_threshold,2500,4,historical_density_minus_random,rmse,12.575392075616708
spco2_le_threshold,2500,4,historical_density_minus_random,mae,6.706232014852713
spco2_le_threshold,2500,4,historical_density_minus_random,median_absolute_error,2.6846497617282523
spco2_le_threshold,2500,4,historical_density_minus_random,p95_absolute_error,32.98120195443581
spco2_le_threshold,2500,4,historical_density_minus_random,p99_absolute_error,56.40470914090571
spco2_le_threshold,2500,5,spatial_coverage_minus_random,rmse,-0.529206018095266
spco2_le_threshold,2500,5,spatial_coverage_minus_random,mae,0.25513907396872604
spco2_le_threshold,2500,5,spatial_coverage_minus_random,median_absolute_error,0.3865585023588949
spco2_le_threshold,2500,5,spatial_coverage_minus_random,p95_absolute_error,0.5425219957760063
spco2_le_threshold,2500,5,spatial_coverage_minus_random,p99_absolute_error,-1.2985301451700764
spco2_le_threshold,2500,5,historical_density_minus_random,rmse,9.521920097095919
spco2_le_threshold,2500,5,historical_density_minus_random,mae,5.180465925612786
spco2_le_threshold,2500,5,historical_density_minus_random,median_absolute_error,2.619897722265904
spco2_le_threshold,2500,5,historical_density_minus_random,p95_absolute_error,20.080618855821456
spco2_le_threshold,2500,5,historical_density_minus_random,p99_absolute_error,45.81815098405241
spco2_le_threshold,2500,6,spatial_coverage_minus_random,rmse,-0.9803675551766489
spco2_le_threshold,2500,6,spatial_coverage_minus_random,mae,0.5221686342899936
spco2_le_threshold,2500,6,spatial_coverage_minus_random,median_absolute_error,0.8251582277529224
spco2_le_threshold,2500,6,spatial_coverage_minus_random,p95_absolute_error,0.7486484828548683
spco2_le_threshold,2500,6,spatial_coverage_minus_random,p99_absolute_error,-6.745209618703704
spco2_le_threshold,2500,6,historical_density_minus_random,rmse,8.994660987545924
spco2_le_threshold,2500,6,historical_density_minus_random,mae,4.621579367422209
spco2_le_threshold,2500,6,historical_density_minus_random,median_absolute_error,2.1667911135338045
spco2_le_threshold,2500,6,historical_density_minus_random,p95_absolute_error,19.00702540725051
spco2_le_threshold,2500,6,historical_density_minus_random,p99_absolute_error,48.70704709806972
spco2_le_threshold,2500,7,spatial_coverage_minus_random,rmse,3.7113460360036257
spco2_le_threshold,2500,7,spatial_coverage_minus_random,mae,1.1178617471346453
spco2_le_threshold,2500,7,spatial_coverage_minus_random,median_absolute_error,0.7884724309275839
spco2_le_threshold,2500,7,spatial_coverage_minus_random,p95_absolute_error,2.348338844739544
spco2_le_threshold,2500,7,spatial_coverage_minus_random,p99_absolute_error,-0.11274345159048949
spco2_le_threshold,2500,7,historical_density_minus_random,rmse,10.221640110808568
spco2_le_threshold,2500,7,historical_density_minus_random,mae,5.560998606776742
spco2_le_threshold,2500,7,historical_density_minus_random,median_absolute_error,2.7903334194754166
spco2_le_threshold,2500,7,historical_density_minus_random,p95_absolute_error,22.011815905489
spco2_le_threshold,2500,7,historical_density_minus_random,p99_absolute_error,50.83056849971395
spco2_le_threshold,2500,8,spatial_coverage_minus_random,rmse,-9.931472066729345
spco2_le_threshold,2500,8,spatial_coverage_minus_random,mae,-1.5650892105082548
spco2_le_threshold,2500,8,spatial_coverage_minus_random,median_absolute_error,0.3293842800289042
spco2_le_threshold,2500,8,spatial_coverage_minus_random,p95_absolute_error,-2.9860825988474176
spco2_le_threshold,2500,8,spatial_coverage_minus_random,p99_absolute_error,-66.54459492505396
spco2_le_threshold,2500,8,historical_density_minus_random,rmse,-3.0261767953840923
spco2_le_threshold,2500,8,historical_density_minus_random,mae,2.6496403035099583
spco2_le_threshold,2500,8,historical_density_minus_random,median_absolute_error,1.64908794145083
spco2_le_threshold,2500,8,historical_density_minus_random,p95_absolute_error,19.995068397237468
spco2_le_threshold,2500,8,historical_density_minus_random,p99_absolute_error,-21.25340908870122
spco2_le_threshold,2500,9,spatial_coverage_minus_random,rmse,-0.5146232047596015
spco2_le_threshold,2500,9,spatial_coverage_minus_random,mae,0.7175538349816915
spco2_le_threshold,2500,9,spatial_coverage_minus_random,median_absolute_error,0.821261953382816
spco2_le_threshold,2500,9,spatial_coverage_minus_random,p95_absolute_error,1.6896297714689652
spco2_le_threshold,2500,9,spatial_coverage_minus_random,p99_absolute_error,-3.4061064185382364
spco2_le_threshold,2500,9,historical_density_minus_random,rmse,11.056787952659636
spco2_le_threshold,2500,9,historical_density_minus_random,mae,5.674883091578057
spco2_le_threshold,2500,9,historical_density_minus_random,median_absolute_error,2.1806278312604377
spco2_le_threshold,2500,9,historical_density_minus_random,p95_absolute_error,26.805948639042597
spco2_le_threshold,2500,9,historical_density_minus_random,p99_absolute_error,55.313131352605126
spco2_le_threshold,2500,10,spatial_coverage_minus_random,rmse,-4.1673593604521315
spco2_le_threshold,2500,10,spatial_coverage_minus_random,mae,-0.2329342741001259
spco2_le_threshold,2500,10,spatial_coverage_minus_random,median_absolute_error,0.5832142498884139
spco2_le_threshold,2500,10,spatial_coverage_minus_random,p95_absolute_error,-0.6397567381207168
spco2_le_threshold,2500,10,spatial_coverage_minus_random,p99_absolute_error,-19.848551060041224
spco2_le_threshold,2500,10,historical_density_minus_random,rmse,7.676726420508732
spco2_le_threshold,2500,10,historical_density_minus_random,mae,5.280114389439822
spco2_le_threshold,2500,10,historical_density_minus_random,median_absolute_error,2.6355218874211914
spco2_le_threshold,2500,10,historical_density_minus_random,p95_absolute_error,24.12363597485549
spco2_le_threshold,2500,10,historical_density_minus_random,p99_absolute_error,33.323958271340416
spco2_le_threshold,2500,11,spatial_coverage_minus_random,rmse,-8.796096797012527
spco2_le_threshold,2500,11,spatial_coverage_minus_random,mae,-1.1527141384646455
spco2_le_threshold,2500,11,spatial_coverage_minus_random,median_absolute_error,0.17794547609156552
spco2_le_threshold,2500,11,spatial_coverage_minus_random,p95_absolute_error,-2.058886197944531
spco2_le_threshold,2500,11,spatial_coverage_minus_random,p99_absolute_error,-26.901569579814975
spco2_le_threshold,2500,11,historical_density_minus_random,rmse,-1.8211138133366802
spco2_le_threshold,2500,11,historical_density_minus_random,mae,2.6015302794326463
spco2_le_threshold,2500,11,historical_density_minus_random,median_absolute_error,1.6365329352559286
spco2_le_threshold,2500,11,historical_density_minus_random,p95_absolute_error,17.303310835270068
spco2_le_threshold,2500,11,historical_density_minus_random,p99_absolute_error,19.336431110488462
spco2_le_threshold,2500,12,spatial_coverage_minus_random,rmse,0.2089453913003041
spco2_le_threshold,2500,12,spatial_coverage_minus_random,mae,0.7385835035281261
spco2_le_threshold,2500,12,spatial_coverage_minus_random,median_absolute_error,0.7846109365719087
spco2_le_threshold,2500,12,spatial_coverage_minus_random,p95_absolute_error,1.332742749276811
spco2_le_threshold,2500,12,spatial_coverage_minus_random,p99_absolute_error,2.051716038932625
spco2_le_threshold,2500,12,historical_density_minus_random,rmse,12.477548146398465
spco2_le_threshold,2500,12,historical_density_minus_random,mae,5.584738245343457
spco2_le_threshold,2500,12,historical_density_minus_random,median_absolute_error,2.1893461078927317
spco2_le_threshold,2500,12,historical_density_minus_random,p95_absolute_error,24.117663467816293
spco2_le_threshold,2500,12,historical_density_minus_random,p99_absolute_error,59.54470690362953
spco2_le_threshold,2500,13,spatial_coverage_minus_random,rmse,9.266142671185044
spco2_le_threshold,2500,13,spatial_coverage_minus_random,mae,2.0672069513731994
spco2_le_threshold,2500,13,spatial_coverage_minus_random,median_absolute_error,1.0900271721335741
spco2_le_threshold,2500,13,spatial_coverage_minus_random,p95_absolute_error,3.1297864511647333
spco2_le_threshold,2500,13,spatial_coverage_minus_random,p99_absolute_error,12.948566615385147
spco2_le_threshold,2500,13,historical_density_minus_random,rmse,10.935827146691992
spco2_le_threshold,2500,13,historical_density_minus_random,mae,6.141348986081685
spco2_le_threshold,2500,13,historical_density_minus_random,median_absolute_error,2.897259170726869
spco2_le_threshold,2500,13,historical_density_minus_random,p95_absolute_error,26.00753713019987
spco2_le_threshold,2500,13,historical_density_minus_random,p99_absolute_error,57.561996058947884
spco2_le_threshold,2500,14,spatial_coverage_minus_random,rmse,4.91034494614145
spco2_le_threshold,2500,14,spatial_coverage_minus_random,mae,1.7057925713779767
spco2_le_threshold,2500,14,spatial_coverage_minus_random,median_absolute_error,0.9510533021985452
spco2_le_threshold,2500,14,spatial_coverage_minus_random,p95_absolute_error,5.1483575160876
spco2_le_threshold,2500,14,spatial_coverage_minus_random,p99_absolute_error,10.807668688532459
spco2_le_threshold,2500,14,historical_density_minus_random,rmse,9.329980929477596
spco2_le_threshold,2500,14,historical_density_minus_random,mae,5.480295323651223
spco2_le_threshold,2500,14,historical_density_minus_random,median_absolute_error,2.8917728987925386
spco2_le_threshold,2500,14,historical_density_minus_random,p95_absolute_error,20.360605588409307
spco2_le_threshold,2500,14,historical_density_minus_random,p99_absolute_error,47.82557228944185
spco2_le_threshold,2500,15,spatial_coverage_minus_random,rmse,-0.910012244940642
spco2_le_threshold,2500,15,spatial_coverage_minus_random,mae,0.2659988979279255
spco2_le_threshold,2500,15,spatial_coverage_minus_random,median_absolute_error,0.5239477053518726
spco2_le_threshold,2500,15,spatial_coverage_minus_random,p95_absolute_error,-0.278281507840866
spco2_le_threshold,2500,15,spatial_coverage_minus_random,p99_absolute_error,-2.7205355823456614
spco2_le_threshold,2500,15,historical_density_minus_random,rmse,10.084956111634632
spco2_le_threshold,2500,15,historical_density_minus_random,mae,4.889968287728701
spco2_le_threshold,2500,15,historical_density_minus_random,median_absolute_error,1.9679124863971538
spco2_le_threshold,2500,15,historical_density_minus_random,p95_absolute_error,20.757061168805173
spco2_le_threshold,2500,15,historical_density_minus_random,p99_absolute_error,54.737656713819845
spco2_le_threshold,2500,16,spatial_coverage_minus_random,rmse,-13.29287758220562
spco2_le_threshold,2500,16,spatial_coverage_minus_random,mae,-2.623955713165957
spco2_le_threshold,2500,16,spatial_coverage_minus_random,median_absolute_error,-0.027690113593024535
spco2_le_threshold,2500,16,spatial_coverage_minus_random,p95_absolute_error,-7.468541584733629
spco2_le_threshold,2500,16,spatial_coverage_minus_random,p99_absolute_error,-61.50045666134926
spco2_le_threshold,2500,16,historical_density_minus_random,rmse,-2.604244213899353
spco2_le_threshold,2500,16,historical_density_minus_random,mae,2.1303591332707565
spco2_le_threshold,2500,16,historical_density_minus_random,median_absolute_error,1.4615029769792898
spco2_le_threshold,2500,16,historical_density_minus_random,p95_absolute_error,16.753469135845137
spco2_le_threshold,2500,16,historical_density_minus_random,p99_absolute_error,-2.9997523668353807
spco2_le_threshold,2500,17,spatial_coverage_minus_random,rmse,-0.9955811292851422
spco2_le_threshold,2500,17,spatial_coverage_minus_random,mae,0.32361343707574264
spco2_le_threshold,2500,17,spatial_coverage_minus_random,median_absolute_error,0.7779457352750114
spco2_le_threshold,2500,17,spatial_coverage_minus_random,p95_absolute_error,-0.4526487794683831
spco2_le_threshold,2500,17,spatial_coverage_minus_random,p99_absolute_error,-10.836483994402968
spco2_le_threshold,2500,17,historical_density_minus_random,rmse,9.16933319810563
spco2_le_threshold,2500,17,historical_density_minus_random,mae,4.966054486839257
spco2_le_threshold,2500,17,historical_density_minus_random,median_absolute_error,2.168963364245201
spco2_le_threshold,2500,17,historical_density_minus_random,p95_absolute_error,24.2245155042608
spco2_le_threshold,2500,17,historical_density_minus_random,p99_absolute_error,46.38113622022725
spco2_le_threshold,2500,18,spatial_coverage_minus_random,rmse,1.4036454895417805
spco2_le_threshold,2500,18,spatial_coverage_minus_random,mae,0.6072178887733557
spco2_le_threshold,2500,18,spatial_coverage_minus_random,median_absolute_error,0.45816051087496135
spco2_le_threshold,2500,18,spatial_coverage_minus_random,p95_absolute_error,0.7737632469243252
spco2_le_threshold,2500,18,spatial_coverage_minus_random,p99_absolute_error,2.2965886942331224
spco2_le_threshold,2500,18,historical_density_minus_random,rmse,11.777647820981478
spco2_le_threshold,2500,18,historical_density_minus_random,mae,5.645031639812775
spco2_le_threshold,2500,18,historical_density_minus_random,median_absolute_error,2.233325337547228
spco2_le_threshold,2500,18,historical_density_minus_random,p95_absolute_error,27.919356462944762
spco2_le_threshold,2500,18,historical_density_minus_random,p99_absolute_error,48.14448894545768
spco2_le_threshold,2500,19,spatial_coverage_minus_random,rmse,1.185446613538172
spco2_le_threshold,2500,19,spatial_coverage_minus_random,mae,0.5409902382388427
spco2_le_threshold,2500,19,spatial_coverage_minus_random,median_absolute_error,0.46928317168647027
spco2_le_threshold,2500,19,spatial_coverage_minus_random,p95_absolute_error,0.01282163052519536
spco2_le_threshold,2500,19,spatial_coverage_minus_random,p99_absolute_error,0.8922157259013517
spco2_le_threshold,2500,19,historical_density_minus_random,rmse,11.815292573983264
spco2_le_threshold,2500,19,historical_density_minus_random,mae,6.043669867068234
spco2_le_threshold,2500,19,historical_density_minus_random,median_absolute_error,2.4334560144549755
spco2_le_threshold,2500,19,historical_density_minus_random,p95_absolute_error,30.98495886769453
spco2_le_threshold,2500,19,historical_density_minus_random,p99_absolute_error,60.043090521176964
spco2_le_threshold,5000,0,spatial_coverage_minus_random,rmse,-1.4705949383660872
spco2_le_threshold,5000,0,spatial_coverage_minus_random,mae,0.05388839619337382
spco2_le_threshold,5000,0,spatial_coverage_minus_random,median_absolute_error,0.35225007420078214
spco2_le_threshold,5000,0,spatial_coverage_minus_random,p95_absolute_error,0.8427069193748942
spco2_le_threshold,5000,0,spatial_coverage_minus_random,p99_absolute_error,-9.17353011583807
spco2_le_threshold,5000,0,historical_density_minus_random,rmse,8.380992299319516
spco2_le_threshold,5000,0,historical_density_minus_random,mae,4.544827652922901
spco2_le_threshold,5000,0,historical_density_minus_random,median_absolute_error,1.7826239187070883
spco2_le_threshold,5000,0,historical_density_minus_random,p95_absolute_error,22.557797749382466
spco2_le_threshold,5000,0,historical_density_minus_random,p99_absolute_error,41.98456188958403
spco2_le_threshold,5000,1,spatial_coverage_minus_random,rmse,2.992925089754415
spco2_le_threshold,5000,1,spatial_coverage_minus_random,mae,1.1265167655820676
spco2_le_threshold,5000,1,spatial_coverage_minus_random,median_absolute_error,0.654854556668937
spco2_le_threshold,5000,1,spatial_coverage_minus_random,p95_absolute_error,2.4837524836087574
spco2_le_threshold,5000,1,spatial_coverage_minus_random,p99_absolute_error,5.54275609313251
spco2_le_threshold,5000,1,historical_density_minus_random,rmse,12.592840950337607
spco2_le_threshold,5000,1,historical_density_minus_random,mae,5.8606971589387715
spco2_le_threshold,5000,1,historical_density_minus_random,median_absolute_error,1.9354787321919673
spco2_le_threshold,5000,1,historical_density_minus_random,p95_absolute_error,28.62304298667376
spco2_le_threshold,5000,1,historical_density_minus_random,p99_absolute_error,63.863387107328904
spco2_le_threshold,5000,2,spatial_coverage_minus_random,rmse,-8.570933588639516
spco2_le_threshold,5000,2,spatial_coverage_minus_random,mae,-0.732789031228636
spco2_le_threshold,5000,2,spatial_coverage_minus_random,median_absolute_error,0.5601957220899862
spco2_le_threshold,5000,2,spatial_coverage_minus_random,p95_absolute_error,-0.23245125988839632
spco2_le_threshold,5000,2,spatial_coverage_minus_random,p99_absolute_error,-28.05984291990307
spco2_le_threshold,5000,2,historical_density_minus_random,rmse,2.2643837640884037
spco2_le_threshold,5000,2,historical_density_minus_random,mae,3.813114120107569
spco2_le_threshold,5000,2,historical_density_minus_random,median_absolute_error,1.8240663236605883
spco2_le_threshold,5000,2,historical_density_minus_random,p95_absolute_error,21.671238462883526
spco2_le_threshold,5000,2,historical_density_minus_random,p99_absolute_error,27.497842175762543
spco2_le_threshold,5000,3,spatial_coverage_minus_random,rmse,-0.6539624297236699
spco2_le_threshold,5000,3,spatial_coverage_minus_random,mae,0.14614532497508925
spco2_le_threshold,5000,3,spatial_coverage_minus_random,median_absolute_error,0.4483947203711409
spco2_le_threshold,5000,3,spatial_coverage_minus_random,p95_absolute_error,-0.4409606757092064
spco2_le_threshold,5000,3,spatial_coverage_minus_random,p99_absolute_error,-9.574705875244234
spco2_le_threshold,5000,3,historical_density_minus_random,rmse,12.873002350977451
spco2_le_threshold,5000,3,historical_density_minus_random,mae,5.7540642777672115
spco2_le_threshold,5000,3,historical_density_minus_random,median_absolute_error,1.8695067650800468
spco2_le_threshold,5000,3,historical_density_minus_random,p95_absolute_error,28.942871884760432
spco2_le_threshold,5000,3,historical_density_minus_random,p99_absolute_error,59.632929852357805
spco2_le_threshold,5000,4,spatial_coverage_minus_random,rmse,2.1278001040590198
spco2_le_threshold,5000,4,spatial_coverage_minus_random,mae,0.646627721392111
spco2_le_threshold,5000,4,spatial_coverage_minus_random,median_absolute_error,0.5100880341796028
spco2_le_threshold,5000,4,spatial_coverage_minus_random,p95_absolute_error,1.1228484660473406
spco2_le_threshold,5000,4,spatial_coverage_minus_random,p99_absolute_error,-2.089299014391294
spco2_le_threshold,5000,4,historical_density_minus_random,rmse,10.353942557174179
spco2_le_threshold,5000,4,historical_density_minus_random,mae,5.044573585619913
spco2_le_threshold,5000,4,historical_density_minus_random,median_absolute_error,2.0187122853205324
spco2_le_threshold,5000,4,historical_density_minus_random,p95_absolute_error,23.937836684232362
spco2_le_threshold,5000,4,historical_density_minus_random,p99_absolute_error,44.45722516524184
spco2_le_threshold,5000,5,spatial_coverage_minus_random,rmse,3.6207036970488318
spco2_le_threshold,5000,5,spatial_coverage_minus_random,mae,1.2437725207320458
spco2_le_threshold,5000,5,spatial_coverage_minus_random,median_absolute_error,0.8570883462725476
spco2_le_threshold,5000,5,spatial_coverage_minus_random,p95_absolute_error,2.997276566485045
spco2_le_threshold,5000,5,spatial_coverage_minus_random,p99_absolute_error,3.773560850995338
spco2_le_threshold,5000,5,historical_density_minus_random,rmse,10.62370062358589
spco2_le_threshold,5000,5,historical_density_minus_random,mae,5.280891088241081
spco2_le_threshold,5000,5,historical_density_minus_random,median_absolute_error,2.042765018053018
spco2_le_threshold,5000,5,historical_density_minus_random,p95_absolute_error,23.80109953758647
spco2_le_threshold,5000,5,historical_density_minus_random,p99_absolute_error,51.43309063011451
spco2_le_threshold,5000,6,spatial_coverage_minus_random,rmse,1.2293697520205598
spco2_le_threshold,5000,6,spatial_coverage_minus_random,mae,1.2596000483025467
spco2_le_threshold,5000,6,spatial_coverage_minus_random,median_absolute_error,0.9765141232848009
spco2_le_threshold,5000,6,spatial_coverage_minus_random,p95_absolute_error,2.7893574049844254
spco2_le_threshold,5000,6,spatial_coverage_minus_random,p99_absolute_error,6.449466529679185
spco2_le_threshold,5000,6,historical_density_minus_random,rmse,12.177443496125218
spco2_le_threshold,5000,6,historical_density_minus_random,mae,6.071176331320741
spco2_le_threshold,5000,6,historical_density_minus_random,median_absolute_error,2.2963259591872998
spco2_le_threshold,5000,6,historical_density_minus_random,p95_absolute_error,27.970045156553535
spco2_le_threshold,5000,6,historical_density_minus_random,p99_absolute_error,57.0236484743496
spco2_le_threshold,5000,7,spatial_coverage_minus_random,rmse,1.444689556115307
spco2_le_threshold,5000,7,spatial_coverage_minus_random,mae,0.7146788903450307
spco2_le_threshold,5000,7,spatial_coverage_minus_random,median_absolute_error,0.6451533783870502
spco2_le_threshold,5000,7,spatial_coverage_minus_random,p95_absolute_error,1.1287665145583894
spco2_le_threshold,5000,7,spatial_coverage_minus_random,p99_absolute_error,-1.272893067272605
spco2_le_threshold,5000,7,historical_density_minus_random,rmse,10.672367021919513
spco2_le_threshold,5000,7,historical_density_minus_random,mae,5.531466714343093
spco2_le_threshold,5000,7,historical_density_minus_random,median_absolute_error,2.1900499404653715
spco2_le_threshold,5000,7,historical_density_minus_random,p95_absolute_error,25.80732943882489
spco2_le_threshold,5000,7,historical_density_minus_random,p99_absolute_error,47.67015366095039
spco2_le_threshold,5000,8,spatial_coverage_minus_random,rmse,-4.327875045795164
spco2_le_threshold,5000,8,spatial_coverage_minus_random,mae,-0.11159916345161669
spco2_le_threshold,5000,8,spatial_coverage_minus_random,median_absolute_error,0.41556040456268306
spco2_le_threshold,5000,8,spatial_coverage_minus_random,p95_absolute_error,0.5790081620992673
spco2_le_threshold,5000,8,spatial_coverage_minus_random,p99_absolute_error,-3.412972365645416
spco2_le_threshold,5000,8,historical_density_minus_random,rmse,4.488888147270671
spco2_le_threshold,5000,8,historical_density_minus_random,mae,4.921731537073272
spco2_le_threshold,5000,8,historical_density_minus_random,median_absolute_error,1.8314487165578157
spco2_le_threshold,5000,8,historical_density_minus_random,p95_absolute_error,30.47943407874246
spco2_le_threshold,5000,8,historical_density_minus_random,p99_absolute_error,55.98302986043272
spco2_le_threshold,5000,9,spatial_coverage_minus_random,rmse,0.13065466678988358
spco2_le_threshold,5000,9,spatial_coverage_minus_random,mae,0.821080365484196
spco2_le_threshold,5000,9,spatial_coverage_minus_random,median_absolute_error,0.8234951111023179
spco2_le_threshold,5000,9,spatial_coverage_minus_random,p95_absolute_error,1.865405474122312
spco2_le_threshold,5000,9,spatial_coverage_minus_random,p99_absolute_error,-0.8016932770786198
spco2_le_threshold,5000,9,historical_density_minus_random,rmse,12.715522440446243
spco2_le_threshold,5000,9,historical_density_minus_random,mae,5.92267822240346
spco2_le_threshold,5000,9,historical_density_minus_random,median_absolute_error,2.035749453697008
spco2_le_threshold,5000,9,historical_density_minus_random,p95_absolute_error,29.21896805561859
spco2_le_threshold,5000,9,historical_density_minus_random,p99_absolute_error,64.8158292428553
spco2_le_threshold,5000,10,spatial_coverage_minus_random,rmse,-0.39064726243116255
spco2_le_threshold,5000,10,spatial_coverage_minus_random,mae,0.7395187647344024
spco2_le_threshold,5000,10,spatial_coverage_minus_random,median_absolute_error,0.7179380014800643
spco2_le_threshold,5000,10,spatial_coverage_minus_random,p95_absolute_error,3.290494270266919
spco2_le_threshold,5000,10,spatial_coverage_minus_random,p99_absolute_error,-11.6918812827858
spco2_le_threshold,5000,10,historical_density_minus_random,rmse,11.708251738050862
spco2_le_threshold,5000,10,historical_density_minus_random,mae,5.832526621258886
spco2_le_threshold,5000,10,historical_density_minus_random,median_absolute_error,2.044911465264221
spco2_le_threshold,5000,10,historical_density_minus_random,p95_absolute_error,30.096160448805506
spco2_le_threshold,5000,10,historical_density_minus_random,p99_absolute_error,55.2081915709462
spco2_le_threshold,5000,11,spatial_coverage_minus_random,rmse,-2.411745478362615
spco2_le_threshold,5000,11,spatial_coverage_minus_random,mae,-0.5054487935457601
spco2_le_threshold,5000,11,spatial_coverage_minus_random,median_absolute_error,0.19049311821135007
spco2_le_threshold,5000,11,spatial_coverage_minus_random,p95_absolute_error,-2.652053990769218
spco2_le_threshold,5000,11,spatial_coverage_minus_random,p99_absolute_error,-15.29368282546777
spco2_le_threshold,5000,11,historical_density_minus_random,rmse,4.06823134879469
spco2_le_threshold,5000,11,historical_density_minus_random,mae,3.4787726876190668
spco2_le_threshold,5000,11,historical_density_minus_random,median_absolute_error,1.2724831830621213
spco2_le_threshold,5000,11,historical_density_minus_random,p95_absolute_error,20.556094621607727
spco2_le_threshold,5000,11,historical_density_minus_random,p99_absolute_error,31.92485675761172
spco2_le_threshold,5000,12,spatial_coverage_minus_random,rmse,-0.13482762374172452
spco2_le_threshold,5000,12,spatial_coverage_minus_random,mae,0.6518999154391008
spco2_le_threshold,5000,12,spatial_coverage_minus_random,median_absolute_error,0.7338215114644981
spco2_le_threshold,5000,12,spatial_coverage_minus_random,p95_absolute_error,1.6915453759119785
spco2_le_threshold,5000,12,spatial_coverage_minus_random,p99_absolute_error,-1.0848534518593311
spco2_le_threshold,5000,12,historical_density_minus_random,rmse,12.229631341610048
spco2_le_threshold,5000,12,historical_density_minus_random,mae,5.28937500593752
spco2_le_threshold,5000,12,historical_density_minus_random,median_absolute_error,1.7005831902420425
spco2_le_threshold,5000,12,historical_density_minus_random,p95_absolute_error,24.209876724902696
spco2_le_threshold,5000,12,historical_density_minus_random,p99_absolute_error,69.18729873780558
spco2_le_threshold,5000,13,spatial_coverage_minus_random,rmse,4.722730783689922
spco2_le_threshold,5000,13,spatial_coverage_minus_random,mae,0.9157303447830447
spco2_le_threshold,5000,13,spatial_coverage_minus_random,median_absolute_error,0.44811103115455353
spco2_le_threshold,5000,13,spatial_coverage_minus_random,p95_absolute_error,1.267511918808065
spco2_le_threshold,5000,13,spatial_coverage_minus_random,p99_absolute_error,4.06805795850314
spco2_le_threshold,5000,13,historical_density_minus_random,rmse,11.293207505970834
spco2_le_threshold,5000,13,historical_density_minus_random,mae,5.537061821108734
spco2_le_threshold,5000,13,historical_density_minus_random,median_absolute_error,1.8697670095384353
spco2_le_threshold,5000,13,historical_density_minus_random,p95_absolute_error,29.569952719219465
spco2_le_threshold,5000,13,historical_density_minus_random,p99_absolute_error,50.9385333608215
spco2_le_threshold,5000,14,spatial_coverage_minus_random,rmse,1.924053166027747
spco2_le_threshold,5000,14,spatial_coverage_minus_random,mae,1.137353535592581
spco2_le_threshold,5000,14,spatial_coverage_minus_random,median_absolute_error,0.7646626564092855
spco2_le_threshold,5000,14,spatial_coverage_minus_random,p95_absolute_error,2.84341026519024
spco2_le_threshold,5000,14,spatial_coverage_minus_random,p99_absolute_error,5.266463020967663
spco2_le_threshold,5000,14,historical_density_minus_random,rmse,11.777781294489671
spco2_le_threshold,5000,14,historical_density_minus_random,mae,6.022910308099581
spco2_le_threshold,5000,14,historical_density_minus_random,median_absolute_error,2.2372125637529905
spco2_le_threshold,5000,14,historical_density_minus_random,p95_absolute_error,30.336810175669633
spco2_le_threshold,5000,14,historical_density_minus_random,p99_absolute_error,58.150919993673
spco2_le_threshold,5000,15,spatial_coverage_minus_random,rmse,-4.537345230582254
spco2_le_threshold,5000,15,spatial_coverage_minus_random,mae,-0.5273212895716597
spco2_le_threshold,5000,15,spatial_coverage_minus_random,median_absolute_error,0.3446123721673757
spco2_le_threshold,5000,15,spatial_coverage_minus_random,p95_absolute_error,-1.7150062779914066
spco2_le_threshold,5000,15,spatial_coverage_minus_random,p99_absolute_error,-16.65520492662244
spco2_le_threshold,5000,15,historical_density_minus_random,rmse,8.286321850277648
spco2_le_threshold,5000,15,historical_density_minus_random,mae,4.741269645065868
spco2_le_threshold,5000,15,historical_density_minus_random,median_absolute_error,1.537067670675981
spco2_le_threshold,5000,15,historical_density_minus_random,p95_absolute_error,26.83846180841465
spco2_le_threshold,5000,15,historical_density_minus_random,p99_absolute_error,45.65945215244324
spco2_le_threshold,5000,16,spatial_coverage_minus_random,rmse,-8.22301612827281
spco2_le_threshold,5000,16,spatial_coverage_minus_random,mae,-0.5793640742998463
spco2_le_threshold,5000,16,spatial_coverage_minus_random,median_absolute_error,0.5033562336129194
spco2_le_threshold,5000,16,spatial_coverage_minus_random,p95_absolute_error,-0.3027886866747309
spco2_le_threshold,5000,16,spatial_coverage_minus_random,p99_absolute_error,-18.48442744673965
spco2_le_threshold,5000,16,historical_density_minus_random,rmse,3.6235278528418107
spco2_le_threshold,5000,16,historical_density_minus_random,mae,4.259437429220368
spco2_le_threshold,5000,16,historical_density_minus_random,median_absolute_error,1.344182959813736
spco2_le_threshold,5000,16,historical_density_minus_random,p95_absolute_error,28.987900757492874
spco2_le_threshold,5000,16,historical_density_minus_random,p99_absolute_error,41.01368250942684
spco2_le_threshold,5000,17,spatial_coverage_minus_random,rmse,-0.9586045644103685
spco2_le_threshold,5000,17,spatial_coverage_minus_random,mae,0.43128100543718695
spco2_le_threshold,5000,17,spatial_coverage_minus_random,median_absolute_error,0.7035007204750343
spco2_le_threshold,5000,17,spatial_coverage_minus_random,p95_absolute_error,0.4990411574631075
spco2_le_threshold,5000,17,spatial_coverage_minus_random,p99_absolute_error,-5.897368391950863
spco2_le_threshold,5000,17,historical_density_minus_random,rmse,10.922045671103842
spco2_le_threshold,5000,17,historical_density_minus_random,mae,5.439768937073348
spco2_le_threshold,5000,17,historical_density_minus_random,median_absolute_error,1.9395822166083576
spco2_le_threshold,5000,17,historical_density_minus_random,p95_absolute_error,25.745789696770046
spco2_le_threshold,5000,17,historical_density_minus_random,p99_absolute_error,52.29177957168881
spco2_le_threshold,5000,18,spatial_coverage_minus_random,rmse,0.37401443716049343
spco2_le_threshold,5000,18,spatial_coverage_minus_random,mae,0.8758321955354162
spco2_le_threshold,5000,18,spatial_coverage_minus_random,median_absolute_error,0.9862484672475489
spco2_le_threshold,5000,18,spatial_coverage_minus_random,p95_absolute_error,2.1187400108294234
spco2_le_threshold,5000,18,spatial_coverage_minus_random,p99_absolute_error,-7.236046755032298
spco2_le_threshold,5000,18,historical_density_minus_random,rmse,10.410120053601684
spco2_le_threshold,5000,18,historical_density_minus_random,mae,5.120303613784303
spco2_le_threshold,5000,18,historical_density_minus_random,median_absolute_error,2.068087668314064
spco2_le_threshold,5000,18,historical_density_minus_random,p95_absolute_error,21.739935283866302
spco2_le_threshold,5000,18,historical_density_minus_random,p99_absolute_error,51.152968823010625
spco2_le_threshold,5000,19,spatial_coverage_minus_random,rmse,0.973758194001725
spco2_le_threshold,5000,19,spatial_coverage_minus_random,mae,0.7320218541057226
spco2_le_threshold,5000,19,spatial_coverage_minus_random,median_absolute_error,0.722681582639467
spco2_le_threshold,5000,19,spatial_coverage_minus_random,p95_absolute_error,1.285831615630105
spco2_le_threshold,5000,19,spatial_coverage_minus_random,p99_absolute_error,-5.61345342992238
spco2_le_threshold,5000,19,historical_density_minus_random,rmse,12.502135902217177
spco2_le_threshold,5000,19,historical_density_minus_random,mae,5.799018896791994
spco2_le_threshold,5000,19,historical_density_minus_random,median_absolute_error,1.990721423203098
spco2_le_threshold,5000,19,historical_density_minus_random,p95_absolute_error,26.834569654118976
spco2_le_threshold,5000,19,historical_density_minus_random,p99_absolute_error,59.3894773667648
