year,validation_scheme,spatial_fold,budget,seed,strategy,domain,weighting,n_evaluation,bias,mae,rmse,latitude_cutoff_degrees_north
2005,hidden_cells_latitude_cap,-1,5000,0,random,global,equal_cell,86916,0.1800850620705839,9.65181282141054,24.22609333715621,60.0
2005,hidden_cells_latitude_cap,-1,5000,0,random,global,spherical_cell_area,86916,0.1299012755753453,9.322377051998624,22.71238530342024,60.0
2005,hidden_cells_latitude_cap,-1,5000,0,random,south_of_60n,equal_cell,86916,0.1800850620705839,9.65181282141054,24.22609333715621,60.0
2005,hidden_cells_latitude_cap,-1,5000,0,random,south_of_60n,spherical_cell_area,86916,0.1299012755753453,9.322377051998624,22.71238530342024,60.0
2005,hidden_cells_latitude_cap,-1,5000,0,historical_density,global,equal_cell,86916,-0.5006880313742688,12.05995415143307,28.41056064956072,60.0
2005,hidden_cells_latitude_cap,-1,5000,0,historical_density,global,spherical_cell_area,86916,0.0713037090091735,11.61660518710432,26.536140611027125,60.0
2005,hidden_cells_latitude_cap,-1,5000,0,historical_density,south_of_60n,equal_cell,86916,-0.5006880313742688,12.05995415143307,28.41056064956072,60.0
2005,hidden_cells_latitude_cap,-1,5000,0,historical_density,south_of_60n,spherical_cell_area,86916,0.0713037090091735,11.61660518710432,26.536140611027125,60.0
2005,hidden_cells_latitude_cap,-1,5000,0,spatial_coverage,global,equal_cell,86916,0.102209507421576,9.675584295025756,21.09140922184444,60.0
2005,hidden_cells_latitude_cap,-1,5000,0,spatial_coverage,global,spherical_cell_area,86916,0.2128805045925288,9.3554255755483,19.867675986557835,60.0
2005,hidden_cells_latitude_cap,-1,5000,0,spatial_coverage,south_of_60n,equal_cell,86916,0.102209507421576,9.675584295025756,21.09140922184444,60.0
2005,hidden_cells_latitude_cap,-1,5000,0,spatial_coverage,south_of_60n,spherical_cell_area,86916,0.2128805045925288,9.3554255755483,19.867675986557835,60.0
2005,hidden_cells_latitude_cap,-1,5000,1,random,global,equal_cell,86916,-0.1099592086809068,10.20670574973299,25.072957295393028,60.0
2005,hidden_cells_latitude_cap,-1,5000,1,random,global,spherical_cell_area,86916,-0.2032038344868279,9.787947040369389,23.74805673049721,60.0
2005,hidden_cells_latitude_cap,-1,5000,1,random,south_of_60n,equal_cell,86916,-0.1099592086809068,10.20670574973299,25.072957295393028,60.0
2005,hidden_cells_latitude_cap,-1,5000,1,random,south_of_60n,spherical_cell_area,86916,-0.2032038344868279,9.787947040369389,23.74805673049721,60.0
2005,hidden_cells_latitude_cap,-1,5000,1,historical_density,global,equal_cell,86916,-1.1582012043440169,12.196570242007349,28.24769319623021,60.0
2005,hidden_cells_latitude_cap,-1,5000,1,historical_density,global,spherical_cell_area,86916,-0.913833674662705,11.742724505403496,26.48310755113012,60.0
2005,hidden_cells_latitude_cap,-1,5000,1,historical_density,south_of_60n,equal_cell,86916,-1.1582012043440169,12.196570242007349,28.24769319623021,60.0
2005,hidden_cells_latitude_cap,-1,5000,1,historical_density,south_of_60n,spherical_cell_area,86916,-0.913833674662705,11.742724505403496,26.48310755113012,60.0
2005,hidden_cells_latitude_cap,-1,5000,1,spatial_coverage,global,equal_cell,86916,-0.2217792599409642,10.001910785263464,21.999420757053034,60.0
2005,hidden_cells_latitude_cap,-1,5000,1,spatial_coverage,global,spherical_cell_area,86916,-0.186560494881398,9.690718731488571,20.62430127732272,60.0
2005,hidden_cells_latitude_cap,-1,5000,1,spatial_coverage,south_of_60n,equal_cell,86916,-0.2217792599409642,10.001910785263464,21.999420757053034,60.0
2005,hidden_cells_latitude_cap,-1,5000,1,spatial_coverage,south_of_60n,spherical_cell_area,86916,-0.186560494881398,9.690718731488571,20.62430127732272,60.0
2005,hidden_cells_latitude_cap,-1,5000,2,random,global,equal_cell,86916,0.0092158657956296,9.45464443432506,23.774828406007316,60.0
2005,hidden_cells_latitude_cap,-1,5000,2,random,global,spherical_cell_area,86916,0.064189195561489,9.096703903919405,22.25124986861834,60.0
2005,hidden_cells_latitude_cap,-1,5000,2,random,south_of_60n,equal_cell,86916,0.0092158657956296,9.45464443432506,23.774828406007316,60.0
2005,hidden_cells_latitude_cap,-1,5000,2,random,south_of_60n,spherical_cell_area,86916,0.064189195561489,9.096703903919405,22.25124986861834,60.0
2005,hidden_cells_latitude_cap,-1,5000,2,historical_density,global,equal_cell,86916,-1.0334899451307746,11.76029029113194,28.21440813013133,60.0
2005,hidden_cells_latitude_cap,-1,5000,2,historical_density,global,spherical_cell_area,86916,-0.751433034918991,11.272083529157785,26.35501289617381,60.0
2005,hidden_cells_latitude_cap,-1,5000,2,historical_density,south_of_60n,equal_cell,86916,-1.0334899451307746,11.76029029113194,28.21440813013133,60.0
2005,hidden_cells_latitude_cap,-1,5000,2,historical_density,south_of_60n,spherical_cell_area,86916,-0.751433034918991,11.272083529157785,26.35501289617381,60.0
2005,hidden_cells_latitude_cap,-1,5000,2,spatial_coverage,global,equal_cell,86916,0.0013679889580111,9.576880915638103,22.079818436354227,60.0
2005,hidden_cells_latitude_cap,-1,5000,2,spatial_coverage,global,spherical_cell_area,86916,0.0780528381864827,9.320004665042154,20.808955127625524,60.0
2005,hidden_cells_latitude_cap,-1,5000,2,spatial_coverage,south_of_60n,equal_cell,86916,0.0013679889580111,9.576880915638103,22.079818436354227,60.0
2005,hidden_cells_latitude_cap,-1,5000,2,spatial_coverage,south_of_60n,spherical_cell_area,86916,0.0780528381864827,9.320004665042154,20.808955127625524,60.0
2005,hidden_cells_latitude_cap,-1,5000,3,random,global,equal_cell,86916,-0.378126726673395,9.518829803140257,24.146230649995196,60.0
2005,hidden_cells_latitude_cap,-1,5000,3,random,global,spherical_cell_area,86916,-0.326330502883666,9.256457024441522,22.679890803454207,60.0
2005,hidden_cells_latitude_cap,-1,5000,3,random,south_of_60n,equal_cell,86916,-0.378126726673395,9.518829803140257,24.146230649995196,60.0
2005,hidden_cells_latitude_cap,-1,5000,3,random,south_of_60n,spherical_cell_area,86916,-0.326330502883666,9.256457024441522,22.679890803454207,60.0
2005,hidden_cells_latitude_cap,-1,5000,3,historical_density,global,equal_cell,86916,-0.9635852312379246,11.944050423480826,28.65657389967889,60.0
2005,hidden_cells_latitude_cap,-1,5000,3,historical_density,global,spherical_cell_area,86916,-0.6425042487479372,11.449093577367146,26.726119435014443,60.0
2005,hidden_cells_latitude_cap,-1,5000,3,historical_density,south_of_60n,equal_cell,86916,-0.9635852312379246,11.944050423480826,28.65657389967889,60.0
2005,hidden_cells_latitude_cap,-1,5000,3,historical_density,south_of_60n,spherical_cell_area,86916,-0.6425042487479372,11.449093577367146,26.726119435014443,60.0
2005,hidden_cells_latitude_cap,-1,5000,3,spatial_coverage,global,equal_cell,86916,-0.090359204226854,10.013982888363564,21.33810374881936,60.0
2005,hidden_cells_latitude_cap,-1,5000,3,spatial_coverage,global,spherical_cell_area,86916,0.0601865745278871,9.680711412903792,20.011256941214977,60.0
2005,hidden_cells_latitude_cap,-1,5000,3,spatial_coverage,south_of_60n,equal_cell,86916,-0.090359204226854,10.013982888363564,21.33810374881936,60.0
2005,hidden_cells_latitude_cap,-1,5000,3,spatial_coverage,south_of_60n,spherical_cell_area,86916,0.0601865745278871,9.680711412903792,20.011256941214977,60.0
2005,hidden_cells_latitude_cap,-1,5000,4,random,global,equal_cell,86916,0.4353693184213183,9.584403967838387,23.435730188336564,60.0
2005,hidden_cells_latitude_cap,-1,5000,4,random,global,spherical_cell_area,86916,0.4211509454075808,9.32567455744415,21.96115043242005,60.0
2005,hidden_cells_latitude_cap,-1,5000,4,random,south_of_60n,equal_cell,86916,0.4353693184213183,9.584403967838387,23.435730188336564,60.0
2005,hidden_cells_latitude_cap,-1,5000,4,random,south_of_60n,spherical_cell_area,86916,0.4211509454075808,9.32567455744415,21.96115043242005,60.0
2005,hidden_cells_latitude_cap,-1,5000,4,historical_density,global,equal_cell,86916,-1.0288687543844326,11.767135480796345,28.050300011714487,60.0
2005,hidden_cells_latitude_cap,-1,5000,4,historical_density,global,spherical_cell_area,86916,-0.7342004418076785,11.221795336755946,26.17060786941837,60.0
2005,hidden_cells_latitude_cap,-1,5000,4,historical_density,south_of_60n,equal_cell,86916,-1.0288687543844326,11.767135480796345,28.050300011714487,60.0
2005,hidden_cells_latitude_cap,-1,5000,4,historical_density,south_of_60n,spherical_cell_area,86916,-0.7342004418076785,11.221795336755946,26.17060786941837,60.0
2005,hidden_cells_latitude_cap,-1,5000,4,spatial_coverage,global,equal_cell,86916,-0.0902849278250271,9.348593996042723,21.496747759436477,60.0
2005,hidden_cells_latitude_cap,-1,5000,4,spatial_coverage,global,spherical_cell_area,86916,0.005597714058573,9.02501835292776,20.16299270613676,60.0
2005,hidden_cells_latitude_cap,-1,5000,4,spatial_coverage,south_of_60n,equal_cell,86916,-0.0902849278250271,9.348593996042723,21.496747759436477,60.0
2005,hidden_cells_latitude_cap,-1,5000,4,spatial_coverage,south_of_60n,spherical_cell_area,86916,0.005597714058573,9.02501835292776,20.16299270613676,60.0
2005,hidden_cells_latitude_cap,-1,5000,5,random,global,equal_cell,86916,-0.1567890601827924,9.69560807180985,23.06186604499442,60.0
2005,hidden_cells_latitude_cap,-1,5000,5,random,global,spherical_cell_area,86916,-0.1283016228518871,9.397795489935504,21.770777646256207,60.0
2005,hidden_cells_latitude_cap,-1,5000,5,random,south_of_60n,equal_cell,86916,-0.1567890601827924,9.69560807180985,23.06186604499442,60.0
2005,hidden_cells_latitude_cap,-1,5000,5,random,south_of_60n,spherical_cell_area,86916,-0.1283016228518871,9.397795489935504,21.770777646256207,60.0
2005,hidden_cells_latitude_cap,-1,5000,5,historical_density,global,equal_cell,86916,-1.3009226813974364,12.18405210573245,29.07368680965005,60.0
2005,hidden_cells_latitude_cap,-1,5000,5,historical_density,global,spherical_cell_area,86916,-1.0127119097032038,11.688287985778272,27.1678660052607,60.0
2005,hidden_cells_latitude_cap,-1,5000,5,historical_density,south_of_60n,equal_cell,86916,-1.3009226813974364,12.18405210573245,29.07368680965005,60.0
2005,hidden_cells_latitude_cap,-1,5000,5,historical_density,south_of_60n,spherical_cell_area,86916,-1.0127119097032038,11.688287985778272,27.1678660052607,60.0
2005,hidden_cells_latitude_cap,-1,5000,5,spatial_coverage,global,equal_cell,86916,-0.3630727657956648,9.984475276646243,23.01830335414075,60.0
2005,hidden_cells_latitude_cap,-1,5000,5,spatial_coverage,global,spherical_cell_area,86916,-0.3120683586881386,9.677217998084885,21.725320268507826,60.0
2005,hidden_cells_latitude_cap,-1,5000,5,spatial_coverage,south_of_60n,equal_cell,86916,-0.3630727657956648,9.984475276646243,23.01830335414075,60.0
2005,hidden_cells_latitude_cap,-1,5000,5,spatial_coverage,south_of_60n,spherical_cell_area,86916,-0.3120683586881386,9.677217998084885,21.725320268507826,60.0
2005,hidden_cells_latitude_cap,-1,5000,6,random,global,equal_cell,86916,0.3928477543386762,10.592804629954882,25.536418307013943,60.0
2005,hidden_cells_latitude_cap,-1,5000,6,random,global,spherical_cell_area,86916,0.2572404596236744,10.059957077207535,23.658319424601736,60.0
2005,hidden_cells_latitude_cap,-1,5000,6,random,south_of_60n,equal_cell,86916,0.3928477543386762,10.592804629954882,25.536418307013943,60.0
2005,hidden_cells_latitude_cap,-1,5000,6,random,south_of_60n,spherical_cell_area,86916,0.2572404596236744,10.059957077207535,23.658319424601736,60.0
2005,hidden_cells_latitude_cap,-1,5000,6,historical_density,global,equal_cell,86916,-1.4404748624416923,12.08447445663784,29.06870303901948,60.0
2005,hidden_cells_latitude_cap,-1,5000,6,historical_density,global,spherical_cell_area,86916,-1.0838598812029556,11.543892648708756,27.07378884396037,60.0
2005,hidden_cells_latitude_cap,-1,5000,6,historical_density,south_of_60n,equal_cell,86916,-1.4404748624416923,12.08447445663784,29.06870303901948,60.0
2005,hidden_cells_latitude_cap,-1,5000,6,historical_density,south_of_60n,spherical_cell_area,86916,-1.0838598812029556,11.543892648708756,27.07378884396037,60.0
2005,hidden_cells_latitude_cap,-1,5000,6,spatial_coverage,global,equal_cell,86916,0.0446548586419654,10.382582499033786,22.31566057640106,60.0
2005,hidden_cells_latitude_cap,-1,5000,6,spatial_coverage,global,spherical_cell_area,86916,0.1626260439038217,9.983443899117711,20.727532885561185,60.0
2005,hidden_cells_latitude_cap,-1,5000,6,spatial_coverage,south_of_60n,equal_cell,86916,0.0446548586419654,10.382582499033786,22.31566057640106,60.0
2005,hidden_cells_latitude_cap,-1,5000,6,spatial_coverage,south_of_60n,spherical_cell_area,86916,0.1626260439038217,9.983443899117711,20.727532885561185,60.0
2005,hidden_cells_latitude_cap,-1,5000,7,random,global,equal_cell,86916,0.0350338538279107,9.679824432680432,23.438663876817547,60.0
2005,hidden_cells_latitude_cap,-1,5000,7,random,global,spherical_cell_area,86916,-0.0224451138736188,9.342967729601916,22.09199783684336,60.0
2005,hidden_cells_latitude_cap,-1,5000,7,random,south_of_60n,equal_cell,86916,0.0350338538279107,9.679824432680432,23.438663876817547,60.0
2005,hidden_cells_latitude_cap,-1,5000,7,random,south_of_60n,spherical_cell_area,86916,-0.0224451138736188,9.342967729601916,22.09199783684336,60.0
2005,hidden_cells_latitude_cap,-1,5000,7,historical_density,global,equal_cell,86916,-1.0166019353898377,12.209541947116737,28.560984761678963,60.0
2005,hidden_cells_latitude_cap,-1,5000,7,historical_density,global,spherical_cell_area,86916,-0.8118906553990717,11.829671391515912,26.77567759415831,60.0
2005,hidden_cells_latitude_cap,-1,5000,7,historical_density,south_of_60n,equal_cell,86916,-1.0166019353898377,12.209541947116737,28.560984761678963,60.0
2005,hidden_cells_latitude_cap,-1,5000,7,historical_density,south_of_60n,spherical_cell_area,86916,-0.8118906553990717,11.829671391515912,26.77567759415831,60.0
2005,hidden_cells_latitude_cap,-1,5000,7,spatial_coverage,global,equal_cell,86916,-0.1825378319220551,9.830461649755748,22.52972331769771,60.0
2005,hidden_cells_latitude_cap,-1,5000,7,spatial_coverage,global,spherical_cell_area,86916,-0.1865263311438693,9.485780926979633,21.05787544417719,60.0
2005,hidden_cells_latitude_cap,-1,5000,7,spatial_coverage,south_of_60n,equal_cell,86916,-0.1825378319220551,9.830461649755748,22.52972331769771,60.0
2005,hidden_cells_latitude_cap,-1,5000,7,spatial_coverage,south_of_60n,spherical_cell_area,86916,-0.1865263311438693,9.485780926979633,21.05787544417719,60.0
2005,hidden_cells_latitude_cap,-1,5000,8,random,global,equal_cell,86916,-0.4041037147274072,9.404148758349251,24.60326274701608,60.0
2005,hidden_cells_latitude_cap,-1,5000,8,random,global,spherical_cell_area,86916,-0.3065420363652122,9.0928871797288,23.09208561574339,60.0
2005,hidden_cells_latitude_cap,-1,5000,8,random,south_of_60n,equal_cell,86916,-0.4041037147274072,9.404148758349251,24.60326274701608,60.0
2005,hidden_cells_latitude_cap,-1,5000,8,random,south_of_60n,spherical_cell_area,86916,-0.3065420363652122,9.0928871797288,23.09208561574339,60.0
2005,hidden_cells_latitude_cap,-1,5000,8,historical_density,global,equal_cell,86916,-1.308212146887635,11.93323312295238,28.464488736868827,60.0
2005,hidden_cells_latitude_cap,-1,5000,8,historical_density,global,spherical_cell_area,86916,-1.0190734799277246,11.455749901542484,26.610504768092568,60.0
2005,hidden_cells_latitude_cap,-1,5000,8,historical_density,south_of_60n,equal_cell,86916,-1.308212146887635,11.93323312295238,28.464488736868827,60.0
2005,hidden_cells_latitude_cap,-1,5000,8,historical_density,south_of_60n,spherical_cell_area,86916,-1.0190734799277246,11.455749901542484,26.610504768092568,60.0
2005,hidden_cells_latitude_cap,-1,5000,8,spatial_coverage,global,equal_cell,86916,-0.020942618144202,9.799306226703408,21.042870775304134,60.0
2005,hidden_cells_latitude_cap,-1,5000,8,spatial_coverage,global,spherical_cell_area,86916,0.2018556780701576,9.54071691425616,19.960489013833755,60.0
2005,hidden_cells_latitude_cap,-1,5000,8,spatial_coverage,south_of_60n,equal_cell,86916,-0.020942618144202,9.799306226703408,21.042870775304134,60.0
2005,hidden_cells_latitude_cap,-1,5000,8,spatial_coverage,south_of_60n,spherical_cell_area,86916,0.2018556780701576,9.54071691425616,19.960489013833755,60.0
2005,hidden_cells_latitude_cap,-1,5000,9,random,global,equal_cell,86916,0.4143239261993718,9.900407206914544,24.17812079376516,60.0
2005,hidden_cells_latitude_cap,-1,5000,9,random,global,spherical_cell_area,86916,0.4245689496537473,9.469713375771304,22.523357225313077,60.0
2005,hidden_cells_latitude_cap,-1,5000,9,random,south_of_60n,equal_cell,86916,0.4143239261993718,9.900407206914544,24.17812079376516,60.0
2005,hidden_cells_latitude_cap,-1,5000,9,random,south_of_60n,spherical_cell_area,86916,0.4245689496537473,9.469713375771304,22.523357225313077,60.0
2005,hidden_cells_latitude_cap,-1,5000,9,historical_density,global,equal_cell,86916,-1.0001733610444443,12.232679729534834,28.472365822410108,60.0
2005,hidden_cells_latitude_cap,-1,5000,9,historical_density,global,spherical_cell_area,86916,-0.6591999185701469,11.81024932794188,26.689554902739488,60.0
2005,hidden_cells_latitude_cap,-1,5000,9,historical_density,south_of_60n,equal_cell,86916,-1.0001733610444443,12.232679729534834,28.472365822410108,60.0
2005,hidden_cells_latitude_cap,-1,5000,9,historical_density,south_of_60n,spherical_cell_area,86916,-0.6591999185701469,11.81024932794188,26.689554902739488,60.0
2005,hidden_cells_latitude_cap,-1,5000,9,spatial_coverage,global,equal_cell,86916,-0.1551684359658762,9.65735314513605,21.29655839967792,60.0
2005,hidden_cells_latitude_cap,-1,5000,9,spatial_coverage,global,spherical_cell_area,86916,0.0052936888154071,9.421568158979516,20.152403105366638,60.0
2005,hidden_cells_latitude_cap,-1,5000,9,spatial_coverage,south_of_60n,equal_cell,86916,-0.1551684359658762,9.65735314513605,21.29655839967792,60.0
2005,hidden_cells_latitude_cap,-1,5000,9,spatial_coverage,south_of_60n,spherical_cell_area,86916,0.0052936888154071,9.421568158979516,20.152403105366638,60.0
2005,hidden_cells_latitude_cap,-1,5000,10,random,global,equal_cell,86916,-0.0921616635276362,9.731496074475592,22.58218885120376,60.0
2005,hidden_cells_latitude_cap,-1,5000,10,random,global,spherical_cell_area,86916,-0.0790865715092683,9.354208165718235,21.24947440290151,60.0
2005,hidden_cells_latitude_cap,-1,5000,10,random,south_of_60n,equal_cell,86916,-0.0921616635276362,9.731496074475592,22.58218885120376,60.0
2005,hidden_cells_latitude_cap,-1,5000,10,random,south_of_60n,spherical_cell_area,86916,-0.0790865715092683,9.354208165718235,21.24947440290151,60.0
2005,hidden_cells_latitude_cap,-1,5000,10,historical_density,global,equal_cell,86916,-0.7709930762870694,11.760866381777465,28.121445965810747,60.0
2005,hidden_cells_latitude_cap,-1,5000,10,historical_density,global,spherical_cell_area,86916,-0.4818400896435996,11.33739091096398,26.336460098019245,60.0
2005,hidden_cells_latitude_cap,-1,5000,10,historical_density,south_of_60n,equal_cell,86916,-0.7709930762870694,11.760866381777465,28.121445965810747,60.0
2005,hidden_cells_latitude_cap,-1,5000,10,historical_density,south_of_60n,spherical_cell_area,86916,-0.4818400896435996,11.33739091096398,26.336460098019245,60.0
2005,hidden_cells_latitude_cap,-1,5000,10,spatial_coverage,global,equal_cell,86916,-0.0399318272535722,9.721000995596826,21.693929381782944,60.0
2005,hidden_cells_latitude_cap,-1,5000,10,spatial_coverage,global,spherical_cell_area,86916,0.0488667496077098,9.377937225222803,20.37042246686803,60.0
2005,hidden_cells_latitude_cap,-1,5000,10,spatial_coverage,south_of_60n,equal_cell,86916,-0.0399318272535722,9.721000995596826,21.693929381782944,60.0
2005,hidden_cells_latitude_cap,-1,5000,10,spatial_coverage,south_of_60n,spherical_cell_area,86916,0.0488667496077098,9.377937225222803,20.37042246686803,60.0
2005,hidden_cells_latitude_cap,-1,5000,11,random,global,equal_cell,86916,0.2245854347997417,9.95687019174969,24.617789411160164,60.0
2005,hidden_cells_latitude_cap,-1,5000,11,random,global,spherical_cell_area,86916,0.0789168090361692,9.530330395188638,23.04732301532147,60.0
2005,hidden_cells_latitude_cap,-1,5000,11,random,south_of_60n,equal_cell,86916,0.2245854347997417,9.95687019174969,24.617789411160164,60.0
2005,hidden_cells_latitude_cap,-1,5000,11,random,south_of_60n,spherical_cell_area,86916,0.0789168090361692,9.530330395188638,23.04732301532147,60.0
2005,hidden_cells_latitude_cap,-1,5000,11,historical_density,global,equal_cell,86916,-0.9742758259814956,11.693102945043847,28.086943211192157,60.0
2005,hidden_cells_latitude_cap,-1,5000,11,historical_density,global,spherical_cell_area,86916,-0.6713899516243328,11.23264417804564,26.221619812903064,60.0
2005,hidden_cells_latitude_cap,-1,5000,11,historical_density,south_of_60n,equal_cell,86916,-0.9742758259814956,11.693102945043847,28.086943211192157,60.0
2005,hidden_cells_latitude_cap,-1,5000,11,historical_density,south_of_60n,spherical_cell_area,86916,-0.6713899516243328,11.23264417804564,26.221619812903064,60.0
2005,hidden_cells_latitude_cap,-1,5000,11,spatial_coverage,global,equal_cell,86916,-0.0905993195397549,9.811115465321084,21.831372398823248,60.0
2005,hidden_cells_latitude_cap,-1,5000,11,spatial_coverage,global,spherical_cell_area,86916,-0.0641209693859999,9.486299760989567,20.42323002575598,60.0
2005,hidden_cells_latitude_cap,-1,5000,11,spatial_coverage,south_of_60n,equal_cell,86916,-0.0905993195397549,9.811115465321084,21.831372398823248,60.0
2005,hidden_cells_latitude_cap,-1,5000,11,spatial_coverage,south_of_60n,spherical_cell_area,86916,-0.0641209693859999,9.486299760989567,20.42323002575598,60.0
2005,hidden_cells_latitude_cap,-1,5000,12,random,global,equal_cell,86916,-0.1039532831953294,9.298601970107509,24.165679626787504,60.0
2005,hidden_cells_latitude_cap,-1,5000,12,random,global,spherical_cell_area,86916,0.0237267289907246,8.981322171097503,22.582349403234037,60.0
2005,hidden_cells_latitude_cap,-1,5000,12,random,south_of_60n,equal_cell,86916,-0.1039532831953294,9.298601970107509,24.165679626787504,60.0
2005,hidden_cells_latitude_cap,-1,5000,12,random,south_of_60n,spherical_cell_area,86916,0.0237267289907246,8.981322171097503,22.582349403234037,60.0
2005,hidden_cells_latitude_cap,-1,5000,12,historical_density,global,equal_cell,86916,-0.5169342150217534,12.06175939603064,27.939124717827728,60.0
2005,hidden_cells_latitude_cap,-1,5000,12,historical_density,global,spherical_cell_area,86916,-0.0947629218350639,11.609991305177688,26.161007849930023,60.0
2005,hidden_cells_latitude_cap,-1,5000,12,historical_density,south_of_60n,equal_cell,86916,-0.5169342150217534,12.06175939603064,27.939124717827728,60.0
2005,hidden_cells_latitude_cap,-1,5000,12,historical_density,south_of_60n,spherical_cell_area,86916,-0.0947629218350639,11.609991305177688,26.161007849930023,60.0
2005,hidden_cells_latitude_cap,-1,5000,12,spatial_coverage,global,equal_cell,86916,-0.0588624394832098,10.035385101681422,21.467224460897725,60.0
2005,hidden_cells_latitude_cap,-1,5000,12,spatial_coverage,global,spherical_cell_area,86916,-0.0448939988073815,9.683013890872928,20.136567054908355,60.0
2005,hidden_cells_latitude_cap,-1,5000,12,spatial_coverage,south_of_60n,equal_cell,86916,-0.0588624394832098,10.035385101681422,21.467224460897725,60.0
2005,hidden_cells_latitude_cap,-1,5000,12,spatial_coverage,south_of_60n,spherical_cell_area,86916,-0.0448939988073815,9.683013890872928,20.136567054908355,60.0
2005,hidden_cells_latitude_cap,-1,5000,13,random,global,equal_cell,86916,-0.0502965832761607,9.506496106336956,23.53621566073801,60.0
2005,hidden_cells_latitude_cap,-1,5000,13,random,global,spherical_cell_area,86916,0.054720841328607,9.24139992860335,22.088183155652025,60.0
2005,hidden_cells_latitude_cap,-1,5000,13,random,south_of_60n,equal_cell,86916,-0.0502965832761607,9.506496106336956,23.53621566073801,60.0
2005,hidden_cells_latitude_cap,-1,5000,13,random,south_of_60n,spherical_cell_area,86916,0.054720841328607,9.24139992860335,22.088183155652025,60.0
2005,hidden_cells_latitude_cap,-1,5000,13,historical_density,global,equal_cell,86916,-0.8797050623411808,12.085129543345076,28.354906525263264,60.0
2005,hidden_cells_latitude_cap,-1,5000,13,historical_density,global,spherical_cell_area,86916,-0.5783924418969404,11.58804231475985,26.432261647572464,60.0
2005,hidden_cells_latitude_cap,-1,5000,13,historical_density,south_of_60n,equal_cell,86916,-0.8797050623411808,12.085129543345076,28.354906525263264,60.0
2005,hidden_cells_latitude_cap,-1,5000,13,historical_density,south_of_60n,spherical_cell_area,86916,-0.5783924418969404,11.58804231475985,26.432261647572464,60.0
2005,hidden_cells_latitude_cap,-1,5000,13,spatial_coverage,global,equal_cell,86916,-0.0284613424184062,9.7859630059061,20.94276115237562,60.0
2005,hidden_cells_latitude_cap,-1,5000,13,spatial_coverage,global,spherical_cell_area,86916,0.0771423243132972,9.52672211081656,19.79329802000356,60.0
2005,hidden_cells_latitude_cap,-1,5000,13,spatial_coverage,south_of_60n,equal_cell,86916,-0.0284613424184062,9.7859630059061,20.94276115237562,60.0
2005,hidden_cells_latitude_cap,-1,5000,13,spatial_coverage,south_of_60n,spherical_cell_area,86916,0.0771423243132972,9.52672211081656,19.79329802000356,60.0
2005,hidden_cells_latitude_cap,-1,5000,14,random,global,equal_cell,86916,0.3487351118939033,9.674010290892468,24.378835191624024,60.0
2005,hidden_cells_latitude_cap,-1,5000,14,random,global,spherical_cell_area,86916,0.40723243705645,9.318246712139697,22.71982275082635,60.0
2005,hidden_cells_latitude_cap,-1,5000,14,random,south_of_60n,equal_cell,86916,0.3487351118939033,9.674010290892468,24.378835191624024,60.0
2005,hidden_cells_latitude_cap,-1,5000,14,random,south_of_60n,spherical_cell_area,86916,0.40723243705645,9.318246712139697,22.71982275082635,60.0
2005,hidden_cells_latitude_cap,-1,5000,14,historical_density,global,equal_cell,86916,-1.006002623182752,11.89153527455682,28.43996862812402,60.0
2005,hidden_cells_latitude_cap,-1,5000,14,historical_density,global,spherical_cell_area,86916,-0.7249269792571974,11.386606555162734,26.49055078827165,60.0
2005,hidden_cells_latitude_cap,-1,5000,14,historical_density,south_of_60n,equal_cell,86916,-1.006002623182752,11.89153527455682,28.43996862812402,60.0
2005,hidden_cells_latitude_cap,-1,5000,14,historical_density,south_of_60n,spherical_cell_area,86916,-0.7249269792571974,11.386606555162734,26.49055078827165,60.0
2005,hidden_cells_latitude_cap,-1,5000,14,spatial_coverage,global,equal_cell,86916,-0.1271306823160211,9.725734944180576,21.76266728193116,60.0
2005,hidden_cells_latitude_cap,-1,5000,14,spatial_coverage,global,spherical_cell_area,86916,-0.0676822480226045,9.42628742091117,20.518299706645823,60.0
2005,hidden_cells_latitude_cap,-1,5000,14,spatial_coverage,south_of_60n,equal_cell,86916,-0.1271306823160211,9.725734944180576,21.76266728193116,60.0
2005,hidden_cells_latitude_cap,-1,5000,14,spatial_coverage,south_of_60n,spherical_cell_area,86916,-0.0676822480226045,9.42628742091117,20.518299706645823,60.0
2005,hidden_cells_latitude_cap,-1,5000,15,random,global,equal_cell,86916,0.3999196893387007,9.684282608075003,23.274014268232573,60.0
2005,hidden_cells_latitude_cap,-1,5000,15,random,global,spherical_cell_area,86916,0.4456744073055664,9.345855703039188,21.941126401829468,60.0
2005,hidden_cells_latitude_cap,-1,5000,15,random,south_of_60n,equal_cell,86916,0.3999196893387007,9.684282608075003,23.274014268232573,60.0
2005,hidden_cells_latitude_cap,-1,5000,15,random,south_of_60n,spherical_cell_area,86916,0.4456744073055664,9.345855703039188,21.941126401829468,60.0
2005,hidden_cells_latitude_cap,-1,5000,15,historical_density,global,equal_cell,86916,-1.016686799441339,11.8793508191789,28.2365444988967,60.0
2005,hidden_cells_latitude_cap,-1,5000,15,historical_density,global,spherical_cell_area,86916,-0.899640425821662,11.35595202812,26.366185423934684,60.0
2005,hidden_cells_latitude_cap,-1,5000,15,historical_density,south_of_60n,equal_cell,86916,-1.016686799441339,11.8793508191789,28.2365444988967,60.0
2005,hidden_cells_latitude_cap,-1,5000,15,historical_density,south_of_60n,spherical_cell_area,86916,-0.899640425821662,11.35595202812,26.366185423934684,60.0
2005,hidden_cells_latitude_cap,-1,5000,15,spatial_coverage,global,equal_cell,86916,0.3395077321961191,9.940969036130374,22.93243963141422,60.0
2005,hidden_cells_latitude_cap,-1,5000,15,spatial_coverage,global,spherical_cell_area,86916,0.3633574317833153,9.561392036247108,21.38467382488032,60.0
2005,hidden_cells_latitude_cap,-1,5000,15,spatial_coverage,south_of_60n,equal_cell,86916,0.3395077321961191,9.940969036130374,22.93243963141422,60.0
2005,hidden_cells_latitude_cap,-1,5000,15,spatial_coverage,south_of_60n,spherical_cell_area,86916,0.3633574317833153,9.561392036247108,21.38467382488032,60.0
2005,hidden_cells_latitude_cap,-1,5000,16,random,global,equal_cell,86916,0.0135772738751697,9.297103678028789,24.25458177114005,60.0
2005,hidden_cells_latitude_cap,-1,5000,16,random,global,spherical_cell_area,86916,-0.0884532650259511,8.958481122328159,22.745853394295487,60.0
2005,hidden_cells_latitude_cap,-1,5000,16,random,south_of_60n,equal_cell,86916,0.0135772738751697,9.297103678028789,24.25458177114005,60.0
2005,hidden_cells_latitude_cap,-1,5000,16,random,south_of_60n,spherical_cell_area,86916,-0.0884532650259511,8.958481122328159,22.745853394295487,60.0
2005,hidden_cells_latitude_cap,-1,5000,16,historical_density,global,equal_cell,86916,-0.9406494107153106,12.140285190859949,28.77057931085905,60.0
2005,hidden_cells_latitude_cap,-1,5000,16,historical_density,global,spherical_cell_area,86916,-0.7383933861936463,11.710405463307966,26.925842450537186,60.0
2005,hidden_cells_latitude_cap,-1,5000,16,historical_density,south_of_60n,equal_cell,86916,-0.9406494107153106,12.140285190859949,28.77057931085905,60.0
2005,hidden_cells_latitude_cap,-1,5000,16,historical_density,south_of_60n,spherical_cell_area,86916,-0.7383933861936463,11.710405463307966,26.925842450537186,60.0
2005,hidden_cells_latitude_cap,-1,5000,16,spatial_coverage,global,equal_cell,86916,-0.1352538724896871,9.580805969461563,21.58548255475102,60.0
2005,hidden_cells_latitude_cap,-1,5000,16,spatial_coverage,global,spherical_cell_area,86916,-0.0718331805351927,9.318940979958253,20.37340353922323,60.0
2005,hidden_cells_latitude_cap,-1,5000,16,spatial_coverage,south_of_60n,equal_cell,86916,-0.1352538724896871,9.580805969461563,21.58548255475102,60.0
2005,hidden_cells_latitude_cap,-1,5000,16,spatial_coverage,south_of_60n,spherical_cell_area,86916,-0.0718331805351927,9.318940979958253,20.37340353922323,60.0
2005,hidden_cells_latitude_cap,-1,5000,17,random,global,equal_cell,86916,-0.4147191386122936,9.34402154173973,23.76679990693473,60.0
2005,hidden_cells_latitude_cap,-1,5000,17,random,global,spherical_cell_area,86916,-0.3485540594226402,9.059940887834925,22.30479960371639,60.0
2005,hidden_cells_latitude_cap,-1,5000,17,random,south_of_60n,equal_cell,86916,-0.4147191386122936,9.34402154173973,23.76679990693473,60.0
2005,hidden_cells_latitude_cap,-1,5000,17,random,south_of_60n,spherical_cell_area,86916,-0.3485540594226402,9.059940887834925,22.30479960371639,60.0
2005,hidden_cells_latitude_cap,-1,5000,17,historical_density,global,equal_cell,86916,-0.6335156509753519,12.122015728036946,28.84724265191173,60.0
2005,hidden_cells_latitude_cap,-1,5000,17,historical_density,global,spherical_cell_area,86916,-0.2972294987783054,11.637004659125154,26.942597046952603,60.0
2005,hidden_cells_latitude_cap,-1,5000,17,historical_density,south_of_60n,equal_cell,86916,-0.6335156509753519,12.122015728036946,28.84724265191173,60.0
2005,hidden_cells_latitude_cap,-1,5000,17,historical_density,south_of_60n,spherical_cell_area,86916,-0.2972294987783054,11.637004659125154,26.942597046952603,60.0
2005,hidden_cells_latitude_cap,-1,5000,17,spatial_coverage,global,equal_cell,86916,-0.1922644843679845,9.687916822784413,21.798704407982605,60.0
2005,hidden_cells_latitude_cap,-1,5000,17,spatial_coverage,global,spherical_cell_area,86916,-0.1177277698529122,9.396854832192927,20.43080355740452,60.0
2005,hidden_cells_latitude_cap,-1,5000,17,spatial_coverage,south_of_60n,equal_cell,86916,-0.1922644843679845,9.687916822784413,21.798704407982605,60.0
2005,hidden_cells_latitude_cap,-1,5000,17,spatial_coverage,south_of_60n,spherical_cell_area,86916,-0.1177277698529122,9.396854832192927,20.43080355740452,60.0
2005,hidden_cells_latitude_cap,-1,5000,18,random,global,equal_cell,86916,0.0816685490837648,9.876595973302686,24.351082882135625,60.0
2005,hidden_cells_latitude_cap,-1,5000,18,random,global,spherical_cell_area,86916,0.241226485919507,9.565963235434548,22.673474697060005,60.0
2005,hidden_cells_latitude_cap,-1,5000,18,random,south_of_60n,equal_cell,86916,0.0816685490837648,9.876595973302686,24.351082882135625,60.0
2005,hidden_cells_latitude_cap,-1,5000,18,random,south_of_60n,spherical_cell_area,86916,0.241226485919507,9.565963235434548,22.673474697060005,60.0
2005,hidden_cells_latitude_cap,-1,5000,18,historical_density,global,equal_cell,86916,-1.261455513261194,12.08198485505741,28.70716642237713,60.0
2005,hidden_cells_latitude_cap,-1,5000,18,historical_density,global,spherical_cell_area,86916,-0.8593796368645894,11.596277224234106,26.83809898230967,60.0
2005,hidden_cells_latitude_cap,-1,5000,18,historical_density,south_of_60n,equal_cell,86916,-1.261455513261194,12.08198485505741,28.70716642237713,60.0
2005,hidden_cells_latitude_cap,-1,5000,18,historical_density,south_of_60n,spherical_cell_area,86916,-0.8593796368645894,11.596277224234106,26.83809898230967,60.0
2005,hidden_cells_latitude_cap,-1,5000,18,spatial_coverage,global,equal_cell,86916,0.1335750987567595,10.081965800406817,21.8034673851,60.0
2005,hidden_cells_latitude_cap,-1,5000,18,spatial_coverage,global,spherical_cell_area,86916,0.0931269592493549,9.71824552906866,20.56556762607896,60.0
2005,hidden_cells_latitude_cap,-1,5000,18,spatial_coverage,south_of_60n,equal_cell,86916,0.1335750987567595,10.081965800406817,21.8034673851,60.0
2005,hidden_cells_latitude_cap,-1,5000,18,spatial_coverage,south_of_60n,spherical_cell_area,86916,0.0931269592493549,9.71824552906866,20.56556762607896,60.0
2005,hidden_cells_latitude_cap,-1,5000,19,random,global,equal_cell,86916,-0.3182875025418383,9.402116466578736,24.256878615693672,60.0
2005,hidden_cells_latitude_cap,-1,5000,19,random,global,spherical_cell_area,86916,-0.2590896619802279,9.069544994225268,22.73624180441044,60.0
2005,hidden_cells_latitude_cap,-1,5000,19,random,south_of_60n,equal_cell,86916,-0.3182875025418383,9.402116466578736,24.256878615693672,60.0
2005,hidden_cells_latitude_cap,-1,5000,19,random,south_of_60n,spherical_cell_area,86916,-0.2590896619802279,9.069544994225268,22.73624180441044,60.0
2005,hidden_cells_latitude_cap,-1,5000,19,historical_density,global,equal_cell,86916,-1.2432769344560444,11.767066249418896,27.933054160943158,60.0
2005,hidden_cells_latitude_cap,-1,5000,19,historical_density,global,spherical_cell_area,86916,-0.8158332531991908,11.36608494517092,26.19908197320122,60.0
2005,hidden_cells_latitude_cap,-1,5000,19,historical_density,south_of_60n,equal_cell,86916,-1.2432769344560444,11.767066249418896,27.933054160943158,60.0
2005,hidden_cells_latitude_cap,-1,5000,19,historical_density,south_of_60n,spherical_cell_area,86916,-0.8158332531991908,11.36608494517092,26.19908197320122,60.0
2005,hidden_cells_latitude_cap,-1,5000,19,spatial_coverage,global,equal_cell,86916,-0.0228041375774704,9.706772063283797,22.547249072148997,60.0
2005,hidden_cells_latitude_cap,-1,5000,19,spatial_coverage,global,spherical_cell_area,86916,0.0272463744892187,9.499506230773688,21.303842184264727,60.0
2005,hidden_cells_latitude_cap,-1,5000,19,spatial_coverage,south_of_60n,equal_cell,86916,-0.0228041375774704,9.706772063283797,22.547249072148997,60.0
2005,hidden_cells_latitude_cap,-1,5000,19,spatial_coverage,south_of_60n,spherical_cell_area,86916,0.0272463744892187,9.499506230773688,21.303842184264727,60.0
2005,whole_blocks_latitude_cap,0,5000,0,random,global,equal_cell,85236,1.093923416079265,11.509989448893256,21.376780185664703,60.0
2005,whole_blocks_latitude_cap,0,5000,0,random,global,spherical_cell_area,85236,1.2279737474632972,11.200854279693871,21.055952689700472,60.0
2005,whole_blocks_latitude_cap,0,5000,0,random,south_of_60n,equal_cell,85236,1.093923416079265,11.509989448893256,21.376780185664703,60.0
2005,whole_blocks_latitude_cap,0,5000,0,random,south_of_60n,spherical_cell_area,85236,1.2279737474632972,11.200854279693871,21.055952689700472,60.0
2005,whole_blocks_latitude_cap,0,5000,0,historical_density,global,equal_cell,85236,0.336073225862306,13.94944616585427,24.561096684228986,60.0
2005,whole_blocks_latitude_cap,0,5000,0,historical_density,global,spherical_cell_area,85236,0.6173666783399974,13.654665389723547,24.462204437898315,60.0
2005,whole_blocks_latitude_cap,0,5000,0,historical_density,south_of_60n,equal_cell,85236,0.336073225862306,13.94944616585427,24.561096684228986,60.0
2005,whole_blocks_latitude_cap,0,5000,0,historical_density,south_of_60n,spherical_cell_area,85236,0.6173666783399974,13.654665389723547,24.462204437898315,60.0
2005,whole_blocks_latitude_cap,0,5000,0,spatial_coverage,global,equal_cell,85236,0.7438391782168678,12.34807295836642,19.52645514249682,60.0
2005,whole_blocks_latitude_cap,0,5000,0,spatial_coverage,global,spherical_cell_area,85236,0.8757388135996687,11.886514282491117,18.95635604753292,60.0
2005,whole_blocks_latitude_cap,0,5000,0,spatial_coverage,south_of_60n,equal_cell,85236,0.7438391782168678,12.34807295836642,19.52645514249682,60.0
2005,whole_blocks_latitude_cap,0,5000,0,spatial_coverage,south_of_60n,spherical_cell_area,85236,0.8757388135996687,11.886514282491117,18.95635604753292,60.0
2005,whole_blocks_latitude_cap,0,5000,1,random,global,equal_cell,85236,1.2308373713303156,12.364505363709396,25.087458338827823,60.0
2005,whole_blocks_latitude_cap,0,5000,1,random,global,spherical_cell_area,85236,1.357030451206949,11.96696696531461,24.4838714164624,60.0
2005,whole_blocks_latitude_cap,0,5000,1,random,south_of_60n,equal_cell,85236,1.2308373713303156,12.364505363709396,25.087458338827823,60.0
2005,whole_blocks_latitude_cap,0,5000,1,random,south_of_60n,spherical_cell_area,85236,1.357030451206949,11.96696696531461,24.4838714164624,60.0
2005,whole_blocks_latitude_cap,0,5000,1,historical_density,global,equal_cell,85236,0.1247249625830224,13.751593835713935,24.381018030394927,60.0
2005,whole_blocks_latitude_cap,0,5000,1,historical_density,global,spherical_cell_area,85236,0.2044967686005672,13.52978751046344,24.289970688353662,60.0
2005,whole_blocks_latitude_cap,0,5000,1,historical_density,south_of_60n,equal_cell,85236,0.1247249625830224,13.751593835713935,24.381018030394927,60.0
2005,whole_blocks_latitude_cap,0,5000,1,historical_density,south_of_60n,spherical_cell_area,85236,0.2044967686005672,13.52978751046344,24.289970688353662,60.0
2005,whole_blocks_latitude_cap,0,5000,1,spatial_coverage,global,equal_cell,85236,1.149008952895065,12.142401207764134,18.855154462840343,60.0
2005,whole_blocks_latitude_cap,0,5000,1,spatial_coverage,global,spherical_cell_area,85236,1.308108278800992,11.86804538004569,18.56323734537248,60.0
2005,whole_blocks_latitude_cap,0,5000,1,spatial_coverage,south_of_60n,equal_cell,85236,1.149008952895065,12.142401207764134,18.855154462840343,60.0
2005,whole_blocks_latitude_cap,0,5000,1,spatial_coverage,south_of_60n,spherical_cell_area,85236,1.308108278800992,11.86804538004569,18.56323734537248,60.0
2005,whole_blocks_latitude_cap,0,5000,2,random,global,equal_cell,85236,1.226758092748398,11.69577414125741,21.42367193122832,60.0
2005,whole_blocks_latitude_cap,0,5000,2,random,global,spherical_cell_area,85236,1.2805475740480523,11.313222402192338,20.96260658788001,60.0
2005,whole_blocks_latitude_cap,0,5000,2,random,south_of_60n,equal_cell,85236,1.226758092748398,11.69577414125741,21.42367193122832,60.0
2005,whole_blocks_latitude_cap,0,5000,2,random,south_of_60n,spherical_cell_area,85236,1.2805475740480523,11.313222402192338,20.96260658788001,60.0
2005,whole_blocks_latitude_cap,0,5000,2,historical_density,global,equal_cell,85236,0.4893164397181952,13.736604502566015,22.97273388159401,60.0
2005,whole_blocks_latitude_cap,0,5000,2,historical_density,global,spherical_cell_area,85236,0.6868866692630419,13.359542819929958,22.763999830077555,60.0
2005,whole_blocks_latitude_cap,0,5000,2,historical_density,south_of_60n,equal_cell,85236,0.4893164397181952,13.736604502566015,22.97273388159401,60.0
2005,whole_blocks_latitude_cap,0,5000,2,historical_density,south_of_60n,spherical_cell_area,85236,0.6868866692630419,13.359542819929958,22.763999830077555,60.0
2005,whole_blocks_latitude_cap,0,5000,2,spatial_coverage,global,equal_cell,85236,0.9558463294707612,11.763541999345884,18.89382648427723,60.0
2005,whole_blocks_latitude_cap,0,5000,2,spatial_coverage,global,spherical_cell_area,85236,1.0901807445503722,11.437017666453022,18.415010809028733,60.0
2005,whole_blocks_latitude_cap,0,5000,2,spatial_coverage,south_of_60n,equal_cell,85236,0.9558463294707612,11.763541999345884,18.89382648427723,60.0
2005,whole_blocks_latitude_cap,0,5000,2,spatial_coverage,south_of_60n,spherical_cell_area,85236,1.0901807445503722,11.437017666453022,18.415010809028733,60.0
2005,whole_blocks_latitude_cap,0,5000,3,random,global,equal_cell,85236,1.1422249139350145,11.668702404842572,20.474374741573254,60.0
2005,whole_blocks_latitude_cap,0,5000,3,random,global,spherical_cell_area,85236,1.0192046397284786,11.371363479572656,20.129866701807607,60.0
2005,whole_blocks_latitude_cap,0,5000,3,random,south_of_60n,equal_cell,85236,1.1422249139350145,11.668702404842572,20.474374741573254,60.0
2005,whole_blocks_latitude_cap,0,5000,3,random,south_of_60n,spherical_cell_area,85236,1.0192046397284786,11.371363479572656,20.129866701807607,60.0
2005,whole_blocks_latitude_cap,0,5000,3,historical_density,global,equal_cell,85236,0.747836935357568,13.459764817014506,23.442621821942183,60.0
2005,whole_blocks_latitude_cap,0,5000,3,historical_density,global,spherical_cell_area,85236,0.9970669486932484,13.105042881137356,23.18657953987821,60.0
2005,whole_blocks_latitude_cap,0,5000,3,historical_density,south_of_60n,equal_cell,85236,0.747836935357568,13.459764817014506,23.442621821942183,60.0
2005,whole_blocks_latitude_cap,0,5000,3,historical_density,south_of_60n,spherical_cell_area,85236,0.9970669486932484,13.105042881137356,23.18657953987821,60.0
2005,whole_blocks_latitude_cap,0,5000,3,spatial_coverage,global,equal_cell,85236,1.1834752550767988,11.654273922986224,18.50320196731492,60.0
2005,whole_blocks_latitude_cap,0,5000,3,spatial_coverage,global,spherical_cell_area,85236,1.2311953214265183,11.262245618151004,18.07832629402856,60.0
2005,whole_blocks_latitude_cap,0,5000,3,spatial_coverage,south_of_60n,equal_cell,85236,1.1834752550767988,11.654273922986224,18.50320196731492,60.0
2005,whole_blocks_latitude_cap,0,5000,3,spatial_coverage,south_of_60n,spherical_cell_area,85236,1.2311953214265183,11.262245618151004,18.07832629402856,60.0
2005,whole_blocks_latitude_cap,0,5000,4,random,global,equal_cell,85236,1.644356820527587,12.178520401014117,24.555958289853937,60.0
2005,whole_blocks_latitude_cap,0,5000,4,random,global,spherical_cell_area,85236,1.6405524015878372,11.648926083076294,23.716665957839822,60.0
2005,whole_blocks_latitude_cap,0,5000,4,random,south_of_60n,equal_cell,85236,1.644356820527587,12.178520401014117,24.555958289853937,60.0
2005,whole_blocks_latitude_cap,0,5000,4,random,south_of_60n,spherical_cell_area,85236,1.6405524015878372,11.648926083076294,23.716665957839822,60.0
2005,whole_blocks_latitude_cap,0,5000,4,historical_density,global,equal_cell,85236,0.6083450674651528,13.82008924268993,23.9832824373608,60.0
2005,whole_blocks_latitude_cap,0,5000,4,historical_density,global,spherical_cell_area,85236,0.8949218794825803,13.473611155928577,23.75792388874672,60.0
2005,whole_blocks_latitude_cap,0,5000,4,historical_density,south_of_60n,equal_cell,85236,0.6083450674651528,13.82008924268993,23.9832824373608,60.0
2005,whole_blocks_latitude_cap,0,5000,4,historical_density,south_of_60n,spherical_cell_area,85236,0.8949218794825803,13.473611155928577,23.75792388874672,60.0
2005,whole_blocks_latitude_cap,0,5000,4,spatial_coverage,global,equal_cell,85236,0.5225179300336543,12.030746683018684,19.51791787873168,60.0
2005,whole_blocks_latitude_cap,0,5000,4,spatial_coverage,global,spherical_cell_area,85236,0.6133575448914033,11.722981510099748,19.154704011570235,60.0
2005,whole_blocks_latitude_cap,0,5000,4,spatial_coverage,south_of_60n,equal_cell,85236,0.5225179300336543,12.030746683018684,19.51791787873168,60.0
2005,whole_blocks_latitude_cap,0,5000,4,spatial_coverage,south_of_60n,spherical_cell_area,85236,0.6133575448914033,11.722981510099748,19.154704011570235,60.0
2005,whole_blocks_latitude_cap,0,5000,5,random,global,equal_cell,85236,1.0109970403802628,11.360432920220818,20.63525028988786,60.0
2005,whole_blocks_latitude_cap,0,5000,5,random,global,spherical_cell_area,85236,1.0153753057405168,11.015222521432428,20.15688481111273,60.0
2005,whole_blocks_latitude_cap,0,5000,5,random,south_of_60n,equal_cell,85236,1.0109970403802628,11.360432920220818,20.63525028988786,60.0
2005,whole_blocks_latitude_cap,0,5000,5,random,south_of_60n,spherical_cell_area,85236,1.0153753057405168,11.015222521432428,20.15688481111273,60.0
2005,whole_blocks_latitude_cap,0,5000,5,historical_density,global,equal_cell,85236,0.0752759281118604,13.327869718640509,22.847858827143973,60.0
2005,whole_blocks_latitude_cap,0,5000,5,historical_density,global,spherical_cell_area,85236,0.4783415167966415,12.907657425508193,22.625423769284343,60.0
2005,whole_blocks_latitude_cap,0,5000,5,historical_density,south_of_60n,equal_cell,85236,0.0752759281118604,13.327869718640509,22.847858827143973,60.0
2005,whole_blocks_latitude_cap,0,5000,5,historical_density,south_of_60n,spherical_cell_area,85236,0.4783415167966415,12.907657425508193,22.625423769284343,60.0
2005,whole_blocks_latitude_cap,0,5000,5,spatial_coverage,global,equal_cell,85236,0.4736429312870853,11.546309364543085,18.14537235816716,60.0
2005,whole_blocks_latitude_cap,0,5000,5,spatial_coverage,global,spherical_cell_area,85236,0.6583410227712478,11.228793300955108,17.863270132332893,60.0
2005,whole_blocks_latitude_cap,0,5000,5,spatial_coverage,south_of_60n,equal_cell,85236,0.4736429312870853,11.546309364543085,18.14537235816716,60.0
2005,whole_blocks_latitude_cap,0,5000,5,spatial_coverage,south_of_60n,spherical_cell_area,85236,0.6583410227712478,11.228793300955108,17.863270132332893,60.0
2005,whole_blocks_latitude_cap,0,5000,6,random,global,equal_cell,85236,1.085496539689802,12.160494236440314,23.723673460304084,60.0
2005,whole_blocks_latitude_cap,0,5000,6,random,global,spherical_cell_area,85236,1.116756477837942,11.764614099747453,23.0248408540042,60.0
2005,whole_blocks_latitude_cap,0,5000,6,random,south_of_60n,equal_cell,85236,1.085496539689802,12.160494236440314,23.723673460304084,60.0
2005,whole_blocks_latitude_cap,0,5000,6,random,south_of_60n,spherical_cell_area,85236,1.116756477837942,11.764614099747453,23.0248408540042,60.0
2005,whole_blocks_latitude_cap,0,5000,6,historical_density,global,equal_cell,85236,-0.2423807640560948,13.45262438622094,21.24481904178967,60.0
2005,whole_blocks_latitude_cap,0,5000,6,historical_density,global,spherical_cell_area,85236,-0.1487562409063286,13.091925683627151,20.98627041656581,60.0
2005,whole_blocks_latitude_cap,0,5000,6,historical_density,south_of_60n,equal_cell,85236,-0.2423807640560948,13.45262438622094,21.24481904178967,60.0
2005,whole_blocks_latitude_cap,0,5000,6,historical_density,south_of_60n,spherical_cell_area,85236,-0.1487562409063286,13.091925683627151,20.98627041656581,60.0
2005,whole_blocks_latitude_cap,0,5000,6,spatial_coverage,global,equal_cell,85236,0.9899977880352948,12.17547570901711,21.66473497556402,60.0
2005,whole_blocks_latitude_cap,0,5000,6,spatial_coverage,global,spherical_cell_area,85236,1.1362643037897189,11.84690025089552,21.21418647891275,60.0
2005,whole_blocks_latitude_cap,0,5000,6,spatial_coverage,south_of_60n,equal_cell,85236,0.9899977880352948,12.17547570901711,21.66473497556402,60.0
2005,whole_blocks_latitude_cap,0,5000,6,spatial_coverage,south_of_60n,spherical_cell_area,85236,1.1362643037897189,11.84690025089552,21.21418647891275,60.0
2005,whole_blocks_latitude_cap,0,5000,7,random,global,equal_cell,85236,1.6670869412599498,12.022042688479004,25.801451100731967,60.0
2005,whole_blocks_latitude_cap,0,5000,7,random,global,spherical_cell_area,85236,1.7603677410554992,11.732261604169754,25.56848614401465,60.0
2005,whole_blocks_latitude_cap,0,5000,7,random,south_of_60n,equal_cell,85236,1.6670869412599498,12.022042688479004,25.801451100731967,60.0
2005,whole_blocks_latitude_cap,0,5000,7,random,south_of_60n,spherical_cell_area,85236,1.7603677410554992,11.732261604169754,25.56848614401465,60.0
2005,whole_blocks_latitude_cap,0,5000,7,historical_density,global,equal_cell,85236,0.5649159956806681,13.461753178678691,23.56106884442448,60.0
2005,whole_blocks_latitude_cap,0,5000,7,historical_density,global,spherical_cell_area,85236,0.7280128728756696,13.151867792516956,23.40677330430985,60.0
2005,whole_blocks_latitude_cap,0,5000,7,historical_density,south_of_60n,equal_cell,85236,0.5649159956806681,13.461753178678691,23.56106884442448,60.0
2005,whole_blocks_latitude_cap,0,5000,7,historical_density,south_of_60n,spherical_cell_area,85236,0.7280128728756696,13.151867792516956,23.40677330430985,60.0
2005,whole_blocks_latitude_cap,0,5000,7,spatial_coverage,global,equal_cell,85236,1.0224378655511872,12.26666115448102,20.3844676799138,60.0
2005,whole_blocks_latitude_cap,0,5000,7,spatial_coverage,global,spherical_cell_area,85236,1.2026304193153745,11.869208725222862,19.80043944643573,60.0
2005,whole_blocks_latitude_cap,0,5000,7,spatial_coverage,south_of_60n,equal_cell,85236,1.0224378655511872,12.26666115448102,20.3844676799138,60.0
2005,whole_blocks_latitude_cap,0,5000,7,spatial_coverage,south_of_60n,spherical_cell_area,85236,1.2026304193153745,11.869208725222862,19.80043944643573,60.0
2005,whole_blocks_latitude_cap,0,5000,8,random,global,equal_cell,85236,1.41906370845701,12.039414705879787,24.358087875842852,60.0
2005,whole_blocks_latitude_cap,0,5000,8,random,global,spherical_cell_area,85236,1.3460306980980088,11.652282620549837,23.77019071810181,60.0
2005,whole_blocks_latitude_cap,0,5000,8,random,south_of_60n,equal_cell,85236,1.41906370845701,12.039414705879787,24.358087875842852,60.0
2005,whole_blocks_latitude_cap,0,5000,8,random,south_of_60n,spherical_cell_area,85236,1.3460306980980088,11.652282620549837,23.77019071810181,60.0
2005,whole_blocks_latitude_cap,0,5000,8,historical_density,global,equal_cell,85236,0.0117488058165636,12.980098987037524,20.68273377440144,60.0
2005,whole_blocks_latitude_cap,0,5000,8,historical_density,global,spherical_cell_area,85236,0.1278721747776116,12.651633325257563,20.46411859528764,60.0
2005,whole_blocks_latitude_cap,0,5000,8,historical_density,south_of_60n,equal_cell,85236,0.0117488058165636,12.980098987037524,20.68273377440144,60.0
2005,whole_blocks_latitude_cap,0,5000,8,historical_density,south_of_60n,spherical_cell_area,85236,0.1278721747776116,12.651633325257563,20.46411859528764,60.0
2005,whole_blocks_latitude_cap,0,5000,8,spatial_coverage,global,equal_cell,85236,0.5492473447986971,11.48990217175238,18.758880702032016,60.0
2005,whole_blocks_latitude_cap,0,5000,8,spatial_coverage,global,spherical_cell_area,85236,0.771698903601791,11.120813727443714,18.3046035284251,60.0
2005,whole_blocks_latitude_cap,0,5000,8,spatial_coverage,south_of_60n,equal_cell,85236,0.5492473447986971,11.48990217175238,18.758880702032016,60.0
2005,whole_blocks_latitude_cap,0,5000,8,spatial_coverage,south_of_60n,spherical_cell_area,85236,0.771698903601791,11.120813727443714,18.3046035284251,60.0
2005,whole_blocks_latitude_cap,0,5000,9,random,global,equal_cell,85236,0.6458434936248765,11.557587822706372,20.19648658870522,60.0
2005,whole_blocks_latitude_cap,0,5000,9,random,global,spherical_cell_area,85236,0.6203938335224791,11.240836249571524,19.735816151625052,60.0
2005,whole_blocks_latitude_cap,0,5000,9,random,south_of_60n,equal_cell,85236,0.6458434936248765,11.557587822706372,20.19648658870522,60.0
2005,whole_blocks_latitude_cap,0,5000,9,random,south_of_60n,spherical_cell_area,85236,0.6203938335224791,11.240836249571524,19.735816151625052,60.0
2005,whole_blocks_latitude_cap,0,5000,9,historical_density,global,equal_cell,85236,0.9310726065413464,13.241179746195677,22.83473500849289,60.0
2005,whole_blocks_latitude_cap,0,5000,9,historical_density,global,spherical_cell_area,85236,1.1490728691111995,12.865358487431624,22.62042383273204,60.0
2005,whole_blocks_latitude_cap,0,5000,9,historical_density,south_of_60n,equal_cell,85236,0.9310726065413464,13.241179746195677,22.83473500849289,60.0
2005,whole_blocks_latitude_cap,0,5000,9,historical_density,south_of_60n,spherical_cell_area,85236,1.1490728691111995,12.865358487431624,22.62042383273204,60.0
2005,whole_blocks_latitude_cap,0,5000,9,spatial_coverage,global,equal_cell,85236,0.6680275890048442,11.37993632169591,18.1198506095786,60.0
2005,whole_blocks_latitude_cap,0,5000,9,spatial_coverage,global,spherical_cell_area,85236,0.8679022728215017,11.125594662150831,17.96011808766065,60.0
2005,whole_blocks_latitude_cap,0,5000,9,spatial_coverage,south_of_60n,equal_cell,85236,0.6680275890048442,11.37993632169591,18.1198506095786,60.0
2005,whole_blocks_latitude_cap,0,5000,9,spatial_coverage,south_of_60n,spherical_cell_area,85236,0.8679022728215017,11.125594662150831,17.96011808766065,60.0
2005,whole_blocks_latitude_cap,0,5000,10,random,global,equal_cell,85236,0.9477133015120917,12.596581702940131,24.0605939581072,60.0
2005,whole_blocks_latitude_cap,0,5000,10,random,global,spherical_cell_area,85236,0.9119781500683216,12.254850119072389,23.58749840117731,60.0
2005,whole_blocks_latitude_cap,0,5000,10,random,south_of_60n,equal_cell,85236,0.9477133015120917,12.596581702940131,24.0605939581072,60.0
2005,whole_blocks_latitude_cap,0,5000,10,random,south_of_60n,spherical_cell_area,85236,0.9119781500683216,12.254850119072389,23.58749840117731,60.0
2005,whole_blocks_latitude_cap,0,5000,10,historical_density,global,equal_cell,85236,0.486808524230384,13.148873671459912,21.21865624281753,60.0
2005,whole_blocks_latitude_cap,0,5000,10,historical_density,global,spherical_cell_area,85236,0.9464627764345428,12.858562864770022,20.991395425756924,60.0
2005,whole_blocks_latitude_cap,0,5000,10,historical_density,south_of_60n,equal_cell,85236,0.486808524230384,13.148873671459912,21.21865624281753,60.0
2005,whole_blocks_latitude_cap,0,5000,10,historical_density,south_of_60n,spherical_cell_area,85236,0.9464627764345428,12.858562864770022,20.991395425756924,60.0
2005,whole_blocks_latitude_cap,0,5000,10,spatial_coverage,global,equal_cell,85236,0.7821240908635315,11.62702196851255,18.48792743975564,60.0
2005,whole_blocks_latitude_cap,0,5000,10,spatial_coverage,global,spherical_cell_area,85236,0.984662452754612,11.25449084640311,18.120237535511286,60.0
2005,whole_blocks_latitude_cap,0,5000,10,spatial_coverage,south_of_60n,equal_cell,85236,0.7821240908635315,11.62702196851255,18.48792743975564,60.0
2005,whole_blocks_latitude_cap,0,5000,10,spatial_coverage,south_of_60n,spherical_cell_area,85236,0.984662452754612,11.25449084640311,18.120237535511286,60.0
2005,whole_blocks_latitude_cap,0,5000,11,random,global,equal_cell,85236,0.6060151849817471,10.918538260979036,19.38619064778553,60.0
2005,whole_blocks_latitude_cap,0,5000,11,random,global,spherical_cell_area,85236,0.621947422350371,10.579547101821534,19.01758075038802,60.0
2005,whole_blocks_latitude_cap,0,5000,11,random,south_of_60n,equal_cell,85236,0.6060151849817471,10.918538260979036,19.38619064778553,60.0
2005,whole_blocks_latitude_cap,0,5000,11,random,south_of_60n,spherical_cell_area,85236,0.621947422350371,10.579547101821534,19.01758075038802,60.0
2005,whole_blocks_latitude_cap,0,5000,11,historical_density,global,equal_cell,85236,-0.4749317357193512,13.27489644362126,23.56398437857096,60.0
2005,whole_blocks_latitude_cap,0,5000,11,historical_density,global,spherical_cell_area,85236,-0.2846021532933361,12.956289314578123,23.391363003024285,60.0
2005,whole_blocks_latitude_cap,0,5000,11,historical_density,south_of_60n,equal_cell,85236,-0.4749317357193512,13.27489644362126,23.56398437857096,60.0
2005,whole_blocks_latitude_cap,0,5000,11,historical_density,south_of_60n,spherical_cell_area,85236,-0.2846021532933361,12.956289314578123,23.391363003024285,60.0
2005,whole_blocks_latitude_cap,0,5000,11,spatial_coverage,global,equal_cell,85236,0.7784533143027389,11.67227503223186,18.606808363953988,60.0
2005,whole_blocks_latitude_cap,0,5000,11,spatial_coverage,global,spherical_cell_area,85236,1.014900703550203,11.484059018872074,18.508848420430077,60.0
2005,whole_blocks_latitude_cap,0,5000,11,spatial_coverage,south_of_60n,equal_cell,85236,0.7784533143027389,11.67227503223186,18.606808363953988,60.0
2005,whole_blocks_latitude_cap,0,5000,11,spatial_coverage,south_of_60n,spherical_cell_area,85236,1.014900703550203,11.484059018872074,18.508848420430077,60.0
2005,whole_blocks_latitude_cap,0,5000,12,random,global,equal_cell,85236,1.241494904950443,11.640187356215378,21.89720368024437,60.0
2005,whole_blocks_latitude_cap,0,5000,12,random,global,spherical_cell_area,85236,1.274126232906981,11.291140345652398,21.37869496726528,60.0
2005,whole_blocks_latitude_cap,0,5000,12,random,south_of_60n,equal_cell,85236,1.241494904950443,11.640187356215378,21.89720368024437,60.0
2005,whole_blocks_latitude_cap,0,5000,12,random,south_of_60n,spherical_cell_area,85236,1.274126232906981,11.291140345652398,21.37869496726528,60.0
2005,whole_blocks_latitude_cap,0,5000,12,historical_density,global,equal_cell,85236,0.5439662548376031,13.328121949895792,23.552253029947632,60.0
2005,whole_blocks_latitude_cap,0,5000,12,historical_density,global,spherical_cell_area,85236,0.7896406942560134,13.011843554047903,23.44200780805975,60.0
2005,whole_blocks_latitude_cap,0,5000,12,historical_density,south_of_60n,equal_cell,85236,0.5439662548376031,13.328121949895792,23.552253029947632,60.0
2005,whole_blocks_latitude_cap,0,5000,12,historical_density,south_of_60n,spherical_cell_area,85236,0.7896406942560134,13.011843554047903,23.44200780805975,60.0
2005,whole_blocks_latitude_cap,0,5000,12,spatial_coverage,global,equal_cell,85236,1.2252840714360205,11.769177065847812,19.478946051738728,60.0
2005,whole_blocks_latitude_cap,0,5000,12,spatial_coverage,global,spherical_cell_area,85236,1.3054955222357023,11.485303750415843,19.22400754876253,60.0
2005,whole_blocks_latitude_cap,0,5000,12,spatial_coverage,south_of_60n,equal_cell,85236,1.2252840714360205,11.769177065847812,19.478946051738728,60.0
2005,whole_blocks_latitude_cap,0,5000,12,spatial_coverage,south_of_60n,spherical_cell_area,85236,1.3054955222357023,11.485303750415843,19.22400754876253,60.0
2005,whole_blocks_latitude_cap,0,5000,13,random,global,equal_cell,85236,1.8508569847021408,11.59131297239443,21.858966058297117,60.0
2005,whole_blocks_latitude_cap,0,5000,13,random,global,spherical_cell_area,85236,2.0447186316902246,11.258733473631994,21.29290129755596,60.0
2005,whole_blocks_latitude_cap,0,5000,13,random,south_of_60n,equal_cell,85236,1.8508569847021408,11.59131297239443,21.858966058297117,60.0
2005,whole_blocks_latitude_cap,0,5000,13,random,south_of_60n,spherical_cell_area,85236,2.0447186316902246,11.258733473631994,21.29290129755596,60.0
2005,whole_blocks_latitude_cap,0,5000,13,historical_density,global,equal_cell,85236,0.7579667830733039,13.355362219587631,23.545059175515203,60.0
2005,whole_blocks_latitude_cap,0,5000,13,historical_density,global,spherical_cell_area,85236,1.0290996349264452,12.974739361215184,23.35164924505844,60.0
2005,whole_blocks_latitude_cap,0,5000,13,historical_density,south_of_60n,equal_cell,85236,0.7579667830733039,13.355362219587631,23.545059175515203,60.0
2005,whole_blocks_latitude_cap,0,5000,13,historical_density,south_of_60n,spherical_cell_area,85236,1.0290996349264452,12.974739361215184,23.35164924505844,60.0
2005,whole_blocks_latitude_cap,0,5000,13,spatial_coverage,global,equal_cell,85236,1.2682317680454442,11.714349479592997,18.502169688257307,60.0
2005,whole_blocks_latitude_cap,0,5000,13,spatial_coverage,global,spherical_cell_area,85236,1.4995231665722104,11.509536657015811,18.353446273668247,60.0
2005,whole_blocks_latitude_cap,0,5000,13,spatial_coverage,south_of_60n,equal_cell,85236,1.2682317680454442,11.714349479592997,18.502169688257307,60.0
2005,whole_blocks_latitude_cap,0,5000,13,spatial_coverage,south_of_60n,spherical_cell_area,85236,1.4995231665722104,11.509536657015811,18.353446273668247,60.0
2005,whole_blocks_latitude_cap,0,5000,14,random,global,equal_cell,85236,0.9815435989302936,11.528299184447786,20.64101644180612,60.0
2005,whole_blocks_latitude_cap,0,5000,14,random,global,spherical_cell_area,85236,0.9652782246971215,11.171581834118571,20.125068274782954,60.0
2005,whole_blocks_latitude_cap,0,5000,14,random,south_of_60n,equal_cell,85236,0.9815435989302936,11.528299184447786,20.64101644180612,60.0
2005,whole_blocks_latitude_cap,0,5000,14,random,south_of_60n,spherical_cell_area,85236,0.9652782246971215,11.171581834118571,20.125068274782954,60.0
2005,whole_blocks_latitude_cap,0,5000,14,historical_density,global,equal_cell,85236,0.2251654440416945,12.94859732017482,20.784821648473702,60.0
2005,whole_blocks_latitude_cap,0,5000,14,historical_density,global,spherical_cell_area,85236,0.5095203239566051,12.528907001282434,20.48005990102888,60.0
2005,whole_blocks_latitude_cap,0,5000,14,historical_density,south_of_60n,equal_cell,85236,0.2251654440416945,12.94859732017482,20.784821648473702,60.0
2005,whole_blocks_latitude_cap,0,5000,14,historical_density,south_of_60n,spherical_cell_area,85236,0.5095203239566051,12.528907001282434,20.48005990102888,60.0
2005,whole_blocks_latitude_cap,0,5000,14,spatial_coverage,global,equal_cell,85236,0.8673004940055913,11.67527497269288,19.342876877102874,60.0
2005,whole_blocks_latitude_cap,0,5000,14,spatial_coverage,global,spherical_cell_area,85236,0.9805955386387138,11.36345553017423,18.965108811247827,60.0
2005,whole_blocks_latitude_cap,0,5000,14,spatial_coverage,south_of_60n,equal_cell,85236,0.8673004940055913,11.67527497269288,19.342876877102874,60.0
2005,whole_blocks_latitude_cap,0,5000,14,spatial_coverage,south_of_60n,spherical_cell_area,85236,0.9805955386387138,11.36345553017423,18.965108811247827,60.0
2005,whole_blocks_latitude_cap,0,5000,15,random,global,equal_cell,85236,0.8263016610338881,11.449961220009271,20.04197440365474,60.0
2005,whole_blocks_latitude_cap,0,5000,15,random,global,spherical_cell_area,85236,1.0047807088319007,11.049258369059526,19.5950252052084,60.0
2005,whole_blocks_latitude_cap,0,5000,15,random,south_of_60n,equal_cell,85236,0.8263016610338881,11.449961220009271,20.04197440365474,60.0
2005,whole_blocks_latitude_cap,0,5000,15,random,south_of_60n,spherical_cell_area,85236,1.0047807088319007,11.049258369059526,19.5950252052084,60.0
2005,whole_blocks_latitude_cap,0,5000,15,historical_density,global,equal_cell,85236,0.3307767312757382,12.933768181131075,22.40599897607456,60.0
2005,whole_blocks_latitude_cap,0,5000,15,historical_density,global,spherical_cell_area,85236,0.6006816754035386,12.606357496426892,22.2607355803825,60.0
2005,whole_blocks_latitude_cap,0,5000,15,historical_density,south_of_60n,equal_cell,85236,0.3307767312757382,12.933768181131075,22.40599897607456,60.0
2005,whole_blocks_latitude_cap,0,5000,15,historical_density,south_of_60n,spherical_cell_area,85236,0.6006816754035386,12.606357496426892,22.2607355803825,60.0
2005,whole_blocks_latitude_cap,0,5000,15,spatial_coverage,global,equal_cell,85236,1.0831846988174132,13.063470391932665,21.881650861929085,60.0
2005,whole_blocks_latitude_cap,0,5000,15,spatial_coverage,global,spherical_cell_area,85236,1.2004023649863562,12.535269423351746,20.98376062864864,60.0
2005,whole_blocks_latitude_cap,0,5000,15,spatial_coverage,south_of_60n,equal_cell,85236,1.0831846988174132,13.063470391932665,21.881650861929085,60.0
2005,whole_blocks_latitude_cap,0,5000,15,spatial_coverage,south_of_60n,spherical_cell_area,85236,1.2004023649863562,12.535269423351746,20.98376062864864,60.0
2005,whole_blocks_latitude_cap,0,5000,16,random,global,equal_cell,85236,1.7835942939598286,12.496435807164168,24.28479591558919,60.0
2005,whole_blocks_latitude_cap,0,5000,16,random,global,spherical_cell_area,85236,1.9084653950800476,12.175518955388611,23.79619958413216,60.0
2005,whole_blocks_latitude_cap,0,5000,16,random,south_of_60n,equal_cell,85236,1.7835942939598286,12.496435807164168,24.28479591558919,60.0
2005,whole_blocks_latitude_cap,0,5000,16,random,south_of_60n,spherical_cell_area,85236,1.9084653950800476,12.175518955388611,23.79619958413216,60.0
2005,whole_blocks_latitude_cap,0,5000,16,historical_density,global,equal_cell,85236,0.1146655031968388,13.422523622856453,22.879657573246103,60.0
2005,whole_blocks_latitude_cap,0,5000,16,historical_density,global,spherical_cell_area,85236,0.3801386596561895,12.953493465539058,22.583571918900034,60.0
2005,whole_blocks_latitude_cap,0,5000,16,historical_density,south_of_60n,equal_cell,85236,0.1146655031968388,13.422523622856453,22.879657573246103,60.0
2005,whole_blocks_latitude_cap,0,5000,16,historical_density,south_of_60n,spherical_cell_area,85236,0.3801386596561895,12.953493465539058,22.583571918900034,60.0
2005,whole_blocks_latitude_cap,0,5000,16,spatial_coverage,global,equal_cell,85236,0.8983244830363298,11.902079468566038,19.332308906628125,60.0
2005,whole_blocks_latitude_cap,0,5000,16,spatial_coverage,global,spherical_cell_area,85236,1.0552876094492196,11.516537399897006,18.916155069987965,60.0
2005,whole_blocks_latitude_cap,0,5000,16,spatial_coverage,south_of_60n,equal_cell,85236,0.8983244830363298,11.902079468566038,19.332308906628125,60.0
2005,whole_blocks_latitude_cap,0,5000,16,spatial_coverage,south_of_60n,spherical_cell_area,85236,1.0552876094492196,11.516537399897006,18.916155069987965,60.0
2005,whole_blocks_latitude_cap,0,5000,17,random,global,equal_cell,85236,2.113208457030128,12.678030932374089,27.84738051574426,60.0
2005,whole_blocks_latitude_cap,0,5000,17,random,global,spherical_cell_area,85236,2.068356418121693,12.151583355788093,26.50357416085266,60.0
2005,whole_blocks_latitude_cap,0,5000,17,random,south_of_60n,equal_cell,85236,2.113208457030128,12.678030932374089,27.84738051574426,60.0
2005,whole_blocks_latitude_cap,0,5000,17,random,south_of_60n,spherical_cell_area,85236,2.068356418121693,12.151583355788093,26.50357416085266,60.0
2005,whole_blocks_latitude_cap,0,5000,17,historical_density,global,equal_cell,85236,0.2256294104927264,12.890706420237276,20.62047791262004,60.0
2005,whole_blocks_latitude_cap,0,5000,17,historical_density,global,spherical_cell_area,85236,0.5369359338836721,12.55009015384018,20.408875290312537,60.0
2005,whole_blocks_latitude_cap,0,5000,17,historical_density,south_of_60n,equal_cell,85236,0.2256294104927264,12.890706420237276,20.62047791262004,60.0
2005,whole_blocks_latitude_cap,0,5000,17,historical_density,south_of_60n,spherical_cell_area,85236,0.5369359338836721,12.55009015384018,20.408875290312537,60.0
2005,whole_blocks_latitude_cap,0,5000,17,spatial_coverage,global,equal_cell,85236,0.9721927592139048,12.616370756108676,20.775834068020917,60.0
2005,whole_blocks_latitude_cap,0,5000,17,spatial_coverage,global,spherical_cell_area,85236,1.1186188007713116,12.212640197029268,20.31200677816184,60.0
2005,whole_blocks_latitude_cap,0,5000,17,spatial_coverage,south_of_60n,equal_cell,85236,0.9721927592139048,12.616370756108676,20.775834068020917,60.0
2005,whole_blocks_latitude_cap,0,5000,17,spatial_coverage,south_of_60n,spherical_cell_area,85236,1.1186188007713116,12.212640197029268,20.31200677816184,60.0
2005,whole_blocks_latitude_cap,0,5000,18,random,global,equal_cell,85236,0.7956454912726336,11.556214739279012,20.629376539001026,60.0
2005,whole_blocks_latitude_cap,0,5000,18,random,global,spherical_cell_area,85236,0.9334373397362936,11.20859435907218,20.21779863636013,60.0
2005,whole_blocks_latitude_cap,0,5000,18,random,south_of_60n,equal_cell,85236,0.7956454912726336,11.556214739279012,20.629376539001026,60.0
2005,whole_blocks_latitude_cap,0,5000,18,random,south_of_60n,spherical_cell_area,85236,0.9334373397362936,11.20859435907218,20.21779863636013,60.0
2005,whole_blocks_latitude_cap,0,5000,18,historical_density,global,equal_cell,85236,0.7259228412554543,13.283650824592518,22.482935608847384,60.0
2005,whole_blocks_latitude_cap,0,5000,18,historical_density,global,spherical_cell_area,85236,0.8856123513378814,12.999540141823116,22.37406679688414,60.0
2005,whole_blocks_latitude_cap,0,5000,18,historical_density,south_of_60n,equal_cell,85236,0.7259228412554543,13.283650824592518,22.482935608847384,60.0
2005,whole_blocks_latitude_cap,0,5000,18,historical_density,south_of_60n,spherical_cell_area,85236,0.8856123513378814,12.999540141823116,22.37406679688414,60.0
2005,whole_blocks_latitude_cap,0,5000,18,spatial_coverage,global,equal_cell,85236,0.192932626091282,12.141932379181238,19.74192261146848,60.0
2005,whole_blocks_latitude_cap,0,5000,18,spatial_coverage,global,spherical_cell_area,85236,0.2267028469953707,11.741532094260982,19.28961098726171,60.0
2005,whole_blocks_latitude_cap,0,5000,18,spatial_coverage,south_of_60n,equal_cell,85236,0.192932626091282,12.141932379181238,19.74192261146848,60.0
2005,whole_blocks_latitude_cap,0,5000,18,spatial_coverage,south_of_60n,spherical_cell_area,85236,0.2267028469953707,11.741532094260982,19.28961098726171,60.0
2005,whole_blocks_latitude_cap,0,5000,19,random,global,equal_cell,85236,1.1941544367051078,11.904375793295774,21.47147582574097,60.0
2005,whole_blocks_latitude_cap,0,5000,19,random,global,spherical_cell_area,85236,1.1527418270289276,11.464270320927506,20.77567685678424,60.0
2005,whole_blocks_latitude_cap,0,5000,19,random,south_of_60n,equal_cell,85236,1.1941544367051078,11.904375793295774,21.47147582574097,60.0
2005,whole_blocks_latitude_cap,0,5000,19,random,south_of_60n,spherical_cell_area,85236,1.1527418270289276,11.464270320927506,20.77567685678424,60.0
2005,whole_blocks_latitude_cap,0,5000,19,historical_density,global,equal_cell,85236,0.0108768218746367,13.749462294032384,24.01234886758715,60.0
2005,whole_blocks_latitude_cap,0,5000,19,historical_density,global,spherical_cell_area,85236,0.382951856581549,13.360397349366933,23.78211724565036,60.0
2005,whole_blocks_latitude_cap,0,5000,19,historical_density,south_of_60n,equal_cell,85236,0.0108768218746367,13.749462294032384,24.01234886758715,60.0
2005,whole_blocks_latitude_cap,0,5000,19,historical_density,south_of_60n,spherical_cell_area,85236,0.382951856581549,13.360397349366933,23.78211724565036,60.0
2005,whole_blocks_latitude_cap,0,5000,19,spatial_coverage,global,equal_cell,85236,0.6722429771577607,11.599261704469336,19.32884506040005,60.0
2005,whole_blocks_latitude_cap,0,5000,19,spatial_coverage,global,spherical_cell_area,85236,0.8830694630816546,11.464647050625391,19.30354278233828,60.0
2005,whole_blocks_latitude_cap,0,5000,19,spatial_coverage,south_of_60n,equal_cell,85236,0.6722429771577607,11.599261704469336,19.32884506040005,60.0
2005,whole_blocks_latitude_cap,0,5000,19,spatial_coverage,south_of_60n,spherical_cell_area,85236,0.8830694630816546,11.464647050625391,19.30354278233828,60.0
2005,whole_blocks_latitude_cap,1,5000,0,random,global,equal_cell,85332,-0.8092738929116752,11.221597846515769,22.14847227077049,60.0
2005,whole_blocks_latitude_cap,1,5000,0,random,global,spherical_cell_area,85332,-0.4176976502339108,10.938981085760894,21.488102586533312,60.0
2005,whole_blocks_latitude_cap,1,5000,0,random,south_of_60n,equal_cell,85332,-0.8092738929116752,11.221597846515769,22.14847227077049,60.0
2005,whole_blocks_latitude_cap,1,5000,0,random,south_of_60n,spherical_cell_area,85332,-0.4176976502339108,10.938981085760894,21.488102586533312,60.0
2005,whole_blocks_latitude_cap,1,5000,0,historical_density,global,equal_cell,85332,0.5713323771319337,12.15738091253118,17.877284592626108,60.0
2005,whole_blocks_latitude_cap,1,5000,0,historical_density,global,spherical_cell_area,85332,0.7243071570287342,11.915984696748025,17.65564962707463,60.0
2005,whole_blocks_latitude_cap,1,5000,0,historical_density,south_of_60n,equal_cell,85332,0.5713323771319337,12.15738091253118,17.877284592626108,60.0
2005,whole_blocks_latitude_cap,1,5000,0,historical_density,south_of_60n,spherical_cell_area,85332,0.7243071570287342,11.915984696748025,17.65564962707463,60.0
2005,whole_blocks_latitude_cap,1,5000,0,spatial_coverage,global,equal_cell,85332,0.2298009758374104,10.5413474564658,16.83092033190801,60.0
2005,whole_blocks_latitude_cap,1,5000,0,spatial_coverage,global,spherical_cell_area,85332,0.5372868195540093,10.424480138178202,16.680679911323406,60.0
2005,whole_blocks_latitude_cap,1,5000,0,spatial_coverage,south_of_60n,equal_cell,85332,0.2298009758374104,10.5413474564658,16.83092033190801,60.0
2005,whole_blocks_latitude_cap,1,5000,0,spatial_coverage,south_of_60n,spherical_cell_area,85332,0.5372868195540093,10.424480138178202,16.680679911323406,60.0
2005,whole_blocks_latitude_cap,1,5000,1,random,global,equal_cell,85332,-1.420847259841597,11.491235447240964,25.655239104423945,60.0
2005,whole_blocks_latitude_cap,1,5000,1,random,global,spherical_cell_area,85332,-1.1621635522753335,11.237447110250727,24.921412800818445,60.0
2005,whole_blocks_latitude_cap,1,5000,1,random,south_of_60n,equal_cell,85332,-1.420847259841597,11.491235447240964,25.655239104423945,60.0
2005,whole_blocks_latitude_cap,1,5000,1,random,south_of_60n,spherical_cell_area,85332,-1.1621635522753335,11.237447110250727,24.921412800818445,60.0
2005,whole_blocks_latitude_cap,1,5000,1,historical_density,global,equal_cell,85332,-0.0154246968344631,12.45830622353244,19.26665774056569,60.0
2005,whole_blocks_latitude_cap,1,5000,1,historical_density,global,spherical_cell_area,85332,0.1798117810908081,12.117234906523125,18.86085889632996,60.0
2005,whole_blocks_latitude_cap,1,5000,1,historical_density,south_of_60n,equal_cell,85332,-0.0154246968344631,12.45830622353244,19.26665774056569,60.0
2005,whole_blocks_latitude_cap,1,5000,1,historical_density,south_of_60n,spherical_cell_area,85332,0.1798117810908081,12.117234906523125,18.86085889632996,60.0
2005,whole_blocks_latitude_cap,1,5000,1,spatial_coverage,global,equal_cell,85332,0.1298160681122014,10.82270519488753,16.46203891961461,60.0
2005,whole_blocks_latitude_cap,1,5000,1,spatial_coverage,global,spherical_cell_area,85332,0.5947796826853078,10.725308958518877,16.354978451302976,60.0
2005,whole_blocks_latitude_cap,1,5000,1,spatial_coverage,south_of_60n,equal_cell,85332,0.1298160681122014,10.82270519488753,16.46203891961461,60.0
2005,whole_blocks_latitude_cap,1,5000,1,spatial_coverage,south_of_60n,spherical_cell_area,85332,0.5947796826853078,10.725308958518877,16.354978451302976,60.0
2005,whole_blocks_latitude_cap,1,5000,2,random,global,equal_cell,85332,-0.8334390343625051,11.362899047071735,24.191930280495985,60.0
2005,whole_blocks_latitude_cap,1,5000,2,random,global,spherical_cell_area,85332,-0.5676131025499511,11.070921518876704,23.545696692288228,60.0
2005,whole_blocks_latitude_cap,1,5000,2,random,south_of_60n,equal_cell,85332,-0.8334390343625051,11.362899047071735,24.191930280495985,60.0
2005,whole_blocks_latitude_cap,1,5000,2,random,south_of_60n,spherical_cell_area,85332,-0.5676131025499511,11.070921518876704,23.545696692288228,60.0
2005,whole_blocks_latitude_cap,1,5000,2,historical_density,global,equal_cell,85332,1.0833440667253535,12.1447370475753,17.694927607713517,60.0
2005,whole_blocks_latitude_cap,1,5000,2,historical_density,global,spherical_cell_area,85332,1.2312719047583705,11.877492393642624,17.421560505396332,60.0
2005,whole_blocks_latitude_cap,1,5000,2,historical_density,south_of_60n,equal_cell,85332,1.0833440667253535,12.1447370475753,17.694927607713517,60.0
2005,whole_blocks_latitude_cap,1,5000,2,historical_density,south_of_60n,spherical_cell_area,85332,1.2312719047583705,11.877492393642624,17.421560505396332,60.0
2005,whole_blocks_latitude_cap,1,5000,2,spatial_coverage,global,equal_cell,85332,-0.3585549313324413,11.889029126315087,23.458810945496317,60.0
2005,whole_blocks_latitude_cap,1,5000,2,spatial_coverage,global,spherical_cell_area,85332,0.0357546450374872,11.6187812578917,22.806784938994586,60.0
2005,whole_blocks_latitude_cap,1,5000,2,spatial_coverage,south_of_60n,equal_cell,85332,-0.3585549313324413,11.889029126315087,23.458810945496317,60.0
2005,whole_blocks_latitude_cap,1,5000,2,spatial_coverage,south_of_60n,spherical_cell_area,85332,0.0357546450374872,11.6187812578917,22.806784938994586,60.0
2005,whole_blocks_latitude_cap,1,5000,3,random,global,equal_cell,85332,-1.1536786774413927,11.83786518952692,27.72380443771154,60.0
2005,whole_blocks_latitude_cap,1,5000,3,random,global,spherical_cell_area,85332,-0.8510309716072378,11.494291287673049,26.93711756135486,60.0
2005,whole_blocks_latitude_cap,1,5000,3,random,south_of_60n,equal_cell,85332,-1.1536786774413927,11.83786518952692,27.72380443771154,60.0
2005,whole_blocks_latitude_cap,1,5000,3,random,south_of_60n,spherical_cell_area,85332,-0.8510309716072378,11.494291287673049,26.93711756135486,60.0
2005,whole_blocks_latitude_cap,1,5000,3,historical_density,global,equal_cell,85332,0.3329845761994681,13.087013479280715,21.29078934276632,60.0
2005,whole_blocks_latitude_cap,1,5000,3,historical_density,global,spherical_cell_area,85332,0.4621224755898523,12.75012703152406,20.78339828181793,60.0
2005,whole_blocks_latitude_cap,1,5000,3,historical_density,south_of_60n,equal_cell,85332,0.3329845761994681,13.087013479280715,21.29078934276632,60.0
2005,whole_blocks_latitude_cap,1,5000,3,historical_density,south_of_60n,spherical_cell_area,85332,0.4621224755898523,12.75012703152406,20.78339828181793,60.0
2005,whole_blocks_latitude_cap,1,5000,3,spatial_coverage,global,equal_cell,85332,-0.889179918008078,12.290356553233648,26.671777012047556,60.0
2005,whole_blocks_latitude_cap,1,5000,3,spatial_coverage,global,spherical_cell_area,85332,-0.4400203821099934,12.086559955869827,26.023806414290437,60.0
2005,whole_blocks_latitude_cap,1,5000,3,spatial_coverage,south_of_60n,equal_cell,85332,-0.889179918008078,12.290356553233648,26.671777012047556,60.0
2005,whole_blocks_latitude_cap,1,5000,3,spatial_coverage,south_of_60n,spherical_cell_area,85332,-0.4400203821099934,12.086559955869827,26.023806414290437,60.0
2005,whole_blocks_latitude_cap,1,5000,4,random,global,equal_cell,85332,-0.7987742808781962,11.426766872612856,22.848094270460205,60.0
2005,whole_blocks_latitude_cap,1,5000,4,random,global,spherical_cell_area,85332,-0.4711224901797291,11.186550633879463,22.220693509532992,60.0
2005,whole_blocks_latitude_cap,1,5000,4,random,south_of_60n,equal_cell,85332,-0.7987742808781962,11.426766872612856,22.848094270460205,60.0
2005,whole_blocks_latitude_cap,1,5000,4,random,south_of_60n,spherical_cell_area,85332,-0.4711224901797291,11.186550633879463,22.220693509532992,60.0
2005,whole_blocks_latitude_cap,1,5000,4,historical_density,global,equal_cell,85332,0.5348035432931475,12.44417784259973,17.857475487311543,60.0
2005,whole_blocks_latitude_cap,1,5000,4,historical_density,global,spherical_cell_area,85332,0.7222805334987986,12.21989410204639,17.568847073699498,60.0
2005,whole_blocks_latitude_cap,1,5000,4,historical_density,south_of_60n,equal_cell,85332,0.5348035432931475,12.44417784259973,17.857475487311543,60.0
2005,whole_blocks_latitude_cap,1,5000,4,historical_density,south_of_60n,spherical_cell_area,85332,0.7222805334987986,12.21989410204639,17.568847073699498,60.0
2005,whole_blocks_latitude_cap,1,5000,4,spatial_coverage,global,equal_cell,85332,-0.1075658939319421,11.511620794257285,19.41817275595697,60.0
2005,whole_blocks_latitude_cap,1,5000,4,spatial_coverage,global,spherical_cell_area,85332,0.339768761768615,11.303113631954329,19.03787878992724,60.0
2005,whole_blocks_latitude_cap,1,5000,4,spatial_coverage,south_of_60n,equal_cell,85332,-0.1075658939319421,11.511620794257285,19.41817275595697,60.0
2005,whole_blocks_latitude_cap,1,5000,4,spatial_coverage,south_of_60n,spherical_cell_area,85332,0.339768761768615,11.303113631954329,19.03787878992724,60.0
2005,whole_blocks_latitude_cap,1,5000,5,random,global,equal_cell,85332,-0.9947663548062878,11.093997931614732,21.292788250899928,60.0
2005,whole_blocks_latitude_cap,1,5000,5,random,global,spherical_cell_area,85332,-0.6201091467054822,10.888892977134274,20.756241216573255,60.0
2005,whole_blocks_latitude_cap,1,5000,5,random,south_of_60n,equal_cell,85332,-0.9947663548062878,11.093997931614732,21.292788250899928,60.0
2005,whole_blocks_latitude_cap,1,5000,5,random,south_of_60n,spherical_cell_area,85332,-0.6201091467054822,10.888892977134274,20.756241216573255,60.0
2005,whole_blocks_latitude_cap,1,5000,5,historical_density,global,equal_cell,85332,0.7448395129489257,11.8717219232209,17.59661785175772,60.0
2005,whole_blocks_latitude_cap,1,5000,5,historical_density,global,spherical_cell_area,85332,0.7866388817430375,11.498429980925977,17.22741965292907,60.0
2005,whole_blocks_latitude_cap,1,5000,5,historical_density,south_of_60n,equal_cell,85332,0.7448395129489257,11.8717219232209,17.59661785175772,60.0
2005,whole_blocks_latitude_cap,1,5000,5,historical_density,south_of_60n,spherical_cell_area,85332,0.7866388817430375,11.498429980925977,17.22741965292907,60.0
2005,whole_blocks_latitude_cap,1,5000,5,spatial_coverage,global,equal_cell,85332,0.8928890491566985,10.490663786224422,15.884849008030397,60.0
2005,whole_blocks_latitude_cap,1,5000,5,spatial_coverage,global,spherical_cell_area,85332,1.2446062376847749,10.390708900987727,15.6982367435464,60.0
2005,whole_blocks_latitude_cap,1,5000,5,spatial_coverage,south_of_60n,equal_cell,85332,0.8928890491566985,10.490663786224422,15.884849008030397,60.0
2005,whole_blocks_latitude_cap,1,5000,5,spatial_coverage,south_of_60n,spherical_cell_area,85332,1.2446062376847749,10.390708900987727,15.6982367435464,60.0
2005,whole_blocks_latitude_cap,1,5000,6,random,global,equal_cell,85332,-0.2633696309638416,10.41757514123248,17.744168000882052,60.0
2005,whole_blocks_latitude_cap,1,5000,6,random,global,spherical_cell_area,85332,-0.0067689298511468,10.221492718019157,17.467574963196004,60.0
2005,whole_blocks_latitude_cap,1,5000,6,random,south_of_60n,equal_cell,85332,-0.2633696309638416,10.41757514123248,17.744168000882052,60.0
2005,whole_blocks_latitude_cap,1,5000,6,random,south_of_60n,spherical_cell_area,85332,-0.0067689298511468,10.221492718019157,17.467574963196004,60.0
2005,whole_blocks_latitude_cap,1,5000,6,historical_density,global,equal_cell,85332,-0.1646928816479485,12.647094525701087,19.53485911772117,60.0
2005,whole_blocks_latitude_cap,1,5000,6,historical_density,global,spherical_cell_area,85332,-0.0243183464611527,12.405996483864566,19.207607381819315,60.0
2005,whole_blocks_latitude_cap,1,5000,6,historical_density,south_of_60n,equal_cell,85332,-0.1646928816479485,12.647094525701087,19.53485911772117,60.0
2005,whole_blocks_latitude_cap,1,5000,6,historical_density,south_of_60n,spherical_cell_area,85332,-0.0243183464611527,12.405996483864566,19.207607381819315,60.0
2005,whole_blocks_latitude_cap,1,5000,6,spatial_coverage,global,equal_cell,85332,0.4244878693471071,10.719467930804475,16.7493759973913,60.0
2005,whole_blocks_latitude_cap,1,5000,6,spatial_coverage,global,spherical_cell_area,85332,0.8081583764026657,10.56759318952168,16.48689582337292,60.0
2005,whole_blocks_latitude_cap,1,5000,6,spatial_coverage,south_of_60n,equal_cell,85332,0.4244878693471071,10.719467930804475,16.7493759973913,60.0
2005,whole_blocks_latitude_cap,1,5000,6,spatial_coverage,south_of_60n,spherical_cell_area,85332,0.8081583764026657,10.56759318952168,16.48689582337292,60.0
2005,whole_blocks_latitude_cap,1,5000,7,random,global,equal_cell,85332,0.2726806141397528,10.899308550089543,17.544336055356442,60.0
2005,whole_blocks_latitude_cap,1,5000,7,random,global,spherical_cell_area,85332,0.5394045358095065,10.74548011669478,17.398915196779683,60.0
2005,whole_blocks_latitude_cap,1,5000,7,random,south_of_60n,equal_cell,85332,0.2726806141397528,10.899308550089543,17.544336055356442,60.0
2005,whole_blocks_latitude_cap,1,5000,7,random,south_of_60n,spherical_cell_area,85332,0.5394045358095065,10.74548011669478,17.398915196779683,60.0
2005,whole_blocks_latitude_cap,1,5000,7,historical_density,global,equal_cell,85332,1.0958687648901957,12.10432697797984,17.913753943352557,60.0
2005,whole_blocks_latitude_cap,1,5000,7,historical_density,global,spherical_cell_area,85332,1.0544652416130469,11.760756677014054,17.60042599716733,60.0
2005,whole_blocks_latitude_cap,1,5000,7,historical_density,south_of_60n,equal_cell,85332,1.0958687648901957,12.10432697797984,17.913753943352557,60.0
2005,whole_blocks_latitude_cap,1,5000,7,historical_density,south_of_60n,spherical_cell_area,85332,1.0544652416130469,11.760756677014054,17.60042599716733,60.0
2005,whole_blocks_latitude_cap,1,5000,7,spatial_coverage,global,equal_cell,85332,-0.02921842914483,11.280397523423373,19.575639463316097,60.0
2005,whole_blocks_latitude_cap,1,5000,7,spatial_coverage,global,spherical_cell_area,85332,0.3712488966970758,11.080831446255525,19.219489053207298,60.0
2005,whole_blocks_latitude_cap,1,5000,7,spatial_coverage,south_of_60n,equal_cell,85332,-0.02921842914483,11.280397523423373,19.575639463316097,60.0
2005,whole_blocks_latitude_cap,1,5000,7,spatial_coverage,south_of_60n,spherical_cell_area,85332,0.3712488966970758,11.080831446255525,19.219489053207298,60.0
2005,whole_blocks_latitude_cap,1,5000,8,random,global,equal_cell,85332,-1.2892753073500596,11.770704987401585,24.211524629561517,60.0
2005,whole_blocks_latitude_cap,1,5000,8,random,global,spherical_cell_area,85332,-0.9308742537039264,11.453993330511612,23.533033329067585,60.0
2005,whole_blocks_latitude_cap,1,5000,8,random,south_of_60n,equal_cell,85332,-1.2892753073500596,11.770704987401585,24.211524629561517,60.0
2005,whole_blocks_latitude_cap,1,5000,8,random,south_of_60n,spherical_cell_area,85332,-0.9308742537039264,11.453993330511612,23.533033329067585,60.0
2005,whole_blocks_latitude_cap,1,5000,8,historical_density,global,equal_cell,85332,-0.3052869507898278,13.054024229182543,20.118591589133352,60.0
2005,whole_blocks_latitude_cap,1,5000,8,historical_density,global,spherical_cell_area,85332,-0.2086597073959105,12.609117278646416,19.52198441660069,60.0
2005,whole_blocks_latitude_cap,1,5000,8,historical_density,south_of_60n,equal_cell,85332,-0.3052869507898278,13.054024229182543,20.118591589133352,60.0
2005,whole_blocks_latitude_cap,1,5000,8,historical_density,south_of_60n,spherical_cell_area,85332,-0.2086597073959105,12.609117278646416,19.52198441660069,60.0
2005,whole_blocks_latitude_cap,1,5000,8,spatial_coverage,global,equal_cell,85332,0.1198790897671991,10.89914718234454,17.39123812482658,60.0
2005,whole_blocks_latitude_cap,1,5000,8,spatial_coverage,global,spherical_cell_area,85332,0.5002647497871164,10.744828329857912,17.237465872893416,60.0
2005,whole_blocks_latitude_cap,1,5000,8,spatial_coverage,south_of_60n,equal_cell,85332,0.1198790897671991,10.89914718234454,17.39123812482658,60.0
2005,whole_blocks_latitude_cap,1,5000,8,spatial_coverage,south_of_60n,spherical_cell_area,85332,0.5002647497871164,10.744828329857912,17.237465872893416,60.0
2005,whole_blocks_latitude_cap,1,5000,9,random,global,equal_cell,85332,-1.3296467191635777,11.285707031459063,23.01879353376936,60.0
2005,whole_blocks_latitude_cap,1,5000,9,random,global,spherical_cell_area,85332,-0.9851316711904756,11.070692587545906,22.40096984317331,60.0
2005,whole_blocks_latitude_cap,1,5000,9,random,south_of_60n,equal_cell,85332,-1.3296467191635777,11.285707031459063,23.01879353376936,60.0
2005,whole_blocks_latitude_cap,1,5000,9,random,south_of_60n,spherical_cell_area,85332,-0.9851316711904756,11.070692587545906,22.40096984317331,60.0
2005,whole_blocks_latitude_cap,1,5000,9,historical_density,global,equal_cell,85332,1.193013631140751,12.02639960334666,17.778769087227534,60.0
2005,whole_blocks_latitude_cap,1,5000,9,historical_density,global,spherical_cell_area,85332,1.1612553920024056,11.67946441019906,17.445165064615637,60.0
2005,whole_blocks_latitude_cap,1,5000,9,historical_density,south_of_60n,equal_cell,85332,1.193013631140751,12.02639960334666,17.778769087227534,60.0
2005,whole_blocks_latitude_cap,1,5000,9,historical_density,south_of_60n,spherical_cell_area,85332,1.1612553920024056,11.67946441019906,17.445165064615637,60.0
2005,whole_blocks_latitude_cap,1,5000,9,spatial_coverage,global,equal_cell,85332,-0.4878807059707908,11.793213031183331,22.36215713218961,60.0
2005,whole_blocks_latitude_cap,1,5000,9,spatial_coverage,global,spherical_cell_area,85332,-0.1331740236600317,11.571808259159134,21.76170631537287,60.0
2005,whole_blocks_latitude_cap,1,5000,9,spatial_coverage,south_of_60n,equal_cell,85332,-0.4878807059707908,11.793213031183331,22.36215713218961,60.0
2005,whole_blocks_latitude_cap,1,5000,9,spatial_coverage,south_of_60n,spherical_cell_area,85332,-0.1331740236600317,11.571808259159134,21.76170631537287,60.0
2005,whole_blocks_latitude_cap,1,5000,10,random,global,equal_cell,85332,-1.332366146736207,11.099316082729969,22.38382100981812,60.0
2005,whole_blocks_latitude_cap,1,5000,10,random,global,spherical_cell_area,85332,-1.0865080539361265,10.880839175499634,21.825368871263564,60.0
2005,whole_blocks_latitude_cap,1,5000,10,random,south_of_60n,equal_cell,85332,-1.332366146736207,11.099316082729969,22.38382100981812,60.0
2005,whole_blocks_latitude_cap,1,5000,10,random,south_of_60n,spherical_cell_area,85332,-1.0865080539361265,10.880839175499634,21.825368871263564,60.0
2005,whole_blocks_latitude_cap,1,5000,10,historical_density,global,equal_cell,85332,0.9748949928103638,12.65296746126034,18.143970921386057,60.0
2005,whole_blocks_latitude_cap,1,5000,10,historical_density,global,spherical_cell_area,85332,1.078753496750247,12.389036418757003,17.84758997847852,60.0
2005,whole_blocks_latitude_cap,1,5000,10,historical_density,south_of_60n,equal_cell,85332,0.9748949928103638,12.65296746126034,18.143970921386057,60.0
2005,whole_blocks_latitude_cap,1,5000,10,historical_density,south_of_60n,spherical_cell_area,85332,1.078753496750247,12.389036418757003,17.84758997847852,60.0
2005,whole_blocks_latitude_cap,1,5000,10,spatial_coverage,global,equal_cell,85332,0.3824245315416809,10.597592550943924,16.487467595665176,60.0
2005,whole_blocks_latitude_cap,1,5000,10,spatial_coverage,global,spherical_cell_area,85332,0.8979496400058914,10.447190580528131,16.221323739062143,60.0
2005,whole_blocks_latitude_cap,1,5000,10,spatial_coverage,south_of_60n,equal_cell,85332,0.3824245315416809,10.597592550943924,16.487467595665176,60.0
2005,whole_blocks_latitude_cap,1,5000,10,spatial_coverage,south_of_60n,spherical_cell_area,85332,0.8979496400058914,10.447190580528131,16.221323739062143,60.0
2005,whole_blocks_latitude_cap,1,5000,11,random,global,equal_cell,85332,-1.9141356492095905,11.953776297038166,26.895088952735374,60.0
2005,whole_blocks_latitude_cap,1,5000,11,random,global,spherical_cell_area,85332,-1.5666110696117987,11.621515952698331,26.05277786185254,60.0
2005,whole_blocks_latitude_cap,1,5000,11,random,south_of_60n,equal_cell,85332,-1.9141356492095905,11.953776297038166,26.895088952735374,60.0
2005,whole_blocks_latitude_cap,1,5000,11,random,south_of_60n,spherical_cell_area,85332,-1.5666110696117987,11.621515952698331,26.05277786185254,60.0
2005,whole_blocks_latitude_cap,1,5000,11,historical_density,global,equal_cell,85332,1.285503102128849,12.056420301637695,17.746811926692164,60.0
2005,whole_blocks_latitude_cap,1,5000,11,historical_density,global,spherical_cell_area,85332,1.4831500936327526,11.70710521912412,17.428072932411325,60.0
2005,whole_blocks_latitude_cap,1,5000,11,historical_density,south_of_60n,equal_cell,85332,1.285503102128849,12.056420301637695,17.746811926692164,60.0
2005,whole_blocks_latitude_cap,1,5000,11,historical_density,south_of_60n,spherical_cell_area,85332,1.4831500936327526,11.70710521912412,17.428072932411325,60.0
2005,whole_blocks_latitude_cap,1,5000,11,spatial_coverage,global,equal_cell,85332,-0.2314286418532217,11.397614364031998,21.118905469846133,60.0
2005,whole_blocks_latitude_cap,1,5000,11,spatial_coverage,global,spherical_cell_area,85332,0.2102095906847715,11.189902626410728,20.62217952462925,60.0
2005,whole_blocks_latitude_cap,1,5000,11,spatial_coverage,south_of_60n,equal_cell,85332,-0.2314286418532217,11.397614364031998,21.118905469846133,60.0
2005,whole_blocks_latitude_cap,1,5000,11,spatial_coverage,south_of_60n,spherical_cell_area,85332,0.2102095906847715,11.189902626410728,20.62217952462925,60.0
2005,whole_blocks_latitude_cap,1,5000,12,random,global,equal_cell,85332,-0.739719313637913,11.533224289882234,22.34873585646229,60.0
2005,whole_blocks_latitude_cap,1,5000,12,random,global,spherical_cell_area,85332,-0.5904158408304298,11.322345820742044,21.824189683760626,60.0
2005,whole_blocks_latitude_cap,1,5000,12,random,south_of_60n,equal_cell,85332,-0.739719313637913,11.533224289882234,22.34873585646229,60.0
2005,whole_blocks_latitude_cap,1,5000,12,random,south_of_60n,spherical_cell_area,85332,-0.5904158408304298,11.322345820742044,21.824189683760626,60.0
2005,whole_blocks_latitude_cap,1,5000,12,historical_density,global,equal_cell,85332,0.0595351835752452,12.833880001348197,19.366065906614555,60.0
2005,whole_blocks_latitude_cap,1,5000,12,historical_density,global,spherical_cell_area,85332,0.2529196709460193,12.516689828784951,18.93009725402638,60.0
2005,whole_blocks_latitude_cap,1,5000,12,historical_density,south_of_60n,equal_cell,85332,0.0595351835752452,12.833880001348197,19.366065906614555,60.0
2005,whole_blocks_latitude_cap,1,5000,12,historical_density,south_of_60n,spherical_cell_area,85332,0.2529196709460193,12.516689828784951,18.93009725402638,60.0
2005,whole_blocks_latitude_cap,1,5000,12,spatial_coverage,global,equal_cell,85332,0.7140056749868784,10.842411176578478,16.326809214880477,60.0
2005,whole_blocks_latitude_cap,1,5000,12,spatial_coverage,global,spherical_cell_area,85332,1.2749077078858706,10.659941149391166,16.065448465985476,60.0
2005,whole_blocks_latitude_cap,1,5000,12,spatial_coverage,south_of_60n,equal_cell,85332,0.7140056749868784,10.842411176578478,16.326809214880477,60.0
2005,whole_blocks_latitude_cap,1,5000,12,spatial_coverage,south_of_60n,spherical_cell_area,85332,1.2749077078858706,10.659941149391166,16.065448465985476,60.0
2005,whole_blocks_latitude_cap,1,5000,13,random,global,equal_cell,85332,-3.205232633943321,14.067555959304585,34.53874207660393,60.0
2005,whole_blocks_latitude_cap,1,5000,13,random,global,spherical_cell_area,85332,-2.856483143686316,13.732079243902266,33.6438068541146,60.0
2005,whole_blocks_latitude_cap,1,5000,13,random,south_of_60n,equal_cell,85332,-3.205232633943321,14.067555959304585,34.53874207660393,60.0
2005,whole_blocks_latitude_cap,1,5000,13,random,south_of_60n,spherical_cell_area,85332,-2.856483143686316,13.732079243902266,33.6438068541146,60.0
2005,whole_blocks_latitude_cap,1,5000,13,historical_density,global,equal_cell,85332,0.6536624626851683,12.668979254527049,20.23373926691344,60.0
2005,whole_blocks_latitude_cap,1,5000,13,historical_density,global,spherical_cell_area,85332,0.988387771996906,12.268975292406523,19.680359502832864,60.0
2005,whole_blocks_latitude_cap,1,5000,13,historical_density,south_of_60n,equal_cell,85332,0.6536624626851683,12.668979254527049,20.23373926691344,60.0
2005,whole_blocks_latitude_cap,1,5000,13,historical_density,south_of_60n,spherical_cell_area,85332,0.988387771996906,12.268975292406523,19.680359502832864,60.0
2005,whole_blocks_latitude_cap,1,5000,13,spatial_coverage,global,equal_cell,85332,0.5641766220491163,10.54877284714673,16.270598349516682,60.0
2005,whole_blocks_latitude_cap,1,5000,13,spatial_coverage,global,spherical_cell_area,85332,0.9600409027036254,10.399137862626604,16.00557044084965,60.0
2005,whole_blocks_latitude_cap,1,5000,13,spatial_coverage,south_of_60n,equal_cell,85332,0.5641766220491163,10.54877284714673,16.270598349516682,60.0
2005,whole_blocks_latitude_cap,1,5000,13,spatial_coverage,south_of_60n,spherical_cell_area,85332,0.9600409027036254,10.399137862626604,16.00557044084965,60.0
2005,whole_blocks_latitude_cap,1,5000,14,random,global,equal_cell,85332,-0.4767578894603561,11.264501142868369,23.64702008283153,60.0
2005,whole_blocks_latitude_cap,1,5000,14,random,global,spherical_cell_area,85332,-0.2218087280316685,11.030096858217718,23.00599115695516,60.0
2005,whole_blocks_latitude_cap,1,5000,14,random,south_of_60n,equal_cell,85332,-0.4767578894603561,11.264501142868369,23.64702008283153,60.0
2005,whole_blocks_latitude_cap,1,5000,14,random,south_of_60n,spherical_cell_area,85332,-0.2218087280316685,11.030096858217718,23.00599115695516,60.0
2005,whole_blocks_latitude_cap,1,5000,14,historical_density,global,equal_cell,85332,0.8257984103979138,12.50770080617717,18.62336848235928,60.0
2005,whole_blocks_latitude_cap,1,5000,14,historical_density,global,spherical_cell_area,85332,0.8915882078658655,12.191992759677497,18.3303878388583,60.0
2005,whole_blocks_latitude_cap,1,5000,14,historical_density,south_of_60n,equal_cell,85332,0.8257984103979138,12.50770080617717,18.62336848235928,60.0
2005,whole_blocks_latitude_cap,1,5000,14,historical_density,south_of_60n,spherical_cell_area,85332,0.8915882078658655,12.191992759677497,18.3303878388583,60.0
2005,whole_blocks_latitude_cap,1,5000,14,spatial_coverage,global,equal_cell,85332,-0.0507248472715187,10.980180366811124,17.475351559382915,60.0
2005,whole_blocks_latitude_cap,1,5000,14,spatial_coverage,global,spherical_cell_area,85332,0.4113282418018928,10.731231147028724,17.100426741786436,60.0
2005,whole_blocks_latitude_cap,1,5000,14,spatial_coverage,south_of_60n,equal_cell,85332,-0.0507248472715187,10.980180366811124,17.475351559382915,60.0
2005,whole_blocks_latitude_cap,1,5000,14,spatial_coverage,south_of_60n,spherical_cell_area,85332,0.4113282418018928,10.731231147028724,17.100426741786436,60.0
2005,whole_blocks_latitude_cap,1,5000,15,random,global,equal_cell,85332,-1.2044647591340851,11.26909535184578,22.65855563379653,60.0
2005,whole_blocks_latitude_cap,1,5000,15,random,global,spherical_cell_area,85332,-0.7633911705005151,10.994032534146912,22.01243252087749,60.0
2005,whole_blocks_latitude_cap,1,5000,15,random,south_of_60n,equal_cell,85332,-1.2044647591340851,11.26909535184578,22.65855563379653,60.0
2005,whole_blocks_latitude_cap,1,5000,15,random,south_of_60n,spherical_cell_area,85332,-0.7633911705005151,10.994032534146912,22.01243252087749,60.0
2005,whole_blocks_latitude_cap,1,5000,15,historical_density,global,equal_cell,85332,0.0177260863340596,12.441463493538995,19.256607032955817,60.0
2005,whole_blocks_latitude_cap,1,5000,15,historical_density,global,spherical_cell_area,85332,0.0367932024603919,12.137228213942624,18.90638083143075,60.0
2005,whole_blocks_latitude_cap,1,5000,15,historical_density,south_of_60n,equal_cell,85332,0.0177260863340596,12.441463493538995,19.256607032955817,60.0
2005,whole_blocks_latitude_cap,1,5000,15,historical_density,south_of_60n,spherical_cell_area,85332,0.0367932024603919,12.137228213942624,18.90638083143075,60.0
2005,whole_blocks_latitude_cap,1,5000,15,spatial_coverage,global,equal_cell,85332,0.5827612811953152,11.0085161511135,17.356869126921122,60.0
2005,whole_blocks_latitude_cap,1,5000,15,spatial_coverage,global,spherical_cell_area,85332,0.8958523988662614,10.838719263533068,17.000242142449782,60.0
2005,whole_blocks_latitude_cap,1,5000,15,spatial_coverage,south_of_60n,equal_cell,85332,0.5827612811953152,11.0085161511135,17.356869126921122,60.0
2005,whole_blocks_latitude_cap,1,5000,15,spatial_coverage,south_of_60n,spherical_cell_area,85332,0.8958523988662614,10.838719263533068,17.000242142449782,60.0
2005,whole_blocks_latitude_cap,1,5000,16,random,global,equal_cell,85332,-0.9496420037453986,11.33467860261482,22.070663984356987,60.0
2005,whole_blocks_latitude_cap,1,5000,16,random,global,spherical_cell_area,85332,-0.7990035598621058,11.03541167766216,21.410667861581825,60.0
2005,whole_blocks_latitude_cap,1,5000,16,random,south_of_60n,equal_cell,85332,-0.9496420037453986,11.33467860261482,22.070663984356987,60.0
2005,whole_blocks_latitude_cap,1,5000,16,random,south_of_60n,spherical_cell_area,85332,-0.7990035598621058,11.03541167766216,21.410667861581825,60.0
2005,whole_blocks_latitude_cap,1,5000,16,historical_density,global,equal_cell,85332,0.3593911556493624,12.14309413756477,17.876426936979044,60.0
2005,whole_blocks_latitude_cap,1,5000,16,historical_density,global,spherical_cell_area,85332,0.5138523047264504,11.848186807273622,17.551105991461466,60.0
2005,whole_blocks_latitude_cap,1,5000,16,historical_density,south_of_60n,equal_cell,85332,0.3593911556493624,12.14309413756477,17.876426936979044,60.0
2005,whole_blocks_latitude_cap,1,5000,16,historical_density,south_of_60n,spherical_cell_area,85332,0.5138523047264504,11.848186807273622,17.551105991461466,60.0
2005,whole_blocks_latitude_cap,1,5000,16,spatial_coverage,global,equal_cell,85332,0.3149618610957083,10.975121437409296,17.74409132594083,60.0
2005,whole_blocks_latitude_cap,1,5000,16,spatial_coverage,global,spherical_cell_area,85332,0.6891697290472955,10.831306601733624,17.64612935442065,60.0
2005,whole_blocks_latitude_cap,1,5000,16,spatial_coverage,south_of_60n,equal_cell,85332,0.3149618610957083,10.975121437409296,17.74409132594083,60.0
2005,whole_blocks_latitude_cap,1,5000,16,spatial_coverage,south_of_60n,spherical_cell_area,85332,0.6891697290472955,10.831306601733624,17.64612935442065,60.0
2005,whole_blocks_latitude_cap,1,5000,17,random,global,equal_cell,85332,-0.7188892704328556,11.849714224699664,24.709892531245572,60.0
2005,whole_blocks_latitude_cap,1,5000,17,random,global,spherical_cell_area,85332,-0.3863848168587819,11.602736735092902,24.064058232873705,60.0
2005,whole_blocks_latitude_cap,1,5000,17,random,south_of_60n,equal_cell,85332,-0.7188892704328556,11.849714224699664,24.709892531245572,60.0
2005,whole_blocks_latitude_cap,1,5000,17,random,south_of_60n,spherical_cell_area,85332,-0.3863848168587819,11.602736735092902,24.064058232873705,60.0
2005,whole_blocks_latitude_cap,1,5000,17,historical_density,global,equal_cell,85332,-0.7567330817893367,12.768574895460292,20.319290194389804,60.0
2005,whole_blocks_latitude_cap,1,5000,17,historical_density,global,spherical_cell_area,85332,-0.5633426098484315,12.49197285064166,19.893732830858657,60.0
2005,whole_blocks_latitude_cap,1,5000,17,historical_density,south_of_60n,equal_cell,85332,-0.7567330817893367,12.768574895460292,20.319290194389804,60.0
2005,whole_blocks_latitude_cap,1,5000,17,historical_density,south_of_60n,spherical_cell_area,85332,-0.5633426098484315,12.49197285064166,19.893732830858657,60.0
2005,whole_blocks_latitude_cap,1,5000,17,spatial_coverage,global,equal_cell,85332,0.1649619726765076,10.874295823163576,17.46912664095011,60.0
2005,whole_blocks_latitude_cap,1,5000,17,spatial_coverage,global,spherical_cell_area,85332,0.4945548349400599,10.702913815032668,17.26814184113718,60.0
2005,whole_blocks_latitude_cap,1,5000,17,spatial_coverage,south_of_60n,equal_cell,85332,0.1649619726765076,10.874295823163576,17.46912664095011,60.0
2005,whole_blocks_latitude_cap,1,5000,17,spatial_coverage,south_of_60n,spherical_cell_area,85332,0.4945548349400599,10.702913815032668,17.26814184113718,60.0
2005,whole_blocks_latitude_cap,1,5000,18,random,global,equal_cell,85332,-0.8418156966201059,11.186161560953872,22.370058386254183,60.0
2005,whole_blocks_latitude_cap,1,5000,18,random,global,spherical_cell_area,85332,-0.4747386723486577,10.90663713069431,21.74813153554633,60.0
2005,whole_blocks_latitude_cap,1,5000,18,random,south_of_60n,equal_cell,85332,-0.8418156966201059,11.186161560953872,22.370058386254183,60.0
2005,whole_blocks_latitude_cap,1,5000,18,random,south_of_60n,spherical_cell_area,85332,-0.4747386723486577,10.90663713069431,21.74813153554633,60.0
2005,whole_blocks_latitude_cap,1,5000,18,historical_density,global,equal_cell,85332,-0.0190628661318265,12.75074564189763,19.022730821300463,60.0
2005,whole_blocks_latitude_cap,1,5000,18,historical_density,global,spherical_cell_area,85332,0.0859734102926192,12.491613961646152,18.763312738088008,60.0
2005,whole_blocks_latitude_cap,1,5000,18,historical_density,south_of_60n,equal_cell,85332,-0.0190628661318265,12.75074564189763,19.022730821300463,60.0
2005,whole_blocks_latitude_cap,1,5000,18,historical_density,south_of_60n,spherical_cell_area,85332,0.0859734102926192,12.491613961646152,18.763312738088008,60.0
2005,whole_blocks_latitude_cap,1,5000,18,spatial_coverage,global,equal_cell,85332,-0.1103393438720457,10.954293058111295,18.10376724972885,60.0
2005,whole_blocks_latitude_cap,1,5000,18,spatial_coverage,global,spherical_cell_area,85332,0.2300370750325627,10.770170235856286,17.792804522678075,60.0
2005,whole_blocks_latitude_cap,1,5000,18,spatial_coverage,south_of_60n,equal_cell,85332,-0.1103393438720457,10.954293058111295,18.10376724972885,60.0
2005,whole_blocks_latitude_cap,1,5000,18,spatial_coverage,south_of_60n,spherical_cell_area,85332,0.2300370750325627,10.770170235856286,17.792804522678075,60.0
2005,whole_blocks_latitude_cap,1,5000,19,random,global,equal_cell,85332,-1.088022307648685,11.822204216122609,23.81107796252246,60.0
2005,whole_blocks_latitude_cap,1,5000,19,random,global,spherical_cell_area,85332,-0.8231330146534548,11.452299254372464,23.03658651515473,60.0
2005,whole_blocks_latitude_cap,1,5000,19,random,south_of_60n,equal_cell,85332,-1.088022307648685,11.822204216122609,23.81107796252246,60.0
2005,whole_blocks_latitude_cap,1,5000,19,random,south_of_60n,spherical_cell_area,85332,-0.8231330146534548,11.452299254372464,23.03658651515473,60.0
2005,whole_blocks_latitude_cap,1,5000,19,historical_density,global,equal_cell,85332,-0.6271773915934046,12.437429955838615,18.40764250609112,60.0
2005,whole_blocks_latitude_cap,1,5000,19,historical_density,global,spherical_cell_area,85332,-0.5714995652632777,12.135794021359375,18.090139322994904,60.0
2005,whole_blocks_latitude_cap,1,5000,19,historical_density,south_of_60n,equal_cell,85332,-0.6271773915934046,12.437429955838615,18.40764250609112,60.0
2005,whole_blocks_latitude_cap,1,5000,19,historical_density,south_of_60n,spherical_cell_area,85332,-0.5714995652632777,12.135794021359375,18.090139322994904,60.0
2005,whole_blocks_latitude_cap,1,5000,19,spatial_coverage,global,equal_cell,85332,0.3482680741132424,10.86387380799144,17.555812169542246,60.0
2005,whole_blocks_latitude_cap,1,5000,19,spatial_coverage,global,spherical_cell_area,85332,0.8406813727844309,10.68828933827132,17.153731300372435,60.0
2005,whole_blocks_latitude_cap,1,5000,19,spatial_coverage,south_of_60n,equal_cell,85332,0.3482680741132424,10.86387380799144,17.555812169542246,60.0
2005,whole_blocks_latitude_cap,1,5000,19,spatial_coverage,south_of_60n,spherical_cell_area,85332,0.8406813727844309,10.68828933827132,17.153731300372435,60.0
2005,whole_blocks_latitude_cap,2,5000,0,random,global,equal_cell,85920,1.5104384403771929,12.962168204934049,34.75859982033361,60.0
2005,whole_blocks_latitude_cap,2,5000,0,random,global,spherical_cell_area,85920,1.5298179532378096,12.578971819645265,32.43059463045336,60.0
2005,whole_blocks_latitude_cap,2,5000,0,random,south_of_60n,equal_cell,85920,1.5104384403771929,12.962168204934049,34.75859982033361,60.0
2005,whole_blocks_latitude_cap,2,5000,0,random,south_of_60n,spherical_cell_area,85920,1.5298179532378096,12.578971819645265,32.43059463045336,60.0
2005,whole_blocks_latitude_cap,2,5000,0,historical_density,global,equal_cell,85920,-0.9289579793035724,16.061000650079922,37.565027695046375,60.0
2005,whole_blocks_latitude_cap,2,5000,0,historical_density,global,spherical_cell_area,85920,0.1403812687146028,15.624133341913929,34.96187782057407,60.0
2005,whole_blocks_latitude_cap,2,5000,0,historical_density,south_of_60n,equal_cell,85920,-0.9289579793035724,16.061000650079922,37.565027695046375,60.0
2005,whole_blocks_latitude_cap,2,5000,0,historical_density,south_of_60n,spherical_cell_area,85920,0.1403812687146028,15.624133341913929,34.96187782057407,60.0
2005,whole_blocks_latitude_cap,2,5000,0,spatial_coverage,global,equal_cell,85920,0.3387839456388954,13.999457263387193,35.614046582568854,60.0
2005,whole_blocks_latitude_cap,2,5000,0,spatial_coverage,global,spherical_cell_area,85920,0.6446098587250525,13.43786923409042,32.45117588011157,60.0
2005,whole_blocks_latitude_cap,2,5000,0,spatial_coverage,south_of_60n,equal_cell,85920,0.3387839456388954,13.999457263387193,35.614046582568854,60.0
2005,whole_blocks_latitude_cap,2,5000,0,spatial_coverage,south_of_60n,spherical_cell_area,85920,0.6446098587250525,13.43786923409042,32.45117588011157,60.0
2005,whole_blocks_latitude_cap,2,5000,1,random,global,equal_cell,85920,1.0851446399279288,13.14313204128081,33.589480325070745,60.0
2005,whole_blocks_latitude_cap,2,5000,1,random,global,spherical_cell_area,85920,1.3739247730955562,12.828540425847011,31.522533860121765,60.0
2005,whole_blocks_latitude_cap,2,5000,1,random,south_of_60n,equal_cell,85920,1.0851446399279288,13.14313204128081,33.589480325070745,60.0
2005,whole_blocks_latitude_cap,2,5000,1,random,south_of_60n,spherical_cell_area,85920,1.3739247730955562,12.828540425847011,31.522533860121765,60.0
2005,whole_blocks_latitude_cap,2,5000,1,historical_density,global,equal_cell,85920,-1.3553646860859896,14.791291826652651,36.62672857467421,60.0
2005,whole_blocks_latitude_cap,2,5000,1,historical_density,global,spherical_cell_area,85920,-0.3899588720499714,14.377813517204537,34.03483418712063,60.0
2005,whole_blocks_latitude_cap,2,5000,1,historical_density,south_of_60n,equal_cell,85920,-1.3553646860859896,14.791291826652651,36.62672857467421,60.0
2005,whole_blocks_latitude_cap,2,5000,1,historical_density,south_of_60n,spherical_cell_area,85920,-0.3899588720499714,14.377813517204537,34.03483418712063,60.0
2005,whole_blocks_latitude_cap,2,5000,1,spatial_coverage,global,equal_cell,85920,0.1163512379224665,12.988793128350038,33.1494142567138,60.0
2005,whole_blocks_latitude_cap,2,5000,1,spatial_coverage,global,spherical_cell_area,85920,0.4982804791234324,12.427099515144464,30.16543347332232,60.0
2005,whole_blocks_latitude_cap,2,5000,1,spatial_coverage,south_of_60n,equal_cell,85920,0.1163512379224665,12.988793128350038,33.1494142567138,60.0
2005,whole_blocks_latitude_cap,2,5000,1,spatial_coverage,south_of_60n,spherical_cell_area,85920,0.4982804791234324,12.427099515144464,30.16543347332232,60.0
2005,whole_blocks_latitude_cap,2,5000,2,random,global,equal_cell,85920,-0.2234968206406093,12.701752739047324,32.791387996879635,60.0
2005,whole_blocks_latitude_cap,2,5000,2,random,global,spherical_cell_area,85920,0.3924984715301525,12.384314859113305,30.512255437358604,60.0
2005,whole_blocks_latitude_cap,2,5000,2,random,south_of_60n,equal_cell,85920,-0.2234968206406093,12.701752739047324,32.791387996879635,60.0
2005,whole_blocks_latitude_cap,2,5000,2,random,south_of_60n,spherical_cell_area,85920,0.3924984715301525,12.384314859113305,30.512255437358604,60.0
2005,whole_blocks_latitude_cap,2,5000,2,historical_density,global,equal_cell,85920,-0.7724693097071433,15.938241054816269,37.65186890246205,60.0
2005,whole_blocks_latitude_cap,2,5000,2,historical_density,global,spherical_cell_area,85920,0.1844019982934102,15.383897977223356,34.90511105325346,60.0
2005,whole_blocks_latitude_cap,2,5000,2,historical_density,south_of_60n,equal_cell,85920,-0.7724693097071433,15.938241054816269,37.65186890246205,60.0
2005,whole_blocks_latitude_cap,2,5000,2,historical_density,south_of_60n,spherical_cell_area,85920,0.1844019982934102,15.383897977223356,34.90511105325346,60.0
2005,whole_blocks_latitude_cap,2,5000,2,spatial_coverage,global,equal_cell,85920,-0.9508733517885136,12.186852708138185,31.4600545082332,60.0
2005,whole_blocks_latitude_cap,2,5000,2,spatial_coverage,global,spherical_cell_area,85920,-0.2262653710187178,11.906953927658169,29.424156914995145,60.0
2005,whole_blocks_latitude_cap,2,5000,2,spatial_coverage,south_of_60n,equal_cell,85920,-0.9508733517885136,12.186852708138185,31.4600545082332,60.0
2005,whole_blocks_latitude_cap,2,5000,2,spatial_coverage,south_of_60n,spherical_cell_area,85920,-0.2262653710187178,11.906953927658169,29.424156914995145,60.0
2005,whole_blocks_latitude_cap,2,5000,3,random,global,equal_cell,85920,-0.0333177350747468,13.085717594636964,33.23255025989575,60.0
2005,whole_blocks_latitude_cap,2,5000,3,random,global,spherical_cell_area,85920,0.4842900219484329,12.766020793128236,31.174449163313056,60.0
2005,whole_blocks_latitude_cap,2,5000,3,random,south_of_60n,equal_cell,85920,-0.0333177350747468,13.085717594636964,33.23255025989575,60.0
2005,whole_blocks_latitude_cap,2,5000,3,random,south_of_60n,spherical_cell_area,85920,0.4842900219484329,12.766020793128236,31.174449163313056,60.0
2005,whole_blocks_latitude_cap,2,5000,3,historical_density,global,equal_cell,85920,0.0783923006383765,15.561852585811137,37.22241434335759,60.0
2005,whole_blocks_latitude_cap,2,5000,3,historical_density,global,spherical_cell_area,85920,0.8022266932342403,15.099440974679624,34.80581001315359,60.0
2005,whole_blocks_latitude_cap,2,5000,3,historical_density,south_of_60n,equal_cell,85920,0.0783923006383765,15.561852585811137,37.22241434335759,60.0
2005,whole_blocks_latitude_cap,2,5000,3,historical_density,south_of_60n,spherical_cell_area,85920,0.8022266932342403,15.099440974679624,34.80581001315359,60.0
2005,whole_blocks_latitude_cap,2,5000,3,spatial_coverage,global,equal_cell,85920,-0.8506565329449328,12.495717618425749,31.41961775739417,60.0
2005,whole_blocks_latitude_cap,2,5000,3,spatial_coverage,global,spherical_cell_area,85920,-0.2380059463015482,12.109183210431176,29.23127728490435,60.0
2005,whole_blocks_latitude_cap,2,5000,3,spatial_coverage,south_of_60n,equal_cell,85920,-0.8506565329449328,12.495717618425749,31.41961775739417,60.0
2005,whole_blocks_latitude_cap,2,5000,3,spatial_coverage,south_of_60n,spherical_cell_area,85920,-0.2380059463015482,12.109183210431176,29.23127728490435,60.0
2005,whole_blocks_latitude_cap,2,5000,4,random,global,equal_cell,85920,0.3926520610148028,13.310177879403494,33.6252859232984,60.0
2005,whole_blocks_latitude_cap,2,5000,4,random,global,spherical_cell_area,85920,0.9339516622709896,12.937536802344324,31.461706427430777,60.0
2005,whole_blocks_latitude_cap,2,5000,4,random,south_of_60n,equal_cell,85920,0.3926520610148028,13.310177879403494,33.6252859232984,60.0
2005,whole_blocks_latitude_cap,2,5000,4,random,south_of_60n,spherical_cell_area,85920,0.9339516622709896,12.937536802344324,31.461706427430777,60.0
2005,whole_blocks_latitude_cap,2,5000,4,historical_density,global,equal_cell,85920,-1.2763235052826754,15.74391582912749,37.60336727376812,60.0
2005,whole_blocks_latitude_cap,2,5000,4,historical_density,global,spherical_cell_area,85920,-0.3915754678473767,15.140521743537477,34.8049501903387,60.0
2005,whole_blocks_latitude_cap,2,5000,4,historical_density,south_of_60n,equal_cell,85920,-1.2763235052826754,15.74391582912749,37.60336727376812,60.0
2005,whole_blocks_latitude_cap,2,5000,4,historical_density,south_of_60n,spherical_cell_area,85920,-0.3915754678473767,15.140521743537477,34.8049501903387,60.0
2005,whole_blocks_latitude_cap,2,5000,4,spatial_coverage,global,equal_cell,85920,0.5077936056978872,12.533463727178775,29.47298863094112,60.0
2005,whole_blocks_latitude_cap,2,5000,4,spatial_coverage,global,spherical_cell_area,85920,0.7504977794144037,12.15373926729516,27.446947755986937,60.0
2005,whole_blocks_latitude_cap,2,5000,4,spatial_coverage,south_of_60n,equal_cell,85920,0.5077936056978872,12.533463727178775,29.47298863094112,60.0
2005,whole_blocks_latitude_cap,2,5000,4,spatial_coverage,south_of_60n,spherical_cell_area,85920,0.7504977794144037,12.15373926729516,27.446947755986937,60.0
2005,whole_blocks_latitude_cap,2,5000,5,random,global,equal_cell,85920,0.958235015433789,13.215198078208395,34.00596987768228,60.0
2005,whole_blocks_latitude_cap,2,5000,5,random,global,spherical_cell_area,85920,1.431471013007409,12.8989055140197,31.706810404649836,60.0
2005,whole_blocks_latitude_cap,2,5000,5,random,south_of_60n,equal_cell,85920,0.958235015433789,13.215198078208395,34.00596987768228,60.0
2005,whole_blocks_latitude_cap,2,5000,5,random,south_of_60n,spherical_cell_area,85920,1.431471013007409,12.8989055140197,31.706810404649836,60.0
2005,whole_blocks_latitude_cap,2,5000,5,historical_density,global,equal_cell,85920,0.2805851278323416,16.295369003508885,39.643058515723645,60.0
2005,whole_blocks_latitude_cap,2,5000,5,historical_density,global,spherical_cell_area,85920,1.2084851093881794,15.670708965486766,36.77537915980198,60.0
2005,whole_blocks_latitude_cap,2,5000,5,historical_density,south_of_60n,equal_cell,85920,0.2805851278323416,16.295369003508885,39.643058515723645,60.0
2005,whole_blocks_latitude_cap,2,5000,5,historical_density,south_of_60n,spherical_cell_area,85920,1.2084851093881794,15.670708965486766,36.77537915980198,60.0
2005,whole_blocks_latitude_cap,2,5000,5,spatial_coverage,global,equal_cell,85920,1.0808380499021906,12.49079078564317,28.362539682938227,60.0
2005,whole_blocks_latitude_cap,2,5000,5,spatial_coverage,global,spherical_cell_area,85920,1.3815233954854478,12.238059090465994,26.76816688639312,60.0
2005,whole_blocks_latitude_cap,2,5000,5,spatial_coverage,south_of_60n,equal_cell,85920,1.0808380499021906,12.49079078564317,28.362539682938227,60.0
2005,whole_blocks_latitude_cap,2,5000,5,spatial_coverage,south_of_60n,spherical_cell_area,85920,1.3815233954854478,12.238059090465994,26.76816688639312,60.0
2005,whole_blocks_latitude_cap,2,5000,6,random,global,equal_cell,85920,2.8829577487969864,14.53779702795171,37.82295131962595,60.0
2005,whole_blocks_latitude_cap,2,5000,6,random,global,spherical_cell_area,85920,2.734041560804556,13.96740635770191,35.09381245900483,60.0
2005,whole_blocks_latitude_cap,2,5000,6,random,south_of_60n,equal_cell,85920,2.8829577487969864,14.53779702795171,37.82295131962595,60.0
2005,whole_blocks_latitude_cap,2,5000,6,random,south_of_60n,spherical_cell_area,85920,2.734041560804556,13.96740635770191,35.09381245900483,60.0
2005,whole_blocks_latitude_cap,2,5000,6,historical_density,global,equal_cell,85920,-1.4573326865494018,15.158619992083114,37.63808540823346,60.0
2005,whole_blocks_latitude_cap,2,5000,6,historical_density,global,spherical_cell_area,85920,-0.2365960269341843,14.698260325625393,34.89564355079996,60.0
2005,whole_blocks_latitude_cap,2,5000,6,historical_density,south_of_60n,equal_cell,85920,-1.4573326865494018,15.158619992083114,37.63808540823346,60.0
2005,whole_blocks_latitude_cap,2,5000,6,historical_density,south_of_60n,spherical_cell_area,85920,-0.2365960269341843,14.698260325625393,34.89564355079996,60.0
2005,whole_blocks_latitude_cap,2,5000,6,spatial_coverage,global,equal_cell,85920,-0.6156017204585308,12.601000957358508,30.24378767680385,60.0
2005,whole_blocks_latitude_cap,2,5000,6,spatial_coverage,global,spherical_cell_area,85920,-0.140725646796714,12.213538495648669,28.41214722137279,60.0
2005,whole_blocks_latitude_cap,2,5000,6,spatial_coverage,south_of_60n,equal_cell,85920,-0.6156017204585308,12.601000957358508,30.24378767680385,60.0
2005,whole_blocks_latitude_cap,2,5000,6,spatial_coverage,south_of_60n,spherical_cell_area,85920,-0.140725646796714,12.213538495648669,28.41214722137279,60.0
2005,whole_blocks_latitude_cap,2,5000,7,random,global,equal_cell,85920,-0.946543089652712,13.338791538092677,36.78571098129191,60.0
2005,whole_blocks_latitude_cap,2,5000,7,random,global,spherical_cell_area,85920,-0.3330938889087935,12.858894341365849,33.8385463126066,60.0
2005,whole_blocks_latitude_cap,2,5000,7,random,south_of_60n,equal_cell,85920,-0.946543089652712,13.338791538092677,36.78571098129191,60.0
2005,whole_blocks_latitude_cap,2,5000,7,random,south_of_60n,spherical_cell_area,85920,-0.3330938889087935,12.858894341365849,33.8385463126066,60.0
2005,whole_blocks_latitude_cap,2,5000,7,historical_density,global,equal_cell,85920,-2.1220797343843816,14.837819694463027,37.50902359820649,60.0
2005,whole_blocks_latitude_cap,2,5000,7,historical_density,global,spherical_cell_area,85920,-1.0293567709465776,14.378320714017164,34.72789482240388,60.0
2005,whole_blocks_latitude_cap,2,5000,7,historical_density,south_of_60n,equal_cell,85920,-2.1220797343843816,14.837819694463027,37.50902359820649,60.0
2005,whole_blocks_latitude_cap,2,5000,7,historical_density,south_of_60n,spherical_cell_area,85920,-1.0293567709465776,14.378320714017164,34.72789482240388,60.0
2005,whole_blocks_latitude_cap,2,5000,7,spatial_coverage,global,equal_cell,85920,1.7421812614217989,13.272883236901444,34.56700515905451,60.0
2005,whole_blocks_latitude_cap,2,5000,7,spatial_coverage,global,spherical_cell_area,85920,1.7129296801916538,12.731211140090185,31.611359953175945,60.0
2005,whole_blocks_latitude_cap,2,5000,7,spatial_coverage,south_of_60n,equal_cell,85920,1.7421812614217989,13.272883236901444,34.56700515905451,60.0
2005,whole_blocks_latitude_cap,2,5000,7,spatial_coverage,south_of_60n,spherical_cell_area,85920,1.7129296801916538,12.731211140090185,31.611359953175945,60.0
2005,whole_blocks_latitude_cap,2,5000,8,random,global,equal_cell,85920,-0.1561365799749393,12.15003828147542,33.20398107575572,60.0
2005,whole_blocks_latitude_cap,2,5000,8,random,global,spherical_cell_area,85920,0.3606030773557743,11.864098897190509,30.96704093426209,60.0
2005,whole_blocks_latitude_cap,2,5000,8,random,south_of_60n,equal_cell,85920,-0.1561365799749393,12.15003828147542,33.20398107575572,60.0
2005,whole_blocks_latitude_cap,2,5000,8,random,south_of_60n,spherical_cell_area,85920,0.3606030773557743,11.864098897190509,30.96704093426209,60.0
2005,whole_blocks_latitude_cap,2,5000,8,historical_density,global,equal_cell,85920,-1.1966177000132026,15.96161891733213,37.75238720722724,60.0
2005,whole_blocks_latitude_cap,2,5000,8,historical_density,global,spherical_cell_area,85920,-0.1800793920059998,15.379674016500449,34.980140652742136,60.0
2005,whole_blocks_latitude_cap,2,5000,8,historical_density,south_of_60n,equal_cell,85920,-1.1966177000132026,15.96161891733213,37.75238720722724,60.0
2005,whole_blocks_latitude_cap,2,5000,8,historical_density,south_of_60n,spherical_cell_area,85920,-0.1800793920059998,15.379674016500449,34.980140652742136,60.0
2005,whole_blocks_latitude_cap,2,5000,8,spatial_coverage,global,equal_cell,85920,1.4144367900316348,13.231244605797244,34.398437682439905,60.0
2005,whole_blocks_latitude_cap,2,5000,8,spatial_coverage,global,spherical_cell_area,85920,1.4770044835056,12.747637421710833,31.384356568034352,60.0
2005,whole_blocks_latitude_cap,2,5000,8,spatial_coverage,south_of_60n,equal_cell,85920,1.4144367900316348,13.231244605797244,34.398437682439905,60.0
2005,whole_blocks_latitude_cap,2,5000,8,spatial_coverage,south_of_60n,spherical_cell_area,85920,1.4770044835056,12.747637421710833,31.384356568034352,60.0
2005,whole_blocks_latitude_cap,2,5000,9,random,global,equal_cell,85920,2.3140113524673884,14.08017173779406,37.44519038358451,60.0
2005,whole_blocks_latitude_cap,2,5000,9,random,global,spherical_cell_area,85920,2.489511607963153,13.576908038034516,34.69232509082826,60.0
2005,whole_blocks_latitude_cap,2,5000,9,random,south_of_60n,equal_cell,85920,2.3140113524673884,14.08017173779406,37.44519038358451,60.0
2005,whole_blocks_latitude_cap,2,5000,9,random,south_of_60n,spherical_cell_area,85920,2.489511607963153,13.576908038034516,34.69232509082826,60.0
2005,whole_blocks_latitude_cap,2,5000,9,historical_density,global,equal_cell,85920,-0.3604286035771863,16.06546895463352,37.225024908236485,60.0
2005,whole_blocks_latitude_cap,2,5000,9,historical_density,global,spherical_cell_area,85920,0.792332911999909,15.535404826812986,34.578532766183976,60.0
2005,whole_blocks_latitude_cap,2,5000,9,historical_density,south_of_60n,equal_cell,85920,-0.3604286035771863,16.06546895463352,37.225024908236485,60.0
2005,whole_blocks_latitude_cap,2,5000,9,historical_density,south_of_60n,spherical_cell_area,85920,0.792332911999909,15.535404826812986,34.578532766183976,60.0
2005,whole_blocks_latitude_cap,2,5000,9,spatial_coverage,global,equal_cell,85920,-0.700638997103139,13.867931677093267,37.64596220581937,60.0
2005,whole_blocks_latitude_cap,2,5000,9,spatial_coverage,global,spherical_cell_area,85920,-0.0536159578851964,13.375785757953924,34.23560843868195,60.0
2005,whole_blocks_latitude_cap,2,5000,9,spatial_coverage,south_of_60n,equal_cell,85920,-0.700638997103139,13.867931677093267,37.64596220581937,60.0
2005,whole_blocks_latitude_cap,2,5000,9,spatial_coverage,south_of_60n,spherical_cell_area,85920,-0.0536159578851964,13.375785757953924,34.23560843868195,60.0
2005,whole_blocks_latitude_cap,2,5000,10,random,global,equal_cell,85920,-0.0279652758042889,12.499602337870916,33.8401836538488,60.0
2005,whole_blocks_latitude_cap,2,5000,10,random,global,spherical_cell_area,85920,0.6336707090828833,12.140676644208558,31.48003288823799,60.0
2005,whole_blocks_latitude_cap,2,5000,10,random,south_of_60n,equal_cell,85920,-0.0279652758042889,12.499602337870916,33.8401836538488,60.0
2005,whole_blocks_latitude_cap,2,5000,10,random,south_of_60n,spherical_cell_area,85920,0.6336707090828833,12.140676644208558,31.48003288823799,60.0
2005,whole_blocks_latitude_cap,2,5000,10,historical_density,global,equal_cell,85920,-0.3287445228607292,16.122634215209633,38.64062775815143,60.0
2005,whole_blocks_latitude_cap,2,5000,10,historical_density,global,spherical_cell_area,85920,0.5960247976448787,15.509977069736124,35.901937048834334,60.0
2005,whole_blocks_latitude_cap,2,5000,10,historical_density,south_of_60n,equal_cell,85920,-0.3287445228607292,16.122634215209633,38.64062775815143,60.0
2005,whole_blocks_latitude_cap,2,5000,10,historical_density,south_of_60n,spherical_cell_area,85920,0.5960247976448787,15.509977069736124,35.901937048834334,60.0
2005,whole_blocks_latitude_cap,2,5000,10,spatial_coverage,global,equal_cell,85920,-0.6082346474825495,12.14376644190625,30.36813078231884,60.0
2005,whole_blocks_latitude_cap,2,5000,10,spatial_coverage,global,spherical_cell_area,85920,0.0055473957037299,11.94653754414106,28.537702231370048,60.0
2005,whole_blocks_latitude_cap,2,5000,10,spatial_coverage,south_of_60n,equal_cell,85920,-0.6082346474825495,12.14376644190625,30.36813078231884,60.0
2005,whole_blocks_latitude_cap,2,5000,10,spatial_coverage,south_of_60n,spherical_cell_area,85920,0.0055473957037299,11.94653754414106,28.537702231370048,60.0
2005,whole_blocks_latitude_cap,2,5000,11,random,global,equal_cell,85920,1.1178059962732825,13.12259295485444,35.91117876333151,60.0
2005,whole_blocks_latitude_cap,2,5000,11,random,global,spherical_cell_area,85920,1.4266772659556803,12.617565534657562,33.10495514218251,60.0
2005,whole_blocks_latitude_cap,2,5000,11,random,south_of_60n,equal_cell,85920,1.1178059962732825,13.12259295485444,35.91117876333151,60.0
2005,whole_blocks_latitude_cap,2,5000,11,random,south_of_60n,spherical_cell_area,85920,1.4266772659556803,12.617565534657562,33.10495514218251,60.0
2005,whole_blocks_latitude_cap,2,5000,11,historical_density,global,equal_cell,85920,-2.410280920722795,16.0054774808806,38.692421079405264,60.0
2005,whole_blocks_latitude_cap,2,5000,11,historical_density,global,spherical_cell_area,85920,-1.4810228076621943,15.297215389574532,35.673101831033314,60.0
2005,whole_blocks_latitude_cap,2,5000,11,historical_density,south_of_60n,equal_cell,85920,-2.410280920722795,16.0054774808806,38.692421079405264,60.0
2005,whole_blocks_latitude_cap,2,5000,11,historical_density,south_of_60n,spherical_cell_area,85920,-1.4810228076621943,15.297215389574532,35.673101831033314,60.0
2005,whole_blocks_latitude_cap,2,5000,11,spatial_coverage,global,equal_cell,85920,-0.188277414035462,11.74766092797635,29.52123544381633,60.0
2005,whole_blocks_latitude_cap,2,5000,11,spatial_coverage,global,spherical_cell_area,85920,0.2072691780228668,11.495567639215851,27.81375491642333,60.0
2005,whole_blocks_latitude_cap,2,5000,11,spatial_coverage,south_of_60n,equal_cell,85920,-0.188277414035462,11.74766092797635,29.52123544381633,60.0
2005,whole_blocks_latitude_cap,2,5000,11,spatial_coverage,south_of_60n,spherical_cell_area,85920,0.2072691780228668,11.495567639215851,27.81375491642333,60.0
2005,whole_blocks_latitude_cap,2,5000,12,random,global,equal_cell,85920,0.1275561859740087,12.564585024690468,33.464287700990106,60.0
2005,whole_blocks_latitude_cap,2,5000,12,random,global,spherical_cell_area,85920,0.6675124577732149,12.157256864134329,31.04359062383697,60.0
2005,whole_blocks_latitude_cap,2,5000,12,random,south_of_60n,equal_cell,85920,0.1275561859740087,12.564585024690468,33.464287700990106,60.0
2005,whole_blocks_latitude_cap,2,5000,12,random,south_of_60n,spherical_cell_area,85920,0.6675124577732149,12.157256864134329,31.04359062383697,60.0
2005,whole_blocks_latitude_cap,2,5000,12,historical_density,global,equal_cell,85920,-1.321803607462449,15.227960835171192,37.46543262772527,60.0
2005,whole_blocks_latitude_cap,2,5000,12,historical_density,global,spherical_cell_area,85920,-0.3129510052364768,14.655906136615576,34.58665015384422,60.0
2005,whole_blocks_latitude_cap,2,5000,12,historical_density,south_of_60n,equal_cell,85920,-1.321803607462449,15.227960835171192,37.46543262772527,60.0
2005,whole_blocks_latitude_cap,2,5000,12,historical_density,south_of_60n,spherical_cell_area,85920,-0.3129510052364768,14.655906136615576,34.58665015384422,60.0
2005,whole_blocks_latitude_cap,2,5000,12,spatial_coverage,global,equal_cell,85920,-0.6867337636430138,12.13839035374666,29.819941102219303,60.0
2005,whole_blocks_latitude_cap,2,5000,12,spatial_coverage,global,spherical_cell_area,85920,-0.178740742945559,11.906385646406417,28.09281011204723,60.0
2005,whole_blocks_latitude_cap,2,5000,12,spatial_coverage,south_of_60n,equal_cell,85920,-0.6867337636430138,12.13839035374666,29.819941102219303,60.0
2005,whole_blocks_latitude_cap,2,5000,12,spatial_coverage,south_of_60n,spherical_cell_area,85920,-0.178740742945559,11.906385646406417,28.09281011204723,60.0
2005,whole_blocks_latitude_cap,2,5000,13,random,global,equal_cell,85920,0.1559879977432271,12.943219344967044,33.70285409210664,60.0
2005,whole_blocks_latitude_cap,2,5000,13,random,global,spherical_cell_area,85920,0.625228986017998,12.569248870464271,31.25978966571672,60.0
2005,whole_blocks_latitude_cap,2,5000,13,random,south_of_60n,equal_cell,85920,0.1559879977432271,12.943219344967044,33.70285409210664,60.0
2005,whole_blocks_latitude_cap,2,5000,13,random,south_of_60n,spherical_cell_area,85920,0.625228986017998,12.569248870464271,31.25978966571672,60.0
2005,whole_blocks_latitude_cap,2,5000,13,historical_density,global,equal_cell,85920,-0.1996589357688972,16.473865046499295,38.53151804780497,60.0
2005,whole_blocks_latitude_cap,2,5000,13,historical_density,global,spherical_cell_area,85920,0.7481449706853728,16.01295769686176,36.02414837200827,60.0
2005,whole_blocks_latitude_cap,2,5000,13,historical_density,south_of_60n,equal_cell,85920,-0.1996589357688972,16.473865046499295,38.53151804780497,60.0
2005,whole_blocks_latitude_cap,2,5000,13,historical_density,south_of_60n,spherical_cell_area,85920,0.7481449706853728,16.01295769686176,36.02414837200827,60.0
2005,whole_blocks_latitude_cap,2,5000,13,spatial_coverage,global,equal_cell,85920,0.2208610008213252,12.560290149395572,28.52864576490123,60.0
2005,whole_blocks_latitude_cap,2,5000,13,spatial_coverage,global,spherical_cell_area,85920,0.4260937166223612,12.252808240677597,26.778361570786835,60.0
2005,whole_blocks_latitude_cap,2,5000,13,spatial_coverage,south_of_60n,equal_cell,85920,0.2208610008213252,12.560290149395572,28.52864576490123,60.0
2005,whole_blocks_latitude_cap,2,5000,13,spatial_coverage,south_of_60n,spherical_cell_area,85920,0.4260937166223612,12.252808240677597,26.778361570786835,60.0
2005,whole_blocks_latitude_cap,2,5000,14,random,global,equal_cell,85920,-0.5768919266409539,12.952537011344337,33.60802415411084,60.0
2005,whole_blocks_latitude_cap,2,5000,14,random,global,spherical_cell_area,85920,0.1811129333255672,12.646016952067107,31.41112663275567,60.0
2005,whole_blocks_latitude_cap,2,5000,14,random,south_of_60n,equal_cell,85920,-0.5768919266409539,12.952537011344337,33.60802415411084,60.0
2005,whole_blocks_latitude_cap,2,5000,14,random,south_of_60n,spherical_cell_area,85920,0.1811129333255672,12.646016952067107,31.41112663275567,60.0
2005,whole_blocks_latitude_cap,2,5000,14,historical_density,global,equal_cell,85920,-1.1514473006543653,16.21026692813189,37.9218728597575,60.0
2005,whole_blocks_latitude_cap,2,5000,14,historical_density,global,spherical_cell_area,85920,0.0272045561265639,15.671868714738524,35.18966124839204,60.0
2005,whole_blocks_latitude_cap,2,5000,14,historical_density,south_of_60n,equal_cell,85920,-1.1514473006543653,16.21026692813189,37.9218728597575,60.0
2005,whole_blocks_latitude_cap,2,5000,14,historical_density,south_of_60n,spherical_cell_area,85920,0.0272045561265639,15.671868714738524,35.18966124839204,60.0
2005,whole_blocks_latitude_cap,2,5000,14,spatial_coverage,global,equal_cell,85920,1.1028019072780086,14.27433985508108,37.98690734694668,60.0
2005,whole_blocks_latitude_cap,2,5000,14,spatial_coverage,global,spherical_cell_area,85920,1.119912679926465,13.603178877847606,34.548671912666364,60.0
2005,whole_blocks_latitude_cap,2,5000,14,spatial_coverage,south_of_60n,equal_cell,85920,1.1028019072780086,14.27433985508108,37.98690734694668,60.0
2005,whole_blocks_latitude_cap,2,5000,14,spatial_coverage,south_of_60n,spherical_cell_area,85920,1.119912679926465,13.603178877847606,34.548671912666364,60.0
2005,whole_blocks_latitude_cap,2,5000,15,random,global,equal_cell,85920,-0.80491268234425,13.024630059595916,35.600509378464324,60.0
2005,whole_blocks_latitude_cap,2,5000,15,random,global,spherical_cell_area,85920,-0.3383141472593716,12.500323627784928,32.834295881171975,60.0
2005,whole_blocks_latitude_cap,2,5000,15,random,south_of_60n,equal_cell,85920,-0.80491268234425,13.024630059595916,35.600509378464324,60.0
2005,whole_blocks_latitude_cap,2,5000,15,random,south_of_60n,spherical_cell_area,85920,-0.3383141472593716,12.500323627784928,32.834295881171975,60.0
2005,whole_blocks_latitude_cap,2,5000,15,historical_density,global,equal_cell,85920,-1.3942225304822304,14.733663569231148,36.70001853996865,60.0
2005,whole_blocks_latitude_cap,2,5000,15,historical_density,global,spherical_cell_area,85920,-0.4941646378447543,14.30198068436924,34.159933354661774,60.0
2005,whole_blocks_latitude_cap,2,5000,15,historical_density,south_of_60n,equal_cell,85920,-1.3942225304822304,14.733663569231148,36.70001853996865,60.0
2005,whole_blocks_latitude_cap,2,5000,15,historical_density,south_of_60n,spherical_cell_area,85920,-0.4941646378447543,14.30198068436924,34.159933354661774,60.0
2005,whole_blocks_latitude_cap,2,5000,15,spatial_coverage,global,equal_cell,85920,2.406259209136738,13.939556426904558,39.5900309388217,60.0
2005,whole_blocks_latitude_cap,2,5000,15,spatial_coverage,global,spherical_cell_area,85920,2.479533429188641,13.562879381196977,37.45634904512674,60.0
2005,whole_blocks_latitude_cap,2,5000,15,spatial_coverage,south_of_60n,equal_cell,85920,2.406259209136738,13.939556426904558,39.5900309388217,60.0
2005,whole_blocks_latitude_cap,2,5000,15,spatial_coverage,south_of_60n,spherical_cell_area,85920,2.479533429188641,13.562879381196977,37.45634904512674,60.0
2005,whole_blocks_latitude_cap,2,5000,16,random,global,equal_cell,85920,0.5553969974795653,12.798371229404625,33.562021323169674,60.0
2005,whole_blocks_latitude_cap,2,5000,16,random,global,spherical_cell_area,85920,1.1459330120092144,12.469580620873872,31.32848175782297,60.0
2005,whole_blocks_latitude_cap,2,5000,16,random,south_of_60n,equal_cell,85920,0.5553969974795653,12.798371229404625,33.562021323169674,60.0
2005,whole_blocks_latitude_cap,2,5000,16,random,south_of_60n,spherical_cell_area,85920,1.1459330120092144,12.469580620873872,31.32848175782297,60.0
2005,whole_blocks_latitude_cap,2,5000,16,historical_density,global,equal_cell,85920,-0.0355926871486821,15.724235504535006,37.12751743937034,60.0
2005,whole_blocks_latitude_cap,2,5000,16,historical_density,global,spherical_cell_area,85920,0.9277908186584192,15.109166202473796,34.320714317710944,60.0
2005,whole_blocks_latitude_cap,2,5000,16,historical_density,south_of_60n,equal_cell,85920,-0.0355926871486821,15.724235504535006,37.12751743937034,60.0
2005,whole_blocks_latitude_cap,2,5000,16,historical_density,south_of_60n,spherical_cell_area,85920,0.9277908186584192,15.109166202473796,34.320714317710944,60.0
2005,whole_blocks_latitude_cap,2,5000,16,spatial_coverage,global,equal_cell,85920,0.288059967207345,13.562427732196577,36.394895461722,60.0
2005,whole_blocks_latitude_cap,2,5000,16,spatial_coverage,global,spherical_cell_area,85920,0.7915658986914743,12.980103998622532,33.44862522277656,60.0
2005,whole_blocks_latitude_cap,2,5000,16,spatial_coverage,south_of_60n,equal_cell,85920,0.288059967207345,13.562427732196577,36.394895461722,60.0
2005,whole_blocks_latitude_cap,2,5000,16,spatial_coverage,south_of_60n,spherical_cell_area,85920,0.7915658986914743,12.980103998622532,33.44862522277656,60.0
2005,whole_blocks_latitude_cap,2,5000,17,random,global,equal_cell,85920,-0.0151967745522953,13.150504699188092,34.190404225777684,60.0
2005,whole_blocks_latitude_cap,2,5000,17,random,global,spherical_cell_area,85920,0.4269600319991279,12.83128740701195,31.94553951997202,60.0
2005,whole_blocks_latitude_cap,2,5000,17,random,south_of_60n,equal_cell,85920,-0.0151967745522953,13.150504699188092,34.190404225777684,60.0
2005,whole_blocks_latitude_cap,2,5000,17,random,south_of_60n,spherical_cell_area,85920,0.4269600319991279,12.83128740701195,31.94553951997202,60.0
2005,whole_blocks_latitude_cap,2,5000,17,historical_density,global,equal_cell,85920,-0.4552865310305502,16.385907026519813,39.18090822291524,60.0
2005,whole_blocks_latitude_cap,2,5000,17,historical_density,global,spherical_cell_area,85920,0.5623650899179798,15.743783750923644,36.28501362621137,60.0
2005,whole_blocks_latitude_cap,2,5000,17,historical_density,south_of_60n,equal_cell,85920,-0.4552865310305502,16.385907026519813,39.18090822291524,60.0
2005,whole_blocks_latitude_cap,2,5000,17,historical_density,south_of_60n,spherical_cell_area,85920,0.5623650899179798,15.743783750923644,36.28501362621137,60.0
2005,whole_blocks_latitude_cap,2,5000,17,spatial_coverage,global,equal_cell,85920,0.2732344940143486,12.188638751344936,29.203371284344147,60.0
2005,whole_blocks_latitude_cap,2,5000,17,spatial_coverage,global,spherical_cell_area,85920,0.7197713752365053,12.01764577784168,27.5392058765616,60.0
2005,whole_blocks_latitude_cap,2,5000,17,spatial_coverage,south_of_60n,equal_cell,85920,0.2732344940143486,12.188638751344936,29.203371284344147,60.0
2005,whole_blocks_latitude_cap,2,5000,17,spatial_coverage,south_of_60n,spherical_cell_area,85920,0.7197713752365053,12.01764577784168,27.5392058765616,60.0
2005,whole_blocks_latitude_cap,2,5000,18,random,global,equal_cell,85920,2.5558809198140366,15.333160580724462,39.95458452441116,60.0
2005,whole_blocks_latitude_cap,2,5000,18,random,global,spherical_cell_area,85920,2.3532211883780723,14.716846427998144,37.18299303431397,60.0
2005,whole_blocks_latitude_cap,2,5000,18,random,south_of_60n,equal_cell,85920,2.5558809198140366,15.333160580724462,39.95458452441116,60.0
2005,whole_blocks_latitude_cap,2,5000,18,random,south_of_60n,spherical_cell_area,85920,2.3532211883780723,14.716846427998144,37.18299303431397,60.0
2005,whole_blocks_latitude_cap,2,5000,18,historical_density,global,equal_cell,85920,-1.139159449014954,14.716999649852252,36.01699050287706,60.0
2005,whole_blocks_latitude_cap,2,5000,18,historical_density,global,spherical_cell_area,85920,0.0743984775499732,14.131907945619911,33.3467667070295,60.0
2005,whole_blocks_latitude_cap,2,5000,18,historical_density,south_of_60n,equal_cell,85920,-1.139159449014954,14.716999649852252,36.01699050287706,60.0
2005,whole_blocks_latitude_cap,2,5000,18,historical_density,south_of_60n,spherical_cell_area,85920,0.0743984775499732,14.131907945619911,33.3467667070295,60.0
2005,whole_blocks_latitude_cap,2,5000,18,spatial_coverage,global,equal_cell,85920,3.045798011123689,15.391171522347676,46.57164047720642,60.0
2005,whole_blocks_latitude_cap,2,5000,18,spatial_coverage,global,spherical_cell_area,85920,2.940018742093083,14.819962964499108,44.0385042525619,60.0
2005,whole_blocks_latitude_cap,2,5000,18,spatial_coverage,south_of_60n,equal_cell,85920,3.045798011123689,15.391171522347676,46.57164047720642,60.0
2005,whole_blocks_latitude_cap,2,5000,18,spatial_coverage,south_of_60n,spherical_cell_area,85920,2.940018742093083,14.819962964499108,44.0385042525619,60.0
2005,whole_blocks_latitude_cap,2,5000,19,random,global,equal_cell,85920,1.1000228428644243,13.084817061183037,33.83721740280781,60.0
2005,whole_blocks_latitude_cap,2,5000,19,random,global,spherical_cell_area,85920,1.4578936892744838,12.723447767366308,31.310785208960787,60.0
2005,whole_blocks_latitude_cap,2,5000,19,random,south_of_60n,equal_cell,85920,1.1000228428644243,13.084817061183037,33.83721740280781,60.0
2005,whole_blocks_latitude_cap,2,5000,19,random,south_of_60n,spherical_cell_area,85920,1.4578936892744838,12.723447767366308,31.310785208960787,60.0
2005,whole_blocks_latitude_cap,2,5000,19,historical_density,global,equal_cell,85920,-0.3649842908644657,16.50245952225012,38.55505374841652,60.0
2005,whole_blocks_latitude_cap,2,5000,19,historical_density,global,spherical_cell_area,85920,0.6899036131921915,16.075873703591462,35.97600166582544,60.0
2005,whole_blocks_latitude_cap,2,5000,19,historical_density,south_of_60n,equal_cell,85920,-0.3649842908644657,16.50245952225012,38.55505374841652,60.0
2005,whole_blocks_latitude_cap,2,5000,19,historical_density,south_of_60n,spherical_cell_area,85920,0.6899036131921915,16.075873703591462,35.97600166582544,60.0
2005,whole_blocks_latitude_cap,2,5000,19,spatial_coverage,global,equal_cell,85920,1.3401174974126149,14.244302883093122,38.38879884330584,60.0
2005,whole_blocks_latitude_cap,2,5000,19,spatial_coverage,global,spherical_cell_area,85920,1.5461414914142828,13.800355292767508,36.24620738309779,60.0
2005,whole_blocks_latitude_cap,2,5000,19,spatial_coverage,south_of_60n,equal_cell,85920,1.3401174974126149,14.244302883093122,38.38879884330584,60.0
2005,whole_blocks_latitude_cap,2,5000,19,spatial_coverage,south_of_60n,spherical_cell_area,85920,1.5461414914142828,13.800355292767508,36.24620738309779,60.0
2005,whole_blocks_latitude_cap,3,5000,0,random,global,equal_cell,85464,-0.2526382521939928,11.35114431109802,40.941653502678726,60.0
2005,whole_blocks_latitude_cap,3,5000,0,random,global,spherical_cell_area,85464,-0.1665375905346387,10.962003925120854,37.13767853831552,60.0
2005,whole_blocks_latitude_cap,3,5000,0,random,south_of_60n,equal_cell,85464,-0.2526382521939928,11.35114431109802,40.941653502678726,60.0
2005,whole_blocks_latitude_cap,3,5000,0,random,south_of_60n,spherical_cell_area,85464,-0.1665375905346387,10.962003925120854,37.13767853831552,60.0
2005,whole_blocks_latitude_cap,3,5000,0,historical_density,global,equal_cell,85464,-0.9811884571696275,14.094927913121085,45.93554326237535,60.0
2005,whole_blocks_latitude_cap,3,5000,0,historical_density,global,spherical_cell_area,85464,-0.4039697933158002,13.302728544420198,41.48124368412544,60.0
2005,whole_blocks_latitude_cap,3,5000,0,historical_density,south_of_60n,equal_cell,85464,-0.9811884571696275,14.094927913121085,45.93554326237535,60.0
2005,whole_blocks_latitude_cap,3,5000,0,historical_density,south_of_60n,spherical_cell_area,85464,-0.4039697933158002,13.302728544420198,41.48124368412544,60.0
2005,whole_blocks_latitude_cap,3,5000,0,spatial_coverage,global,equal_cell,85464,-0.4773403557175792,11.008240697378929,38.24269137862923,60.0
2005,whole_blocks_latitude_cap,3,5000,0,spatial_coverage,global,spherical_cell_area,85464,-0.274198683764554,10.767491768984325,34.8368732671278,60.0
2005,whole_blocks_latitude_cap,3,5000,0,spatial_coverage,south_of_60n,equal_cell,85464,-0.4773403557175792,11.008240697378929,38.24269137862923,60.0
2005,whole_blocks_latitude_cap,3,5000,0,spatial_coverage,south_of_60n,spherical_cell_area,85464,-0.274198683764554,10.767491768984325,34.8368732671278,60.0
2005,whole_blocks_latitude_cap,3,5000,1,random,global,equal_cell,85464,0.237978469344622,11.499673854199274,43.10831455047735,60.0
2005,whole_blocks_latitude_cap,3,5000,1,random,global,spherical_cell_area,85464,0.2202997009855359,11.071503438302727,39.03057481883267,60.0
2005,whole_blocks_latitude_cap,3,5000,1,random,south_of_60n,equal_cell,85464,0.237978469344622,11.499673854199274,43.10831455047735,60.0
2005,whole_blocks_latitude_cap,3,5000,1,random,south_of_60n,spherical_cell_area,85464,0.2202997009855359,11.071503438302727,39.03057481883267,60.0
2005,whole_blocks_latitude_cap,3,5000,1,historical_density,global,equal_cell,85464,-1.3004389755406816,14.145012109166323,45.82461339928447,60.0
2005,whole_blocks_latitude_cap,3,5000,1,historical_density,global,spherical_cell_area,85464,-0.6151434964528724,13.49588741337204,41.54484722986281,60.0
2005,whole_blocks_latitude_cap,3,5000,1,historical_density,south_of_60n,equal_cell,85464,-1.3004389755406816,14.145012109166323,45.82461339928447,60.0
2005,whole_blocks_latitude_cap,3,5000,1,historical_density,south_of_60n,spherical_cell_area,85464,-0.6151434964528724,13.49588741337204,41.54484722986281,60.0
2005,whole_blocks_latitude_cap,3,5000,1,spatial_coverage,global,equal_cell,85464,-0.2952342304064953,11.644603402809738,38.49253613001449,60.0
2005,whole_blocks_latitude_cap,3,5000,1,spatial_coverage,global,spherical_cell_area,85464,-0.1898268433353233,11.37748149492473,35.03009747726308,60.0
2005,whole_blocks_latitude_cap,3,5000,1,spatial_coverage,south_of_60n,equal_cell,85464,-0.2952342304064953,11.644603402809738,38.49253613001449,60.0
2005,whole_blocks_latitude_cap,3,5000,1,spatial_coverage,south_of_60n,spherical_cell_area,85464,-0.1898268433353233,11.37748149492473,35.03009747726308,60.0
2005,whole_blocks_latitude_cap,3,5000,2,random,global,equal_cell,85464,0.4491394660709397,11.017294421711334,41.22408697114618,60.0
2005,whole_blocks_latitude_cap,3,5000,2,random,global,spherical_cell_area,85464,0.4856109605426058,10.748862157344917,37.45992190508008,60.0
2005,whole_blocks_latitude_cap,3,5000,2,random,south_of_60n,equal_cell,85464,0.4491394660709397,11.017294421711334,41.22408697114618,60.0
2005,whole_blocks_latitude_cap,3,5000,2,random,south_of_60n,spherical_cell_area,85464,0.4856109605426058,10.748862157344917,37.45992190508008,60.0
2005,whole_blocks_latitude_cap,3,5000,2,historical_density,global,equal_cell,85464,-0.921846677494522,13.820909837186903,45.91233835484072,60.0
2005,whole_blocks_latitude_cap,3,5000,2,historical_density,global,spherical_cell_area,85464,-0.3247431799891984,13.094128853391432,41.52255346404421,60.0
2005,whole_blocks_latitude_cap,3,5000,2,historical_density,south_of_60n,equal_cell,85464,-0.921846677494522,13.820909837186903,45.91233835484072,60.0
2005,whole_blocks_latitude_cap,3,5000,2,historical_density,south_of_60n,spherical_cell_area,85464,-0.3247431799891984,13.094128853391432,41.52255346404421,60.0
2005,whole_blocks_latitude_cap,3,5000,2,spatial_coverage,global,equal_cell,85464,-0.1487345841584965,10.899347026671586,38.99259947801726,60.0
2005,whole_blocks_latitude_cap,3,5000,2,spatial_coverage,global,spherical_cell_area,85464,-0.0249961503850979,10.628643259622956,35.47472616598316,60.0
2005,whole_blocks_latitude_cap,3,5000,2,spatial_coverage,south_of_60n,equal_cell,85464,-0.1487345841584965,10.899347026671586,38.99259947801726,60.0
2005,whole_blocks_latitude_cap,3,5000,2,spatial_coverage,south_of_60n,spherical_cell_area,85464,-0.0249961503850979,10.628643259622956,35.47472616598316,60.0
2005,whole_blocks_latitude_cap,3,5000,3,random,global,equal_cell,85464,0.2387421146682998,11.514551342201838,41.25570481660534,60.0
2005,whole_blocks_latitude_cap,3,5000,3,random,global,spherical_cell_area,85464,0.3827336276075997,11.12353753284008,37.37761336577645,60.0
2005,whole_blocks_latitude_cap,3,5000,3,random,south_of_60n,equal_cell,85464,0.2387421146682998,11.514551342201838,41.25570481660534,60.0
2005,whole_blocks_latitude_cap,3,5000,3,random,south_of_60n,spherical_cell_area,85464,0.3827336276075997,11.12353753284008,37.37761336577645,60.0
2005,whole_blocks_latitude_cap,3,5000,3,historical_density,global,equal_cell,85464,-0.3386019099592194,14.015076520239075,46.14693205169261,60.0
2005,whole_blocks_latitude_cap,3,5000,3,historical_density,global,spherical_cell_area,85464,0.4829081798981994,13.404549116531166,41.827446589346586,60.0
2005,whole_blocks_latitude_cap,3,5000,3,historical_density,south_of_60n,equal_cell,85464,-0.3386019099592194,14.015076520239075,46.14693205169261,60.0
2005,whole_blocks_latitude_cap,3,5000,3,historical_density,south_of_60n,spherical_cell_area,85464,0.4829081798981994,13.404549116531166,41.827446589346586,60.0
2005,whole_blocks_latitude_cap,3,5000,3,spatial_coverage,global,equal_cell,85464,-0.1285670157541348,11.206328529641942,38.677093097555975,60.0
2005,whole_blocks_latitude_cap,3,5000,3,spatial_coverage,global,spherical_cell_area,85464,0.0476124488628285,10.997481720054628,35.26652371831376,60.0
2005,whole_blocks_latitude_cap,3,5000,3,spatial_coverage,south_of_60n,equal_cell,85464,-0.1285670157541348,11.206328529641942,38.677093097555975,60.0
2005,whole_blocks_latitude_cap,3,5000,3,spatial_coverage,south_of_60n,spherical_cell_area,85464,0.0476124488628285,10.997481720054628,35.26652371831376,60.0
2005,whole_blocks_latitude_cap,3,5000,4,random,global,equal_cell,85464,0.3029381805947506,11.605930848666148,41.4880578034627,60.0
2005,whole_blocks_latitude_cap,3,5000,4,random,global,spherical_cell_area,85464,0.6170980591306336,11.209513975887196,37.70209158932829,60.0
2005,whole_blocks_latitude_cap,3,5000,4,random,south_of_60n,equal_cell,85464,0.3029381805947506,11.605930848666148,41.4880578034627,60.0
2005,whole_blocks_latitude_cap,3,5000,4,random,south_of_60n,spherical_cell_area,85464,0.6170980591306336,11.209513975887196,37.70209158932829,60.0
2005,whole_blocks_latitude_cap,3,5000,4,historical_density,global,equal_cell,85464,-1.283667921362465,14.22695580906525,45.84460342667479,60.0
2005,whole_blocks_latitude_cap,3,5000,4,historical_density,global,spherical_cell_area,85464,-0.6798629596466188,13.546511271167937,41.53053582071759,60.0
2005,whole_blocks_latitude_cap,3,5000,4,historical_density,south_of_60n,equal_cell,85464,-1.283667921362465,14.22695580906525,45.84460342667479,60.0
2005,whole_blocks_latitude_cap,3,5000,4,historical_density,south_of_60n,spherical_cell_area,85464,-0.6798629596466188,13.546511271167937,41.53053582071759,60.0
2005,whole_blocks_latitude_cap,3,5000,4,spatial_coverage,global,equal_cell,85464,0.353521436694262,11.10305479843456,38.93818137077554,60.0
2005,whole_blocks_latitude_cap,3,5000,4,spatial_coverage,global,spherical_cell_area,85464,0.5041290467695048,10.759458318885851,35.39437111074379,60.0
2005,whole_blocks_latitude_cap,3,5000,4,spatial_coverage,south_of_60n,equal_cell,85464,0.353521436694262,11.10305479843456,38.93818137077554,60.0
2005,whole_blocks_latitude_cap,3,5000,4,spatial_coverage,south_of_60n,spherical_cell_area,85464,0.5041290467695048,10.759458318885851,35.39437111074379,60.0
2005,whole_blocks_latitude_cap,3,5000,5,random,global,equal_cell,85464,0.0599531075354116,11.197111119215034,41.41677036532691,60.0
2005,whole_blocks_latitude_cap,3,5000,5,random,global,spherical_cell_area,85464,0.1227159284978592,10.808518609461188,37.65320789224803,60.0
2005,whole_blocks_latitude_cap,3,5000,5,random,south_of_60n,equal_cell,85464,0.0599531075354116,11.197111119215034,41.41677036532691,60.0
2005,whole_blocks_latitude_cap,3,5000,5,random,south_of_60n,spherical_cell_area,85464,0.1227159284978592,10.808518609461188,37.65320789224803,60.0
2005,whole_blocks_latitude_cap,3,5000,5,historical_density,global,equal_cell,85464,-1.285552346318511,14.06299823434979,45.66208697067751,60.0
2005,whole_blocks_latitude_cap,3,5000,5,historical_density,global,spherical_cell_area,85464,-0.9324274276170704,13.457593148110352,41.42396814164087,60.0
2005,whole_blocks_latitude_cap,3,5000,5,historical_density,south_of_60n,equal_cell,85464,-1.285552346318511,14.06299823434979,45.66208697067751,60.0
2005,whole_blocks_latitude_cap,3,5000,5,historical_density,south_of_60n,spherical_cell_area,85464,-0.9324274276170704,13.457593148110352,41.42396814164087,60.0
2005,whole_blocks_latitude_cap,3,5000,5,spatial_coverage,global,equal_cell,85464,0.2798682267242913,11.458633712243238,39.01331860366026,60.0
2005,whole_blocks_latitude_cap,3,5000,5,spatial_coverage,global,spherical_cell_area,85464,0.3116068835874186,11.111302525774688,35.464878136625096,60.0
2005,whole_blocks_latitude_cap,3,5000,5,spatial_coverage,south_of_60n,equal_cell,85464,0.2798682267242913,11.458633712243238,39.01331860366026,60.0
2005,whole_blocks_latitude_cap,3,5000,5,spatial_coverage,south_of_60n,spherical_cell_area,85464,0.3116068835874186,11.111302525774688,35.464878136625096,60.0
2005,whole_blocks_latitude_cap,3,5000,6,random,global,equal_cell,85464,0.2736023156979432,11.41713237284064,42.05102237724472,60.0
2005,whole_blocks_latitude_cap,3,5000,6,random,global,spherical_cell_area,85464,0.3245167120674894,11.108194407237498,38.14305955618299,60.0
2005,whole_blocks_latitude_cap,3,5000,6,random,south_of_60n,equal_cell,85464,0.2736023156979432,11.41713237284064,42.05102237724472,60.0
2005,whole_blocks_latitude_cap,3,5000,6,random,south_of_60n,spherical_cell_area,85464,0.3245167120674894,11.108194407237498,38.14305955618299,60.0
2005,whole_blocks_latitude_cap,3,5000,6,historical_density,global,equal_cell,85464,-0.9736992655255864,13.643563782996257,45.86299640162953,60.0
2005,whole_blocks_latitude_cap,3,5000,6,historical_density,global,spherical_cell_area,85464,-0.6582026632058564,12.834793481395314,41.4623226410186,60.0
2005,whole_blocks_latitude_cap,3,5000,6,historical_density,south_of_60n,equal_cell,85464,-0.9736992655255864,13.643563782996257,45.86299640162953,60.0
2005,whole_blocks_latitude_cap,3,5000,6,historical_density,south_of_60n,spherical_cell_area,85464,-0.6582026632058564,12.834793481395314,41.4623226410186,60.0
2005,whole_blocks_latitude_cap,3,5000,6,spatial_coverage,global,equal_cell,85464,0.2506574571447193,11.825238759700282,37.95247135434778,60.0
2005,whole_blocks_latitude_cap,3,5000,6,spatial_coverage,global,spherical_cell_area,85464,0.36998132985473,11.418118780045988,34.48961190396209,60.0
2005,whole_blocks_latitude_cap,3,5000,6,spatial_coverage,south_of_60n,equal_cell,85464,0.2506574571447193,11.825238759700282,37.95247135434778,60.0
2005,whole_blocks_latitude_cap,3,5000,6,spatial_coverage,south_of_60n,spherical_cell_area,85464,0.36998132985473,11.418118780045988,34.48961190396209,60.0
2005,whole_blocks_latitude_cap,3,5000,7,random,global,equal_cell,85464,0.0394235561763135,11.211160966075823,41.81990203765982,60.0
2005,whole_blocks_latitude_cap,3,5000,7,random,global,spherical_cell_area,85464,0.0337117365126307,10.832997784257046,37.90277272419169,60.0
2005,whole_blocks_latitude_cap,3,5000,7,random,south_of_60n,equal_cell,85464,0.0394235561763135,11.211160966075823,41.81990203765982,60.0
2005,whole_blocks_latitude_cap,3,5000,7,random,south_of_60n,spherical_cell_area,85464,0.0337117365126307,10.832997784257046,37.90277272419169,60.0
2005,whole_blocks_latitude_cap,3,5000,7,historical_density,global,equal_cell,85464,-1.5524316932197717,14.166612587439472,46.16507436530277,60.0
2005,whole_blocks_latitude_cap,3,5000,7,historical_density,global,spherical_cell_area,85464,-1.1206096781584405,13.520961805089994,41.851780378293405,60.0
2005,whole_blocks_latitude_cap,3,5000,7,historical_density,south_of_60n,equal_cell,85464,-1.5524316932197717,14.166612587439472,46.16507436530277,60.0
2005,whole_blocks_latitude_cap,3,5000,7,historical_density,south_of_60n,spherical_cell_area,85464,-1.1206096781584405,13.520961805089994,41.851780378293405,60.0
2005,whole_blocks_latitude_cap,3,5000,7,spatial_coverage,global,equal_cell,85464,-0.0498178948491733,11.822865856569488,38.9974212602984,60.0
2005,whole_blocks_latitude_cap,3,5000,7,spatial_coverage,global,spherical_cell_area,85464,0.1767688020636086,11.382381918694064,35.38118612638829,60.0
2005,whole_blocks_latitude_cap,3,5000,7,spatial_coverage,south_of_60n,equal_cell,85464,-0.0498178948491733,11.822865856569488,38.9974212602984,60.0
2005,whole_blocks_latitude_cap,3,5000,7,spatial_coverage,south_of_60n,spherical_cell_area,85464,0.1767688020636086,11.382381918694064,35.38118612638829,60.0
2005,whole_blocks_latitude_cap,3,5000,8,random,global,equal_cell,85464,0.126909824271154,11.57262141488437,42.72804835467611,60.0
2005,whole_blocks_latitude_cap,3,5000,8,random,global,spherical_cell_area,85464,0.2073147337123022,11.165563605751911,38.74112250068638,60.0
2005,whole_blocks_latitude_cap,3,5000,8,random,south_of_60n,equal_cell,85464,0.126909824271154,11.57262141488437,42.72804835467611,60.0
2005,whole_blocks_latitude_cap,3,5000,8,random,south_of_60n,spherical_cell_area,85464,0.2073147337123022,11.165563605751911,38.74112250068638,60.0
2005,whole_blocks_latitude_cap,3,5000,8,historical_density,global,equal_cell,85464,-1.962066664668962,14.275342782254173,45.69867711675023,60.0
2005,whole_blocks_latitude_cap,3,5000,8,historical_density,global,spherical_cell_area,85464,-1.3722714585786004,13.512941603310546,41.31250738170712,60.0
2005,whole_blocks_latitude_cap,3,5000,8,historical_density,south_of_60n,equal_cell,85464,-1.962066664668962,14.275342782254173,45.69867711675023,60.0
2005,whole_blocks_latitude_cap,3,5000,8,historical_density,south_of_60n,spherical_cell_area,85464,-1.3722714585786004,13.512941603310546,41.31250738170712,60.0
2005,whole_blocks_latitude_cap,3,5000,8,spatial_coverage,global,equal_cell,85464,-0.265244901285188,11.92932356109564,38.69371213338941,60.0
2005,whole_blocks_latitude_cap,3,5000,8,spatial_coverage,global,spherical_cell_area,85464,0.0009416344661458,11.50537647142309,35.1188987752558,60.0
2005,whole_blocks_latitude_cap,3,5000,8,spatial_coverage,south_of_60n,equal_cell,85464,-0.265244901285188,11.92932356109564,38.69371213338941,60.0
2005,whole_blocks_latitude_cap,3,5000,8,spatial_coverage,south_of_60n,spherical_cell_area,85464,0.0009416344661458,11.50537647142309,35.1188987752558,60.0
2005,whole_blocks_latitude_cap,3,5000,9,random,global,equal_cell,85464,0.4885909691571243,11.910065029266304,41.85272730073901,60.0
2005,whole_blocks_latitude_cap,3,5000,9,random,global,spherical_cell_area,85464,0.5481974629648914,11.503984383357803,38.09273901588381,60.0
2005,whole_blocks_latitude_cap,3,5000,9,random,south_of_60n,equal_cell,85464,0.4885909691571243,11.910065029266304,41.85272730073901,60.0
2005,whole_blocks_latitude_cap,3,5000,9,random,south_of_60n,spherical_cell_area,85464,0.5481974629648914,11.503984383357803,38.09273901588381,60.0
2005,whole_blocks_latitude_cap,3,5000,9,historical_density,global,equal_cell,85464,-1.7583584692989378,14.43724853005789,45.82509528203114,60.0
2005,whole_blocks_latitude_cap,3,5000,9,historical_density,global,spherical_cell_area,85464,-1.1665683317738211,13.623631974158648,41.44262650177313,60.0
2005,whole_blocks_latitude_cap,3,5000,9,historical_density,south_of_60n,equal_cell,85464,-1.7583584692989378,14.43724853005789,45.82509528203114,60.0
2005,whole_blocks_latitude_cap,3,5000,9,historical_density,south_of_60n,spherical_cell_area,85464,-1.1665683317738211,13.623631974158648,41.44262650177313,60.0
2005,whole_blocks_latitude_cap,3,5000,9,spatial_coverage,global,equal_cell,85464,-0.4032726924047023,11.21115736878065,39.491253047074615,60.0
2005,whole_blocks_latitude_cap,3,5000,9,spatial_coverage,global,spherical_cell_area,85464,-0.2482187836010715,10.852707646369174,35.874437145031095,60.0
2005,whole_blocks_latitude_cap,3,5000,9,spatial_coverage,south_of_60n,equal_cell,85464,-0.4032726924047023,11.21115736878065,39.491253047074615,60.0
2005,whole_blocks_latitude_cap,3,5000,9,spatial_coverage,south_of_60n,spherical_cell_area,85464,-0.2482187836010715,10.852707646369174,35.874437145031095,60.0
2005,whole_blocks_latitude_cap,3,5000,10,random,global,equal_cell,85464,0.6190284311200207,11.227235231825542,40.76111871008754,60.0
2005,whole_blocks_latitude_cap,3,5000,10,random,global,spherical_cell_area,85464,0.6463072583723397,10.978739327124842,37.03167527252068,60.0
2005,whole_blocks_latitude_cap,3,5000,10,random,south_of_60n,equal_cell,85464,0.6190284311200207,11.227235231825542,40.76111871008754,60.0
2005,whole_blocks_latitude_cap,3,5000,10,random,south_of_60n,spherical_cell_area,85464,0.6463072583723397,10.978739327124842,37.03167527252068,60.0
2005,whole_blocks_latitude_cap,3,5000,10,historical_density,global,equal_cell,85464,-0.9556882860345504,14.245395983160323,46.11758525547036,60.0
2005,whole_blocks_latitude_cap,3,5000,10,historical_density,global,spherical_cell_area,85464,-0.1902327542855284,13.502004231619589,41.75372433892728,60.0
2005,whole_blocks_latitude_cap,3,5000,10,historical_density,south_of_60n,equal_cell,85464,-0.9556882860345504,14.245395983160323,46.11758525547036,60.0
2005,whole_blocks_latitude_cap,3,5000,10,historical_density,south_of_60n,spherical_cell_area,85464,-0.1902327542855284,13.502004231619589,41.75372433892728,60.0
2005,whole_blocks_latitude_cap,3,5000,10,spatial_coverage,global,equal_cell,85464,-0.205652986274229,11.820415183129375,38.2395952202768,60.0
2005,whole_blocks_latitude_cap,3,5000,10,spatial_coverage,global,spherical_cell_area,85464,-0.1333900397373876,11.374616391092845,34.71936762511321,60.0
2005,whole_blocks_latitude_cap,3,5000,10,spatial_coverage,south_of_60n,equal_cell,85464,-0.205652986274229,11.820415183129375,38.2395952202768,60.0
2005,whole_blocks_latitude_cap,3,5000,10,spatial_coverage,south_of_60n,spherical_cell_area,85464,-0.1333900397373876,11.374616391092845,34.71936762511321,60.0
2005,whole_blocks_latitude_cap,3,5000,11,random,global,equal_cell,85464,0.0327647652404017,11.201984723260614,42.88737253403569,60.0
2005,whole_blocks_latitude_cap,3,5000,11,random,global,spherical_cell_area,85464,-0.2268604363263321,10.701933337841805,38.75703972178071,60.0
2005,whole_blocks_latitude_cap,3,5000,11,random,south_of_60n,equal_cell,85464,0.0327647652404017,11.201984723260614,42.88737253403569,60.0
2005,whole_blocks_latitude_cap,3,5000,11,random,south_of_60n,spherical_cell_area,85464,-0.2268604363263321,10.701933337841805,38.75703972178071,60.0
2005,whole_blocks_latitude_cap,3,5000,11,historical_density,global,equal_cell,85464,-1.670207918452596,14.149829561947444,46.361661730018525,60.0
2005,whole_blocks_latitude_cap,3,5000,11,historical_density,global,spherical_cell_area,85464,-1.2329487585827137,13.445658238746306,41.9189938726319,60.0
2005,whole_blocks_latitude_cap,3,5000,11,historical_density,south_of_60n,equal_cell,85464,-1.670207918452596,14.149829561947444,46.361661730018525,60.0
2005,whole_blocks_latitude_cap,3,5000,11,historical_density,south_of_60n,spherical_cell_area,85464,-1.2329487585827137,13.445658238746306,41.9189938726319,60.0
2005,whole_blocks_latitude_cap,3,5000,11,spatial_coverage,global,equal_cell,85464,-0.2178508143524207,11.06660170733196,38.78692246889226,60.0
2005,whole_blocks_latitude_cap,3,5000,11,spatial_coverage,global,spherical_cell_area,85464,-0.1703632078855759,10.725240127292418,35.23279377247709,60.0
2005,whole_blocks_latitude_cap,3,5000,11,spatial_coverage,south_of_60n,equal_cell,85464,-0.2178508143524207,11.06660170733196,38.78692246889226,60.0
2005,whole_blocks_latitude_cap,3,5000,11,spatial_coverage,south_of_60n,spherical_cell_area,85464,-0.1703632078855759,10.725240127292418,35.23279377247709,60.0
2005,whole_blocks_latitude_cap,3,5000,12,random,global,equal_cell,85464,-0.1830154826766175,11.391131335347785,41.24778640775338,60.0
2005,whole_blocks_latitude_cap,3,5000,12,random,global,spherical_cell_area,85464,-0.1131711276900371,11.045741421228945,37.478217546109306,60.0
2005,whole_blocks_latitude_cap,3,5000,12,random,south_of_60n,equal_cell,85464,-0.1830154826766175,11.391131335347785,41.24778640775338,60.0
2005,whole_blocks_latitude_cap,3,5000,12,random,south_of_60n,spherical_cell_area,85464,-0.1131711276900371,11.045741421228945,37.478217546109306,60.0
2005,whole_blocks_latitude_cap,3,5000,12,historical_density,global,equal_cell,85464,-1.705473365852945,13.887415255468463,46.061933331248376,60.0
2005,whole_blocks_latitude_cap,3,5000,12,historical_density,global,spherical_cell_area,85464,-1.120192558074146,13.157652483598431,41.64159334126382,60.0
2005,whole_blocks_latitude_cap,3,5000,12,historical_density,south_of_60n,equal_cell,85464,-1.705473365852945,13.887415255468463,46.061933331248376,60.0
2005,whole_blocks_latitude_cap,3,5000,12,historical_density,south_of_60n,spherical_cell_area,85464,-1.120192558074146,13.157652483598431,41.64159334126382,60.0
2005,whole_blocks_latitude_cap,3,5000,12,spatial_coverage,global,equal_cell,85464,0.1657647321292855,11.546643901526943,36.27307116170651,60.0
2005,whole_blocks_latitude_cap,3,5000,12,spatial_coverage,global,spherical_cell_area,85464,0.1258595978087527,11.183960999948445,33.05462706730344,60.0
2005,whole_blocks_latitude_cap,3,5000,12,spatial_coverage,south_of_60n,equal_cell,85464,0.1657647321292855,11.546643901526943,36.27307116170651,60.0
2005,whole_blocks_latitude_cap,3,5000,12,spatial_coverage,south_of_60n,spherical_cell_area,85464,0.1258595978087527,11.183960999948445,33.05462706730344,60.0
2005,whole_blocks_latitude_cap,3,5000,13,random,global,equal_cell,85464,0.2828729922910665,11.799993077259147,39.68038649576547,60.0
2005,whole_blocks_latitude_cap,3,5000,13,random,global,spherical_cell_area,85464,0.4004510426725197,11.434911549624276,36.206088886417525,60.0
2005,whole_blocks_latitude_cap,3,5000,13,random,south_of_60n,equal_cell,85464,0.2828729922910665,11.799993077259147,39.68038649576547,60.0
2005,whole_blocks_latitude_cap,3,5000,13,random,south_of_60n,spherical_cell_area,85464,0.4004510426725197,11.434911549624276,36.206088886417525,60.0
2005,whole_blocks_latitude_cap,3,5000,13,historical_density,global,equal_cell,85464,-0.6281492282550041,13.845312880575214,45.0723504851528,60.0
2005,whole_blocks_latitude_cap,3,5000,13,historical_density,global,spherical_cell_area,85464,-0.217548693173058,13.156299891212283,40.84712644649735,60.0
2005,whole_blocks_latitude_cap,3,5000,13,historical_density,south_of_60n,equal_cell,85464,-0.6281492282550041,13.845312880575214,45.0723504851528,60.0
2005,whole_blocks_latitude_cap,3,5000,13,historical_density,south_of_60n,spherical_cell_area,85464,-0.217548693173058,13.156299891212283,40.84712644649735,60.0
2005,whole_blocks_latitude_cap,3,5000,13,spatial_coverage,global,equal_cell,85464,-0.4276687082870396,11.486583599192976,38.748721635937,60.0
2005,whole_blocks_latitude_cap,3,5000,13,spatial_coverage,global,spherical_cell_area,85464,-0.3425239362865254,11.083386398810848,35.195822358642026,60.0
2005,whole_blocks_latitude_cap,3,5000,13,spatial_coverage,south_of_60n,equal_cell,85464,-0.4276687082870396,11.486583599192976,38.748721635937,60.0
2005,whole_blocks_latitude_cap,3,5000,13,spatial_coverage,south_of_60n,spherical_cell_area,85464,-0.3425239362865254,11.083386398810848,35.195822358642026,60.0
2005,whole_blocks_latitude_cap,3,5000,14,random,global,equal_cell,85464,0.6671175565288031,11.706986070556134,40.45326456500386,60.0
2005,whole_blocks_latitude_cap,3,5000,14,random,global,spherical_cell_area,85464,0.575410585161761,11.438398137776408,36.95412605239214,60.0
2005,whole_blocks_latitude_cap,3,5000,14,random,south_of_60n,equal_cell,85464,0.6671175565288031,11.706986070556134,40.45326456500386,60.0
2005,whole_blocks_latitude_cap,3,5000,14,random,south_of_60n,spherical_cell_area,85464,0.575410585161761,11.438398137776408,36.95412605239214,60.0
2005,whole_blocks_latitude_cap,3,5000,14,historical_density,global,equal_cell,85464,-1.533497801480109,14.243432241815716,46.935945415375954,60.0
2005,whole_blocks_latitude_cap,3,5000,14,historical_density,global,spherical_cell_area,85464,-0.9593755831251596,13.384196392898344,42.3069272452008,60.0
2005,whole_blocks_latitude_cap,3,5000,14,historical_density,south_of_60n,equal_cell,85464,-1.533497801480109,14.243432241815716,46.935945415375954,60.0
2005,whole_blocks_latitude_cap,3,5000,14,historical_density,south_of_60n,spherical_cell_area,85464,-0.9593755831251596,13.384196392898344,42.3069272452008,60.0
2005,whole_blocks_latitude_cap,3,5000,14,spatial_coverage,global,equal_cell,85464,0.4099313183514309,11.806387081390834,39.57843053437117,60.0
2005,whole_blocks_latitude_cap,3,5000,14,spatial_coverage,global,spherical_cell_area,85464,0.5159864669923367,11.399961103109364,35.85979405272124,60.0
2005,whole_blocks_latitude_cap,3,5000,14,spatial_coverage,south_of_60n,equal_cell,85464,0.4099313183514309,11.806387081390834,39.57843053437117,60.0
2005,whole_blocks_latitude_cap,3,5000,14,spatial_coverage,south_of_60n,spherical_cell_area,85464,0.5159864669923367,11.399961103109364,35.85979405272124,60.0
2005,whole_blocks_latitude_cap,3,5000,15,random,global,equal_cell,85464,-0.0852203666309562,11.18083776372287,42.054585858256765,60.0
2005,whole_blocks_latitude_cap,3,5000,15,random,global,spherical_cell_area,85464,0.0872876927920488,10.82427887307268,38.117554363761066,60.0
2005,whole_blocks_latitude_cap,3,5000,15,random,south_of_60n,equal_cell,85464,-0.0852203666309562,11.18083776372287,42.054585858256765,60.0
2005,whole_blocks_latitude_cap,3,5000,15,random,south_of_60n,spherical_cell_area,85464,0.0872876927920488,10.82427887307268,38.117554363761066,60.0
2005,whole_blocks_latitude_cap,3,5000,15,historical_density,global,equal_cell,85464,-1.7016382967539945,14.3944717327201,45.72305237225519,60.0
2005,whole_blocks_latitude_cap,3,5000,15,historical_density,global,spherical_cell_area,85464,-1.2670637249784706,13.782955284079147,41.476176333646094,60.0
2005,whole_blocks_latitude_cap,3,5000,15,historical_density,south_of_60n,equal_cell,85464,-1.7016382967539945,14.3944717327201,45.72305237225519,60.0
2005,whole_blocks_latitude_cap,3,5000,15,historical_density,south_of_60n,spherical_cell_area,85464,-1.2670637249784706,13.782955284079147,41.476176333646094,60.0
2005,whole_blocks_latitude_cap,3,5000,15,spatial_coverage,global,equal_cell,85464,-0.0795700025542842,11.663994151711965,37.955551660516456,60.0
2005,whole_blocks_latitude_cap,3,5000,15,spatial_coverage,global,spherical_cell_area,85464,0.0229179057506471,11.377527066327374,34.59442096257,60.0
2005,whole_blocks_latitude_cap,3,5000,15,spatial_coverage,south_of_60n,equal_cell,85464,-0.0795700025542842,11.663994151711965,37.955551660516456,60.0
2005,whole_blocks_latitude_cap,3,5000,15,spatial_coverage,south_of_60n,spherical_cell_area,85464,0.0229179057506471,11.377527066327374,34.59442096257,60.0
2005,whole_blocks_latitude_cap,3,5000,16,random,global,equal_cell,85464,0.1250935836734596,11.183511370103778,42.096517525229295,60.0
2005,whole_blocks_latitude_cap,3,5000,16,random,global,spherical_cell_area,85464,0.0292136446547929,10.784906202384589,38.14070454737161,60.0
2005,whole_blocks_latitude_cap,3,5000,16,random,south_of_60n,equal_cell,85464,0.1250935836734596,11.183511370103778,42.096517525229295,60.0
2005,whole_blocks_latitude_cap,3,5000,16,random,south_of_60n,spherical_cell_area,85464,0.0292136446547929,10.784906202384589,38.14070454737161,60.0
2005,whole_blocks_latitude_cap,3,5000,16,historical_density,global,equal_cell,85464,-1.3480229267907502,14.146322238247226,46.06793953698318,60.0
2005,whole_blocks_latitude_cap,3,5000,16,historical_density,global,spherical_cell_area,85464,-0.8908977519213427,13.55704203175232,41.78639553097627,60.0
2005,whole_blocks_latitude_cap,3,5000,16,historical_density,south_of_60n,equal_cell,85464,-1.3480229267907502,14.146322238247226,46.06793953698318,60.0
2005,whole_blocks_latitude_cap,3,5000,16,historical_density,south_of_60n,spherical_cell_area,85464,-0.8908977519213427,13.55704203175232,41.78639553097627,60.0
2005,whole_blocks_latitude_cap,3,5000,16,spatial_coverage,global,equal_cell,85464,0.0547926827111378,11.177597813780883,38.58781089219179,60.0
2005,whole_blocks_latitude_cap,3,5000,16,spatial_coverage,global,spherical_cell_area,85464,0.078689519895744,10.8829097772389,35.12229683849819,60.0
2005,whole_blocks_latitude_cap,3,5000,16,spatial_coverage,south_of_60n,equal_cell,85464,0.0547926827111378,11.177597813780883,38.58781089219179,60.0
2005,whole_blocks_latitude_cap,3,5000,16,spatial_coverage,south_of_60n,spherical_cell_area,85464,0.078689519895744,10.8829097772389,35.12229683849819,60.0
2005,whole_blocks_latitude_cap,3,5000,17,random,global,equal_cell,85464,0.2053308402664224,11.759951881841385,41.09436693821768,60.0
2005,whole_blocks_latitude_cap,3,5000,17,random,global,spherical_cell_area,85464,0.3041318256457188,11.371531108466169,37.4584580195817,60.0
2005,whole_blocks_latitude_cap,3,5000,17,random,south_of_60n,equal_cell,85464,0.2053308402664224,11.759951881841385,41.09436693821768,60.0
2005,whole_blocks_latitude_cap,3,5000,17,random,south_of_60n,spherical_cell_area,85464,0.3041318256457188,11.371531108466169,37.4584580195817,60.0
2005,whole_blocks_latitude_cap,3,5000,17,historical_density,global,equal_cell,85464,-0.9534076205166476,13.820394781401236,45.528597336455256,60.0
2005,whole_blocks_latitude_cap,3,5000,17,historical_density,global,spherical_cell_area,85464,-0.4182135783279692,13.181590931013924,41.24527447375145,60.0
2005,whole_blocks_latitude_cap,3,5000,17,historical_density,south_of_60n,equal_cell,85464,-0.9534076205166476,13.820394781401236,45.528597336455256,60.0
2005,whole_blocks_latitude_cap,3,5000,17,historical_density,south_of_60n,spherical_cell_area,85464,-0.4182135783279692,13.181590931013924,41.24527447375145,60.0
2005,whole_blocks_latitude_cap,3,5000,17,spatial_coverage,global,equal_cell,85464,-0.1237662982685012,12.128293867324398,38.34907022979989,60.0
2005,whole_blocks_latitude_cap,3,5000,17,spatial_coverage,global,spherical_cell_area,85464,0.0130021026465598,11.72495790879378,34.86808663118211,60.0
2005,whole_blocks_latitude_cap,3,5000,17,spatial_coverage,south_of_60n,equal_cell,85464,-0.1237662982685012,12.128293867324398,38.34907022979989,60.0
2005,whole_blocks_latitude_cap,3,5000,17,spatial_coverage,south_of_60n,spherical_cell_area,85464,0.0130021026465598,11.72495790879378,34.86808663118211,60.0
2005,whole_blocks_latitude_cap,3,5000,18,random,global,equal_cell,85464,0.0281636340162896,11.515736918600895,41.89185554579768,60.0
2005,whole_blocks_latitude_cap,3,5000,18,random,global,spherical_cell_area,85464,-0.0652915129462657,11.08685322023744,37.96457888658158,60.0
2005,whole_blocks_latitude_cap,3,5000,18,random,south_of_60n,equal_cell,85464,0.0281636340162896,11.515736918600895,41.89185554579768,60.0
2005,whole_blocks_latitude_cap,3,5000,18,random,south_of_60n,spherical_cell_area,85464,-0.0652915129462657,11.08685322023744,37.96457888658158,60.0
2005,whole_blocks_latitude_cap,3,5000,18,historical_density,global,equal_cell,85464,-1.391200520323632,14.39377714885779,46.07063109138938,60.0
2005,whole_blocks_latitude_cap,3,5000,18,historical_density,global,spherical_cell_area,85464,-1.0269077195099725,13.595434457778872,41.67152908989757,60.0
2005,whole_blocks_latitude_cap,3,5000,18,historical_density,south_of_60n,equal_cell,85464,-1.391200520323632,14.39377714885779,46.07063109138938,60.0
2005,whole_blocks_latitude_cap,3,5000,18,historical_density,south_of_60n,spherical_cell_area,85464,-1.0269077195099725,13.595434457778872,41.67152908989757,60.0
2005,whole_blocks_latitude_cap,3,5000,18,spatial_coverage,global,equal_cell,85464,-0.1218863147451072,10.905520677688893,38.4821126709869,60.0
2005,whole_blocks_latitude_cap,3,5000,18,spatial_coverage,global,spherical_cell_area,85464,-0.1385383978004452,10.607821737731587,34.98214689740396,60.0
2005,whole_blocks_latitude_cap,3,5000,18,spatial_coverage,south_of_60n,equal_cell,85464,-0.1218863147451072,10.905520677688893,38.4821126709869,60.0
2005,whole_blocks_latitude_cap,3,5000,18,spatial_coverage,south_of_60n,spherical_cell_area,85464,-0.1385383978004452,10.607821737731587,34.98214689740396,60.0
2005,whole_blocks_latitude_cap,3,5000,19,random,global,equal_cell,85464,-0.3141658270866114,10.966590277996488,39.3315906532295,60.0
2005,whole_blocks_latitude_cap,3,5000,19,random,global,spherical_cell_area,85464,-0.127243843691314,10.59414429943762,35.700661650623815,60.0
2005,whole_blocks_latitude_cap,3,5000,19,random,south_of_60n,equal_cell,85464,-0.3141658270866114,10.966590277996488,39.3315906532295,60.0
2005,whole_blocks_latitude_cap,3,5000,19,random,south_of_60n,spherical_cell_area,85464,-0.127243843691314,10.59414429943762,35.700661650623815,60.0
2005,whole_blocks_latitude_cap,3,5000,19,historical_density,global,equal_cell,85464,-1.4185305005914768,13.961413308203792,45.9853405275744,60.0
2005,whole_blocks_latitude_cap,3,5000,19,historical_density,global,spherical_cell_area,85464,-0.9029864008677876,13.353333945508233,41.65113387805041,60.0
2005,whole_blocks_latitude_cap,3,5000,19,historical_density,south_of_60n,equal_cell,85464,-1.4185305005914768,13.961413308203792,45.9853405275744,60.0
2005,whole_blocks_latitude_cap,3,5000,19,historical_density,south_of_60n,spherical_cell_area,85464,-0.9029864008677876,13.353333945508233,41.65113387805041,60.0
2005,whole_blocks_latitude_cap,3,5000,19,spatial_coverage,global,equal_cell,85464,-0.1403448897139317,11.10990911757751,37.066705945347394,60.0
2005,whole_blocks_latitude_cap,3,5000,19,spatial_coverage,global,spherical_cell_area,85464,-0.0893440257806217,10.850227450358902,33.760565917222515,60.0
2005,whole_blocks_latitude_cap,3,5000,19,spatial_coverage,south_of_60n,equal_cell,85464,-0.1403448897139317,11.10990911757751,37.066705945347394,60.0
2005,whole_blocks_latitude_cap,3,5000,19,spatial_coverage,south_of_60n,spherical_cell_area,85464,-0.0893440257806217,10.850227450358902,33.760565917222515,60.0
2005,whole_blocks_latitude_cap,4,5000,0,random,global,equal_cell,92628,-1.521604480732922,11.894768184629733,19.802746655668336,60.0
2005,whole_blocks_latitude_cap,4,5000,0,random,global,spherical_cell_area,92628,-1.8304914489178028,11.479952178582192,19.175902178014,60.0
2005,whole_blocks_latitude_cap,4,5000,0,random,south_of_60n,equal_cell,92628,-1.521604480732922,11.894768184629733,19.802746655668336,60.0
2005,whole_blocks_latitude_cap,4,5000,0,random,south_of_60n,spherical_cell_area,92628,-1.8304914489178028,11.479952178582192,19.175902178014,60.0
2005,whole_blocks_latitude_cap,4,5000,0,historical_density,global,equal_cell,92628,-1.570396914698226,13.231189635095712,21.008555049348228,60.0
2005,whole_blocks_latitude_cap,4,5000,0,historical_density,global,spherical_cell_area,92628,-1.6434620886806997,12.619969074888736,20.457669713362726,60.0
2005,whole_blocks_latitude_cap,4,5000,0,historical_density,south_of_60n,equal_cell,92628,-1.570396914698226,13.231189635095712,21.008555049348228,60.0
2005,whole_blocks_latitude_cap,4,5000,0,historical_density,south_of_60n,spherical_cell_area,92628,-1.6434620886806997,12.619969074888736,20.457669713362726,60.0
2005,whole_blocks_latitude_cap,4,5000,0,spatial_coverage,global,equal_cell,92628,-0.3786270854276399,12.48790202296384,20.971944658882315,60.0
2005,whole_blocks_latitude_cap,4,5000,0,spatial_coverage,global,spherical_cell_area,92628,-0.808453670847254,12.12014835323432,20.55210337169485,60.0
2005,whole_blocks_latitude_cap,4,5000,0,spatial_coverage,south_of_60n,equal_cell,92628,-0.3786270854276399,12.48790202296384,20.971944658882315,60.0
2005,whole_blocks_latitude_cap,4,5000,0,spatial_coverage,south_of_60n,spherical_cell_area,92628,-0.808453670847254,12.12014835323432,20.55210337169485,60.0
2005,whole_blocks_latitude_cap,4,5000,1,random,global,equal_cell,92628,-0.6563481541151912,12.372118770874,20.569581610567912,60.0
2005,whole_blocks_latitude_cap,4,5000,1,random,global,spherical_cell_area,92628,-1.1813919965756683,11.925344125211115,20.03530303970543,60.0
2005,whole_blocks_latitude_cap,4,5000,1,random,south_of_60n,equal_cell,92628,-0.6563481541151912,12.372118770874,20.569581610567912,60.0
2005,whole_blocks_latitude_cap,4,5000,1,random,south_of_60n,spherical_cell_area,92628,-1.1813919965756683,11.925344125211115,20.03530303970543,60.0
2005,whole_blocks_latitude_cap,4,5000,1,historical_density,global,equal_cell,92628,-1.6292681314926591,13.188427898991996,21.090736849675345,60.0
2005,whole_blocks_latitude_cap,4,5000,1,historical_density,global,spherical_cell_area,92628,-1.7676977264084377,12.681134050822063,20.73436852618284,60.0
2005,whole_blocks_latitude_cap,4,5000,1,historical_density,south_of_60n,equal_cell,92628,-1.6292681314926591,13.188427898991996,21.090736849675345,60.0
2005,whole_blocks_latitude_cap,4,5000,1,historical_density,south_of_60n,spherical_cell_area,92628,-1.7676977264084377,12.681134050822063,20.73436852618284,60.0
2005,whole_blocks_latitude_cap,4,5000,1,spatial_coverage,global,equal_cell,92628,-1.5174155635469837,12.648312969139774,20.16707687981388,60.0
2005,whole_blocks_latitude_cap,4,5000,1,spatial_coverage,global,spherical_cell_area,92628,-1.9627222495875336,12.367339468337889,19.87518953933209,60.0
2005,whole_blocks_latitude_cap,4,5000,1,spatial_coverage,south_of_60n,equal_cell,92628,-1.5174155635469837,12.648312969139774,20.16707687981388,60.0
2005,whole_blocks_latitude_cap,4,5000,1,spatial_coverage,south_of_60n,spherical_cell_area,92628,-1.9627222495875336,12.367339468337889,19.87518953933209,60.0
2005,whole_blocks_latitude_cap,4,5000,2,random,global,equal_cell,92628,-0.8637665199887427,11.429475106463247,19.25363026129821,60.0
2005,whole_blocks_latitude_cap,4,5000,2,random,global,spherical_cell_area,92628,-1.4810618556094637,11.040508504391887,18.96039425250777,60.0
2005,whole_blocks_latitude_cap,4,5000,2,random,south_of_60n,equal_cell,92628,-0.8637665199887427,11.429475106463247,19.25363026129821,60.0
2005,whole_blocks_latitude_cap,4,5000,2,random,south_of_60n,spherical_cell_area,92628,-1.4810618556094637,11.040508504391887,18.96039425250777,60.0
2005,whole_blocks_latitude_cap,4,5000,2,historical_density,global,equal_cell,92628,-1.8274072116246525,13.170226125178912,20.84877790045005,60.0
2005,whole_blocks_latitude_cap,4,5000,2,historical_density,global,spherical_cell_area,92628,-1.7418904521279983,12.479831607464527,20.185476858823257,60.0
2005,whole_blocks_latitude_cap,4,5000,2,historical_density,south_of_60n,equal_cell,92628,-1.8274072116246525,13.170226125178912,20.84877790045005,60.0
2005,whole_blocks_latitude_cap,4,5000,2,historical_density,south_of_60n,spherical_cell_area,92628,-1.7418904521279983,12.479831607464527,20.185476858823257,60.0
2005,whole_blocks_latitude_cap,4,5000,2,spatial_coverage,global,equal_cell,92628,-0.1470923502331667,12.835716861409429,21.530902975760057,60.0
2005,whole_blocks_latitude_cap,4,5000,2,spatial_coverage,global,spherical_cell_area,92628,-0.6217788954759796,12.444623881623489,21.153200978343406,60.0
2005,whole_blocks_latitude_cap,4,5000,2,spatial_coverage,south_of_60n,equal_cell,92628,-0.1470923502331667,12.835716861409429,21.530902975760057,60.0
2005,whole_blocks_latitude_cap,4,5000,2,spatial_coverage,south_of_60n,spherical_cell_area,92628,-0.6217788954759796,12.444623881623489,21.153200978343406,60.0
2005,whole_blocks_latitude_cap,4,5000,3,random,global,equal_cell,92628,-0.6351400609927336,11.706377840253994,19.31310152078216,60.0
2005,whole_blocks_latitude_cap,4,5000,3,random,global,spherical_cell_area,92628,-1.1646928557402385,11.352523347284835,18.97690838545967,60.0
2005,whole_blocks_latitude_cap,4,5000,3,random,south_of_60n,equal_cell,92628,-0.6351400609927336,11.706377840253994,19.31310152078216,60.0
2005,whole_blocks_latitude_cap,4,5000,3,random,south_of_60n,spherical_cell_area,92628,-1.1646928557402385,11.352523347284835,18.97690838545967,60.0
2005,whole_blocks_latitude_cap,4,5000,3,historical_density,global,equal_cell,92628,-1.7923896654780207,13.257914849703536,21.01356712802564,60.0
2005,whole_blocks_latitude_cap,4,5000,3,historical_density,global,spherical_cell_area,92628,-1.8170608375169977,12.66744001074242,20.509162065682208,60.0
2005,whole_blocks_latitude_cap,4,5000,3,historical_density,south_of_60n,equal_cell,92628,-1.7923896654780207,13.257914849703536,21.01356712802564,60.0
2005,whole_blocks_latitude_cap,4,5000,3,historical_density,south_of_60n,spherical_cell_area,92628,-1.8170608375169977,12.66744001074242,20.509162065682208,60.0
2005,whole_blocks_latitude_cap,4,5000,3,spatial_coverage,global,equal_cell,92628,-1.3548408477833982,12.713115937013589,20.70171342911837,60.0
2005,whole_blocks_latitude_cap,4,5000,3,spatial_coverage,global,spherical_cell_area,92628,-1.8463029583387107,12.297991108238003,20.162546392698108,60.0
2005,whole_blocks_latitude_cap,4,5000,3,spatial_coverage,south_of_60n,equal_cell,92628,-1.3548408477833982,12.713115937013589,20.70171342911837,60.0
2005,whole_blocks_latitude_cap,4,5000,3,spatial_coverage,south_of_60n,spherical_cell_area,92628,-1.8463029583387107,12.297991108238003,20.162546392698108,60.0
2005,whole_blocks_latitude_cap,4,5000,4,random,global,equal_cell,92628,-0.8829775632734223,11.906959067647136,19.3443281643423,60.0
2005,whole_blocks_latitude_cap,4,5000,4,random,global,spherical_cell_area,92628,-1.531641580327087,11.575205811194872,18.87681155469329,60.0
2005,whole_blocks_latitude_cap,4,5000,4,random,south_of_60n,equal_cell,92628,-0.8829775632734223,11.906959067647136,19.3443281643423,60.0
2005,whole_blocks_latitude_cap,4,5000,4,random,south_of_60n,spherical_cell_area,92628,-1.531641580327087,11.575205811194872,18.87681155469329,60.0
2005,whole_blocks_latitude_cap,4,5000,4,historical_density,global,equal_cell,92628,-0.4867426786875934,13.338851161465149,21.208021651764565,60.0
2005,whole_blocks_latitude_cap,4,5000,4,historical_density,global,spherical_cell_area,92628,-0.6688960442906928,12.721543550100575,20.64221147689229,60.0
2005,whole_blocks_latitude_cap,4,5000,4,historical_density,south_of_60n,equal_cell,92628,-0.4867426786875934,13.338851161465149,21.208021651764565,60.0
2005,whole_blocks_latitude_cap,4,5000,4,historical_density,south_of_60n,spherical_cell_area,92628,-0.6688960442906928,12.721543550100575,20.64221147689229,60.0
2005,whole_blocks_latitude_cap,4,5000,4,spatial_coverage,global,equal_cell,92628,-1.7294461379373165,12.519739394475204,19.82993138835132,60.0
2005,whole_blocks_latitude_cap,4,5000,4,spatial_coverage,global,spherical_cell_area,92628,-1.8926322581197224,12.184447960057966,19.371005531123693,60.0
2005,whole_blocks_latitude_cap,4,5000,4,spatial_coverage,south_of_60n,equal_cell,92628,-1.7294461379373165,12.519739394475204,19.82993138835132,60.0
2005,whole_blocks_latitude_cap,4,5000,4,spatial_coverage,south_of_60n,spherical_cell_area,92628,-1.8926322581197224,12.184447960057966,19.371005531123693,60.0
2005,whole_blocks_latitude_cap,4,5000,5,random,global,equal_cell,92628,-0.8547869365804524,12.034810865296873,20.143035530094885,60.0
2005,whole_blocks_latitude_cap,4,5000,5,random,global,spherical_cell_area,92628,-1.3019448846563375,11.616632847825642,19.738535535709293,60.0
2005,whole_blocks_latitude_cap,4,5000,5,random,south_of_60n,equal_cell,92628,-0.8547869365804524,12.034810865296873,20.143035530094885,60.0
2005,whole_blocks_latitude_cap,4,5000,5,random,south_of_60n,spherical_cell_area,92628,-1.3019448846563375,11.616632847825642,19.738535535709293,60.0
2005,whole_blocks_latitude_cap,4,5000,5,historical_density,global,equal_cell,92628,-1.6045861909720285,13.1482124872007,20.90593555188816,60.0
2005,whole_blocks_latitude_cap,4,5000,5,historical_density,global,spherical_cell_area,92628,-1.6285852745314902,12.62078181578286,20.42732423573485,60.0
2005,whole_blocks_latitude_cap,4,5000,5,historical_density,south_of_60n,equal_cell,92628,-1.6045861909720285,13.1482124872007,20.90593555188816,60.0
2005,whole_blocks_latitude_cap,4,5000,5,historical_density,south_of_60n,spherical_cell_area,92628,-1.6285852745314902,12.62078181578286,20.42732423573485,60.0
2005,whole_blocks_latitude_cap,4,5000,5,spatial_coverage,global,equal_cell,92628,-1.2601074393398788,12.210140656531948,19.14264333293269,60.0
2005,whole_blocks_latitude_cap,4,5000,5,spatial_coverage,global,spherical_cell_area,92628,-1.5465178946709914,11.883191869184314,18.761271445306065,60.0
2005,whole_blocks_latitude_cap,4,5000,5,spatial_coverage,south_of_60n,equal_cell,92628,-1.2601074393398788,12.210140656531948,19.14264333293269,60.0
2005,whole_blocks_latitude_cap,4,5000,5,spatial_coverage,south_of_60n,spherical_cell_area,92628,-1.5465178946709914,11.883191869184314,18.761271445306065,60.0
2005,whole_blocks_latitude_cap,4,5000,6,random,global,equal_cell,92628,-1.2700201172065142,11.988318005444532,20.27750215140273,60.0
2005,whole_blocks_latitude_cap,4,5000,6,random,global,spherical_cell_area,92628,-1.7842355674360149,11.476584851500238,19.65417741955758,60.0
2005,whole_blocks_latitude_cap,4,5000,6,random,south_of_60n,equal_cell,92628,-1.2700201172065142,11.988318005444532,20.27750215140273,60.0
2005,whole_blocks_latitude_cap,4,5000,6,random,south_of_60n,spherical_cell_area,92628,-1.7842355674360149,11.476584851500238,19.65417741955758,60.0
2005,whole_blocks_latitude_cap,4,5000,6,historical_density,global,equal_cell,92628,-1.761684374340983,12.84399651346124,20.54253089063942,60.0
2005,whole_blocks_latitude_cap,4,5000,6,historical_density,global,spherical_cell_area,92628,-1.925223281458034,12.343954986165622,20.20392569353097,60.0
2005,whole_blocks_latitude_cap,4,5000,6,historical_density,south_of_60n,equal_cell,92628,-1.761684374340983,12.84399651346124,20.54253089063942,60.0
2005,whole_blocks_latitude_cap,4,5000,6,historical_density,south_of_60n,spherical_cell_area,92628,-1.925223281458034,12.343954986165622,20.20392569353097,60.0
2005,whole_blocks_latitude_cap,4,5000,6,spatial_coverage,global,equal_cell,92628,-1.1722589690106238,12.572516903564084,19.94566780240073,60.0
2005,whole_blocks_latitude_cap,4,5000,6,spatial_coverage,global,spherical_cell_area,92628,-1.6281672867865915,12.299522610712346,19.61788283023525,60.0
2005,whole_blocks_latitude_cap,4,5000,6,spatial_coverage,south_of_60n,equal_cell,92628,-1.1722589690106238,12.572516903564084,19.94566780240073,60.0
2005,whole_blocks_latitude_cap,4,5000,6,spatial_coverage,south_of_60n,spherical_cell_area,92628,-1.6281672867865915,12.299522610712346,19.61788283023525,60.0
2005,whole_blocks_latitude_cap,4,5000,7,random,global,equal_cell,92628,-1.2336132848169905,11.991473974245295,19.747095948326315,60.0
2005,whole_blocks_latitude_cap,4,5000,7,random,global,spherical_cell_area,92628,-1.861894598474988,11.590902163750444,19.35821344472847,60.0
2005,whole_blocks_latitude_cap,4,5000,7,random,south_of_60n,equal_cell,92628,-1.2336132848169905,11.991473974245295,19.747095948326315,60.0
2005,whole_blocks_latitude_cap,4,5000,7,random,south_of_60n,spherical_cell_area,92628,-1.861894598474988,11.590902163750444,19.35821344472847,60.0
2005,whole_blocks_latitude_cap,4,5000,7,historical_density,global,equal_cell,92628,-1.81538359925349,13.131371979393949,20.81862493919653,60.0
2005,whole_blocks_latitude_cap,4,5000,7,historical_density,global,spherical_cell_area,92628,-1.8711903589341492,12.619225580227182,20.41134534047698,60.0
2005,whole_blocks_latitude_cap,4,5000,7,historical_density,south_of_60n,equal_cell,92628,-1.81538359925349,13.131371979393949,20.81862493919653,60.0
2005,whole_blocks_latitude_cap,4,5000,7,historical_density,south_of_60n,spherical_cell_area,92628,-1.8711903589341492,12.619225580227182,20.41134534047698,60.0
2005,whole_blocks_latitude_cap,4,5000,7,spatial_coverage,global,equal_cell,92628,-1.284861748311667,12.71048537616148,20.552253730790863,60.0
2005,whole_blocks_latitude_cap,4,5000,7,spatial_coverage,global,spherical_cell_area,92628,-1.639453951938442,12.352347430403,19.98251681526259,60.0
2005,whole_blocks_latitude_cap,4,5000,7,spatial_coverage,south_of_60n,equal_cell,92628,-1.284861748311667,12.71048537616148,20.552253730790863,60.0
2005,whole_blocks_latitude_cap,4,5000,7,spatial_coverage,south_of_60n,spherical_cell_area,92628,-1.639453951938442,12.352347430403,19.98251681526259,60.0
2005,whole_blocks_latitude_cap,4,5000,8,random,global,equal_cell,92628,-1.383187892974706,11.941685778945365,20.35504814015299,60.0
2005,whole_blocks_latitude_cap,4,5000,8,random,global,spherical_cell_area,92628,-1.8609173306404512,11.418739263971164,19.812507597654232,60.0
2005,whole_blocks_latitude_cap,4,5000,8,random,south_of_60n,equal_cell,92628,-1.383187892974706,11.941685778945365,20.35504814015299,60.0
2005,whole_blocks_latitude_cap,4,5000,8,random,south_of_60n,spherical_cell_area,92628,-1.8609173306404512,11.418739263971164,19.812507597654232,60.0
2005,whole_blocks_latitude_cap,4,5000,8,historical_density,global,equal_cell,92628,-2.033745765842566,13.148105912203992,20.92119907966921,60.0
2005,whole_blocks_latitude_cap,4,5000,8,historical_density,global,spherical_cell_area,92628,-2.1317676086713986,12.600273851117484,20.481027418272404,60.0
2005,whole_blocks_latitude_cap,4,5000,8,historical_density,south_of_60n,equal_cell,92628,-2.033745765842566,13.148105912203992,20.92119907966921,60.0
2005,whole_blocks_latitude_cap,4,5000,8,historical_density,south_of_60n,spherical_cell_area,92628,-2.1317676086713986,12.600273851117484,20.481027418272404,60.0
2005,whole_blocks_latitude_cap,4,5000,8,spatial_coverage,global,equal_cell,92628,-1.082751993755486,12.521594368770248,20.58617121894236,60.0
2005,whole_blocks_latitude_cap,4,5000,8,spatial_coverage,global,spherical_cell_area,92628,-1.6129508536346042,12.144218521916295,20.1943754596859,60.0
2005,whole_blocks_latitude_cap,4,5000,8,spatial_coverage,south_of_60n,equal_cell,92628,-1.082751993755486,12.521594368770248,20.58617121894236,60.0
2005,whole_blocks_latitude_cap,4,5000,8,spatial_coverage,south_of_60n,spherical_cell_area,92628,-1.6129508536346042,12.144218521916295,20.1943754596859,60.0
2005,whole_blocks_latitude_cap,4,5000,9,random,global,equal_cell,92628,-0.5818153837407287,11.770317774414115,19.41897281054064,60.0
2005,whole_blocks_latitude_cap,4,5000,9,random,global,spherical_cell_area,92628,-1.2635023041057074,11.306935692467492,18.757587503465302,60.0
2005,whole_blocks_latitude_cap,4,5000,9,random,south_of_60n,equal_cell,92628,-0.5818153837407287,11.770317774414115,19.41897281054064,60.0
2005,whole_blocks_latitude_cap,4,5000,9,random,south_of_60n,spherical_cell_area,92628,-1.2635023041057074,11.306935692467492,18.757587503465302,60.0
2005,whole_blocks_latitude_cap,4,5000,9,historical_density,global,equal_cell,92628,-1.7991397160531897,13.662739130064915,21.466687474544845,60.0
2005,whole_blocks_latitude_cap,4,5000,9,historical_density,global,spherical_cell_area,92628,-1.673913861273797,13.10679033942487,20.97805429750321,60.0
2005,whole_blocks_latitude_cap,4,5000,9,historical_density,south_of_60n,equal_cell,92628,-1.7991397160531897,13.662739130064915,21.466687474544845,60.0
2005,whole_blocks_latitude_cap,4,5000,9,historical_density,south_of_60n,spherical_cell_area,92628,-1.673913861273797,13.10679033942487,20.97805429750321,60.0
2005,whole_blocks_latitude_cap,4,5000,9,spatial_coverage,global,equal_cell,92628,-0.7002229945566594,13.014223584310116,21.79806948652204,60.0
2005,whole_blocks_latitude_cap,4,5000,9,spatial_coverage,global,spherical_cell_area,92628,-1.0734130568816922,12.499059119625793,21.483509672066354,60.0
2005,whole_blocks_latitude_cap,4,5000,9,spatial_coverage,south_of_60n,equal_cell,92628,-0.7002229945566594,13.014223584310116,21.79806948652204,60.0
2005,whole_blocks_latitude_cap,4,5000,9,spatial_coverage,south_of_60n,spherical_cell_area,92628,-1.0734130568816922,12.499059119625793,21.483509672066354,60.0
2005,whole_blocks_latitude_cap,4,5000,10,random,global,equal_cell,92628,-0.8467823638047,12.023715894280793,20.62505046048217,60.0
2005,whole_blocks_latitude_cap,4,5000,10,random,global,spherical_cell_area,92628,-1.3709874184302195,11.631678183753433,20.28360906230774,60.0
2005,whole_blocks_latitude_cap,4,5000,10,random,south_of_60n,equal_cell,92628,-0.8467823638047,12.023715894280793,20.62505046048217,60.0
2005,whole_blocks_latitude_cap,4,5000,10,random,south_of_60n,spherical_cell_area,92628,-1.3709874184302195,11.631678183753433,20.28360906230774,60.0
2005,whole_blocks_latitude_cap,4,5000,10,historical_density,global,equal_cell,92628,-1.7685844694268642,12.947370877750991,20.678679849942995,60.0
2005,whole_blocks_latitude_cap,4,5000,10,historical_density,global,spherical_cell_area,92628,-1.6958492836851815,12.333875370646028,20.126948430435373,60.0
2005,whole_blocks_latitude_cap,4,5000,10,historical_density,south_of_60n,equal_cell,92628,-1.7685844694268642,12.947370877750991,20.678679849942995,60.0
2005,whole_blocks_latitude_cap,4,5000,10,historical_density,south_of_60n,spherical_cell_area,92628,-1.6958492836851815,12.333875370646028,20.126948430435373,60.0
2005,whole_blocks_latitude_cap,4,5000,10,spatial_coverage,global,equal_cell,92628,-1.081222228915777,12.483066484310577,19.85905209670808,60.0
2005,whole_blocks_latitude_cap,4,5000,10,spatial_coverage,global,spherical_cell_area,92628,-1.4569977545049646,12.161685998985208,19.58922144722197,60.0
2005,whole_blocks_latitude_cap,4,5000,10,spatial_coverage,south_of_60n,equal_cell,92628,-1.081222228915777,12.483066484310577,19.85905209670808,60.0
2005,whole_blocks_latitude_cap,4,5000,10,spatial_coverage,south_of_60n,spherical_cell_area,92628,-1.4569977545049646,12.161685998985208,19.58922144722197,60.0
2005,whole_blocks_latitude_cap,4,5000,11,random,global,equal_cell,92628,-0.9939852697811258,12.060204901581994,20.30595475167025,60.0
2005,whole_blocks_latitude_cap,4,5000,11,random,global,spherical_cell_area,92628,-1.822114018413859,11.618668399997786,19.890765987770724,60.0
2005,whole_blocks_latitude_cap,4,5000,11,random,south_of_60n,equal_cell,92628,-0.9939852697811258,12.060204901581994,20.30595475167025,60.0
2005,whole_blocks_latitude_cap,4,5000,11,random,south_of_60n,spherical_cell_area,92628,-1.822114018413859,11.618668399997786,19.890765987770724,60.0
2005,whole_blocks_latitude_cap,4,5000,11,historical_density,global,equal_cell,92628,-2.028860767391252,13.55218896646852,21.565549632204764,60.0
2005,whole_blocks_latitude_cap,4,5000,11,historical_density,global,spherical_cell_area,92628,-2.1059583208387784,12.943609187818442,21.05430629709225,60.0
2005,whole_blocks_latitude_cap,4,5000,11,historical_density,south_of_60n,equal_cell,92628,-2.028860767391252,13.55218896646852,21.565549632204764,60.0
2005,whole_blocks_latitude_cap,4,5000,11,historical_density,south_of_60n,spherical_cell_area,92628,-2.1059583208387784,12.943609187818442,21.05430629709225,60.0
2005,whole_blocks_latitude_cap,4,5000,11,spatial_coverage,global,equal_cell,92628,-1.2328854374139957,12.631765518969209,20.137810549833404,60.0
2005,whole_blocks_latitude_cap,4,5000,11,spatial_coverage,global,spherical_cell_area,92628,-1.6313467540518891,12.360098620334291,19.89670597964311,60.0
2005,whole_blocks_latitude_cap,4,5000,11,spatial_coverage,south_of_60n,equal_cell,92628,-1.2328854374139957,12.631765518969209,20.137810549833404,60.0
2005,whole_blocks_latitude_cap,4,5000,11,spatial_coverage,south_of_60n,spherical_cell_area,92628,-1.6313467540518891,12.360098620334291,19.89670597964311,60.0
2005,whole_blocks_latitude_cap,4,5000,12,random,global,equal_cell,92628,-0.6303218617001745,12.553444079239586,21.02061093836647,60.0
2005,whole_blocks_latitude_cap,4,5000,12,random,global,spherical_cell_area,92628,-1.3915766727825327,12.06408403449475,20.27385467357699,60.0
2005,whole_blocks_latitude_cap,4,5000,12,random,south_of_60n,equal_cell,92628,-0.6303218617001745,12.553444079239586,21.02061093836647,60.0
2005,whole_blocks_latitude_cap,4,5000,12,random,south_of_60n,spherical_cell_area,92628,-1.3915766727825327,12.06408403449475,20.27385467357699,60.0
2005,whole_blocks_latitude_cap,4,5000,12,historical_density,global,equal_cell,92628,-1.5345389732650416,13.455668214230425,21.20950647744395,60.0
2005,whole_blocks_latitude_cap,4,5000,12,historical_density,global,spherical_cell_area,92628,-1.6437935633355505,12.941694046894408,20.743588489136368,60.0
2005,whole_blocks_latitude_cap,4,5000,12,historical_density,south_of_60n,equal_cell,92628,-1.5345389732650416,13.455668214230425,21.20950647744395,60.0
2005,whole_blocks_latitude_cap,4,5000,12,historical_density,south_of_60n,spherical_cell_area,92628,-1.6437935633355505,12.941694046894408,20.743588489136368,60.0
2005,whole_blocks_latitude_cap,4,5000,12,spatial_coverage,global,equal_cell,92628,-1.056211318745331,12.55531354263488,20.48900964865562,60.0
2005,whole_blocks_latitude_cap,4,5000,12,spatial_coverage,global,spherical_cell_area,92628,-1.5909325914746917,12.215732468754345,20.218436182753457,60.0
2005,whole_blocks_latitude_cap,4,5000,12,spatial_coverage,south_of_60n,equal_cell,92628,-1.056211318745331,12.55531354263488,20.48900964865562,60.0
2005,whole_blocks_latitude_cap,4,5000,12,spatial_coverage,south_of_60n,spherical_cell_area,92628,-1.5909325914746917,12.215732468754345,20.218436182753457,60.0
2005,whole_blocks_latitude_cap,4,5000,13,random,global,equal_cell,92628,-0.2059437992128508,12.09831994975702,20.28695485308698,60.0
2005,whole_blocks_latitude_cap,4,5000,13,random,global,spherical_cell_area,92628,-0.7649897229092029,11.696744871676817,19.786220120911263,60.0
2005,whole_blocks_latitude_cap,4,5000,13,random,south_of_60n,equal_cell,92628,-0.2059437992128508,12.09831994975702,20.28695485308698,60.0
2005,whole_blocks_latitude_cap,4,5000,13,random,south_of_60n,spherical_cell_area,92628,-0.7649897229092029,11.696744871676817,19.786220120911263,60.0
2005,whole_blocks_latitude_cap,4,5000,13,historical_density,global,equal_cell,92628,-1.7351508046714657,13.24872829332804,20.93647393541639,60.0
2005,whole_blocks_latitude_cap,4,5000,13,historical_density,global,spherical_cell_area,92628,-1.9250235455831064,12.80817841372692,20.624739516234992,60.0
2005,whole_blocks_latitude_cap,4,5000,13,historical_density,south_of_60n,equal_cell,92628,-1.7351508046714657,13.24872829332804,20.93647393541639,60.0
2005,whole_blocks_latitude_cap,4,5000,13,historical_density,south_of_60n,spherical_cell_area,92628,-1.9250235455831064,12.80817841372692,20.624739516234992,60.0
2005,whole_blocks_latitude_cap,4,5000,13,spatial_coverage,global,equal_cell,92628,-0.8036907117224202,12.987796073221544,20.811884445320185,60.0
2005,whole_blocks_latitude_cap,4,5000,13,spatial_coverage,global,spherical_cell_area,92628,-1.218304020011438,12.605330834318622,20.439073800721985,60.0
2005,whole_blocks_latitude_cap,4,5000,13,spatial_coverage,south_of_60n,equal_cell,92628,-0.8036907117224202,12.987796073221544,20.811884445320185,60.0
2005,whole_blocks_latitude_cap,4,5000,13,spatial_coverage,south_of_60n,spherical_cell_area,92628,-1.218304020011438,12.605330834318622,20.439073800721985,60.0
2005,whole_blocks_latitude_cap,4,5000,14,random,global,equal_cell,92628,-0.2932921064499557,12.834613204336776,21.01905591931065,60.0
2005,whole_blocks_latitude_cap,4,5000,14,random,global,spherical_cell_area,92628,-0.829155883148126,12.44338908653522,20.562810572129692,60.0
2005,whole_blocks_latitude_cap,4,5000,14,random,south_of_60n,equal_cell,92628,-0.2932921064499557,12.834613204336776,21.01905591931065,60.0
2005,whole_blocks_latitude_cap,4,5000,14,random,south_of_60n,spherical_cell_area,92628,-0.829155883148126,12.44338908653522,20.562810572129692,60.0
2005,whole_blocks_latitude_cap,4,5000,14,historical_density,global,equal_cell,92628,-1.3502247330920782,13.280573009315368,21.01904289066137,60.0
2005,whole_blocks_latitude_cap,4,5000,14,historical_density,global,spherical_cell_area,92628,-1.3608892440648108,12.746127041431514,20.646875937381296,60.0
2005,whole_blocks_latitude_cap,4,5000,14,historical_density,south_of_60n,equal_cell,92628,-1.3502247330920782,13.280573009315368,21.01904289066137,60.0
2005,whole_blocks_latitude_cap,4,5000,14,historical_density,south_of_60n,spherical_cell_area,92628,-1.3608892440648108,12.746127041431514,20.646875937381296,60.0
2005,whole_blocks_latitude_cap,4,5000,14,spatial_coverage,global,equal_cell,92628,-1.9578077084379184,12.87674973172065,20.902906384058536,60.0
2005,whole_blocks_latitude_cap,4,5000,14,spatial_coverage,global,spherical_cell_area,92628,-2.1683245380513583,12.49281101781832,20.32577118621597,60.0
2005,whole_blocks_latitude_cap,4,5000,14,spatial_coverage,south_of_60n,equal_cell,92628,-1.9578077084379184,12.87674973172065,20.902906384058536,60.0
2005,whole_blocks_latitude_cap,4,5000,14,spatial_coverage,south_of_60n,spherical_cell_area,92628,-2.1683245380513583,12.49281101781832,20.32577118621597,60.0
2005,whole_blocks_latitude_cap,4,5000,15,random,global,equal_cell,92628,-1.435344878699179,12.45240152437335,20.93414057986693,60.0
2005,whole_blocks_latitude_cap,4,5000,15,random,global,spherical_cell_area,92628,-1.830013293736143,11.957688767589705,20.279792454848128,60.0
2005,whole_blocks_latitude_cap,4,5000,15,random,south_of_60n,equal_cell,92628,-1.435344878699179,12.45240152437335,20.93414057986693,60.0
2005,whole_blocks_latitude_cap,4,5000,15,random,south_of_60n,spherical_cell_area,92628,-1.830013293736143,11.957688767589705,20.279792454848128,60.0
2005,whole_blocks_latitude_cap,4,5000,15,historical_density,global,equal_cell,92628,-2.103192530487833,13.312281551673378,21.38421000897723,60.0
2005,whole_blocks_latitude_cap,4,5000,15,historical_density,global,spherical_cell_area,92628,-2.2269920513673527,12.771074425099188,20.904975389113623,60.0
2005,whole_blocks_latitude_cap,4,5000,15,historical_density,south_of_60n,equal_cell,92628,-2.103192530487833,13.312281551673378,21.38421000897723,60.0
2005,whole_blocks_latitude_cap,4,5000,15,historical_density,south_of_60n,spherical_cell_area,92628,-2.2269920513673527,12.771074425099188,20.904975389113623,60.0
2005,whole_blocks_latitude_cap,4,5000,15,spatial_coverage,global,equal_cell,92628,-1.0235343556824468,12.437393179863768,20.13265305763268,60.0
2005,whole_blocks_latitude_cap,4,5000,15,spatial_coverage,global,spherical_cell_area,92628,-1.563388366009806,12.087145204320642,19.75287629947308,60.0
2005,whole_blocks_latitude_cap,4,5000,15,spatial_coverage,south_of_60n,equal_cell,92628,-1.0235343556824468,12.437393179863768,20.13265305763268,60.0
2005,whole_blocks_latitude_cap,4,5000,15,spatial_coverage,south_of_60n,spherical_cell_area,92628,-1.563388366009806,12.087145204320642,19.75287629947308,60.0
2005,whole_blocks_latitude_cap,4,5000,16,random,global,equal_cell,92628,-0.7977126273748989,12.117814772388558,20.324272053123213,60.0
2005,whole_blocks_latitude_cap,4,5000,16,random,global,spherical_cell_area,92628,-1.240842656450822,11.632175952511457,19.645807551670224,60.0
2005,whole_blocks_latitude_cap,4,5000,16,random,south_of_60n,equal_cell,92628,-0.7977126273748989,12.117814772388558,20.324272053123213,60.0
2005,whole_blocks_latitude_cap,4,5000,16,random,south_of_60n,spherical_cell_area,92628,-1.240842656450822,11.632175952511457,19.645807551670224,60.0
2005,whole_blocks_latitude_cap,4,5000,16,historical_density,global,equal_cell,92628,-1.786555331307983,13.358796857773848,21.20613929974306,60.0
2005,whole_blocks_latitude_cap,4,5000,16,historical_density,global,spherical_cell_area,92628,-1.8214508803909015,12.82569101320374,20.83588588011271,60.0
2005,whole_blocks_latitude_cap,4,5000,16,historical_density,south_of_60n,equal_cell,92628,-1.786555331307983,13.358796857773848,21.20613929974306,60.0
2005,whole_blocks_latitude_cap,4,5000,16,historical_density,south_of_60n,spherical_cell_area,92628,-1.8214508803909015,12.82569101320374,20.83588588011271,60.0
2005,whole_blocks_latitude_cap,4,5000,16,spatial_coverage,global,equal_cell,92628,-1.3651928539880076,13.021297487707445,21.158111069399336,60.0
2005,whole_blocks_latitude_cap,4,5000,16,spatial_coverage,global,spherical_cell_area,92628,-1.7186120230777373,12.646761506919209,20.73003052014145,60.0
2005,whole_blocks_latitude_cap,4,5000,16,spatial_coverage,south_of_60n,equal_cell,92628,-1.3651928539880076,13.021297487707445,21.158111069399336,60.0
2005,whole_blocks_latitude_cap,4,5000,16,spatial_coverage,south_of_60n,spherical_cell_area,92628,-1.7186120230777373,12.646761506919209,20.73003052014145,60.0
2005,whole_blocks_latitude_cap,4,5000,17,random,global,equal_cell,92628,-1.0289958248903288,12.61689491834813,20.61246457908082,60.0
2005,whole_blocks_latitude_cap,4,5000,17,random,global,spherical_cell_area,92628,-1.5797089947743097,12.298007432841803,20.27306021931456,60.0
2005,whole_blocks_latitude_cap,4,5000,17,random,south_of_60n,equal_cell,92628,-1.0289958248903288,12.61689491834813,20.61246457908082,60.0
2005,whole_blocks_latitude_cap,4,5000,17,random,south_of_60n,spherical_cell_area,92628,-1.5797089947743097,12.298007432841803,20.27306021931456,60.0
2005,whole_blocks_latitude_cap,4,5000,17,historical_density,global,equal_cell,92628,-1.2029067188979083,13.34146569754442,21.07201934859988,60.0
2005,whole_blocks_latitude_cap,4,5000,17,historical_density,global,spherical_cell_area,92628,-1.1625056004751118,12.727218293595262,20.49733421078086,60.0
2005,whole_blocks_latitude_cap,4,5000,17,historical_density,south_of_60n,equal_cell,92628,-1.2029067188979083,13.34146569754442,21.07201934859988,60.0
2005,whole_blocks_latitude_cap,4,5000,17,historical_density,south_of_60n,spherical_cell_area,92628,-1.1625056004751118,12.727218293595262,20.49733421078086,60.0
2005,whole_blocks_latitude_cap,4,5000,17,spatial_coverage,global,equal_cell,92628,-1.337030558002686,13.919489509633772,23.155770862058983,60.0
2005,whole_blocks_latitude_cap,4,5000,17,spatial_coverage,global,spherical_cell_area,92628,-1.740477971579501,13.248037046535076,22.093301993574748,60.0
2005,whole_blocks_latitude_cap,4,5000,17,spatial_coverage,south_of_60n,equal_cell,92628,-1.337030558002686,13.919489509633772,23.155770862058983,60.0
2005,whole_blocks_latitude_cap,4,5000,17,spatial_coverage,south_of_60n,spherical_cell_area,92628,-1.740477971579501,13.248037046535076,22.093301993574748,60.0
2005,whole_blocks_latitude_cap,4,5000,18,random,global,equal_cell,92628,-1.2176264372850465,11.684134791492552,19.90679348114032,60.0
2005,whole_blocks_latitude_cap,4,5000,18,random,global,spherical_cell_area,92628,-1.78210605663589,11.281707705698269,19.58437835004091,60.0
2005,whole_blocks_latitude_cap,4,5000,18,random,south_of_60n,equal_cell,92628,-1.2176264372850465,11.684134791492552,19.90679348114032,60.0
2005,whole_blocks_latitude_cap,4,5000,18,random,south_of_60n,spherical_cell_area,92628,-1.78210605663589,11.281707705698269,19.58437835004091,60.0
2005,whole_blocks_latitude_cap,4,5000,18,historical_density,global,equal_cell,92628,-1.5034007227292556,12.958220302143523,20.58087291080749,60.0
2005,whole_blocks_latitude_cap,4,5000,18,historical_density,global,spherical_cell_area,92628,-1.5837609654555025,12.452155016135931,20.19905133081265,60.0
2005,whole_blocks_latitude_cap,4,5000,18,historical_density,south_of_60n,equal_cell,92628,-1.5034007227292556,12.958220302143523,20.58087291080749,60.0
2005,whole_blocks_latitude_cap,4,5000,18,historical_density,south_of_60n,spherical_cell_area,92628,-1.5837609654555025,12.452155016135931,20.19905133081265,60.0
2005,whole_blocks_latitude_cap,4,5000,18,spatial_coverage,global,equal_cell,92628,-0.829431895667133,12.478179039040366,20.37633455050028,60.0
2005,whole_blocks_latitude_cap,4,5000,18,spatial_coverage,global,spherical_cell_area,92628,-1.4445284252333448,12.215770271601803,20.074265373848988,60.0
2005,whole_blocks_latitude_cap,4,5000,18,spatial_coverage,south_of_60n,equal_cell,92628,-0.829431895667133,12.478179039040366,20.37633455050028,60.0
2005,whole_blocks_latitude_cap,4,5000,18,spatial_coverage,south_of_60n,spherical_cell_area,92628,-1.4445284252333448,12.215770271601803,20.074265373848988,60.0
2005,whole_blocks_latitude_cap,4,5000,19,random,global,equal_cell,92628,-0.9588379450171116,12.144875190540706,20.12165607506489,60.0
2005,whole_blocks_latitude_cap,4,5000,19,random,global,spherical_cell_area,92628,-1.41600291276516,11.719950714914432,19.464729999318365,60.0
2005,whole_blocks_latitude_cap,4,5000,19,random,south_of_60n,equal_cell,92628,-0.9588379450171116,12.144875190540706,20.12165607506489,60.0
2005,whole_blocks_latitude_cap,4,5000,19,random,south_of_60n,spherical_cell_area,92628,-1.41600291276516,11.719950714914432,19.464729999318365,60.0
2005,whole_blocks_latitude_cap,4,5000,19,historical_density,global,equal_cell,92628,-1.6293121315794263,13.208876847833707,21.302910145439604,60.0
2005,whole_blocks_latitude_cap,4,5000,19,historical_density,global,spherical_cell_area,92628,-1.561167761871305,12.59567946389044,20.789650503010865,60.0
2005,whole_blocks_latitude_cap,4,5000,19,historical_density,south_of_60n,equal_cell,92628,-1.6293121315794263,13.208876847833707,21.302910145439604,60.0
2005,whole_blocks_latitude_cap,4,5000,19,historical_density,south_of_60n,spherical_cell_area,92628,-1.561167761871305,12.59567946389044,20.789650503010865,60.0
2005,whole_blocks_latitude_cap,4,5000,19,spatial_coverage,global,equal_cell,92628,-1.18689852656462,12.794592752170429,20.28465662091085,60.0
2005,whole_blocks_latitude_cap,4,5000,19,spatial_coverage,global,spherical_cell_area,92628,-1.5229357456919228,12.442215956033078,19.86124838391597,60.0
2005,whole_blocks_latitude_cap,4,5000,19,spatial_coverage,south_of_60n,equal_cell,92628,-1.18689852656462,12.794592752170429,20.28465662091085,60.0
2005,whole_blocks_latitude_cap,4,5000,19,spatial_coverage,south_of_60n,spherical_cell_area,92628,-1.5229357456919228,12.442215956033078,19.86124838391597,60.0
2010,hidden_cells_latitude_cap,-1,5000,0,random,global,equal_cell,86916,-0.2172333594544974,9.537987706303534,19.594159606239558,60.0
2010,hidden_cells_latitude_cap,-1,5000,0,random,global,spherical_cell_area,86916,-0.2413385049007743,9.279255290576604,18.905808016552346,60.0
2010,hidden_cells_latitude_cap,-1,5000,0,random,south_of_60n,equal_cell,86916,-0.2172333594544974,9.537987706303534,19.594159606239558,60.0
2010,hidden_cells_latitude_cap,-1,5000,0,random,south_of_60n,spherical_cell_area,86916,-0.2413385049007743,9.279255290576604,18.905808016552346,60.0
2010,hidden_cells_latitude_cap,-1,5000,0,historical_density,global,equal_cell,86916,-0.7891305092324074,12.554413920739265,24.592638753553512,60.0
2010,hidden_cells_latitude_cap,-1,5000,0,historical_density,global,spherical_cell_area,86916,-0.449529726139291,12.181443569785095,23.56873189355786,60.0
2010,hidden_cells_latitude_cap,-1,5000,0,historical_density,south_of_60n,equal_cell,86916,-0.7891305092324074,12.554413920739265,24.592638753553512,60.0
2010,hidden_cells_latitude_cap,-1,5000,0,historical_density,south_of_60n,spherical_cell_area,86916,-0.449529726139291,12.181443569785095,23.56873189355786,60.0
2010,hidden_cells_latitude_cap,-1,5000,0,spatial_coverage,global,equal_cell,86916,0.1101364640316373,9.693745335456033,17.481096270081554,60.0
2010,hidden_cells_latitude_cap,-1,5000,0,spatial_coverage,global,spherical_cell_area,86916,0.1972629648558587,9.50103731713104,17.022412605133255,60.0
2010,hidden_cells_latitude_cap,-1,5000,0,spatial_coverage,south_of_60n,equal_cell,86916,0.1101364640316373,9.693745335456033,17.481096270081554,60.0
2010,hidden_cells_latitude_cap,-1,5000,0,spatial_coverage,south_of_60n,spherical_cell_area,86916,0.1972629648558587,9.50103731713104,17.022412605133255,60.0
2010,hidden_cells_latitude_cap,-1,5000,1,random,global,equal_cell,86916,-0.1360697044292685,9.816942618213954,19.84202802662924,60.0
2010,hidden_cells_latitude_cap,-1,5000,1,random,global,spherical_cell_area,86916,-0.188332157196639,9.5369099521501,19.22722208129924,60.0
2010,hidden_cells_latitude_cap,-1,5000,1,random,south_of_60n,equal_cell,86916,-0.1360697044292685,9.816942618213954,19.84202802662924,60.0
2010,hidden_cells_latitude_cap,-1,5000,1,random,south_of_60n,spherical_cell_area,86916,-0.188332157196639,9.5369099521501,19.22722208129924,60.0
2010,hidden_cells_latitude_cap,-1,5000,1,historical_density,global,equal_cell,86916,-1.7114326494611238,12.339451182188558,24.53660355921761,60.0
2010,hidden_cells_latitude_cap,-1,5000,1,historical_density,global,spherical_cell_area,86916,-1.4148194763553112,11.97942179376865,23.567516849887426,60.0
2010,hidden_cells_latitude_cap,-1,5000,1,historical_density,south_of_60n,equal_cell,86916,-1.7114326494611238,12.339451182188558,24.53660355921761,60.0
2010,hidden_cells_latitude_cap,-1,5000,1,historical_density,south_of_60n,spherical_cell_area,86916,-1.4148194763553112,11.97942179376865,23.567516849887426,60.0
2010,hidden_cells_latitude_cap,-1,5000,1,spatial_coverage,global,equal_cell,86916,0.0286948396994588,9.910720330733715,17.81275137328614,60.0
2010,hidden_cells_latitude_cap,-1,5000,1,spatial_coverage,global,spherical_cell_area,86916,0.0602036435170566,9.666838495238444,17.240617190222128,60.0
2010,hidden_cells_latitude_cap,-1,5000,1,spatial_coverage,south_of_60n,equal_cell,86916,0.0286948396994588,9.910720330733715,17.81275137328614,60.0
2010,hidden_cells_latitude_cap,-1,5000,1,spatial_coverage,south_of_60n,spherical_cell_area,86916,0.0602036435170566,9.666838495238444,17.240617190222128,60.0
2010,hidden_cells_latitude_cap,-1,5000,2,random,global,equal_cell,86916,-0.0373772481693532,9.427530266426023,19.170461212110585,60.0
2010,hidden_cells_latitude_cap,-1,5000,2,random,global,spherical_cell_area,86916,-0.0165232402639511,9.178331297433305,18.48805294380548,60.0
2010,hidden_cells_latitude_cap,-1,5000,2,random,south_of_60n,equal_cell,86916,-0.0373772481693532,9.427530266426023,19.170461212110585,60.0
2010,hidden_cells_latitude_cap,-1,5000,2,random,south_of_60n,spherical_cell_area,86916,-0.0165232402639511,9.178331297433305,18.48805294380548,60.0
2010,hidden_cells_latitude_cap,-1,5000,2,historical_density,global,equal_cell,86916,-1.8667338648736076,12.319118867858482,25.163939983437512,60.0
2010,hidden_cells_latitude_cap,-1,5000,2,historical_density,global,spherical_cell_area,86916,-1.4449110633384468,11.854680516092053,23.92623378291336,60.0
2010,hidden_cells_latitude_cap,-1,5000,2,historical_density,south_of_60n,equal_cell,86916,-1.8667338648736076,12.319118867858482,25.163939983437512,60.0
2010,hidden_cells_latitude_cap,-1,5000,2,historical_density,south_of_60n,spherical_cell_area,86916,-1.4449110633384468,11.854680516092053,23.92623378291336,60.0
2010,hidden_cells_latitude_cap,-1,5000,2,spatial_coverage,global,equal_cell,86916,0.0412705435753876,9.695184280695084,17.68426826990975,60.0
2010,hidden_cells_latitude_cap,-1,5000,2,spatial_coverage,global,spherical_cell_area,86916,0.1023596857069269,9.52588150921695,17.189242095709837,60.0
2010,hidden_cells_latitude_cap,-1,5000,2,spatial_coverage,south_of_60n,equal_cell,86916,0.0412705435753876,9.695184280695084,17.68426826990975,60.0
2010,hidden_cells_latitude_cap,-1,5000,2,spatial_coverage,south_of_60n,spherical_cell_area,86916,0.1023596857069269,9.52588150921695,17.189242095709837,60.0
2010,hidden_cells_latitude_cap,-1,5000,3,random,global,equal_cell,86916,0.1012301404059882,9.426252419545651,19.60323679340803,60.0
2010,hidden_cells_latitude_cap,-1,5000,3,random,global,spherical_cell_area,86916,0.1114559042642786,9.187281441921012,18.92716636472989,60.0
2010,hidden_cells_latitude_cap,-1,5000,3,random,south_of_60n,equal_cell,86916,0.1012301404059882,9.426252419545651,19.60323679340803,60.0
2010,hidden_cells_latitude_cap,-1,5000,3,random,south_of_60n,spherical_cell_area,86916,0.1114559042642786,9.187281441921012,18.92716636472989,60.0
2010,hidden_cells_latitude_cap,-1,5000,3,historical_density,global,equal_cell,86916,-1.1526287733034055,12.262672896244515,25.52589084247832,60.0
2010,hidden_cells_latitude_cap,-1,5000,3,historical_density,global,spherical_cell_area,86916,-0.8259317057061902,11.808172654607713,24.203603195150617,60.0
2010,hidden_cells_latitude_cap,-1,5000,3,historical_density,south_of_60n,equal_cell,86916,-1.1526287733034055,12.262672896244515,25.52589084247832,60.0
2010,hidden_cells_latitude_cap,-1,5000,3,historical_density,south_of_60n,spherical_cell_area,86916,-0.8259317057061902,11.808172654607713,24.203603195150617,60.0
2010,hidden_cells_latitude_cap,-1,5000,3,spatial_coverage,global,equal_cell,86916,-0.1088640462862233,9.994576241397914,17.713855442061384,60.0
2010,hidden_cells_latitude_cap,-1,5000,3,spatial_coverage,global,spherical_cell_area,86916,0.0525276012235852,9.747035348547204,17.213828694463388,60.0
2010,hidden_cells_latitude_cap,-1,5000,3,spatial_coverage,south_of_60n,equal_cell,86916,-0.1088640462862233,9.994576241397914,17.713855442061384,60.0
2010,hidden_cells_latitude_cap,-1,5000,3,spatial_coverage,south_of_60n,spherical_cell_area,86916,0.0525276012235852,9.747035348547204,17.213828694463388,60.0
2010,hidden_cells_latitude_cap,-1,5000,4,random,global,equal_cell,86916,0.5214691917893165,9.870455965343597,20.45930251841682,60.0
2010,hidden_cells_latitude_cap,-1,5000,4,random,global,spherical_cell_area,86916,0.4656589604362015,9.642479600760607,19.796255097043066,60.0
2010,hidden_cells_latitude_cap,-1,5000,4,random,south_of_60n,equal_cell,86916,0.5214691917893165,9.870455965343597,20.45930251841682,60.0
2010,hidden_cells_latitude_cap,-1,5000,4,random,south_of_60n,spherical_cell_area,86916,0.4656589604362015,9.642479600760607,19.796255097043066,60.0
2010,hidden_cells_latitude_cap,-1,5000,4,historical_density,global,equal_cell,86916,-1.9330369508721983,12.182940933061058,24.30667787617268,60.0
2010,hidden_cells_latitude_cap,-1,5000,4,historical_density,global,spherical_cell_area,86916,-1.6230815017460032,11.790024297996633,23.277022710481543,60.0
2010,hidden_cells_latitude_cap,-1,5000,4,historical_density,south_of_60n,equal_cell,86916,-1.9330369508721983,12.182940933061058,24.30667787617268,60.0
2010,hidden_cells_latitude_cap,-1,5000,4,historical_density,south_of_60n,spherical_cell_area,86916,-1.6230815017460032,11.790024297996633,23.277022710481543,60.0
2010,hidden_cells_latitude_cap,-1,5000,4,spatial_coverage,global,equal_cell,86916,0.0456218864019003,9.464318173593997,17.52768132416668,60.0
2010,hidden_cells_latitude_cap,-1,5000,4,spatial_coverage,global,spherical_cell_area,86916,0.0650951026372063,9.292331519828297,17.03338042122763,60.0
2010,hidden_cells_latitude_cap,-1,5000,4,spatial_coverage,south_of_60n,equal_cell,86916,0.0456218864019003,9.464318173593997,17.52768132416668,60.0
2010,hidden_cells_latitude_cap,-1,5000,4,spatial_coverage,south_of_60n,spherical_cell_area,86916,0.0650951026372063,9.292331519828297,17.03338042122763,60.0
2010,hidden_cells_latitude_cap,-1,5000,5,random,global,equal_cell,86916,0.0806802678479726,9.720852928892024,19.17594221698004,60.0
2010,hidden_cells_latitude_cap,-1,5000,5,random,global,spherical_cell_area,86916,0.0870857275518506,9.442532170062226,18.52149327595973,60.0
2010,hidden_cells_latitude_cap,-1,5000,5,random,south_of_60n,equal_cell,86916,0.0806802678479726,9.720852928892024,19.17594221698004,60.0
2010,hidden_cells_latitude_cap,-1,5000,5,random,south_of_60n,spherical_cell_area,86916,0.0870857275518506,9.442532170062226,18.52149327595973,60.0
2010,hidden_cells_latitude_cap,-1,5000,5,historical_density,global,equal_cell,86916,-1.3587872159068548,12.275844297235974,25.37927109195916,60.0
2010,hidden_cells_latitude_cap,-1,5000,5,historical_density,global,spherical_cell_area,86916,-1.0034975524849945,11.897926969358023,24.24412922308279,60.0
2010,hidden_cells_latitude_cap,-1,5000,5,historical_density,south_of_60n,equal_cell,86916,-1.3587872159068548,12.275844297235974,25.37927109195916,60.0
2010,hidden_cells_latitude_cap,-1,5000,5,historical_density,south_of_60n,spherical_cell_area,86916,-1.0034975524849945,11.897926969358023,24.24412922308279,60.0
2010,hidden_cells_latitude_cap,-1,5000,5,spatial_coverage,global,equal_cell,86916,-0.3690153501898794,9.98068841052982,18.45937910935997,60.0
2010,hidden_cells_latitude_cap,-1,5000,5,spatial_coverage,global,spherical_cell_area,86916,-0.3471954192755543,9.790234891257327,18.023128110947987,60.0
2010,hidden_cells_latitude_cap,-1,5000,5,spatial_coverage,south_of_60n,equal_cell,86916,-0.3690153501898794,9.98068841052982,18.45937910935997,60.0
2010,hidden_cells_latitude_cap,-1,5000,5,spatial_coverage,south_of_60n,spherical_cell_area,86916,-0.3471954192755543,9.790234891257327,18.023128110947987,60.0
2010,hidden_cells_latitude_cap,-1,5000,6,random,global,equal_cell,86916,0.3150032484835791,10.230629802553434,21.6443522513812,60.0
2010,hidden_cells_latitude_cap,-1,5000,6,random,global,spherical_cell_area,86916,0.3515636694555367,9.85256456748388,20.550832234927785,60.0
2010,hidden_cells_latitude_cap,-1,5000,6,random,south_of_60n,equal_cell,86916,0.3150032484835791,10.230629802553434,21.6443522513812,60.0
2010,hidden_cells_latitude_cap,-1,5000,6,random,south_of_60n,spherical_cell_area,86916,0.3515636694555367,9.85256456748388,20.550832234927785,60.0
2010,hidden_cells_latitude_cap,-1,5000,6,historical_density,global,equal_cell,86916,-1.5941009844396787,12.332911592170497,25.34624705884068,60.0
2010,hidden_cells_latitude_cap,-1,5000,6,historical_density,global,spherical_cell_area,86916,-1.2347365493712763,11.92461395795934,24.167800507596947,60.0
2010,hidden_cells_latitude_cap,-1,5000,6,historical_density,south_of_60n,equal_cell,86916,-1.5941009844396787,12.332911592170497,25.34624705884068,60.0
2010,hidden_cells_latitude_cap,-1,5000,6,historical_density,south_of_60n,spherical_cell_area,86916,-1.2347365493712763,11.92461395795934,24.167800507596947,60.0
2010,hidden_cells_latitude_cap,-1,5000,6,spatial_coverage,global,equal_cell,86916,0.0038583601646857,10.05042476302763,17.694918546423875,60.0
2010,hidden_cells_latitude_cap,-1,5000,6,spatial_coverage,global,spherical_cell_area,86916,0.0558465262016983,9.75762538870087,17.10336742752262,60.0
2010,hidden_cells_latitude_cap,-1,5000,6,spatial_coverage,south_of_60n,equal_cell,86916,0.0038583601646857,10.05042476302763,17.694918546423875,60.0
2010,hidden_cells_latitude_cap,-1,5000,6,spatial_coverage,south_of_60n,spherical_cell_area,86916,0.0558465262016983,9.75762538870087,17.10336742752262,60.0
2010,hidden_cells_latitude_cap,-1,5000,7,random,global,equal_cell,86916,0.0056361828461773,9.590574807542454,19.811795813759435,60.0
2010,hidden_cells_latitude_cap,-1,5000,7,random,global,spherical_cell_area,86916,-0.0268075377710448,9.358333291313922,19.147713034521043,60.0
2010,hidden_cells_latitude_cap,-1,5000,7,random,south_of_60n,equal_cell,86916,0.0056361828461773,9.590574807542454,19.811795813759435,60.0
2010,hidden_cells_latitude_cap,-1,5000,7,random,south_of_60n,spherical_cell_area,86916,-0.0268075377710448,9.358333291313922,19.147713034521043,60.0
2010,hidden_cells_latitude_cap,-1,5000,7,historical_density,global,equal_cell,86916,-1.5339707678098051,12.331488408877387,24.171369620482142,60.0
2010,hidden_cells_latitude_cap,-1,5000,7,historical_density,global,spherical_cell_area,86916,-1.216077250408149,11.990042903172927,23.2042454816232,60.0
2010,hidden_cells_latitude_cap,-1,5000,7,historical_density,south_of_60n,equal_cell,86916,-1.5339707678098051,12.331488408877387,24.171369620482142,60.0
2010,hidden_cells_latitude_cap,-1,5000,7,historical_density,south_of_60n,spherical_cell_area,86916,-1.216077250408149,11.990042903172927,23.2042454816232,60.0
2010,hidden_cells_latitude_cap,-1,5000,7,spatial_coverage,global,equal_cell,86916,-0.1436635002687664,9.6985082709749,18.075172429580583,60.0
2010,hidden_cells_latitude_cap,-1,5000,7,spatial_coverage,global,spherical_cell_area,86916,-0.1118875559887696,9.486968537387217,17.50942597889886,60.0
2010,hidden_cells_latitude_cap,-1,5000,7,spatial_coverage,south_of_60n,equal_cell,86916,-0.1436635002687664,9.6985082709749,18.075172429580583,60.0
2010,hidden_cells_latitude_cap,-1,5000,7,spatial_coverage,south_of_60n,spherical_cell_area,86916,-0.1118875559887696,9.486968537387217,17.50942597889886,60.0
2010,hidden_cells_latitude_cap,-1,5000,8,random,global,equal_cell,86916,-0.2623217754169833,9.584851111863712,20.42302040005461,60.0
2010,hidden_cells_latitude_cap,-1,5000,8,random,global,spherical_cell_area,86916,-0.2322589937515151,9.28616748766068,19.506296382843924,60.0
2010,hidden_cells_latitude_cap,-1,5000,8,random,south_of_60n,equal_cell,86916,-0.2623217754169833,9.584851111863712,20.42302040005461,60.0
2010,hidden_cells_latitude_cap,-1,5000,8,random,south_of_60n,spherical_cell_area,86916,-0.2322589937515151,9.28616748766068,19.506296382843924,60.0
2010,hidden_cells_latitude_cap,-1,5000,8,historical_density,global,equal_cell,86916,-1.3689673329211365,12.117407146894914,24.287306116932783,60.0
2010,hidden_cells_latitude_cap,-1,5000,8,historical_density,global,spherical_cell_area,86916,-0.9616299817670914,11.76007208235403,23.276425290374277,60.0
2010,hidden_cells_latitude_cap,-1,5000,8,historical_density,south_of_60n,equal_cell,86916,-1.3689673329211365,12.117407146894914,24.287306116932783,60.0
2010,hidden_cells_latitude_cap,-1,5000,8,historical_density,south_of_60n,spherical_cell_area,86916,-0.9616299817670914,11.76007208235403,23.276425290374277,60.0
2010,hidden_cells_latitude_cap,-1,5000,8,spatial_coverage,global,equal_cell,86916,0.2545332698602925,10.10496202906129,17.99049230660641,60.0
2010,hidden_cells_latitude_cap,-1,5000,8,spatial_coverage,global,spherical_cell_area,86916,0.4271172208938952,9.93705183449385,17.583416768099347,60.0
2010,hidden_cells_latitude_cap,-1,5000,8,spatial_coverage,south_of_60n,equal_cell,86916,0.2545332698602925,10.10496202906129,17.99049230660641,60.0
2010,hidden_cells_latitude_cap,-1,5000,8,spatial_coverage,south_of_60n,spherical_cell_area,86916,0.4271172208938952,9.93705183449385,17.583416768099347,60.0
2010,hidden_cells_latitude_cap,-1,5000,9,random,global,equal_cell,86916,0.2898932591368769,10.06723022754506,19.97222718781644,60.0
2010,hidden_cells_latitude_cap,-1,5000,9,random,global,spherical_cell_area,86916,0.3668168771727975,9.719729685461258,19.13039020017922,60.0
2010,hidden_cells_latitude_cap,-1,5000,9,random,south_of_60n,equal_cell,86916,0.2898932591368769,10.06723022754506,19.97222718781644,60.0
2010,hidden_cells_latitude_cap,-1,5000,9,random,south_of_60n,spherical_cell_area,86916,0.3668168771727975,9.719729685461258,19.13039020017922,60.0
2010,hidden_cells_latitude_cap,-1,5000,9,historical_density,global,equal_cell,86916,-1.877441520023435,12.475794783619651,24.83758995598704,60.0
2010,hidden_cells_latitude_cap,-1,5000,9,historical_density,global,spherical_cell_area,86916,-1.573769092260047,12.07003428487891,23.731339736653624,60.0
2010,hidden_cells_latitude_cap,-1,5000,9,historical_density,south_of_60n,equal_cell,86916,-1.877441520023435,12.475794783619651,24.83758995598704,60.0
2010,hidden_cells_latitude_cap,-1,5000,9,historical_density,south_of_60n,spherical_cell_area,86916,-1.573769092260047,12.07003428487891,23.731339736653624,60.0
2010,hidden_cells_latitude_cap,-1,5000,9,spatial_coverage,global,equal_cell,86916,0.0477127618990595,9.60619057933066,17.401699013532646,60.0
2010,hidden_cells_latitude_cap,-1,5000,9,spatial_coverage,global,spherical_cell_area,86916,0.182611915656202,9.432104060470948,17.001650587122455,60.0
2010,hidden_cells_latitude_cap,-1,5000,9,spatial_coverage,south_of_60n,equal_cell,86916,0.0477127618990595,9.60619057933066,17.401699013532646,60.0
2010,hidden_cells_latitude_cap,-1,5000,9,spatial_coverage,south_of_60n,spherical_cell_area,86916,0.182611915656202,9.432104060470948,17.001650587122455,60.0
2010,hidden_cells_latitude_cap,-1,5000,10,random,global,equal_cell,86916,-0.1280728597027376,9.919391519787402,19.483918722070904,60.0
2010,hidden_cells_latitude_cap,-1,5000,10,random,global,spherical_cell_area,86916,-0.1442821024877607,9.59562338782207,18.755739969096496,60.0
2010,hidden_cells_latitude_cap,-1,5000,10,random,south_of_60n,equal_cell,86916,-0.1280728597027376,9.919391519787402,19.483918722070904,60.0
2010,hidden_cells_latitude_cap,-1,5000,10,random,south_of_60n,spherical_cell_area,86916,-0.1442821024877607,9.59562338782207,18.755739969096496,60.0
2010,hidden_cells_latitude_cap,-1,5000,10,historical_density,global,equal_cell,86916,-1.9795498925065456,12.220071215097748,25.148488812467647,60.0
2010,hidden_cells_latitude_cap,-1,5000,10,historical_density,global,spherical_cell_area,86916,-1.742219806340109,11.774977294967918,23.92903717074406,60.0
2010,hidden_cells_latitude_cap,-1,5000,10,historical_density,south_of_60n,equal_cell,86916,-1.9795498925065456,12.220071215097748,25.148488812467647,60.0
2010,hidden_cells_latitude_cap,-1,5000,10,historical_density,south_of_60n,spherical_cell_area,86916,-1.742219806340109,11.774977294967918,23.92903717074406,60.0
2010,hidden_cells_latitude_cap,-1,5000,10,spatial_coverage,global,equal_cell,86916,0.1561249985856776,9.87315739597582,18.548867967187284,60.0
2010,hidden_cells_latitude_cap,-1,5000,10,spatial_coverage,global,spherical_cell_area,86916,0.1749640851226642,9.612566824921766,17.848404055218904,60.0
2010,hidden_cells_latitude_cap,-1,5000,10,spatial_coverage,south_of_60n,equal_cell,86916,0.1561249985856776,9.87315739597582,18.548867967187284,60.0
2010,hidden_cells_latitude_cap,-1,5000,10,spatial_coverage,south_of_60n,spherical_cell_area,86916,0.1749640851226642,9.612566824921766,17.848404055218904,60.0
2010,hidden_cells_latitude_cap,-1,5000,11,random,global,equal_cell,86916,0.1314457139817568,9.796017964530815,20.11961268372842,60.0
2010,hidden_cells_latitude_cap,-1,5000,11,random,global,spherical_cell_area,86916,0.0323306481735577,9.479710177229778,19.3675278888418,60.0
2010,hidden_cells_latitude_cap,-1,5000,11,random,south_of_60n,equal_cell,86916,0.1314457139817568,9.796017964530815,20.11961268372842,60.0
2010,hidden_cells_latitude_cap,-1,5000,11,random,south_of_60n,spherical_cell_area,86916,0.0323306481735577,9.479710177229778,19.3675278888418,60.0
2010,hidden_cells_latitude_cap,-1,5000,11,historical_density,global,equal_cell,86916,-1.0013795037666398,12.229132168985473,24.21935967923208,60.0
2010,hidden_cells_latitude_cap,-1,5000,11,historical_density,global,spherical_cell_area,86916,-0.8174546231836579,11.869672242931571,23.234140984626816,60.0
2010,hidden_cells_latitude_cap,-1,5000,11,historical_density,south_of_60n,equal_cell,86916,-1.0013795037666398,12.229132168985473,24.21935967923208,60.0
2010,hidden_cells_latitude_cap,-1,5000,11,historical_density,south_of_60n,spherical_cell_area,86916,-0.8174546231836579,11.869672242931571,23.234140984626816,60.0
2010,hidden_cells_latitude_cap,-1,5000,11,spatial_coverage,global,equal_cell,86916,0.1642864838558265,10.038371632215172,18.54316626362356,60.0
2010,hidden_cells_latitude_cap,-1,5000,11,spatial_coverage,global,spherical_cell_area,86916,0.1733279196371764,9.790443053903934,17.801749038453522,60.0
2010,hidden_cells_latitude_cap,-1,5000,11,spatial_coverage,south_of_60n,equal_cell,86916,0.1642864838558265,10.038371632215172,18.54316626362356,60.0
2010,hidden_cells_latitude_cap,-1,5000,11,spatial_coverage,south_of_60n,spherical_cell_area,86916,0.1733279196371764,9.790443053903934,17.801749038453522,60.0
2010,hidden_cells_latitude_cap,-1,5000,12,random,global,equal_cell,86916,0.0571909138997803,9.50170624719426,20.01000008476173,60.0
2010,hidden_cells_latitude_cap,-1,5000,12,random,global,spherical_cell_area,86916,0.0816760046930591,9.271545343511924,19.20486318044704,60.0
2010,hidden_cells_latitude_cap,-1,5000,12,random,south_of_60n,equal_cell,86916,0.0571909138997803,9.50170624719426,20.01000008476173,60.0
2010,hidden_cells_latitude_cap,-1,5000,12,random,south_of_60n,spherical_cell_area,86916,0.0816760046930591,9.271545343511924,19.20486318044704,60.0
2010,hidden_cells_latitude_cap,-1,5000,12,historical_density,global,equal_cell,86916,-1.4772778203841068,12.44701579544994,24.65944185471629,60.0
2010,hidden_cells_latitude_cap,-1,5000,12,historical_density,global,spherical_cell_area,86916,-1.1099225615496036,12.069168206385324,23.611164796331696,60.0
2010,hidden_cells_latitude_cap,-1,5000,12,historical_density,south_of_60n,equal_cell,86916,-1.4772778203841068,12.44701579544994,24.65944185471629,60.0
2010,hidden_cells_latitude_cap,-1,5000,12,historical_density,south_of_60n,spherical_cell_area,86916,-1.1099225615496036,12.069168206385324,23.611164796331696,60.0
2010,hidden_cells_latitude_cap,-1,5000,12,spatial_coverage,global,equal_cell,86916,0.1539513210608804,9.778295444915338,17.745211348177232,60.0
2010,hidden_cells_latitude_cap,-1,5000,12,spatial_coverage,global,spherical_cell_area,86916,0.1998334197423312,9.563648978846295,17.25855003418085,60.0
2010,hidden_cells_latitude_cap,-1,5000,12,spatial_coverage,south_of_60n,equal_cell,86916,0.1539513210608804,9.778295444915338,17.745211348177232,60.0
2010,hidden_cells_latitude_cap,-1,5000,12,spatial_coverage,south_of_60n,spherical_cell_area,86916,0.1998334197423312,9.563648978846295,17.25855003418085,60.0
2010,hidden_cells_latitude_cap,-1,5000,13,random,global,equal_cell,86916,0.2946447830492514,9.573288405179191,19.377443862210043,60.0
2010,hidden_cells_latitude_cap,-1,5000,13,random,global,spherical_cell_area,86916,0.3730200902134537,9.353882298354064,18.685480432283864,60.0
2010,hidden_cells_latitude_cap,-1,5000,13,random,south_of_60n,equal_cell,86916,0.2946447830492514,9.573288405179191,19.377443862210043,60.0
2010,hidden_cells_latitude_cap,-1,5000,13,random,south_of_60n,spherical_cell_area,86916,0.3730200902134537,9.353882298354064,18.685480432283864,60.0
2010,hidden_cells_latitude_cap,-1,5000,13,historical_density,global,equal_cell,86916,-1.019275393409309,12.08869103215547,23.769115425576267,60.0
2010,hidden_cells_latitude_cap,-1,5000,13,historical_density,global,spherical_cell_area,86916,-0.7283075573535822,11.71503661192966,22.75871443045054,60.0
2010,hidden_cells_latitude_cap,-1,5000,13,historical_density,south_of_60n,equal_cell,86916,-1.019275393409309,12.08869103215547,23.769115425576267,60.0
2010,hidden_cells_latitude_cap,-1,5000,13,historical_density,south_of_60n,spherical_cell_area,86916,-0.7283075573535822,11.71503661192966,22.75871443045054,60.0
2010,hidden_cells_latitude_cap,-1,5000,13,spatial_coverage,global,equal_cell,86916,0.2211553881221371,9.888415026823203,17.247622026087132,60.0
2010,hidden_cells_latitude_cap,-1,5000,13,spatial_coverage,global,spherical_cell_area,86916,0.2346773575796797,9.653098446862662,16.76328420203976,60.0
2010,hidden_cells_latitude_cap,-1,5000,13,spatial_coverage,south_of_60n,equal_cell,86916,0.2211553881221371,9.888415026823203,17.247622026087132,60.0
2010,hidden_cells_latitude_cap,-1,5000,13,spatial_coverage,south_of_60n,spherical_cell_area,86916,0.2346773575796797,9.653098446862662,16.76328420203976,60.0
2010,hidden_cells_latitude_cap,-1,5000,14,random,global,equal_cell,86916,0.2519825537011443,9.61163848269124,19.92334626254812,60.0
2010,hidden_cells_latitude_cap,-1,5000,14,random,global,spherical_cell_area,86916,0.3133946797595286,9.348758217248136,19.078714444962337,60.0
2010,hidden_cells_latitude_cap,-1,5000,14,random,south_of_60n,equal_cell,86916,0.2519825537011443,9.61163848269124,19.92334626254812,60.0
2010,hidden_cells_latitude_cap,-1,5000,14,random,south_of_60n,spherical_cell_area,86916,0.3133946797595286,9.348758217248136,19.078714444962337,60.0
2010,hidden_cells_latitude_cap,-1,5000,14,historical_density,global,equal_cell,86916,-0.9484415045078552,11.94509121411053,23.71571186009373,60.0
2010,hidden_cells_latitude_cap,-1,5000,14,historical_density,global,spherical_cell_area,86916,-0.5236924124109373,11.52977248060205,22.63200880973201,60.0
2010,hidden_cells_latitude_cap,-1,5000,14,historical_density,south_of_60n,equal_cell,86916,-0.9484415045078552,11.94509121411053,23.71571186009373,60.0
2010,hidden_cells_latitude_cap,-1,5000,14,historical_density,south_of_60n,spherical_cell_area,86916,-0.5236924124109373,11.52977248060205,22.63200880973201,60.0
2010,hidden_cells_latitude_cap,-1,5000,14,spatial_coverage,global,equal_cell,86916,-0.241293180809706,9.752513343172012,17.994949994430065,60.0
2010,hidden_cells_latitude_cap,-1,5000,14,spatial_coverage,global,spherical_cell_area,86916,-0.2191595645264196,9.577228840655858,17.513659913565057,60.0
2010,hidden_cells_latitude_cap,-1,5000,14,spatial_coverage,south_of_60n,equal_cell,86916,-0.241293180809706,9.752513343172012,17.994949994430065,60.0
2010,hidden_cells_latitude_cap,-1,5000,14,spatial_coverage,south_of_60n,spherical_cell_area,86916,-0.2191595645264196,9.577228840655858,17.513659913565057,60.0
2010,hidden_cells_latitude_cap,-1,5000,15,random,global,equal_cell,86916,0.0742345301132026,9.587515953058038,19.87349452548322,60.0
2010,hidden_cells_latitude_cap,-1,5000,15,random,global,spherical_cell_area,86916,0.1723899999899862,9.357153821741951,19.130983315542355,60.0
2010,hidden_cells_latitude_cap,-1,5000,15,random,south_of_60n,equal_cell,86916,0.0742345301132026,9.587515953058038,19.87349452548322,60.0
2010,hidden_cells_latitude_cap,-1,5000,15,random,south_of_60n,spherical_cell_area,86916,0.1723899999899862,9.357153821741951,19.130983315542355,60.0
2010,hidden_cells_latitude_cap,-1,5000,15,historical_density,global,equal_cell,86916,-1.0574262879158676,11.970262788209476,23.78551816535563,60.0
2010,hidden_cells_latitude_cap,-1,5000,15,historical_density,global,spherical_cell_area,86916,-0.804168234965215,11.634129879703506,22.83999281981263,60.0
2010,hidden_cells_latitude_cap,-1,5000,15,historical_density,south_of_60n,equal_cell,86916,-1.0574262879158676,11.970262788209476,23.78551816535563,60.0
2010,hidden_cells_latitude_cap,-1,5000,15,historical_density,south_of_60n,spherical_cell_area,86916,-0.804168234965215,11.634129879703506,22.83999281981263,60.0
2010,hidden_cells_latitude_cap,-1,5000,15,spatial_coverage,global,equal_cell,86916,0.2880633206606114,10.048091954214556,20.32096226085652,60.0
2010,hidden_cells_latitude_cap,-1,5000,15,spatial_coverage,global,spherical_cell_area,86916,0.2897223729259192,9.735698118392031,19.25584300602197,60.0
2010,hidden_cells_latitude_cap,-1,5000,15,spatial_coverage,south_of_60n,equal_cell,86916,0.2880633206606114,10.048091954214556,20.32096226085652,60.0
2010,hidden_cells_latitude_cap,-1,5000,15,spatial_coverage,south_of_60n,spherical_cell_area,86916,0.2897223729259192,9.735698118392031,19.25584300602197,60.0
2010,hidden_cells_latitude_cap,-1,5000,16,random,global,equal_cell,86916,-0.1271335944228719,9.49838125173098,20.400854912695703,60.0
2010,hidden_cells_latitude_cap,-1,5000,16,random,global,spherical_cell_area,86916,-0.1586316957003307,9.233818434042904,19.57645569643761,60.0
2010,hidden_cells_latitude_cap,-1,5000,16,random,south_of_60n,equal_cell,86916,-0.1271335944228719,9.49838125173098,20.400854912695703,60.0
2010,hidden_cells_latitude_cap,-1,5000,16,random,south_of_60n,spherical_cell_area,86916,-0.1586316957003307,9.233818434042904,19.57645569643761,60.0
2010,hidden_cells_latitude_cap,-1,5000,16,historical_density,global,equal_cell,86916,-1.7450059323180342,12.164358425474273,24.46483335078989,60.0
2010,hidden_cells_latitude_cap,-1,5000,16,historical_density,global,spherical_cell_area,86916,-1.4210674980439333,11.772300138975124,23.41897403413268,60.0
2010,hidden_cells_latitude_cap,-1,5000,16,historical_density,south_of_60n,equal_cell,86916,-1.7450059323180342,12.164358425474273,24.46483335078989,60.0
2010,hidden_cells_latitude_cap,-1,5000,16,historical_density,south_of_60n,spherical_cell_area,86916,-1.4210674980439333,11.772300138975124,23.41897403413268,60.0
2010,hidden_cells_latitude_cap,-1,5000,16,spatial_coverage,global,equal_cell,86916,-0.0763186718135496,9.827925353253658,18.307150107384984,60.0
2010,hidden_cells_latitude_cap,-1,5000,16,spatial_coverage,global,spherical_cell_area,86916,-0.0896029669899498,9.605396577297515,17.739813375865083,60.0
2010,hidden_cells_latitude_cap,-1,5000,16,spatial_coverage,south_of_60n,equal_cell,86916,-0.0763186718135496,9.827925353253658,18.307150107384984,60.0
2010,hidden_cells_latitude_cap,-1,5000,16,spatial_coverage,south_of_60n,spherical_cell_area,86916,-0.0896029669899498,9.605396577297515,17.739813375865083,60.0
2010,hidden_cells_latitude_cap,-1,5000,17,random,global,equal_cell,86916,-0.2007239181696432,9.467983621600368,19.766956862126577,60.0
2010,hidden_cells_latitude_cap,-1,5000,17,random,global,spherical_cell_area,86916,-0.1871714286023836,9.253966034162836,19.066047260362637,60.0
2010,hidden_cells_latitude_cap,-1,5000,17,random,south_of_60n,equal_cell,86916,-0.2007239181696432,9.467983621600368,19.766956862126577,60.0
2010,hidden_cells_latitude_cap,-1,5000,17,random,south_of_60n,spherical_cell_area,86916,-0.1871714286023836,9.253966034162836,19.066047260362637,60.0
2010,hidden_cells_latitude_cap,-1,5000,17,historical_density,global,equal_cell,86916,-1.2959093480264243,12.553863941258298,25.91667933388716,60.0
2010,hidden_cells_latitude_cap,-1,5000,17,historical_density,global,spherical_cell_area,86916,-0.7226789194233305,12.177429838723182,24.613919292878567,60.0
2010,hidden_cells_latitude_cap,-1,5000,17,historical_density,south_of_60n,equal_cell,86916,-1.2959093480264243,12.553863941258298,25.91667933388716,60.0
2010,hidden_cells_latitude_cap,-1,5000,17,historical_density,south_of_60n,spherical_cell_area,86916,-0.7226789194233305,12.177429838723182,24.613919292878567,60.0
2010,hidden_cells_latitude_cap,-1,5000,17,spatial_coverage,global,equal_cell,86916,0.0110881528958003,10.060437139085028,18.204942714334795,60.0
2010,hidden_cells_latitude_cap,-1,5000,17,spatial_coverage,global,spherical_cell_area,86916,0.081718946739092,9.817463413753504,17.63764856595813,60.0
2010,hidden_cells_latitude_cap,-1,5000,17,spatial_coverage,south_of_60n,equal_cell,86916,0.0110881528958003,10.060437139085028,18.204942714334795,60.0
2010,hidden_cells_latitude_cap,-1,5000,17,spatial_coverage,south_of_60n,spherical_cell_area,86916,0.081718946739092,9.817463413753504,17.63764856595813,60.0
2010,hidden_cells_latitude_cap,-1,5000,18,random,global,equal_cell,86916,0.5033707520450494,10.211081901689193,21.91708070395897,60.0
2010,hidden_cells_latitude_cap,-1,5000,18,random,global,spherical_cell_area,86916,0.5684198048163783,9.978168404379868,21.01383149503749,60.0
2010,hidden_cells_latitude_cap,-1,5000,18,random,south_of_60n,equal_cell,86916,0.5033707520450494,10.211081901689193,21.91708070395897,60.0
2010,hidden_cells_latitude_cap,-1,5000,18,random,south_of_60n,spherical_cell_area,86916,0.5684198048163783,9.978168404379868,21.01383149503749,60.0
2010,hidden_cells_latitude_cap,-1,5000,18,historical_density,global,equal_cell,86916,-1.3284870752731477,12.421480965825092,24.564803037405127,60.0
2010,hidden_cells_latitude_cap,-1,5000,18,historical_density,global,spherical_cell_area,86916,-1.120541005747255,11.97339894003652,23.457894435764796,60.0
2010,hidden_cells_latitude_cap,-1,5000,18,historical_density,south_of_60n,equal_cell,86916,-1.3284870752731477,12.421480965825092,24.564803037405127,60.0
2010,hidden_cells_latitude_cap,-1,5000,18,historical_density,south_of_60n,spherical_cell_area,86916,-1.120541005747255,11.97339894003652,23.457894435764796,60.0
2010,hidden_cells_latitude_cap,-1,5000,18,spatial_coverage,global,equal_cell,86916,0.4204097571838997,10.256936363402536,18.437936735229748,60.0
2010,hidden_cells_latitude_cap,-1,5000,18,spatial_coverage,global,spherical_cell_area,86916,0.3180657830901641,9.965435286169283,17.715651899298546,60.0
2010,hidden_cells_latitude_cap,-1,5000,18,spatial_coverage,south_of_60n,equal_cell,86916,0.4204097571838997,10.256936363402536,18.437936735229748,60.0
2010,hidden_cells_latitude_cap,-1,5000,18,spatial_coverage,south_of_60n,spherical_cell_area,86916,0.3180657830901641,9.965435286169283,17.715651899298546,60.0
2010,hidden_cells_latitude_cap,-1,5000,19,random,global,equal_cell,86916,-0.1706629036030555,9.558303922178776,20.005084778321777,60.0
2010,hidden_cells_latitude_cap,-1,5000,19,random,global,spherical_cell_area,86916,-0.1167766534418108,9.270452939847774,19.146519602126677,60.0
2010,hidden_cells_latitude_cap,-1,5000,19,random,south_of_60n,equal_cell,86916,-0.1706629036030555,9.558303922178776,20.005084778321777,60.0
2010,hidden_cells_latitude_cap,-1,5000,19,random,south_of_60n,spherical_cell_area,86916,-0.1167766534418108,9.270452939847774,19.146519602126677,60.0
2010,hidden_cells_latitude_cap,-1,5000,19,historical_density,global,equal_cell,86916,-1.5112494178688558,12.060484947214396,23.771599906028037,60.0
2010,hidden_cells_latitude_cap,-1,5000,19,historical_density,global,spherical_cell_area,86916,-1.2120143289953815,11.704391564812823,22.83105029401062,60.0
2010,hidden_cells_latitude_cap,-1,5000,19,historical_density,south_of_60n,equal_cell,86916,-1.5112494178688558,12.060484947214396,23.771599906028037,60.0
2010,hidden_cells_latitude_cap,-1,5000,19,historical_density,south_of_60n,spherical_cell_area,86916,-1.2120143289953815,11.704391564812823,22.83105029401062,60.0
2010,hidden_cells_latitude_cap,-1,5000,19,spatial_coverage,global,equal_cell,86916,0.2436305417432625,9.923021445038897,18.187177625749648,60.0
2010,hidden_cells_latitude_cap,-1,5000,19,spatial_coverage,global,spherical_cell_area,86916,0.3558836447248188,9.76743078541255,17.744658939547538,60.0
2010,hidden_cells_latitude_cap,-1,5000,19,spatial_coverage,south_of_60n,equal_cell,86916,0.2436305417432625,9.923021445038897,18.187177625749648,60.0
2010,hidden_cells_latitude_cap,-1,5000,19,spatial_coverage,south_of_60n,spherical_cell_area,86916,0.3558836447248188,9.76743078541255,17.744658939547538,60.0
2010,whole_blocks_latitude_cap,0,5000,0,random,global,equal_cell,85236,0.7877796827213058,11.914204041892743,22.92910426116284,60.0
2010,whole_blocks_latitude_cap,0,5000,0,random,global,spherical_cell_area,85236,1.1450741257715649,11.608810805926272,22.820953671337737,60.0
2010,whole_blocks_latitude_cap,0,5000,0,random,south_of_60n,equal_cell,85236,0.7877796827213058,11.914204041892743,22.92910426116284,60.0
2010,whole_blocks_latitude_cap,0,5000,0,random,south_of_60n,spherical_cell_area,85236,1.1450741257715649,11.608810805926272,22.820953671337737,60.0
2010,whole_blocks_latitude_cap,0,5000,0,historical_density,global,equal_cell,85236,0.2383917767620532,14.564540418568354,24.65586697050305,60.0
2010,whole_blocks_latitude_cap,0,5000,0,historical_density,global,spherical_cell_area,85236,0.7785053496263952,14.287059614639883,24.58910512592921,60.0
2010,whole_blocks_latitude_cap,0,5000,0,historical_density,south_of_60n,equal_cell,85236,0.2383917767620532,14.564540418568354,24.65586697050305,60.0
2010,whole_blocks_latitude_cap,0,5000,0,historical_density,south_of_60n,spherical_cell_area,85236,0.7785053496263952,14.287059614639883,24.58910512592921,60.0
2010,whole_blocks_latitude_cap,0,5000,0,spatial_coverage,global,equal_cell,85236,0.5653054474267398,11.969484444891012,19.40803400164442,60.0
2010,whole_blocks_latitude_cap,0,5000,0,spatial_coverage,global,spherical_cell_area,85236,0.7522497196251612,11.662404944754764,19.335541975240016,60.0
2010,whole_blocks_latitude_cap,0,5000,0,spatial_coverage,south_of_60n,equal_cell,85236,0.5653054474267398,11.969484444891012,19.40803400164442,60.0
2010,whole_blocks_latitude_cap,0,5000,0,spatial_coverage,south_of_60n,spherical_cell_area,85236,0.7522497196251612,11.662404944754764,19.335541975240016,60.0
2010,whole_blocks_latitude_cap,0,5000,1,random,global,equal_cell,85236,0.6700707095321472,12.203182351961804,23.093199290427147,60.0
2010,whole_blocks_latitude_cap,0,5000,1,random,global,spherical_cell_area,85236,0.8914777069146748,11.873216301090556,22.880653917939537,60.0
2010,whole_blocks_latitude_cap,0,5000,1,random,south_of_60n,equal_cell,85236,0.6700707095321472,12.203182351961804,23.093199290427147,60.0
2010,whole_blocks_latitude_cap,0,5000,1,random,south_of_60n,spherical_cell_area,85236,0.8914777069146748,11.873216301090556,22.880653917939537,60.0
2010,whole_blocks_latitude_cap,0,5000,1,historical_density,global,equal_cell,85236,-0.324013233042445,13.898960560872696,23.732274339366008,60.0
2010,whole_blocks_latitude_cap,0,5000,1,historical_density,global,spherical_cell_area,85236,0.1005607489001308,13.527989309572025,23.59657924153837,60.0
2010,whole_blocks_latitude_cap,0,5000,1,historical_density,south_of_60n,equal_cell,85236,-0.324013233042445,13.898960560872696,23.732274339366008,60.0
2010,whole_blocks_latitude_cap,0,5000,1,historical_density,south_of_60n,spherical_cell_area,85236,0.1005607489001308,13.527989309572025,23.59657924153837,60.0
2010,whole_blocks_latitude_cap,0,5000,1,spatial_coverage,global,equal_cell,85236,1.6332138969937886,11.99764152332262,19.26683382175577,60.0
2010,whole_blocks_latitude_cap,0,5000,1,spatial_coverage,global,spherical_cell_area,85236,1.8846116368514487,11.8272139151746,19.35901662801709,60.0
2010,whole_blocks_latitude_cap,0,5000,1,spatial_coverage,south_of_60n,equal_cell,85236,1.6332138969937886,11.99764152332262,19.26683382175577,60.0
2010,whole_blocks_latitude_cap,0,5000,1,spatial_coverage,south_of_60n,spherical_cell_area,85236,1.8846116368514487,11.8272139151746,19.35901662801709,60.0
2010,whole_blocks_latitude_cap,0,5000,2,random,global,equal_cell,85236,0.7346313485181812,11.783542344006683,22.824742051022252,60.0
2010,whole_blocks_latitude_cap,0,5000,2,random,global,spherical_cell_area,85236,0.8003729607573099,11.465590949819363,22.590773396073622,60.0
2010,whole_blocks_latitude_cap,0,5000,2,random,south_of_60n,equal_cell,85236,0.7346313485181812,11.783542344006683,22.824742051022252,60.0
2010,whole_blocks_latitude_cap,0,5000,2,random,south_of_60n,spherical_cell_area,85236,0.8003729607573099,11.465590949819363,22.590773396073622,60.0
2010,whole_blocks_latitude_cap,0,5000,2,historical_density,global,equal_cell,85236,-0.39913976856343,13.50006074606583,22.69136843946476,60.0
2010,whole_blocks_latitude_cap,0,5000,2,historical_density,global,spherical_cell_area,85236,0.0087561070376805,13.09391851214511,22.478297906136525,60.0
2010,whole_blocks_latitude_cap,0,5000,2,historical_density,south_of_60n,equal_cell,85236,-0.39913976856343,13.50006074606583,22.69136843946476,60.0
2010,whole_blocks_latitude_cap,0,5000,2,historical_density,south_of_60n,spherical_cell_area,85236,0.0087561070376805,13.09391851214511,22.478297906136525,60.0
2010,whole_blocks_latitude_cap,0,5000,2,spatial_coverage,global,equal_cell,85236,0.9948579089065404,12.005306605285332,19.97241707885032,60.0
2010,whole_blocks_latitude_cap,0,5000,2,spatial_coverage,global,spherical_cell_area,85236,1.3263331362575572,11.81757981096846,19.941094356978745,60.0
2010,whole_blocks_latitude_cap,0,5000,2,spatial_coverage,south_of_60n,equal_cell,85236,0.9948579089065404,12.005306605285332,19.97241707885032,60.0
2010,whole_blocks_latitude_cap,0,5000,2,spatial_coverage,south_of_60n,spherical_cell_area,85236,1.3263331362575572,11.81757981096846,19.941094356978745,60.0
2010,whole_blocks_latitude_cap,0,5000,3,random,global,equal_cell,85236,1.5388503405072482,12.26885136561725,22.660585852131486,60.0
2010,whole_blocks_latitude_cap,0,5000,3,random,global,spherical_cell_area,85236,1.7187216214953291,11.951394441101243,22.53618135877979,60.0
2010,whole_blocks_latitude_cap,0,5000,3,random,south_of_60n,equal_cell,85236,1.5388503405072482,12.26885136561725,22.660585852131486,60.0
2010,whole_blocks_latitude_cap,0,5000,3,random,south_of_60n,spherical_cell_area,85236,1.7187216214953291,11.951394441101243,22.53618135877979,60.0
2010,whole_blocks_latitude_cap,0,5000,3,historical_density,global,equal_cell,85236,0.1536759194641688,14.073747517816011,23.81818818812196,60.0
2010,whole_blocks_latitude_cap,0,5000,3,historical_density,global,spherical_cell_area,85236,0.5957523614825829,13.794318968632416,23.76923618236486,60.0
2010,whole_blocks_latitude_cap,0,5000,3,historical_density,south_of_60n,equal_cell,85236,0.1536759194641688,14.073747517816011,23.81818818812196,60.0
2010,whole_blocks_latitude_cap,0,5000,3,historical_density,south_of_60n,spherical_cell_area,85236,0.5957523614825829,13.794318968632416,23.76923618236486,60.0
2010,whole_blocks_latitude_cap,0,5000,3,spatial_coverage,global,equal_cell,85236,0.5388529961157559,12.195082135475252,19.664046742320107,60.0
2010,whole_blocks_latitude_cap,0,5000,3,spatial_coverage,global,spherical_cell_area,85236,0.8326335320928576,11.891142967375751,19.55725601657613,60.0
2010,whole_blocks_latitude_cap,0,5000,3,spatial_coverage,south_of_60n,equal_cell,85236,0.5388529961157559,12.195082135475252,19.664046742320107,60.0
2010,whole_blocks_latitude_cap,0,5000,3,spatial_coverage,south_of_60n,spherical_cell_area,85236,0.8326335320928576,11.891142967375751,19.55725601657613,60.0
2010,whole_blocks_latitude_cap,0,5000,4,random,global,equal_cell,85236,1.4603920673787076,12.09201529294679,23.689349832697616,60.0
2010,whole_blocks_latitude_cap,0,5000,4,random,global,spherical_cell_area,85236,1.5336940004056854,11.74098847521092,23.439438432079434,60.0
2010,whole_blocks_latitude_cap,0,5000,4,random,south_of_60n,equal_cell,85236,1.4603920673787076,12.09201529294679,23.689349832697616,60.0
2010,whole_blocks_latitude_cap,0,5000,4,random,south_of_60n,spherical_cell_area,85236,1.5336940004056854,11.74098847521092,23.439438432079434,60.0
2010,whole_blocks_latitude_cap,0,5000,4,historical_density,global,equal_cell,85236,-0.0535849887462044,13.801137400056756,22.811168779327403,60.0
2010,whole_blocks_latitude_cap,0,5000,4,historical_density,global,spherical_cell_area,85236,0.3291478806819748,13.3619288027814,22.53802427787584,60.0
2010,whole_blocks_latitude_cap,0,5000,4,historical_density,south_of_60n,equal_cell,85236,-0.0535849887462044,13.801137400056756,22.811168779327403,60.0
2010,whole_blocks_latitude_cap,0,5000,4,historical_density,south_of_60n,spherical_cell_area,85236,0.3291478806819748,13.3619288027814,22.53802427787584,60.0
2010,whole_blocks_latitude_cap,0,5000,4,spatial_coverage,global,equal_cell,85236,0.5575739320667737,12.06656097587826,19.408337741708184,60.0
2010,whole_blocks_latitude_cap,0,5000,4,spatial_coverage,global,spherical_cell_area,85236,0.7858003136258055,11.885604041796531,19.40500034590236,60.0
2010,whole_blocks_latitude_cap,0,5000,4,spatial_coverage,south_of_60n,equal_cell,85236,0.5575739320667737,12.06656097587826,19.408337741708184,60.0
2010,whole_blocks_latitude_cap,0,5000,4,spatial_coverage,south_of_60n,spherical_cell_area,85236,0.7858003136258055,11.885604041796531,19.40500034590236,60.0
2010,whole_blocks_latitude_cap,0,5000,5,random,global,equal_cell,85236,1.0419179085715504,11.597412641470411,22.49776071531507,60.0
2010,whole_blocks_latitude_cap,0,5000,5,random,global,spherical_cell_area,85236,1.1148655213379253,11.234816680023547,22.233581582020022,60.0
2010,whole_blocks_latitude_cap,0,5000,5,random,south_of_60n,equal_cell,85236,1.0419179085715504,11.597412641470411,22.49776071531507,60.0
2010,whole_blocks_latitude_cap,0,5000,5,random,south_of_60n,spherical_cell_area,85236,1.1148655213379253,11.234816680023547,22.233581582020022,60.0
2010,whole_blocks_latitude_cap,0,5000,5,historical_density,global,equal_cell,85236,0.0831427304572558,13.60430863804612,22.397923259015247,60.0
2010,whole_blocks_latitude_cap,0,5000,5,historical_density,global,spherical_cell_area,85236,0.5723963084176317,13.229298614719577,22.285290131297906,60.0
2010,whole_blocks_latitude_cap,0,5000,5,historical_density,south_of_60n,equal_cell,85236,0.0831427304572558,13.60430863804612,22.397923259015247,60.0
2010,whole_blocks_latitude_cap,0,5000,5,historical_density,south_of_60n,spherical_cell_area,85236,0.5723963084176317,13.229298614719577,22.285290131297906,60.0
2010,whole_blocks_latitude_cap,0,5000,5,spatial_coverage,global,equal_cell,85236,0.7711974130566229,11.789154300584926,19.363837536028488,60.0
2010,whole_blocks_latitude_cap,0,5000,5,spatial_coverage,global,spherical_cell_area,85236,0.9866019638699124,11.501839442035616,19.3308957833337,60.0
2010,whole_blocks_latitude_cap,0,5000,5,spatial_coverage,south_of_60n,equal_cell,85236,0.7711974130566229,11.789154300584926,19.363837536028488,60.0
2010,whole_blocks_latitude_cap,0,5000,5,spatial_coverage,south_of_60n,spherical_cell_area,85236,0.9866019638699124,11.501839442035616,19.3308957833337,60.0
2010,whole_blocks_latitude_cap,0,5000,6,random,global,equal_cell,85236,0.5667716062619061,11.69432558000291,22.01607949552525,60.0
2010,whole_blocks_latitude_cap,0,5000,6,random,global,spherical_cell_area,85236,0.8696638384757307,11.389331214602295,21.718230003177972,60.0
2010,whole_blocks_latitude_cap,0,5000,6,random,south_of_60n,equal_cell,85236,0.5667716062619061,11.69432558000291,22.01607949552525,60.0
2010,whole_blocks_latitude_cap,0,5000,6,random,south_of_60n,spherical_cell_area,85236,0.8696638384757307,11.389331214602295,21.718230003177972,60.0
2010,whole_blocks_latitude_cap,0,5000,6,historical_density,global,equal_cell,85236,0.2154138050762344,13.642708985137876,22.423256348865237,60.0
2010,whole_blocks_latitude_cap,0,5000,6,historical_density,global,spherical_cell_area,85236,0.7212140447327634,13.264768773635998,22.293617523923427,60.0
2010,whole_blocks_latitude_cap,0,5000,6,historical_density,south_of_60n,equal_cell,85236,0.2154138050762344,13.642708985137876,22.423256348865237,60.0
2010,whole_blocks_latitude_cap,0,5000,6,historical_density,south_of_60n,spherical_cell_area,85236,0.7212140447327634,13.264768773635998,22.293617523923427,60.0
2010,whole_blocks_latitude_cap,0,5000,6,spatial_coverage,global,equal_cell,85236,1.0046000875597072,12.338291311334174,21.673135779718688,60.0
2010,whole_blocks_latitude_cap,0,5000,6,spatial_coverage,global,spherical_cell_area,85236,1.088921685695624,11.95082059989588,21.39468991158564,60.0
2010,whole_blocks_latitude_cap,0,5000,6,spatial_coverage,south_of_60n,equal_cell,85236,1.0046000875597072,12.338291311334174,21.673135779718688,60.0
2010,whole_blocks_latitude_cap,0,5000,6,spatial_coverage,south_of_60n,spherical_cell_area,85236,1.088921685695624,11.95082059989588,21.39468991158564,60.0
2010,whole_blocks_latitude_cap,0,5000,7,random,global,equal_cell,85236,1.2895062440117957,13.051388742447593,27.5860975621067,60.0
2010,whole_blocks_latitude_cap,0,5000,7,random,global,spherical_cell_area,85236,1.4628768088053363,12.78271685189439,27.371123769186475,60.0
2010,whole_blocks_latitude_cap,0,5000,7,random,south_of_60n,equal_cell,85236,1.2895062440117957,13.051388742447593,27.5860975621067,60.0
2010,whole_blocks_latitude_cap,0,5000,7,random,south_of_60n,spherical_cell_area,85236,1.4628768088053363,12.78271685189439,27.371123769186475,60.0
2010,whole_blocks_latitude_cap,0,5000,7,historical_density,global,equal_cell,85236,0.6802673962129548,13.950246316376376,23.59671470486504,60.0
2010,whole_blocks_latitude_cap,0,5000,7,historical_density,global,spherical_cell_area,85236,0.983043759009363,13.58769994811056,23.482982967789827,60.0
2010,whole_blocks_latitude_cap,0,5000,7,historical_density,south_of_60n,equal_cell,85236,0.6802673962129548,13.950246316376376,23.59671470486504,60.0
2010,whole_blocks_latitude_cap,0,5000,7,historical_density,south_of_60n,spherical_cell_area,85236,0.983043759009363,13.58769994811056,23.482982967789827,60.0
2010,whole_blocks_latitude_cap,0,5000,7,spatial_coverage,global,equal_cell,85236,1.2886907205992308,12.2767284378077,19.72527542314112,60.0
2010,whole_blocks_latitude_cap,0,5000,7,spatial_coverage,global,spherical_cell_area,85236,1.6303801973301173,12.066146708748162,19.76623164611845,60.0
2010,whole_blocks_latitude_cap,0,5000,7,spatial_coverage,south_of_60n,equal_cell,85236,1.2886907205992308,12.2767284378077,19.72527542314112,60.0
2010,whole_blocks_latitude_cap,0,5000,7,spatial_coverage,south_of_60n,spherical_cell_area,85236,1.6303801973301173,12.066146708748162,19.76623164611845,60.0
2010,whole_blocks_latitude_cap,0,5000,8,random,global,equal_cell,85236,0.7294125753606158,12.19240661100454,23.93434403669236,60.0
2010,whole_blocks_latitude_cap,0,5000,8,random,global,spherical_cell_area,85236,0.7645174963846902,11.86546054216348,23.71593744640199,60.0
2010,whole_blocks_latitude_cap,0,5000,8,random,south_of_60n,equal_cell,85236,0.7294125753606158,12.19240661100454,23.93434403669236,60.0
2010,whole_blocks_latitude_cap,0,5000,8,random,south_of_60n,spherical_cell_area,85236,0.7645174963846902,11.86546054216348,23.71593744640199,60.0
2010,whole_blocks_latitude_cap,0,5000,8,historical_density,global,equal_cell,85236,0.3585349716184251,13.259943840623055,22.36793289190486,60.0
2010,whole_blocks_latitude_cap,0,5000,8,historical_density,global,spherical_cell_area,85236,0.7378357188583822,12.917271144816938,22.20393728030613,60.0
2010,whole_blocks_latitude_cap,0,5000,8,historical_density,south_of_60n,equal_cell,85236,0.3585349716184251,13.259943840623055,22.36793289190486,60.0
2010,whole_blocks_latitude_cap,0,5000,8,historical_density,south_of_60n,spherical_cell_area,85236,0.7378357188583822,12.917271144816938,22.20393728030613,60.0
2010,whole_blocks_latitude_cap,0,5000,8,spatial_coverage,global,equal_cell,85236,0.2166754904763171,11.5621903906418,18.649546981027537,60.0
2010,whole_blocks_latitude_cap,0,5000,8,spatial_coverage,global,spherical_cell_area,85236,0.4795811802718573,11.314485912431577,18.64538810584076,60.0
2010,whole_blocks_latitude_cap,0,5000,8,spatial_coverage,south_of_60n,equal_cell,85236,0.2166754904763171,11.5621903906418,18.649546981027537,60.0
2010,whole_blocks_latitude_cap,0,5000,8,spatial_coverage,south_of_60n,spherical_cell_area,85236,0.4795811802718573,11.314485912431577,18.64538810584076,60.0
2010,whole_blocks_latitude_cap,0,5000,9,random,global,equal_cell,85236,0.7100332004477651,11.713455416991154,22.35957641990338,60.0
2010,whole_blocks_latitude_cap,0,5000,9,random,global,spherical_cell_area,85236,0.8688137102443855,11.338277867718134,22.015396792230067,60.0
2010,whole_blocks_latitude_cap,0,5000,9,random,south_of_60n,equal_cell,85236,0.7100332004477651,11.713455416991154,22.35957641990338,60.0
2010,whole_blocks_latitude_cap,0,5000,9,random,south_of_60n,spherical_cell_area,85236,0.8688137102443855,11.338277867718134,22.015396792230067,60.0
2010,whole_blocks_latitude_cap,0,5000,9,historical_density,global,equal_cell,85236,1.1819460704924014,13.312187541616806,23.165254985129437,60.0
2010,whole_blocks_latitude_cap,0,5000,9,historical_density,global,spherical_cell_area,85236,1.5242629286029332,12.970246528481985,23.11817151496105,60.0
2010,whole_blocks_latitude_cap,0,5000,9,historical_density,south_of_60n,equal_cell,85236,1.1819460704924014,13.312187541616806,23.165254985129437,60.0
2010,whole_blocks_latitude_cap,0,5000,9,historical_density,south_of_60n,spherical_cell_area,85236,1.5242629286029332,12.970246528481985,23.11817151496105,60.0
2010,whole_blocks_latitude_cap,0,5000,9,spatial_coverage,global,equal_cell,85236,0.6209370687629728,11.979823909371888,19.917757573962334,60.0
2010,whole_blocks_latitude_cap,0,5000,9,spatial_coverage,global,spherical_cell_area,85236,0.8160203446757531,11.67779684036441,19.82737987125445,60.0
2010,whole_blocks_latitude_cap,0,5000,9,spatial_coverage,south_of_60n,equal_cell,85236,0.6209370687629728,11.979823909371888,19.917757573962334,60.0
2010,whole_blocks_latitude_cap,0,5000,9,spatial_coverage,south_of_60n,spherical_cell_area,85236,0.8160203446757531,11.67779684036441,19.82737987125445,60.0
2010,whole_blocks_latitude_cap,0,5000,10,random,global,equal_cell,85236,0.7031523092591335,12.35507084729394,23.989098097868563,60.0
2010,whole_blocks_latitude_cap,0,5000,10,random,global,spherical_cell_area,85236,0.9038735822568892,11.947269109682184,23.58761336508892,60.0
2010,whole_blocks_latitude_cap,0,5000,10,random,south_of_60n,equal_cell,85236,0.7031523092591335,12.35507084729394,23.989098097868563,60.0
2010,whole_blocks_latitude_cap,0,5000,10,random,south_of_60n,spherical_cell_area,85236,0.9038735822568892,11.947269109682184,23.58761336508892,60.0
2010,whole_blocks_latitude_cap,0,5000,10,historical_density,global,equal_cell,85236,-0.7197350244684478,13.748244809025048,22.922003567002093,60.0
2010,whole_blocks_latitude_cap,0,5000,10,historical_density,global,spherical_cell_area,85236,-0.2162093897676893,13.39480708881288,22.77616423682281,60.0
2010,whole_blocks_latitude_cap,0,5000,10,historical_density,south_of_60n,equal_cell,85236,-0.7197350244684478,13.748244809025048,22.922003567002093,60.0
2010,whole_blocks_latitude_cap,0,5000,10,historical_density,south_of_60n,spherical_cell_area,85236,-0.2162093897676893,13.39480708881288,22.77616423682281,60.0
2010,whole_blocks_latitude_cap,0,5000,10,spatial_coverage,global,equal_cell,85236,0.709230910791178,11.79658999232789,19.123295289297975,60.0
2010,whole_blocks_latitude_cap,0,5000,10,spatial_coverage,global,spherical_cell_area,85236,1.0716239032757031,11.466131561786083,19.019892868173773,60.0
2010,whole_blocks_latitude_cap,0,5000,10,spatial_coverage,south_of_60n,equal_cell,85236,0.709230910791178,11.79658999232789,19.123295289297975,60.0
2010,whole_blocks_latitude_cap,0,5000,10,spatial_coverage,south_of_60n,spherical_cell_area,85236,1.0716239032757031,11.466131561786083,19.019892868173773,60.0
2010,whole_blocks_latitude_cap,0,5000,11,random,global,equal_cell,85236,0.3015976461204877,10.95058819607164,20.82336753867932,60.0
2010,whole_blocks_latitude_cap,0,5000,11,random,global,spherical_cell_area,85236,0.4773835374330276,10.55000346546305,20.589283030803195,60.0
2010,whole_blocks_latitude_cap,0,5000,11,random,south_of_60n,equal_cell,85236,0.3015976461204877,10.95058819607164,20.82336753867932,60.0
2010,whole_blocks_latitude_cap,0,5000,11,random,south_of_60n,spherical_cell_area,85236,0.4773835374330276,10.55000346546305,20.589283030803195,60.0
2010,whole_blocks_latitude_cap,0,5000,11,historical_density,global,equal_cell,85236,-0.6494146984700768,13.929719229610203,23.46069904362824,60.0
2010,whole_blocks_latitude_cap,0,5000,11,historical_density,global,spherical_cell_area,85236,-0.0998198848505968,13.55472686851093,23.226894366755893,60.0
2010,whole_blocks_latitude_cap,0,5000,11,historical_density,south_of_60n,equal_cell,85236,-0.6494146984700768,13.929719229610203,23.46069904362824,60.0
2010,whole_blocks_latitude_cap,0,5000,11,historical_density,south_of_60n,spherical_cell_area,85236,-0.0998198848505968,13.55472686851093,23.226894366755893,60.0
2010,whole_blocks_latitude_cap,0,5000,11,spatial_coverage,global,equal_cell,85236,1.18960174561634,11.928672445048102,19.85570782876111,60.0
2010,whole_blocks_latitude_cap,0,5000,11,spatial_coverage,global,spherical_cell_area,85236,1.5024213058752134,11.8113367193229,19.983773370769256,60.0
2010,whole_blocks_latitude_cap,0,5000,11,spatial_coverage,south_of_60n,equal_cell,85236,1.18960174561634,11.928672445048102,19.85570782876111,60.0
2010,whole_blocks_latitude_cap,0,5000,11,spatial_coverage,south_of_60n,spherical_cell_area,85236,1.5024213058752134,11.8113367193229,19.983773370769256,60.0
2010,whole_blocks_latitude_cap,0,5000,12,random,global,equal_cell,85236,0.7777807643520968,12.01453360764974,22.676977926932807,60.0
2010,whole_blocks_latitude_cap,0,5000,12,random,global,spherical_cell_area,85236,0.9037223574639722,11.711723670117548,22.54490504110258,60.0
2010,whole_blocks_latitude_cap,0,5000,12,random,south_of_60n,equal_cell,85236,0.7777807643520968,12.01453360764974,22.676977926932807,60.0
2010,whole_blocks_latitude_cap,0,5000,12,random,south_of_60n,spherical_cell_area,85236,0.9037223574639722,11.711723670117548,22.54490504110258,60.0
2010,whole_blocks_latitude_cap,0,5000,12,historical_density,global,equal_cell,85236,0.5284712916748275,14.151622653065187,24.171826908528157,60.0
2010,whole_blocks_latitude_cap,0,5000,12,historical_density,global,spherical_cell_area,85236,0.9650172519311376,13.877692488084293,24.14893414806233,60.0
2010,whole_blocks_latitude_cap,0,5000,12,historical_density,south_of_60n,equal_cell,85236,0.5284712916748275,14.151622653065187,24.171826908528157,60.0
2010,whole_blocks_latitude_cap,0,5000,12,historical_density,south_of_60n,spherical_cell_area,85236,0.9650172519311376,13.877692488084293,24.14893414806233,60.0
2010,whole_blocks_latitude_cap,0,5000,12,spatial_coverage,global,equal_cell,85236,0.9392662654053324,12.111258972939211,20.85344724686321,60.0
2010,whole_blocks_latitude_cap,0,5000,12,spatial_coverage,global,spherical_cell_area,85236,1.1984239228196882,11.807063862643318,20.784125613690016,60.0
2010,whole_blocks_latitude_cap,0,5000,12,spatial_coverage,south_of_60n,equal_cell,85236,0.9392662654053324,12.111258972939211,20.85344724686321,60.0
2010,whole_blocks_latitude_cap,0,5000,12,spatial_coverage,south_of_60n,spherical_cell_area,85236,1.1984239228196882,11.807063862643318,20.784125613690016,60.0
2010,whole_blocks_latitude_cap,0,5000,13,random,global,equal_cell,85236,1.3444321259976262,12.319299050512148,23.51160466040126,60.0
2010,whole_blocks_latitude_cap,0,5000,13,random,global,spherical_cell_area,85236,1.6342167116050652,12.050861283987889,23.23858023632428,60.0
2010,whole_blocks_latitude_cap,0,5000,13,random,south_of_60n,equal_cell,85236,1.3444321259976262,12.319299050512148,23.51160466040126,60.0
2010,whole_blocks_latitude_cap,0,5000,13,random,south_of_60n,spherical_cell_area,85236,1.6342167116050652,12.050861283987889,23.23858023632428,60.0
2010,whole_blocks_latitude_cap,0,5000,13,historical_density,global,equal_cell,85236,0.0607879544545365,13.471676302736558,22.984077309581423,60.0
2010,whole_blocks_latitude_cap,0,5000,13,historical_density,global,spherical_cell_area,85236,0.5948282952048568,13.125396005846673,22.85138469682499,60.0
2010,whole_blocks_latitude_cap,0,5000,13,historical_density,south_of_60n,equal_cell,85236,0.0607879544545365,13.471676302736558,22.984077309581423,60.0
2010,whole_blocks_latitude_cap,0,5000,13,historical_density,south_of_60n,spherical_cell_area,85236,0.5948282952048568,13.125396005846673,22.85138469682499,60.0
2010,whole_blocks_latitude_cap,0,5000,13,spatial_coverage,global,equal_cell,85236,1.1861936584243786,11.723513955573653,19.35475465714109,60.0
2010,whole_blocks_latitude_cap,0,5000,13,spatial_coverage,global,spherical_cell_area,85236,1.6214539836164996,11.538981446410956,19.41306047438624,60.0
2010,whole_blocks_latitude_cap,0,5000,13,spatial_coverage,south_of_60n,equal_cell,85236,1.1861936584243786,11.723513955573653,19.35475465714109,60.0
2010,whole_blocks_latitude_cap,0,5000,13,spatial_coverage,south_of_60n,spherical_cell_area,85236,1.6214539836164996,11.538981446410956,19.41306047438624,60.0
2010,whole_blocks_latitude_cap,0,5000,14,random,global,equal_cell,85236,1.19310308174032,12.142422352791575,22.807159802427496,60.0
2010,whole_blocks_latitude_cap,0,5000,14,random,global,spherical_cell_area,85236,1.2617076504855766,11.86625595161914,22.533246512610077,60.0
2010,whole_blocks_latitude_cap,0,5000,14,random,south_of_60n,equal_cell,85236,1.19310308174032,12.142422352791575,22.807159802427496,60.0
2010,whole_blocks_latitude_cap,0,5000,14,random,south_of_60n,spherical_cell_area,85236,1.2617076504855766,11.86625595161914,22.533246512610077,60.0
2010,whole_blocks_latitude_cap,0,5000,14,historical_density,global,equal_cell,85236,-0.2053983323283128,13.893695329818684,23.22826675232803,60.0
2010,whole_blocks_latitude_cap,0,5000,14,historical_density,global,spherical_cell_area,85236,0.2984783140152673,13.539572395034323,23.176976281361465,60.0
2010,whole_blocks_latitude_cap,0,5000,14,historical_density,south_of_60n,equal_cell,85236,-0.2053983323283128,13.893695329818684,23.22826675232803,60.0
2010,whole_blocks_latitude_cap,0,5000,14,historical_density,south_of_60n,spherical_cell_area,85236,0.2984783140152673,13.539572395034323,23.176976281361465,60.0
2010,whole_blocks_latitude_cap,0,5000,14,spatial_coverage,global,equal_cell,85236,1.2192986726043813,12.035009898644878,20.45191565635873,60.0
2010,whole_blocks_latitude_cap,0,5000,14,spatial_coverage,global,spherical_cell_area,85236,1.4344911057058625,11.730840072441016,20.274103680530573,60.0
2010,whole_blocks_latitude_cap,0,5000,14,spatial_coverage,south_of_60n,equal_cell,85236,1.2192986726043813,12.035009898644878,20.45191565635873,60.0
2010,whole_blocks_latitude_cap,0,5000,14,spatial_coverage,south_of_60n,spherical_cell_area,85236,1.4344911057058625,11.730840072441016,20.274103680530573,60.0
2010,whole_blocks_latitude_cap,0,5000,15,random,global,equal_cell,85236,1.242956977655964,11.983016633594817,21.7602121748042,60.0
2010,whole_blocks_latitude_cap,0,5000,15,random,global,spherical_cell_area,85236,1.634034465751512,11.729687929622385,21.63596397951678,60.0
2010,whole_blocks_latitude_cap,0,5000,15,random,south_of_60n,equal_cell,85236,1.242956977655964,11.983016633594817,21.7602121748042,60.0
2010,whole_blocks_latitude_cap,0,5000,15,random,south_of_60n,spherical_cell_area,85236,1.634034465751512,11.729687929622385,21.63596397951678,60.0
2010,whole_blocks_latitude_cap,0,5000,15,historical_density,global,equal_cell,85236,0.7132101603952156,13.750476491344145,22.787221591638133,60.0
2010,whole_blocks_latitude_cap,0,5000,15,historical_density,global,spherical_cell_area,85236,1.3060925471317926,13.44133071878668,22.698329551133885,60.0
2010,whole_blocks_latitude_cap,0,5000,15,historical_density,south_of_60n,equal_cell,85236,0.7132101603952156,13.750476491344145,22.787221591638133,60.0
2010,whole_blocks_latitude_cap,0,5000,15,historical_density,south_of_60n,spherical_cell_area,85236,1.3060925471317926,13.44133071878668,22.698329551133885,60.0
2010,whole_blocks_latitude_cap,0,5000,15,spatial_coverage,global,equal_cell,85236,0.3461380243216136,12.861250276117447,20.94185697832239,60.0
2010,whole_blocks_latitude_cap,0,5000,15,spatial_coverage,global,spherical_cell_area,85236,0.7322812419573521,12.403088776276864,20.576868584117022,60.0
2010,whole_blocks_latitude_cap,0,5000,15,spatial_coverage,south_of_60n,equal_cell,85236,0.3461380243216136,12.861250276117447,20.94185697832239,60.0
2010,whole_blocks_latitude_cap,0,5000,15,spatial_coverage,south_of_60n,spherical_cell_area,85236,0.7322812419573521,12.403088776276864,20.576868584117022,60.0
2010,whole_blocks_latitude_cap,0,5000,16,random,global,equal_cell,85236,1.185045831069604,12.298195848167534,22.527019624335527,60.0
2010,whole_blocks_latitude_cap,0,5000,16,random,global,spherical_cell_area,85236,1.4190325289689187,11.975827838282374,22.309303057463413,60.0
2010,whole_blocks_latitude_cap,0,5000,16,random,south_of_60n,equal_cell,85236,1.185045831069604,12.298195848167534,22.527019624335527,60.0
2010,whole_blocks_latitude_cap,0,5000,16,random,south_of_60n,spherical_cell_area,85236,1.4190325289689187,11.975827838282374,22.309303057463413,60.0
2010,whole_blocks_latitude_cap,0,5000,16,historical_density,global,equal_cell,85236,-0.0982269597021674,14.061886159744038,23.90385477966278,60.0
2010,whole_blocks_latitude_cap,0,5000,16,historical_density,global,spherical_cell_area,85236,0.2077095406949727,13.74004264507139,23.796271888055458,60.0
2010,whole_blocks_latitude_cap,0,5000,16,historical_density,south_of_60n,equal_cell,85236,-0.0982269597021674,14.061886159744038,23.90385477966278,60.0
2010,whole_blocks_latitude_cap,0,5000,16,historical_density,south_of_60n,spherical_cell_area,85236,0.2077095406949727,13.74004264507139,23.796271888055458,60.0
2010,whole_blocks_latitude_cap,0,5000,16,spatial_coverage,global,equal_cell,85236,1.2270648309984589,12.030308082064025,21.39444584509817,60.0
2010,whole_blocks_latitude_cap,0,5000,16,spatial_coverage,global,spherical_cell_area,85236,1.6307340053283008,11.829828985651137,21.465101371253013,60.0
2010,whole_blocks_latitude_cap,0,5000,16,spatial_coverage,south_of_60n,equal_cell,85236,1.2270648309984589,12.030308082064025,21.39444584509817,60.0
2010,whole_blocks_latitude_cap,0,5000,16,spatial_coverage,south_of_60n,spherical_cell_area,85236,1.6307340053283008,11.829828985651137,21.465101371253013,60.0
2010,whole_blocks_latitude_cap,0,5000,17,random,global,equal_cell,85236,1.7928291094374924,12.689819644408807,26.959952025263515,60.0
2010,whole_blocks_latitude_cap,0,5000,17,random,global,spherical_cell_area,85236,2.030257414861201,12.303800296243134,26.375174854304216,60.0
2010,whole_blocks_latitude_cap,0,5000,17,random,south_of_60n,equal_cell,85236,1.7928291094374924,12.689819644408807,26.959952025263515,60.0
2010,whole_blocks_latitude_cap,0,5000,17,random,south_of_60n,spherical_cell_area,85236,2.030257414861201,12.303800296243134,26.375174854304216,60.0
2010,whole_blocks_latitude_cap,0,5000,17,historical_density,global,equal_cell,85236,0.3113793891179182,13.953256858283078,22.87009372168657,60.0
2010,whole_blocks_latitude_cap,0,5000,17,historical_density,global,spherical_cell_area,85236,0.8489054724233768,13.621075322594546,22.748403195897648,60.0
2010,whole_blocks_latitude_cap,0,5000,17,historical_density,south_of_60n,equal_cell,85236,0.3113793891179182,13.953256858283078,22.87009372168657,60.0
2010,whole_blocks_latitude_cap,0,5000,17,historical_density,south_of_60n,spherical_cell_area,85236,0.8489054724233768,13.621075322594546,22.748403195897648,60.0
2010,whole_blocks_latitude_cap,0,5000,17,spatial_coverage,global,equal_cell,85236,0.923228809565142,12.05583088411699,19.776796501349505,60.0
2010,whole_blocks_latitude_cap,0,5000,17,spatial_coverage,global,spherical_cell_area,85236,1.250233492419648,11.861526158910744,19.797595838866236,60.0
2010,whole_blocks_latitude_cap,0,5000,17,spatial_coverage,south_of_60n,equal_cell,85236,0.923228809565142,12.05583088411699,19.776796501349505,60.0
2010,whole_blocks_latitude_cap,0,5000,17,spatial_coverage,south_of_60n,spherical_cell_area,85236,1.250233492419648,11.861526158910744,19.797595838866236,60.0
2010,whole_blocks_latitude_cap,0,5000,18,random,global,equal_cell,85236,1.332196786070579,11.95773147820371,22.55545753598701,60.0
2010,whole_blocks_latitude_cap,0,5000,18,random,global,spherical_cell_area,85236,1.4544370161536144,11.678241157449142,22.39199762547672,60.0
2010,whole_blocks_latitude_cap,0,5000,18,random,south_of_60n,equal_cell,85236,1.332196786070579,11.95773147820371,22.55545753598701,60.0
2010,whole_blocks_latitude_cap,0,5000,18,random,south_of_60n,spherical_cell_area,85236,1.4544370161536144,11.678241157449142,22.39199762547672,60.0
2010,whole_blocks_latitude_cap,0,5000,18,historical_density,global,equal_cell,85236,-0.1672489020846191,13.86055343704351,22.88088737641575,60.0
2010,whole_blocks_latitude_cap,0,5000,18,historical_density,global,spherical_cell_area,85236,0.0808895090999195,13.532753708827077,22.751860082369188,60.0
2010,whole_blocks_latitude_cap,0,5000,18,historical_density,south_of_60n,equal_cell,85236,-0.1672489020846191,13.86055343704351,22.88088737641575,60.0
2010,whole_blocks_latitude_cap,0,5000,18,historical_density,south_of_60n,spherical_cell_area,85236,0.0808895090999195,13.532753708827077,22.751860082369188,60.0
2010,whole_blocks_latitude_cap,0,5000,18,spatial_coverage,global,equal_cell,85236,1.017392150585467,12.63272127592962,20.642885533225268,60.0
2010,whole_blocks_latitude_cap,0,5000,18,spatial_coverage,global,spherical_cell_area,85236,1.1810308191235137,12.370007572071156,20.57061366173537,60.0
2010,whole_blocks_latitude_cap,0,5000,18,spatial_coverage,south_of_60n,equal_cell,85236,1.017392150585467,12.63272127592962,20.642885533225268,60.0
2010,whole_blocks_latitude_cap,0,5000,18,spatial_coverage,south_of_60n,spherical_cell_area,85236,1.1810308191235137,12.370007572071156,20.57061366173537,60.0
2010,whole_blocks_latitude_cap,0,5000,19,random,global,equal_cell,85236,1.2246437812971094,11.90215771654258,22.34615605698496,60.0
2010,whole_blocks_latitude_cap,0,5000,19,random,global,spherical_cell_area,85236,1.331165668830261,11.589938587430485,22.03313280413624,60.0
2010,whole_blocks_latitude_cap,0,5000,19,random,south_of_60n,equal_cell,85236,1.2246437812971094,11.90215771654258,22.34615605698496,60.0
2010,whole_blocks_latitude_cap,0,5000,19,random,south_of_60n,spherical_cell_area,85236,1.331165668830261,11.589938587430485,22.03313280413624,60.0
2010,whole_blocks_latitude_cap,0,5000,19,historical_density,global,equal_cell,85236,-0.1405165465866507,13.905232141316604,23.198790416847466,60.0
2010,whole_blocks_latitude_cap,0,5000,19,historical_density,global,spherical_cell_area,85236,0.3348697995800899,13.534828670124842,23.03829312795441,60.0
2010,whole_blocks_latitude_cap,0,5000,19,historical_density,south_of_60n,equal_cell,85236,-0.1405165465866507,13.905232141316604,23.198790416847466,60.0
2010,whole_blocks_latitude_cap,0,5000,19,historical_density,south_of_60n,spherical_cell_area,85236,0.3348697995800899,13.534828670124842,23.03829312795441,60.0
2010,whole_blocks_latitude_cap,0,5000,19,spatial_coverage,global,equal_cell,85236,1.2627262342635837,11.986027326403851,20.68953008232268,60.0
2010,whole_blocks_latitude_cap,0,5000,19,spatial_coverage,global,spherical_cell_area,85236,1.6444288881798037,11.873499450288252,20.84663824100858,60.0
2010,whole_blocks_latitude_cap,0,5000,19,spatial_coverage,south_of_60n,equal_cell,85236,1.2627262342635837,11.986027326403851,20.68953008232268,60.0
2010,whole_blocks_latitude_cap,0,5000,19,spatial_coverage,south_of_60n,spherical_cell_area,85236,1.6444288881798037,11.873499450288252,20.84663824100858,60.0
2010,whole_blocks_latitude_cap,1,5000,0,random,global,equal_cell,85332,-0.1956698048294357,11.283454665440058,21.63739346253428,60.0
2010,whole_blocks_latitude_cap,1,5000,0,random,global,spherical_cell_area,85332,0.1262123461187295,11.124770327762672,21.15019619894804,60.0
2010,whole_blocks_latitude_cap,1,5000,0,random,south_of_60n,equal_cell,85332,-0.1956698048294357,11.283454665440058,21.63739346253428,60.0
2010,whole_blocks_latitude_cap,1,5000,0,random,south_of_60n,spherical_cell_area,85332,0.1262123461187295,11.124770327762672,21.15019619894804,60.0
2010,whole_blocks_latitude_cap,1,5000,0,historical_density,global,equal_cell,85332,-0.0450584450761082,13.528975027792288,21.40370952821446,60.0
2010,whole_blocks_latitude_cap,1,5000,0,historical_density,global,spherical_cell_area,85332,0.2556146311330296,13.212328218900698,20.934406415044386,60.0
2010,whole_blocks_latitude_cap,1,5000,0,historical_density,south_of_60n,equal_cell,85332,-0.0450584450761082,13.528975027792288,21.40370952821446,60.0
2010,whole_blocks_latitude_cap,1,5000,0,historical_density,south_of_60n,spherical_cell_area,85332,0.2556146311330296,13.212328218900698,20.934406415044386,60.0
2010,whole_blocks_latitude_cap,1,5000,0,spatial_coverage,global,equal_cell,85332,1.200133468680338,10.871571942532858,16.96165801712463,60.0
2010,whole_blocks_latitude_cap,1,5000,0,spatial_coverage,global,spherical_cell_area,85332,1.5340094953860692,10.73286405030792,16.681644883774645,60.0
2010,whole_blocks_latitude_cap,1,5000,0,spatial_coverage,south_of_60n,equal_cell,85332,1.200133468680338,10.871571942532858,16.96165801712463,60.0
2010,whole_blocks_latitude_cap,1,5000,0,spatial_coverage,south_of_60n,spherical_cell_area,85332,1.5340094953860692,10.73286405030792,16.681644883774645,60.0
2010,whole_blocks_latitude_cap,1,5000,1,random,global,equal_cell,85332,-0.6234263063235432,11.961732569795736,26.189875077566946,60.0
2010,whole_blocks_latitude_cap,1,5000,1,random,global,spherical_cell_area,85332,-0.3036817652660722,11.723221391610847,25.482719148659715,60.0
2010,whole_blocks_latitude_cap,1,5000,1,random,south_of_60n,equal_cell,85332,-0.6234263063235432,11.961732569795736,26.189875077566946,60.0
2010,whole_blocks_latitude_cap,1,5000,1,random,south_of_60n,spherical_cell_area,85332,-0.3036817652660722,11.723221391610847,25.482719148659715,60.0
2010,whole_blocks_latitude_cap,1,5000,1,historical_density,global,equal_cell,85332,-1.2430386455566946,13.448870020676011,24.15106799583093,60.0
2010,whole_blocks_latitude_cap,1,5000,1,historical_density,global,spherical_cell_area,85332,-0.9154567930034092,13.078132735536768,23.487275678127773,60.0
2010,whole_blocks_latitude_cap,1,5000,1,historical_density,south_of_60n,equal_cell,85332,-1.2430386455566946,13.448870020676011,24.15106799583093,60.0
2010,whole_blocks_latitude_cap,1,5000,1,historical_density,south_of_60n,spherical_cell_area,85332,-0.9154567930034092,13.078132735536768,23.487275678127773,60.0
2010,whole_blocks_latitude_cap,1,5000,1,spatial_coverage,global,equal_cell,85332,1.7424105336445972,11.35841192130431,16.676703388379256,60.0
2010,whole_blocks_latitude_cap,1,5000,1,spatial_coverage,global,spherical_cell_area,85332,2.2458516007024625,11.288826786296012,16.60051302010275,60.0
2010,whole_blocks_latitude_cap,1,5000,1,spatial_coverage,south_of_60n,equal_cell,85332,1.7424105336445972,11.35841192130431,16.676703388379256,60.0
2010,whole_blocks_latitude_cap,1,5000,1,spatial_coverage,south_of_60n,spherical_cell_area,85332,2.2458516007024625,11.288826786296012,16.60051302010275,60.0
2010,whole_blocks_latitude_cap,1,5000,2,random,global,equal_cell,85332,-0.2069824548031996,11.955131800785432,23.28381181248279,60.0
2010,whole_blocks_latitude_cap,1,5000,2,random,global,spherical_cell_area,85332,0.1472699259506723,11.684949163580546,22.657110278884204,60.0
2010,whole_blocks_latitude_cap,1,5000,2,random,south_of_60n,equal_cell,85332,-0.2069824548031996,11.955131800785432,23.28381181248279,60.0
2010,whole_blocks_latitude_cap,1,5000,2,random,south_of_60n,spherical_cell_area,85332,0.1472699259506723,11.684949163580546,22.657110278884204,60.0
2010,whole_blocks_latitude_cap,1,5000,2,historical_density,global,equal_cell,85332,0.4554637533323971,13.122920084466328,19.337051017098094,60.0
2010,whole_blocks_latitude_cap,1,5000,2,historical_density,global,spherical_cell_area,85332,0.7921846570020934,12.873641585612996,19.115535739289324,60.0
2010,whole_blocks_latitude_cap,1,5000,2,historical_density,south_of_60n,equal_cell,85332,0.4554637533323971,13.122920084466328,19.337051017098094,60.0
2010,whole_blocks_latitude_cap,1,5000,2,historical_density,south_of_60n,spherical_cell_area,85332,0.7921846570020934,12.873641585612996,19.115535739289324,60.0
2010,whole_blocks_latitude_cap,1,5000,2,spatial_coverage,global,equal_cell,85332,0.4565366281829149,12.154634372620997,22.24750590882169,60.0
2010,whole_blocks_latitude_cap,1,5000,2,spatial_coverage,global,spherical_cell_area,85332,0.8397390222032438,11.96430180064295,21.748859960039763,60.0
2010,whole_blocks_latitude_cap,1,5000,2,spatial_coverage,south_of_60n,equal_cell,85332,0.4565366281829149,12.154634372620997,22.24750590882169,60.0
2010,whole_blocks_latitude_cap,1,5000,2,spatial_coverage,south_of_60n,spherical_cell_area,85332,0.8397390222032438,11.96430180064295,21.748859960039763,60.0
2010,whole_blocks_latitude_cap,1,5000,3,random,global,equal_cell,85332,0.8339824343830348,11.900272880610428,22.791862250470228,60.0
2010,whole_blocks_latitude_cap,1,5000,3,random,global,spherical_cell_area,85332,1.0129208899138566,11.67200444746324,22.22333643128192,60.0
2010,whole_blocks_latitude_cap,1,5000,3,random,south_of_60n,equal_cell,85332,0.8339824343830348,11.900272880610428,22.791862250470228,60.0
2010,whole_blocks_latitude_cap,1,5000,3,random,south_of_60n,spherical_cell_area,85332,1.0129208899138566,11.67200444746324,22.22333643128192,60.0
2010,whole_blocks_latitude_cap,1,5000,3,historical_density,global,equal_cell,85332,-0.6352778948000269,13.81507733045321,24.087462214374813,60.0
2010,whole_blocks_latitude_cap,1,5000,3,historical_density,global,spherical_cell_area,85332,-0.4530979519322257,13.438334678896384,23.46788998897316,60.0
2010,whole_blocks_latitude_cap,1,5000,3,historical_density,south_of_60n,equal_cell,85332,-0.6352778948000269,13.81507733045321,24.087462214374813,60.0
2010,whole_blocks_latitude_cap,1,5000,3,historical_density,south_of_60n,spherical_cell_area,85332,-0.4530979519322257,13.438334678896384,23.46788998897316,60.0
2010,whole_blocks_latitude_cap,1,5000,3,spatial_coverage,global,equal_cell,85332,0.0920112575453004,12.20555650784972,21.687678710643024,60.0
2010,whole_blocks_latitude_cap,1,5000,3,spatial_coverage,global,spherical_cell_area,85332,0.5092154540772272,11.968260904671205,21.25046327076615,60.0
2010,whole_blocks_latitude_cap,1,5000,3,spatial_coverage,south_of_60n,equal_cell,85332,0.0920112575453004,12.20555650784972,21.687678710643024,60.0
2010,whole_blocks_latitude_cap,1,5000,3,spatial_coverage,south_of_60n,spherical_cell_area,85332,0.5092154540772272,11.968260904671205,21.25046327076615,60.0
2010,whole_blocks_latitude_cap,1,5000,4,random,global,equal_cell,85332,0.1914008392126543,11.35015600290212,21.016860076317737,60.0
2010,whole_blocks_latitude_cap,1,5000,4,random,global,spherical_cell_area,85332,0.4829379413706207,11.213390756838509,20.578722656123254,60.0
2010,whole_blocks_latitude_cap,1,5000,4,random,south_of_60n,equal_cell,85332,0.1914008392126543,11.35015600290212,21.016860076317737,60.0
2010,whole_blocks_latitude_cap,1,5000,4,random,south_of_60n,spherical_cell_area,85332,0.4829379413706207,11.213390756838509,20.578722656123254,60.0
2010,whole_blocks_latitude_cap,1,5000,4,historical_density,global,equal_cell,85332,0.3810605848849774,12.605616393168336,18.87468053847361,60.0
2010,whole_blocks_latitude_cap,1,5000,4,historical_density,global,spherical_cell_area,85332,0.5612744783118048,12.22599214172597,18.466187024113243,60.0
2010,whole_blocks_latitude_cap,1,5000,4,historical_density,south_of_60n,equal_cell,85332,0.3810605848849774,12.605616393168336,18.87468053847361,60.0
2010,whole_blocks_latitude_cap,1,5000,4,historical_density,south_of_60n,spherical_cell_area,85332,0.5612744783118048,12.22599214172597,18.466187024113243,60.0
2010,whole_blocks_latitude_cap,1,5000,4,spatial_coverage,global,equal_cell,85332,0.5374698629907734,11.781236082726592,19.77596306172271,60.0
2010,whole_blocks_latitude_cap,1,5000,4,spatial_coverage,global,spherical_cell_area,85332,0.9491870371622816,11.646584127100711,19.43025726776022,60.0
2010,whole_blocks_latitude_cap,1,5000,4,spatial_coverage,south_of_60n,equal_cell,85332,0.5374698629907734,11.781236082726592,19.77596306172271,60.0
2010,whole_blocks_latitude_cap,1,5000,4,spatial_coverage,south_of_60n,spherical_cell_area,85332,0.9491870371622816,11.646584127100711,19.43025726776022,60.0
2010,whole_blocks_latitude_cap,1,5000,5,random,global,equal_cell,85332,-0.7077645085284711,12.283702156415858,26.26979559377348,60.0
2010,whole_blocks_latitude_cap,1,5000,5,random,global,spherical_cell_area,85332,-0.3188363297659057,12.062289708698692,25.557937817687137,60.0
2010,whole_blocks_latitude_cap,1,5000,5,random,south_of_60n,equal_cell,85332,-0.7077645085284711,12.283702156415858,26.26979559377348,60.0
2010,whole_blocks_latitude_cap,1,5000,5,random,south_of_60n,spherical_cell_area,85332,-0.3188363297659057,12.062289708698692,25.557937817687137,60.0
2010,whole_blocks_latitude_cap,1,5000,5,historical_density,global,equal_cell,85332,0.7921401618416031,12.743014996937868,19.187240288567647,60.0
2010,whole_blocks_latitude_cap,1,5000,5,historical_density,global,spherical_cell_area,85332,1.1182920914525023,12.391248183891962,18.773866405155456,60.0
2010,whole_blocks_latitude_cap,1,5000,5,historical_density,south_of_60n,equal_cell,85332,0.7921401618416031,12.743014996937868,19.187240288567647,60.0
2010,whole_blocks_latitude_cap,1,5000,5,historical_density,south_of_60n,spherical_cell_area,85332,1.1182920914525023,12.391248183891962,18.773866405155456,60.0
2010,whole_blocks_latitude_cap,1,5000,5,spatial_coverage,global,equal_cell,85332,1.5170927218624608,10.852883188945192,16.480795712271547,60.0
2010,whole_blocks_latitude_cap,1,5000,5,spatial_coverage,global,spherical_cell_area,85332,1.7364584310399265,10.74595396727698,16.28977513300646,60.0
2010,whole_blocks_latitude_cap,1,5000,5,spatial_coverage,south_of_60n,equal_cell,85332,1.5170927218624608,10.852883188945192,16.480795712271547,60.0
2010,whole_blocks_latitude_cap,1,5000,5,spatial_coverage,south_of_60n,spherical_cell_area,85332,1.7364584310399265,10.74595396727698,16.28977513300646,60.0
2010,whole_blocks_latitude_cap,1,5000,6,random,global,equal_cell,85332,1.3893733655046128,10.406491815275608,16.229611849585975,60.0
2010,whole_blocks_latitude_cap,1,5000,6,random,global,spherical_cell_area,85332,1.6680194127704702,10.33127158455084,16.218739086963943,60.0
2010,whole_blocks_latitude_cap,1,5000,6,random,south_of_60n,equal_cell,85332,1.3893733655046128,10.406491815275608,16.229611849585975,60.0
2010,whole_blocks_latitude_cap,1,5000,6,random,south_of_60n,spherical_cell_area,85332,1.6680194127704702,10.33127158455084,16.218739086963943,60.0
2010,whole_blocks_latitude_cap,1,5000,6,historical_density,global,equal_cell,85332,-0.3760603035336354,13.142296067173922,22.554013980189488,60.0
2010,whole_blocks_latitude_cap,1,5000,6,historical_density,global,spherical_cell_area,85332,0.0141782206881099,12.74743392702964,21.95089412008953,60.0
2010,whole_blocks_latitude_cap,1,5000,6,historical_density,south_of_60n,equal_cell,85332,-0.3760603035336354,13.142296067173922,22.554013980189488,60.0
2010,whole_blocks_latitude_cap,1,5000,6,historical_density,south_of_60n,spherical_cell_area,85332,0.0141782206881099,12.74743392702964,21.95089412008953,60.0
2010,whole_blocks_latitude_cap,1,5000,6,spatial_coverage,global,equal_cell,85332,1.7549019339194112,11.190258774860514,16.90648056636826,60.0
2010,whole_blocks_latitude_cap,1,5000,6,spatial_coverage,global,spherical_cell_area,85332,2.063256789655532,11.051561910043352,16.652506005186254,60.0
2010,whole_blocks_latitude_cap,1,5000,6,spatial_coverage,south_of_60n,equal_cell,85332,1.7549019339194112,11.190258774860514,16.90648056636826,60.0
2010,whole_blocks_latitude_cap,1,5000,6,spatial_coverage,south_of_60n,spherical_cell_area,85332,2.063256789655532,11.051561910043352,16.652506005186254,60.0
2010,whole_blocks_latitude_cap,1,5000,7,random,global,equal_cell,85332,0.0188476342604518,11.40957258902962,20.40412366160171,60.0
2010,whole_blocks_latitude_cap,1,5000,7,random,global,spherical_cell_area,85332,0.4130043023487473,11.253516258668055,20.108135392381342,60.0
2010,whole_blocks_latitude_cap,1,5000,7,random,south_of_60n,equal_cell,85332,0.0188476342604518,11.40957258902962,20.40412366160171,60.0
2010,whole_blocks_latitude_cap,1,5000,7,random,south_of_60n,spherical_cell_area,85332,0.4130043023487473,11.253516258668055,20.108135392381342,60.0
2010,whole_blocks_latitude_cap,1,5000,7,historical_density,global,equal_cell,85332,0.7307304851493062,12.552466617228925,18.724361786144023,60.0
2010,whole_blocks_latitude_cap,1,5000,7,historical_density,global,spherical_cell_area,85332,0.9899164362331352,12.175684556278068,18.297371922318185,60.0
2010,whole_blocks_latitude_cap,1,5000,7,historical_density,south_of_60n,equal_cell,85332,0.7307304851493062,12.552466617228925,18.724361786144023,60.0
2010,whole_blocks_latitude_cap,1,5000,7,historical_density,south_of_60n,spherical_cell_area,85332,0.9899164362331352,12.175684556278068,18.297371922318185,60.0
2010,whole_blocks_latitude_cap,1,5000,7,spatial_coverage,global,equal_cell,85332,0.6709399511777997,12.182596934170808,23.451647066625487,60.0
2010,whole_blocks_latitude_cap,1,5000,7,spatial_coverage,global,spherical_cell_area,85332,1.2384530038787651,12.015236334478224,22.8906045207132,60.0
2010,whole_blocks_latitude_cap,1,5000,7,spatial_coverage,south_of_60n,equal_cell,85332,0.6709399511777997,12.182596934170808,23.451647066625487,60.0
2010,whole_blocks_latitude_cap,1,5000,7,spatial_coverage,south_of_60n,spherical_cell_area,85332,1.2384530038787651,12.015236334478224,22.8906045207132,60.0
2010,whole_blocks_latitude_cap,1,5000,8,random,global,equal_cell,85332,-0.9367847407442454,12.19955599658651,25.1933199954016,60.0
2010,whole_blocks_latitude_cap,1,5000,8,random,global,spherical_cell_area,85332,-0.6104998764222812,12.062267052369116,24.675658965330957,60.0
2010,whole_blocks_latitude_cap,1,5000,8,random,south_of_60n,equal_cell,85332,-0.9367847407442454,12.19955599658651,25.1933199954016,60.0
2010,whole_blocks_latitude_cap,1,5000,8,random,south_of_60n,spherical_cell_area,85332,-0.6104998764222812,12.062267052369116,24.675658965330957,60.0
2010,whole_blocks_latitude_cap,1,5000,8,historical_density,global,equal_cell,85332,-0.4093927670470512,13.496839560761718,22.641036903837403,60.0
2010,whole_blocks_latitude_cap,1,5000,8,historical_density,global,spherical_cell_area,85332,-0.2167593552349968,13.14793044050442,22.121196618768927,60.0
2010,whole_blocks_latitude_cap,1,5000,8,historical_density,south_of_60n,equal_cell,85332,-0.4093927670470512,13.496839560761718,22.641036903837403,60.0
2010,whole_blocks_latitude_cap,1,5000,8,historical_density,south_of_60n,spherical_cell_area,85332,-0.2167593552349968,13.14793044050442,22.121196618768927,60.0
2010,whole_blocks_latitude_cap,1,5000,8,spatial_coverage,global,equal_cell,85332,0.3522310166111007,11.732664519382354,20.34355269219506,60.0
2010,whole_blocks_latitude_cap,1,5000,8,spatial_coverage,global,spherical_cell_area,85332,0.8346962060157497,11.593312897448344,19.960158584167814,60.0
2010,whole_blocks_latitude_cap,1,5000,8,spatial_coverage,south_of_60n,equal_cell,85332,0.3522310166111007,11.732664519382354,20.34355269219506,60.0
2010,whole_blocks_latitude_cap,1,5000,8,spatial_coverage,south_of_60n,spherical_cell_area,85332,0.8346962060157497,11.593312897448344,19.960158584167814,60.0
2010,whole_blocks_latitude_cap,1,5000,9,random,global,equal_cell,85332,-0.3514866804725561,11.54441954292276,23.08951405089697,60.0
2010,whole_blocks_latitude_cap,1,5000,9,random,global,spherical_cell_area,85332,0.0198690020195931,11.364872382753283,22.55731877766364,60.0
2010,whole_blocks_latitude_cap,1,5000,9,random,south_of_60n,equal_cell,85332,-0.3514866804725561,11.54441954292276,23.08951405089697,60.0
2010,whole_blocks_latitude_cap,1,5000,9,random,south_of_60n,spherical_cell_area,85332,0.0198690020195931,11.364872382753283,22.55731877766364,60.0
2010,whole_blocks_latitude_cap,1,5000,9,historical_density,global,equal_cell,85332,0.4758083819189194,13.115561336653396,19.45195421185194,60.0
2010,whole_blocks_latitude_cap,1,5000,9,historical_density,global,spherical_cell_area,85332,0.6947325479320378,12.84647533830935,19.149595501229467,60.0
2010,whole_blocks_latitude_cap,1,5000,9,historical_density,south_of_60n,equal_cell,85332,0.4758083819189194,13.115561336653396,19.45195421185194,60.0
2010,whole_blocks_latitude_cap,1,5000,9,historical_density,south_of_60n,spherical_cell_area,85332,0.6947325479320378,12.84647533830935,19.149595501229467,60.0
2010,whole_blocks_latitude_cap,1,5000,9,spatial_coverage,global,equal_cell,85332,0.9430912828958432,11.75941230165057,19.905991960775825,60.0
2010,whole_blocks_latitude_cap,1,5000,9,spatial_coverage,global,spherical_cell_area,85332,1.4074244623924332,11.655295599937658,19.545911397405927,60.0
2010,whole_blocks_latitude_cap,1,5000,9,spatial_coverage,south_of_60n,equal_cell,85332,0.9430912828958432,11.75941230165057,19.905991960775825,60.0
2010,whole_blocks_latitude_cap,1,5000,9,spatial_coverage,south_of_60n,spherical_cell_area,85332,1.4074244623924332,11.655295599937658,19.545911397405927,60.0
2010,whole_blocks_latitude_cap,1,5000,10,random,global,equal_cell,85332,-0.8523709349969326,11.86478308998087,24.44310379520963,60.0
2010,whole_blocks_latitude_cap,1,5000,10,random,global,spherical_cell_area,85332,-0.6595089758898796,11.6270108685822,23.80342940805628,60.0
2010,whole_blocks_latitude_cap,1,5000,10,random,south_of_60n,equal_cell,85332,-0.8523709349969326,11.86478308998087,24.44310379520963,60.0
2010,whole_blocks_latitude_cap,1,5000,10,random,south_of_60n,spherical_cell_area,85332,-0.6595089758898796,11.6270108685822,23.80342940805628,60.0
2010,whole_blocks_latitude_cap,1,5000,10,historical_density,global,equal_cell,85332,0.1670276976342729,13.172185355197785,19.50675330740969,60.0
2010,whole_blocks_latitude_cap,1,5000,10,historical_density,global,spherical_cell_area,85332,0.4829467066105666,12.820139426429815,19.108162822217988,60.0
2010,whole_blocks_latitude_cap,1,5000,10,historical_density,south_of_60n,equal_cell,85332,0.1670276976342729,13.172185355197785,19.50675330740969,60.0
2010,whole_blocks_latitude_cap,1,5000,10,historical_density,south_of_60n,spherical_cell_area,85332,0.4829467066105666,12.820139426429815,19.108162822217988,60.0
2010,whole_blocks_latitude_cap,1,5000,10,spatial_coverage,global,equal_cell,85332,1.2041999871046516,11.01809176621816,17.237142039512474,60.0
2010,whole_blocks_latitude_cap,1,5000,10,spatial_coverage,global,spherical_cell_area,85332,1.6593489227203415,10.93612942815388,17.044136078800538,60.0
2010,whole_blocks_latitude_cap,1,5000,10,spatial_coverage,south_of_60n,equal_cell,85332,1.2041999871046516,11.01809176621816,17.237142039512474,60.0
2010,whole_blocks_latitude_cap,1,5000,10,spatial_coverage,south_of_60n,spherical_cell_area,85332,1.6593489227203415,10.93612942815388,17.044136078800538,60.0
2010,whole_blocks_latitude_cap,1,5000,11,random,global,equal_cell,85332,-1.0265941644658625,12.582943031374713,28.251305189069967,60.0
2010,whole_blocks_latitude_cap,1,5000,11,random,global,spherical_cell_area,85332,-0.5784990912318828,12.243262427105517,27.375167525841448,60.0
2010,whole_blocks_latitude_cap,1,5000,11,random,south_of_60n,equal_cell,85332,-1.0265941644658625,12.582943031374713,28.251305189069967,60.0
2010,whole_blocks_latitude_cap,1,5000,11,random,south_of_60n,spherical_cell_area,85332,-0.5784990912318828,12.243262427105517,27.375167525841448,60.0
2010,whole_blocks_latitude_cap,1,5000,11,historical_density,global,equal_cell,85332,1.5049670888014957,12.657976623893852,18.689287863178897,60.0
2010,whole_blocks_latitude_cap,1,5000,11,historical_density,global,spherical_cell_area,85332,1.9223017023995228,12.407953765354955,18.420365039977145,60.0
2010,whole_blocks_latitude_cap,1,5000,11,historical_density,south_of_60n,equal_cell,85332,1.5049670888014957,12.657976623893852,18.689287863178897,60.0
2010,whole_blocks_latitude_cap,1,5000,11,historical_density,south_of_60n,spherical_cell_area,85332,1.9223017023995228,12.407953765354955,18.420365039977145,60.0
2010,whole_blocks_latitude_cap,1,5000,11,spatial_coverage,global,equal_cell,85332,-0.1197129222658464,12.261423165208424,24.163354886824987,60.0
2010,whole_blocks_latitude_cap,1,5000,11,spatial_coverage,global,spherical_cell_area,85332,0.3444505115172193,12.110695406286448,23.647510094847185,60.0
2010,whole_blocks_latitude_cap,1,5000,11,spatial_coverage,south_of_60n,equal_cell,85332,-0.1197129222658464,12.261423165208424,24.163354886824987,60.0
2010,whole_blocks_latitude_cap,1,5000,11,spatial_coverage,south_of_60n,spherical_cell_area,85332,0.3444505115172193,12.110695406286448,23.647510094847185,60.0
2010,whole_blocks_latitude_cap,1,5000,12,random,global,equal_cell,85332,1.1184561690722636,11.494794773472478,19.209409234022072,60.0
2010,whole_blocks_latitude_cap,1,5000,12,random,global,spherical_cell_area,85332,1.4195886896872802,11.349818257580075,18.9275381714423,60.0
2010,whole_blocks_latitude_cap,1,5000,12,random,south_of_60n,equal_cell,85332,1.1184561690722636,11.494794773472478,19.209409234022072,60.0
2010,whole_blocks_latitude_cap,1,5000,12,random,south_of_60n,spherical_cell_area,85332,1.4195886896872802,11.349818257580075,18.9275381714423,60.0
2010,whole_blocks_latitude_cap,1,5000,12,historical_density,global,equal_cell,85332,0.2558249062667337,13.303759972609472,19.88072874708119,60.0
2010,whole_blocks_latitude_cap,1,5000,12,historical_density,global,spherical_cell_area,85332,0.5165720974734787,13.027512918697909,19.598292872161064,60.0
2010,whole_blocks_latitude_cap,1,5000,12,historical_density,south_of_60n,equal_cell,85332,0.2558249062667337,13.303759972609472,19.88072874708119,60.0
2010,whole_blocks_latitude_cap,1,5000,12,historical_density,south_of_60n,spherical_cell_area,85332,0.5165720974734787,13.027512918697909,19.598292872161064,60.0
2010,whole_blocks_latitude_cap,1,5000,12,spatial_coverage,global,equal_cell,85332,1.1872308673798473,11.800249682238457,18.21233466163508,60.0
2010,whole_blocks_latitude_cap,1,5000,12,spatial_coverage,global,spherical_cell_area,85332,1.6549134535546128,11.729445121945396,18.1480821430614,60.0
2010,whole_blocks_latitude_cap,1,5000,12,spatial_coverage,south_of_60n,equal_cell,85332,1.1872308673798473,11.800249682238457,18.21233466163508,60.0
2010,whole_blocks_latitude_cap,1,5000,12,spatial_coverage,south_of_60n,spherical_cell_area,85332,1.6549134535546128,11.729445121945396,18.1480821430614,60.0
2010,whole_blocks_latitude_cap,1,5000,13,random,global,equal_cell,85332,-1.865436833522484,13.63405190057452,27.72063502101781,60.0
2010,whole_blocks_latitude_cap,1,5000,13,random,global,spherical_cell_area,85332,-1.735442327363802,13.528140346451764,27.391926407615035,60.0
2010,whole_blocks_latitude_cap,1,5000,13,random,south_of_60n,equal_cell,85332,-1.865436833522484,13.63405190057452,27.72063502101781,60.0
2010,whole_blocks_latitude_cap,1,5000,13,random,south_of_60n,spherical_cell_area,85332,-1.735442327363802,13.528140346451764,27.391926407615035,60.0
2010,whole_blocks_latitude_cap,1,5000,13,historical_density,global,equal_cell,85332,0.6224582067460043,13.703530491079109,22.47409942031333,60.0
2010,whole_blocks_latitude_cap,1,5000,13,historical_density,global,spherical_cell_area,85332,0.8805193761142949,13.446785816837082,22.00353584286989,60.0
2010,whole_blocks_latitude_cap,1,5000,13,historical_density,south_of_60n,equal_cell,85332,0.6224582067460043,13.703530491079109,22.47409942031333,60.0
2010,whole_blocks_latitude_cap,1,5000,13,historical_density,south_of_60n,spherical_cell_area,85332,0.8805193761142949,13.446785816837082,22.00353584286989,60.0
2010,whole_blocks_latitude_cap,1,5000,13,spatial_coverage,global,equal_cell,85332,1.3562325800764847,11.031430483399992,16.758737464688128,60.0
2010,whole_blocks_latitude_cap,1,5000,13,spatial_coverage,global,spherical_cell_area,85332,1.762196792836816,10.957873107723398,16.679541213310557,60.0
2010,whole_blocks_latitude_cap,1,5000,13,spatial_coverage,south_of_60n,equal_cell,85332,1.3562325800764847,11.031430483399992,16.758737464688128,60.0
2010,whole_blocks_latitude_cap,1,5000,13,spatial_coverage,south_of_60n,spherical_cell_area,85332,1.762196792836816,10.957873107723398,16.679541213310557,60.0
2010,whole_blocks_latitude_cap,1,5000,14,random,global,equal_cell,85332,-0.3256811558084345,12.0618984292619,26.082831005098093,60.0
2010,whole_blocks_latitude_cap,1,5000,14,random,global,spherical_cell_area,85332,0.0132752105592852,11.896933811828246,25.474601501460924,60.0
2010,whole_blocks_latitude_cap,1,5000,14,random,south_of_60n,equal_cell,85332,-0.3256811558084345,12.0618984292619,26.082831005098093,60.0
2010,whole_blocks_latitude_cap,1,5000,14,random,south_of_60n,spherical_cell_area,85332,0.0132752105592852,11.896933811828246,25.474601501460924,60.0
2010,whole_blocks_latitude_cap,1,5000,14,historical_density,global,equal_cell,85332,0.404231838138957,12.472293118208256,18.84122014040684,60.0
2010,whole_blocks_latitude_cap,1,5000,14,historical_density,global,spherical_cell_area,85332,0.7200517387126231,12.28821629169419,18.68049165069198,60.0
2010,whole_blocks_latitude_cap,1,5000,14,historical_density,south_of_60n,equal_cell,85332,0.404231838138957,12.472293118208256,18.84122014040684,60.0
2010,whole_blocks_latitude_cap,1,5000,14,historical_density,south_of_60n,spherical_cell_area,85332,0.7200517387126231,12.28821629169419,18.68049165069198,60.0
2010,whole_blocks_latitude_cap,1,5000,14,spatial_coverage,global,equal_cell,85332,1.338285336876191,11.04273337412386,16.434826628974417,60.0
2010,whole_blocks_latitude_cap,1,5000,14,spatial_coverage,global,spherical_cell_area,85332,1.7959001387301152,10.956025862952156,16.27581234678927,60.0
2010,whole_blocks_latitude_cap,1,5000,14,spatial_coverage,south_of_60n,equal_cell,85332,1.338285336876191,11.04273337412386,16.434826628974417,60.0
2010,whole_blocks_latitude_cap,1,5000,14,spatial_coverage,south_of_60n,spherical_cell_area,85332,1.7959001387301152,10.956025862952156,16.27581234678927,60.0
2010,whole_blocks_latitude_cap,1,5000,15,random,global,equal_cell,85332,-0.2200749097909752,11.776683263935965,23.034324400875985,60.0
2010,whole_blocks_latitude_cap,1,5000,15,random,global,spherical_cell_area,85332,0.1989141880962699,11.535686610955633,22.416426920257585,60.0
2010,whole_blocks_latitude_cap,1,5000,15,random,south_of_60n,equal_cell,85332,-0.2200749097909752,11.776683263935965,23.034324400875985,60.0
2010,whole_blocks_latitude_cap,1,5000,15,random,south_of_60n,spherical_cell_area,85332,0.1989141880962699,11.535686610955633,22.416426920257585,60.0
2010,whole_blocks_latitude_cap,1,5000,15,historical_density,global,equal_cell,85332,-0.5776039920181274,13.386578947697474,21.18303200395005,60.0
2010,whole_blocks_latitude_cap,1,5000,15,historical_density,global,spherical_cell_area,85332,-0.3388335617574361,13.115301469147974,20.839138004042283,60.0
2010,whole_blocks_latitude_cap,1,5000,15,historical_density,south_of_60n,equal_cell,85332,-0.5776039920181274,13.386578947697474,21.18303200395005,60.0
2010,whole_blocks_latitude_cap,1,5000,15,historical_density,south_of_60n,spherical_cell_area,85332,-0.3388335617574361,13.115301469147974,20.839138004042283,60.0
2010,whole_blocks_latitude_cap,1,5000,15,spatial_coverage,global,equal_cell,85332,0.8660002497905072,11.461203041226868,18.824662919695573,60.0
2010,whole_blocks_latitude_cap,1,5000,15,spatial_coverage,global,spherical_cell_area,85332,1.2569487934824743,11.374207537891715,18.58272685193257,60.0
2010,whole_blocks_latitude_cap,1,5000,15,spatial_coverage,south_of_60n,equal_cell,85332,0.8660002497905072,11.461203041226868,18.824662919695573,60.0
2010,whole_blocks_latitude_cap,1,5000,15,spatial_coverage,south_of_60n,spherical_cell_area,85332,1.2569487934824743,11.374207537891715,18.58272685193257,60.0
2010,whole_blocks_latitude_cap,1,5000,16,random,global,equal_cell,85332,0.5291692069589287,11.369231627372208,20.23930241703029,60.0
2010,whole_blocks_latitude_cap,1,5000,16,random,global,spherical_cell_area,85332,0.7404923647871363,11.17934273044752,19.847899465650958,60.0
2010,whole_blocks_latitude_cap,1,5000,16,random,south_of_60n,equal_cell,85332,0.5291692069589287,11.369231627372208,20.23930241703029,60.0
2010,whole_blocks_latitude_cap,1,5000,16,random,south_of_60n,spherical_cell_area,85332,0.7404923647871363,11.17934273044752,19.847899465650958,60.0
2010,whole_blocks_latitude_cap,1,5000,16,historical_density,global,equal_cell,85332,0.1704032159296664,12.696856328543989,18.833817987800444,60.0
2010,whole_blocks_latitude_cap,1,5000,16,historical_density,global,spherical_cell_area,85332,0.5164246948991928,12.46782334394114,18.552216160936855,60.0
2010,whole_blocks_latitude_cap,1,5000,16,historical_density,south_of_60n,equal_cell,85332,0.1704032159296664,12.696856328543989,18.833817987800444,60.0
2010,whole_blocks_latitude_cap,1,5000,16,historical_density,south_of_60n,spherical_cell_area,85332,0.5164246948991928,12.46782334394114,18.552216160936855,60.0
2010,whole_blocks_latitude_cap,1,5000,16,spatial_coverage,global,equal_cell,85332,1.123773833173818,11.626291427981986,18.04399826154589,60.0
2010,whole_blocks_latitude_cap,1,5000,16,spatial_coverage,global,spherical_cell_area,85332,1.600641505527779,11.458935804657798,17.80383400720434,60.0
2010,whole_blocks_latitude_cap,1,5000,16,spatial_coverage,south_of_60n,equal_cell,85332,1.123773833173818,11.626291427981986,18.04399826154589,60.0
2010,whole_blocks_latitude_cap,1,5000,16,spatial_coverage,south_of_60n,spherical_cell_area,85332,1.600641505527779,11.458935804657798,17.80383400720434,60.0
2010,whole_blocks_latitude_cap,1,5000,17,random,global,equal_cell,85332,-0.4729878981367066,11.846038074924406,24.81859289278047,60.0
2010,whole_blocks_latitude_cap,1,5000,17,random,global,spherical_cell_area,85332,-0.1888543486004345,11.713353721277672,24.33414941631636,60.0
2010,whole_blocks_latitude_cap,1,5000,17,random,south_of_60n,equal_cell,85332,-0.4729878981367066,11.846038074924406,24.81859289278047,60.0
2010,whole_blocks_latitude_cap,1,5000,17,random,south_of_60n,spherical_cell_area,85332,-0.1888543486004345,11.713353721277672,24.33414941631636,60.0
2010,whole_blocks_latitude_cap,1,5000,17,historical_density,global,equal_cell,85332,-0.84153914346986,13.456833870822273,23.47157077937029,60.0
2010,whole_blocks_latitude_cap,1,5000,17,historical_density,global,spherical_cell_area,85332,-0.5636454261209836,13.040374594081143,22.83033075729492,60.0
2010,whole_blocks_latitude_cap,1,5000,17,historical_density,south_of_60n,equal_cell,85332,-0.84153914346986,13.456833870822273,23.47157077937029,60.0
2010,whole_blocks_latitude_cap,1,5000,17,historical_density,south_of_60n,spherical_cell_area,85332,-0.5636454261209836,13.040374594081143,22.83033075729492,60.0
2010,whole_blocks_latitude_cap,1,5000,17,spatial_coverage,global,equal_cell,85332,1.230965327082235,10.982145955769496,17.124809932750303,60.0
2010,whole_blocks_latitude_cap,1,5000,17,spatial_coverage,global,spherical_cell_area,85332,1.593669993816137,10.804202728541906,16.904453789597778,60.0
2010,whole_blocks_latitude_cap,1,5000,17,spatial_coverage,south_of_60n,equal_cell,85332,1.230965327082235,10.982145955769496,17.124809932750303,60.0
2010,whole_blocks_latitude_cap,1,5000,17,spatial_coverage,south_of_60n,spherical_cell_area,85332,1.593669993816137,10.804202728541906,16.904453789597778,60.0
2010,whole_blocks_latitude_cap,1,5000,18,random,global,equal_cell,85332,-0.5049397428199309,12.031210770158818,25.99443559431344,60.0
2010,whole_blocks_latitude_cap,1,5000,18,random,global,spherical_cell_area,85332,-0.1943559707548867,11.790025120613535,25.261409940492232,60.0
2010,whole_blocks_latitude_cap,1,5000,18,random,south_of_60n,equal_cell,85332,-0.5049397428199309,12.031210770158818,25.99443559431344,60.0
2010,whole_blocks_latitude_cap,1,5000,18,random,south_of_60n,spherical_cell_area,85332,-0.1943559707548867,11.790025120613535,25.261409940492232,60.0
2010,whole_blocks_latitude_cap,1,5000,18,historical_density,global,equal_cell,85332,-1.1254959243839158,13.912258975606026,23.47928444615887,60.0
2010,whole_blocks_latitude_cap,1,5000,18,historical_density,global,spherical_cell_area,85332,-0.8360186966449272,13.56199261980274,22.945881982160497,60.0
2010,whole_blocks_latitude_cap,1,5000,18,historical_density,south_of_60n,equal_cell,85332,-1.1254959243839158,13.912258975606026,23.47928444615887,60.0
2010,whole_blocks_latitude_cap,1,5000,18,historical_density,south_of_60n,spherical_cell_area,85332,-0.8360186966449272,13.56199261980274,22.945881982160497,60.0
2010,whole_blocks_latitude_cap,1,5000,18,spatial_coverage,global,equal_cell,85332,1.3645598033528008,11.266406250132912,17.241391898055635,60.0
2010,whole_blocks_latitude_cap,1,5000,18,spatial_coverage,global,spherical_cell_area,85332,1.6328331215814822,11.172652919490234,17.086053802734902,60.0
2010,whole_blocks_latitude_cap,1,5000,18,spatial_coverage,south_of_60n,equal_cell,85332,1.3645598033528008,11.266406250132912,17.241391898055635,60.0
2010,whole_blocks_latitude_cap,1,5000,18,spatial_coverage,south_of_60n,spherical_cell_area,85332,1.6328331215814822,11.172652919490234,17.086053802734902,60.0
2010,whole_blocks_latitude_cap,1,5000,19,random,global,equal_cell,85332,0.2429723865187355,11.713956465285436,22.218237382159344,60.0
2010,whole_blocks_latitude_cap,1,5000,19,random,global,spherical_cell_area,85332,0.5067547741354149,11.557296419787926,21.80786173273277,60.0
2010,whole_blocks_latitude_cap,1,5000,19,random,south_of_60n,equal_cell,85332,0.2429723865187355,11.713956465285436,22.218237382159344,60.0
2010,whole_blocks_latitude_cap,1,5000,19,random,south_of_60n,spherical_cell_area,85332,0.5067547741354149,11.557296419787926,21.80786173273277,60.0
2010,whole_blocks_latitude_cap,1,5000,19,historical_density,global,equal_cell,85332,-0.7896955959367145,13.266855013067298,21.1491893718766,60.0
2010,whole_blocks_latitude_cap,1,5000,19,historical_density,global,spherical_cell_area,85332,-0.5790775975445049,12.94875303004683,20.728308800605117,60.0
2010,whole_blocks_latitude_cap,1,5000,19,historical_density,south_of_60n,equal_cell,85332,-0.7896955959367145,13.266855013067298,21.1491893718766,60.0
2010,whole_blocks_latitude_cap,1,5000,19,historical_density,south_of_60n,spherical_cell_area,85332,-0.5790775975445049,12.94875303004683,20.728308800605117,60.0
2010,whole_blocks_latitude_cap,1,5000,19,spatial_coverage,global,equal_cell,85332,0.4655891038049876,11.331535868071551,18.45949011382353,60.0
2010,whole_blocks_latitude_cap,1,5000,19,spatial_coverage,global,spherical_cell_area,85332,0.9023278111568545,11.210426073574824,18.153786539266303,60.0
2010,whole_blocks_latitude_cap,1,5000,19,spatial_coverage,south_of_60n,equal_cell,85332,0.4655891038049876,11.331535868071551,18.45949011382353,60.0
2010,whole_blocks_latitude_cap,1,5000,19,spatial_coverage,south_of_60n,spherical_cell_area,85332,0.9023278111568545,11.210426073574824,18.153786539266303,60.0
2010,whole_blocks_latitude_cap,2,5000,0,random,global,equal_cell,85920,1.690606911175447,13.562932876613262,35.03205206055394,60.0
2010,whole_blocks_latitude_cap,2,5000,0,random,global,spherical_cell_area,85920,1.3623607289151445,12.661341219913464,32.555637145560524,60.0
2010,whole_blocks_latitude_cap,2,5000,0,random,south_of_60n,equal_cell,85920,1.690606911175447,13.562932876613262,35.03205206055394,60.0
2010,whole_blocks_latitude_cap,2,5000,0,random,south_of_60n,spherical_cell_area,85920,1.3623607289151445,12.661341219913464,32.555637145560524,60.0
2010,whole_blocks_latitude_cap,2,5000,0,historical_density,global,equal_cell,85920,-1.4056196153816036,15.732308855411045,33.42015863262647,60.0
2010,whole_blocks_latitude_cap,2,5000,0,historical_density,global,spherical_cell_area,85920,-0.2978000177320609,15.235446613843092,32.06506268115259,60.0
2010,whole_blocks_latitude_cap,2,5000,0,historical_density,south_of_60n,equal_cell,85920,-1.4056196153816036,15.732308855411045,33.42015863262647,60.0
2010,whole_blocks_latitude_cap,2,5000,0,historical_density,south_of_60n,spherical_cell_area,85920,-0.2978000177320609,15.235446613843092,32.06506268115259,60.0
2010,whole_blocks_latitude_cap,2,5000,0,spatial_coverage,global,equal_cell,85920,0.2997851071527173,12.953897014836048,29.260227397440374,60.0
2010,whole_blocks_latitude_cap,2,5000,0,spatial_coverage,global,spherical_cell_area,85920,0.5340004435537979,12.427841909560245,27.852576280537868,60.0
2010,whole_blocks_latitude_cap,2,5000,0,spatial_coverage,south_of_60n,equal_cell,85920,0.2997851071527173,12.953897014836048,29.260227397440374,60.0
2010,whole_blocks_latitude_cap,2,5000,0,spatial_coverage,south_of_60n,spherical_cell_area,85920,0.5340004435537979,12.427841909560245,27.852576280537868,60.0
2010,whole_blocks_latitude_cap,2,5000,1,random,global,equal_cell,85920,1.0954206395941108,12.624200003022482,29.21866715907572,60.0
2010,whole_blocks_latitude_cap,2,5000,1,random,global,spherical_cell_area,85920,1.2839987946161568,12.227708379826828,28.18768482530863,60.0
2010,whole_blocks_latitude_cap,2,5000,1,random,south_of_60n,equal_cell,85920,1.0954206395941108,12.624200003022482,29.21866715907572,60.0
2010,whole_blocks_latitude_cap,2,5000,1,random,south_of_60n,spherical_cell_area,85920,1.2839987946161568,12.227708379826828,28.18768482530863,60.0
2010,whole_blocks_latitude_cap,2,5000,1,historical_density,global,equal_cell,85920,-2.244849959282991,15.04308378926192,34.66662659684804,60.0
2010,whole_blocks_latitude_cap,2,5000,1,historical_density,global,spherical_cell_area,85920,-1.0696458664649575,14.367374716969213,32.608535607380226,60.0
2010,whole_blocks_latitude_cap,2,5000,1,historical_density,south_of_60n,equal_cell,85920,-2.244849959282991,15.04308378926192,34.66662659684804,60.0
2010,whole_blocks_latitude_cap,2,5000,1,historical_density,south_of_60n,spherical_cell_area,85920,-1.0696458664649575,14.367374716969213,32.608535607380226,60.0
2010,whole_blocks_latitude_cap,2,5000,1,spatial_coverage,global,equal_cell,85920,2.5746335345297724,14.680007850164218,45.26219696565401,60.0
2010,whole_blocks_latitude_cap,2,5000,1,spatial_coverage,global,spherical_cell_area,85920,2.499066365989381,13.87731245081653,42.84250927822482,60.0
2010,whole_blocks_latitude_cap,2,5000,1,spatial_coverage,south_of_60n,equal_cell,85920,2.5746335345297724,14.680007850164218,45.26219696565401,60.0
2010,whole_blocks_latitude_cap,2,5000,1,spatial_coverage,south_of_60n,spherical_cell_area,85920,2.499066365989381,13.87731245081653,42.84250927822482,60.0
2010,whole_blocks_latitude_cap,2,5000,2,random,global,equal_cell,85920,-1.263359676616082,12.26621094955158,29.56774983100656,60.0
2010,whole_blocks_latitude_cap,2,5000,2,random,global,spherical_cell_area,85920,-0.7656527248043957,11.779772594468527,28.34215004419387,60.0
2010,whole_blocks_latitude_cap,2,5000,2,random,south_of_60n,equal_cell,85920,-1.263359676616082,12.26621094955158,29.56774983100656,60.0
2010,whole_blocks_latitude_cap,2,5000,2,random,south_of_60n,spherical_cell_area,85920,-0.7656527248043957,11.779772594468527,28.34215004419387,60.0
2010,whole_blocks_latitude_cap,2,5000,2,historical_density,global,equal_cell,85920,-1.2609154959856244,15.552709124306986,33.807563120408574,60.0
2010,whole_blocks_latitude_cap,2,5000,2,historical_density,global,spherical_cell_area,85920,-0.2156415667921509,14.982625885048888,32.10124831649093,60.0
2010,whole_blocks_latitude_cap,2,5000,2,historical_density,south_of_60n,equal_cell,85920,-1.2609154959856244,15.552709124306986,33.807563120408574,60.0
2010,whole_blocks_latitude_cap,2,5000,2,historical_density,south_of_60n,spherical_cell_area,85920,-0.2156415667921509,14.982625885048888,32.10124831649093,60.0
2010,whole_blocks_latitude_cap,2,5000,2,spatial_coverage,global,equal_cell,85920,-1.253203343911225,11.621718026905024,26.10079065455135,60.0
2010,whole_blocks_latitude_cap,2,5000,2,spatial_coverage,global,spherical_cell_area,85920,-0.6813718184117277,11.380804691223515,25.744328014364903,60.0
2010,whole_blocks_latitude_cap,2,5000,2,spatial_coverage,south_of_60n,equal_cell,85920,-1.253203343911225,11.621718026905024,26.10079065455135,60.0
2010,whole_blocks_latitude_cap,2,5000,2,spatial_coverage,south_of_60n,spherical_cell_area,85920,-0.6813718184117277,11.380804691223515,25.744328014364903,60.0
2010,whole_blocks_latitude_cap,2,5000,3,random,global,equal_cell,85920,-0.590605978078597,13.00050462799834,29.829221060472072,60.0
2010,whole_blocks_latitude_cap,2,5000,3,random,global,spherical_cell_area,85920,-0.2632935948541965,12.534986397447833,28.79544438192024,60.0
2010,whole_blocks_latitude_cap,2,5000,3,random,south_of_60n,equal_cell,85920,-0.590605978078597,13.00050462799834,29.829221060472072,60.0
2010,whole_blocks_latitude_cap,2,5000,3,random,south_of_60n,spherical_cell_area,85920,-0.2632935948541965,12.534986397447833,28.79544438192024,60.0
2010,whole_blocks_latitude_cap,2,5000,3,historical_density,global,equal_cell,85920,-0.0206177217654216,14.826486614741263,32.104091900358284,60.0
2010,whole_blocks_latitude_cap,2,5000,3,historical_density,global,spherical_cell_area,85920,0.7528768892536809,14.396120247203246,31.183234696911875,60.0
2010,whole_blocks_latitude_cap,2,5000,3,historical_density,south_of_60n,equal_cell,85920,-0.0206177217654216,14.826486614741263,32.104091900358284,60.0
2010,whole_blocks_latitude_cap,2,5000,3,historical_density,south_of_60n,spherical_cell_area,85920,0.7528768892536809,14.396120247203246,31.183234696911875,60.0
2010,whole_blocks_latitude_cap,2,5000,3,spatial_coverage,global,equal_cell,85920,-1.6834347003895282,11.60355441734628,26.12373599061329,60.0
2010,whole_blocks_latitude_cap,2,5000,3,spatial_coverage,global,spherical_cell_area,85920,-1.1751988302293492,11.360126871534224,25.628671584362696,60.0
2010,whole_blocks_latitude_cap,2,5000,3,spatial_coverage,south_of_60n,equal_cell,85920,-1.6834347003895282,11.60355441734628,26.12373599061329,60.0
2010,whole_blocks_latitude_cap,2,5000,3,spatial_coverage,south_of_60n,spherical_cell_area,85920,-1.1751988302293492,11.360126871534224,25.628671584362696,60.0
2010,whole_blocks_latitude_cap,2,5000,4,random,global,equal_cell,85920,-0.2331574976642096,12.483288348338624,29.29612897665961,60.0
2010,whole_blocks_latitude_cap,2,5000,4,random,global,spherical_cell_area,85920,0.0998007970280268,12.011899421151282,28.350962300150755,60.0
2010,whole_blocks_latitude_cap,2,5000,4,random,south_of_60n,equal_cell,85920,-0.2331574976642096,12.483288348338624,29.29612897665961,60.0
2010,whole_blocks_latitude_cap,2,5000,4,random,south_of_60n,spherical_cell_area,85920,0.0998007970280268,12.011899421151282,28.350962300150755,60.0
2010,whole_blocks_latitude_cap,2,5000,4,historical_density,global,equal_cell,85920,-2.873273439661992,15.475669790304805,34.81501721420241,60.0
2010,whole_blocks_latitude_cap,2,5000,4,historical_density,global,spherical_cell_area,85920,-1.8705094913145603,14.772070361757882,32.80193069028682,60.0
2010,whole_blocks_latitude_cap,2,5000,4,historical_density,south_of_60n,equal_cell,85920,-2.873273439661992,15.475669790304805,34.81501721420241,60.0
2010,whole_blocks_latitude_cap,2,5000,4,historical_density,south_of_60n,spherical_cell_area,85920,-1.8705094913145603,14.772070361757882,32.80193069028682,60.0
2010,whole_blocks_latitude_cap,2,5000,4,spatial_coverage,global,equal_cell,85920,-0.2139620320860661,11.630879605381,24.400269373302415,60.0
2010,whole_blocks_latitude_cap,2,5000,4,spatial_coverage,global,spherical_cell_area,85920,0.0819518414321437,11.416676942332757,24.316384630979247,60.0
2010,whole_blocks_latitude_cap,2,5000,4,spatial_coverage,south_of_60n,equal_cell,85920,-0.2139620320860661,11.630879605381,24.400269373302415,60.0
2010,whole_blocks_latitude_cap,2,5000,4,spatial_coverage,south_of_60n,spherical_cell_area,85920,0.0819518414321437,11.416676942332757,24.316384630979247,60.0
2010,whole_blocks_latitude_cap,2,5000,5,random,global,equal_cell,85920,0.729924125271399,12.720668020109704,30.058197060208705,60.0
2010,whole_blocks_latitude_cap,2,5000,5,random,global,spherical_cell_area,85920,1.1167590115388857,12.27929131629682,28.924712871303477,60.0
2010,whole_blocks_latitude_cap,2,5000,5,random,south_of_60n,equal_cell,85920,0.729924125271399,12.720668020109704,30.058197060208705,60.0
2010,whole_blocks_latitude_cap,2,5000,5,random,south_of_60n,spherical_cell_area,85920,1.1167590115388857,12.27929131629682,28.924712871303477,60.0
2010,whole_blocks_latitude_cap,2,5000,5,historical_density,global,equal_cell,85920,-1.4364496639371584,15.364143464057252,32.99474059385217,60.0
2010,whole_blocks_latitude_cap,2,5000,5,historical_density,global,spherical_cell_area,85920,-0.3997189582553438,14.80097085943875,31.533017973214644,60.0
2010,whole_blocks_latitude_cap,2,5000,5,historical_density,south_of_60n,equal_cell,85920,-1.4364496639371584,15.364143464057252,32.99474059385217,60.0
2010,whole_blocks_latitude_cap,2,5000,5,historical_density,south_of_60n,spherical_cell_area,85920,-0.3997189582553438,14.80097085943875,31.533017973214644,60.0
2010,whole_blocks_latitude_cap,2,5000,5,spatial_coverage,global,equal_cell,85920,0.2073681856733165,12.200243157847783,26.05911738357582,60.0
2010,whole_blocks_latitude_cap,2,5000,5,spatial_coverage,global,spherical_cell_area,85920,0.3991947716160347,11.756582279413715,25.30665250812886,60.0
2010,whole_blocks_latitude_cap,2,5000,5,spatial_coverage,south_of_60n,equal_cell,85920,0.2073681856733165,12.200243157847783,26.05911738357582,60.0
2010,whole_blocks_latitude_cap,2,5000,5,spatial_coverage,south_of_60n,spherical_cell_area,85920,0.3991947716160347,11.756582279413715,25.30665250812886,60.0
2010,whole_blocks_latitude_cap,2,5000,6,random,global,equal_cell,85920,1.2766766413317463,12.53693345052156,30.046526993082004,60.0
2010,whole_blocks_latitude_cap,2,5000,6,random,global,spherical_cell_area,85920,1.2439255280318529,12.120093383116949,28.97738545204985,60.0
2010,whole_blocks_latitude_cap,2,5000,6,random,south_of_60n,equal_cell,85920,1.2766766413317463,12.53693345052156,30.046526993082004,60.0
2010,whole_blocks_latitude_cap,2,5000,6,random,south_of_60n,spherical_cell_area,85920,1.2439255280318529,12.120093383116949,28.97738545204985,60.0
2010,whole_blocks_latitude_cap,2,5000,6,historical_density,global,equal_cell,85920,-2.260587560303209,15.231467416864117,35.84114873159799,60.0
2010,whole_blocks_latitude_cap,2,5000,6,historical_density,global,spherical_cell_area,85920,-1.0132401451440822,14.566042328421515,33.50177961377236,60.0
2010,whole_blocks_latitude_cap,2,5000,6,historical_density,south_of_60n,equal_cell,85920,-2.260587560303209,15.231467416864117,35.84114873159799,60.0
2010,whole_blocks_latitude_cap,2,5000,6,historical_density,south_of_60n,spherical_cell_area,85920,-1.0132401451440822,14.566042328421515,33.50177961377236,60.0
2010,whole_blocks_latitude_cap,2,5000,6,spatial_coverage,global,equal_cell,85920,-0.8640470044476158,12.027134615290322,25.156430476948696,60.0
2010,whole_blocks_latitude_cap,2,5000,6,spatial_coverage,global,spherical_cell_area,85920,-0.5611361062452969,11.756612486135769,24.85025286073544,60.0
2010,whole_blocks_latitude_cap,2,5000,6,spatial_coverage,south_of_60n,equal_cell,85920,-0.8640470044476158,12.027134615290322,25.156430476948696,60.0
2010,whole_blocks_latitude_cap,2,5000,6,spatial_coverage,south_of_60n,spherical_cell_area,85920,-0.5611361062452969,11.756612486135769,24.85025286073544,60.0
2010,whole_blocks_latitude_cap,2,5000,7,random,global,equal_cell,85920,-1.6461611790846749,12.817974639927128,31.18529745561204,60.0
2010,whole_blocks_latitude_cap,2,5000,7,random,global,spherical_cell_area,85920,-1.0503844672825278,12.150837928070768,29.46024890870449,60.0
2010,whole_blocks_latitude_cap,2,5000,7,random,south_of_60n,equal_cell,85920,-1.6461611790846749,12.817974639927128,31.18529745561204,60.0
2010,whole_blocks_latitude_cap,2,5000,7,random,south_of_60n,spherical_cell_area,85920,-1.0503844672825278,12.150837928070768,29.46024890870449,60.0
2010,whole_blocks_latitude_cap,2,5000,7,historical_density,global,equal_cell,85920,-2.8546548211029084,15.501231242444714,36.272166954671015,60.0
2010,whole_blocks_latitude_cap,2,5000,7,historical_density,global,spherical_cell_area,85920,-1.661558911797268,14.808302373007033,33.860075288049735,60.0
2010,whole_blocks_latitude_cap,2,5000,7,historical_density,south_of_60n,equal_cell,85920,-2.8546548211029084,15.501231242444714,36.272166954671015,60.0
2010,whole_blocks_latitude_cap,2,5000,7,historical_density,south_of_60n,spherical_cell_area,85920,-1.661558911797268,14.808302373007033,33.860075288049735,60.0
2010,whole_blocks_latitude_cap,2,5000,7,spatial_coverage,global,equal_cell,85920,-0.8924857089426058,11.921335267527834,25.358708617171622,60.0
2010,whole_blocks_latitude_cap,2,5000,7,spatial_coverage,global,spherical_cell_area,85920,-0.3519006419329809,11.611958552761852,24.86456463763219,60.0
2010,whole_blocks_latitude_cap,2,5000,7,spatial_coverage,south_of_60n,equal_cell,85920,-0.8924857089426058,11.921335267527834,25.358708617171622,60.0
2010,whole_blocks_latitude_cap,2,5000,7,spatial_coverage,south_of_60n,spherical_cell_area,85920,-0.3519006419329809,11.611958552761852,24.86456463763219,60.0
2010,whole_blocks_latitude_cap,2,5000,8,random,global,equal_cell,85920,-1.0519545896366913,11.708672975996947,27.997225836599554,60.0
2010,whole_blocks_latitude_cap,2,5000,8,random,global,spherical_cell_area,85920,-0.6998250731017089,11.40539745841811,26.955031592910267,60.0
2010,whole_blocks_latitude_cap,2,5000,8,random,south_of_60n,equal_cell,85920,-1.0519545896366913,11.708672975996947,27.997225836599554,60.0
2010,whole_blocks_latitude_cap,2,5000,8,random,south_of_60n,spherical_cell_area,85920,-0.6998250731017089,11.40539745841811,26.955031592910267,60.0
2010,whole_blocks_latitude_cap,2,5000,8,historical_density,global,equal_cell,85920,-2.4435257821116405,15.45541551479868,33.75629087350235,60.0
2010,whole_blocks_latitude_cap,2,5000,8,historical_density,global,spherical_cell_area,85920,-1.4137627259077024,14.839056103157787,32.069320757766604,60.0
2010,whole_blocks_latitude_cap,2,5000,8,historical_density,south_of_60n,equal_cell,85920,-2.4435257821116405,15.45541551479868,33.75629087350235,60.0
2010,whole_blocks_latitude_cap,2,5000,8,historical_density,south_of_60n,spherical_cell_area,85920,-1.4137627259077024,14.839056103157787,32.069320757766604,60.0
2010,whole_blocks_latitude_cap,2,5000,8,spatial_coverage,global,equal_cell,85920,-0.3346002487006853,12.8771915334705,30.428984711895307,60.0
2010,whole_blocks_latitude_cap,2,5000,8,spatial_coverage,global,spherical_cell_area,85920,-0.1142787501786776,12.276629625330944,28.59607511891476,60.0
2010,whole_blocks_latitude_cap,2,5000,8,spatial_coverage,south_of_60n,equal_cell,85920,-0.3346002487006853,12.8771915334705,30.428984711895307,60.0
2010,whole_blocks_latitude_cap,2,5000,8,spatial_coverage,south_of_60n,spherical_cell_area,85920,-0.1142787501786776,12.276629625330944,28.59607511891476,60.0
2010,whole_blocks_latitude_cap,2,5000,9,random,global,equal_cell,85920,3.003571832721716,14.406398859017395,41.38439202027853,60.0
2010,whole_blocks_latitude_cap,2,5000,9,random,global,spherical_cell_area,85920,2.877162401729221,13.639900415790557,38.30889199488751,60.0
2010,whole_blocks_latitude_cap,2,5000,9,random,south_of_60n,equal_cell,85920,3.003571832721716,14.406398859017395,41.38439202027853,60.0
2010,whole_blocks_latitude_cap,2,5000,9,random,south_of_60n,spherical_cell_area,85920,2.877162401729221,13.639900415790557,38.30889199488751,60.0
2010,whole_blocks_latitude_cap,2,5000,9,historical_density,global,equal_cell,85920,-1.5433881581329094,16.030362446395326,34.110534372486995,60.0
2010,whole_blocks_latitude_cap,2,5000,9,historical_density,global,spherical_cell_area,85920,-0.331470789467078,15.506374186675858,32.46911884080352,60.0
2010,whole_blocks_latitude_cap,2,5000,9,historical_density,south_of_60n,equal_cell,85920,-1.5433881581329094,16.030362446395326,34.110534372486995,60.0
2010,whole_blocks_latitude_cap,2,5000,9,historical_density,south_of_60n,spherical_cell_area,85920,-0.331470789467078,15.506374186675858,32.46911884080352,60.0
2010,whole_blocks_latitude_cap,2,5000,9,spatial_coverage,global,equal_cell,85920,-0.69251772111096,12.425410338452684,28.71267329374016,60.0
2010,whole_blocks_latitude_cap,2,5000,9,spatial_coverage,global,spherical_cell_area,85920,-0.3660714452430615,11.9423104676917,27.25997053598556,60.0
2010,whole_blocks_latitude_cap,2,5000,9,spatial_coverage,south_of_60n,equal_cell,85920,-0.69251772111096,12.425410338452684,28.71267329374016,60.0
2010,whole_blocks_latitude_cap,2,5000,9,spatial_coverage,south_of_60n,spherical_cell_area,85920,-0.3660714452430615,11.9423104676917,27.25997053598556,60.0
2010,whole_blocks_latitude_cap,2,5000,10,random,global,equal_cell,85920,-0.2855713387137139,12.253316584776988,28.948928153140493,60.0
2010,whole_blocks_latitude_cap,2,5000,10,random,global,spherical_cell_area,85920,0.1281398422562272,11.814339238190945,28.12428612341117,60.0
2010,whole_blocks_latitude_cap,2,5000,10,random,south_of_60n,equal_cell,85920,-0.2855713387137139,12.253316584776988,28.948928153140493,60.0
2010,whole_blocks_latitude_cap,2,5000,10,random,south_of_60n,spherical_cell_area,85920,0.1281398422562272,11.814339238190945,28.12428612341117,60.0
2010,whole_blocks_latitude_cap,2,5000,10,historical_density,global,equal_cell,85920,-2.1910785241140696,15.740469609899955,33.13834826050662,60.0
2010,whole_blocks_latitude_cap,2,5000,10,historical_density,global,spherical_cell_area,85920,-1.0315756729863228,15.09102529368924,31.623768496604125,60.0
2010,whole_blocks_latitude_cap,2,5000,10,historical_density,south_of_60n,equal_cell,85920,-2.1910785241140696,15.740469609899955,33.13834826050662,60.0
2010,whole_blocks_latitude_cap,2,5000,10,historical_density,south_of_60n,spherical_cell_area,85920,-1.0315756729863228,15.09102529368924,31.623768496604125,60.0
2010,whole_blocks_latitude_cap,2,5000,10,spatial_coverage,global,equal_cell,85920,-1.5634496782558938,11.784019245442714,25.8816347566319,60.0
2010,whole_blocks_latitude_cap,2,5000,10,spatial_coverage,global,spherical_cell_area,85920,-1.0185903033832142,11.486324910883274,25.348491800213687,60.0
2010,whole_blocks_latitude_cap,2,5000,10,spatial_coverage,south_of_60n,equal_cell,85920,-1.5634496782558938,11.784019245442714,25.8816347566319,60.0
2010,whole_blocks_latitude_cap,2,5000,10,spatial_coverage,south_of_60n,spherical_cell_area,85920,-1.0185903033832142,11.486324910883274,25.348491800213687,60.0
2010,whole_blocks_latitude_cap,2,5000,11,random,global,equal_cell,85920,0.5043862104467521,12.602106875753362,32.27220857739262,60.0
2010,whole_blocks_latitude_cap,2,5000,11,random,global,spherical_cell_area,85920,0.652263400488302,12.009058819776673,30.55664864347759,60.0
2010,whole_blocks_latitude_cap,2,5000,11,random,south_of_60n,equal_cell,85920,0.5043862104467521,12.602106875753362,32.27220857739262,60.0
2010,whole_blocks_latitude_cap,2,5000,11,random,south_of_60n,spherical_cell_area,85920,0.652263400488302,12.009058819776673,30.55664864347759,60.0
2010,whole_blocks_latitude_cap,2,5000,11,historical_density,global,equal_cell,85920,-2.285013891924074,15.504338030425956,33.172565908862694,60.0
2010,whole_blocks_latitude_cap,2,5000,11,historical_density,global,spherical_cell_area,85920,-1.2559353489808622,14.913314859798882,31.73584766130761,60.0
2010,whole_blocks_latitude_cap,2,5000,11,historical_density,south_of_60n,equal_cell,85920,-2.285013891924074,15.504338030425956,33.172565908862694,60.0
2010,whole_blocks_latitude_cap,2,5000,11,historical_density,south_of_60n,spherical_cell_area,85920,-1.2559353489808622,14.913314859798882,31.73584766130761,60.0
2010,whole_blocks_latitude_cap,2,5000,11,spatial_coverage,global,equal_cell,85920,-1.0490597149775442,11.591060358634827,24.46912067733401,60.0
2010,whole_blocks_latitude_cap,2,5000,11,spatial_coverage,global,spherical_cell_area,85920,-0.6622393672206477,11.353993020347012,24.275212040737166,60.0
2010,whole_blocks_latitude_cap,2,5000,11,spatial_coverage,south_of_60n,equal_cell,85920,-1.0490597149775442,11.591060358634827,24.46912067733401,60.0
2010,whole_blocks_latitude_cap,2,5000,11,spatial_coverage,south_of_60n,spherical_cell_area,85920,-0.6622393672206477,11.353993020347012,24.275212040737166,60.0
2010,whole_blocks_latitude_cap,2,5000,12,random,global,equal_cell,85920,-0.0547996725485651,12.182901827209667,29.540422189191684,60.0
2010,whole_blocks_latitude_cap,2,5000,12,random,global,spherical_cell_area,85920,0.1165938209653765,11.728177076952813,28.418390824490235,60.0
2010,whole_blocks_latitude_cap,2,5000,12,random,south_of_60n,equal_cell,85920,-0.0547996725485651,12.182901827209667,29.540422189191684,60.0
2010,whole_blocks_latitude_cap,2,5000,12,random,south_of_60n,spherical_cell_area,85920,0.1165938209653765,11.728177076952813,28.418390824490235,60.0
2010,whole_blocks_latitude_cap,2,5000,12,historical_density,global,equal_cell,85920,-2.581692598774406,15.29964493807779,34.88196651676705,60.0
2010,whole_blocks_latitude_cap,2,5000,12,historical_density,global,spherical_cell_area,85920,-1.416540450346908,14.68009723403956,32.844888504122146,60.0
2010,whole_blocks_latitude_cap,2,5000,12,historical_density,south_of_60n,equal_cell,85920,-2.581692598774406,15.29964493807779,34.88196651676705,60.0
2010,whole_blocks_latitude_cap,2,5000,12,historical_density,south_of_60n,spherical_cell_area,85920,-1.416540450346908,14.68009723403956,32.844888504122146,60.0
2010,whole_blocks_latitude_cap,2,5000,12,spatial_coverage,global,equal_cell,85920,-0.9453790655149352,11.536026482996618,25.287884329882758,60.0
2010,whole_blocks_latitude_cap,2,5000,12,spatial_coverage,global,spherical_cell_area,85920,-0.608251275375965,11.243741951288884,25.05625329043266,60.0
2010,whole_blocks_latitude_cap,2,5000,12,spatial_coverage,south_of_60n,equal_cell,85920,-0.9453790655149352,11.536026482996618,25.287884329882758,60.0
2010,whole_blocks_latitude_cap,2,5000,12,spatial_coverage,south_of_60n,spherical_cell_area,85920,-0.608251275375965,11.243741951288884,25.05625329043266,60.0
2010,whole_blocks_latitude_cap,2,5000,13,random,global,equal_cell,85920,-0.2875155625506086,12.46740903486494,29.11556455605821,60.0
2010,whole_blocks_latitude_cap,2,5000,13,random,global,spherical_cell_area,85920,0.1768300441014037,11.982167854994568,27.853228738260515,60.0
2010,whole_blocks_latitude_cap,2,5000,13,random,south_of_60n,equal_cell,85920,-0.2875155625506086,12.46740903486494,29.11556455605821,60.0
2010,whole_blocks_latitude_cap,2,5000,13,random,south_of_60n,spherical_cell_area,85920,0.1768300441014037,11.982167854994568,27.853228738260515,60.0
2010,whole_blocks_latitude_cap,2,5000,13,historical_density,global,equal_cell,85920,-2.062072015044231,15.872985927192412,33.811565653641665,60.0
2010,whole_blocks_latitude_cap,2,5000,13,historical_density,global,spherical_cell_area,85920,-0.9490282039398908,15.226303928699828,32.10271451170338,60.0
2010,whole_blocks_latitude_cap,2,5000,13,historical_density,south_of_60n,equal_cell,85920,-2.062072015044231,15.872985927192412,33.811565653641665,60.0
2010,whole_blocks_latitude_cap,2,5000,13,historical_density,south_of_60n,spherical_cell_area,85920,-0.9490282039398908,15.226303928699828,32.10271451170338,60.0
2010,whole_blocks_latitude_cap,2,5000,13,spatial_coverage,global,equal_cell,85920,0.1616675243333942,13.248200944454982,30.33663799240546,60.0
2010,whole_blocks_latitude_cap,2,5000,13,spatial_coverage,global,spherical_cell_area,85920,0.2042132161841382,12.669910675364898,28.48356889562679,60.0
2010,whole_blocks_latitude_cap,2,5000,13,spatial_coverage,south_of_60n,equal_cell,85920,0.1616675243333942,13.248200944454982,30.33663799240546,60.0
2010,whole_blocks_latitude_cap,2,5000,13,spatial_coverage,south_of_60n,spherical_cell_area,85920,0.2042132161841382,12.669910675364898,28.48356889562679,60.0
2010,whole_blocks_latitude_cap,2,5000,14,random,global,equal_cell,85920,-0.767937686431544,12.395897626783704,29.229872698015203,60.0
2010,whole_blocks_latitude_cap,2,5000,14,random,global,spherical_cell_area,85920,-0.2306180869128264,11.954174640073878,28.20415054521897,60.0
2010,whole_blocks_latitude_cap,2,5000,14,random,south_of_60n,equal_cell,85920,-0.767937686431544,12.395897626783704,29.229872698015203,60.0
2010,whole_blocks_latitude_cap,2,5000,14,random,south_of_60n,spherical_cell_area,85920,-0.2306180869128264,11.954174640073878,28.20415054521897,60.0
2010,whole_blocks_latitude_cap,2,5000,14,historical_density,global,equal_cell,85920,-1.8402332654159688,16.06537366087529,35.4324241664117,60.0
2010,whole_blocks_latitude_cap,2,5000,14,historical_density,global,spherical_cell_area,85920,-0.5107112441931427,15.38910481280943,33.34904838762751,60.0
2010,whole_blocks_latitude_cap,2,5000,14,historical_density,south_of_60n,equal_cell,85920,-1.8402332654159688,16.06537366087529,35.4324241664117,60.0
2010,whole_blocks_latitude_cap,2,5000,14,historical_density,south_of_60n,spherical_cell_area,85920,-0.5107112441931427,15.38910481280943,33.34904838762751,60.0
2010,whole_blocks_latitude_cap,2,5000,14,spatial_coverage,global,equal_cell,85920,0.344411323564045,12.686616605721026,28.593347271113075,60.0
2010,whole_blocks_latitude_cap,2,5000,14,spatial_coverage,global,spherical_cell_area,85920,0.5877562447487725,12.173053560201026,27.01158222508944,60.0
2010,whole_blocks_latitude_cap,2,5000,14,spatial_coverage,south_of_60n,equal_cell,85920,0.344411323564045,12.686616605721026,28.593347271113075,60.0
2010,whole_blocks_latitude_cap,2,5000,14,spatial_coverage,south_of_60n,spherical_cell_area,85920,0.5877562447487725,12.173053560201026,27.01158222508944,60.0
2010,whole_blocks_latitude_cap,2,5000,15,random,global,equal_cell,85920,-0.8364621858726592,12.092436124975418,30.2012068058678,60.0
2010,whole_blocks_latitude_cap,2,5000,15,random,global,spherical_cell_area,85920,-0.3864275332786571,11.57356435791422,28.70549367079624,60.0
2010,whole_blocks_latitude_cap,2,5000,15,random,south_of_60n,equal_cell,85920,-0.8364621858726592,12.092436124975418,30.2012068058678,60.0
2010,whole_blocks_latitude_cap,2,5000,15,random,south_of_60n,spherical_cell_area,85920,-0.3864275332786571,11.57356435791422,28.70549367079624,60.0
2010,whole_blocks_latitude_cap,2,5000,15,historical_density,global,equal_cell,85920,-2.2596963512549237,15.453493460994835,34.4035187871709,60.0
2010,whole_blocks_latitude_cap,2,5000,15,historical_density,global,spherical_cell_area,85920,-1.2261608655505296,14.866914091623698,32.50586031388396,60.0
2010,whole_blocks_latitude_cap,2,5000,15,historical_density,south_of_60n,equal_cell,85920,-2.2596963512549237,15.453493460994835,34.4035187871709,60.0
2010,whole_blocks_latitude_cap,2,5000,15,historical_density,south_of_60n,spherical_cell_area,85920,-1.2261608655505296,14.866914091623698,32.50586031388396,60.0
2010,whole_blocks_latitude_cap,2,5000,15,spatial_coverage,global,equal_cell,85920,0.225095423551889,11.96431663679132,28.433831002117596,60.0
2010,whole_blocks_latitude_cap,2,5000,15,spatial_coverage,global,spherical_cell_area,85920,0.4510800648132083,11.639687173142542,27.599824492575657,60.0
2010,whole_blocks_latitude_cap,2,5000,15,spatial_coverage,south_of_60n,equal_cell,85920,0.225095423551889,11.96431663679132,28.433831002117596,60.0
2010,whole_blocks_latitude_cap,2,5000,15,spatial_coverage,south_of_60n,spherical_cell_area,85920,0.4510800648132083,11.639687173142542,27.599824492575657,60.0
2010,whole_blocks_latitude_cap,2,5000,16,random,global,equal_cell,85920,0.2122719454302877,12.24916287492992,29.044222256645455,60.0
2010,whole_blocks_latitude_cap,2,5000,16,random,global,spherical_cell_area,85920,0.5737384155032301,11.82025235541038,28.036785487657365,60.0
2010,whole_blocks_latitude_cap,2,5000,16,random,south_of_60n,equal_cell,85920,0.2122719454302877,12.24916287492992,29.044222256645455,60.0
2010,whole_blocks_latitude_cap,2,5000,16,random,south_of_60n,spherical_cell_area,85920,0.5737384155032301,11.82025235541038,28.036785487657365,60.0
2010,whole_blocks_latitude_cap,2,5000,16,historical_density,global,equal_cell,85920,-1.792264158376438,15.580572336370636,35.380223120461096,60.0
2010,whole_blocks_latitude_cap,2,5000,16,historical_density,global,spherical_cell_area,85920,-0.4413571409667675,14.940203176162065,33.11333789460082,60.0
2010,whole_blocks_latitude_cap,2,5000,16,historical_density,south_of_60n,equal_cell,85920,-1.792264158376438,15.580572336370636,35.380223120461096,60.0
2010,whole_blocks_latitude_cap,2,5000,16,historical_density,south_of_60n,spherical_cell_area,85920,-0.4413571409667675,14.940203176162065,33.11333789460082,60.0
2010,whole_blocks_latitude_cap,2,5000,16,spatial_coverage,global,equal_cell,85920,-0.1543001785432957,13.61507113088448,33.513167285057555,60.0
2010,whole_blocks_latitude_cap,2,5000,16,spatial_coverage,global,spherical_cell_area,85920,0.2258375168670514,12.910384151173451,31.175170641205074,60.0
2010,whole_blocks_latitude_cap,2,5000,16,spatial_coverage,south_of_60n,equal_cell,85920,-0.1543001785432957,13.61507113088448,33.513167285057555,60.0
2010,whole_blocks_latitude_cap,2,5000,16,spatial_coverage,south_of_60n,spherical_cell_area,85920,0.2258375168670514,12.910384151173451,31.175170641205074,60.0
2010,whole_blocks_latitude_cap,2,5000,17,random,global,equal_cell,85920,-0.2496915702222899,12.359949351776326,29.370927789084742,60.0
2010,whole_blocks_latitude_cap,2,5000,17,random,global,spherical_cell_area,85920,0.1745175072839229,11.932677314632208,28.35578980127007,60.0
2010,whole_blocks_latitude_cap,2,5000,17,random,south_of_60n,equal_cell,85920,-0.2496915702222899,12.359949351776326,29.370927789084742,60.0
2010,whole_blocks_latitude_cap,2,5000,17,random,south_of_60n,spherical_cell_area,85920,0.1745175072839229,11.932677314632208,28.35578980127007,60.0
2010,whole_blocks_latitude_cap,2,5000,17,historical_density,global,equal_cell,85920,-1.6483537574675309,15.53527164562893,33.19701523158236,60.0
2010,whole_blocks_latitude_cap,2,5000,17,historical_density,global,spherical_cell_area,85920,-0.508271022671968,15.044310072322943,31.765638063308604,60.0
2010,whole_blocks_latitude_cap,2,5000,17,historical_density,south_of_60n,equal_cell,85920,-1.6483537574675309,15.53527164562893,33.19701523158236,60.0
2010,whole_blocks_latitude_cap,2,5000,17,historical_density,south_of_60n,spherical_cell_area,85920,-0.508271022671968,15.044310072322943,31.765638063308604,60.0
2010,whole_blocks_latitude_cap,2,5000,17,spatial_coverage,global,equal_cell,85920,-1.03143678364955,11.42597813161542,24.754830165533264,60.0
2010,whole_blocks_latitude_cap,2,5000,17,spatial_coverage,global,spherical_cell_area,85920,-0.5024807731070502,11.191666597402389,24.520923908769188,60.0
2010,whole_blocks_latitude_cap,2,5000,17,spatial_coverage,south_of_60n,equal_cell,85920,-1.03143678364955,11.42597813161542,24.754830165533264,60.0
2010,whole_blocks_latitude_cap,2,5000,17,spatial_coverage,south_of_60n,spherical_cell_area,85920,-0.5024807731070502,11.191666597402389,24.520923908769188,60.0
2010,whole_blocks_latitude_cap,2,5000,18,random,global,equal_cell,85920,2.2912129320821117,14.294770673629104,36.173299501605925,60.0
2010,whole_blocks_latitude_cap,2,5000,18,random,global,spherical_cell_area,85920,2.1021806616307317,13.570511792794472,34.390767917460984,60.0
2010,whole_blocks_latitude_cap,2,5000,18,random,south_of_60n,equal_cell,85920,2.2912129320821117,14.294770673629104,36.173299501605925,60.0
2010,whole_blocks_latitude_cap,2,5000,18,random,south_of_60n,spherical_cell_area,85920,2.1021806616307317,13.570511792794472,34.390767917460984,60.0
2010,whole_blocks_latitude_cap,2,5000,18,historical_density,global,equal_cell,85920,-2.0834455722853837,15.257963127295945,33.01544164257789,60.0
2010,whole_blocks_latitude_cap,2,5000,18,historical_density,global,spherical_cell_area,85920,-0.9183825296937412,14.66837917975337,31.38268676850682,60.0
2010,whole_blocks_latitude_cap,2,5000,18,historical_density,south_of_60n,equal_cell,85920,-2.0834455722853837,15.257963127295945,33.01544164257789,60.0
2010,whole_blocks_latitude_cap,2,5000,18,historical_density,south_of_60n,spherical_cell_area,85920,-0.9183825296937412,14.66837917975337,31.38268676850682,60.0
2010,whole_blocks_latitude_cap,2,5000,18,spatial_coverage,global,equal_cell,85920,-0.2686336036498419,13.022477066691136,32.51822704751046,60.0
2010,whole_blocks_latitude_cap,2,5000,18,spatial_coverage,global,spherical_cell_area,85920,0.0120515653910556,12.524835661997823,30.739784857124054,60.0
2010,whole_blocks_latitude_cap,2,5000,18,spatial_coverage,south_of_60n,equal_cell,85920,-0.2686336036498419,13.022477066691136,32.51822704751046,60.0
2010,whole_blocks_latitude_cap,2,5000,18,spatial_coverage,south_of_60n,spherical_cell_area,85920,0.0120515653910556,12.524835661997823,30.739784857124054,60.0
2010,whole_blocks_latitude_cap,2,5000,19,random,global,equal_cell,85920,-0.3979429843709192,12.39910737949753,28.615044446144907,60.0
2010,whole_blocks_latitude_cap,2,5000,19,random,global,spherical_cell_area,85920,-0.0160440193118961,11.991521383965738,27.494207814490107,60.0
2010,whole_blocks_latitude_cap,2,5000,19,random,south_of_60n,equal_cell,85920,-0.3979429843709192,12.39910737949753,28.615044446144907,60.0
2010,whole_blocks_latitude_cap,2,5000,19,random,south_of_60n,spherical_cell_area,85920,-0.0160440193118961,11.991521383965738,27.494207814490107,60.0
2010,whole_blocks_latitude_cap,2,5000,19,historical_density,global,equal_cell,85920,-1.329890545385449,15.9436651052726,34.19475075145582,60.0
2010,whole_blocks_latitude_cap,2,5000,19,historical_density,global,spherical_cell_area,85920,-0.1723397379848752,15.428512840861472,32.502804750288966,60.0
2010,whole_blocks_latitude_cap,2,5000,19,historical_density,south_of_60n,equal_cell,85920,-1.329890545385449,15.9436651052726,34.19475075145582,60.0
2010,whole_blocks_latitude_cap,2,5000,19,historical_density,south_of_60n,spherical_cell_area,85920,-0.1723397379848752,15.428512840861472,32.502804750288966,60.0
2010,whole_blocks_latitude_cap,2,5000,19,spatial_coverage,global,equal_cell,85920,0.6454682259352604,13.280085093147257,30.501025362108795,60.0
2010,whole_blocks_latitude_cap,2,5000,19,spatial_coverage,global,spherical_cell_area,85920,0.8228768340775879,12.702695546552418,29.288424016912533,60.0
2010,whole_blocks_latitude_cap,2,5000,19,spatial_coverage,south_of_60n,equal_cell,85920,0.6454682259352604,13.280085093147257,30.501025362108795,60.0
2010,whole_blocks_latitude_cap,2,5000,19,spatial_coverage,south_of_60n,spherical_cell_area,85920,0.8228768340775879,12.702695546552418,29.288424016912533,60.0
2010,whole_blocks_latitude_cap,3,5000,0,random,global,equal_cell,85464,-0.0964873685293243,11.369808673609112,34.437212730872886,60.0
2010,whole_blocks_latitude_cap,3,5000,0,random,global,spherical_cell_area,85464,-0.2841553222071304,10.935763003254833,31.40503255478634,60.0
2010,whole_blocks_latitude_cap,3,5000,0,random,south_of_60n,equal_cell,85464,-0.0964873685293243,11.369808673609112,34.437212730872886,60.0
2010,whole_blocks_latitude_cap,3,5000,0,random,south_of_60n,spherical_cell_area,85464,-0.2841553222071304,10.935763003254833,31.40503255478634,60.0
2010,whole_blocks_latitude_cap,3,5000,0,historical_density,global,equal_cell,85464,-1.796792687427743,13.103350642269888,38.26593946536828,60.0
2010,whole_blocks_latitude_cap,3,5000,0,historical_density,global,spherical_cell_area,85464,-1.726784991925118,12.49165563035298,34.811601598484806,60.0
2010,whole_blocks_latitude_cap,3,5000,0,historical_density,south_of_60n,equal_cell,85464,-1.796792687427743,13.103350642269888,38.26593946536828,60.0
2010,whole_blocks_latitude_cap,3,5000,0,historical_density,south_of_60n,spherical_cell_area,85464,-1.726784991925118,12.49165563035298,34.811601598484806,60.0
2010,whole_blocks_latitude_cap,3,5000,0,spatial_coverage,global,equal_cell,85464,-0.2659644533713861,11.29370442265198,31.41355877713612,60.0
2010,whole_blocks_latitude_cap,3,5000,0,spatial_coverage,global,spherical_cell_area,85464,-0.5484102322351335,11.001354867771116,28.87486826418212,60.0
2010,whole_blocks_latitude_cap,3,5000,0,spatial_coverage,south_of_60n,equal_cell,85464,-0.2659644533713861,11.29370442265198,31.41355877713612,60.0
2010,whole_blocks_latitude_cap,3,5000,0,spatial_coverage,south_of_60n,spherical_cell_area,85464,-0.5484102322351335,11.001354867771116,28.87486826418212,60.0
2010,whole_blocks_latitude_cap,3,5000,1,random,global,equal_cell,85464,-0.026445984041144,11.28508054611206,35.32109479821519,60.0
2010,whole_blocks_latitude_cap,3,5000,1,random,global,spherical_cell_area,85464,-0.3698610985198858,10.839455406666008,32.18830614641547,60.0
2010,whole_blocks_latitude_cap,3,5000,1,random,south_of_60n,equal_cell,85464,-0.026445984041144,11.28508054611206,35.32109479821519,60.0
2010,whole_blocks_latitude_cap,3,5000,1,random,south_of_60n,spherical_cell_area,85464,-0.3698610985198858,10.839455406666008,32.18830614641547,60.0
2010,whole_blocks_latitude_cap,3,5000,1,historical_density,global,equal_cell,85464,-2.072609173064745,13.50259312356118,38.55820151463064,60.0
2010,whole_blocks_latitude_cap,3,5000,1,historical_density,global,spherical_cell_area,85464,-2.095812795315174,12.947669641522555,35.23848467747949,60.0
2010,whole_blocks_latitude_cap,3,5000,1,historical_density,south_of_60n,equal_cell,85464,-2.072609173064745,13.50259312356118,38.55820151463064,60.0
2010,whole_blocks_latitude_cap,3,5000,1,historical_density,south_of_60n,spherical_cell_area,85464,-2.095812795315174,12.947669641522555,35.23848467747949,60.0
2010,whole_blocks_latitude_cap,3,5000,1,spatial_coverage,global,equal_cell,85464,-0.3885025816457129,11.262821115408538,30.512119669982795,60.0
2010,whole_blocks_latitude_cap,3,5000,1,spatial_coverage,global,spherical_cell_area,85464,-0.6187852986543527,11.00425960867894,28.10150979511329,60.0
2010,whole_blocks_latitude_cap,3,5000,1,spatial_coverage,south_of_60n,equal_cell,85464,-0.3885025816457129,11.262821115408538,30.512119669982795,60.0
2010,whole_blocks_latitude_cap,3,5000,1,spatial_coverage,south_of_60n,spherical_cell_area,85464,-0.6187852986543527,11.00425960867894,28.10150979511329,60.0
2010,whole_blocks_latitude_cap,3,5000,2,random,global,equal_cell,85464,0.0921109773140902,11.513952500279816,33.95149940866983,60.0
2010,whole_blocks_latitude_cap,3,5000,2,random,global,spherical_cell_area,85464,-0.0918971426695426,11.136218571586516,31.093775376725148,60.0
2010,whole_blocks_latitude_cap,3,5000,2,random,south_of_60n,equal_cell,85464,0.0921109773140902,11.513952500279816,33.95149940866983,60.0
2010,whole_blocks_latitude_cap,3,5000,2,random,south_of_60n,spherical_cell_area,85464,-0.0918971426695426,11.136218571586516,31.093775376725148,60.0
2010,whole_blocks_latitude_cap,3,5000,2,historical_density,global,equal_cell,85464,-1.1073669315028452,13.59443488804095,38.25256819501574,60.0
2010,whole_blocks_latitude_cap,3,5000,2,historical_density,global,spherical_cell_area,85464,-1.1186398216266698,13.011803627644175,34.87063826125087,60.0
2010,whole_blocks_latitude_cap,3,5000,2,historical_density,south_of_60n,equal_cell,85464,-1.1073669315028452,13.59443488804095,38.25256819501574,60.0
2010,whole_blocks_latitude_cap,3,5000,2,historical_density,south_of_60n,spherical_cell_area,85464,-1.1186398216266698,13.011803627644175,34.87063826125087,60.0
2010,whole_blocks_latitude_cap,3,5000,2,spatial_coverage,global,equal_cell,85464,-0.7892574119784125,11.554374755627403,32.203572772487,60.0
2010,whole_blocks_latitude_cap,3,5000,2,spatial_coverage,global,spherical_cell_area,85464,-0.8420239724131161,11.163000715182358,29.516340733797943,60.0
2010,whole_blocks_latitude_cap,3,5000,2,spatial_coverage,south_of_60n,equal_cell,85464,-0.7892574119784125,11.554374755627403,32.203572772487,60.0
2010,whole_blocks_latitude_cap,3,5000,2,spatial_coverage,south_of_60n,spherical_cell_area,85464,-0.8420239724131161,11.163000715182358,29.516340733797943,60.0
2010,whole_blocks_latitude_cap,3,5000,3,random,global,equal_cell,85464,0.4837996718552401,11.821627878053665,34.095562628798554,60.0
2010,whole_blocks_latitude_cap,3,5000,3,random,global,spherical_cell_area,85464,0.2434820461957181,11.368484389327016,31.090649329433205,60.0
2010,whole_blocks_latitude_cap,3,5000,3,random,south_of_60n,equal_cell,85464,0.4837996718552401,11.821627878053665,34.095562628798554,60.0
2010,whole_blocks_latitude_cap,3,5000,3,random,south_of_60n,spherical_cell_area,85464,0.2434820461957181,11.368484389327016,31.090649329433205,60.0
2010,whole_blocks_latitude_cap,3,5000,3,historical_density,global,equal_cell,85464,-1.5479298373580788,13.656974065049733,38.84994062957316,60.0
2010,whole_blocks_latitude_cap,3,5000,3,historical_density,global,spherical_cell_area,85464,-1.4219158421205569,13.189721006611084,35.44392055809412,60.0
2010,whole_blocks_latitude_cap,3,5000,3,historical_density,south_of_60n,equal_cell,85464,-1.5479298373580788,13.656974065049733,38.84994062957316,60.0
2010,whole_blocks_latitude_cap,3,5000,3,historical_density,south_of_60n,spherical_cell_area,85464,-1.4219158421205569,13.189721006611084,35.44392055809412,60.0
2010,whole_blocks_latitude_cap,3,5000,3,spatial_coverage,global,equal_cell,85464,-0.0361226396699305,11.429531709104936,31.37990459370241,60.0
2010,whole_blocks_latitude_cap,3,5000,3,spatial_coverage,global,spherical_cell_area,85464,-0.27502657060899,11.068687486292657,28.827053608204917,60.0
2010,whole_blocks_latitude_cap,3,5000,3,spatial_coverage,south_of_60n,equal_cell,85464,-0.0361226396699305,11.429531709104936,31.37990459370241,60.0
2010,whole_blocks_latitude_cap,3,5000,3,spatial_coverage,south_of_60n,spherical_cell_area,85464,-0.27502657060899,11.068687486292657,28.827053608204917,60.0
2010,whole_blocks_latitude_cap,3,5000,4,random,global,equal_cell,85464,-0.0839086176662976,11.5301542923265,34.81971991353929,60.0
2010,whole_blocks_latitude_cap,3,5000,4,random,global,spherical_cell_area,85464,-0.2679269145957912,11.077333743032227,31.797224760311146,60.0
2010,whole_blocks_latitude_cap,3,5000,4,random,south_of_60n,equal_cell,85464,-0.0839086176662976,11.5301542923265,34.81971991353929,60.0
2010,whole_blocks_latitude_cap,3,5000,4,random,south_of_60n,spherical_cell_area,85464,-0.2679269145957912,11.077333743032227,31.797224760311146,60.0
2010,whole_blocks_latitude_cap,3,5000,4,historical_density,global,equal_cell,85464,-2.140435053583481,13.562993690504833,38.34188438354968,60.0
2010,whole_blocks_latitude_cap,3,5000,4,historical_density,global,spherical_cell_area,85464,-1.9460541125339472,13.104161888330474,35.03339315855405,60.0
2010,whole_blocks_latitude_cap,3,5000,4,historical_density,south_of_60n,equal_cell,85464,-2.140435053583481,13.562993690504833,38.34188438354968,60.0
2010,whole_blocks_latitude_cap,3,5000,4,historical_density,south_of_60n,spherical_cell_area,85464,-1.9460541125339472,13.104161888330474,35.03339315855405,60.0
2010,whole_blocks_latitude_cap,3,5000,4,spatial_coverage,global,equal_cell,85464,0.2096605274571693,11.534988425432855,31.594818422167148,60.0
2010,whole_blocks_latitude_cap,3,5000,4,spatial_coverage,global,spherical_cell_area,85464,0.055276676340619,11.234733572607238,29.05396534134846,60.0
2010,whole_blocks_latitude_cap,3,5000,4,spatial_coverage,south_of_60n,equal_cell,85464,0.2096605274571693,11.534988425432855,31.594818422167148,60.0
2010,whole_blocks_latitude_cap,3,5000,4,spatial_coverage,south_of_60n,spherical_cell_area,85464,0.055276676340619,11.234733572607238,29.05396534134846,60.0
2010,whole_blocks_latitude_cap,3,5000,5,random,global,equal_cell,85464,-0.2941163555889262,11.37197460769279,34.43472931304111,60.0
2010,whole_blocks_latitude_cap,3,5000,5,random,global,spherical_cell_area,85464,-0.5070523268526246,10.932529853248164,31.43065831958208,60.0
2010,whole_blocks_latitude_cap,3,5000,5,random,south_of_60n,equal_cell,85464,-0.2941163555889262,11.37197460769279,34.43472931304111,60.0
2010,whole_blocks_latitude_cap,3,5000,5,random,south_of_60n,spherical_cell_area,85464,-0.5070523268526246,10.932529853248164,31.43065831958208,60.0
2010,whole_blocks_latitude_cap,3,5000,5,historical_density,global,equal_cell,85464,-1.6918138360382862,13.298951737971269,37.99762507144289,60.0
2010,whole_blocks_latitude_cap,3,5000,5,historical_density,global,spherical_cell_area,85464,-1.6383064402851455,12.831137418951055,34.71611465057965,60.0
2010,whole_blocks_latitude_cap,3,5000,5,historical_density,south_of_60n,equal_cell,85464,-1.6918138360382862,13.298951737971269,37.99762507144289,60.0
2010,whole_blocks_latitude_cap,3,5000,5,historical_density,south_of_60n,spherical_cell_area,85464,-1.6383064402851455,12.831137418951055,34.71611465057965,60.0
2010,whole_blocks_latitude_cap,3,5000,5,spatial_coverage,global,equal_cell,85464,-0.5338593544476218,11.662381689174945,31.132544352360224,60.0
2010,whole_blocks_latitude_cap,3,5000,5,spatial_coverage,global,spherical_cell_area,85464,-0.6865255616708144,11.178517955100094,28.494240093997465,60.0
2010,whole_blocks_latitude_cap,3,5000,5,spatial_coverage,south_of_60n,equal_cell,85464,-0.5338593544476218,11.662381689174945,31.132544352360224,60.0
2010,whole_blocks_latitude_cap,3,5000,5,spatial_coverage,south_of_60n,spherical_cell_area,85464,-0.6865255616708144,11.178517955100094,28.494240093997465,60.0
2010,whole_blocks_latitude_cap,3,5000,6,random,global,equal_cell,85464,-0.2433052228898753,11.405711759629732,35.87706231725966,60.0
2010,whole_blocks_latitude_cap,3,5000,6,random,global,spherical_cell_area,85464,-0.378181266413338,11.021280062899544,32.68154180646814,60.0
2010,whole_blocks_latitude_cap,3,5000,6,random,south_of_60n,equal_cell,85464,-0.2433052228898753,11.405711759629732,35.87706231725966,60.0
2010,whole_blocks_latitude_cap,3,5000,6,random,south_of_60n,spherical_cell_area,85464,-0.378181266413338,11.021280062899544,32.68154180646814,60.0
2010,whole_blocks_latitude_cap,3,5000,6,historical_density,global,equal_cell,85464,-1.8148346360089005,13.5173982067375,38.4196793629331,60.0
2010,whole_blocks_latitude_cap,3,5000,6,historical_density,global,spherical_cell_area,85464,-1.8260499244721584,13.04368467913735,35.14895399357044,60.0
2010,whole_blocks_latitude_cap,3,5000,6,historical_density,south_of_60n,equal_cell,85464,-1.8148346360089005,13.5173982067375,38.4196793629331,60.0
2010,whole_blocks_latitude_cap,3,5000,6,historical_density,south_of_60n,spherical_cell_area,85464,-1.8260499244721584,13.04368467913735,35.14895399357044,60.0
2010,whole_blocks_latitude_cap,3,5000,6,spatial_coverage,global,equal_cell,85464,-0.3825263783120681,11.994204668416216,30.9415955599857,60.0
2010,whole_blocks_latitude_cap,3,5000,6,spatial_coverage,global,spherical_cell_area,85464,-0.6197647434388607,11.629062525421022,28.42248909247584,60.0
2010,whole_blocks_latitude_cap,3,5000,6,spatial_coverage,south_of_60n,equal_cell,85464,-0.3825263783120681,11.994204668416216,30.9415955599857,60.0
2010,whole_blocks_latitude_cap,3,5000,6,spatial_coverage,south_of_60n,spherical_cell_area,85464,-0.6197647434388607,11.629062525421022,28.42248909247584,60.0
2010,whole_blocks_latitude_cap,3,5000,7,random,global,equal_cell,85464,-0.5841513688424365,11.512597866622857,34.80074105875717,60.0
2010,whole_blocks_latitude_cap,3,5000,7,random,global,spherical_cell_area,85464,-0.858395286411575,11.082480183751407,31.73343790046482,60.0
2010,whole_blocks_latitude_cap,3,5000,7,random,south_of_60n,equal_cell,85464,-0.5841513688424365,11.512597866622857,34.80074105875717,60.0
2010,whole_blocks_latitude_cap,3,5000,7,random,south_of_60n,spherical_cell_area,85464,-0.858395286411575,11.082480183751407,31.73343790046482,60.0
2010,whole_blocks_latitude_cap,3,5000,7,historical_density,global,equal_cell,85464,-1.8704613569000283,13.745611901041718,38.50512116682892,60.0
2010,whole_blocks_latitude_cap,3,5000,7,historical_density,global,spherical_cell_area,85464,-1.885015415801392,13.137650355620115,35.13111893271892,60.0
2010,whole_blocks_latitude_cap,3,5000,7,historical_density,south_of_60n,equal_cell,85464,-1.8704613569000283,13.745611901041718,38.50512116682892,60.0
2010,whole_blocks_latitude_cap,3,5000,7,historical_density,south_of_60n,spherical_cell_area,85464,-1.885015415801392,13.137650355620115,35.13111893271892,60.0
2010,whole_blocks_latitude_cap,3,5000,7,spatial_coverage,global,equal_cell,85464,-0.4430063011530237,10.954961907782756,29.811823866868885,60.0
2010,whole_blocks_latitude_cap,3,5000,7,spatial_coverage,global,spherical_cell_area,85464,-0.6897099668920635,10.613760869974088,27.353795721380536,60.0
2010,whole_blocks_latitude_cap,3,5000,7,spatial_coverage,south_of_60n,equal_cell,85464,-0.4430063011530237,10.954961907782756,29.811823866868885,60.0
2010,whole_blocks_latitude_cap,3,5000,7,spatial_coverage,south_of_60n,spherical_cell_area,85464,-0.6897099668920635,10.613760869974088,27.353795721380536,60.0
2010,whole_blocks_latitude_cap,3,5000,8,random,global,equal_cell,85464,-0.8032263836505077,11.441277610544423,35.08026483795719,60.0
2010,whole_blocks_latitude_cap,3,5000,8,random,global,spherical_cell_area,85464,-0.8646152258563401,11.027021445654562,32.08585077457966,60.0
2010,whole_blocks_latitude_cap,3,5000,8,random,south_of_60n,equal_cell,85464,-0.8032263836505077,11.441277610544423,35.08026483795719,60.0
2010,whole_blocks_latitude_cap,3,5000,8,random,south_of_60n,spherical_cell_area,85464,-0.8646152258563401,11.027021445654562,32.08585077457966,60.0
2010,whole_blocks_latitude_cap,3,5000,8,historical_density,global,equal_cell,85464,-2.912485792322772,13.443665799222032,38.34457142412294,60.0
2010,whole_blocks_latitude_cap,3,5000,8,historical_density,global,spherical_cell_area,85464,-2.8089652060669965,12.98878971984094,35.05547384716732,60.0
2010,whole_blocks_latitude_cap,3,5000,8,historical_density,south_of_60n,equal_cell,85464,-2.912485792322772,13.443665799222032,38.34457142412294,60.0
2010,whole_blocks_latitude_cap,3,5000,8,historical_density,south_of_60n,spherical_cell_area,85464,-2.8089652060669965,12.98878971984094,35.05547384716732,60.0
2010,whole_blocks_latitude_cap,3,5000,8,spatial_coverage,global,equal_cell,85464,-0.7329305649400556,11.513117416472635,30.34419754906468,60.0
2010,whole_blocks_latitude_cap,3,5000,8,spatial_coverage,global,spherical_cell_area,85464,-0.8745830224985711,11.183955181965375,27.875024237414223,60.0
2010,whole_blocks_latitude_cap,3,5000,8,spatial_coverage,south_of_60n,equal_cell,85464,-0.7329305649400556,11.513117416472635,30.34419754906468,60.0
2010,whole_blocks_latitude_cap,3,5000,8,spatial_coverage,south_of_60n,spherical_cell_area,85464,-0.8745830224985711,11.183955181965375,27.875024237414223,60.0
2010,whole_blocks_latitude_cap,3,5000,9,random,global,equal_cell,85464,0.1744322224028142,11.844398214248304,33.90480196705109,60.0
2010,whole_blocks_latitude_cap,3,5000,9,random,global,spherical_cell_area,85464,-0.0987707055896409,11.372501259472385,30.922498414822144,60.0
2010,whole_blocks_latitude_cap,3,5000,9,random,south_of_60n,equal_cell,85464,0.1744322224028142,11.844398214248304,33.90480196705109,60.0
2010,whole_blocks_latitude_cap,3,5000,9,random,south_of_60n,spherical_cell_area,85464,-0.0987707055896409,11.372501259472385,30.922498414822144,60.0
2010,whole_blocks_latitude_cap,3,5000,9,historical_density,global,equal_cell,85464,-1.7836929189620498,13.617316208853785,38.29459486405008,60.0
2010,whole_blocks_latitude_cap,3,5000,9,historical_density,global,spherical_cell_area,85464,-1.5966373122759676,13.023815714008762,34.88580288616237,60.0
2010,whole_blocks_latitude_cap,3,5000,9,historical_density,south_of_60n,equal_cell,85464,-1.7836929189620498,13.617316208853785,38.29459486405008,60.0
2010,whole_blocks_latitude_cap,3,5000,9,historical_density,south_of_60n,spherical_cell_area,85464,-1.5966373122759676,13.023815714008762,34.88580288616237,60.0
2010,whole_blocks_latitude_cap,3,5000,9,spatial_coverage,global,equal_cell,85464,-0.3813419598112484,11.10385935105515,30.943679299899078,60.0
2010,whole_blocks_latitude_cap,3,5000,9,spatial_coverage,global,spherical_cell_area,85464,-0.4664631130992127,10.759468738913007,28.375558963155274,60.0
2010,whole_blocks_latitude_cap,3,5000,9,spatial_coverage,south_of_60n,equal_cell,85464,-0.3813419598112484,11.10385935105515,30.943679299899078,60.0
2010,whole_blocks_latitude_cap,3,5000,9,spatial_coverage,south_of_60n,spherical_cell_area,85464,-0.4664631130992127,10.759468738913007,28.375558963155274,60.0
2010,whole_blocks_latitude_cap,3,5000,10,random,global,equal_cell,85464,0.15761380215644,11.65147951473152,33.88158761196068,60.0
2010,whole_blocks_latitude_cap,3,5000,10,random,global,spherical_cell_area,85464,-0.2129234252532479,11.272539118842309,31.02475412345125,60.0
2010,whole_blocks_latitude_cap,3,5000,10,random,south_of_60n,equal_cell,85464,0.15761380215644,11.65147951473152,33.88158761196068,60.0
2010,whole_blocks_latitude_cap,3,5000,10,random,south_of_60n,spherical_cell_area,85464,-0.2129234252532479,11.272539118842309,31.02475412345125,60.0
2010,whole_blocks_latitude_cap,3,5000,10,historical_density,global,equal_cell,85464,-1.8881604960168143,14.05477196142958,38.812554635864494,60.0
2010,whole_blocks_latitude_cap,3,5000,10,historical_density,global,spherical_cell_area,85464,-1.7169448928678508,13.487251793092105,35.40508756113471,60.0
2010,whole_blocks_latitude_cap,3,5000,10,historical_density,south_of_60n,equal_cell,85464,-1.8881604960168143,14.05477196142958,38.812554635864494,60.0
2010,whole_blocks_latitude_cap,3,5000,10,historical_density,south_of_60n,spherical_cell_area,85464,-1.7169448928678508,13.487251793092105,35.40508756113471,60.0
2010,whole_blocks_latitude_cap,3,5000,10,spatial_coverage,global,equal_cell,85464,-0.4188437960223115,11.81933975508058,30.9155288029235,60.0
2010,whole_blocks_latitude_cap,3,5000,10,spatial_coverage,global,spherical_cell_area,85464,-0.6176641025657682,11.561658151189835,28.51397303754711,60.0
2010,whole_blocks_latitude_cap,3,5000,10,spatial_coverage,south_of_60n,equal_cell,85464,-0.4188437960223115,11.81933975508058,30.9155288029235,60.0
2010,whole_blocks_latitude_cap,3,5000,10,spatial_coverage,south_of_60n,spherical_cell_area,85464,-0.6176641025657682,11.561658151189835,28.51397303754711,60.0
2010,whole_blocks_latitude_cap,3,5000,11,random,global,equal_cell,85464,-0.1202379140667412,11.357574625754497,35.04913371313903,60.0
2010,whole_blocks_latitude_cap,3,5000,11,random,global,spherical_cell_area,85464,-0.3782786244706421,10.869749292681064,31.90588304876788,60.0
2010,whole_blocks_latitude_cap,3,5000,11,random,south_of_60n,equal_cell,85464,-0.1202379140667412,11.357574625754497,35.04913371313903,60.0
2010,whole_blocks_latitude_cap,3,5000,11,random,south_of_60n,spherical_cell_area,85464,-0.3782786244706421,10.869749292681064,31.90588304876788,60.0
2010,whole_blocks_latitude_cap,3,5000,11,historical_density,global,equal_cell,85464,-2.220142377195332,13.835285281176256,39.30439050675944,60.0
2010,whole_blocks_latitude_cap,3,5000,11,historical_density,global,spherical_cell_area,85464,-2.1355065786381107,13.30260580396138,35.81941417430393,60.0
2010,whole_blocks_latitude_cap,3,5000,11,historical_density,south_of_60n,equal_cell,85464,-2.220142377195332,13.835285281176256,39.30439050675944,60.0
2010,whole_blocks_latitude_cap,3,5000,11,historical_density,south_of_60n,spherical_cell_area,85464,-2.1355065786381107,13.30260580396138,35.81941417430393,60.0
2010,whole_blocks_latitude_cap,3,5000,11,spatial_coverage,global,equal_cell,85464,-0.6116022562382635,11.205147011107776,31.51313744453053,60.0
2010,whole_blocks_latitude_cap,3,5000,11,spatial_coverage,global,spherical_cell_area,85464,-0.7149598194134621,10.736692956958567,28.818874193272816,60.0
2010,whole_blocks_latitude_cap,3,5000,11,spatial_coverage,south_of_60n,equal_cell,85464,-0.6116022562382635,11.205147011107776,31.51313744453053,60.0
2010,whole_blocks_latitude_cap,3,5000,11,spatial_coverage,south_of_60n,spherical_cell_area,85464,-0.7149598194134621,10.736692956958567,28.818874193272816,60.0
2010,whole_blocks_latitude_cap,3,5000,12,random,global,equal_cell,85464,-0.1550192414881484,11.301390732928626,33.20656959910684,60.0
2010,whole_blocks_latitude_cap,3,5000,12,random,global,spherical_cell_area,85464,-0.3480361607459532,10.897432063610744,30.40088906136776,60.0
2010,whole_blocks_latitude_cap,3,5000,12,random,south_of_60n,equal_cell,85464,-0.1550192414881484,11.301390732928626,33.20656959910684,60.0
2010,whole_blocks_latitude_cap,3,5000,12,random,south_of_60n,spherical_cell_area,85464,-0.3480361607459532,10.897432063610744,30.40088906136776,60.0
2010,whole_blocks_latitude_cap,3,5000,12,historical_density,global,equal_cell,85464,-1.8289183418673285,13.675573407855516,38.96152171522835,60.0
2010,whole_blocks_latitude_cap,3,5000,12,historical_density,global,spherical_cell_area,85464,-1.635237554830307,13.235124919206418,35.58460334491932,60.0
2010,whole_blocks_latitude_cap,3,5000,12,historical_density,south_of_60n,equal_cell,85464,-1.8289183418673285,13.675573407855516,38.96152171522835,60.0
2010,whole_blocks_latitude_cap,3,5000,12,historical_density,south_of_60n,spherical_cell_area,85464,-1.635237554830307,13.235124919206418,35.58460334491932,60.0
2010,whole_blocks_latitude_cap,3,5000,12,spatial_coverage,global,equal_cell,85464,-0.1955228049367703,11.768164816119256,30.306078283114697,60.0
2010,whole_blocks_latitude_cap,3,5000,12,spatial_coverage,global,spherical_cell_area,85464,-0.4601485541423004,11.41461929391644,27.96447652785718,60.0
2010,whole_blocks_latitude_cap,3,5000,12,spatial_coverage,south_of_60n,equal_cell,85464,-0.1955228049367703,11.768164816119256,30.306078283114697,60.0
2010,whole_blocks_latitude_cap,3,5000,12,spatial_coverage,south_of_60n,spherical_cell_area,85464,-0.4601485541423004,11.41461929391644,27.96447652785718,60.0
2010,whole_blocks_latitude_cap,3,5000,13,random,global,equal_cell,85464,0.1851860736200709,11.850017889734248,32.561350256678715,60.0
2010,whole_blocks_latitude_cap,3,5000,13,random,global,spherical_cell_area,85464,-0.0231002868075236,11.33791209505403,29.99336449831559,60.0
2010,whole_blocks_latitude_cap,3,5000,13,random,south_of_60n,equal_cell,85464,0.1851860736200709,11.850017889734248,32.561350256678715,60.0
2010,whole_blocks_latitude_cap,3,5000,13,random,south_of_60n,spherical_cell_area,85464,-0.0231002868075236,11.33791209505403,29.99336449831559,60.0
2010,whole_blocks_latitude_cap,3,5000,13,historical_density,global,equal_cell,85464,-1.5002845519256949,13.629846737654962,38.6843189314777,60.0
2010,whole_blocks_latitude_cap,3,5000,13,historical_density,global,spherical_cell_area,85464,-1.3373071607417029,13.06919733523292,35.285850467597704,60.0
2010,whole_blocks_latitude_cap,3,5000,13,historical_density,south_of_60n,equal_cell,85464,-1.5002845519256949,13.629846737654962,38.6843189314777,60.0
2010,whole_blocks_latitude_cap,3,5000,13,historical_density,south_of_60n,spherical_cell_area,85464,-1.3373071607417029,13.06919733523292,35.285850467597704,60.0
2010,whole_blocks_latitude_cap,3,5000,13,spatial_coverage,global,equal_cell,85464,-0.4576377916358885,11.562492297082752,31.453491185403976,60.0
2010,whole_blocks_latitude_cap,3,5000,13,spatial_coverage,global,spherical_cell_area,85464,-0.5739681321771073,11.126540401981858,28.83975789663466,60.0
2010,whole_blocks_latitude_cap,3,5000,13,spatial_coverage,south_of_60n,equal_cell,85464,-0.4576377916358885,11.562492297082752,31.453491185403976,60.0
2010,whole_blocks_latitude_cap,3,5000,13,spatial_coverage,south_of_60n,spherical_cell_area,85464,-0.5739681321771073,11.126540401981858,28.83975789663466,60.0
2010,whole_blocks_latitude_cap,3,5000,14,random,global,equal_cell,85464,0.1838924589491549,11.715904933412084,34.03976213039452,60.0
2010,whole_blocks_latitude_cap,3,5000,14,random,global,spherical_cell_area,85464,-0.2138965514833084,11.367414556354916,31.37794353159506,60.0
2010,whole_blocks_latitude_cap,3,5000,14,random,south_of_60n,equal_cell,85464,0.1838924589491549,11.715904933412084,34.03976213039452,60.0
2010,whole_blocks_latitude_cap,3,5000,14,random,south_of_60n,spherical_cell_area,85464,-0.2138965514833084,11.367414556354916,31.37794353159506,60.0
2010,whole_blocks_latitude_cap,3,5000,14,historical_density,global,equal_cell,85464,-1.099342431731129,13.697584436008148,38.82686405840912,60.0
2010,whole_blocks_latitude_cap,3,5000,14,historical_density,global,spherical_cell_area,85464,-1.295084923892705,13.120045374554827,35.391860057105355,60.0
2010,whole_blocks_latitude_cap,3,5000,14,historical_density,south_of_60n,equal_cell,85464,-1.099342431731129,13.697584436008148,38.82686405840912,60.0
2010,whole_blocks_latitude_cap,3,5000,14,historical_density,south_of_60n,spherical_cell_area,85464,-1.295084923892705,13.120045374554827,35.391860057105355,60.0
2010,whole_blocks_latitude_cap,3,5000,14,spatial_coverage,global,equal_cell,85464,-0.4269896012520651,11.4167497765388,32.5048306376529,60.0
2010,whole_blocks_latitude_cap,3,5000,14,spatial_coverage,global,spherical_cell_area,85464,-0.4996563977378045,11.12435219501866,29.844974090307872,60.0
2010,whole_blocks_latitude_cap,3,5000,14,spatial_coverage,south_of_60n,equal_cell,85464,-0.4269896012520651,11.4167497765388,32.5048306376529,60.0
2010,whole_blocks_latitude_cap,3,5000,14,spatial_coverage,south_of_60n,spherical_cell_area,85464,-0.4996563977378045,11.12435219501866,29.844974090307872,60.0
2010,whole_blocks_latitude_cap,3,5000,15,random,global,equal_cell,85464,-0.2512053124944933,11.46921960434132,35.35035622801589,60.0
2010,whole_blocks_latitude_cap,3,5000,15,random,global,spherical_cell_area,85464,-0.3327572760021803,11.063288290367774,32.28583073447164,60.0
2010,whole_blocks_latitude_cap,3,5000,15,random,south_of_60n,equal_cell,85464,-0.2512053124944933,11.46921960434132,35.35035622801589,60.0
2010,whole_blocks_latitude_cap,3,5000,15,random,south_of_60n,spherical_cell_area,85464,-0.3327572760021803,11.063288290367774,32.28583073447164,60.0
2010,whole_blocks_latitude_cap,3,5000,15,historical_density,global,equal_cell,85464,-2.147722123220553,13.730005207192487,38.379813381408326,60.0
2010,whole_blocks_latitude_cap,3,5000,15,historical_density,global,spherical_cell_area,85464,-2.0594421769802675,13.115607429683353,35.01474787970917,60.0
2010,whole_blocks_latitude_cap,3,5000,15,historical_density,south_of_60n,equal_cell,85464,-2.147722123220553,13.730005207192487,38.379813381408326,60.0
2010,whole_blocks_latitude_cap,3,5000,15,historical_density,south_of_60n,spherical_cell_area,85464,-2.0594421769802675,13.115607429683353,35.01474787970917,60.0
2010,whole_blocks_latitude_cap,3,5000,15,spatial_coverage,global,equal_cell,85464,-0.3406678588061675,11.386817440348956,31.50504228709744,60.0
2010,whole_blocks_latitude_cap,3,5000,15,spatial_coverage,global,spherical_cell_area,85464,-0.4909223097840166,11.005729621622764,28.913869824361043,60.0
2010,whole_blocks_latitude_cap,3,5000,15,spatial_coverage,south_of_60n,equal_cell,85464,-0.3406678588061675,11.386817440348956,31.50504228709744,60.0
2010,whole_blocks_latitude_cap,3,5000,15,spatial_coverage,south_of_60n,spherical_cell_area,85464,-0.4909223097840166,11.005729621622764,28.913869824361043,60.0
2010,whole_blocks_latitude_cap,3,5000,16,random,global,equal_cell,85464,-0.2242789151947512,11.469734005489364,34.58539778825562,60.0
2010,whole_blocks_latitude_cap,3,5000,16,random,global,spherical_cell_area,85464,-0.4987549496124461,10.988466935345862,31.49500011266447,60.0
2010,whole_blocks_latitude_cap,3,5000,16,random,south_of_60n,equal_cell,85464,-0.2242789151947512,11.469734005489364,34.58539778825562,60.0
2010,whole_blocks_latitude_cap,3,5000,16,random,south_of_60n,spherical_cell_area,85464,-0.4987549496124461,10.988466935345862,31.49500011266447,60.0
2010,whole_blocks_latitude_cap,3,5000,16,historical_density,global,equal_cell,85464,-2.2532808830739093,13.689047661549258,38.919862427143926,60.0
2010,whole_blocks_latitude_cap,3,5000,16,historical_density,global,spherical_cell_area,85464,-2.091759411923521,13.095195264980838,35.46173903391463,60.0
2010,whole_blocks_latitude_cap,3,5000,16,historical_density,south_of_60n,equal_cell,85464,-2.2532808830739093,13.689047661549258,38.919862427143926,60.0
2010,whole_blocks_latitude_cap,3,5000,16,historical_density,south_of_60n,spherical_cell_area,85464,-2.091759411923521,13.095195264980838,35.46173903391463,60.0
2010,whole_blocks_latitude_cap,3,5000,16,spatial_coverage,global,equal_cell,85464,-0.6710756130052556,11.236202308764948,31.60597423754317,60.0
2010,whole_blocks_latitude_cap,3,5000,16,spatial_coverage,global,spherical_cell_area,85464,-0.7296164302639838,10.834219121009026,28.98162993658569,60.0
2010,whole_blocks_latitude_cap,3,5000,16,spatial_coverage,south_of_60n,equal_cell,85464,-0.6710756130052556,11.236202308764948,31.60597423754317,60.0
2010,whole_blocks_latitude_cap,3,5000,16,spatial_coverage,south_of_60n,spherical_cell_area,85464,-0.7296164302639838,10.834219121009026,28.98162993658569,60.0
2010,whole_blocks_latitude_cap,3,5000,17,random,global,equal_cell,85464,0.0305908307073996,11.722060325345655,34.803947628515395,60.0
2010,whole_blocks_latitude_cap,3,5000,17,random,global,spherical_cell_area,85464,-0.1543958567427568,11.28131574135595,31.887788847863824,60.0
2010,whole_blocks_latitude_cap,3,5000,17,random,south_of_60n,equal_cell,85464,0.0305908307073996,11.722060325345655,34.803947628515395,60.0
2010,whole_blocks_latitude_cap,3,5000,17,random,south_of_60n,spherical_cell_area,85464,-0.1543958567427568,11.28131574135595,31.887788847863824,60.0
2010,whole_blocks_latitude_cap,3,5000,17,historical_density,global,equal_cell,85464,-1.8131676646544308,13.634359874232477,38.584250906208815,60.0
2010,whole_blocks_latitude_cap,3,5000,17,historical_density,global,spherical_cell_area,85464,-1.819808516977741,12.966888364186971,35.16362996850318,60.0
2010,whole_blocks_latitude_cap,3,5000,17,historical_density,south_of_60n,equal_cell,85464,-1.8131676646544308,13.634359874232477,38.584250906208815,60.0
2010,whole_blocks_latitude_cap,3,5000,17,historical_density,south_of_60n,spherical_cell_area,85464,-1.819808516977741,12.966888364186971,35.16362996850318,60.0
2010,whole_blocks_latitude_cap,3,5000,17,spatial_coverage,global,equal_cell,85464,-0.4227710486490488,11.973725295495846,31.995073859254003,60.0
2010,whole_blocks_latitude_cap,3,5000,17,spatial_coverage,global,spherical_cell_area,85464,-0.6432038020224702,11.638146582537312,29.436514711827822,60.0
2010,whole_blocks_latitude_cap,3,5000,17,spatial_coverage,south_of_60n,equal_cell,85464,-0.4227710486490488,11.973725295495846,31.995073859254003,60.0
2010,whole_blocks_latitude_cap,3,5000,17,spatial_coverage,south_of_60n,spherical_cell_area,85464,-0.6432038020224702,11.638146582537312,29.436514711827822,60.0
2010,whole_blocks_latitude_cap,3,5000,18,random,global,equal_cell,85464,-0.3128979452734779,11.399612869980311,34.83880891619621,60.0
2010,whole_blocks_latitude_cap,3,5000,18,random,global,spherical_cell_area,85464,-0.4257831971740997,10.86726751504273,31.685864221424755,60.0
2010,whole_blocks_latitude_cap,3,5000,18,random,south_of_60n,equal_cell,85464,-0.3128979452734779,11.399612869980311,34.83880891619621,60.0
2010,whole_blocks_latitude_cap,3,5000,18,random,south_of_60n,spherical_cell_area,85464,-0.4257831971740997,10.86726751504273,31.685864221424755,60.0
2010,whole_blocks_latitude_cap,3,5000,18,historical_density,global,equal_cell,85464,-1.7435595143500675,13.607831232945252,38.51268838126855,60.0
2010,whole_blocks_latitude_cap,3,5000,18,historical_density,global,spherical_cell_area,85464,-1.7689145865411846,13.032670475443089,35.144757061466024,60.0
2010,whole_blocks_latitude_cap,3,5000,18,historical_density,south_of_60n,equal_cell,85464,-1.7435595143500675,13.607831232945252,38.51268838126855,60.0
2010,whole_blocks_latitude_cap,3,5000,18,historical_density,south_of_60n,spherical_cell_area,85464,-1.7689145865411846,13.032670475443089,35.144757061466024,60.0
2010,whole_blocks_latitude_cap,3,5000,18,spatial_coverage,global,equal_cell,85464,-0.622334114155587,11.491263087080725,32.53379844840615,60.0
2010,whole_blocks_latitude_cap,3,5000,18,spatial_coverage,global,spherical_cell_area,85464,-0.7527358460548625,11.066312882424825,29.76781303819349,60.0
2010,whole_blocks_latitude_cap,3,5000,18,spatial_coverage,south_of_60n,equal_cell,85464,-0.622334114155587,11.491263087080725,32.53379844840615,60.0
2010,whole_blocks_latitude_cap,3,5000,18,spatial_coverage,south_of_60n,spherical_cell_area,85464,-0.7527358460548625,11.066312882424825,29.76781303819349,60.0
2010,whole_blocks_latitude_cap,3,5000,19,random,global,equal_cell,85464,-0.217012307978624,11.29896071641735,32.84929995709682,60.0
2010,whole_blocks_latitude_cap,3,5000,19,random,global,spherical_cell_area,85464,-0.4521388895568455,10.880108334891156,30.047239709335333,60.0
2010,whole_blocks_latitude_cap,3,5000,19,random,south_of_60n,equal_cell,85464,-0.217012307978624,11.29896071641735,32.84929995709682,60.0
2010,whole_blocks_latitude_cap,3,5000,19,random,south_of_60n,spherical_cell_area,85464,-0.4521388895568455,10.880108334891156,30.047239709335333,60.0
2010,whole_blocks_latitude_cap,3,5000,19,historical_density,global,equal_cell,85464,-2.381393957697832,13.548638601075966,38.69574867610047,60.0
2010,whole_blocks_latitude_cap,3,5000,19,historical_density,global,spherical_cell_area,85464,-2.2954577706597705,12.974636707051877,35.25418424694607,60.0
2010,whole_blocks_latitude_cap,3,5000,19,historical_density,south_of_60n,equal_cell,85464,-2.381393957697832,13.548638601075966,38.69574867610047,60.0
2010,whole_blocks_latitude_cap,3,5000,19,historical_density,south_of_60n,spherical_cell_area,85464,-2.2954577706597705,12.974636707051877,35.25418424694607,60.0
2010,whole_blocks_latitude_cap,3,5000,19,spatial_coverage,global,equal_cell,85464,-0.4725512058963624,10.974254103850807,30.82993533727417,60.0
2010,whole_blocks_latitude_cap,3,5000,19,spatial_coverage,global,spherical_cell_area,85464,-0.6264274732413708,10.676141883517488,28.371430309721475,60.0
2010,whole_blocks_latitude_cap,3,5000,19,spatial_coverage,south_of_60n,equal_cell,85464,-0.4725512058963624,10.974254103850807,30.82993533727417,60.0
2010,whole_blocks_latitude_cap,3,5000,19,spatial_coverage,south_of_60n,spherical_cell_area,85464,-0.6264274732413708,10.676141883517488,28.371430309721475,60.0
2010,whole_blocks_latitude_cap,4,5000,0,random,global,equal_cell,92628,-0.7624657411958834,12.044356070043907,20.376833247046733,60.0
2010,whole_blocks_latitude_cap,4,5000,0,random,global,spherical_cell_area,92628,-1.1823346103496437,11.69726694133923,19.793492703916133,60.0
2010,whole_blocks_latitude_cap,4,5000,0,random,south_of_60n,equal_cell,92628,-0.7624657411958834,12.044356070043907,20.376833247046733,60.0
2010,whole_blocks_latitude_cap,4,5000,0,random,south_of_60n,spherical_cell_area,92628,-1.1823346103496437,11.69726694133923,19.793492703916133,60.0
2010,whole_blocks_latitude_cap,4,5000,0,historical_density,global,equal_cell,92628,-2.075894905717786,13.390618945516945,21.978530607750557,60.0
2010,whole_blocks_latitude_cap,4,5000,0,historical_density,global,spherical_cell_area,92628,-2.1342412325474114,13.06980109091879,21.90963950928,60.0
2010,whole_blocks_latitude_cap,4,5000,0,historical_density,south_of_60n,equal_cell,92628,-2.075894905717786,13.390618945516945,21.978530607750557,60.0
2010,whole_blocks_latitude_cap,4,5000,0,historical_density,south_of_60n,spherical_cell_area,92628,-2.1342412325474114,13.06980109091879,21.90963950928,60.0
2010,whole_blocks_latitude_cap,4,5000,0,spatial_coverage,global,equal_cell,92628,-0.2784602542979253,12.439142331952354,19.943838878936926,60.0
2010,whole_blocks_latitude_cap,4,5000,0,spatial_coverage,global,spherical_cell_area,92628,-0.797113932670029,12.247245688232958,19.831167948364964,60.0
2010,whole_blocks_latitude_cap,4,5000,0,spatial_coverage,south_of_60n,equal_cell,92628,-0.2784602542979253,12.439142331952354,19.943838878936926,60.0
2010,whole_blocks_latitude_cap,4,5000,0,spatial_coverage,south_of_60n,spherical_cell_area,92628,-0.797113932670029,12.247245688232958,19.831167948364964,60.0
2010,whole_blocks_latitude_cap,4,5000,1,random,global,equal_cell,92628,-0.4776865091227054,12.215380443763404,20.376843144615982,60.0
2010,whole_blocks_latitude_cap,4,5000,1,random,global,spherical_cell_area,92628,-0.9318512401785208,11.933411886755191,20.173912204112185,60.0
2010,whole_blocks_latitude_cap,4,5000,1,random,south_of_60n,equal_cell,92628,-0.4776865091227054,12.215380443763404,20.376843144615982,60.0
2010,whole_blocks_latitude_cap,4,5000,1,random,south_of_60n,spherical_cell_area,92628,-0.9318512401785208,11.933411886755191,20.173912204112185,60.0
2010,whole_blocks_latitude_cap,4,5000,1,historical_density,global,equal_cell,92628,-1.689400734835991,13.903500936094646,22.26908665127485,60.0
2010,whole_blocks_latitude_cap,4,5000,1,historical_density,global,spherical_cell_area,92628,-2.0098446533126504,13.565847557897843,22.233163446149,60.0
2010,whole_blocks_latitude_cap,4,5000,1,historical_density,south_of_60n,equal_cell,92628,-1.689400734835991,13.903500936094646,22.26908665127485,60.0
2010,whole_blocks_latitude_cap,4,5000,1,historical_density,south_of_60n,spherical_cell_area,92628,-2.0098446533126504,13.565847557897843,22.233163446149,60.0
2010,whole_blocks_latitude_cap,4,5000,1,spatial_coverage,global,equal_cell,92628,-1.3499329822852677,13.271029466751184,20.91462081971755,60.0
2010,whole_blocks_latitude_cap,4,5000,1,spatial_coverage,global,spherical_cell_area,92628,-1.5847954392174926,13.048903393368672,20.64776147468823,60.0
2010,whole_blocks_latitude_cap,4,5000,1,spatial_coverage,south_of_60n,equal_cell,92628,-1.3499329822852677,13.271029466751184,20.91462081971755,60.0
2010,whole_blocks_latitude_cap,4,5000,1,spatial_coverage,south_of_60n,spherical_cell_area,92628,-1.5847954392174926,13.048903393368672,20.64776147468823,60.0
2010,whole_blocks_latitude_cap,4,5000,2,random,global,equal_cell,92628,-1.2988844025201265,11.79312340637978,20.349145037832645,60.0
2010,whole_blocks_latitude_cap,4,5000,2,random,global,spherical_cell_area,92628,-1.9380166598731177,11.50295060375389,20.33675561674072,60.0
2010,whole_blocks_latitude_cap,4,5000,2,random,south_of_60n,equal_cell,92628,-1.2988844025201265,11.79312340637978,20.349145037832645,60.0
2010,whole_blocks_latitude_cap,4,5000,2,random,south_of_60n,spherical_cell_area,92628,-1.9380166598731177,11.50295060375389,20.33675561674072,60.0
2010,whole_blocks_latitude_cap,4,5000,2,historical_density,global,equal_cell,92628,-2.350696346591311,13.684587222659928,22.376711734634764,60.0
2010,whole_blocks_latitude_cap,4,5000,2,historical_density,global,spherical_cell_area,92628,-2.6129312085308123,13.321230677138535,22.25306704303193,60.0
2010,whole_blocks_latitude_cap,4,5000,2,historical_density,south_of_60n,equal_cell,92628,-2.350696346591311,13.684587222659928,22.376711734634764,60.0
2010,whole_blocks_latitude_cap,4,5000,2,historical_density,south_of_60n,spherical_cell_area,92628,-2.6129312085308123,13.321230677138535,22.25306704303193,60.0
2010,whole_blocks_latitude_cap,4,5000,2,spatial_coverage,global,equal_cell,92628,-0.4485030505173837,12.768172779584464,20.439071667297863,60.0
2010,whole_blocks_latitude_cap,4,5000,2,spatial_coverage,global,spherical_cell_area,92628,-0.9037498195837348,12.576345771999524,20.16286921630157,60.0
2010,whole_blocks_latitude_cap,4,5000,2,spatial_coverage,south_of_60n,equal_cell,92628,-0.4485030505173837,12.768172779584464,20.439071667297863,60.0
2010,whole_blocks_latitude_cap,4,5000,2,spatial_coverage,south_of_60n,spherical_cell_area,92628,-0.9037498195837348,12.576345771999524,20.16286921630157,60.0
2010,whole_blocks_latitude_cap,4,5000,3,random,global,equal_cell,92628,-1.4848843659228557,11.49209558335193,19.643545810943568,60.0
2010,whole_blocks_latitude_cap,4,5000,3,random,global,spherical_cell_area,92628,-2.11422691940087,11.186252177066816,19.3601366443003,60.0
2010,whole_blocks_latitude_cap,4,5000,3,random,south_of_60n,equal_cell,92628,-1.4848843659228557,11.49209558335193,19.643545810943568,60.0
2010,whole_blocks_latitude_cap,4,5000,3,random,south_of_60n,spherical_cell_area,92628,-2.11422691940087,11.186252177066816,19.3601366443003,60.0
2010,whole_blocks_latitude_cap,4,5000,3,historical_density,global,equal_cell,92628,-2.440068913553988,13.548760241789772,22.169708611377995,60.0
2010,whole_blocks_latitude_cap,4,5000,3,historical_density,global,spherical_cell_area,92628,-2.3040331930550364,13.113752028272572,22.01598774203284,60.0
2010,whole_blocks_latitude_cap,4,5000,3,historical_density,south_of_60n,equal_cell,92628,-2.440068913553988,13.548760241789772,22.169708611377995,60.0
2010,whole_blocks_latitude_cap,4,5000,3,historical_density,south_of_60n,spherical_cell_area,92628,-2.3040331930550364,13.113752028272572,22.01598774203284,60.0
2010,whole_blocks_latitude_cap,4,5000,3,spatial_coverage,global,equal_cell,92628,-1.3179291983196668,12.71293064781815,20.31321977333289,60.0
2010,whole_blocks_latitude_cap,4,5000,3,spatial_coverage,global,spherical_cell_area,92628,-1.6983592163780694,12.52859226832262,20.195300660401788,60.0
2010,whole_blocks_latitude_cap,4,5000,3,spatial_coverage,south_of_60n,equal_cell,92628,-1.3179291983196668,12.71293064781815,20.31321977333289,60.0
2010,whole_blocks_latitude_cap,4,5000,3,spatial_coverage,south_of_60n,spherical_cell_area,92628,-1.6983592163780694,12.52859226832262,20.195300660401788,60.0
2010,whole_blocks_latitude_cap,4,5000,4,random,global,equal_cell,92628,-1.3132899886859093,12.063558771239023,20.12088225265708,60.0
2010,whole_blocks_latitude_cap,4,5000,4,random,global,spherical_cell_area,92628,-1.7220216476050167,11.796711085569552,19.71231671613461,60.0
2010,whole_blocks_latitude_cap,4,5000,4,random,south_of_60n,equal_cell,92628,-1.3132899886859093,12.063558771239023,20.12088225265708,60.0
2010,whole_blocks_latitude_cap,4,5000,4,random,south_of_60n,spherical_cell_area,92628,-1.7220216476050167,11.796711085569552,19.71231671613461,60.0
2010,whole_blocks_latitude_cap,4,5000,4,historical_density,global,equal_cell,92628,-2.3896577445297686,13.576569748829147,21.90217902960181,60.0
2010,whole_blocks_latitude_cap,4,5000,4,historical_density,global,spherical_cell_area,92628,-2.4420483888863167,13.24854357611493,21.8778181232564,60.0
2010,whole_blocks_latitude_cap,4,5000,4,historical_density,south_of_60n,equal_cell,92628,-2.3896577445297686,13.576569748829147,21.90217902960181,60.0
2010,whole_blocks_latitude_cap,4,5000,4,historical_density,south_of_60n,spherical_cell_area,92628,-2.4420483888863167,13.24854357611493,21.8778181232564,60.0
2010,whole_blocks_latitude_cap,4,5000,4,spatial_coverage,global,equal_cell,92628,-1.0756519888899732,12.208062848442044,19.62854716525241,60.0
2010,whole_blocks_latitude_cap,4,5000,4,spatial_coverage,global,spherical_cell_area,92628,-1.1587927367097126,12.085497655016946,19.52482921797284,60.0
2010,whole_blocks_latitude_cap,4,5000,4,spatial_coverage,south_of_60n,equal_cell,92628,-1.0756519888899732,12.208062848442044,19.62854716525241,60.0
2010,whole_blocks_latitude_cap,4,5000,4,spatial_coverage,south_of_60n,spherical_cell_area,92628,-1.1587927367097126,12.085497655016946,19.52482921797284,60.0
2010,whole_blocks_latitude_cap,4,5000,5,random,global,equal_cell,92628,-0.8706948905219214,11.981522806179546,20.537048912430805,60.0
2010,whole_blocks_latitude_cap,4,5000,5,random,global,spherical_cell_area,92628,-1.3930819658757947,11.761695941576274,20.353963470769667,60.0
2010,whole_blocks_latitude_cap,4,5000,5,random,south_of_60n,equal_cell,92628,-0.8706948905219214,11.981522806179546,20.537048912430805,60.0
2010,whole_blocks_latitude_cap,4,5000,5,random,south_of_60n,spherical_cell_area,92628,-1.3930819658757947,11.761695941576274,20.353963470769667,60.0
2010,whole_blocks_latitude_cap,4,5000,5,historical_density,global,equal_cell,92628,-2.2118370793808864,13.65861612045398,22.21767774125103,60.0
2010,whole_blocks_latitude_cap,4,5000,5,historical_density,global,spherical_cell_area,92628,-2.4095331909923527,13.29365326812639,22.162643824182243,60.0
2010,whole_blocks_latitude_cap,4,5000,5,historical_density,south_of_60n,equal_cell,92628,-2.2118370793808864,13.65861612045398,22.21767774125103,60.0
2010,whole_blocks_latitude_cap,4,5000,5,historical_density,south_of_60n,spherical_cell_area,92628,-2.4095331909923527,13.29365326812639,22.162643824182243,60.0
2010,whole_blocks_latitude_cap,4,5000,5,spatial_coverage,global,equal_cell,92628,-1.5411371918921108,11.890162869046948,19.12121461038314,60.0
2010,whole_blocks_latitude_cap,4,5000,5,spatial_coverage,global,spherical_cell_area,92628,-1.798082901839592,11.793078722138672,19.066232429642238,60.0
2010,whole_blocks_latitude_cap,4,5000,5,spatial_coverage,south_of_60n,equal_cell,92628,-1.5411371918921108,11.890162869046948,19.12121461038314,60.0
2010,whole_blocks_latitude_cap,4,5000,5,spatial_coverage,south_of_60n,spherical_cell_area,92628,-1.798082901839592,11.793078722138672,19.066232429642238,60.0
2010,whole_blocks_latitude_cap,4,5000,6,random,global,equal_cell,92628,-0.8745805924259757,11.50822715429697,19.89481416248731,60.0
2010,whole_blocks_latitude_cap,4,5000,6,random,global,spherical_cell_area,92628,-1.331882101835242,11.215788616086783,19.792503172312625,60.0
2010,whole_blocks_latitude_cap,4,5000,6,random,south_of_60n,equal_cell,92628,-0.8745805924259757,11.50822715429697,19.89481416248731,60.0
2010,whole_blocks_latitude_cap,4,5000,6,random,south_of_60n,spherical_cell_area,92628,-1.331882101835242,11.215788616086783,19.792503172312625,60.0
2010,whole_blocks_latitude_cap,4,5000,6,historical_density,global,equal_cell,92628,-1.9041769596896576,13.581050984821832,22.231104707123883,60.0
2010,whole_blocks_latitude_cap,4,5000,6,historical_density,global,spherical_cell_area,92628,-2.1025524503236963,13.301811086996103,22.252833318071843,60.0
2010,whole_blocks_latitude_cap,4,5000,6,historical_density,south_of_60n,equal_cell,92628,-1.9041769596896576,13.581050984821832,22.231104707123883,60.0
2010,whole_blocks_latitude_cap,4,5000,6,historical_density,south_of_60n,spherical_cell_area,92628,-2.1025524503236963,13.301811086996103,22.252833318071843,60.0
2010,whole_blocks_latitude_cap,4,5000,6,spatial_coverage,global,equal_cell,92628,-0.77669958270443,12.349041922900652,20.09292932002176,60.0
2010,whole_blocks_latitude_cap,4,5000,6,spatial_coverage,global,spherical_cell_area,92628,-1.2770136154842366,12.20243961298076,19.988286773072467,60.0
2010,whole_blocks_latitude_cap,4,5000,6,spatial_coverage,south_of_60n,equal_cell,92628,-0.77669958270443,12.349041922900652,20.09292932002176,60.0
2010,whole_blocks_latitude_cap,4,5000,6,spatial_coverage,south_of_60n,spherical_cell_area,92628,-1.2770136154842366,12.20243961298076,19.988286773072467,60.0
2010,whole_blocks_latitude_cap,4,5000,7,random,global,equal_cell,92628,-0.3835322162744429,11.854130152680757,19.80130524620074,60.0
2010,whole_blocks_latitude_cap,4,5000,7,random,global,spherical_cell_area,92628,-0.9914728218736732,11.456061140055017,19.397967196721943,60.0
2010,whole_blocks_latitude_cap,4,5000,7,random,south_of_60n,equal_cell,92628,-0.3835322162744429,11.854130152680757,19.80130524620074,60.0
2010,whole_blocks_latitude_cap,4,5000,7,random,south_of_60n,spherical_cell_area,92628,-0.9914728218736732,11.456061140055017,19.397967196721943,60.0
2010,whole_blocks_latitude_cap,4,5000,7,historical_density,global,equal_cell,92628,-2.011401389971616,13.657764203294793,21.89086366018312,60.0
2010,whole_blocks_latitude_cap,4,5000,7,historical_density,global,spherical_cell_area,92628,-2.085967087738574,13.371602916731138,21.875682273878898,60.0
2010,whole_blocks_latitude_cap,4,5000,7,historical_density,south_of_60n,equal_cell,92628,-2.011401389971616,13.657764203294793,21.89086366018312,60.0
2010,whole_blocks_latitude_cap,4,5000,7,historical_density,south_of_60n,spherical_cell_area,92628,-2.085967087738574,13.371602916731138,21.875682273878898,60.0
2010,whole_blocks_latitude_cap,4,5000,7,spatial_coverage,global,equal_cell,92628,-0.7322134020634117,12.201312436671666,19.58457264898822,60.0
2010,whole_blocks_latitude_cap,4,5000,7,spatial_coverage,global,spherical_cell_area,92628,-1.0795167615810175,11.992207298736076,19.372777717610678,60.0
2010,whole_blocks_latitude_cap,4,5000,7,spatial_coverage,south_of_60n,equal_cell,92628,-0.7322134020634117,12.201312436671666,19.58457264898822,60.0
2010,whole_blocks_latitude_cap,4,5000,7,spatial_coverage,south_of_60n,spherical_cell_area,92628,-1.0795167615810175,11.992207298736076,19.372777717610678,60.0
2010,whole_blocks_latitude_cap,4,5000,8,random,global,equal_cell,92628,-0.8797687125497614,11.373028040002575,19.5576799913175,60.0
2010,whole_blocks_latitude_cap,4,5000,8,random,global,spherical_cell_area,92628,-1.2764442298554128,11.144316056381635,19.590908402645077,60.0
2010,whole_blocks_latitude_cap,4,5000,8,random,south_of_60n,equal_cell,92628,-0.8797687125497614,11.373028040002575,19.5576799913175,60.0
2010,whole_blocks_latitude_cap,4,5000,8,random,south_of_60n,spherical_cell_area,92628,-1.2764442298554128,11.144316056381635,19.590908402645077,60.0
2010,whole_blocks_latitude_cap,4,5000,8,historical_density,global,equal_cell,92628,-2.334992011155338,14.070288745823431,22.517077089851977,60.0
2010,whole_blocks_latitude_cap,4,5000,8,historical_density,global,spherical_cell_area,92628,-2.143443536162259,13.653960847236537,22.33888299062177,60.0
2010,whole_blocks_latitude_cap,4,5000,8,historical_density,south_of_60n,equal_cell,92628,-2.334992011155338,14.070288745823431,22.517077089851977,60.0
2010,whole_blocks_latitude_cap,4,5000,8,historical_density,south_of_60n,spherical_cell_area,92628,-2.143443536162259,13.653960847236537,22.33888299062177,60.0
2010,whole_blocks_latitude_cap,4,5000,8,spatial_coverage,global,equal_cell,92628,-1.149185627161477,12.15818892244767,19.53566970388989,60.0
2010,whole_blocks_latitude_cap,4,5000,8,spatial_coverage,global,spherical_cell_area,92628,-1.4529774614995508,12.011523050664923,19.404114760361267,60.0
2010,whole_blocks_latitude_cap,4,5000,8,spatial_coverage,south_of_60n,equal_cell,92628,-1.149185627161477,12.15818892244767,19.53566970388989,60.0
2010,whole_blocks_latitude_cap,4,5000,8,spatial_coverage,south_of_60n,spherical_cell_area,92628,-1.4529774614995508,12.011523050664923,19.404114760361267,60.0
2010,whole_blocks_latitude_cap,4,5000,9,random,global,equal_cell,92628,-0.7293158379525586,11.848918059251035,20.086808178374223,60.0
2010,whole_blocks_latitude_cap,4,5000,9,random,global,spherical_cell_area,92628,-1.3718117116363495,11.490004329540154,19.577416833637816,60.0
2010,whole_blocks_latitude_cap,4,5000,9,random,south_of_60n,equal_cell,92628,-0.7293158379525586,11.848918059251035,20.086808178374223,60.0
2010,whole_blocks_latitude_cap,4,5000,9,random,south_of_60n,spherical_cell_area,92628,-1.3718117116363495,11.490004329540154,19.577416833637816,60.0
2010,whole_blocks_latitude_cap,4,5000,9,historical_density,global,equal_cell,92628,-1.807906645515849,13.553839279581782,21.9393203472884,60.0
2010,whole_blocks_latitude_cap,4,5000,9,historical_density,global,spherical_cell_area,92628,-1.9066186633649016,13.318534726711258,22.009514782064837,60.0
2010,whole_blocks_latitude_cap,4,5000,9,historical_density,south_of_60n,equal_cell,92628,-1.807906645515849,13.553839279581782,21.9393203472884,60.0
2010,whole_blocks_latitude_cap,4,5000,9,historical_density,south_of_60n,spherical_cell_area,92628,-1.9066186633649016,13.318534726711258,22.009514782064837,60.0
2010,whole_blocks_latitude_cap,4,5000,9,spatial_coverage,global,equal_cell,92628,-0.5467957588600215,12.412782817864368,20.274071620185847,60.0
2010,whole_blocks_latitude_cap,4,5000,9,spatial_coverage,global,spherical_cell_area,92628,-0.9208532786522357,12.339342736452725,20.472712889654243,60.0
2010,whole_blocks_latitude_cap,4,5000,9,spatial_coverage,south_of_60n,equal_cell,92628,-0.5467957588600215,12.412782817864368,20.274071620185847,60.0
2010,whole_blocks_latitude_cap,4,5000,9,spatial_coverage,south_of_60n,spherical_cell_area,92628,-0.9208532786522357,12.339342736452725,20.472712889654243,60.0
2010,whole_blocks_latitude_cap,4,5000,10,random,global,equal_cell,92628,-1.5109115198805012,11.819235538745671,20.80137096800177,60.0
2010,whole_blocks_latitude_cap,4,5000,10,random,global,spherical_cell_area,92628,-1.9246967714969485,11.643098993671757,20.90641417337497,60.0
2010,whole_blocks_latitude_cap,4,5000,10,random,south_of_60n,equal_cell,92628,-1.5109115198805012,11.819235538745671,20.80137096800177,60.0
2010,whole_blocks_latitude_cap,4,5000,10,random,south_of_60n,spherical_cell_area,92628,-1.9246967714969485,11.643098993671757,20.90641417337497,60.0
2010,whole_blocks_latitude_cap,4,5000,10,historical_density,global,equal_cell,92628,-1.915795393025632,13.770050320569563,22.007826239082927,60.0
2010,whole_blocks_latitude_cap,4,5000,10,historical_density,global,spherical_cell_area,92628,-1.803313231046379,13.413506805348227,21.86952254668711,60.0
2010,whole_blocks_latitude_cap,4,5000,10,historical_density,south_of_60n,equal_cell,92628,-1.915795393025632,13.770050320569563,22.007826239082927,60.0
2010,whole_blocks_latitude_cap,4,5000,10,historical_density,south_of_60n,spherical_cell_area,92628,-1.803313231046379,13.413506805348227,21.86952254668711,60.0
2010,whole_blocks_latitude_cap,4,5000,10,spatial_coverage,global,equal_cell,92628,-1.0657807912794288,12.58883410314326,20.2364327795515,60.0
2010,whole_blocks_latitude_cap,4,5000,10,spatial_coverage,global,spherical_cell_area,92628,-1.4939771849306915,12.400169349828602,19.99522441768565,60.0
2010,whole_blocks_latitude_cap,4,5000,10,spatial_coverage,south_of_60n,equal_cell,92628,-1.0657807912794288,12.58883410314326,20.2364327795515,60.0
2010,whole_blocks_latitude_cap,4,5000,10,spatial_coverage,south_of_60n,spherical_cell_area,92628,-1.4939771849306915,12.400169349828602,19.99522441768565,60.0
2010,whole_blocks_latitude_cap,4,5000,11,random,global,equal_cell,92628,-0.0157164160975346,12.287975434062789,21.183197409244343,60.0
2010,whole_blocks_latitude_cap,4,5000,11,random,global,spherical_cell_area,92628,-0.8130218732999545,11.879387178876526,20.88314749916279,60.0
2010,whole_blocks_latitude_cap,4,5000,11,random,south_of_60n,equal_cell,92628,-0.0157164160975346,12.287975434062789,21.183197409244343,60.0
2010,whole_blocks_latitude_cap,4,5000,11,random,south_of_60n,spherical_cell_area,92628,-0.8130218732999545,11.879387178876526,20.88314749916279,60.0
2010,whole_blocks_latitude_cap,4,5000,11,historical_density,global,equal_cell,92628,-2.214353221200021,14.003097051689336,22.35706652155245,60.0
2010,whole_blocks_latitude_cap,4,5000,11,historical_density,global,spherical_cell_area,92628,-2.202963299347539,13.658889370622733,22.322456616361627,60.0
2010,whole_blocks_latitude_cap,4,5000,11,historical_density,south_of_60n,equal_cell,92628,-2.214353221200021,14.003097051689336,22.35706652155245,60.0
2010,whole_blocks_latitude_cap,4,5000,11,historical_density,south_of_60n,spherical_cell_area,92628,-2.202963299347539,13.658889370622733,22.322456616361627,60.0
2010,whole_blocks_latitude_cap,4,5000,11,spatial_coverage,global,equal_cell,92628,-0.835902400349887,12.69074207840297,20.446587703312847,60.0
2010,whole_blocks_latitude_cap,4,5000,11,spatial_coverage,global,spherical_cell_area,92628,-1.259139672846486,12.51529966757705,20.289954204316818,60.0
2010,whole_blocks_latitude_cap,4,5000,11,spatial_coverage,south_of_60n,equal_cell,92628,-0.835902400349887,12.69074207840297,20.446587703312847,60.0
2010,whole_blocks_latitude_cap,4,5000,11,spatial_coverage,south_of_60n,spherical_cell_area,92628,-1.259139672846486,12.51529966757705,20.289954204316818,60.0
2010,whole_blocks_latitude_cap,4,5000,12,random,global,equal_cell,92628,-0.4985819014661484,12.472919182711546,20.74219504104244,60.0
2010,whole_blocks_latitude_cap,4,5000,12,random,global,spherical_cell_area,92628,-1.1691602427290877,12.076894902472032,20.277476324820565,60.0
2010,whole_blocks_latitude_cap,4,5000,12,random,south_of_60n,equal_cell,92628,-0.4985819014661484,12.472919182711546,20.74219504104244,60.0
2010,whole_blocks_latitude_cap,4,5000,12,random,south_of_60n,spherical_cell_area,92628,-1.1691602427290877,12.076894902472032,20.277476324820565,60.0
2010,whole_blocks_latitude_cap,4,5000,12,historical_density,global,equal_cell,92628,-1.84668929928718,13.301751507689316,21.706088162458432,60.0
2010,whole_blocks_latitude_cap,4,5000,12,historical_density,global,spherical_cell_area,92628,-1.9855736041395573,12.985009970995431,21.655621176601045,60.0
2010,whole_blocks_latitude_cap,4,5000,12,historical_density,south_of_60n,equal_cell,92628,-1.84668929928718,13.301751507689316,21.706088162458432,60.0
2010,whole_blocks_latitude_cap,4,5000,12,historical_density,south_of_60n,spherical_cell_area,92628,-1.9855736041395573,12.985009970995431,21.655621176601045,60.0
2010,whole_blocks_latitude_cap,4,5000,12,spatial_coverage,global,equal_cell,92628,-1.2650965559599785,12.0688304207898,19.52097195817949,60.0
2010,whole_blocks_latitude_cap,4,5000,12,spatial_coverage,global,spherical_cell_area,92628,-1.6302606233278976,11.948789266488848,19.4685041433666,60.0
2010,whole_blocks_latitude_cap,4,5000,12,spatial_coverage,south_of_60n,equal_cell,92628,-1.2650965559599785,12.0688304207898,19.52097195817949,60.0
2010,whole_blocks_latitude_cap,4,5000,12,spatial_coverage,south_of_60n,spherical_cell_area,92628,-1.6302606233278976,11.948789266488848,19.4685041433666,60.0
2010,whole_blocks_latitude_cap,4,5000,13,random,global,equal_cell,92628,-0.3971909987865303,12.081536925427953,20.36789553708113,60.0
2010,whole_blocks_latitude_cap,4,5000,13,random,global,spherical_cell_area,92628,-0.9415364030909618,11.791046378096716,20.131533062713995,60.0
2010,whole_blocks_latitude_cap,4,5000,13,random,south_of_60n,equal_cell,92628,-0.3971909987865303,12.081536925427953,20.36789553708113,60.0
2010,whole_blocks_latitude_cap,4,5000,13,random,south_of_60n,spherical_cell_area,92628,-0.9415364030909618,11.791046378096716,20.131533062713995,60.0
2010,whole_blocks_latitude_cap,4,5000,13,historical_density,global,equal_cell,92628,-2.0486169560078618,13.536685879002423,21.960244025603107,60.0
2010,whole_blocks_latitude_cap,4,5000,13,historical_density,global,spherical_cell_area,92628,-2.020053350083827,13.22416959151866,21.96042049842638,60.0
2010,whole_blocks_latitude_cap,4,5000,13,historical_density,south_of_60n,equal_cell,92628,-2.0486169560078618,13.536685879002423,21.960244025603107,60.0
2010,whole_blocks_latitude_cap,4,5000,13,historical_density,south_of_60n,spherical_cell_area,92628,-2.020053350083827,13.22416959151866,21.96042049842638,60.0
2010,whole_blocks_latitude_cap,4,5000,13,spatial_coverage,global,equal_cell,92628,-1.2430833917792172,12.653237289310637,20.52680350637764,60.0
2010,whole_blocks_latitude_cap,4,5000,13,spatial_coverage,global,spherical_cell_area,92628,-1.796968347130024,12.438618030419969,20.4467595643318,60.0
2010,whole_blocks_latitude_cap,4,5000,13,spatial_coverage,south_of_60n,equal_cell,92628,-1.2430833917792172,12.653237289310637,20.52680350637764,60.0
2010,whole_blocks_latitude_cap,4,5000,13,spatial_coverage,south_of_60n,spherical_cell_area,92628,-1.796968347130024,12.438618030419969,20.4467595643318,60.0
2010,whole_blocks_latitude_cap,4,5000,14,random,global,equal_cell,92628,-0.8715798409182993,12.5463875285802,21.05517191547097,60.0
2010,whole_blocks_latitude_cap,4,5000,14,random,global,spherical_cell_area,92628,-1.2965065460758205,12.366644374798131,20.876863442372656,60.0
2010,whole_blocks_latitude_cap,4,5000,14,random,south_of_60n,equal_cell,92628,-0.8715798409182993,12.5463875285802,21.05517191547097,60.0
2010,whole_blocks_latitude_cap,4,5000,14,random,south_of_60n,spherical_cell_area,92628,-1.2965065460758205,12.366644374798131,20.876863442372656,60.0
2010,whole_blocks_latitude_cap,4,5000,14,historical_density,global,equal_cell,92628,-2.1289461761233297,14.181354939375993,22.951820338699363,60.0
2010,whole_blocks_latitude_cap,4,5000,14,historical_density,global,spherical_cell_area,92628,-2.091757777267869,13.833637516262607,22.95552096792381,60.0
2010,whole_blocks_latitude_cap,4,5000,14,historical_density,south_of_60n,equal_cell,92628,-2.1289461761233297,14.181354939375993,22.951820338699363,60.0
2010,whole_blocks_latitude_cap,4,5000,14,historical_density,south_of_60n,spherical_cell_area,92628,-2.091757777267869,13.833637516262607,22.95552096792381,60.0
2010,whole_blocks_latitude_cap,4,5000,14,spatial_coverage,global,equal_cell,92628,-1.2303817900801064,12.851808311945229,20.427561046661896,60.0
2010,whole_blocks_latitude_cap,4,5000,14,spatial_coverage,global,spherical_cell_area,92628,-1.5721341385606822,12.694852655457527,20.2457938305197,60.0
2010,whole_blocks_latitude_cap,4,5000,14,spatial_coverage,south_of_60n,equal_cell,92628,-1.2303817900801064,12.851808311945229,20.427561046661896,60.0
2010,whole_blocks_latitude_cap,4,5000,14,spatial_coverage,south_of_60n,spherical_cell_area,92628,-1.5721341385606822,12.694852655457527,20.2457938305197,60.0
2010,whole_blocks_latitude_cap,4,5000,15,random,global,equal_cell,92628,-0.818082064643761,12.407883306226728,21.011141975435827,60.0
2010,whole_blocks_latitude_cap,4,5000,15,random,global,spherical_cell_area,92628,-1.3464104084541102,12.068163158061424,20.727240921887752,60.0
2010,whole_blocks_latitude_cap,4,5000,15,random,south_of_60n,equal_cell,92628,-0.818082064643761,12.407883306226728,21.011141975435827,60.0
2010,whole_blocks_latitude_cap,4,5000,15,random,south_of_60n,spherical_cell_area,92628,-1.3464104084541102,12.068163158061424,20.727240921887752,60.0
2010,whole_blocks_latitude_cap,4,5000,15,historical_density,global,equal_cell,92628,-2.7567989567718363,13.644295792139513,22.101826120808987,60.0
2010,whole_blocks_latitude_cap,4,5000,15,historical_density,global,spherical_cell_area,92628,-2.9608781672556725,13.319148579478265,22.094840995906143,60.0
2010,whole_blocks_latitude_cap,4,5000,15,historical_density,south_of_60n,equal_cell,92628,-2.7567989567718363,13.644295792139513,22.101826120808987,60.0
2010,whole_blocks_latitude_cap,4,5000,15,historical_density,south_of_60n,spherical_cell_area,92628,-2.9608781672556725,13.319148579478265,22.094840995906143,60.0
2010,whole_blocks_latitude_cap,4,5000,15,spatial_coverage,global,equal_cell,92628,-0.6142943859370472,12.37056332162064,20.309535856824084,60.0
2010,whole_blocks_latitude_cap,4,5000,15,spatial_coverage,global,spherical_cell_area,92628,-1.138993907553122,12.203844316355328,20.28568633006045,60.0
2010,whole_blocks_latitude_cap,4,5000,15,spatial_coverage,south_of_60n,equal_cell,92628,-0.6142943859370472,12.37056332162064,20.309535856824084,60.0
2010,whole_blocks_latitude_cap,4,5000,15,spatial_coverage,south_of_60n,spherical_cell_area,92628,-1.138993907553122,12.203844316355328,20.28568633006045,60.0
2010,whole_blocks_latitude_cap,4,5000,16,random,global,equal_cell,92628,-0.2521759347430293,12.622034195131198,21.649365031332277,60.0
2010,whole_blocks_latitude_cap,4,5000,16,random,global,spherical_cell_area,92628,-0.9277765593785194,12.172087227291511,21.08064464366843,60.0
2010,whole_blocks_latitude_cap,4,5000,16,random,south_of_60n,equal_cell,92628,-0.2521759347430293,12.622034195131198,21.649365031332277,60.0
2010,whole_blocks_latitude_cap,4,5000,16,random,south_of_60n,spherical_cell_area,92628,-0.9277765593785194,12.172087227291511,21.08064464366843,60.0
2010,whole_blocks_latitude_cap,4,5000,16,historical_density,global,equal_cell,92628,-2.8428607079914423,13.930789070974166,22.76169200830768,60.0
2010,whole_blocks_latitude_cap,4,5000,16,historical_density,global,spherical_cell_area,92628,-2.6526425703629477,13.495911622190697,22.58905339031295,60.0
2010,whole_blocks_latitude_cap,4,5000,16,historical_density,south_of_60n,equal_cell,92628,-2.8428607079914423,13.930789070974166,22.76169200830768,60.0
2010,whole_blocks_latitude_cap,4,5000,16,historical_density,south_of_60n,spherical_cell_area,92628,-2.6526425703629477,13.495911622190697,22.58905339031295,60.0
2010,whole_blocks_latitude_cap,4,5000,16,spatial_coverage,global,equal_cell,92628,-1.2505935241548378,12.871366967945736,20.44830712981093,60.0
2010,whole_blocks_latitude_cap,4,5000,16,spatial_coverage,global,spherical_cell_area,92628,-1.4524045149714606,12.741710039908511,20.244888132798717,60.0
2010,whole_blocks_latitude_cap,4,5000,16,spatial_coverage,south_of_60n,equal_cell,92628,-1.2505935241548378,12.871366967945736,20.44830712981093,60.0
2010,whole_blocks_latitude_cap,4,5000,16,spatial_coverage,south_of_60n,spherical_cell_area,92628,-1.4524045149714606,12.741710039908511,20.244888132798717,60.0
2010,whole_blocks_latitude_cap,4,5000,17,random,global,equal_cell,92628,-1.4077502267829898,12.119202720802903,19.95740716342692,60.0
2010,whole_blocks_latitude_cap,4,5000,17,random,global,spherical_cell_area,92628,-1.869990396110702,11.90511897167593,19.72002279955399,60.0
2010,whole_blocks_latitude_cap,4,5000,17,random,south_of_60n,equal_cell,92628,-1.4077502267829898,12.119202720802903,19.95740716342692,60.0
2010,whole_blocks_latitude_cap,4,5000,17,random,south_of_60n,spherical_cell_area,92628,-1.869990396110702,11.90511897167593,19.72002279955399,60.0
2010,whole_blocks_latitude_cap,4,5000,17,historical_density,global,equal_cell,92628,-0.8966819846071882,13.636646686708064,22.02820994621879,60.0
2010,whole_blocks_latitude_cap,4,5000,17,historical_density,global,spherical_cell_area,92628,-1.1305904163955358,13.329604508123282,22.01097467576966,60.0
2010,whole_blocks_latitude_cap,4,5000,17,historical_density,south_of_60n,equal_cell,92628,-0.8966819846071882,13.636646686708064,22.02820994621879,60.0
2010,whole_blocks_latitude_cap,4,5000,17,historical_density,south_of_60n,spherical_cell_area,92628,-1.1305904163955358,13.329604508123282,22.01097467576966,60.0
2010,whole_blocks_latitude_cap,4,5000,17,spatial_coverage,global,equal_cell,92628,-1.056110037903889,12.398375743200177,20.16653367394697,60.0
2010,whole_blocks_latitude_cap,4,5000,17,spatial_coverage,global,spherical_cell_area,92628,-1.3585382374512878,12.17663089556458,20.003023391866957,60.0
2010,whole_blocks_latitude_cap,4,5000,17,spatial_coverage,south_of_60n,equal_cell,92628,-1.056110037903889,12.398375743200177,20.16653367394697,60.0
2010,whole_blocks_latitude_cap,4,5000,17,spatial_coverage,south_of_60n,spherical_cell_area,92628,-1.3585382374512878,12.17663089556458,20.003023391866957,60.0
2010,whole_blocks_latitude_cap,4,5000,18,random,global,equal_cell,92628,-0.9764910754183076,11.896679184739028,20.54031733214142,60.0
2010,whole_blocks_latitude_cap,4,5000,18,random,global,spherical_cell_area,92628,-1.4738887155852949,11.720792522253577,20.54647939487842,60.0
2010,whole_blocks_latitude_cap,4,5000,18,random,south_of_60n,equal_cell,92628,-0.9764910754183076,11.896679184739028,20.54031733214142,60.0
2010,whole_blocks_latitude_cap,4,5000,18,random,south_of_60n,spherical_cell_area,92628,-1.4738887155852949,11.720792522253577,20.54647939487842,60.0
2010,whole_blocks_latitude_cap,4,5000,18,historical_density,global,equal_cell,92628,-1.7166557770087985,13.841967511202093,21.99307487085116,60.0
2010,whole_blocks_latitude_cap,4,5000,18,historical_density,global,spherical_cell_area,92628,-1.924848410447007,13.624344061157458,22.03145978649576,60.0
2010,whole_blocks_latitude_cap,4,5000,18,historical_density,south_of_60n,equal_cell,92628,-1.7166557770087985,13.841967511202093,21.99307487085116,60.0
2010,whole_blocks_latitude_cap,4,5000,18,historical_density,south_of_60n,spherical_cell_area,92628,-1.924848410447007,13.624344061157458,22.03145978649576,60.0
2010,whole_blocks_latitude_cap,4,5000,18,spatial_coverage,global,equal_cell,92628,-1.3888233946382478,12.555434551582056,20.390256737331,60.0
2010,whole_blocks_latitude_cap,4,5000,18,spatial_coverage,global,spherical_cell_area,92628,-1.76253477637636,12.458167334588316,20.36349607228997,60.0
2010,whole_blocks_latitude_cap,4,5000,18,spatial_coverage,south_of_60n,equal_cell,92628,-1.3888233946382478,12.555434551582056,20.390256737331,60.0
2010,whole_blocks_latitude_cap,4,5000,18,spatial_coverage,south_of_60n,spherical_cell_area,92628,-1.76253477637636,12.458167334588316,20.36349607228997,60.0
2010,whole_blocks_latitude_cap,4,5000,19,random,global,equal_cell,92628,-0.9243854898991588,12.038764932959156,20.118989713312292,60.0
2010,whole_blocks_latitude_cap,4,5000,19,random,global,spherical_cell_area,92628,-1.317785796082949,11.773806687407538,19.74152265621216,60.0
2010,whole_blocks_latitude_cap,4,5000,19,random,south_of_60n,equal_cell,92628,-0.9243854898991588,12.038764932959156,20.118989713312292,60.0
2010,whole_blocks_latitude_cap,4,5000,19,random,south_of_60n,spherical_cell_area,92628,-1.317785796082949,11.773806687407538,19.74152265621216,60.0
2010,whole_blocks_latitude_cap,4,5000,19,historical_density,global,equal_cell,92628,-2.0808022275801767,13.526285776431967,21.94327291801165,60.0
2010,whole_blocks_latitude_cap,4,5000,19,historical_density,global,spherical_cell_area,92628,-2.1119646268950234,13.173779078610622,21.94232140127384,60.0
2010,whole_blocks_latitude_cap,4,5000,19,historical_density,south_of_60n,equal_cell,92628,-2.0808022275801767,13.526285776431967,21.94327291801165,60.0
2010,whole_blocks_latitude_cap,4,5000,19,historical_density,south_of_60n,spherical_cell_area,92628,-2.1119646268950234,13.173779078610622,21.94232140127384,60.0
2010,whole_blocks_latitude_cap,4,5000,19,spatial_coverage,global,equal_cell,92628,-0.9307995235014588,12.23990853446344,19.433641863734696,60.0
2010,whole_blocks_latitude_cap,4,5000,19,spatial_coverage,global,spherical_cell_area,92628,-1.1633457255463031,12.018687176675472,19.30118905376586,60.0
2010,whole_blocks_latitude_cap,4,5000,19,spatial_coverage,south_of_60n,equal_cell,92628,-0.9307995235014588,12.23990853446344,19.433641863734696,60.0
2010,whole_blocks_latitude_cap,4,5000,19,spatial_coverage,south_of_60n,spherical_cell_area,92628,-1.1633457255463031,12.018687176675472,19.30118905376586,60.0
2014,hidden_cells_latitude_cap,-1,5000,0,random,global,equal_cell,86916,-0.0868494274543314,10.0418007267216,20.56030389268121,60.0
2014,hidden_cells_latitude_cap,-1,5000,0,random,global,spherical_cell_area,86916,-0.113989632657903,9.864701955831752,20.88651429338936,60.0
2014,hidden_cells_latitude_cap,-1,5000,0,random,south_of_60n,equal_cell,86916,-0.0868494274543314,10.0418007267216,20.56030389268121,60.0
2014,hidden_cells_latitude_cap,-1,5000,0,random,south_of_60n,spherical_cell_area,86916,-0.113989632657903,9.864701955831752,20.88651429338936,60.0
2014,hidden_cells_latitude_cap,-1,5000,0,historical_density,global,equal_cell,86916,-0.8838468003802936,13.012896735368017,24.81234619412997,60.0
2014,hidden_cells_latitude_cap,-1,5000,0,historical_density,global,spherical_cell_area,86916,-0.49029046483125,12.84391628325216,24.99510323792562,60.0
2014,hidden_cells_latitude_cap,-1,5000,0,historical_density,south_of_60n,equal_cell,86916,-0.8838468003802936,13.012896735368017,24.81234619412997,60.0
2014,hidden_cells_latitude_cap,-1,5000,0,historical_density,south_of_60n,spherical_cell_area,86916,-0.49029046483125,12.84391628325216,24.99510323792562,60.0
2014,hidden_cells_latitude_cap,-1,5000,0,spatial_coverage,global,equal_cell,86916,0.0280722814408181,9.915679754518107,18.765123705108632,60.0
2014,hidden_cells_latitude_cap,-1,5000,0,spatial_coverage,global,spherical_cell_area,86916,0.0527678425324672,9.823937174917749,19.368658834483167,60.0
2014,hidden_cells_latitude_cap,-1,5000,0,spatial_coverage,south_of_60n,equal_cell,86916,0.0280722814408181,9.915679754518107,18.765123705108632,60.0
2014,hidden_cells_latitude_cap,-1,5000,0,spatial_coverage,south_of_60n,spherical_cell_area,86916,0.0527678425324672,9.823937174917749,19.368658834483167,60.0
2014,hidden_cells_latitude_cap,-1,5000,1,random,global,equal_cell,86916,-0.4345145879112518,10.062834005610512,20.671667785279737,60.0
2014,hidden_cells_latitude_cap,-1,5000,1,random,global,spherical_cell_area,86916,-0.4905102730914337,9.981391405252356,21.144444966210468,60.0
2014,hidden_cells_latitude_cap,-1,5000,1,random,south_of_60n,equal_cell,86916,-0.4345145879112518,10.062834005610512,20.671667785279737,60.0
2014,hidden_cells_latitude_cap,-1,5000,1,random,south_of_60n,spherical_cell_area,86916,-0.4905102730914337,9.981391405252356,21.144444966210468,60.0
2014,hidden_cells_latitude_cap,-1,5000,1,historical_density,global,equal_cell,86916,-1.2678862375612352,13.129235616209773,25.17508237502531,60.0
2014,hidden_cells_latitude_cap,-1,5000,1,historical_density,global,spherical_cell_area,86916,-0.7926929666998265,12.936607670220909,25.293990792398585,60.0
2014,hidden_cells_latitude_cap,-1,5000,1,historical_density,south_of_60n,equal_cell,86916,-1.2678862375612352,13.129235616209773,25.17508237502531,60.0
2014,hidden_cells_latitude_cap,-1,5000,1,historical_density,south_of_60n,spherical_cell_area,86916,-0.7926929666998265,12.936607670220909,25.293990792398585,60.0
2014,hidden_cells_latitude_cap,-1,5000,1,spatial_coverage,global,equal_cell,86916,-0.4056248863396637,9.982185489322212,18.09412829757421,60.0
2014,hidden_cells_latitude_cap,-1,5000,1,spatial_coverage,global,spherical_cell_area,86916,-0.2860452756051042,9.917511494467306,18.475812682224863,60.0
2014,hidden_cells_latitude_cap,-1,5000,1,spatial_coverage,south_of_60n,equal_cell,86916,-0.4056248863396637,9.982185489322212,18.09412829757421,60.0
2014,hidden_cells_latitude_cap,-1,5000,1,spatial_coverage,south_of_60n,spherical_cell_area,86916,-0.2860452756051042,9.917511494467306,18.475812682224863,60.0
2014,hidden_cells_latitude_cap,-1,5000,2,random,global,equal_cell,86916,0.1577138882387626,9.734793275585869,19.57463579530452,60.0
2014,hidden_cells_latitude_cap,-1,5000,2,random,global,spherical_cell_area,86916,0.0908247622640709,9.57659277143502,19.946039198573427,60.0
2014,hidden_cells_latitude_cap,-1,5000,2,random,south_of_60n,equal_cell,86916,0.1577138882387626,9.734793275585869,19.57463579530452,60.0
2014,hidden_cells_latitude_cap,-1,5000,2,random,south_of_60n,spherical_cell_area,86916,0.0908247622640709,9.57659277143502,19.946039198573427,60.0
2014,hidden_cells_latitude_cap,-1,5000,2,historical_density,global,equal_cell,86916,-1.577777711217187,12.588556065894704,25.206423989060465,60.0
2014,hidden_cells_latitude_cap,-1,5000,2,historical_density,global,spherical_cell_area,86916,-1.1791181535501685,12.315258786381175,25.1915825521006,60.0
2014,hidden_cells_latitude_cap,-1,5000,2,historical_density,south_of_60n,equal_cell,86916,-1.577777711217187,12.588556065894704,25.206423989060465,60.0
2014,hidden_cells_latitude_cap,-1,5000,2,historical_density,south_of_60n,spherical_cell_area,86916,-1.1791181535501685,12.315258786381175,25.1915825521006,60.0
2014,hidden_cells_latitude_cap,-1,5000,2,spatial_coverage,global,equal_cell,86916,0.0233040637146236,9.883734134645067,18.3665796194057,60.0
2014,hidden_cells_latitude_cap,-1,5000,2,spatial_coverage,global,spherical_cell_area,86916,0.0300494059046359,9.82451035985665,18.920151069794706,60.0
2014,hidden_cells_latitude_cap,-1,5000,2,spatial_coverage,south_of_60n,equal_cell,86916,0.0233040637146236,9.883734134645067,18.3665796194057,60.0
2014,hidden_cells_latitude_cap,-1,5000,2,spatial_coverage,south_of_60n,spherical_cell_area,86916,0.0300494059046359,9.82451035985665,18.920151069794706,60.0
2014,hidden_cells_latitude_cap,-1,5000,3,random,global,equal_cell,86916,-0.2598408327887743,9.653618361527547,19.818765359226088,60.0
2014,hidden_cells_latitude_cap,-1,5000,3,random,global,spherical_cell_area,86916,-0.260401003894623,9.5486559621003,20.267794100649912,60.0
2014,hidden_cells_latitude_cap,-1,5000,3,random,south_of_60n,equal_cell,86916,-0.2598408327887743,9.653618361527547,19.818765359226088,60.0
2014,hidden_cells_latitude_cap,-1,5000,3,random,south_of_60n,spherical_cell_area,86916,-0.260401003894623,9.5486559621003,20.267794100649912,60.0
2014,hidden_cells_latitude_cap,-1,5000,3,historical_density,global,equal_cell,86916,-1.0090837905047922,12.389212027312892,25.374415457962275,60.0
2014,hidden_cells_latitude_cap,-1,5000,3,historical_density,global,spherical_cell_area,86916,-0.5458181356226289,12.180113475116292,25.26761969524492,60.0
2014,hidden_cells_latitude_cap,-1,5000,3,historical_density,south_of_60n,equal_cell,86916,-1.0090837905047922,12.389212027312892,25.374415457962275,60.0
2014,hidden_cells_latitude_cap,-1,5000,3,historical_density,south_of_60n,spherical_cell_area,86916,-0.5458181356226289,12.180113475116292,25.26761969524492,60.0
2014,hidden_cells_latitude_cap,-1,5000,3,spatial_coverage,global,equal_cell,86916,-0.1974504615765543,10.228329803019786,17.89754635683526,60.0
2014,hidden_cells_latitude_cap,-1,5000,3,spatial_coverage,global,spherical_cell_area,86916,-0.0217827280256254,10.102084990796088,18.147748018786192,60.0
2014,hidden_cells_latitude_cap,-1,5000,3,spatial_coverage,south_of_60n,equal_cell,86916,-0.1974504615765543,10.228329803019786,17.89754635683526,60.0
2014,hidden_cells_latitude_cap,-1,5000,3,spatial_coverage,south_of_60n,spherical_cell_area,86916,-0.0217827280256254,10.102084990796088,18.147748018786192,60.0
2014,hidden_cells_latitude_cap,-1,5000,4,random,global,equal_cell,86916,0.4937153720860381,10.127491917444084,20.704456944202704,60.0
2014,hidden_cells_latitude_cap,-1,5000,4,random,global,spherical_cell_area,86916,0.4539073187822245,10.037921568119202,20.901102320759065,60.0
2014,hidden_cells_latitude_cap,-1,5000,4,random,south_of_60n,equal_cell,86916,0.4937153720860381,10.127491917444084,20.704456944202704,60.0
2014,hidden_cells_latitude_cap,-1,5000,4,random,south_of_60n,spherical_cell_area,86916,0.4539073187822245,10.037921568119202,20.901102320759065,60.0
2014,hidden_cells_latitude_cap,-1,5000,4,historical_density,global,equal_cell,86916,-1.4554185904970134,12.367765424596003,24.130365137404556,60.0
2014,hidden_cells_latitude_cap,-1,5000,4,historical_density,global,spherical_cell_area,86916,-1.1691707015932244,12.177688068696058,24.332458890183013,60.0
2014,hidden_cells_latitude_cap,-1,5000,4,historical_density,south_of_60n,equal_cell,86916,-1.4554185904970134,12.367765424596003,24.130365137404556,60.0
2014,hidden_cells_latitude_cap,-1,5000,4,historical_density,south_of_60n,spherical_cell_area,86916,-1.1691707015932244,12.177688068696058,24.332458890183013,60.0
2014,hidden_cells_latitude_cap,-1,5000,4,spatial_coverage,global,equal_cell,86916,-0.1275609855786544,9.653936162763154,18.33154783717949,60.0
2014,hidden_cells_latitude_cap,-1,5000,4,spatial_coverage,global,spherical_cell_area,86916,-0.0464407504905267,9.577193442801176,18.86747958580816,60.0
2014,hidden_cells_latitude_cap,-1,5000,4,spatial_coverage,south_of_60n,equal_cell,86916,-0.1275609855786544,9.653936162763154,18.33154783717949,60.0
2014,hidden_cells_latitude_cap,-1,5000,4,spatial_coverage,south_of_60n,spherical_cell_area,86916,-0.0464407504905267,9.577193442801176,18.86747958580816,60.0
2014,hidden_cells_latitude_cap,-1,5000,5,random,global,equal_cell,86916,-0.269289939523687,9.915766174715126,19.671556776204383,60.0
2014,hidden_cells_latitude_cap,-1,5000,5,random,global,spherical_cell_area,86916,-0.2875412334462899,9.761502660245815,20.09998921525648,60.0
2014,hidden_cells_latitude_cap,-1,5000,5,random,south_of_60n,equal_cell,86916,-0.269289939523687,9.915766174715126,19.671556776204383,60.0
2014,hidden_cells_latitude_cap,-1,5000,5,random,south_of_60n,spherical_cell_area,86916,-0.2875412334462899,9.761502660245815,20.09998921525648,60.0
2014,hidden_cells_latitude_cap,-1,5000,5,historical_density,global,equal_cell,86916,-1.0112563287864582,12.926960957239237,25.093842900314304,60.0
2014,hidden_cells_latitude_cap,-1,5000,5,historical_density,global,spherical_cell_area,86916,-0.7090625890538766,12.763481407942288,25.25617110453664,60.0
2014,hidden_cells_latitude_cap,-1,5000,5,historical_density,south_of_60n,equal_cell,86916,-1.0112563287864582,12.926960957239237,25.093842900314304,60.0
2014,hidden_cells_latitude_cap,-1,5000,5,historical_density,south_of_60n,spherical_cell_area,86916,-0.7090625890538766,12.763481407942288,25.25617110453664,60.0
2014,hidden_cells_latitude_cap,-1,5000,5,spatial_coverage,global,equal_cell,86916,-0.6550000838913526,10.370366590203895,19.062812037052176,60.0
2014,hidden_cells_latitude_cap,-1,5000,5,spatial_coverage,global,spherical_cell_area,86916,-0.6232391409382534,10.323458353915337,19.65194453270051,60.0
2014,hidden_cells_latitude_cap,-1,5000,5,spatial_coverage,south_of_60n,equal_cell,86916,-0.6550000838913526,10.370366590203895,19.062812037052176,60.0
2014,hidden_cells_latitude_cap,-1,5000,5,spatial_coverage,south_of_60n,spherical_cell_area,86916,-0.6232391409382534,10.323458353915337,19.65194453270051,60.0
2014,hidden_cells_latitude_cap,-1,5000,6,random,global,equal_cell,86916,-0.0849622426225581,9.818179210435042,18.593180790069013,60.0
2014,hidden_cells_latitude_cap,-1,5000,6,random,global,spherical_cell_area,86916,-0.1641857525204605,9.741772761246542,18.85181481970138,60.0
2014,hidden_cells_latitude_cap,-1,5000,6,random,south_of_60n,equal_cell,86916,-0.0849622426225581,9.818179210435042,18.593180790069013,60.0
2014,hidden_cells_latitude_cap,-1,5000,6,random,south_of_60n,spherical_cell_area,86916,-0.1641857525204605,9.741772761246542,18.85181481970138,60.0
2014,hidden_cells_latitude_cap,-1,5000,6,historical_density,global,equal_cell,86916,-0.9913545610034872,12.536881130989636,24.205957785517818,60.0
2014,hidden_cells_latitude_cap,-1,5000,6,historical_density,global,spherical_cell_area,86916,-0.5603917652474449,12.333052137018615,24.3405631620665,60.0
2014,hidden_cells_latitude_cap,-1,5000,6,historical_density,south_of_60n,equal_cell,86916,-0.9913545610034872,12.536881130989636,24.205957785517818,60.0
2014,hidden_cells_latitude_cap,-1,5000,6,historical_density,south_of_60n,spherical_cell_area,86916,-0.5603917652474449,12.333052137018615,24.3405631620665,60.0
2014,hidden_cells_latitude_cap,-1,5000,6,spatial_coverage,global,equal_cell,86916,-0.0781633775879691,10.105535762810913,18.28245660512654,60.0
2014,hidden_cells_latitude_cap,-1,5000,6,spatial_coverage,global,spherical_cell_area,86916,0.0245622555631504,9.979574653728962,18.632892980147357,60.0
2014,hidden_cells_latitude_cap,-1,5000,6,spatial_coverage,south_of_60n,equal_cell,86916,-0.0781633775879691,10.105535762810913,18.28245660512654,60.0
2014,hidden_cells_latitude_cap,-1,5000,6,spatial_coverage,south_of_60n,spherical_cell_area,86916,0.0245622555631504,9.979574653728962,18.632892980147357,60.0
2014,hidden_cells_latitude_cap,-1,5000,7,random,global,equal_cell,86916,-0.1109300483811239,9.82330779716827,20.238676084000907,60.0
2014,hidden_cells_latitude_cap,-1,5000,7,random,global,spherical_cell_area,86916,-0.1992971445897589,9.727050368800734,20.786659896704386,60.0
2014,hidden_cells_latitude_cap,-1,5000,7,random,south_of_60n,equal_cell,86916,-0.1109300483811239,9.82330779716827,20.238676084000907,60.0
2014,hidden_cells_latitude_cap,-1,5000,7,random,south_of_60n,spherical_cell_area,86916,-0.1992971445897589,9.727050368800734,20.786659896704386,60.0
2014,hidden_cells_latitude_cap,-1,5000,7,historical_density,global,equal_cell,86916,-1.4299143279830462,12.971599572837787,24.63560195559931,60.0
2014,hidden_cells_latitude_cap,-1,5000,7,historical_density,global,spherical_cell_area,86916,-1.1480098420806422,12.851518261112044,24.901331586578287,60.0
2014,hidden_cells_latitude_cap,-1,5000,7,historical_density,south_of_60n,equal_cell,86916,-1.4299143279830462,12.971599572837787,24.63560195559931,60.0
2014,hidden_cells_latitude_cap,-1,5000,7,historical_density,south_of_60n,spherical_cell_area,86916,-1.1480098420806422,12.851518261112044,24.901331586578287,60.0
2014,hidden_cells_latitude_cap,-1,5000,7,spatial_coverage,global,equal_cell,86916,-0.3675627238606511,9.77887529132776,18.655896041644283,60.0
2014,hidden_cells_latitude_cap,-1,5000,7,spatial_coverage,global,spherical_cell_area,86916,-0.3658775818728231,9.71679717610017,19.253174717604736,60.0
2014,hidden_cells_latitude_cap,-1,5000,7,spatial_coverage,south_of_60n,equal_cell,86916,-0.3675627238606511,9.77887529132776,18.655896041644283,60.0
2014,hidden_cells_latitude_cap,-1,5000,7,spatial_coverage,south_of_60n,spherical_cell_area,86916,-0.3658775818728231,9.71679717610017,19.253174717604736,60.0
2014,hidden_cells_latitude_cap,-1,5000,8,random,global,equal_cell,86916,-0.2454097232151855,9.848171230497998,20.59887295104797,60.0
2014,hidden_cells_latitude_cap,-1,5000,8,random,global,spherical_cell_area,86916,-0.2296103656674173,9.694796510051413,20.93582892983279,60.0
2014,hidden_cells_latitude_cap,-1,5000,8,random,south_of_60n,equal_cell,86916,-0.2454097232151855,9.848171230497998,20.59887295104797,60.0
2014,hidden_cells_latitude_cap,-1,5000,8,random,south_of_60n,spherical_cell_area,86916,-0.2296103656674173,9.694796510051413,20.93582892983279,60.0
2014,hidden_cells_latitude_cap,-1,5000,8,historical_density,global,equal_cell,86916,-0.6166315965927438,12.747369844817491,24.27747355053963,60.0
2014,hidden_cells_latitude_cap,-1,5000,8,historical_density,global,spherical_cell_area,86916,-0.1542239984379709,12.59489136709196,24.483475214029085,60.0
2014,hidden_cells_latitude_cap,-1,5000,8,historical_density,south_of_60n,equal_cell,86916,-0.6166315965927438,12.747369844817491,24.27747355053963,60.0
2014,hidden_cells_latitude_cap,-1,5000,8,historical_density,south_of_60n,spherical_cell_area,86916,-0.1542239984379709,12.59489136709196,24.483475214029085,60.0
2014,hidden_cells_latitude_cap,-1,5000,8,spatial_coverage,global,equal_cell,86916,0.1498636159507489,10.527250342066344,19.431321294537096,60.0
2014,hidden_cells_latitude_cap,-1,5000,8,spatial_coverage,global,spherical_cell_area,86916,0.3605504434740807,10.516482951394616,20.17398640939905,60.0
2014,hidden_cells_latitude_cap,-1,5000,8,spatial_coverage,south_of_60n,equal_cell,86916,0.1498636159507489,10.527250342066344,19.431321294537096,60.0
2014,hidden_cells_latitude_cap,-1,5000,8,spatial_coverage,south_of_60n,spherical_cell_area,86916,0.3605504434740807,10.516482951394616,20.17398640939905,60.0
2014,hidden_cells_latitude_cap,-1,5000,9,random,global,equal_cell,86916,0.4429160215954303,10.202451044810037,20.83390742112883,60.0
2014,hidden_cells_latitude_cap,-1,5000,9,random,global,spherical_cell_area,86916,0.4700829520411732,10.040538068911353,21.22335180690361,60.0
2014,hidden_cells_latitude_cap,-1,5000,9,random,south_of_60n,equal_cell,86916,0.4429160215954303,10.202451044810037,20.83390742112883,60.0
2014,hidden_cells_latitude_cap,-1,5000,9,random,south_of_60n,spherical_cell_area,86916,0.4700829520411732,10.040538068911353,21.22335180690361,60.0
2014,hidden_cells_latitude_cap,-1,5000,9,historical_density,global,equal_cell,86916,-1.1442999433554066,12.617595975599237,24.642773280799368,60.0
2014,hidden_cells_latitude_cap,-1,5000,9,historical_density,global,spherical_cell_area,86916,-0.7614183427216079,12.369033172728932,24.761360034752244,60.0
2014,hidden_cells_latitude_cap,-1,5000,9,historical_density,south_of_60n,equal_cell,86916,-1.1442999433554066,12.617595975599237,24.642773280799368,60.0
2014,hidden_cells_latitude_cap,-1,5000,9,historical_density,south_of_60n,spherical_cell_area,86916,-0.7614183427216079,12.369033172728932,24.761360034752244,60.0
2014,hidden_cells_latitude_cap,-1,5000,9,spatial_coverage,global,equal_cell,86916,-0.0867357421315797,9.621723116719826,18.19291990085079,60.0
2014,hidden_cells_latitude_cap,-1,5000,9,spatial_coverage,global,spherical_cell_area,86916,0.0756550338889352,9.582490196412182,18.812481744520632,60.0
2014,hidden_cells_latitude_cap,-1,5000,9,spatial_coverage,south_of_60n,equal_cell,86916,-0.0867357421315797,9.621723116719826,18.19291990085079,60.0
2014,hidden_cells_latitude_cap,-1,5000,9,spatial_coverage,south_of_60n,spherical_cell_area,86916,0.0756550338889352,9.582490196412182,18.812481744520632,60.0
2014,hidden_cells_latitude_cap,-1,5000,10,random,global,equal_cell,86916,-0.4729134794178549,9.900397859030171,19.39343950841598,60.0
2014,hidden_cells_latitude_cap,-1,5000,10,random,global,spherical_cell_area,86916,-0.4510103286993019,9.77092653504903,19.883782825094418,60.0
2014,hidden_cells_latitude_cap,-1,5000,10,random,south_of_60n,equal_cell,86916,-0.4729134794178549,9.900397859030171,19.39343950841598,60.0
2014,hidden_cells_latitude_cap,-1,5000,10,random,south_of_60n,spherical_cell_area,86916,-0.4510103286993019,9.77092653504903,19.883782825094418,60.0
2014,hidden_cells_latitude_cap,-1,5000,10,historical_density,global,equal_cell,86916,-0.8337919964135709,12.901363694571668,25.67474197903536,60.0
2014,hidden_cells_latitude_cap,-1,5000,10,historical_density,global,spherical_cell_area,86916,-0.3816369167454041,12.730093867868003,25.583732811458358,60.0
2014,hidden_cells_latitude_cap,-1,5000,10,historical_density,south_of_60n,equal_cell,86916,-0.8337919964135709,12.901363694571668,25.67474197903536,60.0
2014,hidden_cells_latitude_cap,-1,5000,10,historical_density,south_of_60n,spherical_cell_area,86916,-0.3816369167454041,12.730093867868003,25.583732811458358,60.0
2014,hidden_cells_latitude_cap,-1,5000,10,spatial_coverage,global,equal_cell,86916,-0.0004558275960271,9.839985707974796,18.417318660450388,60.0
2014,hidden_cells_latitude_cap,-1,5000,10,spatial_coverage,global,spherical_cell_area,86916,0.0562647998901298,9.732231236088236,18.860548986526748,60.0
2014,hidden_cells_latitude_cap,-1,5000,10,spatial_coverage,south_of_60n,equal_cell,86916,-0.0004558275960271,9.839985707974796,18.417318660450388,60.0
2014,hidden_cells_latitude_cap,-1,5000,10,spatial_coverage,south_of_60n,spherical_cell_area,86916,0.0562647998901298,9.732231236088236,18.860548986526748,60.0
2014,hidden_cells_latitude_cap,-1,5000,11,random,global,equal_cell,86916,0.0370365893916279,9.964272934272422,20.0897889158738,60.0
2014,hidden_cells_latitude_cap,-1,5000,11,random,global,spherical_cell_area,86916,-0.017109596123628,9.76576336067694,20.295430839088684,60.0
2014,hidden_cells_latitude_cap,-1,5000,11,random,south_of_60n,equal_cell,86916,0.0370365893916279,9.964272934272422,20.0897889158738,60.0
2014,hidden_cells_latitude_cap,-1,5000,11,random,south_of_60n,spherical_cell_area,86916,-0.017109596123628,9.76576336067694,20.295430839088684,60.0
2014,hidden_cells_latitude_cap,-1,5000,11,historical_density,global,equal_cell,86916,-0.5038232010315472,12.351957969778898,23.993762830814106,60.0
2014,hidden_cells_latitude_cap,-1,5000,11,historical_density,global,spherical_cell_area,86916,-0.0965493183417015,12.185152142675102,24.18734172271364,60.0
2014,hidden_cells_latitude_cap,-1,5000,11,historical_density,south_of_60n,equal_cell,86916,-0.5038232010315472,12.351957969778898,23.993762830814106,60.0
2014,hidden_cells_latitude_cap,-1,5000,11,historical_density,south_of_60n,spherical_cell_area,86916,-0.0965493183417015,12.185152142675102,24.18734172271364,60.0
2014,hidden_cells_latitude_cap,-1,5000,11,spatial_coverage,global,equal_cell,86916,-0.3080923929177128,9.769227004139768,18.02729563506047,60.0
2014,hidden_cells_latitude_cap,-1,5000,11,spatial_coverage,global,spherical_cell_area,86916,-0.2439679205404646,9.69429287180215,18.54374933823362,60.0
2014,hidden_cells_latitude_cap,-1,5000,11,spatial_coverage,south_of_60n,equal_cell,86916,-0.3080923929177128,9.769227004139768,18.02729563506047,60.0
2014,hidden_cells_latitude_cap,-1,5000,11,spatial_coverage,south_of_60n,spherical_cell_area,86916,-0.2439679205404646,9.69429287180215,18.54374933823362,60.0
2014,hidden_cells_latitude_cap,-1,5000,12,random,global,equal_cell,86916,0.0647406905854658,9.768870211785863,20.23841060914736,60.0
2014,hidden_cells_latitude_cap,-1,5000,12,random,global,spherical_cell_area,86916,0.172820826981324,9.628774283610564,20.607907079351197,60.0
2014,hidden_cells_latitude_cap,-1,5000,12,random,south_of_60n,equal_cell,86916,0.0647406905854658,9.768870211785863,20.23841060914736,60.0
2014,hidden_cells_latitude_cap,-1,5000,12,random,south_of_60n,spherical_cell_area,86916,0.172820826981324,9.628774283610564,20.607907079351197,60.0
2014,hidden_cells_latitude_cap,-1,5000,12,historical_density,global,equal_cell,86916,-1.0163501168254248,12.92401061089632,25.16990588146994,60.0
2014,hidden_cells_latitude_cap,-1,5000,12,historical_density,global,spherical_cell_area,86916,-0.5517914816782284,12.797919501186204,25.283568251021787,60.0
2014,hidden_cells_latitude_cap,-1,5000,12,historical_density,south_of_60n,equal_cell,86916,-1.0163501168254248,12.92401061089632,25.16990588146994,60.0
2014,hidden_cells_latitude_cap,-1,5000,12,historical_density,south_of_60n,spherical_cell_area,86916,-0.5517914816782284,12.797919501186204,25.283568251021787,60.0
2014,hidden_cells_latitude_cap,-1,5000,12,spatial_coverage,global,equal_cell,86916,0.0015340784508248,10.062749050916969,18.534060778183868,60.0
2014,hidden_cells_latitude_cap,-1,5000,12,spatial_coverage,global,spherical_cell_area,86916,0.0300046887239277,10.004918095228344,19.103275873130556,60.0
2014,hidden_cells_latitude_cap,-1,5000,12,spatial_coverage,south_of_60n,equal_cell,86916,0.0015340784508248,10.062749050916969,18.534060778183868,60.0
2014,hidden_cells_latitude_cap,-1,5000,12,spatial_coverage,south_of_60n,spherical_cell_area,86916,0.0300046887239277,10.004918095228344,19.103275873130556,60.0
2014,hidden_cells_latitude_cap,-1,5000,13,random,global,equal_cell,86916,-0.1061497982729327,9.797746699419964,19.493917770316006,60.0
2014,hidden_cells_latitude_cap,-1,5000,13,random,global,spherical_cell_area,86916,-0.0962502342183545,9.68628127010372,19.934855462161305,60.0
2014,hidden_cells_latitude_cap,-1,5000,13,random,south_of_60n,equal_cell,86916,-0.1061497982729327,9.797746699419964,19.493917770316006,60.0
2014,hidden_cells_latitude_cap,-1,5000,13,random,south_of_60n,spherical_cell_area,86916,-0.0962502342183545,9.68628127010372,19.934855462161305,60.0
2014,hidden_cells_latitude_cap,-1,5000,13,historical_density,global,equal_cell,86916,-0.649407476653331,12.354515479978437,23.916712000668863,60.0
2014,hidden_cells_latitude_cap,-1,5000,13,historical_density,global,spherical_cell_area,86916,-0.2038479829191117,12.163682478937242,24.132421572231124,60.0
2014,hidden_cells_latitude_cap,-1,5000,13,historical_density,south_of_60n,equal_cell,86916,-0.649407476653331,12.354515479978437,23.916712000668863,60.0
2014,hidden_cells_latitude_cap,-1,5000,13,historical_density,south_of_60n,spherical_cell_area,86916,-0.2038479829191117,12.163682478937242,24.132421572231124,60.0
2014,hidden_cells_latitude_cap,-1,5000,13,spatial_coverage,global,equal_cell,86916,-0.0475690015160446,10.105803215036063,18.29365828750254,60.0
2014,hidden_cells_latitude_cap,-1,5000,13,spatial_coverage,global,spherical_cell_area,86916,0.0840098869780977,10.054691964811346,18.815267441063305,60.0
2014,hidden_cells_latitude_cap,-1,5000,13,spatial_coverage,south_of_60n,equal_cell,86916,-0.0475690015160446,10.105803215036063,18.29365828750254,60.0
2014,hidden_cells_latitude_cap,-1,5000,13,spatial_coverage,south_of_60n,spherical_cell_area,86916,0.0840098869780977,10.054691964811346,18.815267441063305,60.0
2014,hidden_cells_latitude_cap,-1,5000,14,random,global,equal_cell,86916,0.1527645836058648,9.75068978160073,19.749057296849905,60.0
2014,hidden_cells_latitude_cap,-1,5000,14,random,global,spherical_cell_area,86916,0.0865956960324601,9.646525127538212,20.123686584829205,60.0
2014,hidden_cells_latitude_cap,-1,5000,14,random,south_of_60n,equal_cell,86916,0.1527645836058648,9.75068978160073,19.749057296849905,60.0
2014,hidden_cells_latitude_cap,-1,5000,14,random,south_of_60n,spherical_cell_area,86916,0.0865956960324601,9.646525127538212,20.123686584829205,60.0
2014,hidden_cells_latitude_cap,-1,5000,14,historical_density,global,equal_cell,86916,-0.7992850913729329,12.58604104284298,24.276191896588948,60.0
2014,hidden_cells_latitude_cap,-1,5000,14,historical_density,global,spherical_cell_area,86916,-0.3790162213208447,12.494873429423016,24.58879126437468,60.0
2014,hidden_cells_latitude_cap,-1,5000,14,historical_density,south_of_60n,equal_cell,86916,-0.7992850913729329,12.58604104284298,24.276191896588948,60.0
2014,hidden_cells_latitude_cap,-1,5000,14,historical_density,south_of_60n,spherical_cell_area,86916,-0.3790162213208447,12.494873429423016,24.58879126437468,60.0
2014,hidden_cells_latitude_cap,-1,5000,14,spatial_coverage,global,equal_cell,86916,-0.2519007571439584,9.7764267965948,18.68602491045574,60.0
2014,hidden_cells_latitude_cap,-1,5000,14,spatial_coverage,global,spherical_cell_area,86916,-0.1762579817719476,9.72782610097514,19.323050524099,60.0
2014,hidden_cells_latitude_cap,-1,5000,14,spatial_coverage,south_of_60n,equal_cell,86916,-0.2519007571439584,9.7764267965948,18.68602491045574,60.0
2014,hidden_cells_latitude_cap,-1,5000,14,spatial_coverage,south_of_60n,spherical_cell_area,86916,-0.1762579817719476,9.72782610097514,19.323050524099,60.0
2014,hidden_cells_latitude_cap,-1,5000,15,random,global,equal_cell,86916,0.0261653104769783,9.795693620626883,20.048436125057886,60.0
2014,hidden_cells_latitude_cap,-1,5000,15,random,global,spherical_cell_area,86916,0.101445606234019,9.673529075748831,20.479926494548604,60.0
2014,hidden_cells_latitude_cap,-1,5000,15,random,south_of_60n,equal_cell,86916,0.0261653104769783,9.795693620626883,20.048436125057886,60.0
2014,hidden_cells_latitude_cap,-1,5000,15,random,south_of_60n,spherical_cell_area,86916,0.101445606234019,9.673529075748831,20.479926494548604,60.0
2014,hidden_cells_latitude_cap,-1,5000,15,historical_density,global,equal_cell,86916,-0.7938454109552513,12.409643703298489,24.09571669791328,60.0
2014,hidden_cells_latitude_cap,-1,5000,15,historical_density,global,spherical_cell_area,86916,-0.4951369108395577,12.295909940510166,24.425443916513757,60.0
2014,hidden_cells_latitude_cap,-1,5000,15,historical_density,south_of_60n,equal_cell,86916,-0.7938454109552513,12.409643703298489,24.09571669791328,60.0
2014,hidden_cells_latitude_cap,-1,5000,15,historical_density,south_of_60n,spherical_cell_area,86916,-0.4951369108395577,12.295909940510166,24.425443916513757,60.0
2014,hidden_cells_latitude_cap,-1,5000,15,spatial_coverage,global,equal_cell,86916,0.0467618909806611,10.052138755684968,18.657704000198247,60.0
2014,hidden_cells_latitude_cap,-1,5000,15,spatial_coverage,global,spherical_cell_area,86916,0.0923435285091983,9.888739035873742,18.80868200572444,60.0
2014,hidden_cells_latitude_cap,-1,5000,15,spatial_coverage,south_of_60n,equal_cell,86916,0.0467618909806611,10.052138755684968,18.657704000198247,60.0
2014,hidden_cells_latitude_cap,-1,5000,15,spatial_coverage,south_of_60n,spherical_cell_area,86916,0.0923435285091983,9.888739035873742,18.80868200572444,60.0
2014,hidden_cells_latitude_cap,-1,5000,16,random,global,equal_cell,86916,0.1402725904575025,9.629677776936338,19.92005365797568,60.0
2014,hidden_cells_latitude_cap,-1,5000,16,random,global,spherical_cell_area,86916,0.0054679158492857,9.494095697260862,20.339302809131,60.0
2014,hidden_cells_latitude_cap,-1,5000,16,random,south_of_60n,equal_cell,86916,0.1402725904575025,9.629677776936338,19.92005365797568,60.0
2014,hidden_cells_latitude_cap,-1,5000,16,random,south_of_60n,spherical_cell_area,86916,0.0054679158492857,9.494095697260862,20.339302809131,60.0
2014,hidden_cells_latitude_cap,-1,5000,16,historical_density,global,equal_cell,86916,-1.164501912952129,12.740361658837328,24.61972386239772,60.0
2014,hidden_cells_latitude_cap,-1,5000,16,historical_density,global,spherical_cell_area,86916,-0.7757737558636794,12.609709520553976,24.87322797990155,60.0
2014,hidden_cells_latitude_cap,-1,5000,16,historical_density,south_of_60n,equal_cell,86916,-1.164501912952129,12.740361658837328,24.61972386239772,60.0
2014,hidden_cells_latitude_cap,-1,5000,16,historical_density,south_of_60n,spherical_cell_area,86916,-0.7757737558636794,12.609709520553976,24.87322797990155,60.0
2014,hidden_cells_latitude_cap,-1,5000,16,spatial_coverage,global,equal_cell,86916,0.0503207200505397,9.817652707718777,18.755860926613632,60.0
2014,hidden_cells_latitude_cap,-1,5000,16,spatial_coverage,global,spherical_cell_area,86916,0.0448999482705241,9.708102702011889,19.26301318421353,60.0
2014,hidden_cells_latitude_cap,-1,5000,16,spatial_coverage,south_of_60n,equal_cell,86916,0.0503207200505397,9.817652707718777,18.755860926613632,60.0
2014,hidden_cells_latitude_cap,-1,5000,16,spatial_coverage,south_of_60n,spherical_cell_area,86916,0.0448999482705241,9.708102702011889,19.26301318421353,60.0
2014,hidden_cells_latitude_cap,-1,5000,17,random,global,equal_cell,86916,-0.1992250894922478,9.75242054364573,20.19868140868873,60.0
2014,hidden_cells_latitude_cap,-1,5000,17,random,global,spherical_cell_area,86916,-0.1809779383904637,9.688911743479643,20.746088146751745,60.0
2014,hidden_cells_latitude_cap,-1,5000,17,random,south_of_60n,equal_cell,86916,-0.1992250894922478,9.75242054364573,20.19868140868873,60.0
2014,hidden_cells_latitude_cap,-1,5000,17,random,south_of_60n,spherical_cell_area,86916,-0.1809779383904637,9.688911743479643,20.746088146751745,60.0
2014,hidden_cells_latitude_cap,-1,5000,17,historical_density,global,equal_cell,86916,-0.9072935718801844,12.870153213093396,25.70976828582141,60.0
2014,hidden_cells_latitude_cap,-1,5000,17,historical_density,global,spherical_cell_area,86916,-0.5123731321181736,12.678366066359834,25.64057183767401,60.0
2014,hidden_cells_latitude_cap,-1,5000,17,historical_density,south_of_60n,equal_cell,86916,-0.9072935718801844,12.870153213093396,25.70976828582141,60.0
2014,hidden_cells_latitude_cap,-1,5000,17,historical_density,south_of_60n,spherical_cell_area,86916,-0.5123731321181736,12.678366066359834,25.64057183767401,60.0
2014,hidden_cells_latitude_cap,-1,5000,17,spatial_coverage,global,equal_cell,86916,-0.21633358923226,10.071445106828293,18.08741291013765,60.0
2014,hidden_cells_latitude_cap,-1,5000,17,spatial_coverage,global,spherical_cell_area,86916,-0.1514427433003607,9.9855866801532,18.433708626727903,60.0
2014,hidden_cells_latitude_cap,-1,5000,17,spatial_coverage,south_of_60n,equal_cell,86916,-0.21633358923226,10.071445106828293,18.08741291013765,60.0
2014,hidden_cells_latitude_cap,-1,5000,17,spatial_coverage,south_of_60n,spherical_cell_area,86916,-0.1514427433003607,9.9855866801532,18.433708626727903,60.0
2014,hidden_cells_latitude_cap,-1,5000,18,random,global,equal_cell,86916,0.5578752743332728,10.265312539545675,22.153485040186943,60.0
2014,hidden_cells_latitude_cap,-1,5000,18,random,global,spherical_cell_area,86916,0.5012789468507286,10.10732296288435,21.78374587966093,60.0
2014,hidden_cells_latitude_cap,-1,5000,18,random,south_of_60n,equal_cell,86916,0.5578752743332728,10.265312539545675,22.153485040186943,60.0
2014,hidden_cells_latitude_cap,-1,5000,18,random,south_of_60n,spherical_cell_area,86916,0.5012789468507286,10.10732296288435,21.78374587966093,60.0
2014,hidden_cells_latitude_cap,-1,5000,18,historical_density,global,equal_cell,86916,-1.0535597357974045,13.133977282220508,25.413746383328267,60.0
2014,hidden_cells_latitude_cap,-1,5000,18,historical_density,global,spherical_cell_area,86916,-0.6054934643143449,12.883583412467228,25.49144519473924,60.0
2014,hidden_cells_latitude_cap,-1,5000,18,historical_density,south_of_60n,equal_cell,86916,-1.0535597357974045,13.133977282220508,25.413746383328267,60.0
2014,hidden_cells_latitude_cap,-1,5000,18,historical_density,south_of_60n,spherical_cell_area,86916,-0.6054934643143449,12.883583412467228,25.49144519473924,60.0
2014,hidden_cells_latitude_cap,-1,5000,18,spatial_coverage,global,equal_cell,86916,0.0826421553371679,10.12741495357265,19.010718865777363,60.0
2014,hidden_cells_latitude_cap,-1,5000,18,spatial_coverage,global,spherical_cell_area,86916,0.0546462450241637,9.983543719372411,19.448611705686684,60.0
2014,hidden_cells_latitude_cap,-1,5000,18,spatial_coverage,south_of_60n,equal_cell,86916,0.0826421553371679,10.12741495357265,19.010718865777363,60.0
2014,hidden_cells_latitude_cap,-1,5000,18,spatial_coverage,south_of_60n,spherical_cell_area,86916,0.0546462450241637,9.983543719372411,19.448611705686684,60.0
2014,hidden_cells_latitude_cap,-1,5000,19,random,global,equal_cell,86916,0.031963019193863,9.988655534176075,20.467901971608807,60.0
2014,hidden_cells_latitude_cap,-1,5000,19,random,global,spherical_cell_area,86916,0.0645892484964551,9.861007602828476,20.90197590463079,60.0
2014,hidden_cells_latitude_cap,-1,5000,19,random,south_of_60n,equal_cell,86916,0.031963019193863,9.988655534176075,20.467901971608807,60.0
2014,hidden_cells_latitude_cap,-1,5000,19,random,south_of_60n,spherical_cell_area,86916,0.0645892484964551,9.861007602828476,20.90197590463079,60.0
2014,hidden_cells_latitude_cap,-1,5000,19,historical_density,global,equal_cell,86916,-1.5094194987409633,12.540096715394656,24.17536861773969,60.0
2014,hidden_cells_latitude_cap,-1,5000,19,historical_density,global,spherical_cell_area,86916,-1.0861972421020574,12.34756447776907,24.369291241446174,60.0
2014,hidden_cells_latitude_cap,-1,5000,19,historical_density,south_of_60n,equal_cell,86916,-1.5094194987409633,12.540096715394656,24.17536861773969,60.0
2014,hidden_cells_latitude_cap,-1,5000,19,historical_density,south_of_60n,spherical_cell_area,86916,-1.0861972421020574,12.34756447776907,24.369291241446174,60.0
2014,hidden_cells_latitude_cap,-1,5000,19,spatial_coverage,global,equal_cell,86916,0.1502666192345304,10.18317322788642,19.12900537825617,60.0
2014,hidden_cells_latitude_cap,-1,5000,19,spatial_coverage,global,spherical_cell_area,86916,0.2784817770614085,10.14277190224736,19.754452705332216,60.0
2014,hidden_cells_latitude_cap,-1,5000,19,spatial_coverage,south_of_60n,equal_cell,86916,0.1502666192345304,10.18317322788642,19.12900537825617,60.0
2014,hidden_cells_latitude_cap,-1,5000,19,spatial_coverage,south_of_60n,spherical_cell_area,86916,0.2784817770614085,10.14277190224736,19.754452705332216,60.0
2014,whole_blocks_latitude_cap,0,5000,0,random,global,equal_cell,85236,1.6926391430871826,12.003248118039371,24.42777580961015,60.0
2014,whole_blocks_latitude_cap,0,5000,0,random,global,spherical_cell_area,85236,1.6657232459580067,11.826003863925422,24.409262994960702,60.0
2014,whole_blocks_latitude_cap,0,5000,0,random,south_of_60n,equal_cell,85236,1.6926391430871826,12.003248118039371,24.42777580961015,60.0
2014,whole_blocks_latitude_cap,0,5000,0,random,south_of_60n,spherical_cell_area,85236,1.6657232459580067,11.826003863925422,24.409262994960702,60.0
2014,whole_blocks_latitude_cap,0,5000,0,historical_density,global,equal_cell,85236,1.105583580623997,14.303740702417466,24.70420053616538,60.0
2014,whole_blocks_latitude_cap,0,5000,0,historical_density,global,spherical_cell_area,85236,1.3424459406175473,14.139671418975498,24.841090110245045,60.0
2014,whole_blocks_latitude_cap,0,5000,0,historical_density,south_of_60n,equal_cell,85236,1.105583580623997,14.303740702417466,24.70420053616538,60.0
2014,whole_blocks_latitude_cap,0,5000,0,historical_density,south_of_60n,spherical_cell_area,85236,1.3424459406175473,14.139671418975498,24.841090110245045,60.0
2014,whole_blocks_latitude_cap,0,5000,0,spatial_coverage,global,equal_cell,85236,0.6373652885293715,11.865002593961542,20.365917199717405,60.0
2014,whole_blocks_latitude_cap,0,5000,0,spatial_coverage,global,spherical_cell_area,85236,0.747331534985717,11.74058295778316,20.53069123613341,60.0
2014,whole_blocks_latitude_cap,0,5000,0,spatial_coverage,south_of_60n,equal_cell,85236,0.6373652885293715,11.865002593961542,20.365917199717405,60.0
2014,whole_blocks_latitude_cap,0,5000,0,spatial_coverage,south_of_60n,spherical_cell_area,85236,0.747331534985717,11.74058295778316,20.53069123613341,60.0
2014,whole_blocks_latitude_cap,0,5000,1,random,global,equal_cell,85236,0.4334859455258193,12.266202932982022,24.552506089861588,60.0
2014,whole_blocks_latitude_cap,0,5000,1,random,global,spherical_cell_area,85236,0.4196951584605995,12.038909634568396,24.51140610696905,60.0
2014,whole_blocks_latitude_cap,0,5000,1,random,south_of_60n,equal_cell,85236,0.4334859455258193,12.266202932982022,24.552506089861588,60.0
2014,whole_blocks_latitude_cap,0,5000,1,random,south_of_60n,spherical_cell_area,85236,0.4196951584605995,12.038909634568396,24.51140610696905,60.0
2014,whole_blocks_latitude_cap,0,5000,1,historical_density,global,equal_cell,85236,0.8181099267501174,14.547375818899733,25.4740394040963,60.0
2014,whole_blocks_latitude_cap,0,5000,1,historical_density,global,spherical_cell_area,85236,1.185260413320697,14.429523112574175,25.65288057706968,60.0
2014,whole_blocks_latitude_cap,0,5000,1,historical_density,south_of_60n,equal_cell,85236,0.8181099267501174,14.547375818899733,25.4740394040963,60.0
2014,whole_blocks_latitude_cap,0,5000,1,historical_density,south_of_60n,spherical_cell_area,85236,1.185260413320697,14.429523112574175,25.65288057706968,60.0
2014,whole_blocks_latitude_cap,0,5000,1,spatial_coverage,global,equal_cell,85236,1.7350851869124502,12.318427653110064,20.516963762670287,60.0
2014,whole_blocks_latitude_cap,0,5000,1,spatial_coverage,global,spherical_cell_area,85236,1.9631713241354436,12.275479793302624,20.773889894457604,60.0
2014,whole_blocks_latitude_cap,0,5000,1,spatial_coverage,south_of_60n,equal_cell,85236,1.7350851869124502,12.318427653110064,20.516963762670287,60.0
2014,whole_blocks_latitude_cap,0,5000,1,spatial_coverage,south_of_60n,spherical_cell_area,85236,1.9631713241354436,12.275479793302624,20.773889894457604,60.0
2014,whole_blocks_latitude_cap,0,5000,2,random,global,equal_cell,85236,1.1618606668855167,11.764900318274714,22.959879904948192,60.0
2014,whole_blocks_latitude_cap,0,5000,2,random,global,spherical_cell_area,85236,1.1066242172743057,11.551705818210742,22.924093052080853,60.0
2014,whole_blocks_latitude_cap,0,5000,2,random,south_of_60n,equal_cell,85236,1.1618606668855167,11.764900318274714,22.959879904948192,60.0
2014,whole_blocks_latitude_cap,0,5000,2,random,south_of_60n,spherical_cell_area,85236,1.1066242172743057,11.551705818210742,22.924093052080853,60.0
2014,whole_blocks_latitude_cap,0,5000,2,historical_density,global,equal_cell,85236,0.5858516459026966,14.331267912879287,24.78749310195334,60.0
2014,whole_blocks_latitude_cap,0,5000,2,historical_density,global,spherical_cell_area,85236,0.9683256795654188,14.087285680154414,24.861753204291237,60.0
2014,whole_blocks_latitude_cap,0,5000,2,historical_density,south_of_60n,equal_cell,85236,0.5858516459026966,14.331267912879287,24.78749310195334,60.0
2014,whole_blocks_latitude_cap,0,5000,2,historical_density,south_of_60n,spherical_cell_area,85236,0.9683256795654188,14.087285680154414,24.861753204291237,60.0
2014,whole_blocks_latitude_cap,0,5000,2,spatial_coverage,global,equal_cell,85236,0.9446758183003432,12.04120572584539,21.19602888327776,60.0
2014,whole_blocks_latitude_cap,0,5000,2,spatial_coverage,global,spherical_cell_area,85236,1.0362083919510907,11.961376480989925,21.33694369296183,60.0
2014,whole_blocks_latitude_cap,0,5000,2,spatial_coverage,south_of_60n,equal_cell,85236,0.9446758183003432,12.04120572584539,21.19602888327776,60.0
2014,whole_blocks_latitude_cap,0,5000,2,spatial_coverage,south_of_60n,spherical_cell_area,85236,1.0362083919510907,11.961376480989925,21.33694369296183,60.0
2014,whole_blocks_latitude_cap,0,5000,3,random,global,equal_cell,85236,1.6169071867778395,12.35333225533978,22.45360920845165,60.0
2014,whole_blocks_latitude_cap,0,5000,3,random,global,spherical_cell_area,85236,1.6526092461172,12.170452030837314,22.333808219526613,60.0
2014,whole_blocks_latitude_cap,0,5000,3,random,south_of_60n,equal_cell,85236,1.6169071867778395,12.35333225533978,22.45360920845165,60.0
2014,whole_blocks_latitude_cap,0,5000,3,random,south_of_60n,spherical_cell_area,85236,1.6526092461172,12.170452030837314,22.333808219526613,60.0
2014,whole_blocks_latitude_cap,0,5000,3,historical_density,global,equal_cell,85236,0.7070685744647649,14.065743974138964,24.12582118572048,60.0
2014,whole_blocks_latitude_cap,0,5000,3,historical_density,global,spherical_cell_area,85236,1.0251681885655224,13.974497824792444,24.333534239719604,60.0
2014,whole_blocks_latitude_cap,0,5000,3,historical_density,south_of_60n,equal_cell,85236,0.7070685744647649,14.065743974138964,24.12582118572048,60.0
2014,whole_blocks_latitude_cap,0,5000,3,historical_density,south_of_60n,spherical_cell_area,85236,1.0251681885655224,13.974497824792444,24.333534239719604,60.0
2014,whole_blocks_latitude_cap,0,5000,3,spatial_coverage,global,equal_cell,85236,0.9819934769020074,12.021544185938623,19.641122760020103,60.0
2014,whole_blocks_latitude_cap,0,5000,3,spatial_coverage,global,spherical_cell_area,85236,1.1583435716253925,11.944827415288932,19.942523915244024,60.0
2014,whole_blocks_latitude_cap,0,5000,3,spatial_coverage,south_of_60n,equal_cell,85236,0.9819934769020074,12.021544185938623,19.641122760020103,60.0
2014,whole_blocks_latitude_cap,0,5000,3,spatial_coverage,south_of_60n,spherical_cell_area,85236,1.1583435716253925,11.944827415288932,19.942523915244024,60.0
2014,whole_blocks_latitude_cap,0,5000,4,random,global,equal_cell,85236,1.5693166523555977,12.929230679051878,25.61590337865537,60.0
2014,whole_blocks_latitude_cap,0,5000,4,random,global,spherical_cell_area,85236,1.4590154230177357,12.67902391653821,25.45967912371559,60.0
2014,whole_blocks_latitude_cap,0,5000,4,random,south_of_60n,equal_cell,85236,1.5693166523555977,12.929230679051878,25.61590337865537,60.0
2014,whole_blocks_latitude_cap,0,5000,4,random,south_of_60n,spherical_cell_area,85236,1.4590154230177357,12.67902391653821,25.45967912371559,60.0
2014,whole_blocks_latitude_cap,0,5000,4,historical_density,global,equal_cell,85236,1.1510622010888576,14.350059096899711,23.84693596796357,60.0
2014,whole_blocks_latitude_cap,0,5000,4,historical_density,global,spherical_cell_area,85236,1.2331822478823464,14.087175164335626,23.851025501456004,60.0
2014,whole_blocks_latitude_cap,0,5000,4,historical_density,south_of_60n,equal_cell,85236,1.1510622010888576,14.350059096899711,23.84693596796357,60.0
2014,whole_blocks_latitude_cap,0,5000,4,historical_density,south_of_60n,spherical_cell_area,85236,1.2331822478823464,14.087175164335626,23.851025501456004,60.0
2014,whole_blocks_latitude_cap,0,5000,4,spatial_coverage,global,equal_cell,85236,1.4446711491060482,12.533206327441352,20.980660594940467,60.0
2014,whole_blocks_latitude_cap,0,5000,4,spatial_coverage,global,spherical_cell_area,85236,1.6838673540458915,12.41867650707576,21.13275251693004,60.0
2014,whole_blocks_latitude_cap,0,5000,4,spatial_coverage,south_of_60n,equal_cell,85236,1.4446711491060482,12.533206327441352,20.980660594940467,60.0
2014,whole_blocks_latitude_cap,0,5000,4,spatial_coverage,south_of_60n,spherical_cell_area,85236,1.6838673540458915,12.41867650707576,21.13275251693004,60.0
2014,whole_blocks_latitude_cap,0,5000,5,random,global,equal_cell,85236,1.3309262689348105,12.380743877443228,23.69804902574808,60.0
2014,whole_blocks_latitude_cap,0,5000,5,random,global,spherical_cell_area,85236,1.3285588087215894,12.13701428063084,23.57620018130253,60.0
2014,whole_blocks_latitude_cap,0,5000,5,random,south_of_60n,equal_cell,85236,1.3309262689348105,12.380743877443228,23.69804902574808,60.0
2014,whole_blocks_latitude_cap,0,5000,5,random,south_of_60n,spherical_cell_area,85236,1.3285588087215894,12.13701428063084,23.57620018130253,60.0
2014,whole_blocks_latitude_cap,0,5000,5,historical_density,global,equal_cell,85236,0.671057109934818,13.930413736307198,23.4494399381432,60.0
2014,whole_blocks_latitude_cap,0,5000,5,historical_density,global,spherical_cell_area,85236,1.1220872008481313,13.782289803130134,23.631318124995765,60.0
2014,whole_blocks_latitude_cap,0,5000,5,historical_density,south_of_60n,equal_cell,85236,0.671057109934818,13.930413736307198,23.4494399381432,60.0
2014,whole_blocks_latitude_cap,0,5000,5,historical_density,south_of_60n,spherical_cell_area,85236,1.1220872008481313,13.782289803130134,23.631318124995765,60.0
2014,whole_blocks_latitude_cap,0,5000,5,spatial_coverage,global,equal_cell,85236,0.5175718246222746,12.013758610691765,21.05201301573667,60.0
2014,whole_blocks_latitude_cap,0,5000,5,spatial_coverage,global,spherical_cell_area,85236,0.7263184560427821,11.861420869196474,21.159476331395467,60.0
2014,whole_blocks_latitude_cap,0,5000,5,spatial_coverage,south_of_60n,equal_cell,85236,0.5175718246222746,12.013758610691765,21.05201301573667,60.0
2014,whole_blocks_latitude_cap,0,5000,5,spatial_coverage,south_of_60n,spherical_cell_area,85236,0.7263184560427821,11.861420869196474,21.159476331395467,60.0
2014,whole_blocks_latitude_cap,0,5000,6,random,global,equal_cell,85236,1.5697134410533278,12.38780311156798,24.280835112033834,60.0
2014,whole_blocks_latitude_cap,0,5000,6,random,global,spherical_cell_area,85236,1.6881113207725085,12.29296652906898,24.184739577942167,60.0
2014,whole_blocks_latitude_cap,0,5000,6,random,south_of_60n,equal_cell,85236,1.5697134410533278,12.38780311156798,24.280835112033834,60.0
2014,whole_blocks_latitude_cap,0,5000,6,random,south_of_60n,spherical_cell_area,85236,1.6881113207725085,12.29296652906898,24.184739577942167,60.0
2014,whole_blocks_latitude_cap,0,5000,6,historical_density,global,equal_cell,85236,0.5975583296045863,13.811987028401235,23.87604241924143,60.0
2014,whole_blocks_latitude_cap,0,5000,6,historical_density,global,spherical_cell_area,85236,0.8363753159739357,13.622911762443486,23.89883314211892,60.0
2014,whole_blocks_latitude_cap,0,5000,6,historical_density,south_of_60n,equal_cell,85236,0.5975583296045863,13.811987028401235,23.87604241924143,60.0
2014,whole_blocks_latitude_cap,0,5000,6,historical_density,south_of_60n,spherical_cell_area,85236,0.8363753159739357,13.622911762443486,23.89883314211892,60.0
2014,whole_blocks_latitude_cap,0,5000,6,spatial_coverage,global,equal_cell,85236,0.6180476608593547,12.068544760364976,20.657081838364604,60.0
2014,whole_blocks_latitude_cap,0,5000,6,spatial_coverage,global,spherical_cell_area,85236,0.83146536330782,11.91566130433319,20.77730025561486,60.0
2014,whole_blocks_latitude_cap,0,5000,6,spatial_coverage,south_of_60n,equal_cell,85236,0.6180476608593547,12.068544760364976,20.657081838364604,60.0
2014,whole_blocks_latitude_cap,0,5000,6,spatial_coverage,south_of_60n,spherical_cell_area,85236,0.83146536330782,11.91566130433319,20.77730025561486,60.0
2014,whole_blocks_latitude_cap,0,5000,7,random,global,equal_cell,85236,1.5976571007278442,12.57379628772468,24.6433748099962,60.0
2014,whole_blocks_latitude_cap,0,5000,7,random,global,spherical_cell_area,85236,1.5943616191470904,12.37834790721818,24.658879438769365,60.0
2014,whole_blocks_latitude_cap,0,5000,7,random,south_of_60n,equal_cell,85236,1.5976571007278442,12.57379628772468,24.6433748099962,60.0
2014,whole_blocks_latitude_cap,0,5000,7,random,south_of_60n,spherical_cell_area,85236,1.5943616191470904,12.37834790721818,24.658879438769365,60.0
2014,whole_blocks_latitude_cap,0,5000,7,historical_density,global,equal_cell,85236,1.06409052340182,13.94102302198071,24.101386675583623,60.0
2014,whole_blocks_latitude_cap,0,5000,7,historical_density,global,spherical_cell_area,85236,1.3046174247208528,13.725992456993245,24.21938178343669,60.0
2014,whole_blocks_latitude_cap,0,5000,7,historical_density,south_of_60n,equal_cell,85236,1.06409052340182,13.94102302198071,24.101386675583623,60.0
2014,whole_blocks_latitude_cap,0,5000,7,historical_density,south_of_60n,spherical_cell_area,85236,1.3046174247208528,13.725992456993245,24.21938178343669,60.0
2014,whole_blocks_latitude_cap,0,5000,7,spatial_coverage,global,equal_cell,85236,1.095883795652242,12.441725677756216,20.774828679181383,60.0
2014,whole_blocks_latitude_cap,0,5000,7,spatial_coverage,global,spherical_cell_area,85236,1.361706220036061,12.27802431666677,20.89861353093385,60.0
2014,whole_blocks_latitude_cap,0,5000,7,spatial_coverage,south_of_60n,equal_cell,85236,1.095883795652242,12.441725677756216,20.774828679181383,60.0
2014,whole_blocks_latitude_cap,0,5000,7,spatial_coverage,south_of_60n,spherical_cell_area,85236,1.361706220036061,12.27802431666677,20.89861353093385,60.0
2014,whole_blocks_latitude_cap,0,5000,8,random,global,equal_cell,85236,1.6682894447255898,12.917754459960308,26.461036851135955,60.0
2014,whole_blocks_latitude_cap,0,5000,8,random,global,spherical_cell_area,85236,1.7029062796711805,12.70606787951795,26.4579325996538,60.0
2014,whole_blocks_latitude_cap,0,5000,8,random,south_of_60n,equal_cell,85236,1.6682894447255898,12.917754459960308,26.461036851135955,60.0
2014,whole_blocks_latitude_cap,0,5000,8,random,south_of_60n,spherical_cell_area,85236,1.7029062796711805,12.70606787951795,26.4579325996538,60.0
2014,whole_blocks_latitude_cap,0,5000,8,historical_density,global,equal_cell,85236,0.918869174666932,13.860790035513007,23.19279791748961,60.0
2014,whole_blocks_latitude_cap,0,5000,8,historical_density,global,spherical_cell_area,85236,1.3182605694999656,13.655685575817795,23.26660174361398,60.0
2014,whole_blocks_latitude_cap,0,5000,8,historical_density,south_of_60n,equal_cell,85236,0.918869174666932,13.860790035513007,23.19279791748961,60.0
2014,whole_blocks_latitude_cap,0,5000,8,historical_density,south_of_60n,spherical_cell_area,85236,1.3182605694999656,13.655685575817795,23.26660174361398,60.0
2014,whole_blocks_latitude_cap,0,5000,8,spatial_coverage,global,equal_cell,85236,0.8830939583838611,11.876306509616636,20.523371913202197,60.0
2014,whole_blocks_latitude_cap,0,5000,8,spatial_coverage,global,spherical_cell_area,85236,1.0710752137229187,11.615468407389702,20.415971707679244,60.0
2014,whole_blocks_latitude_cap,0,5000,8,spatial_coverage,south_of_60n,equal_cell,85236,0.8830939583838611,11.876306509616636,20.523371913202197,60.0
2014,whole_blocks_latitude_cap,0,5000,8,spatial_coverage,south_of_60n,spherical_cell_area,85236,1.0710752137229187,11.615468407389702,20.415971707679244,60.0
2014,whole_blocks_latitude_cap,0,5000,9,random,global,equal_cell,85236,1.026997698900196,11.905483383382192,22.96199298606025,60.0
2014,whole_blocks_latitude_cap,0,5000,9,random,global,spherical_cell_area,85236,0.9178966316170306,11.674427790156738,22.743817686668866,60.0
2014,whole_blocks_latitude_cap,0,5000,9,random,south_of_60n,equal_cell,85236,1.026997698900196,11.905483383382192,22.96199298606025,60.0
2014,whole_blocks_latitude_cap,0,5000,9,random,south_of_60n,spherical_cell_area,85236,0.9178966316170306,11.674427790156738,22.743817686668866,60.0
2014,whole_blocks_latitude_cap,0,5000,9,historical_density,global,equal_cell,85236,1.3613118545664369,14.050310230293942,24.964961271083723,60.0
2014,whole_blocks_latitude_cap,0,5000,9,historical_density,global,spherical_cell_area,85236,1.5481404125516496,13.862273843132389,25.055681557846,60.0
2014,whole_blocks_latitude_cap,0,5000,9,historical_density,south_of_60n,equal_cell,85236,1.3613118545664369,14.050310230293942,24.964961271083723,60.0
2014,whole_blocks_latitude_cap,0,5000,9,historical_density,south_of_60n,spherical_cell_area,85236,1.5481404125516496,13.862273843132389,25.055681557846,60.0
2014,whole_blocks_latitude_cap,0,5000,9,spatial_coverage,global,equal_cell,85236,0.972746752032026,12.386444700683931,20.687125807433755,60.0
2014,whole_blocks_latitude_cap,0,5000,9,spatial_coverage,global,spherical_cell_area,85236,1.1667845768050584,12.277581167748584,20.88223427199324,60.0
2014,whole_blocks_latitude_cap,0,5000,9,spatial_coverage,south_of_60n,equal_cell,85236,0.972746752032026,12.386444700683931,20.687125807433755,60.0
2014,whole_blocks_latitude_cap,0,5000,9,spatial_coverage,south_of_60n,spherical_cell_area,85236,1.1667845768050584,12.277581167748584,20.88223427199324,60.0
2014,whole_blocks_latitude_cap,0,5000,10,random,global,equal_cell,85236,0.5198012549864087,12.190660974428816,22.93720759025033,60.0
2014,whole_blocks_latitude_cap,0,5000,10,random,global,spherical_cell_area,85236,0.5940629956782498,12.034416720502312,22.88983313754827,60.0
2014,whole_blocks_latitude_cap,0,5000,10,random,south_of_60n,equal_cell,85236,0.5198012549864087,12.190660974428816,22.93720759025033,60.0
2014,whole_blocks_latitude_cap,0,5000,10,random,south_of_60n,spherical_cell_area,85236,0.5940629956782498,12.034416720502312,22.88983313754827,60.0
2014,whole_blocks_latitude_cap,0,5000,10,historical_density,global,equal_cell,85236,0.313371719526171,14.13918642993879,23.920341536797988,60.0
2014,whole_blocks_latitude_cap,0,5000,10,historical_density,global,spherical_cell_area,85236,0.7153610371350319,13.953502501067016,23.94763039286085,60.0
2014,whole_blocks_latitude_cap,0,5000,10,historical_density,south_of_60n,equal_cell,85236,0.313371719526171,14.13918642993879,23.920341536797988,60.0
2014,whole_blocks_latitude_cap,0,5000,10,historical_density,south_of_60n,spherical_cell_area,85236,0.7153610371350319,13.953502501067016,23.94763039286085,60.0
2014,whole_blocks_latitude_cap,0,5000,10,spatial_coverage,global,equal_cell,85236,0.9203760529599048,12.243215451642058,20.9743400847732,60.0
2014,whole_blocks_latitude_cap,0,5000,10,spatial_coverage,global,spherical_cell_area,85236,1.023481862157536,12.011618724817604,20.98850919457545,60.0
2014,whole_blocks_latitude_cap,0,5000,10,spatial_coverage,south_of_60n,equal_cell,85236,0.9203760529599048,12.243215451642058,20.9743400847732,60.0
2014,whole_blocks_latitude_cap,0,5000,10,spatial_coverage,south_of_60n,spherical_cell_area,85236,1.023481862157536,12.011618724817604,20.98850919457545,60.0
2014,whole_blocks_latitude_cap,0,5000,11,random,global,equal_cell,85236,1.0055582011255344,11.506189035814629,20.91090429825649,60.0
2014,whole_blocks_latitude_cap,0,5000,11,random,global,spherical_cell_area,85236,0.8907316610946869,11.284310411540469,20.87170036047448,60.0
2014,whole_blocks_latitude_cap,0,5000,11,random,south_of_60n,equal_cell,85236,1.0055582011255344,11.506189035814629,20.91090429825649,60.0
2014,whole_blocks_latitude_cap,0,5000,11,random,south_of_60n,spherical_cell_area,85236,0.8907316610946869,11.284310411540469,20.87170036047448,60.0
2014,whole_blocks_latitude_cap,0,5000,11,historical_density,global,equal_cell,85236,0.3794441751719042,14.121643861520663,24.21610707618917,60.0
2014,whole_blocks_latitude_cap,0,5000,11,historical_density,global,spherical_cell_area,85236,0.6238700991349616,13.905189343104375,24.24824105554704,60.0
2014,whole_blocks_latitude_cap,0,5000,11,historical_density,south_of_60n,equal_cell,85236,0.3794441751719042,14.121643861520663,24.21610707618917,60.0
2014,whole_blocks_latitude_cap,0,5000,11,historical_density,south_of_60n,spherical_cell_area,85236,0.6238700991349616,13.905189343104375,24.24824105554704,60.0
2014,whole_blocks_latitude_cap,0,5000,11,spatial_coverage,global,equal_cell,85236,1.3633520857260637,12.183740661519252,20.850343835420876,60.0
2014,whole_blocks_latitude_cap,0,5000,11,spatial_coverage,global,spherical_cell_area,85236,1.6325549299496294,12.13126589030385,21.110853107473897,60.0
2014,whole_blocks_latitude_cap,0,5000,11,spatial_coverage,south_of_60n,equal_cell,85236,1.3633520857260637,12.183740661519252,20.850343835420876,60.0
2014,whole_blocks_latitude_cap,0,5000,11,spatial_coverage,south_of_60n,spherical_cell_area,85236,1.6325549299496294,12.13126589030385,21.110853107473897,60.0
2014,whole_blocks_latitude_cap,0,5000,12,random,global,equal_cell,85236,0.6153184943181549,12.303167632407634,23.823010877895936,60.0
2014,whole_blocks_latitude_cap,0,5000,12,random,global,spherical_cell_area,85236,0.6277579548555309,12.026141980091651,23.60425451851993,60.0
2014,whole_blocks_latitude_cap,0,5000,12,random,south_of_60n,equal_cell,85236,0.6153184943181549,12.303167632407634,23.823010877895936,60.0
2014,whole_blocks_latitude_cap,0,5000,12,random,south_of_60n,spherical_cell_area,85236,0.6277579548555309,12.026141980091651,23.60425451851993,60.0
2014,whole_blocks_latitude_cap,0,5000,12,historical_density,global,equal_cell,85236,0.9243634927194404,14.510068869659747,24.684285841988835,60.0
2014,whole_blocks_latitude_cap,0,5000,12,historical_density,global,spherical_cell_area,85236,1.3223688717667288,14.44953117025458,24.88675249234372,60.0
2014,whole_blocks_latitude_cap,0,5000,12,historical_density,south_of_60n,equal_cell,85236,0.9243634927194404,14.510068869659747,24.684285841988835,60.0
2014,whole_blocks_latitude_cap,0,5000,12,historical_density,south_of_60n,spherical_cell_area,85236,1.3223688717667288,14.44953117025458,24.88675249234372,60.0
2014,whole_blocks_latitude_cap,0,5000,12,spatial_coverage,global,equal_cell,85236,0.626843727867442,12.287108703965146,21.485832341495662,60.0
2014,whole_blocks_latitude_cap,0,5000,12,spatial_coverage,global,spherical_cell_area,85236,0.7488089240615788,12.130591423410417,21.572638374711275,60.0
2014,whole_blocks_latitude_cap,0,5000,12,spatial_coverage,south_of_60n,equal_cell,85236,0.626843727867442,12.287108703965146,21.485832341495662,60.0
2014,whole_blocks_latitude_cap,0,5000,12,spatial_coverage,south_of_60n,spherical_cell_area,85236,0.7488089240615788,12.130591423410417,21.572638374711275,60.0
2014,whole_blocks_latitude_cap,0,5000,13,random,global,equal_cell,85236,1.5761252980674965,12.29414046372007,23.6310983964657,60.0
2014,whole_blocks_latitude_cap,0,5000,13,random,global,spherical_cell_area,85236,1.586252644998382,12.146077952575355,23.531629627104653,60.0
2014,whole_blocks_latitude_cap,0,5000,13,random,south_of_60n,equal_cell,85236,1.5761252980674965,12.29414046372007,23.6310983964657,60.0
2014,whole_blocks_latitude_cap,0,5000,13,random,south_of_60n,spherical_cell_area,85236,1.586252644998382,12.146077952575355,23.531629627104653,60.0
2014,whole_blocks_latitude_cap,0,5000,13,historical_density,global,equal_cell,85236,0.3204197850019552,14.163097950524923,24.906656064168114,60.0
2014,whole_blocks_latitude_cap,0,5000,13,historical_density,global,spherical_cell_area,85236,0.5847346837119349,13.95284250720651,25.0023228403957,60.0
2014,whole_blocks_latitude_cap,0,5000,13,historical_density,south_of_60n,equal_cell,85236,0.3204197850019552,14.163097950524923,24.906656064168114,60.0
2014,whole_blocks_latitude_cap,0,5000,13,historical_density,south_of_60n,spherical_cell_area,85236,0.5847346837119349,13.95284250720651,25.0023228403957,60.0
2014,whole_blocks_latitude_cap,0,5000,13,spatial_coverage,global,equal_cell,85236,1.4747375120558464,12.000576061780023,20.55727087823052,60.0
2014,whole_blocks_latitude_cap,0,5000,13,spatial_coverage,global,spherical_cell_area,85236,1.6993913066877562,11.897065216384934,20.749835852076668,60.0
2014,whole_blocks_latitude_cap,0,5000,13,spatial_coverage,south_of_60n,equal_cell,85236,1.4747375120558464,12.000576061780023,20.55727087823052,60.0
2014,whole_blocks_latitude_cap,0,5000,13,spatial_coverage,south_of_60n,spherical_cell_area,85236,1.6993913066877562,11.897065216384934,20.749835852076668,60.0
2014,whole_blocks_latitude_cap,0,5000,14,random,global,equal_cell,85236,1.5572534823540076,12.661893524689818,24.302568780530198,60.0
2014,whole_blocks_latitude_cap,0,5000,14,random,global,spherical_cell_area,85236,1.6044435882970471,12.49020211362304,24.208241951025645,60.0
2014,whole_blocks_latitude_cap,0,5000,14,random,south_of_60n,equal_cell,85236,1.5572534823540076,12.661893524689818,24.302568780530198,60.0
2014,whole_blocks_latitude_cap,0,5000,14,random,south_of_60n,spherical_cell_area,85236,1.6044435882970471,12.49020211362304,24.208241951025645,60.0
2014,whole_blocks_latitude_cap,0,5000,14,historical_density,global,equal_cell,85236,0.3151610764269416,14.048625062873729,24.136980687608304,60.0
2014,whole_blocks_latitude_cap,0,5000,14,historical_density,global,spherical_cell_area,85236,0.6626322201876547,13.81763154272753,24.24510784651548,60.0
2014,whole_blocks_latitude_cap,0,5000,14,historical_density,south_of_60n,equal_cell,85236,0.3151610764269416,14.048625062873729,24.136980687608304,60.0
2014,whole_blocks_latitude_cap,0,5000,14,historical_density,south_of_60n,spherical_cell_area,85236,0.6626322201876547,13.81763154272753,24.24510784651548,60.0
2014,whole_blocks_latitude_cap,0,5000,14,spatial_coverage,global,equal_cell,85236,1.0918014679874462,12.055332215949225,20.74980685755744,60.0
2014,whole_blocks_latitude_cap,0,5000,14,spatial_coverage,global,spherical_cell_area,85236,1.2726675427072298,11.985020490304745,20.98829432088541,60.0
2014,whole_blocks_latitude_cap,0,5000,14,spatial_coverage,south_of_60n,equal_cell,85236,1.0918014679874462,12.055332215949225,20.74980685755744,60.0
2014,whole_blocks_latitude_cap,0,5000,14,spatial_coverage,south_of_60n,spherical_cell_area,85236,1.2726675427072298,11.985020490304745,20.98829432088541,60.0
2014,whole_blocks_latitude_cap,0,5000,15,random,global,equal_cell,85236,1.4049463177301609,12.381425871085606,23.016356809201863,60.0
2014,whole_blocks_latitude_cap,0,5000,15,random,global,spherical_cell_area,85236,1.7323905741935055,12.264012801135667,23.106467256795867,60.0
2014,whole_blocks_latitude_cap,0,5000,15,random,south_of_60n,equal_cell,85236,1.4049463177301609,12.381425871085606,23.016356809201863,60.0
2014,whole_blocks_latitude_cap,0,5000,15,random,south_of_60n,spherical_cell_area,85236,1.7323905741935055,12.264012801135667,23.106467256795867,60.0
2014,whole_blocks_latitude_cap,0,5000,15,historical_density,global,equal_cell,85236,1.8074534838395728,13.924796400647557,23.193689334613257,60.0
2014,whole_blocks_latitude_cap,0,5000,15,historical_density,global,spherical_cell_area,85236,2.2387881200204918,13.746645468453035,23.34961054587767,60.0
2014,whole_blocks_latitude_cap,0,5000,15,historical_density,south_of_60n,equal_cell,85236,1.8074534838395728,13.924796400647557,23.193689334613257,60.0
2014,whole_blocks_latitude_cap,0,5000,15,historical_density,south_of_60n,spherical_cell_area,85236,2.2387881200204918,13.746645468453035,23.34961054587767,60.0
2014,whole_blocks_latitude_cap,0,5000,15,spatial_coverage,global,equal_cell,85236,0.6614119766175771,12.50526588668373,20.920150487186024,60.0
2014,whole_blocks_latitude_cap,0,5000,15,spatial_coverage,global,spherical_cell_area,85236,0.8040116084958479,12.314292886704544,21.006968971934143,60.0
2014,whole_blocks_latitude_cap,0,5000,15,spatial_coverage,south_of_60n,equal_cell,85236,0.6614119766175771,12.50526588668373,20.920150487186024,60.0
2014,whole_blocks_latitude_cap,0,5000,15,spatial_coverage,south_of_60n,spherical_cell_area,85236,0.8040116084958479,12.314292886704544,21.006968971934143,60.0
2014,whole_blocks_latitude_cap,0,5000,16,random,global,equal_cell,85236,1.662565320527186,12.686935687203402,24.46995345483252,60.0
2014,whole_blocks_latitude_cap,0,5000,16,random,global,spherical_cell_area,85236,1.839115254069521,12.566951396989896,24.40564722726601,60.0
2014,whole_blocks_latitude_cap,0,5000,16,random,south_of_60n,equal_cell,85236,1.662565320527186,12.686935687203402,24.46995345483252,60.0
2014,whole_blocks_latitude_cap,0,5000,16,random,south_of_60n,spherical_cell_area,85236,1.839115254069521,12.566951396989896,24.40564722726601,60.0
2014,whole_blocks_latitude_cap,0,5000,16,historical_density,global,equal_cell,85236,1.0881829202306277,14.024713254170802,24.98512451839932,60.0
2014,whole_blocks_latitude_cap,0,5000,16,historical_density,global,spherical_cell_area,85236,1.3898791600125875,13.775405451887362,25.05740911081522,60.0
2014,whole_blocks_latitude_cap,0,5000,16,historical_density,south_of_60n,equal_cell,85236,1.0881829202306277,14.024713254170802,24.98512451839932,60.0
2014,whole_blocks_latitude_cap,0,5000,16,historical_density,south_of_60n,spherical_cell_area,85236,1.3898791600125875,13.775405451887362,25.05740911081522,60.0
2014,whole_blocks_latitude_cap,0,5000,16,spatial_coverage,global,equal_cell,85236,1.7594161566980115,12.14428922748193,20.79706638961306,60.0
2014,whole_blocks_latitude_cap,0,5000,16,spatial_coverage,global,spherical_cell_area,85236,2.010283688498022,12.012337442301298,20.89804548927838,60.0
2014,whole_blocks_latitude_cap,0,5000,16,spatial_coverage,south_of_60n,equal_cell,85236,1.7594161566980115,12.14428922748193,20.79706638961306,60.0
2014,whole_blocks_latitude_cap,0,5000,16,spatial_coverage,south_of_60n,spherical_cell_area,85236,2.010283688498022,12.012337442301298,20.89804548927838,60.0
2014,whole_blocks_latitude_cap,0,5000,17,random,global,equal_cell,85236,2.218798413547977,12.705289975466831,25.882527890110183,60.0
2014,whole_blocks_latitude_cap,0,5000,17,random,global,spherical_cell_area,85236,2.2204828341797165,12.428777641740572,25.5691464327174,60.0
2014,whole_blocks_latitude_cap,0,5000,17,random,south_of_60n,equal_cell,85236,2.218798413547977,12.705289975466831,25.882527890110183,60.0
2014,whole_blocks_latitude_cap,0,5000,17,random,south_of_60n,spherical_cell_area,85236,2.2204828341797165,12.428777641740572,25.5691464327174,60.0
2014,whole_blocks_latitude_cap,0,5000,17,historical_density,global,equal_cell,85236,1.3948685247515644,14.587431783263757,25.230357061718568,60.0
2014,whole_blocks_latitude_cap,0,5000,17,historical_density,global,spherical_cell_area,85236,1.856815891694538,14.519985982907262,25.39637837669743,60.0
2014,whole_blocks_latitude_cap,0,5000,17,historical_density,south_of_60n,equal_cell,85236,1.3948685247515644,14.587431783263757,25.230357061718568,60.0
2014,whole_blocks_latitude_cap,0,5000,17,historical_density,south_of_60n,spherical_cell_area,85236,1.856815891694538,14.519985982907262,25.39637837669743,60.0
2014,whole_blocks_latitude_cap,0,5000,17,spatial_coverage,global,equal_cell,85236,1.450686569221326,12.647085674480516,20.9905492808626,60.0
2014,whole_blocks_latitude_cap,0,5000,17,spatial_coverage,global,spherical_cell_area,85236,1.5576807575899074,12.542558508723902,21.144042451438185,60.0
2014,whole_blocks_latitude_cap,0,5000,17,spatial_coverage,south_of_60n,equal_cell,85236,1.450686569221326,12.647085674480516,20.9905492808626,60.0
2014,whole_blocks_latitude_cap,0,5000,17,spatial_coverage,south_of_60n,spherical_cell_area,85236,1.5576807575899074,12.542558508723902,21.144042451438185,60.0
2014,whole_blocks_latitude_cap,0,5000,18,random,global,equal_cell,85236,1.2315247217420062,12.221029964333283,22.77173350404704,60.0
2014,whole_blocks_latitude_cap,0,5000,18,random,global,spherical_cell_area,85236,1.2606480338213135,12.035975277423791,22.798623997145164,60.0
2014,whole_blocks_latitude_cap,0,5000,18,random,south_of_60n,equal_cell,85236,1.2315247217420062,12.221029964333283,22.77173350404704,60.0
2014,whole_blocks_latitude_cap,0,5000,18,random,south_of_60n,spherical_cell_area,85236,1.2606480338213135,12.035975277423791,22.798623997145164,60.0
2014,whole_blocks_latitude_cap,0,5000,18,historical_density,global,equal_cell,85236,0.68935928405205,13.935285151316762,23.450589312114047,60.0
2014,whole_blocks_latitude_cap,0,5000,18,historical_density,global,spherical_cell_area,85236,0.8856680223255031,13.73410232916761,23.51505394795665,60.0
2014,whole_blocks_latitude_cap,0,5000,18,historical_density,south_of_60n,equal_cell,85236,0.68935928405205,13.935285151316762,23.450589312114047,60.0
2014,whole_blocks_latitude_cap,0,5000,18,historical_density,south_of_60n,spherical_cell_area,85236,0.8856680223255031,13.73410232916761,23.51505394795665,60.0
2014,whole_blocks_latitude_cap,0,5000,18,spatial_coverage,global,equal_cell,85236,1.2180409119598332,12.2512362107817,20.544939067649462,60.0
2014,whole_blocks_latitude_cap,0,5000,18,spatial_coverage,global,spherical_cell_area,85236,1.3639834567225444,12.11669006794639,20.707785976568744,60.0
2014,whole_blocks_latitude_cap,0,5000,18,spatial_coverage,south_of_60n,equal_cell,85236,1.2180409119598332,12.2512362107817,20.544939067649462,60.0
2014,whole_blocks_latitude_cap,0,5000,18,spatial_coverage,south_of_60n,spherical_cell_area,85236,1.3639834567225444,12.11669006794639,20.707785976568744,60.0
2014,whole_blocks_latitude_cap,0,5000,19,random,global,equal_cell,85236,1.3091212399579726,12.686444958427783,23.498489245646592,60.0
2014,whole_blocks_latitude_cap,0,5000,19,random,global,spherical_cell_area,85236,1.5315304046989768,12.482268576682186,23.415976469164136,60.0
2014,whole_blocks_latitude_cap,0,5000,19,random,south_of_60n,equal_cell,85236,1.3091212399579726,12.686444958427783,23.498489245646592,60.0
2014,whole_blocks_latitude_cap,0,5000,19,random,south_of_60n,spherical_cell_area,85236,1.5315304046989768,12.482268576682186,23.415976469164136,60.0
2014,whole_blocks_latitude_cap,0,5000,19,historical_density,global,equal_cell,85236,0.3111147361098136,14.308843182721334,24.260901605595325,60.0
2014,whole_blocks_latitude_cap,0,5000,19,historical_density,global,spherical_cell_area,85236,0.6833667600908798,14.108095166178712,24.32371565484975,60.0
2014,whole_blocks_latitude_cap,0,5000,19,historical_density,south_of_60n,equal_cell,85236,0.3111147361098136,14.308843182721334,24.260901605595325,60.0
2014,whole_blocks_latitude_cap,0,5000,19,historical_density,south_of_60n,spherical_cell_area,85236,0.6833667600908798,14.108095166178712,24.32371565484975,60.0
2014,whole_blocks_latitude_cap,0,5000,19,spatial_coverage,global,equal_cell,85236,1.205978163257014,11.99037333399355,20.854747531919777,60.0
2014,whole_blocks_latitude_cap,0,5000,19,spatial_coverage,global,spherical_cell_area,85236,1.3887662311418492,11.878592545567626,21.02137500156073,60.0
2014,whole_blocks_latitude_cap,0,5000,19,spatial_coverage,south_of_60n,equal_cell,85236,1.205978163257014,11.99037333399355,20.854747531919777,60.0
2014,whole_blocks_latitude_cap,0,5000,19,spatial_coverage,south_of_60n,spherical_cell_area,85236,1.3887662311418492,11.878592545567626,21.02137500156073,60.0
2014,whole_blocks_latitude_cap,1,5000,0,random,global,equal_cell,85332,-0.1730078448262793,11.427578486283704,19.80454701626945,60.0
2014,whole_blocks_latitude_cap,1,5000,0,random,global,spherical_cell_area,85332,0.0940049703531198,11.430118589351414,19.59247933281957,60.0
2014,whole_blocks_latitude_cap,1,5000,0,random,south_of_60n,equal_cell,85332,-0.1730078448262793,11.427578486283704,19.80454701626945,60.0
2014,whole_blocks_latitude_cap,1,5000,0,random,south_of_60n,spherical_cell_area,85332,0.0940049703531198,11.430118589351414,19.59247933281957,60.0
2014,whole_blocks_latitude_cap,1,5000,0,historical_density,global,equal_cell,85332,0.3861430501058273,13.423811817837615,20.93311846630928,60.0
2014,whole_blocks_latitude_cap,1,5000,0,historical_density,global,spherical_cell_area,85332,0.9562228310274092,13.271188815562054,20.665779319973822,60.0
2014,whole_blocks_latitude_cap,1,5000,0,historical_density,south_of_60n,equal_cell,85332,0.3861430501058273,13.423811817837615,20.93311846630928,60.0
2014,whole_blocks_latitude_cap,1,5000,0,historical_density,south_of_60n,spherical_cell_area,85332,0.9562228310274092,13.271188815562054,20.665779319973822,60.0
2014,whole_blocks_latitude_cap,1,5000,0,spatial_coverage,global,equal_cell,85332,1.5805188690468248,10.919400601723146,16.622138091918895,60.0
2014,whole_blocks_latitude_cap,1,5000,0,spatial_coverage,global,spherical_cell_area,85332,1.8938242151458595,10.990195559943032,16.64153351835084,60.0
2014,whole_blocks_latitude_cap,1,5000,0,spatial_coverage,south_of_60n,equal_cell,85332,1.5805188690468248,10.919400601723146,16.622138091918895,60.0
2014,whole_blocks_latitude_cap,1,5000,0,spatial_coverage,south_of_60n,spherical_cell_area,85332,1.8938242151458595,10.990195559943032,16.64153351835084,60.0
2014,whole_blocks_latitude_cap,1,5000,1,random,global,equal_cell,85332,-0.5244945886928339,12.154750205887156,25.74984402388042,60.0
2014,whole_blocks_latitude_cap,1,5000,1,random,global,spherical_cell_area,85332,-0.1836142849163573,12.049404697030187,25.15829366178445,60.0
2014,whole_blocks_latitude_cap,1,5000,1,random,south_of_60n,equal_cell,85332,-0.5244945886928339,12.154750205887156,25.74984402388042,60.0
2014,whole_blocks_latitude_cap,1,5000,1,random,south_of_60n,spherical_cell_area,85332,-0.1836142849163573,12.049404697030187,25.15829366178445,60.0
2014,whole_blocks_latitude_cap,1,5000,1,historical_density,global,equal_cell,85332,-0.6225530503732791,13.676680930650791,23.47883489949609,60.0
2014,whole_blocks_latitude_cap,1,5000,1,historical_density,global,spherical_cell_area,85332,-0.2024813807701499,13.436353212262446,22.99012808555748,60.0
2014,whole_blocks_latitude_cap,1,5000,1,historical_density,south_of_60n,equal_cell,85332,-0.6225530503732791,13.676680930650791,23.47883489949609,60.0
2014,whole_blocks_latitude_cap,1,5000,1,historical_density,south_of_60n,spherical_cell_area,85332,-0.2024813807701499,13.436353212262446,22.99012808555748,60.0
2014,whole_blocks_latitude_cap,1,5000,1,spatial_coverage,global,equal_cell,85332,1.7021498881236945,11.133126731269767,16.491408994196757,60.0
2014,whole_blocks_latitude_cap,1,5000,1,spatial_coverage,global,spherical_cell_area,85332,2.1583010388220543,11.269700192126882,16.57904158393449,60.0
2014,whole_blocks_latitude_cap,1,5000,1,spatial_coverage,south_of_60n,equal_cell,85332,1.7021498881236945,11.133126731269767,16.491408994196757,60.0
2014,whole_blocks_latitude_cap,1,5000,1,spatial_coverage,south_of_60n,spherical_cell_area,85332,2.1583010388220543,11.269700192126882,16.57904158393449,60.0
2014,whole_blocks_latitude_cap,1,5000,2,random,global,equal_cell,85332,0.3318266783401503,11.65894944780702,21.901381693982344,60.0
2014,whole_blocks_latitude_cap,1,5000,2,random,global,spherical_cell_area,85332,0.5842811765126579,11.598248058607282,21.55448728290074,60.0
2014,whole_blocks_latitude_cap,1,5000,2,random,south_of_60n,equal_cell,85332,0.3318266783401503,11.65894944780702,21.901381693982344,60.0
2014,whole_blocks_latitude_cap,1,5000,2,random,south_of_60n,spherical_cell_area,85332,0.5842811765126579,11.598248058607282,21.55448728290074,60.0
2014,whole_blocks_latitude_cap,1,5000,2,historical_density,global,equal_cell,85332,1.178284926756577,13.08527581592134,19.50144095777843,60.0
2014,whole_blocks_latitude_cap,1,5000,2,historical_density,global,spherical_cell_area,85332,1.580650318539108,13.031559504776306,19.496401502923675,60.0
2014,whole_blocks_latitude_cap,1,5000,2,historical_density,south_of_60n,equal_cell,85332,1.178284926756577,13.08527581592134,19.50144095777843,60.0
2014,whole_blocks_latitude_cap,1,5000,2,historical_density,south_of_60n,spherical_cell_area,85332,1.580650318539108,13.031559504776306,19.496401502923675,60.0
2014,whole_blocks_latitude_cap,1,5000,2,spatial_coverage,global,equal_cell,85332,0.3417777186792048,12.647787551411868,23.743942329002227,60.0
2014,whole_blocks_latitude_cap,1,5000,2,spatial_coverage,global,spherical_cell_area,85332,0.8554943043766061,12.638490164799665,23.322577132532484,60.0
2014,whole_blocks_latitude_cap,1,5000,2,spatial_coverage,south_of_60n,equal_cell,85332,0.3417777186792048,12.647787551411868,23.743942329002227,60.0
2014,whole_blocks_latitude_cap,1,5000,2,spatial_coverage,south_of_60n,spherical_cell_area,85332,0.8554943043766061,12.638490164799665,23.322577132532484,60.0
2014,whole_blocks_latitude_cap,1,5000,3,random,global,equal_cell,85332,0.4259887589620577,11.754069129416935,21.641161138812627,60.0
2014,whole_blocks_latitude_cap,1,5000,3,random,global,spherical_cell_area,85332,0.6000758298848871,11.664572755670802,21.29438071591216,60.0
2014,whole_blocks_latitude_cap,1,5000,3,random,south_of_60n,equal_cell,85332,0.4259887589620577,11.754069129416935,21.641161138812627,60.0
2014,whole_blocks_latitude_cap,1,5000,3,random,south_of_60n,spherical_cell_area,85332,0.6000758298848871,11.664572755670802,21.29438071591216,60.0
2014,whole_blocks_latitude_cap,1,5000,3,historical_density,global,equal_cell,85332,0.591825637135051,14.388839052611605,24.068569717335635,60.0
2014,whole_blocks_latitude_cap,1,5000,3,historical_density,global,spherical_cell_area,85332,1.2069443102866104,14.257626926808284,23.74048761601068,60.0
2014,whole_blocks_latitude_cap,1,5000,3,historical_density,south_of_60n,equal_cell,85332,0.591825637135051,14.388839052611605,24.068569717335635,60.0
2014,whole_blocks_latitude_cap,1,5000,3,historical_density,south_of_60n,spherical_cell_area,85332,1.2069443102866104,14.257626926808284,23.74048761601068,60.0
2014,whole_blocks_latitude_cap,1,5000,3,spatial_coverage,global,equal_cell,85332,0.6931567330517353,11.414057817718572,18.229571409456188,60.0
2014,whole_blocks_latitude_cap,1,5000,3,spatial_coverage,global,spherical_cell_area,85332,1.0493476067061835,11.443576828806169,18.14525786241658,60.0
2014,whole_blocks_latitude_cap,1,5000,3,spatial_coverage,south_of_60n,equal_cell,85332,0.6931567330517353,11.414057817718572,18.229571409456188,60.0
2014,whole_blocks_latitude_cap,1,5000,3,spatial_coverage,south_of_60n,spherical_cell_area,85332,1.0493476067061835,11.443576828806169,18.14525786241658,60.0
2014,whole_blocks_latitude_cap,1,5000,4,random,global,equal_cell,85332,0.2179536457843722,11.395994977294809,19.410322959929324,60.0
2014,whole_blocks_latitude_cap,1,5000,4,random,global,spherical_cell_area,85332,0.5385834775743136,11.387610918006676,19.221069341631257,60.0
2014,whole_blocks_latitude_cap,1,5000,4,random,south_of_60n,equal_cell,85332,0.2179536457843722,11.395994977294809,19.410322959929324,60.0
2014,whole_blocks_latitude_cap,1,5000,4,random,south_of_60n,spherical_cell_area,85332,0.5385834775743136,11.387610918006676,19.221069341631257,60.0
2014,whole_blocks_latitude_cap,1,5000,4,historical_density,global,equal_cell,85332,1.0421908200165075,13.609326469521609,20.21593246898674,60.0
2014,whole_blocks_latitude_cap,1,5000,4,historical_density,global,spherical_cell_area,85332,1.751020983992413,13.596116722859431,20.22457104554092,60.0
2014,whole_blocks_latitude_cap,1,5000,4,historical_density,south_of_60n,equal_cell,85332,1.0421908200165075,13.609326469521609,20.21593246898674,60.0
2014,whole_blocks_latitude_cap,1,5000,4,historical_density,south_of_60n,spherical_cell_area,85332,1.751020983992413,13.596116722859431,20.22457104554092,60.0
2014,whole_blocks_latitude_cap,1,5000,4,spatial_coverage,global,equal_cell,85332,0.7531799570444481,12.06290057050553,20.208665685748887,60.0
2014,whole_blocks_latitude_cap,1,5000,4,spatial_coverage,global,spherical_cell_area,85332,1.2750127074336146,12.010877097941693,19.8996270073923,60.0
2014,whole_blocks_latitude_cap,1,5000,4,spatial_coverage,south_of_60n,equal_cell,85332,0.7531799570444481,12.06290057050553,20.208665685748887,60.0
2014,whole_blocks_latitude_cap,1,5000,4,spatial_coverage,south_of_60n,spherical_cell_area,85332,1.2750127074336146,12.010877097941693,19.8996270073923,60.0
2014,whole_blocks_latitude_cap,1,5000,5,random,global,equal_cell,85332,0.0364261483007708,11.70888724141245,22.415572053228846,60.0
2014,whole_blocks_latitude_cap,1,5000,5,random,global,spherical_cell_area,85332,0.435787689283781,11.657507362555044,22.05680794529471,60.0
2014,whole_blocks_latitude_cap,1,5000,5,random,south_of_60n,equal_cell,85332,0.0364261483007708,11.70888724141245,22.415572053228846,60.0
2014,whole_blocks_latitude_cap,1,5000,5,random,south_of_60n,spherical_cell_area,85332,0.435787689283781,11.657507362555044,22.05680794529471,60.0
2014,whole_blocks_latitude_cap,1,5000,5,historical_density,global,equal_cell,85332,1.0478370739521612,13.051278242182097,19.156798666402445,60.0
2014,whole_blocks_latitude_cap,1,5000,5,historical_density,global,spherical_cell_area,85332,1.5820559531992602,12.89251151430165,19.01858526937057,60.0
2014,whole_blocks_latitude_cap,1,5000,5,historical_density,south_of_60n,equal_cell,85332,1.0478370739521612,13.051278242182097,19.156798666402445,60.0
2014,whole_blocks_latitude_cap,1,5000,5,historical_density,south_of_60n,spherical_cell_area,85332,1.5820559531992602,12.89251151430165,19.01858526937057,60.0
2014,whole_blocks_latitude_cap,1,5000,5,spatial_coverage,global,equal_cell,85332,2.039703436714193,10.86672150326962,16.83828119063765,60.0
2014,whole_blocks_latitude_cap,1,5000,5,spatial_coverage,global,spherical_cell_area,85332,2.35001188882893,10.9444578750103,16.848117018845656,60.0
2014,whole_blocks_latitude_cap,1,5000,5,spatial_coverage,south_of_60n,equal_cell,85332,2.039703436714193,10.86672150326962,16.83828119063765,60.0
2014,whole_blocks_latitude_cap,1,5000,5,spatial_coverage,south_of_60n,spherical_cell_area,85332,2.35001188882893,10.9444578750103,16.848117018845656,60.0
2014,whole_blocks_latitude_cap,1,5000,6,random,global,equal_cell,85332,1.006808296277161,11.05364879654998,17.265318420227114,60.0
2014,whole_blocks_latitude_cap,1,5000,6,random,global,spherical_cell_area,85332,1.328274381891999,11.061638304616636,17.34736367000084,60.0
2014,whole_blocks_latitude_cap,1,5000,6,random,south_of_60n,equal_cell,85332,1.006808296277161,11.05364879654998,17.265318420227114,60.0
2014,whole_blocks_latitude_cap,1,5000,6,random,south_of_60n,spherical_cell_area,85332,1.328274381891999,11.061638304616636,17.34736367000084,60.0
2014,whole_blocks_latitude_cap,1,5000,6,historical_density,global,equal_cell,85332,0.8920915043938792,13.878511502886289,23.09513698847512,60.0
2014,whole_blocks_latitude_cap,1,5000,6,historical_density,global,spherical_cell_area,85332,1.4816736801139914,13.74235624774872,22.793493134054003,60.0
2014,whole_blocks_latitude_cap,1,5000,6,historical_density,south_of_60n,equal_cell,85332,0.8920915043938792,13.878511502886289,23.09513698847512,60.0
2014,whole_blocks_latitude_cap,1,5000,6,historical_density,south_of_60n,spherical_cell_area,85332,1.4816736801139914,13.74235624774872,22.793493134054003,60.0
2014,whole_blocks_latitude_cap,1,5000,6,spatial_coverage,global,equal_cell,85332,1.5929829311570434,10.869594989343655,16.718571631789853,60.0
2014,whole_blocks_latitude_cap,1,5000,6,spatial_coverage,global,spherical_cell_area,85332,1.8969798886712692,10.9138661463053,16.680409157233957,60.0
2014,whole_blocks_latitude_cap,1,5000,6,spatial_coverage,south_of_60n,equal_cell,85332,1.5929829311570434,10.869594989343655,16.718571631789853,60.0
2014,whole_blocks_latitude_cap,1,5000,6,spatial_coverage,south_of_60n,spherical_cell_area,85332,1.8969798886712692,10.9138661463053,16.680409157233957,60.0
2014,whole_blocks_latitude_cap,1,5000,7,random,global,equal_cell,85332,0.2985506240232466,11.684800096062316,21.15467571522827,60.0
2014,whole_blocks_latitude_cap,1,5000,7,random,global,spherical_cell_area,85332,0.5758726412718191,11.650145467375504,20.908116964274477,60.0
2014,whole_blocks_latitude_cap,1,5000,7,random,south_of_60n,equal_cell,85332,0.2985506240232466,11.684800096062316,21.15467571522827,60.0
2014,whole_blocks_latitude_cap,1,5000,7,random,south_of_60n,spherical_cell_area,85332,0.5758726412718191,11.650145467375504,20.908116964274477,60.0
2014,whole_blocks_latitude_cap,1,5000,7,historical_density,global,equal_cell,85332,0.1234363972664868,12.93840348892809,20.147807528083916,60.0
2014,whole_blocks_latitude_cap,1,5000,7,historical_density,global,spherical_cell_area,85332,0.5632181335020113,12.709126541558147,19.832262611552444,60.0
2014,whole_blocks_latitude_cap,1,5000,7,historical_density,south_of_60n,equal_cell,85332,0.1234363972664868,12.93840348892809,20.147807528083916,60.0
2014,whole_blocks_latitude_cap,1,5000,7,historical_density,south_of_60n,spherical_cell_area,85332,0.5632181335020113,12.709126541558147,19.832262611552444,60.0
2014,whole_blocks_latitude_cap,1,5000,7,spatial_coverage,global,equal_cell,85332,0.4402617960232989,12.32444763627132,23.304990514558483,60.0
2014,whole_blocks_latitude_cap,1,5000,7,spatial_coverage,global,spherical_cell_area,85332,0.9123842030763866,12.321869535858262,22.91953241452693,60.0
2014,whole_blocks_latitude_cap,1,5000,7,spatial_coverage,south_of_60n,equal_cell,85332,0.4402617960232989,12.32444763627132,23.304990514558483,60.0
2014,whole_blocks_latitude_cap,1,5000,7,spatial_coverage,south_of_60n,spherical_cell_area,85332,0.9123842030763866,12.321869535858262,22.91953241452693,60.0
2014,whole_blocks_latitude_cap,1,5000,8,random,global,equal_cell,85332,-0.2193767262021616,12.264911907753904,23.757144966284727,60.0
2014,whole_blocks_latitude_cap,1,5000,8,random,global,spherical_cell_area,85332,0.1878396402179987,12.275601237678009,23.47708341584734,60.0
2014,whole_blocks_latitude_cap,1,5000,8,random,south_of_60n,equal_cell,85332,-0.2193767262021616,12.264911907753904,23.757144966284727,60.0
2014,whole_blocks_latitude_cap,1,5000,8,random,south_of_60n,spherical_cell_area,85332,0.1878396402179987,12.275601237678009,23.47708341584734,60.0
2014,whole_blocks_latitude_cap,1,5000,8,historical_density,global,equal_cell,85332,-0.289141286909532,13.75712561435367,23.084842495272408,60.0
2014,whole_blocks_latitude_cap,1,5000,8,historical_density,global,spherical_cell_area,85332,0.1518669858278923,13.598063529609544,22.75165201035026,60.0
2014,whole_blocks_latitude_cap,1,5000,8,historical_density,south_of_60n,equal_cell,85332,-0.289141286909532,13.75712561435367,23.084842495272408,60.0
2014,whole_blocks_latitude_cap,1,5000,8,historical_density,south_of_60n,spherical_cell_area,85332,0.1518669858278923,13.598063529609544,22.75165201035026,60.0
2014,whole_blocks_latitude_cap,1,5000,8,spatial_coverage,global,equal_cell,85332,0.7410075290955047,12.113645256756062,19.907325526802094,60.0
2014,whole_blocks_latitude_cap,1,5000,8,spatial_coverage,global,spherical_cell_area,85332,1.1030030039033536,12.13902025077183,19.755438000018238,60.0
2014,whole_blocks_latitude_cap,1,5000,8,spatial_coverage,south_of_60n,equal_cell,85332,0.7410075290955047,12.113645256756062,19.907325526802094,60.0
2014,whole_blocks_latitude_cap,1,5000,8,spatial_coverage,south_of_60n,spherical_cell_area,85332,1.1030030039033536,12.13902025077183,19.755438000018238,60.0
2014,whole_blocks_latitude_cap,1,5000,9,random,global,equal_cell,85332,-0.4445757887413739,11.754075802964776,23.02275127857192,60.0
2014,whole_blocks_latitude_cap,1,5000,9,random,global,spherical_cell_area,85332,-0.0321839875526375,11.72926756321294,22.57754699439136,60.0
2014,whole_blocks_latitude_cap,1,5000,9,random,south_of_60n,equal_cell,85332,-0.4445757887413739,11.754075802964776,23.02275127857192,60.0
2014,whole_blocks_latitude_cap,1,5000,9,random,south_of_60n,spherical_cell_area,85332,-0.0321839875526375,11.72926756321294,22.57754699439136,60.0
2014,whole_blocks_latitude_cap,1,5000,9,historical_density,global,equal_cell,85332,0.9389255123162136,12.736601863431217,19.11020429103621,60.0
2014,whole_blocks_latitude_cap,1,5000,9,historical_density,global,spherical_cell_area,85332,1.4352963833115826,12.631345707638824,19.08399045379471,60.0
2014,whole_blocks_latitude_cap,1,5000,9,historical_density,south_of_60n,equal_cell,85332,0.9389255123162136,12.736601863431217,19.11020429103621,60.0
2014,whole_blocks_latitude_cap,1,5000,9,historical_density,south_of_60n,spherical_cell_area,85332,1.4352963833115826,12.631345707638824,19.08399045379471,60.0
2014,whole_blocks_latitude_cap,1,5000,9,spatial_coverage,global,equal_cell,85332,1.2426440771761564,11.400023154298946,18.577287556208244,60.0
2014,whole_blocks_latitude_cap,1,5000,9,spatial_coverage,global,spherical_cell_area,85332,1.6700882252931228,11.433189567722962,18.447410654438723,60.0
2014,whole_blocks_latitude_cap,1,5000,9,spatial_coverage,south_of_60n,equal_cell,85332,1.2426440771761564,11.400023154298946,18.577287556208244,60.0
2014,whole_blocks_latitude_cap,1,5000,9,spatial_coverage,south_of_60n,spherical_cell_area,85332,1.6700882252931228,11.433189567722962,18.447410654438723,60.0
2014,whole_blocks_latitude_cap,1,5000,10,random,global,equal_cell,85332,0.1624442131706981,11.826988744009808,22.738150840934885,60.0
2014,whole_blocks_latitude_cap,1,5000,10,random,global,spherical_cell_area,85332,0.5140741868769966,11.825411414590064,22.436960068771505,60.0
2014,whole_blocks_latitude_cap,1,5000,10,random,south_of_60n,equal_cell,85332,0.1624442131706981,11.826988744009808,22.738150840934885,60.0
2014,whole_blocks_latitude_cap,1,5000,10,random,south_of_60n,spherical_cell_area,85332,0.5140741868769966,11.825411414590064,22.436960068771505,60.0
2014,whole_blocks_latitude_cap,1,5000,10,historical_density,global,equal_cell,85332,1.1649734793100752,13.433323815080906,19.49216739921388,60.0
2014,whole_blocks_latitude_cap,1,5000,10,historical_density,global,spherical_cell_area,85332,1.780234415539339,13.351191437757109,19.449772326568333,60.0
2014,whole_blocks_latitude_cap,1,5000,10,historical_density,south_of_60n,equal_cell,85332,1.1649734793100752,13.433323815080906,19.49216739921388,60.0
2014,whole_blocks_latitude_cap,1,5000,10,historical_density,south_of_60n,spherical_cell_area,85332,1.780234415539339,13.351191437757109,19.449772326568333,60.0
2014,whole_blocks_latitude_cap,1,5000,10,spatial_coverage,global,equal_cell,85332,1.766193512328913,11.20556054405677,17.676116546804778,60.0
2014,whole_blocks_latitude_cap,1,5000,10,spatial_coverage,global,spherical_cell_area,85332,2.262598760079001,11.183892625620654,17.50185536739644,60.0
2014,whole_blocks_latitude_cap,1,5000,10,spatial_coverage,south_of_60n,equal_cell,85332,1.766193512328913,11.20556054405677,17.676116546804778,60.0
2014,whole_blocks_latitude_cap,1,5000,10,spatial_coverage,south_of_60n,spherical_cell_area,85332,2.262598760079001,11.183892625620654,17.50185536739644,60.0
2014,whole_blocks_latitude_cap,1,5000,11,random,global,equal_cell,85332,-0.0597979875224856,12.01474172909774,20.79713848561291,60.0
2014,whole_blocks_latitude_cap,1,5000,11,random,global,spherical_cell_area,85332,0.2985241494935839,11.92407668583096,20.455975287309,60.0
2014,whole_blocks_latitude_cap,1,5000,11,random,south_of_60n,equal_cell,85332,-0.0597979875224856,12.01474172909774,20.79713848561291,60.0
2014,whole_blocks_latitude_cap,1,5000,11,random,south_of_60n,spherical_cell_area,85332,0.2985241494935839,11.92407668583096,20.455975287309,60.0
2014,whole_blocks_latitude_cap,1,5000,11,historical_density,global,equal_cell,85332,0.4564124207017597,13.26450772253026,20.71354793574601,60.0
2014,whole_blocks_latitude_cap,1,5000,11,historical_density,global,spherical_cell_area,85332,1.1056541992606597,13.11830707071412,20.45267909094939,60.0
2014,whole_blocks_latitude_cap,1,5000,11,historical_density,south_of_60n,equal_cell,85332,0.4564124207017597,13.26450772253026,20.71354793574601,60.0
2014,whole_blocks_latitude_cap,1,5000,11,historical_density,south_of_60n,spherical_cell_area,85332,1.1056541992606597,13.11830707071412,20.45267909094939,60.0
2014,whole_blocks_latitude_cap,1,5000,11,spatial_coverage,global,equal_cell,85332,0.3644051789451429,11.916296323698884,22.06785450956701,60.0
2014,whole_blocks_latitude_cap,1,5000,11,spatial_coverage,global,spherical_cell_area,85332,0.9113219616236048,11.878537529273324,21.679016855250392,60.0
2014,whole_blocks_latitude_cap,1,5000,11,spatial_coverage,south_of_60n,equal_cell,85332,0.3644051789451429,11.916296323698884,22.06785450956701,60.0
2014,whole_blocks_latitude_cap,1,5000,11,spatial_coverage,south_of_60n,spherical_cell_area,85332,0.9113219616236048,11.878537529273324,21.679016855250392,60.0
2014,whole_blocks_latitude_cap,1,5000,12,random,global,equal_cell,85332,0.0889350632150016,11.488555452974248,20.511076877868565,60.0
2014,whole_blocks_latitude_cap,1,5000,12,random,global,spherical_cell_area,85332,0.3856360627651701,11.40904197410792,20.200616827545435,60.0
2014,whole_blocks_latitude_cap,1,5000,12,random,south_of_60n,equal_cell,85332,0.0889350632150016,11.488555452974248,20.511076877868565,60.0
2014,whole_blocks_latitude_cap,1,5000,12,random,south_of_60n,spherical_cell_area,85332,0.3856360627651701,11.40904197410792,20.200616827545435,60.0
2014,whole_blocks_latitude_cap,1,5000,12,historical_density,global,equal_cell,85332,0.2003468504328147,13.483976858647516,19.964010314871555,60.0
2014,whole_blocks_latitude_cap,1,5000,12,historical_density,global,spherical_cell_area,85332,0.6797695160924702,13.428163715829758,19.9256617858964,60.0
2014,whole_blocks_latitude_cap,1,5000,12,historical_density,south_of_60n,equal_cell,85332,0.2003468504328147,13.483976858647516,19.964010314871555,60.0
2014,whole_blocks_latitude_cap,1,5000,12,historical_density,south_of_60n,spherical_cell_area,85332,0.6797695160924702,13.428163715829758,19.9256617858964,60.0
2014,whole_blocks_latitude_cap,1,5000,12,spatial_coverage,global,equal_cell,85332,0.9898097272757196,12.1898676682063,19.989466793898515,60.0
2014,whole_blocks_latitude_cap,1,5000,12,spatial_coverage,global,spherical_cell_area,85332,1.4215376405752,12.151159277010017,19.82430494389946,60.0
2014,whole_blocks_latitude_cap,1,5000,12,spatial_coverage,south_of_60n,equal_cell,85332,0.9898097272757196,12.1898676682063,19.989466793898515,60.0
2014,whole_blocks_latitude_cap,1,5000,12,spatial_coverage,south_of_60n,spherical_cell_area,85332,1.4215376405752,12.151159277010017,19.82430494389946,60.0
2014,whole_blocks_latitude_cap,1,5000,13,random,global,equal_cell,85332,-1.1712781087466548,13.014762768699113,26.94033392265048,60.0
2014,whole_blocks_latitude_cap,1,5000,13,random,global,spherical_cell_area,85332,-0.8903257962114848,12.983567422938387,26.482231597162645,60.0
2014,whole_blocks_latitude_cap,1,5000,13,random,south_of_60n,equal_cell,85332,-1.1712781087466548,13.014762768699113,26.94033392265048,60.0
2014,whole_blocks_latitude_cap,1,5000,13,random,south_of_60n,spherical_cell_area,85332,-0.8903257962114848,12.983567422938387,26.482231597162645,60.0
2014,whole_blocks_latitude_cap,1,5000,13,historical_density,global,equal_cell,85332,0.4610125478881887,13.941978998271752,22.719680867375647,60.0
2014,whole_blocks_latitude_cap,1,5000,13,historical_density,global,spherical_cell_area,85332,1.0491969744202054,13.695866786291274,22.308415255477573,60.0
2014,whole_blocks_latitude_cap,1,5000,13,historical_density,south_of_60n,equal_cell,85332,0.4610125478881887,13.941978998271752,22.719680867375647,60.0
2014,whole_blocks_latitude_cap,1,5000,13,historical_density,south_of_60n,spherical_cell_area,85332,1.0491969744202054,13.695866786291274,22.308415255477573,60.0
2014,whole_blocks_latitude_cap,1,5000,13,spatial_coverage,global,equal_cell,85332,1.38299706628645,10.870419675105657,17.001925796392676,60.0
2014,whole_blocks_latitude_cap,1,5000,13,spatial_coverage,global,spherical_cell_area,85332,1.7555431323900277,10.876528366208488,16.952488248794165,60.0
2014,whole_blocks_latitude_cap,1,5000,13,spatial_coverage,south_of_60n,equal_cell,85332,1.38299706628645,10.870419675105657,17.001925796392676,60.0
2014,whole_blocks_latitude_cap,1,5000,13,spatial_coverage,south_of_60n,spherical_cell_area,85332,1.7555431323900277,10.876528366208488,16.952488248794165,60.0
2014,whole_blocks_latitude_cap,1,5000,14,random,global,equal_cell,85332,0.575007785380382,12.100203506631864,24.011563728018476,60.0
2014,whole_blocks_latitude_cap,1,5000,14,random,global,spherical_cell_area,85332,0.8403987639287281,12.02989531998193,23.53208477275401,60.0
2014,whole_blocks_latitude_cap,1,5000,14,random,south_of_60n,equal_cell,85332,0.575007785380382,12.100203506631864,24.011563728018476,60.0
2014,whole_blocks_latitude_cap,1,5000,14,random,south_of_60n,spherical_cell_area,85332,0.8403987639287281,12.02989531998193,23.53208477275401,60.0
2014,whole_blocks_latitude_cap,1,5000,14,historical_density,global,equal_cell,85332,0.2631485087214753,12.970946772271049,19.317806340369994,60.0
2014,whole_blocks_latitude_cap,1,5000,14,historical_density,global,spherical_cell_area,85332,0.5990547309766481,12.909022211549432,19.29378091519385,60.0
2014,whole_blocks_latitude_cap,1,5000,14,historical_density,south_of_60n,equal_cell,85332,0.2631485087214753,12.970946772271049,19.317806340369994,60.0
2014,whole_blocks_latitude_cap,1,5000,14,historical_density,south_of_60n,spherical_cell_area,85332,0.5990547309766481,12.909022211549432,19.29378091519385,60.0
2014,whole_blocks_latitude_cap,1,5000,14,spatial_coverage,global,equal_cell,85332,1.391512038640896,11.314609629472224,17.980041237720425,60.0
2014,whole_blocks_latitude_cap,1,5000,14,spatial_coverage,global,spherical_cell_area,85332,1.8196723889969528,11.359182145747344,18.027286387109,60.0
2014,whole_blocks_latitude_cap,1,5000,14,spatial_coverage,south_of_60n,equal_cell,85332,1.391512038640896,11.314609629472224,17.980041237720425,60.0
2014,whole_blocks_latitude_cap,1,5000,14,spatial_coverage,south_of_60n,spherical_cell_area,85332,1.8196723889969528,11.359182145747344,18.027286387109,60.0
2014,whole_blocks_latitude_cap,1,5000,15,random,global,equal_cell,85332,0.366043855256609,11.40398300243618,19.87761949502255,60.0
2014,whole_blocks_latitude_cap,1,5000,15,random,global,spherical_cell_area,85332,0.7875553761088405,11.263014495462135,19.511571264631808,60.0
2014,whole_blocks_latitude_cap,1,5000,15,random,south_of_60n,equal_cell,85332,0.366043855256609,11.40398300243618,19.87761949502255,60.0
2014,whole_blocks_latitude_cap,1,5000,15,random,south_of_60n,spherical_cell_area,85332,0.7875553761088405,11.263014495462135,19.511571264631808,60.0
2014,whole_blocks_latitude_cap,1,5000,15,historical_density,global,equal_cell,85332,0.0479541814924896,13.84528438296807,22.621020146396305,60.0
2014,whole_blocks_latitude_cap,1,5000,15,historical_density,global,spherical_cell_area,85332,0.5391007237588209,13.674422222021066,22.28054590810096,60.0
2014,whole_blocks_latitude_cap,1,5000,15,historical_density,south_of_60n,equal_cell,85332,0.0479541814924896,13.84528438296807,22.621020146396305,60.0
2014,whole_blocks_latitude_cap,1,5000,15,historical_density,south_of_60n,spherical_cell_area,85332,0.5391007237588209,13.674422222021066,22.28054590810096,60.0
2014,whole_blocks_latitude_cap,1,5000,15,spatial_coverage,global,equal_cell,85332,1.6726311970855887,10.846343667639127,16.33275443156066,60.0
2014,whole_blocks_latitude_cap,1,5000,15,spatial_coverage,global,spherical_cell_area,85332,2.102528664357929,10.9646437727929,16.4278585271841,60.0
2014,whole_blocks_latitude_cap,1,5000,15,spatial_coverage,south_of_60n,equal_cell,85332,1.6726311970855887,10.846343667639127,16.33275443156066,60.0
2014,whole_blocks_latitude_cap,1,5000,15,spatial_coverage,south_of_60n,spherical_cell_area,85332,2.102528664357929,10.9646437727929,16.4278585271841,60.0
2014,whole_blocks_latitude_cap,1,5000,16,random,global,equal_cell,85332,0.3076967917612939,11.438663684342158,20.41579805675868,60.0
2014,whole_blocks_latitude_cap,1,5000,16,random,global,spherical_cell_area,85332,0.6175369723720752,11.423834340046916,20.173884891896293,60.0
2014,whole_blocks_latitude_cap,1,5000,16,random,south_of_60n,equal_cell,85332,0.3076967917612939,11.438663684342158,20.41579805675868,60.0
2014,whole_blocks_latitude_cap,1,5000,16,random,south_of_60n,spherical_cell_area,85332,0.6175369723720752,11.423834340046916,20.173884891896293,60.0
2014,whole_blocks_latitude_cap,1,5000,16,historical_density,global,equal_cell,85332,0.4936706775262484,13.552787309845174,21.6695948695246,60.0
2014,whole_blocks_latitude_cap,1,5000,16,historical_density,global,spherical_cell_area,85332,1.2186302635903543,13.46976158866396,21.453137820937357,60.0
2014,whole_blocks_latitude_cap,1,5000,16,historical_density,south_of_60n,equal_cell,85332,0.4936706775262484,13.552787309845174,21.6695948695246,60.0
2014,whole_blocks_latitude_cap,1,5000,16,historical_density,south_of_60n,spherical_cell_area,85332,1.2186302635903543,13.46976158866396,21.453137820937357,60.0
2014,whole_blocks_latitude_cap,1,5000,16,spatial_coverage,global,equal_cell,85332,1.880324925965798,11.729325067639396,18.844192613257665,60.0
2014,whole_blocks_latitude_cap,1,5000,16,spatial_coverage,global,spherical_cell_area,85332,2.4490345204042208,11.786355213340372,18.809611863675727,60.0
2014,whole_blocks_latitude_cap,1,5000,16,spatial_coverage,south_of_60n,equal_cell,85332,1.880324925965798,11.729325067639396,18.844192613257665,60.0
2014,whole_blocks_latitude_cap,1,5000,16,spatial_coverage,south_of_60n,spherical_cell_area,85332,2.4490345204042208,11.786355213340372,18.809611863675727,60.0
2014,whole_blocks_latitude_cap,1,5000,17,random,global,equal_cell,85332,0.030758536146722,11.855701231290658,22.482321462873344,60.0
2014,whole_blocks_latitude_cap,1,5000,17,random,global,spherical_cell_area,85332,0.3919868410956085,11.86990178511105,22.129114498569606,60.0
2014,whole_blocks_latitude_cap,1,5000,17,random,south_of_60n,equal_cell,85332,0.030758536146722,11.855701231290658,22.482321462873344,60.0
2014,whole_blocks_latitude_cap,1,5000,17,random,south_of_60n,spherical_cell_area,85332,0.3919868410956085,11.86990178511105,22.129114498569606,60.0
2014,whole_blocks_latitude_cap,1,5000,17,historical_density,global,equal_cell,85332,-0.6381766981294685,14.051796153801728,23.792416026218447,60.0
2014,whole_blocks_latitude_cap,1,5000,17,historical_density,global,spherical_cell_area,85332,-0.1383864898332544,13.855716509852778,23.403604977542216,60.0
2014,whole_blocks_latitude_cap,1,5000,17,historical_density,south_of_60n,equal_cell,85332,-0.6381766981294685,14.051796153801728,23.792416026218447,60.0
2014,whole_blocks_latitude_cap,1,5000,17,historical_density,south_of_60n,spherical_cell_area,85332,-0.1383864898332544,13.855716509852778,23.403604977542216,60.0
2014,whole_blocks_latitude_cap,1,5000,17,spatial_coverage,global,equal_cell,85332,0.992934102552411,11.649433438615716,18.19681469495677,60.0
2014,whole_blocks_latitude_cap,1,5000,17,spatial_coverage,global,spherical_cell_area,85332,1.4284636559511086,11.699052426345322,18.131142400544483,60.0
2014,whole_blocks_latitude_cap,1,5000,17,spatial_coverage,south_of_60n,equal_cell,85332,0.992934102552411,11.649433438615716,18.19681469495677,60.0
2014,whole_blocks_latitude_cap,1,5000,17,spatial_coverage,south_of_60n,spherical_cell_area,85332,1.4284636559511086,11.699052426345322,18.131142400544483,60.0
2014,whole_blocks_latitude_cap,1,5000,18,random,global,equal_cell,85332,-0.4538750778925164,11.933180496463402,22.7800065438472,60.0
2014,whole_blocks_latitude_cap,1,5000,18,random,global,spherical_cell_area,85332,-0.1201849137400986,11.842718251290012,22.33548815554967,60.0
2014,whole_blocks_latitude_cap,1,5000,18,random,south_of_60n,equal_cell,85332,-0.4538750778925164,11.933180496463402,22.7800065438472,60.0
2014,whole_blocks_latitude_cap,1,5000,18,random,south_of_60n,spherical_cell_area,85332,-0.1201849137400986,11.842718251290012,22.33548815554967,60.0
2014,whole_blocks_latitude_cap,1,5000,18,historical_density,global,equal_cell,85332,-1.3217622212205455,14.25782996922926,23.948153799838423,60.0
2014,whole_blocks_latitude_cap,1,5000,18,historical_density,global,spherical_cell_area,85332,-0.7687069119501876,14.125617426864247,23.631196723914226,60.0
2014,whole_blocks_latitude_cap,1,5000,18,historical_density,south_of_60n,equal_cell,85332,-1.3217622212205455,14.25782996922926,23.948153799838423,60.0
2014,whole_blocks_latitude_cap,1,5000,18,historical_density,south_of_60n,spherical_cell_area,85332,-0.7687069119501876,14.125617426864247,23.631196723914226,60.0
2014,whole_blocks_latitude_cap,1,5000,18,spatial_coverage,global,equal_cell,85332,1.6734258735193774,11.041600831761436,16.416172553747217,60.0
2014,whole_blocks_latitude_cap,1,5000,18,spatial_coverage,global,spherical_cell_area,85332,2.013763075391631,11.092798207246618,16.419889531677647,60.0
2014,whole_blocks_latitude_cap,1,5000,18,spatial_coverage,south_of_60n,equal_cell,85332,1.6734258735193774,11.041600831761436,16.416172553747217,60.0
2014,whole_blocks_latitude_cap,1,5000,18,spatial_coverage,south_of_60n,spherical_cell_area,85332,2.013763075391631,11.092798207246618,16.419889531677647,60.0
2014,whole_blocks_latitude_cap,1,5000,19,random,global,equal_cell,85332,0.2156154749080476,11.377854425713188,21.8730264966148,60.0
2014,whole_blocks_latitude_cap,1,5000,19,random,global,spherical_cell_area,85332,0.4685814901312264,11.296033434630406,21.509804056050644,60.0
2014,whole_blocks_latitude_cap,1,5000,19,random,south_of_60n,equal_cell,85332,0.2156154749080476,11.377854425713188,21.8730264966148,60.0
2014,whole_blocks_latitude_cap,1,5000,19,random,south_of_60n,spherical_cell_area,85332,0.4685814901312264,11.296033434630406,21.509804056050644,60.0
2014,whole_blocks_latitude_cap,1,5000,19,historical_density,global,equal_cell,85332,-0.3185453620572664,13.64710237199272,21.20724453184634,60.0
2014,whole_blocks_latitude_cap,1,5000,19,historical_density,global,spherical_cell_area,85332,0.1715367780987371,13.543073793506569,21.058111345204587,60.0
2014,whole_blocks_latitude_cap,1,5000,19,historical_density,south_of_60n,equal_cell,85332,-0.3185453620572664,13.64710237199272,21.20724453184634,60.0
2014,whole_blocks_latitude_cap,1,5000,19,historical_density,south_of_60n,spherical_cell_area,85332,0.1715367780987371,13.543073793506569,21.058111345204587,60.0
2014,whole_blocks_latitude_cap,1,5000,19,spatial_coverage,global,equal_cell,85332,1.022404201080131,11.28608204034355,17.610053188904754,60.0
2014,whole_blocks_latitude_cap,1,5000,19,spatial_coverage,global,spherical_cell_area,85332,1.574162267996284,11.29215449396324,17.54037665317021,60.0
2014,whole_blocks_latitude_cap,1,5000,19,spatial_coverage,south_of_60n,equal_cell,85332,1.022404201080131,11.28608204034355,17.610053188904754,60.0
2014,whole_blocks_latitude_cap,1,5000,19,spatial_coverage,south_of_60n,spherical_cell_area,85332,1.574162267996284,11.29215449396324,17.54037665317021,60.0
2014,whole_blocks_latitude_cap,2,5000,0,random,global,equal_cell,85920,0.4159408683778776,14.30042122457339,33.24206920449513,60.0
2014,whole_blocks_latitude_cap,2,5000,0,random,global,spherical_cell_area,85920,0.2441407865103091,13.980105931653387,32.47145668989391,60.0
2014,whole_blocks_latitude_cap,2,5000,0,random,south_of_60n,equal_cell,85920,0.4159408683778776,14.30042122457339,33.24206920449513,60.0
2014,whole_blocks_latitude_cap,2,5000,0,random,south_of_60n,spherical_cell_area,85920,0.2441407865103091,13.980105931653387,32.47145668989391,60.0
2014,whole_blocks_latitude_cap,2,5000,0,historical_density,global,equal_cell,85920,-2.333715665323701,17.01943864403415,33.909135270838014,60.0
2014,whole_blocks_latitude_cap,2,5000,0,historical_density,global,spherical_cell_area,85920,-0.9458168772875974,16.701996467322672,33.27603859722319,60.0
2014,whole_blocks_latitude_cap,2,5000,0,historical_density,south_of_60n,equal_cell,85920,-2.333715665323701,17.01943864403415,33.909135270838014,60.0
2014,whole_blocks_latitude_cap,2,5000,0,historical_density,south_of_60n,spherical_cell_area,85920,-0.9458168772875974,16.701996467322672,33.27603859722319,60.0
2014,whole_blocks_latitude_cap,2,5000,0,spatial_coverage,global,equal_cell,85920,-1.400114614263693,13.171647480252505,26.203327032429343,60.0
2014,whole_blocks_latitude_cap,2,5000,0,spatial_coverage,global,spherical_cell_area,85920,-1.0844599586761323,13.102325466659492,26.43307139733955,60.0
2014,whole_blocks_latitude_cap,2,5000,0,spatial_coverage,south_of_60n,equal_cell,85920,-1.400114614263693,13.171647480252505,26.203327032429343,60.0
2014,whole_blocks_latitude_cap,2,5000,0,spatial_coverage,south_of_60n,spherical_cell_area,85920,-1.0844599586761323,13.102325466659492,26.43307139733955,60.0
2014,whole_blocks_latitude_cap,2,5000,1,random,global,equal_cell,85920,-0.4160170984295782,13.990112285738707,30.57091310165733,60.0
2014,whole_blocks_latitude_cap,2,5000,1,random,global,spherical_cell_area,85920,-0.0635770602712266,13.66183193430197,29.905396953374694,60.0
2014,whole_blocks_latitude_cap,2,5000,1,random,south_of_60n,equal_cell,85920,-0.4160170984295782,13.990112285738707,30.57091310165733,60.0
2014,whole_blocks_latitude_cap,2,5000,1,random,south_of_60n,spherical_cell_area,85920,-0.0635770602712266,13.66183193430197,29.905396953374694,60.0
2014,whole_blocks_latitude_cap,2,5000,1,historical_density,global,equal_cell,85920,-2.1929678738793457,16.54092184500183,34.885611949039074,60.0
2014,whole_blocks_latitude_cap,2,5000,1,historical_density,global,spherical_cell_area,85920,-0.7338629767741052,16.102479204024146,33.685184638695326,60.0
2014,whole_blocks_latitude_cap,2,5000,1,historical_density,south_of_60n,equal_cell,85920,-2.1929678738793457,16.54092184500183,34.885611949039074,60.0
2014,whole_blocks_latitude_cap,2,5000,1,historical_density,south_of_60n,spherical_cell_area,85920,-0.7338629767741052,16.102479204024146,33.685184638695326,60.0
2014,whole_blocks_latitude_cap,2,5000,1,spatial_coverage,global,equal_cell,85920,0.900923464375562,15.384208347678678,37.47444252549327,60.0
2014,whole_blocks_latitude_cap,2,5000,1,spatial_coverage,global,spherical_cell_area,85920,1.1697276160498684,15.045982363334556,36.15206089012721,60.0
2014,whole_blocks_latitude_cap,2,5000,1,spatial_coverage,south_of_60n,equal_cell,85920,0.900923464375562,15.384208347678678,37.47444252549327,60.0
2014,whole_blocks_latitude_cap,2,5000,1,spatial_coverage,south_of_60n,spherical_cell_area,85920,1.1697276160498684,15.045982363334556,36.15206089012721,60.0
2014,whole_blocks_latitude_cap,2,5000,2,random,global,equal_cell,85920,-1.3735537843451078,14.178757181127242,30.51126344360072,60.0
2014,whole_blocks_latitude_cap,2,5000,2,random,global,spherical_cell_area,85920,-0.9427308313852892,13.92622884954928,30.0206098128243,60.0
2014,whole_blocks_latitude_cap,2,5000,2,random,south_of_60n,equal_cell,85920,-1.3735537843451078,14.178757181127242,30.51126344360072,60.0
2014,whole_blocks_latitude_cap,2,5000,2,random,south_of_60n,spherical_cell_area,85920,-0.9427308313852892,13.92622884954928,30.0206098128243,60.0
2014,whole_blocks_latitude_cap,2,5000,2,historical_density,global,equal_cell,85920,-1.4857945678273294,16.856450707493572,34.01153963675177,60.0
2014,whole_blocks_latitude_cap,2,5000,2,historical_density,global,spherical_cell_area,85920,-0.297212359939304,16.511953475420118,33.205710453802375,60.0
2014,whole_blocks_latitude_cap,2,5000,2,historical_density,south_of_60n,equal_cell,85920,-1.4857945678273294,16.856450707493572,34.01153963675177,60.0
2014,whole_blocks_latitude_cap,2,5000,2,historical_density,south_of_60n,spherical_cell_area,85920,-0.297212359939304,16.511953475420118,33.205710453802375,60.0
2014,whole_blocks_latitude_cap,2,5000,2,spatial_coverage,global,equal_cell,85920,-1.944705665353241,13.455519062405155,27.459490488676614,60.0
2014,whole_blocks_latitude_cap,2,5000,2,spatial_coverage,global,spherical_cell_area,85920,-1.2361861135337049,13.305193141642963,27.56057157812949,60.0
2014,whole_blocks_latitude_cap,2,5000,2,spatial_coverage,south_of_60n,equal_cell,85920,-1.944705665353241,13.455519062405155,27.459490488676614,60.0
2014,whole_blocks_latitude_cap,2,5000,2,spatial_coverage,south_of_60n,spherical_cell_area,85920,-1.2361861135337049,13.305193141642963,27.56057157812949,60.0
2014,whole_blocks_latitude_cap,2,5000,3,random,global,equal_cell,85920,-1.3556988933706626,14.04031698997922,29.14442323635432,60.0
2014,whole_blocks_latitude_cap,2,5000,3,random,global,spherical_cell_area,85920,-1.0244833590390725,13.889658914547931,29.15829043960569,60.0
2014,whole_blocks_latitude_cap,2,5000,3,random,south_of_60n,equal_cell,85920,-1.3556988933706626,14.04031698997922,29.14442323635432,60.0
2014,whole_blocks_latitude_cap,2,5000,3,random,south_of_60n,spherical_cell_area,85920,-1.0244833590390725,13.889658914547931,29.15829043960569,60.0
2014,whole_blocks_latitude_cap,2,5000,3,historical_density,global,equal_cell,85920,0.0101250908814952,15.91757779702805,31.89197523092646,60.0
2014,whole_blocks_latitude_cap,2,5000,3,historical_density,global,spherical_cell_area,85920,0.7465240169678877,15.85444206225323,32.15211250740063,60.0
2014,whole_blocks_latitude_cap,2,5000,3,historical_density,south_of_60n,equal_cell,85920,0.0101250908814952,15.91757779702805,31.89197523092646,60.0
2014,whole_blocks_latitude_cap,2,5000,3,historical_density,south_of_60n,spherical_cell_area,85920,0.7465240169678877,15.85444206225323,32.15211250740063,60.0
2014,whole_blocks_latitude_cap,2,5000,3,spatial_coverage,global,equal_cell,85920,-1.9200305857497972,13.47715483142292,28.906052814582228,60.0
2014,whole_blocks_latitude_cap,2,5000,3,spatial_coverage,global,spherical_cell_area,85920,-1.383882657769546,13.395668597822452,28.68102914373278,60.0
2014,whole_blocks_latitude_cap,2,5000,3,spatial_coverage,south_of_60n,equal_cell,85920,-1.9200305857497972,13.47715483142292,28.906052814582228,60.0
2014,whole_blocks_latitude_cap,2,5000,3,spatial_coverage,south_of_60n,spherical_cell_area,85920,-1.383882657769546,13.395668597822452,28.68102914373278,60.0
2014,whole_blocks_latitude_cap,2,5000,4,random,global,equal_cell,85920,-0.3978381595227932,14.087482399623404,29.617169460854186,60.0
2014,whole_blocks_latitude_cap,2,5000,4,random,global,spherical_cell_area,85920,-0.1005246360739853,13.947924747710983,29.74261832141116,60.0
2014,whole_blocks_latitude_cap,2,5000,4,random,south_of_60n,equal_cell,85920,-0.3978381595227932,14.087482399623404,29.617169460854186,60.0
2014,whole_blocks_latitude_cap,2,5000,4,random,south_of_60n,spherical_cell_area,85920,-0.1005246360739853,13.947924747710983,29.74261832141116,60.0
2014,whole_blocks_latitude_cap,2,5000,4,historical_density,global,equal_cell,85920,-1.3717701940399083,16.7582128725856,33.723391385315104,60.0
2014,whole_blocks_latitude_cap,2,5000,4,historical_density,global,spherical_cell_area,85920,-0.1266151779613438,16.310845825357443,32.9393908392721,60.0
2014,whole_blocks_latitude_cap,2,5000,4,historical_density,south_of_60n,equal_cell,85920,-1.3717701940399083,16.7582128725856,33.723391385315104,60.0
2014,whole_blocks_latitude_cap,2,5000,4,historical_density,south_of_60n,spherical_cell_area,85920,-0.1266151779613438,16.310845825357443,32.9393908392721,60.0
2014,whole_blocks_latitude_cap,2,5000,4,spatial_coverage,global,equal_cell,85920,-0.5195231403595345,12.815812596728046,26.069066521373895,60.0
2014,whole_blocks_latitude_cap,2,5000,4,spatial_coverage,global,spherical_cell_area,85920,-0.1909076993026068,12.883407878569304,26.671659043639487,60.0
2014,whole_blocks_latitude_cap,2,5000,4,spatial_coverage,south_of_60n,equal_cell,85920,-0.5195231403595345,12.815812596728046,26.069066521373895,60.0
2014,whole_blocks_latitude_cap,2,5000,4,spatial_coverage,south_of_60n,spherical_cell_area,85920,-0.1909076993026068,12.883407878569304,26.671659043639487,60.0
2014,whole_blocks_latitude_cap,2,5000,5,random,global,equal_cell,85920,0.3560748626165523,14.029783469068152,29.7318371998776,60.0
2014,whole_blocks_latitude_cap,2,5000,5,random,global,spherical_cell_area,85920,0.7101669949035584,13.798773246083844,29.40375325284849,60.0
2014,whole_blocks_latitude_cap,2,5000,5,random,south_of_60n,equal_cell,85920,0.3560748626165523,14.029783469068152,29.7318371998776,60.0
2014,whole_blocks_latitude_cap,2,5000,5,random,south_of_60n,spherical_cell_area,85920,0.7101669949035584,13.798773246083844,29.40375325284849,60.0
2014,whole_blocks_latitude_cap,2,5000,5,historical_density,global,equal_cell,85920,-0.9528401143445536,16.395928513108032,33.33899964888658,60.0
2014,whole_blocks_latitude_cap,2,5000,5,historical_density,global,spherical_cell_area,85920,0.3372640319098891,16.057010702734985,32.61853702624408,60.0
2014,whole_blocks_latitude_cap,2,5000,5,historical_density,south_of_60n,equal_cell,85920,-0.9528401143445536,16.395928513108032,33.33899964888658,60.0
2014,whole_blocks_latitude_cap,2,5000,5,historical_density,south_of_60n,spherical_cell_area,85920,0.3372640319098891,16.057010702734985,32.61853702624408,60.0
2014,whole_blocks_latitude_cap,2,5000,5,spatial_coverage,global,equal_cell,85920,-0.5410148488774108,13.0475643595477,25.70256509300205,60.0
2014,whole_blocks_latitude_cap,2,5000,5,spatial_coverage,global,spherical_cell_area,85920,-0.2303682792149157,13.01074566288953,26.139071560668217,60.0
2014,whole_blocks_latitude_cap,2,5000,5,spatial_coverage,south_of_60n,equal_cell,85920,-0.5410148488774108,13.0475643595477,25.70256509300205,60.0
2014,whole_blocks_latitude_cap,2,5000,5,spatial_coverage,south_of_60n,spherical_cell_area,85920,-0.2303682792149157,13.01074566288953,26.139071560668217,60.0
2014,whole_blocks_latitude_cap,2,5000,6,random,global,equal_cell,85920,0.2648159598194813,13.284027286129028,28.84917298686014,60.0
2014,whole_blocks_latitude_cap,2,5000,6,random,global,spherical_cell_area,85920,0.3533234093105804,13.229862399801233,29.086160739965184,60.0
2014,whole_blocks_latitude_cap,2,5000,6,random,south_of_60n,equal_cell,85920,0.2648159598194813,13.284027286129028,28.84917298686014,60.0
2014,whole_blocks_latitude_cap,2,5000,6,random,south_of_60n,spherical_cell_area,85920,0.3533234093105804,13.229862399801233,29.086160739965184,60.0
2014,whole_blocks_latitude_cap,2,5000,6,historical_density,global,equal_cell,85920,-3.0981254284605644,15.918535432888712,34.52817448874291,60.0
2014,whole_blocks_latitude_cap,2,5000,6,historical_density,global,spherical_cell_area,85920,-1.824474357507599,15.417963617588844,33.352884222726416,60.0
2014,whole_blocks_latitude_cap,2,5000,6,historical_density,south_of_60n,equal_cell,85920,-3.0981254284605644,15.918535432888712,34.52817448874291,60.0
2014,whole_blocks_latitude_cap,2,5000,6,historical_density,south_of_60n,spherical_cell_area,85920,-1.824474357507599,15.417963617588844,33.352884222726416,60.0
2014,whole_blocks_latitude_cap,2,5000,6,spatial_coverage,global,equal_cell,85920,-1.1278941384132606,12.502768470598156,25.16471178872015,60.0
2014,whole_blocks_latitude_cap,2,5000,6,spatial_coverage,global,spherical_cell_area,85920,-0.7560142637337152,12.55711329897641,25.927399575105586,60.0
2014,whole_blocks_latitude_cap,2,5000,6,spatial_coverage,south_of_60n,equal_cell,85920,-1.1278941384132606,12.502768470598156,25.16471178872015,60.0
2014,whole_blocks_latitude_cap,2,5000,6,spatial_coverage,south_of_60n,spherical_cell_area,85920,-0.7560142637337152,12.55711329897641,25.927399575105586,60.0
2014,whole_blocks_latitude_cap,2,5000,7,random,global,equal_cell,85920,-1.839218473126664,14.254294567406548,32.12158982210603,60.0
2014,whole_blocks_latitude_cap,2,5000,7,random,global,spherical_cell_area,85920,-1.2601605763373211,13.80153466904514,31.240388162458093,60.0
2014,whole_blocks_latitude_cap,2,5000,7,random,south_of_60n,equal_cell,85920,-1.839218473126664,14.254294567406548,32.12158982210603,60.0
2014,whole_blocks_latitude_cap,2,5000,7,random,south_of_60n,spherical_cell_area,85920,-1.2601605763373211,13.80153466904514,31.240388162458093,60.0
2014,whole_blocks_latitude_cap,2,5000,7,historical_density,global,equal_cell,85920,-2.78581071760139,16.59894104998567,35.57855166186539,60.0
2014,whole_blocks_latitude_cap,2,5000,7,historical_density,global,spherical_cell_area,85920,-1.5434765341049688,16.144997258824695,34.34351056769527,60.0
2014,whole_blocks_latitude_cap,2,5000,7,historical_density,south_of_60n,equal_cell,85920,-2.78581071760139,16.59894104998567,35.57855166186539,60.0
2014,whole_blocks_latitude_cap,2,5000,7,historical_density,south_of_60n,spherical_cell_area,85920,-1.5434765341049688,16.144997258824695,34.34351056769527,60.0
2014,whole_blocks_latitude_cap,2,5000,7,spatial_coverage,global,equal_cell,85920,-1.3280792445117178,13.18722975483874,27.168584424671977,60.0
2014,whole_blocks_latitude_cap,2,5000,7,spatial_coverage,global,spherical_cell_area,85920,-0.8996696909085535,13.050916159046157,27.28277246589441,60.0
2014,whole_blocks_latitude_cap,2,5000,7,spatial_coverage,south_of_60n,equal_cell,85920,-1.3280792445117178,13.18722975483874,27.168584424671977,60.0
2014,whole_blocks_latitude_cap,2,5000,7,spatial_coverage,south_of_60n,spherical_cell_area,85920,-0.8996696909085535,13.050916159046157,27.28277246589441,60.0
2014,whole_blocks_latitude_cap,2,5000,8,random,global,equal_cell,85920,-0.5896045357743428,12.85582785338191,27.152877061414973,60.0
2014,whole_blocks_latitude_cap,2,5000,8,random,global,spherical_cell_area,85920,-0.2904290298301495,12.740155363607611,27.1677857675012,60.0
2014,whole_blocks_latitude_cap,2,5000,8,random,south_of_60n,equal_cell,85920,-0.5896045357743428,12.85582785338191,27.152877061414973,60.0
2014,whole_blocks_latitude_cap,2,5000,8,random,south_of_60n,spherical_cell_area,85920,-0.2904290298301495,12.740155363607611,27.1677857675012,60.0
2014,whole_blocks_latitude_cap,2,5000,8,historical_density,global,equal_cell,85920,-1.9177028531828493,16.943255455515768,34.56993760305037,60.0
2014,whole_blocks_latitude_cap,2,5000,8,historical_density,global,spherical_cell_area,85920,-0.6340334411256107,16.52841723430304,33.65040470281361,60.0
2014,whole_blocks_latitude_cap,2,5000,8,historical_density,south_of_60n,equal_cell,85920,-1.9177028531828493,16.943255455515768,34.56993760305037,60.0
2014,whole_blocks_latitude_cap,2,5000,8,historical_density,south_of_60n,spherical_cell_area,85920,-0.6340334411256107,16.52841723430304,33.65040470281361,60.0
2014,whole_blocks_latitude_cap,2,5000,8,spatial_coverage,global,equal_cell,85920,-0.2711957965250062,13.869467672309304,29.46195002527171,60.0
2014,whole_blocks_latitude_cap,2,5000,8,spatial_coverage,global,spherical_cell_area,85920,-0.012522034078844,13.794333699829018,29.592425773910865,60.0
2014,whole_blocks_latitude_cap,2,5000,8,spatial_coverage,south_of_60n,equal_cell,85920,-0.2711957965250062,13.869467672309304,29.46195002527171,60.0
2014,whole_blocks_latitude_cap,2,5000,8,spatial_coverage,south_of_60n,spherical_cell_area,85920,-0.012522034078844,13.794333699829018,29.592425773910865,60.0
2014,whole_blocks_latitude_cap,2,5000,9,random,global,equal_cell,85920,1.3929377127478375,15.048890609426303,35.160228657782405,60.0
2014,whole_blocks_latitude_cap,2,5000,9,random,global,spherical_cell_area,85920,1.382662609120776,14.651711180403616,33.58833547199845,60.0
2014,whole_blocks_latitude_cap,2,5000,9,random,south_of_60n,equal_cell,85920,1.3929377127478375,15.048890609426303,35.160228657782405,60.0
2014,whole_blocks_latitude_cap,2,5000,9,random,south_of_60n,spherical_cell_area,85920,1.382662609120776,14.651711180403616,33.58833547199845,60.0
2014,whole_blocks_latitude_cap,2,5000,9,historical_density,global,equal_cell,85920,-1.239539143406448,16.99169054960983,34.14617396839953,60.0
2014,whole_blocks_latitude_cap,2,5000,9,historical_density,global,spherical_cell_area,85920,0.0815261221756806,16.705657434229185,33.3402289210965,60.0
2014,whole_blocks_latitude_cap,2,5000,9,historical_density,south_of_60n,equal_cell,85920,-1.239539143406448,16.99169054960983,34.14617396839953,60.0
2014,whole_blocks_latitude_cap,2,5000,9,historical_density,south_of_60n,spherical_cell_area,85920,0.0815261221756806,16.705657434229185,33.3402289210965,60.0
2014,whole_blocks_latitude_cap,2,5000,9,spatial_coverage,global,equal_cell,85920,-1.197496534620942,13.15858307475042,28.66387812224415,60.0
2014,whole_blocks_latitude_cap,2,5000,9,spatial_coverage,global,spherical_cell_area,85920,-0.8540832858447709,13.034120164380058,28.192115013700853,60.0
2014,whole_blocks_latitude_cap,2,5000,9,spatial_coverage,south_of_60n,equal_cell,85920,-1.197496534620942,13.15858307475042,28.66387812224415,60.0
2014,whole_blocks_latitude_cap,2,5000,9,spatial_coverage,south_of_60n,spherical_cell_area,85920,-0.8540832858447709,13.034120164380058,28.192115013700853,60.0
2014,whole_blocks_latitude_cap,2,5000,10,random,global,equal_cell,85920,-0.6585440819961971,13.691115300640408,29.493291320373974,60.0
2014,whole_blocks_latitude_cap,2,5000,10,random,global,spherical_cell_area,85920,-0.1850115925378218,13.460555757767166,29.33192328166665,60.0
2014,whole_blocks_latitude_cap,2,5000,10,random,south_of_60n,equal_cell,85920,-0.6585440819961971,13.691115300640408,29.493291320373974,60.0
2014,whole_blocks_latitude_cap,2,5000,10,random,south_of_60n,spherical_cell_area,85920,-0.1850115925378218,13.460555757767166,29.33192328166665,60.0
2014,whole_blocks_latitude_cap,2,5000,10,historical_density,global,equal_cell,85920,-1.6093145062577947,16.57406716725172,32.99850473856793,60.0
2014,whole_blocks_latitude_cap,2,5000,10,historical_density,global,spherical_cell_area,85920,-0.4913623144194524,16.297855789580034,32.476340637198184,60.0
2014,whole_blocks_latitude_cap,2,5000,10,historical_density,south_of_60n,equal_cell,85920,-1.6093145062577947,16.57406716725172,32.99850473856793,60.0
2014,whole_blocks_latitude_cap,2,5000,10,historical_density,south_of_60n,spherical_cell_area,85920,-0.4913623144194524,16.297855789580034,32.476340637198184,60.0
2014,whole_blocks_latitude_cap,2,5000,10,spatial_coverage,global,equal_cell,85920,-1.2053939076825018,13.336149120241664,27.04942315980835,60.0
2014,whole_blocks_latitude_cap,2,5000,10,spatial_coverage,global,spherical_cell_area,85920,-0.6393352774405595,13.241967042075547,27.255470861244337,60.0
2014,whole_blocks_latitude_cap,2,5000,10,spatial_coverage,south_of_60n,equal_cell,85920,-1.2053939076825018,13.336149120241664,27.04942315980835,60.0
2014,whole_blocks_latitude_cap,2,5000,10,spatial_coverage,south_of_60n,spherical_cell_area,85920,-0.6393352774405595,13.241967042075547,27.255470861244337,60.0
2014,whole_blocks_latitude_cap,2,5000,11,random,global,equal_cell,85920,-0.2609622540143343,14.7387517323331,34.03144836002835,60.0
2014,whole_blocks_latitude_cap,2,5000,11,random,global,spherical_cell_area,85920,-0.2025438426786537,14.38841943240197,32.82777432682197,60.0
2014,whole_blocks_latitude_cap,2,5000,11,random,south_of_60n,equal_cell,85920,-0.2609622540143343,14.7387517323331,34.03144836002835,60.0
2014,whole_blocks_latitude_cap,2,5000,11,random,south_of_60n,spherical_cell_area,85920,-0.2025438426786537,14.38841943240197,32.82777432682197,60.0
2014,whole_blocks_latitude_cap,2,5000,11,historical_density,global,equal_cell,85920,-2.2133748483484355,17.097732050593773,34.52404933638479,60.0
2014,whole_blocks_latitude_cap,2,5000,11,historical_density,global,spherical_cell_area,85920,-0.9210806541535786,16.7081069421385,33.70804629418757,60.0
2014,whole_blocks_latitude_cap,2,5000,11,historical_density,south_of_60n,equal_cell,85920,-2.2133748483484355,17.097732050593773,34.52404933638479,60.0
2014,whole_blocks_latitude_cap,2,5000,11,historical_density,south_of_60n,spherical_cell_area,85920,-0.9210806541535786,16.7081069421385,33.70804629418757,60.0
2014,whole_blocks_latitude_cap,2,5000,11,spatial_coverage,global,equal_cell,85920,-1.1192822768705384,12.850208432196636,25.95123991279067,60.0
2014,whole_blocks_latitude_cap,2,5000,11,spatial_coverage,global,spherical_cell_area,85920,-0.7603328458752205,12.789739438800671,26.387915065520893,60.0
2014,whole_blocks_latitude_cap,2,5000,11,spatial_coverage,south_of_60n,equal_cell,85920,-1.1192822768705384,12.850208432196636,25.95123991279067,60.0
2014,whole_blocks_latitude_cap,2,5000,11,spatial_coverage,south_of_60n,spherical_cell_area,85920,-0.7603328458752205,12.789739438800671,26.387915065520893,60.0
2014,whole_blocks_latitude_cap,2,5000,12,random,global,equal_cell,85920,-0.6681666125215923,13.885208897553952,30.140338526295874,60.0
2014,whole_blocks_latitude_cap,2,5000,12,random,global,spherical_cell_area,85920,-0.4166100071574648,13.511647103952814,29.574666393200303,60.0
2014,whole_blocks_latitude_cap,2,5000,12,random,south_of_60n,equal_cell,85920,-0.6681666125215923,13.885208897553952,30.140338526295874,60.0
2014,whole_blocks_latitude_cap,2,5000,12,random,south_of_60n,spherical_cell_area,85920,-0.4166100071574648,13.511647103952814,29.574666393200303,60.0
2014,whole_blocks_latitude_cap,2,5000,12,historical_density,global,equal_cell,85920,-1.6734533996795755,16.840097753996016,34.354175032096755,60.0
2014,whole_blocks_latitude_cap,2,5000,12,historical_density,global,spherical_cell_area,85920,-0.4168328939807853,16.487374666810442,33.38708431487878,60.0
2014,whole_blocks_latitude_cap,2,5000,12,historical_density,south_of_60n,equal_cell,85920,-1.6734533996795755,16.840097753996016,34.354175032096755,60.0
2014,whole_blocks_latitude_cap,2,5000,12,historical_density,south_of_60n,spherical_cell_area,85920,-0.4168328939807853,16.487374666810442,33.38708431487878,60.0
2014,whole_blocks_latitude_cap,2,5000,12,spatial_coverage,global,equal_cell,85920,-1.1404990932384051,13.298634968662029,27.74415135391655,60.0
2014,whole_blocks_latitude_cap,2,5000,12,spatial_coverage,global,spherical_cell_area,85920,-0.7336080354064126,13.20180214600564,28.04540061370755,60.0
2014,whole_blocks_latitude_cap,2,5000,12,spatial_coverage,south_of_60n,equal_cell,85920,-1.1404990932384051,13.298634968662029,27.74415135391655,60.0
2014,whole_blocks_latitude_cap,2,5000,12,spatial_coverage,south_of_60n,spherical_cell_area,85920,-0.7336080354064126,13.20180214600564,28.04540061370755,60.0
2014,whole_blocks_latitude_cap,2,5000,13,random,global,equal_cell,85920,-0.2288243622429629,13.960894185964047,29.14344088936067,60.0
2014,whole_blocks_latitude_cap,2,5000,13,random,global,spherical_cell_area,85920,-0.0365397083033543,13.842616461870328,28.8450180988036,60.0
2014,whole_blocks_latitude_cap,2,5000,13,random,south_of_60n,equal_cell,85920,-0.2288243622429629,13.960894185964047,29.14344088936067,60.0
2014,whole_blocks_latitude_cap,2,5000,13,random,south_of_60n,spherical_cell_area,85920,-0.0365397083033543,13.842616461870328,28.8450180988036,60.0
2014,whole_blocks_latitude_cap,2,5000,13,historical_density,global,equal_cell,85920,-1.5046524736214983,16.350365100548608,32.64102243338816,60.0
2014,whole_blocks_latitude_cap,2,5000,13,historical_density,global,spherical_cell_area,85920,-0.4221842779058885,16.01885722221322,32.21793416455744,60.0
2014,whole_blocks_latitude_cap,2,5000,13,historical_density,south_of_60n,equal_cell,85920,-1.5046524736214983,16.350365100548608,32.64102243338816,60.0
2014,whole_blocks_latitude_cap,2,5000,13,historical_density,south_of_60n,spherical_cell_area,85920,-0.4221842779058885,16.01885722221322,32.21793416455744,60.0
2014,whole_blocks_latitude_cap,2,5000,13,spatial_coverage,global,equal_cell,85920,-0.9382073828691672,13.269923415919315,27.50321515519943,60.0
2014,whole_blocks_latitude_cap,2,5000,13,spatial_coverage,global,spherical_cell_area,85920,-0.5719848229936754,13.231304584371433,27.602258699808285,60.0
2014,whole_blocks_latitude_cap,2,5000,13,spatial_coverage,south_of_60n,equal_cell,85920,-0.9382073828691672,13.269923415919315,27.50321515519943,60.0
2014,whole_blocks_latitude_cap,2,5000,13,spatial_coverage,south_of_60n,spherical_cell_area,85920,-0.5719848229936754,13.231304584371433,27.602258699808285,60.0
2014,whole_blocks_latitude_cap,2,5000,14,random,global,equal_cell,85920,-1.1160236178180551,14.14982552264059,29.625039161060297,60.0
2014,whole_blocks_latitude_cap,2,5000,14,random,global,spherical_cell_area,85920,-0.5689986195310528,13.969883979192382,29.427348725287164,60.0
2014,whole_blocks_latitude_cap,2,5000,14,random,south_of_60n,equal_cell,85920,-1.1160236178180551,14.14982552264059,29.625039161060297,60.0
2014,whole_blocks_latitude_cap,2,5000,14,random,south_of_60n,spherical_cell_area,85920,-0.5689986195310528,13.969883979192382,29.427348725287164,60.0
2014,whole_blocks_latitude_cap,2,5000,14,historical_density,global,equal_cell,85920,-1.5423235888945126,16.790061145714027,33.99894533368021,60.0
2014,whole_blocks_latitude_cap,2,5000,14,historical_density,global,spherical_cell_area,85920,-0.3960861895092662,16.499053076562916,33.30975721709145,60.0
2014,whole_blocks_latitude_cap,2,5000,14,historical_density,south_of_60n,equal_cell,85920,-1.5423235888945126,16.790061145714027,33.99894533368021,60.0
2014,whole_blocks_latitude_cap,2,5000,14,historical_density,south_of_60n,spherical_cell_area,85920,-0.3960861895092662,16.499053076562916,33.30975721709145,60.0
2014,whole_blocks_latitude_cap,2,5000,14,spatial_coverage,global,equal_cell,85920,-0.7383987503004422,13.088687587164994,26.35725880001599,60.0
2014,whole_blocks_latitude_cap,2,5000,14,spatial_coverage,global,spherical_cell_area,85920,-0.413715178115166,13.0708789783774,26.876362238910943,60.0
2014,whole_blocks_latitude_cap,2,5000,14,spatial_coverage,south_of_60n,equal_cell,85920,-0.7383987503004422,13.088687587164994,26.35725880001599,60.0
2014,whole_blocks_latitude_cap,2,5000,14,spatial_coverage,south_of_60n,spherical_cell_area,85920,-0.413715178115166,13.0708789783774,26.876362238910943,60.0
2014,whole_blocks_latitude_cap,2,5000,15,random,global,equal_cell,85920,-0.9058328126631576,13.634737271764482,30.221036670179167,60.0
2014,whole_blocks_latitude_cap,2,5000,15,random,global,spherical_cell_area,85920,-0.6305889253117435,13.319058939948263,29.65949592862955,60.0
2014,whole_blocks_latitude_cap,2,5000,15,random,south_of_60n,equal_cell,85920,-0.9058328126631576,13.634737271764482,30.221036670179167,60.0
2014,whole_blocks_latitude_cap,2,5000,15,random,south_of_60n,spherical_cell_area,85920,-0.6305889253117435,13.319058939948263,29.65949592862955,60.0
2014,whole_blocks_latitude_cap,2,5000,15,historical_density,global,equal_cell,85920,-2.593999155885417,16.512686273997822,33.99440689580928,60.0
2014,whole_blocks_latitude_cap,2,5000,15,historical_density,global,spherical_cell_area,85920,-1.4829922826540414,16.077742812598693,33.12720961759856,60.0
2014,whole_blocks_latitude_cap,2,5000,15,historical_density,south_of_60n,equal_cell,85920,-2.593999155885417,16.512686273997822,33.99440689580928,60.0
2014,whole_blocks_latitude_cap,2,5000,15,historical_density,south_of_60n,spherical_cell_area,85920,-1.4829922826540414,16.077742812598693,33.12720961759856,60.0
2014,whole_blocks_latitude_cap,2,5000,15,spatial_coverage,global,equal_cell,85920,-0.7462731503299805,13.533404118846327,28.432112763404437,60.0
2014,whole_blocks_latitude_cap,2,5000,15,spatial_coverage,global,spherical_cell_area,85920,-0.4979442546772371,13.482552320401824,28.69637392779812,60.0
2014,whole_blocks_latitude_cap,2,5000,15,spatial_coverage,south_of_60n,equal_cell,85920,-0.7462731503299805,13.533404118846327,28.432112763404437,60.0
2014,whole_blocks_latitude_cap,2,5000,15,spatial_coverage,south_of_60n,spherical_cell_area,85920,-0.4979442546772371,13.482552320401824,28.69637392779812,60.0
2014,whole_blocks_latitude_cap,2,5000,16,random,global,equal_cell,85920,-0.2807585702254174,13.773736154952545,30.07906360737944,60.0
2014,whole_blocks_latitude_cap,2,5000,16,random,global,spherical_cell_area,85920,-0.0276829309001847,13.593330812273225,29.94575756099531,60.0
2014,whole_blocks_latitude_cap,2,5000,16,random,south_of_60n,equal_cell,85920,-0.2807585702254174,13.773736154952545,30.07906360737944,60.0
2014,whole_blocks_latitude_cap,2,5000,16,random,south_of_60n,spherical_cell_area,85920,-0.0276829309001847,13.593330812273225,29.94575756099531,60.0
2014,whole_blocks_latitude_cap,2,5000,16,historical_density,global,equal_cell,85920,-0.7387413727177893,17.16509682743596,34.078783427689395,60.0
2014,whole_blocks_latitude_cap,2,5000,16,historical_density,global,spherical_cell_area,85920,0.5649889054764352,16.882859969012266,33.241793326699145,60.0
2014,whole_blocks_latitude_cap,2,5000,16,historical_density,south_of_60n,equal_cell,85920,-0.7387413727177893,17.16509682743596,34.078783427689395,60.0
2014,whole_blocks_latitude_cap,2,5000,16,historical_density,south_of_60n,spherical_cell_area,85920,0.5649889054764352,16.882859969012266,33.241793326699145,60.0
2014,whole_blocks_latitude_cap,2,5000,16,spatial_coverage,global,equal_cell,85920,0.3796943211846713,15.026531943715913,37.55575921360519,60.0
2014,whole_blocks_latitude_cap,2,5000,16,spatial_coverage,global,spherical_cell_area,85920,0.6684596907616398,14.759049516096931,36.528272455294605,60.0
2014,whole_blocks_latitude_cap,2,5000,16,spatial_coverage,south_of_60n,equal_cell,85920,0.3796943211846713,15.026531943715913,37.55575921360519,60.0
2014,whole_blocks_latitude_cap,2,5000,16,spatial_coverage,south_of_60n,spherical_cell_area,85920,0.6684596907616398,14.759049516096931,36.528272455294605,60.0
2014,whole_blocks_latitude_cap,2,5000,17,random,global,equal_cell,85920,-0.5257569835269262,14.02283374898001,29.873797543611325,60.0
2014,whole_blocks_latitude_cap,2,5000,17,random,global,spherical_cell_area,85920,-0.1531330693303881,13.872962532278803,29.72949892069803,60.0
2014,whole_blocks_latitude_cap,2,5000,17,random,south_of_60n,equal_cell,85920,-0.5257569835269262,14.02283374898001,29.873797543611325,60.0
2014,whole_blocks_latitude_cap,2,5000,17,random,south_of_60n,spherical_cell_area,85920,-0.1531330693303881,13.872962532278803,29.72949892069803,60.0
2014,whole_blocks_latitude_cap,2,5000,17,historical_density,global,equal_cell,85920,-1.626185549231849,16.64503029766787,33.282230444936005,60.0
2014,whole_blocks_latitude_cap,2,5000,17,historical_density,global,spherical_cell_area,85920,-0.4934083109959478,16.35353822644405,32.74604336631889,60.0
2014,whole_blocks_latitude_cap,2,5000,17,historical_density,south_of_60n,equal_cell,85920,-1.626185549231849,16.64503029766787,33.282230444936005,60.0
2014,whole_blocks_latitude_cap,2,5000,17,historical_density,south_of_60n,spherical_cell_area,85920,-0.4934083109959478,16.35353822644405,32.74604336631889,60.0
2014,whole_blocks_latitude_cap,2,5000,17,spatial_coverage,global,equal_cell,85920,-0.8872961925471102,12.962520518825611,26.467516259990216,60.0
2014,whole_blocks_latitude_cap,2,5000,17,spatial_coverage,global,spherical_cell_area,85920,-0.5236407477574231,12.966278116258126,26.870637973017512,60.0
2014,whole_blocks_latitude_cap,2,5000,17,spatial_coverage,south_of_60n,equal_cell,85920,-0.8872961925471102,12.962520518825611,26.467516259990216,60.0
2014,whole_blocks_latitude_cap,2,5000,17,spatial_coverage,south_of_60n,spherical_cell_area,85920,-0.5236407477574231,12.966278116258126,26.870637973017512,60.0
2014,whole_blocks_latitude_cap,2,5000,18,random,global,equal_cell,85920,0.692742665045777,14.870163769203256,33.21459979127309,60.0
2014,whole_blocks_latitude_cap,2,5000,18,random,global,spherical_cell_area,85920,0.7024297105987841,14.57595606399662,32.55986206630447,60.0
2014,whole_blocks_latitude_cap,2,5000,18,random,south_of_60n,equal_cell,85920,0.692742665045777,14.870163769203256,33.21459979127309,60.0
2014,whole_blocks_latitude_cap,2,5000,18,random,south_of_60n,spherical_cell_area,85920,0.7024297105987841,14.57595606399662,32.55986206630447,60.0
2014,whole_blocks_latitude_cap,2,5000,18,historical_density,global,equal_cell,85920,-1.763119644003179,15.969225995021729,32.6435354831126,60.0
2014,whole_blocks_latitude_cap,2,5000,18,historical_density,global,spherical_cell_area,85920,-0.69804751193831,15.698251927227334,32.2028241964093,60.0
2014,whole_blocks_latitude_cap,2,5000,18,historical_density,south_of_60n,equal_cell,85920,-1.763119644003179,15.969225995021729,32.6435354831126,60.0
2014,whole_blocks_latitude_cap,2,5000,18,historical_density,south_of_60n,spherical_cell_area,85920,-0.69804751193831,15.698251927227334,32.2028241964093,60.0
2014,whole_blocks_latitude_cap,2,5000,18,spatial_coverage,global,equal_cell,85920,0.0428055727544492,13.671206048877556,29.89578451843565,60.0
2014,whole_blocks_latitude_cap,2,5000,18,spatial_coverage,global,spherical_cell_area,85920,0.3941235061796461,13.565891994989103,29.890693795205483,60.0
2014,whole_blocks_latitude_cap,2,5000,18,spatial_coverage,south_of_60n,equal_cell,85920,0.0428055727544492,13.671206048877556,29.89578451843565,60.0
2014,whole_blocks_latitude_cap,2,5000,18,spatial_coverage,south_of_60n,spherical_cell_area,85920,0.3941235061796461,13.565891994989103,29.890693795205483,60.0
2014,whole_blocks_latitude_cap,2,5000,19,random,global,equal_cell,85920,0.0380626076613001,14.285228799340642,30.09990709870045,60.0
2014,whole_blocks_latitude_cap,2,5000,19,random,global,spherical_cell_area,85920,0.3913392341858185,14.064132230348344,29.64416912375873,60.0
2014,whole_blocks_latitude_cap,2,5000,19,random,south_of_60n,equal_cell,85920,0.0380626076613001,14.285228799340642,30.09990709870045,60.0
2014,whole_blocks_latitude_cap,2,5000,19,random,south_of_60n,spherical_cell_area,85920,0.3913392341858185,14.064132230348344,29.64416912375873,60.0
2014,whole_blocks_latitude_cap,2,5000,19,historical_density,global,equal_cell,85920,-1.5873548022481525,16.49213192057015,33.25014573054692,60.0
2014,whole_blocks_latitude_cap,2,5000,19,historical_density,global,spherical_cell_area,85920,-0.5298771089166873,16.205933743459322,32.75414587452578,60.0
2014,whole_blocks_latitude_cap,2,5000,19,historical_density,south_of_60n,equal_cell,85920,-1.5873548022481525,16.49213192057015,33.25014573054692,60.0
2014,whole_blocks_latitude_cap,2,5000,19,historical_density,south_of_60n,spherical_cell_area,85920,-0.5298771089166873,16.205933743459322,32.75414587452578,60.0
2014,whole_blocks_latitude_cap,2,5000,19,spatial_coverage,global,equal_cell,85920,-1.024259311529475,13.666474989554729,28.12561291852046,60.0
2014,whole_blocks_latitude_cap,2,5000,19,spatial_coverage,global,spherical_cell_area,85920,-0.6181539722143002,13.535166978327034,28.187527144826905,60.0
2014,whole_blocks_latitude_cap,2,5000,19,spatial_coverage,south_of_60n,equal_cell,85920,-1.024259311529475,13.666474989554729,28.12561291852046,60.0
2014,whole_blocks_latitude_cap,2,5000,19,spatial_coverage,south_of_60n,spherical_cell_area,85920,-0.6181539722143002,13.535166978327034,28.187527144826905,60.0
2014,whole_blocks_latitude_cap,3,5000,0,random,global,equal_cell,85464,-0.6134480986093306,11.787470005848204,23.902768761415096,60.0
2014,whole_blocks_latitude_cap,3,5000,0,random,global,spherical_cell_area,85464,-0.6386164433283745,11.748102390028354,22.69288524166132,60.0
2014,whole_blocks_latitude_cap,3,5000,0,random,south_of_60n,equal_cell,85464,-0.6134480986093306,11.787470005848204,23.902768761415096,60.0
2014,whole_blocks_latitude_cap,3,5000,0,random,south_of_60n,spherical_cell_area,85464,-0.6386164433283745,11.748102390028354,22.69288524166132,60.0
2014,whole_blocks_latitude_cap,3,5000,0,historical_density,global,equal_cell,85464,-1.6020659116104576,13.87824248602932,28.647285517851483,60.0
2014,whole_blocks_latitude_cap,3,5000,0,historical_density,global,spherical_cell_area,85464,-1.1309596380705096,13.494965569117095,26.680695017961128,60.0
2014,whole_blocks_latitude_cap,3,5000,0,historical_density,south_of_60n,equal_cell,85464,-1.6020659116104576,13.87824248602932,28.647285517851483,60.0
2014,whole_blocks_latitude_cap,3,5000,0,historical_density,south_of_60n,spherical_cell_area,85464,-1.1309596380705096,13.494965569117095,26.680695017961128,60.0
2014,whole_blocks_latitude_cap,3,5000,0,spatial_coverage,global,equal_cell,85464,-1.2302955176940336,11.216044502890677,22.09668948033446,60.0
2014,whole_blocks_latitude_cap,3,5000,0,spatial_coverage,global,spherical_cell_area,85464,-1.2559395533147235,11.231478844761163,21.11925451117171,60.0
2014,whole_blocks_latitude_cap,3,5000,0,spatial_coverage,south_of_60n,equal_cell,85464,-1.2302955176940336,11.216044502890677,22.09668948033446,60.0
2014,whole_blocks_latitude_cap,3,5000,0,spatial_coverage,south_of_60n,spherical_cell_area,85464,-1.2559395533147235,11.231478844761163,21.11925451117171,60.0
2014,whole_blocks_latitude_cap,3,5000,1,random,global,equal_cell,85464,0.0942804287477841,11.576529012763068,24.876694526317586,60.0
2014,whole_blocks_latitude_cap,3,5000,1,random,global,spherical_cell_area,85464,-0.0568820643336102,11.58277539183688,23.53826690780082,60.0
2014,whole_blocks_latitude_cap,3,5000,1,random,south_of_60n,equal_cell,85464,0.0942804287477841,11.576529012763068,24.876694526317586,60.0
2014,whole_blocks_latitude_cap,3,5000,1,random,south_of_60n,spherical_cell_area,85464,-0.0568820643336102,11.58277539183688,23.53826690780082,60.0
2014,whole_blocks_latitude_cap,3,5000,1,historical_density,global,equal_cell,85464,-1.7018696495583787,14.289212722126978,28.14190273535008,60.0
2014,whole_blocks_latitude_cap,3,5000,1,historical_density,global,spherical_cell_area,85464,-1.3063788417838609,14.0065657502228,26.528501689361875,60.0
2014,whole_blocks_latitude_cap,3,5000,1,historical_density,south_of_60n,equal_cell,85464,-1.7018696495583787,14.289212722126978,28.14190273535008,60.0
2014,whole_blocks_latitude_cap,3,5000,1,historical_density,south_of_60n,spherical_cell_area,85464,-1.3063788417838609,14.0065657502228,26.528501689361875,60.0
2014,whole_blocks_latitude_cap,3,5000,1,spatial_coverage,global,equal_cell,85464,-0.5420318285164858,10.901650661617744,21.045447496900408,60.0
2014,whole_blocks_latitude_cap,3,5000,1,spatial_coverage,global,spherical_cell_area,85464,-0.5992372033333297,10.94909366764107,20.19123763900741,60.0
2014,whole_blocks_latitude_cap,3,5000,1,spatial_coverage,south_of_60n,equal_cell,85464,-0.5420318285164858,10.901650661617744,21.045447496900408,60.0
2014,whole_blocks_latitude_cap,3,5000,1,spatial_coverage,south_of_60n,spherical_cell_area,85464,-0.5992372033333297,10.94909366764107,20.19123763900741,60.0
2014,whole_blocks_latitude_cap,3,5000,2,random,global,equal_cell,85464,-0.8095235659231713,11.60000679503306,23.580835018152943,60.0
2014,whole_blocks_latitude_cap,3,5000,2,random,global,spherical_cell_area,85464,-1.0516105192446257,11.635546066019216,22.51486157873238,60.0
2014,whole_blocks_latitude_cap,3,5000,2,random,south_of_60n,equal_cell,85464,-0.8095235659231713,11.60000679503306,23.580835018152943,60.0
2014,whole_blocks_latitude_cap,3,5000,2,random,south_of_60n,spherical_cell_area,85464,-1.0516105192446257,11.635546066019216,22.51486157873238,60.0
2014,whole_blocks_latitude_cap,3,5000,2,historical_density,global,equal_cell,85464,-2.099463895811818,14.252767671312665,28.623369014966784,60.0
2014,whole_blocks_latitude_cap,3,5000,2,historical_density,global,spherical_cell_area,85464,-1.7403264416785136,14.091158741538084,26.91391030718957,60.0
2014,whole_blocks_latitude_cap,3,5000,2,historical_density,south_of_60n,equal_cell,85464,-2.099463895811818,14.252767671312665,28.623369014966784,60.0
2014,whole_blocks_latitude_cap,3,5000,2,historical_density,south_of_60n,spherical_cell_area,85464,-1.7403264416785136,14.091158741538084,26.91391030718957,60.0
2014,whole_blocks_latitude_cap,3,5000,2,spatial_coverage,global,equal_cell,85464,-1.0697967407021405,11.510545449282096,22.254582377011637,60.0
2014,whole_blocks_latitude_cap,3,5000,2,spatial_coverage,global,spherical_cell_area,85464,-0.987828249054962,11.452826482238976,21.20319844782843,60.0
2014,whole_blocks_latitude_cap,3,5000,2,spatial_coverage,south_of_60n,equal_cell,85464,-1.0697967407021405,11.510545449282096,22.254582377011637,60.0
2014,whole_blocks_latitude_cap,3,5000,2,spatial_coverage,south_of_60n,spherical_cell_area,85464,-0.987828249054962,11.452826482238976,21.20319844782843,60.0
2014,whole_blocks_latitude_cap,3,5000,3,random,global,equal_cell,85464,-0.7985922095423179,11.578969386675077,23.93356092577331,60.0
2014,whole_blocks_latitude_cap,3,5000,3,random,global,spherical_cell_area,85464,-0.9000153089895178,11.477926224060454,22.549361333734733,60.0
2014,whole_blocks_latitude_cap,3,5000,3,random,south_of_60n,equal_cell,85464,-0.7985922095423179,11.578969386675077,23.93356092577331,60.0
2014,whole_blocks_latitude_cap,3,5000,3,random,south_of_60n,spherical_cell_area,85464,-0.9000153089895178,11.477926224060454,22.549361333734733,60.0
2014,whole_blocks_latitude_cap,3,5000,3,historical_density,global,equal_cell,85464,-1.816092574768316,14.381375069271517,29.56374319757296,60.0
2014,whole_blocks_latitude_cap,3,5000,3,historical_density,global,spherical_cell_area,85464,-1.4878682296907413,14.253110671252209,27.81241100630664,60.0
2014,whole_blocks_latitude_cap,3,5000,3,historical_density,south_of_60n,equal_cell,85464,-1.816092574768316,14.381375069271517,29.56374319757296,60.0
2014,whole_blocks_latitude_cap,3,5000,3,historical_density,south_of_60n,spherical_cell_area,85464,-1.4878682296907413,14.253110671252209,27.81241100630664,60.0
2014,whole_blocks_latitude_cap,3,5000,3,spatial_coverage,global,equal_cell,85464,-0.7824287636170917,10.959100982529998,21.66065348833958,60.0
2014,whole_blocks_latitude_cap,3,5000,3,spatial_coverage,global,spherical_cell_area,85464,-0.8747923058966981,10.96338135642239,20.728592354590766,60.0
2014,whole_blocks_latitude_cap,3,5000,3,spatial_coverage,south_of_60n,equal_cell,85464,-0.7824287636170917,10.959100982529998,21.66065348833958,60.0
2014,whole_blocks_latitude_cap,3,5000,3,spatial_coverage,south_of_60n,spherical_cell_area,85464,-0.8747923058966981,10.96338135642239,20.728592354590766,60.0
2014,whole_blocks_latitude_cap,3,5000,4,random,global,equal_cell,85464,-0.3553788255972541,11.294360879254516,23.40220778643396,60.0
2014,whole_blocks_latitude_cap,3,5000,4,random,global,spherical_cell_area,85464,-0.4012633187604172,11.3022905796013,22.49809542031048,60.0
2014,whole_blocks_latitude_cap,3,5000,4,random,south_of_60n,equal_cell,85464,-0.3553788255972541,11.294360879254516,23.40220778643396,60.0
2014,whole_blocks_latitude_cap,3,5000,4,random,south_of_60n,spherical_cell_area,85464,-0.4012633187604172,11.3022905796013,22.49809542031048,60.0
2014,whole_blocks_latitude_cap,3,5000,4,historical_density,global,equal_cell,85464,-1.6978481365427704,14.053086710161589,28.665126717119403,60.0
2014,whole_blocks_latitude_cap,3,5000,4,historical_density,global,spherical_cell_area,85464,-1.3615018690997176,13.787283987932897,26.818102490322097,60.0
2014,whole_blocks_latitude_cap,3,5000,4,historical_density,south_of_60n,equal_cell,85464,-1.6978481365427704,14.053086710161589,28.665126717119403,60.0
2014,whole_blocks_latitude_cap,3,5000,4,historical_density,south_of_60n,spherical_cell_area,85464,-1.3615018690997176,13.787283987932897,26.818102490322097,60.0
2014,whole_blocks_latitude_cap,3,5000,4,spatial_coverage,global,equal_cell,85464,-0.2153150084943295,10.953643256346954,21.421327558577897,60.0
2014,whole_blocks_latitude_cap,3,5000,4,spatial_coverage,global,spherical_cell_area,85464,-0.2695084249518997,11.005199349567658,20.634108996412408,60.0
2014,whole_blocks_latitude_cap,3,5000,4,spatial_coverage,south_of_60n,equal_cell,85464,-0.2153150084943295,10.953643256346954,21.421327558577897,60.0
2014,whole_blocks_latitude_cap,3,5000,4,spatial_coverage,south_of_60n,spherical_cell_area,85464,-0.2695084249518997,11.005199349567658,20.634108996412408,60.0
2014,whole_blocks_latitude_cap,3,5000,5,random,global,equal_cell,85464,-0.0381555883395123,10.91231726095835,23.04489645943877,60.0
2014,whole_blocks_latitude_cap,3,5000,5,random,global,spherical_cell_area,85464,-0.2078982062420785,10.927427972909364,22.187871127603525,60.0
2014,whole_blocks_latitude_cap,3,5000,5,random,south_of_60n,equal_cell,85464,-0.0381555883395123,10.91231726095835,23.04489645943877,60.0
2014,whole_blocks_latitude_cap,3,5000,5,random,south_of_60n,spherical_cell_area,85464,-0.2078982062420785,10.927427972909364,22.187871127603525,60.0
2014,whole_blocks_latitude_cap,3,5000,5,historical_density,global,equal_cell,85464,-1.953665340785766,14.080012466922716,29.09492897487917,60.0
2014,whole_blocks_latitude_cap,3,5000,5,historical_density,global,spherical_cell_area,85464,-1.4847937260024953,13.776733657527394,27.149285076450145,60.0
2014,whole_blocks_latitude_cap,3,5000,5,historical_density,south_of_60n,equal_cell,85464,-1.953665340785766,14.080012466922716,29.09492897487917,60.0
2014,whole_blocks_latitude_cap,3,5000,5,historical_density,south_of_60n,spherical_cell_area,85464,-1.4847937260024953,13.776733657527394,27.149285076450145,60.0
2014,whole_blocks_latitude_cap,3,5000,5,spatial_coverage,global,equal_cell,85464,-0.2341844821940277,11.470735862975973,22.14068290018843,60.0
2014,whole_blocks_latitude_cap,3,5000,5,spatial_coverage,global,spherical_cell_area,85464,-0.3712071471463022,11.352984272801104,21.037366535967703,60.0
2014,whole_blocks_latitude_cap,3,5000,5,spatial_coverage,south_of_60n,equal_cell,85464,-0.2341844821940277,11.470735862975973,22.14068290018843,60.0
2014,whole_blocks_latitude_cap,3,5000,5,spatial_coverage,south_of_60n,spherical_cell_area,85464,-0.3712071471463022,11.352984272801104,21.037366535967703,60.0
2014,whole_blocks_latitude_cap,3,5000,6,random,global,equal_cell,85464,-0.5235328879560138,11.475768821839113,25.24096517897537,60.0
2014,whole_blocks_latitude_cap,3,5000,6,random,global,spherical_cell_area,85464,-0.5866759145808721,11.381468732720204,23.705544777885333,60.0
2014,whole_blocks_latitude_cap,3,5000,6,random,south_of_60n,equal_cell,85464,-0.5235328879560138,11.475768821839113,25.24096517897537,60.0
2014,whole_blocks_latitude_cap,3,5000,6,random,south_of_60n,spherical_cell_area,85464,-0.5866759145808721,11.381468732720204,23.705544777885333,60.0
2014,whole_blocks_latitude_cap,3,5000,6,historical_density,global,equal_cell,85464,-1.4347529502310288,13.706947983237129,28.094563780256536,60.0
2014,whole_blocks_latitude_cap,3,5000,6,historical_density,global,spherical_cell_area,85464,-1.051255209099565,13.459291530137344,26.41809308195287,60.0
2014,whole_blocks_latitude_cap,3,5000,6,historical_density,south_of_60n,equal_cell,85464,-1.4347529502310288,13.706947983237129,28.094563780256536,60.0
2014,whole_blocks_latitude_cap,3,5000,6,historical_density,south_of_60n,spherical_cell_area,85464,-1.051255209099565,13.459291530137344,26.41809308195287,60.0
2014,whole_blocks_latitude_cap,3,5000,6,spatial_coverage,global,equal_cell,85464,-0.7480307956020086,11.394877755531695,21.972731951268525,60.0
2014,whole_blocks_latitude_cap,3,5000,6,spatial_coverage,global,spherical_cell_area,85464,-0.9013296560333296,11.398072661666784,20.945664815977988,60.0
2014,whole_blocks_latitude_cap,3,5000,6,spatial_coverage,south_of_60n,equal_cell,85464,-0.7480307956020086,11.394877755531695,21.972731951268525,60.0
2014,whole_blocks_latitude_cap,3,5000,6,spatial_coverage,south_of_60n,spherical_cell_area,85464,-0.9013296560333296,11.398072661666784,20.945664815977988,60.0
2014,whole_blocks_latitude_cap,3,5000,7,random,global,equal_cell,85464,-0.5894439381644473,11.273733005700612,23.861922846894863,60.0
2014,whole_blocks_latitude_cap,3,5000,7,random,global,spherical_cell_area,85464,-0.9207669890957132,11.230973940208402,22.5419853616936,60.0
2014,whole_blocks_latitude_cap,3,5000,7,random,south_of_60n,equal_cell,85464,-0.5894439381644473,11.273733005700612,23.861922846894863,60.0
2014,whole_blocks_latitude_cap,3,5000,7,random,south_of_60n,spherical_cell_area,85464,-0.9207669890957132,11.230973940208402,22.5419853616936,60.0
2014,whole_blocks_latitude_cap,3,5000,7,historical_density,global,equal_cell,85464,-3.426569463021955,13.95831454732864,28.54504982641984,60.0
2014,whole_blocks_latitude_cap,3,5000,7,historical_density,global,spherical_cell_area,85464,-3.10953052119551,13.850946709910804,27.11011968111244,60.0
2014,whole_blocks_latitude_cap,3,5000,7,historical_density,south_of_60n,equal_cell,85464,-3.426569463021955,13.95831454732864,28.54504982641984,60.0
2014,whole_blocks_latitude_cap,3,5000,7,historical_density,south_of_60n,spherical_cell_area,85464,-3.10953052119551,13.850946709910804,27.11011968111244,60.0
2014,whole_blocks_latitude_cap,3,5000,7,spatial_coverage,global,equal_cell,85464,-1.1047413632476797,11.108859931209542,21.366593782480383,60.0
2014,whole_blocks_latitude_cap,3,5000,7,spatial_coverage,global,spherical_cell_area,85464,-1.1938115668306042,11.060223508566242,20.53117002591772,60.0
2014,whole_blocks_latitude_cap,3,5000,7,spatial_coverage,south_of_60n,equal_cell,85464,-1.1047413632476797,11.108859931209542,21.366593782480383,60.0
2014,whole_blocks_latitude_cap,3,5000,7,spatial_coverage,south_of_60n,spherical_cell_area,85464,-1.1938115668306042,11.060223508566242,20.53117002591772,60.0
2014,whole_blocks_latitude_cap,3,5000,8,random,global,equal_cell,85464,-0.7036348413717943,11.707017247625387,24.182596598234152,60.0
2014,whole_blocks_latitude_cap,3,5000,8,random,global,spherical_cell_area,85464,-0.6919222625137474,11.589192825689432,22.99761104241404,60.0
2014,whole_blocks_latitude_cap,3,5000,8,random,south_of_60n,equal_cell,85464,-0.7036348413717943,11.707017247625387,24.182596598234152,60.0
2014,whole_blocks_latitude_cap,3,5000,8,random,south_of_60n,spherical_cell_area,85464,-0.6919222625137474,11.589192825689432,22.99761104241404,60.0
2014,whole_blocks_latitude_cap,3,5000,8,historical_density,global,equal_cell,85464,-2.447137416375443,14.139056168653562,28.406858303383704,60.0
2014,whole_blocks_latitude_cap,3,5000,8,historical_density,global,spherical_cell_area,85464,-2.0065303977809177,13.87315528374618,26.670697950021165,60.0
2014,whole_blocks_latitude_cap,3,5000,8,historical_density,south_of_60n,equal_cell,85464,-2.447137416375443,14.139056168653562,28.406858303383704,60.0
2014,whole_blocks_latitude_cap,3,5000,8,historical_density,south_of_60n,spherical_cell_area,85464,-2.0065303977809177,13.87315528374618,26.670697950021165,60.0
2014,whole_blocks_latitude_cap,3,5000,8,spatial_coverage,global,equal_cell,85464,-0.6776335583390062,11.417135045837409,21.1408319488414,60.0
2014,whole_blocks_latitude_cap,3,5000,8,spatial_coverage,global,spherical_cell_area,85464,-0.6395098366911115,11.246663658780388,20.24289497550056,60.0
2014,whole_blocks_latitude_cap,3,5000,8,spatial_coverage,south_of_60n,equal_cell,85464,-0.6776335583390062,11.417135045837409,21.1408319488414,60.0
2014,whole_blocks_latitude_cap,3,5000,8,spatial_coverage,south_of_60n,spherical_cell_area,85464,-0.6395098366911115,11.246663658780388,20.24289497550056,60.0
2014,whole_blocks_latitude_cap,3,5000,9,random,global,equal_cell,85464,-0.021008712742483,11.805472905744953,24.35062394501335,60.0
2014,whole_blocks_latitude_cap,3,5000,9,random,global,spherical_cell_area,85464,-0.0741742548266326,11.821665544545873,23.86640347796045,60.0
2014,whole_blocks_latitude_cap,3,5000,9,random,south_of_60n,equal_cell,85464,-0.021008712742483,11.805472905744953,24.35062394501335,60.0
2014,whole_blocks_latitude_cap,3,5000,9,random,south_of_60n,spherical_cell_area,85464,-0.0741742548266326,11.821665544545873,23.86640347796045,60.0
2014,whole_blocks_latitude_cap,3,5000,9,historical_density,global,equal_cell,85464,-2.941281196586269,14.26183830478278,28.85696754463396,60.0
2014,whole_blocks_latitude_cap,3,5000,9,historical_density,global,spherical_cell_area,85464,-2.529405063477639,13.990244387619263,27.05796880492925,60.0
2014,whole_blocks_latitude_cap,3,5000,9,historical_density,south_of_60n,equal_cell,85464,-2.941281196586269,14.26183830478278,28.85696754463396,60.0
2014,whole_blocks_latitude_cap,3,5000,9,historical_density,south_of_60n,spherical_cell_area,85464,-2.529405063477639,13.990244387619263,27.05796880492925,60.0
2014,whole_blocks_latitude_cap,3,5000,9,spatial_coverage,global,equal_cell,85464,-0.6024960241692797,10.862457169340209,21.11131579895495,60.0
2014,whole_blocks_latitude_cap,3,5000,9,spatial_coverage,global,spherical_cell_area,85464,-0.6880748051416781,10.870795320809384,20.250120448613583,60.0
2014,whole_blocks_latitude_cap,3,5000,9,spatial_coverage,south_of_60n,equal_cell,85464,-0.6024960241692797,10.862457169340209,21.11131579895495,60.0
2014,whole_blocks_latitude_cap,3,5000,9,spatial_coverage,south_of_60n,spherical_cell_area,85464,-0.6880748051416781,10.870795320809384,20.250120448613583,60.0
2014,whole_blocks_latitude_cap,3,5000,10,random,global,equal_cell,85464,-0.4219045864745253,11.562938563498586,23.664996348968774,60.0
2014,whole_blocks_latitude_cap,3,5000,10,random,global,spherical_cell_area,85464,-0.7160359692213663,11.468589566044304,22.48439554573627,60.0
2014,whole_blocks_latitude_cap,3,5000,10,random,south_of_60n,equal_cell,85464,-0.4219045864745253,11.562938563498586,23.664996348968774,60.0
2014,whole_blocks_latitude_cap,3,5000,10,random,south_of_60n,spherical_cell_area,85464,-0.7160359692213663,11.468589566044304,22.48439554573627,60.0
2014,whole_blocks_latitude_cap,3,5000,10,historical_density,global,equal_cell,85464,-1.3615450618296998,14.096615871356752,27.947331422639124,60.0
2014,whole_blocks_latitude_cap,3,5000,10,historical_density,global,spherical_cell_area,85464,-0.9136065393718084,13.885818275016344,26.375513919741184,60.0
2014,whole_blocks_latitude_cap,3,5000,10,historical_density,south_of_60n,equal_cell,85464,-1.3615450618296998,14.096615871356752,27.947331422639124,60.0
2014,whole_blocks_latitude_cap,3,5000,10,historical_density,south_of_60n,spherical_cell_area,85464,-0.9136065393718084,13.885818275016344,26.375513919741184,60.0
2014,whole_blocks_latitude_cap,3,5000,10,spatial_coverage,global,equal_cell,85464,-1.03710026202827,11.246571537759142,21.62002389986439,60.0
2014,whole_blocks_latitude_cap,3,5000,10,spatial_coverage,global,spherical_cell_area,85464,-1.059604820518489,11.215511162408742,20.67545873376499,60.0
2014,whole_blocks_latitude_cap,3,5000,10,spatial_coverage,south_of_60n,equal_cell,85464,-1.03710026202827,11.246571537759142,21.62002389986439,60.0
2014,whole_blocks_latitude_cap,3,5000,10,spatial_coverage,south_of_60n,spherical_cell_area,85464,-1.059604820518489,11.215511162408742,20.67545873376499,60.0
2014,whole_blocks_latitude_cap,3,5000,11,random,global,equal_cell,85464,-0.3023239360619387,11.258023368468876,24.73817619492173,60.0
2014,whole_blocks_latitude_cap,3,5000,11,random,global,spherical_cell_area,85464,-0.4250657729055158,11.140955973988763,23.16376626501663,60.0
2014,whole_blocks_latitude_cap,3,5000,11,random,south_of_60n,equal_cell,85464,-0.3023239360619387,11.258023368468876,24.73817619492173,60.0
2014,whole_blocks_latitude_cap,3,5000,11,random,south_of_60n,spherical_cell_area,85464,-0.4250657729055158,11.140955973988763,23.16376626501663,60.0
2014,whole_blocks_latitude_cap,3,5000,11,historical_density,global,equal_cell,85464,-2.2677124544517966,14.015410169232837,29.129235013635423,60.0
2014,whole_blocks_latitude_cap,3,5000,11,historical_density,global,spherical_cell_area,85464,-2.0067820492679003,13.696132128558872,27.16544449625693,60.0
2014,whole_blocks_latitude_cap,3,5000,11,historical_density,south_of_60n,equal_cell,85464,-2.2677124544517966,14.015410169232837,29.129235013635423,60.0
2014,whole_blocks_latitude_cap,3,5000,11,historical_density,south_of_60n,spherical_cell_area,85464,-2.0067820492679003,13.696132128558872,27.16544449625693,60.0
2014,whole_blocks_latitude_cap,3,5000,11,spatial_coverage,global,equal_cell,85464,-1.1555866466068287,10.89624627635744,21.96777256805707,60.0
2014,whole_blocks_latitude_cap,3,5000,11,spatial_coverage,global,spherical_cell_area,85464,-1.2612356217286027,10.843615795004052,20.952058555927252,60.0
2014,whole_blocks_latitude_cap,3,5000,11,spatial_coverage,south_of_60n,equal_cell,85464,-1.1555866466068287,10.89624627635744,21.96777256805707,60.0
2014,whole_blocks_latitude_cap,3,5000,11,spatial_coverage,south_of_60n,spherical_cell_area,85464,-1.2612356217286027,10.843615795004052,20.952058555927252,60.0
2014,whole_blocks_latitude_cap,3,5000,12,random,global,equal_cell,85464,-0.4228630780818589,11.19932123205493,23.45485832238708,60.0
2014,whole_blocks_latitude_cap,3,5000,12,random,global,spherical_cell_area,85464,-0.6145412046703772,11.1112580688269,22.24712111485212,60.0
2014,whole_blocks_latitude_cap,3,5000,12,random,south_of_60n,equal_cell,85464,-0.4228630780818589,11.19932123205493,23.45485832238708,60.0
2014,whole_blocks_latitude_cap,3,5000,12,random,south_of_60n,spherical_cell_area,85464,-0.6145412046703772,11.1112580688269,22.24712111485212,60.0
2014,whole_blocks_latitude_cap,3,5000,12,historical_density,global,equal_cell,85464,-2.2498436872719294,14.03282492395194,29.427126091241806,60.0
2014,whole_blocks_latitude_cap,3,5000,12,historical_density,global,spherical_cell_area,85464,-1.7507470358654589,13.815455862958393,27.4796443151504,60.0
2014,whole_blocks_latitude_cap,3,5000,12,historical_density,south_of_60n,equal_cell,85464,-2.2498436872719294,14.03282492395194,29.427126091241806,60.0
2014,whole_blocks_latitude_cap,3,5000,12,historical_density,south_of_60n,spherical_cell_area,85464,-1.7507470358654589,13.815455862958393,27.4796443151504,60.0
2014,whole_blocks_latitude_cap,3,5000,12,spatial_coverage,global,equal_cell,85464,-1.074038982783198,11.290630971591607,21.21965870569793,60.0
2014,whole_blocks_latitude_cap,3,5000,12,spatial_coverage,global,spherical_cell_area,85464,-0.9762804887889476,11.300709570759151,20.51813307302218,60.0
2014,whole_blocks_latitude_cap,3,5000,12,spatial_coverage,south_of_60n,equal_cell,85464,-1.074038982783198,11.290630971591607,21.21965870569793,60.0
2014,whole_blocks_latitude_cap,3,5000,12,spatial_coverage,south_of_60n,spherical_cell_area,85464,-0.9762804887889476,11.300709570759151,20.51813307302218,60.0
2014,whole_blocks_latitude_cap,3,5000,13,random,global,equal_cell,85464,-0.3539232674140958,11.994151958770548,23.333444691056123,60.0
2014,whole_blocks_latitude_cap,3,5000,13,random,global,spherical_cell_area,85464,-0.5935416203215593,12.09596308489848,22.625250396112587,60.0
2014,whole_blocks_latitude_cap,3,5000,13,random,south_of_60n,equal_cell,85464,-0.3539232674140958,11.994151958770548,23.333444691056123,60.0
2014,whole_blocks_latitude_cap,3,5000,13,random,south_of_60n,spherical_cell_area,85464,-0.5935416203215593,12.09596308489848,22.625250396112587,60.0
2014,whole_blocks_latitude_cap,3,5000,13,historical_density,global,equal_cell,85464,-1.9060440182924565,14.27013352257265,28.235525927213544,60.0
2014,whole_blocks_latitude_cap,3,5000,13,historical_density,global,spherical_cell_area,85464,-1.5078080821806592,14.087343475540711,26.78096015550547,60.0
2014,whole_blocks_latitude_cap,3,5000,13,historical_density,south_of_60n,equal_cell,85464,-1.9060440182924565,14.27013352257265,28.235525927213544,60.0
2014,whole_blocks_latitude_cap,3,5000,13,historical_density,south_of_60n,spherical_cell_area,85464,-1.5078080821806592,14.087343475540711,26.78096015550547,60.0
2014,whole_blocks_latitude_cap,3,5000,13,spatial_coverage,global,equal_cell,85464,-0.631789006357629,11.206653421067424,21.447682161481158,60.0
2014,whole_blocks_latitude_cap,3,5000,13,spatial_coverage,global,spherical_cell_area,85464,-0.7612885255918748,11.208865599846902,20.565966155097463,60.0
2014,whole_blocks_latitude_cap,3,5000,13,spatial_coverage,south_of_60n,equal_cell,85464,-0.631789006357629,11.206653421067424,21.447682161481158,60.0
2014,whole_blocks_latitude_cap,3,5000,13,spatial_coverage,south_of_60n,spherical_cell_area,85464,-0.7612885255918748,11.208865599846902,20.565966155097463,60.0
2014,whole_blocks_latitude_cap,3,5000,14,random,global,equal_cell,85464,-0.0093363616998379,11.751863274591049,24.337292767788647,60.0
2014,whole_blocks_latitude_cap,3,5000,14,random,global,spherical_cell_area,85464,-0.2413631873777136,11.69963383077005,23.556591455581323,60.0
2014,whole_blocks_latitude_cap,3,5000,14,random,south_of_60n,equal_cell,85464,-0.0093363616998379,11.751863274591049,24.337292767788647,60.0
2014,whole_blocks_latitude_cap,3,5000,14,random,south_of_60n,spherical_cell_area,85464,-0.2413631873777136,11.69963383077005,23.556591455581323,60.0
2014,whole_blocks_latitude_cap,3,5000,14,historical_density,global,equal_cell,85464,-1.8771612546950056,14.254915562526264,29.793082022998576,60.0
2014,whole_blocks_latitude_cap,3,5000,14,historical_density,global,spherical_cell_area,85464,-1.4789190232485423,13.972443006456944,27.79475274351079,60.0
2014,whole_blocks_latitude_cap,3,5000,14,historical_density,south_of_60n,equal_cell,85464,-1.8771612546950056,14.254915562526264,29.793082022998576,60.0
2014,whole_blocks_latitude_cap,3,5000,14,historical_density,south_of_60n,spherical_cell_area,85464,-1.4789190232485423,13.972443006456944,27.79475274351079,60.0
2014,whole_blocks_latitude_cap,3,5000,14,spatial_coverage,global,equal_cell,85464,-1.2077104362137157,11.611238512577971,23.3702333563742,60.0
2014,whole_blocks_latitude_cap,3,5000,14,spatial_coverage,global,spherical_cell_area,85464,-1.27682212105422,11.53274524743075,22.113301931392577,60.0
2014,whole_blocks_latitude_cap,3,5000,14,spatial_coverage,south_of_60n,equal_cell,85464,-1.2077104362137157,11.611238512577971,23.3702333563742,60.0
2014,whole_blocks_latitude_cap,3,5000,14,spatial_coverage,south_of_60n,spherical_cell_area,85464,-1.27682212105422,11.53274524743075,22.113301931392577,60.0
2014,whole_blocks_latitude_cap,3,5000,15,random,global,equal_cell,85464,-0.6630903418512526,11.106978782125491,24.458313571563743,60.0
2014,whole_blocks_latitude_cap,3,5000,15,random,global,spherical_cell_area,85464,-0.6742534211093411,11.094484761416412,23.041878524787464,60.0
2014,whole_blocks_latitude_cap,3,5000,15,random,south_of_60n,equal_cell,85464,-0.6630903418512526,11.106978782125491,24.458313571563743,60.0
2014,whole_blocks_latitude_cap,3,5000,15,random,south_of_60n,spherical_cell_area,85464,-0.6742534211093411,11.094484761416412,23.041878524787464,60.0
2014,whole_blocks_latitude_cap,3,5000,15,historical_density,global,equal_cell,85464,-1.7519052688415484,13.717964190203697,27.40467140490553,60.0
2014,whole_blocks_latitude_cap,3,5000,15,historical_density,global,spherical_cell_area,85464,-1.4076989365942794,13.526501221837917,25.90722064442566,60.0
2014,whole_blocks_latitude_cap,3,5000,15,historical_density,south_of_60n,equal_cell,85464,-1.7519052688415484,13.717964190203697,27.40467140490553,60.0
2014,whole_blocks_latitude_cap,3,5000,15,historical_density,south_of_60n,spherical_cell_area,85464,-1.4076989365942794,13.526501221837917,25.90722064442566,60.0
2014,whole_blocks_latitude_cap,3,5000,15,spatial_coverage,global,equal_cell,85464,-1.1174242842447384,11.017108919361997,21.78087174537461,60.0
2014,whole_blocks_latitude_cap,3,5000,15,spatial_coverage,global,spherical_cell_area,85464,-1.1454709088666826,11.046984159264216,20.912726231838917,60.0
2014,whole_blocks_latitude_cap,3,5000,15,spatial_coverage,south_of_60n,equal_cell,85464,-1.1174242842447384,11.017108919361997,21.78087174537461,60.0
2014,whole_blocks_latitude_cap,3,5000,15,spatial_coverage,south_of_60n,spherical_cell_area,85464,-1.1454709088666826,11.046984159264216,20.912726231838917,60.0
2014,whole_blocks_latitude_cap,3,5000,16,random,global,equal_cell,85464,-0.3241444177429097,11.318409139445656,23.70976888323133,60.0
2014,whole_blocks_latitude_cap,3,5000,16,random,global,spherical_cell_area,85464,-0.4213033923573691,11.158003972722012,22.285596219370703,60.0
2014,whole_blocks_latitude_cap,3,5000,16,random,south_of_60n,equal_cell,85464,-0.3241444177429097,11.318409139445656,23.70976888323133,60.0
2014,whole_blocks_latitude_cap,3,5000,16,random,south_of_60n,spherical_cell_area,85464,-0.4213033923573691,11.158003972722012,22.285596219370703,60.0
2014,whole_blocks_latitude_cap,3,5000,16,historical_density,global,equal_cell,85464,-2.6402344128066337,14.026916644938977,28.26575409745292,60.0
2014,whole_blocks_latitude_cap,3,5000,16,historical_density,global,spherical_cell_area,85464,-2.0921263215860235,13.80373087948482,26.539468263807887,60.0
2014,whole_blocks_latitude_cap,3,5000,16,historical_density,south_of_60n,equal_cell,85464,-2.6402344128066337,14.026916644938977,28.26575409745292,60.0
2014,whole_blocks_latitude_cap,3,5000,16,historical_density,south_of_60n,spherical_cell_area,85464,-2.0921263215860235,13.80373087948482,26.539468263807887,60.0
2014,whole_blocks_latitude_cap,3,5000,16,spatial_coverage,global,equal_cell,85464,-0.901673822233989,11.147468453331827,21.91724756712904,60.0
2014,whole_blocks_latitude_cap,3,5000,16,spatial_coverage,global,spherical_cell_area,85464,-0.9236209899553962,11.127601143224553,21.02210617468308,60.0
2014,whole_blocks_latitude_cap,3,5000,16,spatial_coverage,south_of_60n,equal_cell,85464,-0.901673822233989,11.147468453331827,21.91724756712904,60.0
2014,whole_blocks_latitude_cap,3,5000,16,spatial_coverage,south_of_60n,spherical_cell_area,85464,-0.9236209899553962,11.127601143224553,21.02210617468308,60.0
2014,whole_blocks_latitude_cap,3,5000,17,random,global,equal_cell,85464,-0.3069354438791475,11.798704300578772,24.41318672295327,60.0
2014,whole_blocks_latitude_cap,3,5000,17,random,global,spherical_cell_area,85464,-0.416332248826227,11.761438534869724,23.461903601348617,60.0
2014,whole_blocks_latitude_cap,3,5000,17,random,south_of_60n,equal_cell,85464,-0.3069354438791475,11.798704300578772,24.41318672295327,60.0
2014,whole_blocks_latitude_cap,3,5000,17,random,south_of_60n,spherical_cell_area,85464,-0.416332248826227,11.761438534869724,23.461903601348617,60.0
2014,whole_blocks_latitude_cap,3,5000,17,historical_density,global,equal_cell,85464,-2.40560385977274,14.320874093657698,28.341411816935675,60.0
2014,whole_blocks_latitude_cap,3,5000,17,historical_density,global,spherical_cell_area,85464,-2.107084786690536,14.010243994709722,26.593990731734017,60.0
2014,whole_blocks_latitude_cap,3,5000,17,historical_density,south_of_60n,equal_cell,85464,-2.40560385977274,14.320874093657698,28.341411816935675,60.0
2014,whole_blocks_latitude_cap,3,5000,17,historical_density,south_of_60n,spherical_cell_area,85464,-2.107084786690536,14.010243994709722,26.593990731734017,60.0
2014,whole_blocks_latitude_cap,3,5000,17,spatial_coverage,global,equal_cell,85464,-1.2557929508154673,11.629569012384986,23.18074681010757,60.0
2014,whole_blocks_latitude_cap,3,5000,17,spatial_coverage,global,spherical_cell_area,85464,-1.2593024191616955,11.610862794592842,22.468699689027343,60.0
2014,whole_blocks_latitude_cap,3,5000,17,spatial_coverage,south_of_60n,equal_cell,85464,-1.2557929508154673,11.629569012384986,23.18074681010757,60.0
2014,whole_blocks_latitude_cap,3,5000,17,spatial_coverage,south_of_60n,spherical_cell_area,85464,-1.2593024191616955,11.610862794592842,22.468699689027343,60.0
2014,whole_blocks_latitude_cap,3,5000,18,random,global,equal_cell,85464,-0.6746411226527534,11.58309354314441,24.09316400929515,60.0
2014,whole_blocks_latitude_cap,3,5000,18,random,global,spherical_cell_area,85464,-0.6831531348900962,11.568684060764808,22.830501597499385,60.0
2014,whole_blocks_latitude_cap,3,5000,18,random,south_of_60n,equal_cell,85464,-0.6746411226527534,11.58309354314441,24.09316400929515,60.0
2014,whole_blocks_latitude_cap,3,5000,18,random,south_of_60n,spherical_cell_area,85464,-0.6831531348900962,11.568684060764808,22.830501597499385,60.0
2014,whole_blocks_latitude_cap,3,5000,18,historical_density,global,equal_cell,85464,-2.041130524154356,14.534205707409734,29.38269072650604,60.0
2014,whole_blocks_latitude_cap,3,5000,18,historical_density,global,spherical_cell_area,85464,-1.7275642013449506,14.301700674719466,27.535064366122334,60.0
2014,whole_blocks_latitude_cap,3,5000,18,historical_density,south_of_60n,equal_cell,85464,-2.041130524154356,14.534205707409734,29.38269072650604,60.0
2014,whole_blocks_latitude_cap,3,5000,18,historical_density,south_of_60n,spherical_cell_area,85464,-1.7275642013449506,14.301700674719466,27.535064366122334,60.0
2014,whole_blocks_latitude_cap,3,5000,18,spatial_coverage,global,equal_cell,85464,-0.842355194212101,11.169166636947937,21.978295544464224,60.0
2014,whole_blocks_latitude_cap,3,5000,18,spatial_coverage,global,spherical_cell_area,85464,-0.9743909570064988,11.14840935439815,21.08377150582229,60.0
2014,whole_blocks_latitude_cap,3,5000,18,spatial_coverage,south_of_60n,equal_cell,85464,-0.842355194212101,11.169166636947937,21.978295544464224,60.0
2014,whole_blocks_latitude_cap,3,5000,18,spatial_coverage,south_of_60n,spherical_cell_area,85464,-0.9743909570064988,11.14840935439815,21.08377150582229,60.0
2014,whole_blocks_latitude_cap,3,5000,19,random,global,equal_cell,85464,-0.6299733368851734,11.23204038467366,23.1025945218111,60.0
2014,whole_blocks_latitude_cap,3,5000,19,random,global,spherical_cell_area,85464,-0.6882295658951197,11.199444092971682,22.102499693375268,60.0
2014,whole_blocks_latitude_cap,3,5000,19,random,south_of_60n,equal_cell,85464,-0.6299733368851734,11.23204038467366,23.1025945218111,60.0
2014,whole_blocks_latitude_cap,3,5000,19,random,south_of_60n,spherical_cell_area,85464,-0.6882295658951197,11.199444092971682,22.102499693375268,60.0
2014,whole_blocks_latitude_cap,3,5000,19,historical_density,global,equal_cell,85464,-2.8237176861412867,14.046065752301743,28.655325747774228,60.0
2014,whole_blocks_latitude_cap,3,5000,19,historical_density,global,spherical_cell_area,85464,-2.32696669236235,13.81932568010015,26.8555995782567,60.0
2014,whole_blocks_latitude_cap,3,5000,19,historical_density,south_of_60n,equal_cell,85464,-2.8237176861412867,14.046065752301743,28.655325747774228,60.0
2014,whole_blocks_latitude_cap,3,5000,19,historical_density,south_of_60n,spherical_cell_area,85464,-2.32696669236235,13.81932568010015,26.8555995782567,60.0
2014,whole_blocks_latitude_cap,3,5000,19,spatial_coverage,global,equal_cell,85464,-0.9784371375372536,10.96625665302322,21.2757980017859,60.0
2014,whole_blocks_latitude_cap,3,5000,19,spatial_coverage,global,spherical_cell_area,85464,-0.9672745599011608,10.940510068082965,20.33278592167387,60.0
2014,whole_blocks_latitude_cap,3,5000,19,spatial_coverage,south_of_60n,equal_cell,85464,-0.9784371375372536,10.96625665302322,21.2757980017859,60.0
2014,whole_blocks_latitude_cap,3,5000,19,spatial_coverage,south_of_60n,spherical_cell_area,85464,-0.9672745599011608,10.940510068082965,20.33278592167387,60.0
2014,whole_blocks_latitude_cap,4,5000,0,random,global,equal_cell,92628,-1.1484061109988022,12.20648095251795,21.288740563897083,60.0
2014,whole_blocks_latitude_cap,4,5000,0,random,global,spherical_cell_area,92628,-1.449804187613318,12.12806218751813,21.46670350677204,60.0
2014,whole_blocks_latitude_cap,4,5000,0,random,south_of_60n,equal_cell,92628,-1.1484061109988022,12.20648095251795,21.288740563897083,60.0
2014,whole_blocks_latitude_cap,4,5000,0,random,south_of_60n,spherical_cell_area,92628,-1.449804187613318,12.12806218751813,21.46670350677204,60.0
2014,whole_blocks_latitude_cap,4,5000,0,historical_density,global,equal_cell,92628,-1.8151013043289972,13.757107597259088,23.26898436135943,60.0
2014,whole_blocks_latitude_cap,4,5000,0,historical_density,global,spherical_cell_area,92628,-1.9612364823883448,13.58827043208514,23.89261900162356,60.0
2014,whole_blocks_latitude_cap,4,5000,0,historical_density,south_of_60n,equal_cell,92628,-1.8151013043289972,13.757107597259088,23.26898436135943,60.0
2014,whole_blocks_latitude_cap,4,5000,0,historical_density,south_of_60n,spherical_cell_area,92628,-1.9612364823883448,13.58827043208514,23.89261900162356,60.0
2014,whole_blocks_latitude_cap,4,5000,0,spatial_coverage,global,equal_cell,92628,-1.201851915720151,12.374069369495349,20.658767578090984,60.0
2014,whole_blocks_latitude_cap,4,5000,0,spatial_coverage,global,spherical_cell_area,92628,-1.4797701039323132,12.31874743194661,20.981803169320127,60.0
2014,whole_blocks_latitude_cap,4,5000,0,spatial_coverage,south_of_60n,equal_cell,92628,-1.201851915720151,12.374069369495349,20.658767578090984,60.0
2014,whole_blocks_latitude_cap,4,5000,0,spatial_coverage,south_of_60n,spherical_cell_area,92628,-1.4797701039323132,12.31874743194661,20.981803169320127,60.0
2014,whole_blocks_latitude_cap,4,5000,1,random,global,equal_cell,92628,-0.7755576654193054,12.25906424402704,21.79072732858217,60.0
2014,whole_blocks_latitude_cap,4,5000,1,random,global,spherical_cell_area,92628,-1.3262019769436757,12.1274367861339,22.174801949342868,60.0
2014,whole_blocks_latitude_cap,4,5000,1,random,south_of_60n,equal_cell,92628,-0.7755576654193054,12.25906424402704,21.79072732858217,60.0
2014,whole_blocks_latitude_cap,4,5000,1,random,south_of_60n,spherical_cell_area,92628,-1.3262019769436757,12.1274367861339,22.174801949342868,60.0
2014,whole_blocks_latitude_cap,4,5000,1,historical_density,global,equal_cell,92628,-1.9985716770668176,13.788325241327316,23.514718728891854,60.0
2014,whole_blocks_latitude_cap,4,5000,1,historical_density,global,spherical_cell_area,92628,-2.028330823020872,13.65140588750985,24.20966514058406,60.0
2014,whole_blocks_latitude_cap,4,5000,1,historical_density,south_of_60n,equal_cell,92628,-1.9985716770668176,13.788325241327316,23.514718728891854,60.0
2014,whole_blocks_latitude_cap,4,5000,1,historical_density,south_of_60n,spherical_cell_area,92628,-2.028330823020872,13.65140588750985,24.20966514058406,60.0
2014,whole_blocks_latitude_cap,4,5000,1,spatial_coverage,global,equal_cell,92628,-1.9943998824201343,12.371268967917471,20.715497063651164,60.0
2014,whole_blocks_latitude_cap,4,5000,1,spatial_coverage,global,spherical_cell_area,92628,-2.3714721321123498,12.35647456615282,21.199649316636798,60.0
2014,whole_blocks_latitude_cap,4,5000,1,spatial_coverage,south_of_60n,equal_cell,92628,-1.9943998824201343,12.371268967917471,20.715497063651164,60.0
2014,whole_blocks_latitude_cap,4,5000,1,spatial_coverage,south_of_60n,spherical_cell_area,92628,-2.3714721321123498,12.35647456615282,21.199649316636798,60.0
2014,whole_blocks_latitude_cap,4,5000,2,random,global,equal_cell,92628,-1.623591480451526,11.700509571648505,21.22072621273132,60.0
2014,whole_blocks_latitude_cap,4,5000,2,random,global,spherical_cell_area,92628,-2.2604587420972164,11.64456961034104,21.919832534373384,60.0
2014,whole_blocks_latitude_cap,4,5000,2,random,south_of_60n,equal_cell,92628,-1.623591480451526,11.700509571648505,21.22072621273132,60.0
2014,whole_blocks_latitude_cap,4,5000,2,random,south_of_60n,spherical_cell_area,92628,-2.2604587420972164,11.64456961034104,21.919832534373384,60.0
2014,whole_blocks_latitude_cap,4,5000,2,historical_density,global,equal_cell,92628,-1.7704141979213326,13.529215016240116,23.01603944628141,60.0
2014,whole_blocks_latitude_cap,4,5000,2,historical_density,global,spherical_cell_area,92628,-1.904088298323595,13.49361356641895,23.726219612084694,60.0
2014,whole_blocks_latitude_cap,4,5000,2,historical_density,south_of_60n,equal_cell,92628,-1.7704141979213326,13.529215016240116,23.01603944628141,60.0
2014,whole_blocks_latitude_cap,4,5000,2,historical_density,south_of_60n,spherical_cell_area,92628,-1.904088298323595,13.49361356641895,23.726219612084694,60.0
2014,whole_blocks_latitude_cap,4,5000,2,spatial_coverage,global,equal_cell,92628,-0.8976340733390481,12.089221758304342,20.96994326756048,60.0
2014,whole_blocks_latitude_cap,4,5000,2,spatial_coverage,global,spherical_cell_area,92628,-1.28311492502975,12.104112309748755,21.57896056336149,60.0
2014,whole_blocks_latitude_cap,4,5000,2,spatial_coverage,south_of_60n,equal_cell,92628,-0.8976340733390481,12.089221758304342,20.96994326756048,60.0
2014,whole_blocks_latitude_cap,4,5000,2,spatial_coverage,south_of_60n,spherical_cell_area,92628,-1.28311492502975,12.104112309748755,21.57896056336149,60.0
2014,whole_blocks_latitude_cap,4,5000,3,random,global,equal_cell,92628,-1.285648714817825,11.375984191931137,20.09607454776189,60.0
2014,whole_blocks_latitude_cap,4,5000,3,random,global,spherical_cell_area,92628,-1.7577592679194356,11.30806221614934,20.50843933160914,60.0
2014,whole_blocks_latitude_cap,4,5000,3,random,south_of_60n,equal_cell,92628,-1.285648714817825,11.375984191931137,20.09607454776189,60.0
2014,whole_blocks_latitude_cap,4,5000,3,random,south_of_60n,spherical_cell_area,92628,-1.7577592679194356,11.30806221614934,20.50843933160914,60.0
2014,whole_blocks_latitude_cap,4,5000,3,historical_density,global,equal_cell,92628,-1.784822154067367,13.64607360955369,23.432849447803356,60.0
2014,whole_blocks_latitude_cap,4,5000,3,historical_density,global,spherical_cell_area,92628,-1.8482665290293248,13.360835919138896,24.00768262024753,60.0
2014,whole_blocks_latitude_cap,4,5000,3,historical_density,south_of_60n,equal_cell,92628,-1.784822154067367,13.64607360955369,23.432849447803356,60.0
2014,whole_blocks_latitude_cap,4,5000,3,historical_density,south_of_60n,spherical_cell_area,92628,-1.8482665290293248,13.360835919138896,24.00768262024753,60.0
2014,whole_blocks_latitude_cap,4,5000,3,spatial_coverage,global,equal_cell,92628,-1.4845492386871493,12.122759188457763,20.900139013915396,60.0
2014,whole_blocks_latitude_cap,4,5000,3,spatial_coverage,global,spherical_cell_area,92628,-1.7968749054675122,12.07960591548496,21.49239783092237,60.0
2014,whole_blocks_latitude_cap,4,5000,3,spatial_coverage,south_of_60n,equal_cell,92628,-1.4845492386871493,12.122759188457763,20.900139013915396,60.0
2014,whole_blocks_latitude_cap,4,5000,3,spatial_coverage,south_of_60n,spherical_cell_area,92628,-1.7968749054675122,12.07960591548496,21.49239783092237,60.0
2014,whole_blocks_latitude_cap,4,5000,4,random,global,equal_cell,92628,-1.554899720466913,12.181994593145502,20.735452243300813,60.0
2014,whole_blocks_latitude_cap,4,5000,4,random,global,spherical_cell_area,92628,-1.981725258506096,12.172773024332582,21.148831221879316,60.0
2014,whole_blocks_latitude_cap,4,5000,4,random,south_of_60n,equal_cell,92628,-1.554899720466913,12.181994593145502,20.735452243300813,60.0
2014,whole_blocks_latitude_cap,4,5000,4,random,south_of_60n,spherical_cell_area,92628,-1.981725258506096,12.172773024332582,21.148831221879316,60.0
2014,whole_blocks_latitude_cap,4,5000,4,historical_density,global,equal_cell,92628,-1.5996921758129938,14.159227197383084,23.437687391229385,60.0
2014,whole_blocks_latitude_cap,4,5000,4,historical_density,global,spherical_cell_area,92628,-1.750568724808897,14.010441318556026,23.97034658888436,60.0
2014,whole_blocks_latitude_cap,4,5000,4,historical_density,south_of_60n,equal_cell,92628,-1.5996921758129938,14.159227197383084,23.437687391229385,60.0
2014,whole_blocks_latitude_cap,4,5000,4,historical_density,south_of_60n,spherical_cell_area,92628,-1.750568724808897,14.010441318556026,23.97034658888436,60.0
2014,whole_blocks_latitude_cap,4,5000,4,spatial_coverage,global,equal_cell,92628,-1.7783363744105565,12.417748130308151,20.635591736576984,60.0
2014,whole_blocks_latitude_cap,4,5000,4,spatial_coverage,global,spherical_cell_area,92628,-2.1068227453803403,12.410104917661172,21.02159671521649,60.0
2014,whole_blocks_latitude_cap,4,5000,4,spatial_coverage,south_of_60n,equal_cell,92628,-1.7783363744105565,12.417748130308151,20.635591736576984,60.0
2014,whole_blocks_latitude_cap,4,5000,4,spatial_coverage,south_of_60n,spherical_cell_area,92628,-2.1068227453803403,12.410104917661172,21.02159671521649,60.0
2014,whole_blocks_latitude_cap,4,5000,5,random,global,equal_cell,92628,-0.8381932175522344,11.759273228356196,21.341550199576407,60.0
2014,whole_blocks_latitude_cap,4,5000,5,random,global,spherical_cell_area,92628,-1.588783652321106,11.653282620841582,21.93379866180535,60.0
2014,whole_blocks_latitude_cap,4,5000,5,random,south_of_60n,equal_cell,92628,-0.8381932175522344,11.759273228356196,21.341550199576407,60.0
2014,whole_blocks_latitude_cap,4,5000,5,random,south_of_60n,spherical_cell_area,92628,-1.588783652321106,11.653282620841582,21.93379866180535,60.0
2014,whole_blocks_latitude_cap,4,5000,5,historical_density,global,equal_cell,92628,-1.6423864302316142,14.002272054815409,23.416304777641155,60.0
2014,whole_blocks_latitude_cap,4,5000,5,historical_density,global,spherical_cell_area,92628,-1.610237566619308,13.850329498180026,23.952701694414262,60.0
2014,whole_blocks_latitude_cap,4,5000,5,historical_density,south_of_60n,equal_cell,92628,-1.6423864302316142,14.002272054815409,23.416304777641155,60.0
2014,whole_blocks_latitude_cap,4,5000,5,historical_density,south_of_60n,spherical_cell_area,92628,-1.610237566619308,13.850329498180026,23.952701694414262,60.0
2014,whole_blocks_latitude_cap,4,5000,5,spatial_coverage,global,equal_cell,92628,-2.011280552714628,11.938527942405244,19.84139055129286,60.0
2014,whole_blocks_latitude_cap,4,5000,5,spatial_coverage,global,spherical_cell_area,92628,-2.150891620304133,11.949297790277637,20.27946564606004,60.0
2014,whole_blocks_latitude_cap,4,5000,5,spatial_coverage,south_of_60n,equal_cell,92628,-2.011280552714628,11.938527942405244,19.84139055129286,60.0
2014,whole_blocks_latitude_cap,4,5000,5,spatial_coverage,south_of_60n,spherical_cell_area,92628,-2.150891620304133,11.949297790277637,20.27946564606004,60.0
2014,whole_blocks_latitude_cap,4,5000,6,random,global,equal_cell,92628,-0.9940453897935768,11.696261998289623,20.9326737836943,60.0
2014,whole_blocks_latitude_cap,4,5000,6,random,global,spherical_cell_area,92628,-1.5122713007601165,11.632101547460422,21.48705955182269,60.0
2014,whole_blocks_latitude_cap,4,5000,6,random,south_of_60n,equal_cell,92628,-0.9940453897935768,11.696261998289623,20.9326737836943,60.0
2014,whole_blocks_latitude_cap,4,5000,6,random,south_of_60n,spherical_cell_area,92628,-1.5122713007601165,11.632101547460422,21.48705955182269,60.0
2014,whole_blocks_latitude_cap,4,5000,6,historical_density,global,equal_cell,92628,-1.232308586380835,14.041953610929484,23.48774910830456,60.0
2014,whole_blocks_latitude_cap,4,5000,6,historical_density,global,spherical_cell_area,92628,-1.4353860679145785,14.014541430430086,24.212876684834026,60.0
2014,whole_blocks_latitude_cap,4,5000,6,historical_density,south_of_60n,equal_cell,92628,-1.232308586380835,14.041953610929484,23.48774910830456,60.0
2014,whole_blocks_latitude_cap,4,5000,6,historical_density,south_of_60n,spherical_cell_area,92628,-1.4353860679145785,14.014541430430086,24.212876684834026,60.0
2014,whole_blocks_latitude_cap,4,5000,6,spatial_coverage,global,equal_cell,92628,-0.9631757860296716,11.810201920130387,21.11197066064139,60.0
2014,whole_blocks_latitude_cap,4,5000,6,spatial_coverage,global,spherical_cell_area,92628,-1.370191944501555,11.794278779125898,21.84308968882398,60.0
2014,whole_blocks_latitude_cap,4,5000,6,spatial_coverage,south_of_60n,equal_cell,92628,-0.9631757860296716,11.810201920130387,21.11197066064139,60.0
2014,whole_blocks_latitude_cap,4,5000,6,spatial_coverage,south_of_60n,spherical_cell_area,92628,-1.370191944501555,11.794278779125898,21.84308968882398,60.0
2014,whole_blocks_latitude_cap,4,5000,7,random,global,equal_cell,92628,-1.0666282980724353,11.761048572651172,20.83091841984014,60.0
2014,whole_blocks_latitude_cap,4,5000,7,random,global,spherical_cell_area,92628,-1.6503396836900646,11.586138244792156,21.193142323437502,60.0
2014,whole_blocks_latitude_cap,4,5000,7,random,south_of_60n,equal_cell,92628,-1.0666282980724353,11.761048572651172,20.83091841984014,60.0
2014,whole_blocks_latitude_cap,4,5000,7,random,south_of_60n,spherical_cell_area,92628,-1.6503396836900646,11.586138244792156,21.193142323437502,60.0
2014,whole_blocks_latitude_cap,4,5000,7,historical_density,global,equal_cell,92628,-1.31243667432817,13.733534855629555,23.035947110387752,60.0
2014,whole_blocks_latitude_cap,4,5000,7,historical_density,global,spherical_cell_area,92628,-1.4297495266915248,13.502239921166325,23.453864571396007,60.0
2014,whole_blocks_latitude_cap,4,5000,7,historical_density,south_of_60n,equal_cell,92628,-1.31243667432817,13.733534855629555,23.035947110387752,60.0
2014,whole_blocks_latitude_cap,4,5000,7,historical_density,south_of_60n,spherical_cell_area,92628,-1.4297495266915248,13.502239921166325,23.453864571396007,60.0
2014,whole_blocks_latitude_cap,4,5000,7,spatial_coverage,global,equal_cell,92628,-1.1128850872967389,11.692190103473193,19.603208736451176,60.0
2014,whole_blocks_latitude_cap,4,5000,7,spatial_coverage,global,spherical_cell_area,92628,-1.5821736888659816,11.695825118879451,20.009510636648983,60.0
2014,whole_blocks_latitude_cap,4,5000,7,spatial_coverage,south_of_60n,equal_cell,92628,-1.1128850872967389,11.692190103473193,19.603208736451176,60.0
2014,whole_blocks_latitude_cap,4,5000,7,spatial_coverage,south_of_60n,spherical_cell_area,92628,-1.5821736888659816,11.695825118879451,20.009510636648983,60.0
2014,whole_blocks_latitude_cap,4,5000,8,random,global,equal_cell,92628,-1.0079128653163711,11.367281642853234,20.627646705878423,60.0
2014,whole_blocks_latitude_cap,4,5000,8,random,global,spherical_cell_area,92628,-1.383738917480193,11.3108241663623,21.262349462849397,60.0
2014,whole_blocks_latitude_cap,4,5000,8,random,south_of_60n,equal_cell,92628,-1.0079128653163711,11.367281642853234,20.627646705878423,60.0
2014,whole_blocks_latitude_cap,4,5000,8,random,south_of_60n,spherical_cell_area,92628,-1.383738917480193,11.3108241663623,21.262349462849397,60.0
2014,whole_blocks_latitude_cap,4,5000,8,historical_density,global,equal_cell,92628,-1.867143538227936,13.497203395818232,22.974232165136023,60.0
2014,whole_blocks_latitude_cap,4,5000,8,historical_density,global,spherical_cell_area,92628,-1.8077801534828963,13.463630431665164,23.677863498495785,60.0
2014,whole_blocks_latitude_cap,4,5000,8,historical_density,south_of_60n,equal_cell,92628,-1.867143538227936,13.497203395818232,22.974232165136023,60.0
2014,whole_blocks_latitude_cap,4,5000,8,historical_density,south_of_60n,spherical_cell_area,92628,-1.8077801534828963,13.463630431665164,23.677863498495785,60.0
2014,whole_blocks_latitude_cap,4,5000,8,spatial_coverage,global,equal_cell,92628,-1.4571745943614054,11.89789098326171,20.39157867077738,60.0
2014,whole_blocks_latitude_cap,4,5000,8,spatial_coverage,global,spherical_cell_area,92628,-1.8386546263320995,11.845217912076098,20.912735868026846,60.0
2014,whole_blocks_latitude_cap,4,5000,8,spatial_coverage,south_of_60n,equal_cell,92628,-1.4571745943614054,11.89789098326171,20.39157867077738,60.0
2014,whole_blocks_latitude_cap,4,5000,8,spatial_coverage,south_of_60n,spherical_cell_area,92628,-1.8386546263320995,11.845217912076098,20.912735868026846,60.0
2014,whole_blocks_latitude_cap,4,5000,9,random,global,equal_cell,92628,-1.0784823950101845,11.749084110902809,20.49292641798614,60.0
2014,whole_blocks_latitude_cap,4,5000,9,random,global,spherical_cell_area,92628,-1.6156100933288238,11.626589249904097,20.694008768020407,60.0
2014,whole_blocks_latitude_cap,4,5000,9,random,south_of_60n,equal_cell,92628,-1.0784823950101845,11.749084110902809,20.49292641798614,60.0
2014,whole_blocks_latitude_cap,4,5000,9,random,south_of_60n,spherical_cell_area,92628,-1.6156100933288238,11.626589249904097,20.694008768020407,60.0
2014,whole_blocks_latitude_cap,4,5000,9,historical_density,global,equal_cell,92628,-1.3888043957302385,13.651577795093168,23.041144461466512,60.0
2014,whole_blocks_latitude_cap,4,5000,9,historical_density,global,spherical_cell_area,92628,-1.3855572248450334,13.491714846658038,23.61176029947251,60.0
2014,whole_blocks_latitude_cap,4,5000,9,historical_density,south_of_60n,equal_cell,92628,-1.3888043957302385,13.651577795093168,23.041144461466512,60.0
2014,whole_blocks_latitude_cap,4,5000,9,historical_density,south_of_60n,spherical_cell_area,92628,-1.3855572248450334,13.491714846658038,23.61176029947251,60.0
2014,whole_blocks_latitude_cap,4,5000,9,spatial_coverage,global,equal_cell,92628,-1.924410993399583,12.32680690249074,20.45435882001529,60.0
2014,whole_blocks_latitude_cap,4,5000,9,spatial_coverage,global,spherical_cell_area,92628,-2.2751088045429646,12.484573018833864,21.065296680646128,60.0
2014,whole_blocks_latitude_cap,4,5000,9,spatial_coverage,south_of_60n,equal_cell,92628,-1.924410993399583,12.32680690249074,20.45435882001529,60.0
2014,whole_blocks_latitude_cap,4,5000,9,spatial_coverage,south_of_60n,spherical_cell_area,92628,-2.2751088045429646,12.484573018833864,21.065296680646128,60.0
2014,whole_blocks_latitude_cap,4,5000,10,random,global,equal_cell,92628,-0.6359407465688355,11.857014906810436,21.88895295411739,60.0
2014,whole_blocks_latitude_cap,4,5000,10,random,global,spherical_cell_area,92628,-1.1499343388669776,11.720012281968897,22.538116906452416,60.0
2014,whole_blocks_latitude_cap,4,5000,10,random,south_of_60n,equal_cell,92628,-0.6359407465688355,11.857014906810436,21.88895295411739,60.0
2014,whole_blocks_latitude_cap,4,5000,10,random,south_of_60n,spherical_cell_area,92628,-1.1499343388669776,11.720012281968897,22.538116906452416,60.0
2014,whole_blocks_latitude_cap,4,5000,10,historical_density,global,equal_cell,92628,-2.0431098511402235,13.93946534695993,23.17323051630909,60.0
2014,whole_blocks_latitude_cap,4,5000,10,historical_density,global,spherical_cell_area,92628,-1.7457867275022672,13.768675361751072,23.670129111001177,60.0
2014,whole_blocks_latitude_cap,4,5000,10,historical_density,south_of_60n,equal_cell,92628,-2.0431098511402235,13.93946534695993,23.17323051630909,60.0
2014,whole_blocks_latitude_cap,4,5000,10,historical_density,south_of_60n,spherical_cell_area,92628,-1.7457867275022672,13.768675361751072,23.670129111001177,60.0
2014,whole_blocks_latitude_cap,4,5000,10,spatial_coverage,global,equal_cell,92628,-1.4232366295543348,12.026439879026729,20.027195662008168,60.0
2014,whole_blocks_latitude_cap,4,5000,10,spatial_coverage,global,spherical_cell_area,92628,-1.7651863273842652,11.98857372897431,20.44864382401167,60.0
2014,whole_blocks_latitude_cap,4,5000,10,spatial_coverage,south_of_60n,equal_cell,92628,-1.4232366295543348,12.026439879026729,20.027195662008168,60.0
2014,whole_blocks_latitude_cap,4,5000,10,spatial_coverage,south_of_60n,spherical_cell_area,92628,-1.7651863273842652,11.98857372897431,20.44864382401167,60.0
2014,whole_blocks_latitude_cap,4,5000,11,random,global,equal_cell,92628,-0.9310344682349526,11.918038380112998,21.66059513574189,60.0
2014,whole_blocks_latitude_cap,4,5000,11,random,global,spherical_cell_area,92628,-1.7298639314513409,11.742588441224044,22.12524909499812,60.0
2014,whole_blocks_latitude_cap,4,5000,11,random,south_of_60n,equal_cell,92628,-0.9310344682349526,11.918038380112998,21.66059513574189,60.0
2014,whole_blocks_latitude_cap,4,5000,11,random,south_of_60n,spherical_cell_area,92628,-1.7298639314513409,11.742588441224044,22.12524909499812,60.0
2014,whole_blocks_latitude_cap,4,5000,11,historical_density,global,equal_cell,92628,-2.157914301939928,13.774198074394072,23.374954394260147,60.0
2014,whole_blocks_latitude_cap,4,5000,11,historical_density,global,spherical_cell_area,92628,-2.26317531558364,13.632155805914593,24.01547868885056,60.0
2014,whole_blocks_latitude_cap,4,5000,11,historical_density,south_of_60n,equal_cell,92628,-2.157914301939928,13.774198074394072,23.374954394260147,60.0
2014,whole_blocks_latitude_cap,4,5000,11,historical_density,south_of_60n,spherical_cell_area,92628,-2.26317531558364,13.632155805914593,24.01547868885056,60.0
2014,whole_blocks_latitude_cap,4,5000,11,spatial_coverage,global,equal_cell,92628,-1.7569920103304053,12.194275058086502,20.571037050243703,60.0
2014,whole_blocks_latitude_cap,4,5000,11,spatial_coverage,global,spherical_cell_area,92628,-1.9452891423550172,12.235782292055983,21.15724953287436,60.0
2014,whole_blocks_latitude_cap,4,5000,11,spatial_coverage,south_of_60n,equal_cell,92628,-1.7569920103304053,12.194275058086502,20.571037050243703,60.0
2014,whole_blocks_latitude_cap,4,5000,11,spatial_coverage,south_of_60n,spherical_cell_area,92628,-1.9452891423550172,12.235782292055983,21.15724953287436,60.0
2014,whole_blocks_latitude_cap,4,5000,12,random,global,equal_cell,92628,-0.46840635941305,11.976493909972868,20.369406588452787,60.0
2014,whole_blocks_latitude_cap,4,5000,12,random,global,spherical_cell_area,92628,-0.8908689487889864,11.85476186474067,20.533592888357628,60.0
2014,whole_blocks_latitude_cap,4,5000,12,random,south_of_60n,equal_cell,92628,-0.46840635941305,11.976493909972868,20.369406588452787,60.0
2014,whole_blocks_latitude_cap,4,5000,12,random,south_of_60n,spherical_cell_area,92628,-0.8908689487889864,11.85476186474067,20.533592888357628,60.0
2014,whole_blocks_latitude_cap,4,5000,12,historical_density,global,equal_cell,92628,-1.9141804451150453,13.757654248882853,23.5335051853162,60.0
2014,whole_blocks_latitude_cap,4,5000,12,historical_density,global,spherical_cell_area,92628,-1.9358348880766016,13.588514217201038,24.160664163537668,60.0
2014,whole_blocks_latitude_cap,4,5000,12,historical_density,south_of_60n,equal_cell,92628,-1.9141804451150453,13.757654248882853,23.5335051853162,60.0
2014,whole_blocks_latitude_cap,4,5000,12,historical_density,south_of_60n,spherical_cell_area,92628,-1.9358348880766016,13.588514217201038,24.160664163537668,60.0
2014,whole_blocks_latitude_cap,4,5000,12,spatial_coverage,global,equal_cell,92628,-1.4386604151545854,12.012005085132737,19.886382652910584,60.0
2014,whole_blocks_latitude_cap,4,5000,12,spatial_coverage,global,spherical_cell_area,92628,-1.8515790071980944,12.038164685629855,20.28339025555729,60.0
2014,whole_blocks_latitude_cap,4,5000,12,spatial_coverage,south_of_60n,equal_cell,92628,-1.4386604151545854,12.012005085132737,19.886382652910584,60.0
2014,whole_blocks_latitude_cap,4,5000,12,spatial_coverage,south_of_60n,spherical_cell_area,92628,-1.8515790071980944,12.038164685629855,20.28339025555729,60.0
2014,whole_blocks_latitude_cap,4,5000,13,random,global,equal_cell,92628,-0.5813980534408917,12.088182941553104,21.2458319984165,60.0
2014,whole_blocks_latitude_cap,4,5000,13,random,global,spherical_cell_area,92628,-1.1814981903746864,12.048257615932496,21.709012257892688,60.0
2014,whole_blocks_latitude_cap,4,5000,13,random,south_of_60n,equal_cell,92628,-0.5813980534408917,12.088182941553104,21.2458319984165,60.0
2014,whole_blocks_latitude_cap,4,5000,13,random,south_of_60n,spherical_cell_area,92628,-1.1814981903746864,12.048257615932496,21.709012257892688,60.0
2014,whole_blocks_latitude_cap,4,5000,13,historical_density,global,equal_cell,92628,-2.069736950893297,13.82674254046627,23.68564277250493,60.0
2014,whole_blocks_latitude_cap,4,5000,13,historical_density,global,spherical_cell_area,92628,-1.9462991322883505,13.734144360228925,24.357783780871976,60.0
2014,whole_blocks_latitude_cap,4,5000,13,historical_density,south_of_60n,equal_cell,92628,-2.069736950893297,13.82674254046627,23.68564277250493,60.0
2014,whole_blocks_latitude_cap,4,5000,13,historical_density,south_of_60n,spherical_cell_area,92628,-1.9462991322883505,13.734144360228925,24.357783780871976,60.0
2014,whole_blocks_latitude_cap,4,5000,13,spatial_coverage,global,equal_cell,92628,-0.634081360244658,12.060635345472992,21.334159988497998,60.0
2014,whole_blocks_latitude_cap,4,5000,13,spatial_coverage,global,spherical_cell_area,92628,-1.0538138615791046,11.9817155571937,22.00996049114612,60.0
2014,whole_blocks_latitude_cap,4,5000,13,spatial_coverage,south_of_60n,equal_cell,92628,-0.634081360244658,12.060635345472992,21.334159988497998,60.0
2014,whole_blocks_latitude_cap,4,5000,13,spatial_coverage,south_of_60n,spherical_cell_area,92628,-1.0538138615791046,11.9817155571937,22.00996049114612,60.0
2014,whole_blocks_latitude_cap,4,5000,14,random,global,equal_cell,92628,-1.0652349769099922,12.501983986679493,21.90289377816871,60.0
2014,whole_blocks_latitude_cap,4,5000,14,random,global,spherical_cell_area,92628,-1.614192502662959,12.440354995158348,22.40751709365726,60.0
2014,whole_blocks_latitude_cap,4,5000,14,random,south_of_60n,equal_cell,92628,-1.0652349769099922,12.501983986679493,21.90289377816871,60.0
2014,whole_blocks_latitude_cap,4,5000,14,random,south_of_60n,spherical_cell_area,92628,-1.614192502662959,12.440354995158348,22.40751709365726,60.0
2014,whole_blocks_latitude_cap,4,5000,14,historical_density,global,equal_cell,92628,-1.5796078385666017,14.26151754038703,24.106716657603048,60.0
2014,whole_blocks_latitude_cap,4,5000,14,historical_density,global,spherical_cell_area,92628,-1.683663724738976,14.133296804364225,24.73680234482077,60.0
2014,whole_blocks_latitude_cap,4,5000,14,historical_density,south_of_60n,equal_cell,92628,-1.5796078385666017,14.26151754038703,24.106716657603048,60.0
2014,whole_blocks_latitude_cap,4,5000,14,historical_density,south_of_60n,spherical_cell_area,92628,-1.683663724738976,14.133296804364225,24.73680234482077,60.0
2014,whole_blocks_latitude_cap,4,5000,14,spatial_coverage,global,equal_cell,92628,-1.4314948947382076,11.95733329806973,19.842542574151413,60.0
2014,whole_blocks_latitude_cap,4,5000,14,spatial_coverage,global,spherical_cell_area,92628,-1.781835080727148,11.936051377274673,20.172871574226125,60.0
2014,whole_blocks_latitude_cap,4,5000,14,spatial_coverage,south_of_60n,equal_cell,92628,-1.4314948947382076,11.95733329806973,19.842542574151413,60.0
2014,whole_blocks_latitude_cap,4,5000,14,spatial_coverage,south_of_60n,spherical_cell_area,92628,-1.781835080727148,11.936051377274673,20.172871574226125,60.0
2014,whole_blocks_latitude_cap,4,5000,15,random,global,equal_cell,92628,-0.9271173915806844,12.341484137338329,21.727593636819268,60.0
2014,whole_blocks_latitude_cap,4,5000,15,random,global,spherical_cell_area,92628,-1.3689917968870606,12.21289093705506,22.124057142825468,60.0
2014,whole_blocks_latitude_cap,4,5000,15,random,south_of_60n,equal_cell,92628,-0.9271173915806844,12.341484137338329,21.727593636819268,60.0
2014,whole_blocks_latitude_cap,4,5000,15,random,south_of_60n,spherical_cell_area,92628,-1.3689917968870606,12.21289093705506,22.124057142825468,60.0
2014,whole_blocks_latitude_cap,4,5000,15,historical_density,global,equal_cell,92628,-2.2126686466647176,13.97524495787771,23.472037717919463,60.0
2014,whole_blocks_latitude_cap,4,5000,15,historical_density,global,spherical_cell_area,92628,-2.298949234738584,13.792625594558002,24.05214001384258,60.0
2014,whole_blocks_latitude_cap,4,5000,15,historical_density,south_of_60n,equal_cell,92628,-2.2126686466647176,13.97524495787771,23.472037717919463,60.0
2014,whole_blocks_latitude_cap,4,5000,15,historical_density,south_of_60n,spherical_cell_area,92628,-2.298949234738584,13.792625594558002,24.05214001384258,60.0
2014,whole_blocks_latitude_cap,4,5000,15,spatial_coverage,global,equal_cell,92628,-0.56173775722744,11.886622526766732,20.959205118726327,60.0
2014,whole_blocks_latitude_cap,4,5000,15,spatial_coverage,global,spherical_cell_area,92628,-1.0845830339722458,11.920666359406686,21.64295419109584,60.0
2014,whole_blocks_latitude_cap,4,5000,15,spatial_coverage,south_of_60n,equal_cell,92628,-0.56173775722744,11.886622526766732,20.959205118726327,60.0
2014,whole_blocks_latitude_cap,4,5000,15,spatial_coverage,south_of_60n,spherical_cell_area,92628,-1.0845830339722458,11.920666359406686,21.64295419109584,60.0
2014,whole_blocks_latitude_cap,4,5000,16,random,global,equal_cell,92628,-0.3066191124715518,11.755876260466428,20.8742327774094,60.0
2014,whole_blocks_latitude_cap,4,5000,16,random,global,spherical_cell_area,92628,-0.9938986057521056,11.642305358186542,21.171338336439373,60.0
2014,whole_blocks_latitude_cap,4,5000,16,random,south_of_60n,equal_cell,92628,-0.3066191124715518,11.755876260466428,20.8742327774094,60.0
2014,whole_blocks_latitude_cap,4,5000,16,random,south_of_60n,spherical_cell_area,92628,-0.9938986057521056,11.642305358186542,21.171338336439373,60.0
2014,whole_blocks_latitude_cap,4,5000,16,historical_density,global,equal_cell,92628,-1.785147293025618,14.00928580382038,23.52361414214121,60.0
2014,whole_blocks_latitude_cap,4,5000,16,historical_density,global,spherical_cell_area,92628,-1.802144694838527,13.928346070926876,24.200121541887,60.0
2014,whole_blocks_latitude_cap,4,5000,16,historical_density,south_of_60n,equal_cell,92628,-1.785147293025618,14.00928580382038,23.52361414214121,60.0
2014,whole_blocks_latitude_cap,4,5000,16,historical_density,south_of_60n,spherical_cell_area,92628,-1.802144694838527,13.928346070926876,24.200121541887,60.0
2014,whole_blocks_latitude_cap,4,5000,16,spatial_coverage,global,equal_cell,92628,-0.5973633733910022,12.596938655979203,21.70753263883643,60.0
2014,whole_blocks_latitude_cap,4,5000,16,spatial_coverage,global,spherical_cell_area,92628,-1.0095688490074783,12.585949083777674,22.34037501144167,60.0
2014,whole_blocks_latitude_cap,4,5000,16,spatial_coverage,south_of_60n,equal_cell,92628,-0.5973633733910022,12.596938655979203,21.70753263883643,60.0
2014,whole_blocks_latitude_cap,4,5000,16,spatial_coverage,south_of_60n,spherical_cell_area,92628,-1.0095688490074783,12.585949083777674,22.34037501144167,60.0
2014,whole_blocks_latitude_cap,4,5000,17,random,global,equal_cell,92628,-1.5350938674994603,12.314483516241364,21.16562166239703,60.0
2014,whole_blocks_latitude_cap,4,5000,17,random,global,spherical_cell_area,92628,-2.1081519748462334,12.256332798415354,21.63235460962849,60.0
2014,whole_blocks_latitude_cap,4,5000,17,random,south_of_60n,equal_cell,92628,-1.5350938674994603,12.314483516241364,21.16562166239703,60.0
2014,whole_blocks_latitude_cap,4,5000,17,random,south_of_60n,spherical_cell_area,92628,-2.1081519748462334,12.256332798415354,21.63235460962849,60.0
2014,whole_blocks_latitude_cap,4,5000,17,historical_density,global,equal_cell,92628,-1.462123212908626,14.065870319536444,23.337380833226323,60.0
2014,whole_blocks_latitude_cap,4,5000,17,historical_density,global,spherical_cell_area,92628,-1.281214767070667,13.939496303155217,23.90656002042886,60.0
2014,whole_blocks_latitude_cap,4,5000,17,historical_density,south_of_60n,equal_cell,92628,-1.462123212908626,14.065870319536444,23.337380833226323,60.0
2014,whole_blocks_latitude_cap,4,5000,17,historical_density,south_of_60n,spherical_cell_area,92628,-1.281214767070667,13.939496303155217,23.90656002042886,60.0
2014,whole_blocks_latitude_cap,4,5000,17,spatial_coverage,global,equal_cell,92628,-1.2786548181083948,12.225016005021468,20.485099289494464,60.0
2014,whole_blocks_latitude_cap,4,5000,17,spatial_coverage,global,spherical_cell_area,92628,-1.5930710699865462,12.141702658304016,20.823594269613324,60.0
2014,whole_blocks_latitude_cap,4,5000,17,spatial_coverage,south_of_60n,equal_cell,92628,-1.2786548181083948,12.225016005021468,20.485099289494464,60.0
2014,whole_blocks_latitude_cap,4,5000,17,spatial_coverage,south_of_60n,spherical_cell_area,92628,-1.5930710699865462,12.141702658304016,20.823594269613324,60.0
2014,whole_blocks_latitude_cap,4,5000,18,random,global,equal_cell,92628,-1.2233972009744938,11.827164133246503,21.384633139993664,60.0
2014,whole_blocks_latitude_cap,4,5000,18,random,global,spherical_cell_area,92628,-1.64183987748519,11.74542042684236,21.981487561484045,60.0
2014,whole_blocks_latitude_cap,4,5000,18,random,south_of_60n,equal_cell,92628,-1.2233972009744938,11.827164133246503,21.384633139993664,60.0
2014,whole_blocks_latitude_cap,4,5000,18,random,south_of_60n,spherical_cell_area,92628,-1.64183987748519,11.74542042684236,21.981487561484045,60.0
2014,whole_blocks_latitude_cap,4,5000,18,historical_density,global,equal_cell,92628,-1.6916202573232495,13.478887975388542,22.894959998655064,60.0
2014,whole_blocks_latitude_cap,4,5000,18,historical_density,global,spherical_cell_area,92628,-1.785628903847459,13.352621291627331,23.48712930305239,60.0
2014,whole_blocks_latitude_cap,4,5000,18,historical_density,south_of_60n,equal_cell,92628,-1.6916202573232495,13.478887975388542,22.894959998655064,60.0
2014,whole_blocks_latitude_cap,4,5000,18,historical_density,south_of_60n,spherical_cell_area,92628,-1.785628903847459,13.352621291627331,23.48712930305239,60.0
2014,whole_blocks_latitude_cap,4,5000,18,spatial_coverage,global,equal_cell,92628,-1.432877911469545,12.440460394436831,21.557085838633053,60.0
2014,whole_blocks_latitude_cap,4,5000,18,spatial_coverage,global,spherical_cell_area,92628,-1.9656376221006355,12.487639402695942,22.325577625591286,60.0
2014,whole_blocks_latitude_cap,4,5000,18,spatial_coverage,south_of_60n,equal_cell,92628,-1.432877911469545,12.440460394436831,21.557085838633053,60.0
2014,whole_blocks_latitude_cap,4,5000,18,spatial_coverage,south_of_60n,spherical_cell_area,92628,-1.9656376221006355,12.487639402695942,22.325577625591286,60.0
2014,whole_blocks_latitude_cap,4,5000,19,random,global,equal_cell,92628,-1.1440419517152598,12.01624862967284,20.82652264806179,60.0
2014,whole_blocks_latitude_cap,4,5000,19,random,global,spherical_cell_area,92628,-1.5616867475362932,11.891144217838283,20.95829038733349,60.0
2014,whole_blocks_latitude_cap,4,5000,19,random,south_of_60n,equal_cell,92628,-1.1440419517152598,12.01624862967284,20.82652264806179,60.0
2014,whole_blocks_latitude_cap,4,5000,19,random,south_of_60n,spherical_cell_area,92628,-1.5616867475362932,11.891144217838283,20.95829038733349,60.0
2014,whole_blocks_latitude_cap,4,5000,19,historical_density,global,equal_cell,92628,-1.647241992253884,13.82945694107632,23.538011749658107,60.0
2014,whole_blocks_latitude_cap,4,5000,19,historical_density,global,spherical_cell_area,92628,-1.769197012828125,13.706052970933804,24.262948927866955,60.0
2014,whole_blocks_latitude_cap,4,5000,19,historical_density,south_of_60n,equal_cell,92628,-1.647241992253884,13.82945694107632,23.538011749658107,60.0
2014,whole_blocks_latitude_cap,4,5000,19,historical_density,south_of_60n,spherical_cell_area,92628,-1.769197012828125,13.706052970933804,24.262948927866955,60.0
2014,whole_blocks_latitude_cap,4,5000,19,spatial_coverage,global,equal_cell,92628,-1.1777411908804236,11.92937637085041,20.1072400905394,60.0
2014,whole_blocks_latitude_cap,4,5000,19,spatial_coverage,global,spherical_cell_area,92628,-1.569465585131031,11.902463660358944,20.59066098752609,60.0
2014,whole_blocks_latitude_cap,4,5000,19,spatial_coverage,south_of_60n,equal_cell,92628,-1.1777411908804236,11.92937637085041,20.1072400905394,60.0
2014,whole_blocks_latitude_cap,4,5000,19,spatial_coverage,south_of_60n,spherical_cell_area,92628,-1.569465585131031,11.902463660358944,20.59066098752609,60.0
