year,validation_scheme,spatial_fold,budget,seed,strategy,domain,weighting,n_evaluation,bias,mae,rmse,latitude_cutoff_degrees_north
2005,hidden_cells,-1,5000,0,random,global,equal_cell,97488,0.2336506647550118,11.141723891418655,26.032258269693298,60.0
2005,hidden_cells,-1,5000,0,random,global,spherical_cell_area,97488,0.2297318534558041,10.298309861639272,23.55086785357576,60.0
2005,hidden_cells,-1,5000,0,random,south_of_60n,equal_cell,87025,0.1864405005514227,10.106538069762758,23.147159129536856,60.0
2005,hidden_cells,-1,5000,0,random,south_of_60n,spherical_cell_area,87025,0.1810734475574768,9.83305760567759,22.01629284115148,60.0
2005,hidden_cells,-1,5000,0,random,60_to_90n,equal_cell,10463,0.6263166821321828,19.75178277793349,43.10236784989773,60.0
2005,hidden_cells,-1,5000,0,random,60_to_90n,spherical_cell_area,10463,1.4699189739239502,22.156484106354142,48.34145932172103,60.0
2005,hidden_cells,-1,5000,0,historical_density,global,equal_cell,97488,-4.580325860287251,15.727387228874449,34.59330038246272,60.0
2005,hidden_cells,-1,5000,0,historical_density,global,spherical_cell_area,97488,-1.548594660816636,12.830941528936208,29.010912595216197,60.0
2005,hidden_cells,-1,5000,0,historical_density,south_of_60n,equal_cell,87025,-0.5398117559161648,12.037999671766428,27.11644680818764,60.0
2005,hidden_cells,-1,5000,0,historical_density,south_of_60n,spherical_cell_area,87025,-0.3180594512649168,11.627947072254612,25.822879621070584,60.0
2005,hidden_cells,-1,5000,0,historical_density,60_to_90n,equal_cell,10463,-38.18691478630214,46.41351474080462,70.95282239157855,60.0
2005,hidden_cells,-1,5000,0,historical_density,60_to_90n,spherical_cell_area,10463,-32.91201255324439,43.49241108649886,72.78168634760348,60.0
2005,hidden_cells,-1,5000,1,random,global,equal_cell,97488,-0.3688723211802269,10.150775611517124,25.43076209136906,60.0
2005,hidden_cells,-1,5000,1,random,global,spherical_cell_area,97488,-0.2784769232985329,9.60953366862647,23.570191928855767,60.0
2005,hidden_cells,-1,5000,1,random,south_of_60n,equal_cell,87025,-0.2976307001986149,9.569615182021735,23.69245427950198,60.0
2005,hidden_cells,-1,5000,1,random,south_of_60n,spherical_cell_area,87025,-0.2479535003570165,9.318864110794,22.596298003091373,60.0
2005,hidden_cells,-1,5000,1,random,60_to_90n,equal_cell,10463,-0.9614176777629267,14.984521800644153,36.83690233234762,60.0
2005,hidden_cells,-1,5000,1,random,60_to_90n,spherical_cell_area,10463,-1.0564464294054274,17.01800986674195,41.24936012861881,60.0
2005,hidden_cells,-1,5000,1,historical_density,global,equal_cell,97488,-5.099736671790308,16.022934420605512,35.700839149646775,60.0
2005,hidden_cells,-1,5000,1,historical_density,global,spherical_cell_area,97488,-1.674660668514115,12.751739406076476,29.33555845169517,60.0
2005,hidden_cells,-1,5000,1,historical_density,south_of_60n,equal_cell,87025,-0.4055009044631185,11.826998554582287,26.961397612734014,60.0
2005,hidden_cells,-1,5000,1,historical_density,south_of_60n,spherical_cell_area,87025,-0.2387073095378794,11.421700149604304,25.67281680254581,60.0
2005,hidden_cells,-1,5000,1,historical_density,60_to_90n,equal_cell,10463,-44.14359289387276,50.92222895760932,76.35073376448308,60.0
2005,hidden_cells,-1,5000,1,historical_density,60_to_90n,spherical_cell_area,10463,-38.27369897479196,46.65127896436922,77.43293050912308,60.0
2005,hidden_cells,-1,5000,2,random,global,equal_cell,97488,0.9475592683017892,11.76244967386422,30.80534577226959,60.0
2005,hidden_cells,-1,5000,2,random,global,spherical_cell_area,97488,0.9220718137333344,10.816553734326204,27.720198522113183,60.0
2005,hidden_cells,-1,5000,2,random,south_of_60n,equal_cell,87025,0.8465318203531627,10.653247566798584,27.48510663741324,60.0
2005,hidden_cells,-1,5000,2,random,south_of_60n,spherical_cell_area,87025,0.8009989753496554,10.276646886252808,25.697255147508752,60.0
2005,hidden_cells,-1,5000,2,random,60_to_90n,equal_cell,10463,1.7878453867887636,20.98813192249145,50.58364465269235,60.0
2005,hidden_cells,-1,5000,2,random,60_to_90n,spherical_cell_area,10463,4.007930711694512,24.57749610124818,59.35161595833831,60.0
2005,hidden_cells,-1,5000,2,historical_density,global,equal_cell,97488,-4.842970716232021,15.62142339727672,34.65295807069796,60.0
2005,hidden_cells,-1,5000,2,historical_density,global,spherical_cell_area,97488,-1.6048432177892509,12.59310393476825,28.88046220629424,60.0
2005,hidden_cells,-1,5000,2,historical_density,south_of_60n,equal_cell,87025,-0.427201603419847,11.836734186542463,27.018143706120423,60.0
2005,hidden_cells,-1,5000,2,historical_density,south_of_60n,spherical_cell_area,87025,-0.2492665714883146,11.383195681002988,25.663378014305263,60.0
2005,hidden_cells,-1,5000,2,historical_density,60_to_90n,equal_cell,10463,-41.57070722033977,47.10021328202762,71.53359877021174,60.0
2005,hidden_cells,-1,5000,2,historical_density,60_to_90n,spherical_cell_area,10463,-36.15527014839312,43.43078974805055,72.84537425295905,60.0
2005,hidden_cells,-1,5000,3,random,global,equal_cell,97488,0.2283031077646536,10.425608650719242,25.21675530973144,60.0
2005,hidden_cells,-1,5000,3,random,global,spherical_cell_area,97488,-0.0250791989586234,9.689671425862384,23.242454407261626,60.0
2005,hidden_cells,-1,5000,3,random,south_of_60n,equal_cell,87025,-0.1919264262435324,9.542747894403236,23.16632587168144,60.0
2005,hidden_cells,-1,5000,3,random,south_of_60n,spherical_cell_area,87025,-0.2007258133408708,9.293958837113802,22.16826951791783,60.0
2005,hidden_cells,-1,5000,3,random,60_to_90n,equal_cell,10463,3.7235219930807575,17.768718401115933,38.22331656896254,60.0
2005,hidden_cells,-1,5000,3,random,60_to_90n,spherical_cell_area,10463,4.451735544332963,19.77544482745196,42.23133375961466,60.0
2005,hidden_cells,-1,5000,3,historical_density,global,equal_cell,97488,-5.57715751742732,16.206580799126076,36.50490965978283,60.0
2005,hidden_cells,-1,5000,3,historical_density,global,spherical_cell_area,97488,-2.2136927829607176,12.847570426372853,29.94991343261366,60.0
2005,hidden_cells,-1,5000,3,historical_density,south_of_60n,equal_cell,87025,-0.9828411099081265,11.94364329900992,27.527231866936525,60.0
2005,hidden_cells,-1,5000,3,historical_density,south_of_60n,spherical_cell_area,87025,-0.7420047412574408,11.44580038938262,26.054305709394765,60.0
2005,hidden_cells,-1,5000,3,historical_density,60_to_90n,equal_cell,10463,-43.78994403796233,51.663155008015366,78.19175697739261,60.0
2005,hidden_cells,-1,5000,3,historical_density,60_to_90n,spherical_cell_area,10463,-39.72352322173658,48.57535709834029,80.3594676222685,60.0
2005,hidden_cells,-1,5000,4,random,global,equal_cell,97488,0.0995454536507992,10.571868704477556,25.385104280106876,60.0
2005,hidden_cells,-1,5000,4,random,global,spherical_cell_area,97488,0.1515016683300536,9.881671952390349,23.363978186883354,60.0
2005,hidden_cells,-1,5000,4,random,south_of_60n,equal_cell,87025,0.1013901556544713,9.750317584727636,23.306309797745453,60.0
2005,hidden_cells,-1,5000,4,random,south_of_60n,spherical_cell_area,87025,0.1390480361565962,9.486901912629577,22.233596958557165,60.0
2005,hidden_cells,-1,5000,4,random,60_to_90n,equal_cell,10463,0.0842023214832019,17.4050414270463,38.55238692488318,60.0
2005,hidden_cells,-1,5000,4,random,60_to_90n,spherical_cell_area,10463,0.4689151540254498,19.94342202042617,43.12278917247992,60.0
2005,hidden_cells,-1,5000,4,historical_density,global,equal_cell,97488,-4.314979162614247,15.634571112167588,34.27715824294452,60.0
2005,hidden_cells,-1,5000,4,historical_density,global,spherical_cell_area,97488,-1.1646814116455118,12.752389118556565,28.65671621130927,60.0
2005,hidden_cells,-1,5000,4,historical_density,south_of_60n,equal_cell,87025,-0.1337240132062621,11.94742358463351,26.69364779475597,60.0
2005,hidden_cells,-1,5000,4,historical_density,south_of_60n,spherical_cell_area,87025,0.111595296042893,11.574975464434669,25.45207342644304,60.0
2005,hidden_cells,-1,5000,4,historical_density,60_to_90n,equal_cell,10463,-39.09216824578636,46.30206739274229,70.85664809247747,60.0
2005,hidden_cells,-1,5000,4,historical_density,60_to_90n,spherical_cell_area,10463,-33.69394137827867,42.76186481647504,72.39298656129213,60.0
2005,hidden_cells,-1,5000,5,random,global,equal_cell,97488,0.2604314812207225,10.228225338086256,24.938003102066784,60.0
2005,hidden_cells,-1,5000,5,random,global,spherical_cell_area,97488,0.1705084209006719,9.710247307227466,23.143469722147746,60.0
2005,hidden_cells,-1,5000,5,random,south_of_60n,equal_cell,87025,0.3246104911507825,9.66744477631434,23.18171561084362,60.0
2005,hidden_cells,-1,5000,5,random,south_of_60n,spherical_cell_area,87025,0.2073491715967713,9.440299419295,22.186808345820115,60.0
2005,hidden_cells,-1,5000,5,random,60_to_90n,equal_cell,10463,-0.2733712846364383,14.892463930096268,36.39814501889697,60.0
2005,hidden_cells,-1,5000,5,random,60_to_90n,spherical_cell_area,10463,-0.768474755349477,16.590577388549157,40.50814097113903,60.0
2005,hidden_cells,-1,5000,5,historical_density,global,equal_cell,97488,-4.395416158898391,15.529845995935617,34.183895254284295,60.0
2005,hidden_cells,-1,5000,5,historical_density,global,spherical_cell_area,97488,-1.5836544429116863,12.835023334021834,28.90641198862395,60.0
2005,hidden_cells,-1,5000,5,historical_density,south_of_60n,equal_cell,87025,-0.6046449494929615,12.023269102685967,27.120941665605347,60.0
2005,hidden_cells,-1,5000,5,historical_density,south_of_60n,spherical_cell_area,87025,-0.4038322009278703,11.704196952775424,25.89663059598933,60.0
2005,hidden_cells,-1,5000,5,historical_density,60_to_90n,equal_cell,10463,-35.92479248485726,44.69546332701181,69.06459511303177,60.0
2005,hidden_cells,-1,5000,5,historical_density,60_to_90n,spherical_cell_area,10463,-31.654519320967168,41.65710016978613,70.99043043704711,60.0
2005,hidden_cells,-1,5000,6,random,global,equal_cell,97488,-0.2507609548287342,10.17725085829638,25.494411457153287,60.0
2005,hidden_cells,-1,5000,6,random,global,spherical_cell_area,97488,-0.1144971189622967,9.634410743730054,23.565807681636414,60.0
2005,hidden_cells,-1,5000,6,random,south_of_60n,equal_cell,87025,-0.0835671122736883,9.543893460459842,23.569412987169837,60.0
2005,hidden_cells,-1,5000,6,random,south_of_60n,spherical_cell_area,87025,-0.0424781378824608,9.324246537558263,22.50701818041634,60.0
2005,hidden_cells,-1,5000,6,random,60_to_90n,equal_cell,10463,-1.6413797207995704,15.445140330409984,37.88832847205787,60.0
2005,hidden_cells,-1,5000,6,random,60_to_90n,spherical_cell_area,10463,-1.950089779993588,17.53975919530567,42.41072811450238,60.0
2005,hidden_cells,-1,5000,6,historical_density,global,equal_cell,97488,-5.304002489023705,16.26154680571819,35.522050652797766,60.0
2005,hidden_cells,-1,5000,6,historical_density,global,spherical_cell_area,97488,-1.857276659754773,13.019960984517208,29.272886059073763,60.0
2005,hidden_cells,-1,5000,6,historical_density,south_of_60n,equal_cell,87025,-0.6320578110736945,12.179658785660047,27.044937308993585,60.0
2005,hidden_cells,-1,5000,6,historical_density,south_of_60n,spherical_cell_area,87025,-0.3853208655236209,11.702276864257902,25.671717645151706,60.0
2005,hidden_cells,-1,5000,6,historical_density,60_to_90n,equal_cell,10463,-44.162454711005886,50.21225931126729,75.32106522946762,60.0
2005,hidden_cells,-1,5000,6,historical_density,60_to_90n,spherical_cell_area,10463,-39.3739314741018,46.60459748505581,76.81148753686706,60.0
2005,hidden_cells,-1,5000,7,random,global,equal_cell,97488,-0.0668068992478049,10.658162080321684,25.76136357140929,60.0
2005,hidden_cells,-1,5000,7,random,global,spherical_cell_area,97488,-0.0292887680260834,10.051512592832298,23.89021196895693,60.0
2005,hidden_cells,-1,5000,7,random,south_of_60n,equal_cell,87025,-0.0364796933983043,9.993226446506036,23.931307881645584,60.0
2005,hidden_cells,-1,5000,7,random,south_of_60n,spherical_cell_area,87025,-0.0234578614371563,9.737643195107085,22.8883705963988,60.0
2005,hidden_cells,-1,5000,7,random,60_to_90n,equal_cell,10463,-0.31905052813558,16.188700504560106,37.68335908388695,60.0
2005,hidden_cells,-1,5000,7,random,60_to_90n,spherical_cell_area,10463,-0.1779047187284229,18.051297571017937,42.01443253995024,60.0
2005,hidden_cells,-1,5000,7,historical_density,global,equal_cell,97488,-4.725207722899067,16.206517656369282,34.87936549068336,60.0
2005,hidden_cells,-1,5000,7,historical_density,global,spherical_cell_area,97488,-1.6408471659119437,13.361762155612414,29.28335659017936,60.0
2005,hidden_cells,-1,5000,7,historical_density,south_of_60n,equal_cell,87025,-0.6114334039416391,12.413140677710702,27.24255229269681,60.0
2005,hidden_cells,-1,5000,7,historical_density,south_of_60n,spherical_cell_area,87025,-0.3787107747729788,12.14784703649012,26.090535267405656,60.0
2005,hidden_cells,-1,5000,7,historical_density,60_to_90n,equal_cell,10463,-38.94113146439483,47.75756721842251,71.85025271337203,60.0
2005,hidden_cells,-1,5000,7,historical_density,60_to_90n,spherical_cell_area,10463,-33.809704070829504,44.30157344377409,73.2372843928843,60.0
2005,hidden_cells,-1,5000,8,random,global,equal_cell,97488,-0.0208341093680325,11.686263688408213,30.112919818745404,60.0
2005,hidden_cells,-1,5000,8,random,global,spherical_cell_area,97488,0.1418026056943893,10.71952720466358,26.08114412616992,60.0
2005,hidden_cells,-1,5000,8,random,south_of_60n,equal_cell,87025,0.2901281900113094,10.54191779156715,25.09489399149772,60.0
2005,hidden_cells,-1,5000,8,random,south_of_60n,spherical_cell_area,87025,0.2201331975305896,10.194816357437444,23.545572819642828,60.0
2005,hidden_cells,-1,5000,8,random,60_to_90n,equal_cell,10463,-2.60723323996989,21.20425104123185,56.66563024108466,60.0
2005,hidden_cells,-1,5000,8,random,60_to_90n,spherical_cell_area,10463,-1.854658012783086,24.093159626151355,62.34891115607199,60.0
2005,hidden_cells,-1,5000,8,historical_density,global,equal_cell,97488,-5.684550749260303,16.667636923004153,36.40419553114286,60.0
2005,hidden_cells,-1,5000,8,historical_density,global,spherical_cell_area,97488,-1.8731163264331527,13.199209582669669,29.656949659692145,60.0
2005,hidden_cells,-1,5000,8,historical_density,south_of_60n,equal_cell,87025,-0.4755777453373776,12.091527165870112,27.10632140672019,60.0
2005,hidden_cells,-1,5000,8,historical_density,south_of_60n,spherical_cell_area,87025,-0.2616498515245114,11.765710012081804,25.893791874300856,60.0
2005,hidden_cells,-1,5000,8,historical_density,60_to_90n,equal_cell,10463,-49.00968461778678,54.72899137340941,78.97340704937378,60.0
2005,hidden_cells,-1,5000,8,historical_density,60_to_90n,spherical_cell_area,10463,-42.94556681780035,49.73570665481881,78.78848648923118,60.0
2005,hidden_cells,-1,5000,9,random,global,equal_cell,97488,-0.2370000661645353,10.230934607855188,25.33747696690436,60.0
2005,hidden_cells,-1,5000,9,random,global,spherical_cell_area,97488,-0.0949221732899763,9.613798131542865,23.419162122108983,60.0
2005,hidden_cells,-1,5000,9,random,south_of_60n,equal_cell,87025,0.0277733716600685,9.590594544549564,23.392599153016786,60.0
2005,hidden_cells,-1,5000,9,random,south_of_60n,spherical_cell_area,87025,-0.0062271552416776,9.306049360503788,22.367047545847072,60.0
2005,hidden_cells,-1,5000,9,random,60_to_90n,equal_cell,10463,-2.439227766316132,15.55690173097206,37.8188017875451,60.0
2005,hidden_cells,-1,5000,9,random,60_to_90n,spherical_cell_area,10463,-2.3555473828998754,17.457582882322814,42.14564715773115,60.0
2005,hidden_cells,-1,5000,9,historical_density,global,equal_cell,97488,-5.5611932498995325,16.17060927378677,36.112011161314975,60.0
2005,hidden_cells,-1,5000,9,historical_density,global,spherical_cell_area,97488,-2.0583890400721048,12.880527186370728,29.584457918914826,60.0
2005,hidden_cells,-1,5000,9,historical_density,south_of_60n,equal_cell,87025,-0.9751166793854568,11.93653584026096,27.187520469876187,60.0
2005,hidden_cells,-1,5000,9,historical_density,south_of_60n,spherical_cell_area,87025,-0.6516726663260556,11.55080370795087,25.902794915278104,60.0
2005,hidden_cells,-1,5000,9,historical_density,60_to_90n,equal_cell,10463,-43.70544571563474,51.38710937438733,77.47717551334686,60.0
2005,hidden_cells,-1,5000,9,historical_density,60_to_90n,spherical_cell_area,10463,-37.91224608004295,46.77201831261616,77.98710537828151,60.0
2005,hidden_cells,-1,5000,10,random,global,equal_cell,97488,0.2774211619575901,10.646248330954258,25.59923898384592,60.0
2005,hidden_cells,-1,5000,10,random,global,spherical_cell_area,97488,-0.0173682239524949,9.912633289732144,23.52710448290197,60.0
2005,hidden_cells,-1,5000,10,random,south_of_60n,equal_cell,87025,0.0504971302113694,9.786019694074556,23.29067084109212,60.0
2005,hidden_cells,-1,5000,10,random,south_of_60n,spherical_cell_area,87025,-0.1220852045183975,9.493998852697782,22.263144971554205,60.0
2005,hidden_cells,-1,5000,10,random,60_to_90n,equal_cell,10463,2.16484005354842,17.80111759640929,39.925813518246805,60.0
2005,hidden_cells,-1,5000,10,random,60_to_90n,spherical_cell_area,10463,2.651618731014921,20.58263012603001,45.04078555335781,60.0
2005,hidden_cells,-1,5000,10,historical_density,global,equal_cell,97488,-5.595935039457836,16.5094377681693,36.36316217545258,60.0
2005,hidden_cells,-1,5000,10,historical_density,global,spherical_cell_area,97488,-2.0960120158692632,13.157498813830315,29.800092670081952,60.0
2005,hidden_cells,-1,5000,10,historical_density,south_of_60n,equal_cell,87025,-0.7358650142225953,12.200471036378046,27.38023158993699,60.0
2005,hidden_cells,-1,5000,10,historical_density,south_of_60n,spherical_cell_area,87025,-0.6113180719868346,11.80581149783213,26.12359229690532,60.0
2005,hidden_cells,-1,5000,10,historical_density,60_to_90n,equal_cell,10463,-46.01910181247674,52.34885570127971,78.00542186203697,60.0
2005,hidden_cells,-1,5000,10,historical_density,60_to_90n,spherical_cell_area,10463,-39.93733199021182,47.60879595874422,78.28402630082564,60.0
2005,hidden_cells,-1,5000,11,random,global,equal_cell,97488,0.9183533634138104,12.189787246453376,30.036805886590123,60.0
2005,hidden_cells,-1,5000,11,random,global,spherical_cell_area,97488,0.6728971418682245,10.983575562376505,26.228596163790822,60.0
2005,hidden_cells,-1,5000,11,random,south_of_60n,equal_cell,87025,0.5883827020571382,10.666734971808223,24.956767680809847,60.0
2005,hidden_cells,-1,5000,11,random,south_of_60n,spherical_cell_area,87025,0.5079979867748988,10.31077528596867,23.564713890091387,60.0
2005,hidden_cells,-1,5000,11,random,60_to_90n,equal_cell,10463,3.662852723498336,24.857628611357704,56.79646450853777,60.0
2005,hidden_cells,-1,5000,11,random,60_to_90n,spherical_cell_area,10463,4.8757846912495255,28.131655571242632,63.78641883082191,60.0
2005,hidden_cells,-1,5000,11,historical_density,global,equal_cell,97488,-5.045832146768523,15.71755896454503,35.23434595163875,60.0
2005,hidden_cells,-1,5000,11,historical_density,global,spherical_cell_area,97488,-2.018830209881011,12.705090256552792,29.372891164866747,60.0
2005,hidden_cells,-1,5000,11,historical_density,south_of_60n,equal_cell,87025,-1.0535107813176323,11.8686750607678,27.36675268590726,60.0
2005,hidden_cells,-1,5000,11,historical_density,south_of_60n,spherical_cell_area,87025,-0.79624927189706,11.445592604762783,25.98571054950968,60.0
2005,hidden_cells,-1,5000,11,historical_density,60_to_90n,equal_cell,10463,-38.2515825843451,47.73028205794211,73.06125440526344,60.0
2005,hidden_cells,-1,5000,11,historical_density,60_to_90n,spherical_cell_area,10463,-33.17951262487319,44.80669196692724,75.11285072794499,60.0
2005,hidden_cells,-1,5000,12,random,global,equal_cell,97488,-0.1240757458576617,10.14552714956132,24.923120922650615,60.0
2005,hidden_cells,-1,5000,12,random,global,spherical_cell_area,97488,-0.0101498487597553,9.595868552511844,23.106622704280223,60.0
2005,hidden_cells,-1,5000,12,random,south_of_60n,equal_cell,87025,0.0974021550721665,9.54339147611096,23.019934051523112,60.0
2005,hidden_cells,-1,5000,12,random,south_of_60n,spherical_cell_area,87025,0.0686005482184244,9.310341040259928,22.07929183123228,60.0
2005,hidden_cells,-1,5000,12,random,60_to_90n,equal_cell,10463,-1.966196966197746,15.15373292056558,37.149429531975,60.0
2005,hidden_cells,-1,5000,12,random,60_to_90n,spherical_cell_area,10463,-2.017310302560181,16.87328622982025,41.437592162231496,60.0
2005,hidden_cells,-1,5000,12,historical_density,global,equal_cell,97488,-5.029332148726271,15.457757636963333,35.53843151659739,60.0
2005,hidden_cells,-1,5000,12,historical_density,global,spherical_cell_area,97488,-2.01567392473963,12.51654219843899,29.480846331032268,60.0
2005,hidden_cells,-1,5000,12,historical_density,south_of_60n,equal_cell,87025,-0.8379100961214261,11.593426189739738,27.17456243431054,60.0
2005,hidden_cells,-1,5000,12,historical_density,south_of_60n,spherical_cell_area,87025,-0.6871255769570126,11.244424018342029,25.879108695062055,60.0
2005,hidden_cells,-1,5000,12,historical_density,60_to_90n,equal_cell,10463,-39.89108347510843,47.59896419288736,75.00434764722048,60.0
2005,hidden_cells,-1,5000,12,historical_density,60_to_90n,spherical_cell_area,10463,-35.8772137639614,44.939811180291485,77.1436928246755,60.0
2005,hidden_cells,-1,5000,13,random,global,equal_cell,97488,-0.1427350409071949,10.631136017164252,25.27000877048953,60.0
2005,hidden_cells,-1,5000,13,random,global,spherical_cell_area,97488,-0.2288602673461077,9.971878508453717,23.253013259233143,60.0
2005,hidden_cells,-1,5000,13,random,south_of_60n,equal_cell,87025,-0.0708381838191704,9.849849209339832,23.186937457696075,60.0
2005,hidden_cells,-1,5000,13,random,south_of_60n,spherical_cell_area,87025,-0.1798404290142864,9.623587299270906,22.1569353657369,60.0
2005,hidden_cells,-1,5000,13,random,60_to_90n,equal_cell,10463,-0.7407302610243072,17.129414183170205,38.446405401735845,60.0
2005,hidden_cells,-1,5000,13,random,60_to_90n,spherical_cell_area,10463,-1.4782594415316557,18.84899365076556,42.535797205562616,60.0
2005,hidden_cells,-1,5000,13,historical_density,global,equal_cell,97488,-5.1666803867704765,16.18963223530946,35.085443388050855,60.0
2005,hidden_cells,-1,5000,13,historical_density,global,spherical_cell_area,97488,-1.780815230320837,12.930404774862536,28.953106141105597,60.0
2005,hidden_cells,-1,5000,13,historical_density,south_of_60n,equal_cell,87025,-0.4577336398711432,11.993610548412155,26.78804051724841,60.0
2005,hidden_cells,-1,5000,13,historical_density,south_of_60n,spherical_cell_area,87025,-0.3421524918523272,11.619827516448424,25.584711586831546,60.0
2005,hidden_cells,-1,5000,13,historical_density,60_to_90n,equal_cell,10463,-44.33289377192908,51.08964057921062,74.16909066524539,60.0
2005,hidden_cells,-1,5000,13,historical_density,60_to_90n,spherical_cell_area,10463,-38.4489091805053,46.33390425776498,74.29995522915017,60.0
2005,hidden_cells,-1,5000,14,random,global,equal_cell,97488,-0.759803067444752,10.138517187426162,25.817549940434223,60.0
2005,hidden_cells,-1,5000,14,random,global,spherical_cell_area,97488,-0.5298682258494621,9.49828621098019,23.731094639568283,60.0
2005,hidden_cells,-1,5000,14,random,south_of_60n,equal_cell,87025,-0.4686302722849196,9.458840160982758,23.738518806278265,60.0
2005,hidden_cells,-1,5000,14,random,south_of_60n,spherical_cell_area,87025,-0.3994622926403988,9.178295698618433,22.602441530936176,60.0
2005,hidden_cells,-1,5000,14,random,60_to_90n,equal_cell,10463,-3.1816048928088354,15.791665732416806,39.03173677231592,60.0
2005,hidden_cells,-1,5000,14,random,60_to_90n,spherical_cell_area,10463,-3.8536055290492985,17.65408385326779,43.54339336583731,60.0
2005,hidden_cells,-1,5000,14,historical_density,global,equal_cell,97488,-5.731888495930835,16.170440925738845,35.37797111640931,60.0
2005,hidden_cells,-1,5000,14,historical_density,global,spherical_cell_area,97488,-2.2838358963974037,12.921105027892263,29.05164248938076,60.0
2005,hidden_cells,-1,5000,14,historical_density,south_of_60n,equal_cell,87025,-0.913932050675374,11.96971487652713,26.766145187531983,60.0
2005,hidden_cells,-1,5000,14,historical_density,south_of_60n,spherical_cell_area,87025,-0.8114564939002931,11.611151603616962,25.54367297630724,60.0
2005,hidden_cells,-1,5000,14,historical_density,60_to_90n,equal_cell,10463,-45.8047796025309,51.1095773524472,75.51729539795392,60.0
2005,hidden_cells,-1,5000,14,historical_density,60_to_90n,spherical_cell_area,10463,-39.811287478658734,46.30870446125584,75.6660721218421,60.0
2005,hidden_cells,-1,5000,15,random,global,equal_cell,97488,0.1949693106468648,11.322253595703986,27.52198364948464,60.0
2005,hidden_cells,-1,5000,15,random,global,spherical_cell_area,97488,0.1606194623876399,10.383705948995612,24.60188028362184,60.0
2005,hidden_cells,-1,5000,15,random,south_of_60n,equal_cell,87025,0.1154954026351193,10.229842124370508,23.957988674302875,60.0
2005,hidden_cells,-1,5000,15,random,south_of_60n,spherical_cell_area,87025,0.10019220727306,9.887480175528912,22.74380184237348,60.0
2005,hidden_cells,-1,5000,15,random,60_to_90n,equal_cell,10463,0.85598592583583,20.408281340403967,47.78587674460976,60.0
2005,hidden_cells,-1,5000,15,random,60_to_90n,spherical_cell_area,10463,1.7007665784878965,23.031321540506426,53.361498182496334,60.0
2005,hidden_cells,-1,5000,15,historical_density,global,equal_cell,97488,-5.641274555571488,16.103686231824838,36.021221687043166,60.0
2005,hidden_cells,-1,5000,15,historical_density,global,spherical_cell_area,97488,-2.381347198035189,12.914203921475956,29.80070951501855,60.0
2005,hidden_cells,-1,5000,15,historical_density,south_of_60n,equal_cell,87025,-1.0801216809244325,11.99438283494158,27.46077304948192,60.0
2005,hidden_cells,-1,5000,15,historical_density,south_of_60n,spherical_cell_area,87025,-0.9580813370623698,11.576328483210292,26.106690197596038,60.0
2005,hidden_cells,-1,5000,15,historical_density,60_to_90n,equal_cell,10463,-43.57822656896727,50.28242350734486,76.27248254741306,60.0
2005,hidden_cells,-1,5000,15,historical_density,60_to_90n,spherical_cell_area,10463,-38.65701133443825,47.01346912952066,78.43381341581089,60.0
2005,hidden_cells,-1,5000,16,random,global,equal_cell,97488,0.4793232073783942,11.770956863933923,29.80671232409324,60.0
2005,hidden_cells,-1,5000,16,random,global,spherical_cell_area,97488,0.5887071862372735,10.828049565883472,26.200412417022715,60.0
2005,hidden_cells,-1,5000,16,random,south_of_60n,equal_cell,87025,0.6178201300704063,10.600682515570972,25.283643586078032,60.0
2005,hidden_cells,-1,5000,16,random,south_of_60n,spherical_cell_area,87025,0.6081976017074844,10.273704690749453,23.82586011066295,60.0
2005,hidden_cells,-1,5000,16,random,60_to_90n,equal_cell,10463,-0.6726116771931764,21.50460162798685,54.41461020014697,60.0
2005,hidden_cells,-1,5000,16,random,60_to_90n,spherical_cell_area,10463,0.0919428185505015,24.95698292788601,60.94371505416986,60.0
2005,hidden_cells,-1,5000,16,historical_density,global,equal_cell,97488,-6.328697313050146,16.09826529726914,35.88476538615625,60.0
2005,hidden_cells,-1,5000,16,historical_density,global,spherical_cell_area,97488,-2.732800918690607,12.715497661134895,29.223461611325146,60.0
2005,hidden_cells,-1,5000,16,historical_density,south_of_60n,equal_cell,87025,-1.347410930605611,11.708819305573664,26.79348526812736,60.0
2005,hidden_cells,-1,5000,16,historical_density,south_of_60n,spherical_cell_area,87025,-1.2237568888823045,11.35684444544582,25.51912951064645,60.0
2005,hidden_cells,-1,5000,16,historical_density,60_to_90n,equal_cell,10463,-47.76006952295511,52.60706176360757,77.63495133478327,60.0
2005,hidden_cells,-1,5000,16,historical_density,60_to_90n,spherical_cell_area,10463,-41.19474671071123,47.34433903339492,77.60484336020552,60.0
2005,hidden_cells,-1,5000,17,random,global,equal_cell,97488,0.3737578880038817,10.662874719115743,25.43204885334441,60.0
2005,hidden_cells,-1,5000,17,random,global,spherical_cell_area,97488,0.1867300864469142,9.90337607604435,23.056546187776767,60.0
2005,hidden_cells,-1,5000,17,random,south_of_60n,equal_cell,87025,0.1051066630048504,9.782467895521378,22.709332920126187,60.0
2005,hidden_cells,-1,5000,17,random,south_of_60n,spherical_cell_area,87025,0.0394325255444739,9.478137156665646,21.6023397083442,60.0
2005,hidden_cells,-1,5000,17,random,60_to_90n,equal_cell,10463,2.608238711433176,17.985574119220836,41.67727699482908,60.0
2005,hidden_cells,-1,5000,17,random,60_to_90n,spherical_cell_area,10463,3.9409948334113873,20.741705470501355,46.76380214770979,60.0
2005,hidden_cells,-1,5000,17,historical_density,global,equal_cell,97488,-5.326044092779183,16.133025495955735,35.61024706598483,60.0
2005,hidden_cells,-1,5000,17,historical_density,global,spherical_cell_area,97488,-1.872355723927912,12.941046787935392,29.36288995928135,60.0
2005,hidden_cells,-1,5000,17,historical_density,south_of_60n,equal_cell,87025,-0.8800282730407228,12.035257264838856,27.149479524299267,60.0
2005,hidden_cells,-1,5000,17,historical_density,south_of_60n,spherical_cell_area,87025,-0.4882997070386887,11.625197628090106,25.83857332993098,60.0
2005,hidden_cells,-1,5000,17,historical_density,60_to_90n,equal_cell,10463,-42.305354683693785,50.215820135442144,75.39624353033375,60.0
2005,hidden_cells,-1,5000,17,historical_density,60_to_90n,spherical_cell_area,10463,-37.14865412423083,46.4789145086502,76.29371564628677,60.0
2005,hidden_cells,-1,5000,18,random,global,equal_cell,97488,-0.1311785907109252,10.610636946106167,25.60848695056639,60.0
2005,hidden_cells,-1,5000,18,random,global,spherical_cell_area,97488,-0.0826199156546312,9.899217498323834,23.48101073378165,60.0
2005,hidden_cells,-1,5000,18,random,south_of_60n,equal_cell,87025,0.0333402246392833,9.809192603509524,23.31529585491738,60.0
2005,hidden_cells,-1,5000,18,random,south_of_60n,spherical_cell_area,87025,-0.0207955295193565,9.53071491279355,22.27737785495759,60.0
2005,hidden_cells,-1,5000,18,random,60_to_90n,equal_cell,10463,-1.4995480742101042,17.276573476209688,39.861476976974174,60.0
2005,hidden_cells,-1,5000,18,random,60_to_90n,spherical_cell_area,10463,-1.6583765809269857,19.29147258758438,44.2167601485074,60.0
2005,hidden_cells,-1,5000,18,historical_density,global,equal_cell,97488,-4.816500724727768,15.754761300116272,35.0329110963068,60.0
2005,hidden_cells,-1,5000,18,historical_density,global,spherical_cell_area,97488,-1.8907162116202028,12.803191385533085,29.152606147729777,60.0
2005,hidden_cells,-1,5000,18,historical_density,south_of_60n,equal_cell,87025,-0.5649159320056468,11.988131011722402,27.054780356044443,60.0
2005,hidden_cells,-1,5000,18,historical_density,south_of_60n,spherical_cell_area,87025,-0.5909434390255766,11.59024007451136,25.79492761641176,60.0
2005,hidden_cells,-1,5000,18,historical_density,60_to_90n,equal_cell,10463,-40.178649877613424,47.08334782859535,73.1250900052602,60.0
2005,hidden_cells,-1,5000,18,historical_density,60_to_90n,spherical_cell_area,10463,-35.01883502988257,43.71843749588296,74.51337418678169,60.0
2005,hidden_cells,-1,5000,19,random,global,equal_cell,97488,0.4405561127057876,10.501646547736645,25.36102932221513,60.0
2005,hidden_cells,-1,5000,19,random,global,spherical_cell_area,97488,0.4645957099638111,9.873506956371422,23.443316551412003,60.0
2005,hidden_cells,-1,5000,19,random,south_of_60n,equal_cell,87025,0.4341345096527952,9.788559410976385,23.43860204691908,60.0
2005,hidden_cells,-1,5000,19,random,south_of_60n,spherical_cell_area,87025,0.4449466558844566,9.534317361989691,22.40255847940355,60.0
2005,hidden_cells,-1,5000,19,random,60_to_90n,equal_cell,10463,0.4939671808207325,16.432680484137435,37.72888312392147,60.0
2005,hidden_cells,-1,5000,19,random,60_to_90n,spherical_cell_area,10463,0.9654033987630666,18.518643569108207,42.02044013070083,60.0
2005,hidden_cells,-1,5000,19,historical_density,global,equal_cell,97488,-4.683869908435411,16.32127125003634,36.11238388659304,60.0
2005,hidden_cells,-1,5000,19,historical_density,global,spherical_cell_area,97488,-1.4917046649995418,13.070770840013974,29.806430354672024,60.0
2005,hidden_cells,-1,5000,19,historical_density,south_of_60n,equal_cell,87025,-0.2426309933339704,12.202969425600967,27.5944581853094,60.0
2005,hidden_cells,-1,5000,19,historical_density,south_of_60n,spherical_cell_area,87025,-0.1089872770891349,11.722324074689876,26.173158505074728,60.0
2005,hidden_cells,-1,5000,19,historical_density,60_to_90n,equal_cell,10463,-41.62344905272508,50.57485208454731,76.27283184629816,60.0
2005,hidden_cells,-1,5000,19,historical_density,60_to_90n,spherical_cell_area,10463,-36.73388459413671,47.4394740500253,77.92513810349463,60.0
2005,whole_blocks,0,5000,0,random,global,equal_cell,96240,0.1351677813615167,12.535920181610813,24.748005502227304,60.0
2005,whole_blocks,0,5000,0,random,global,spherical_cell_area,96240,0.3048627741264721,11.590123749014252,22.23632148057201,60.0
2005,whole_blocks,0,5000,0,random,south_of_60n,equal_cell,85236,0.3593651515352958,11.444880662849435,20.63385778794091,60.0
2005,whole_blocks,0,5000,0,random,south_of_60n,spherical_cell_area,85236,0.3180062278746535,11.036665476427384,20.132373409349547,60.0
2005,whole_blocks,0,5000,0,random,60_to_90n,equal_cell,11004,-1.6014449998209854,20.987014730969648,45.3727323457889,60.0
2005,whole_blocks,0,5000,0,random,60_to_90n,spherical_cell_area,11004,0.0007270851996077,24.396986865093705,50.56840027129583,60.0
2005,whole_blocks,0,5000,0,historical_density,global,equal_cell,96240,-4.518961814988414,17.421482966506172,32.20019026220198,60.0
2005,whole_blocks,0,5000,0,historical_density,global,spherical_cell_area,96240,-1.3344008072933524,14.342840585744144,25.77172038942686,60.0
2005,whole_blocks,0,5000,0,historical_density,south_of_60n,equal_cell,85236,0.0627720902677081,13.312223447310195,21.41483554759311,60.0
2005,whole_blocks,0,5000,0,historical_density,south_of_60n,spherical_cell_area,85236,0.1622865353915444,12.968838693677409,21.209221634343617,60.0
2005,whole_blocks,0,5000,0,historical_density,60_to_90n,equal_cell,11004,-40.00866293716315,49.25143974387698,74.26964264758998,60.0
2005,whole_blocks,0,5000,0,historical_density,60_to_90n,spherical_cell_area,11004,-35.96730969081828,46.13684390000649,74.99459596485384,60.0
2005,whole_blocks,0,5000,1,random,global,equal_cell,96240,0.6161626169046079,12.658622315719407,24.391680048189205,60.0
2005,whole_blocks,0,5000,1,random,global,spherical_cell_area,96240,0.7838712641037923,11.999285004216963,22.266088914103214,60.0
2005,whole_blocks,0,5000,1,random,south_of_60n,equal_cell,85236,0.8716242896560855,11.976615062809444,21.15795399699765,60.0
2005,whole_blocks,0,5000,1,random,south_of_60n,spherical_cell_area,85236,0.8246376421087586,11.632813170205118,20.661337265698418,60.0
2005,whole_blocks,0,5000,1,random,60_to_90n,equal_cell,11004,-1.3626206563273937,17.941389510288104,41.66399225127096,60.0
2005,whole_blocks,0,5000,1,random,60_to_90n,spherical_cell_area,11004,-0.1594508411160016,20.47933643095145,45.71458924406905,60.0
2005,whole_blocks,0,5000,1,historical_density,global,equal_cell,96240,-5.203839464680361,17.399255835591475,33.25522870204648,60.0
2005,whole_blocks,0,5000,1,historical_density,global,spherical_cell_area,96240,-1.2236113546241238,14.015806039583945,26.016737892072506,60.0
2005,whole_blocks,0,5000,1,historical_density,south_of_60n,equal_cell,85236,0.0862506738187743,12.983745786168257,21.3493108713974,60.0
2005,whole_blocks,0,5000,1,historical_density,south_of_60n,spherical_cell_area,85236,0.4144638450199079,12.644089291324548,21.186187745499485,60.0
2005,whole_blocks,0,5000,1,historical_density,60_to_90n,equal_cell,11004,-46.18040462690431,51.601401834558914,78.36874142784319,60.0
2005,whole_blocks,0,5000,1,historical_density,60_to_90n,spherical_cell_area,11004,-39.12819403911705,45.75693179217505,77.15631362266214,60.0
2005,whole_blocks,0,5000,2,random,global,equal_cell,96240,0.0432084368301217,12.6808829981712,24.698313646103504,60.0
2005,whole_blocks,0,5000,2,random,global,spherical_cell_area,96240,0.3495122323986316,11.852583506324134,22.21791401657928,60.0
2005,whole_blocks,0,5000,2,random,south_of_60n,equal_cell,85236,0.6537621883875022,11.77573259752093,20.88607072241664,60.0
2005,whole_blocks,0,5000,2,random,south_of_60n,spherical_cell_area,85236,0.6166877049313017,11.40129176807846,20.34705428156129,60.0
2005,whole_blocks,0,5000,2,random,60_to_90n,equal_cell,11004,-4.686086325778465,19.6920970612234,44.227608227865446,60.0
2005,whole_blocks,0,5000,2,random,60_to_90n,spherical_cell_area,11004,-5.832850330738753,22.295342795323133,48.33551579741049,60.0
2005,whole_blocks,0,5000,2,historical_density,global,equal_cell,96240,-4.408562000480655,17.41333444194114,32.81992669142515,60.0
2005,whole_blocks,0,5000,2,historical_density,global,spherical_cell_area,96240,-0.8470851849322593,14.349075881180474,26.539677961105145,60.0
2005,whole_blocks,0,5000,2,historical_density,south_of_60n,equal_cell,85236,0.1670881273659447,13.348826098069775,22.36722255530538,60.0
2005,whole_blocks,0,5000,2,historical_density,south_of_60n,spherical_cell_area,85236,0.5325922414209542,13.072242430789386,22.300209836757357,60.0
2005,whole_blocks,0,5000,2,historical_density,60_to_90n,equal_cell,11004,-39.85113872686495,48.896652616988334,74.46753919968322,60.0
2005,whole_blocks,0,5000,2,historical_density,60_to_90n,spherical_cell_area,11004,-32.772418708385985,43.89462977589338,74.13197873565707,60.0
2005,whole_blocks,0,5000,3,random,global,equal_cell,96240,1.021373333425407,13.476512217000185,26.17434389294005,60.0
2005,whole_blocks,0,5000,3,random,global,spherical_cell_area,96240,0.9164881125554458,12.343750655032794,23.21771074821562,60.0
2005,whole_blocks,0,5000,3,random,south_of_60n,equal_cell,85236,0.6447477452210615,11.918296954077729,20.95234504584717,60.0
2005,whole_blocks,0,5000,3,random,south_of_60n,spherical_cell_area,85236,0.7190737742360392,11.604753499695285,20.55579092802867,60.0
2005,whole_blocks,0,5000,3,random,60_to_90n,equal_cell,11004,3.93868146103224,25.546308304828116,50.90510910923697,60.0
2005,whole_blocks,0,5000,3,random,60_to_90n,spherical_cell_area,11004,5.484598362657827,29.44392944058722,56.88002142646634,60.0
2005,whole_blocks,0,5000,3,historical_density,global,equal_cell,96240,-4.208173030924167,17.469486349913876,33.12531294511243,60.0
2005,whole_blocks,0,5000,3,historical_density,global,spherical_cell_area,96240,-0.8713651107781768,14.328644085974728,26.405324274862227,60.0
2005,whole_blocks,0,5000,3,historical_density,south_of_60n,equal_cell,85236,0.4573181263981384,13.262095193149673,21.652593958123077,60.0
2005,whole_blocks,0,5000,3,historical_density,south_of_60n,spherical_cell_area,85236,0.6592663536293496,12.92626166132294,21.464596196783766,60.0
2005,whole_blocks,0,5000,3,historical_density,60_to_90n,equal_cell,11004,-40.3466503378602,50.059562016758086,77.23480906813772,60.0
2005,whole_blocks,0,5000,3,historical_density,60_to_90n,spherical_cell_area,11004,-36.28973107757224,46.77936465243274,78.54976713047924,60.0
2005,whole_blocks,0,5000,4,random,global,equal_cell,96240,0.8283756986123528,12.609065073513923,24.447110857772103,60.0
2005,whole_blocks,0,5000,4,random,global,spherical_cell_area,96240,0.942325512517644,11.819892064356118,22.339897174119827,60.0
2005,whole_blocks,0,5000,4,random,south_of_60n,equal_cell,85236,0.9860862498471066,11.775847787036684,21.1915867578246,60.0
2005,whole_blocks,0,5000,4,random,south_of_60n,spherical_cell_area,85236,0.9502158375627052,11.41896256940649,20.760830677867688,60.0
2005,whole_blocks,0,5000,4,random,60_to_90n,equal_cell,11004,-0.3932361284546642,19.0630916665868,41.81545409851218,60.0
2005,whole_blocks,0,5000,4,random,60_to_90n,spherical_cell_area,11004,0.7597456906980808,21.097283722121634,45.54047067843816,60.0
2005,whole_blocks,0,5000,4,historical_density,global,equal_cell,96240,-5.199525305936189,17.81816667544018,33.08846309177552,60.0
2005,whole_blocks,0,5000,4,historical_density,global,spherical_cell_area,96240,-1.8774360040231115,14.632744586820838,26.122737001041447,60.0
2005,whole_blocks,0,5000,4,historical_density,south_of_60n,equal_cell,85236,-0.6360319106706998,13.447297266339838,21.141220241433405,60.0
2005,whole_blocks,0,5000,4,historical_density,south_of_60n,spherical_cell_area,85236,-0.3483441744825455,13.144151149882402,20.93471160729964,60.0
2005,whole_blocks,0,5000,4,historical_density,60_to_90n,equal_cell,11004,-40.54793706882688,51.6745302663232,78.18813622026985,60.0
2005,whole_blocks,0,5000,4,historical_density,60_to_90n,spherical_cell_area,11004,-37.260175268739445,49.078362850431645,79.57144995403836,60.0
2005,whole_blocks,0,5000,5,random,global,equal_cell,96240,0.4041727266929402,12.856869923703044,24.53560149628291,60.0
2005,whole_blocks,0,5000,5,random,global,spherical_cell_area,96240,0.9151687552304076,12.100432357367064,22.203195582529403,60.0
2005,whole_blocks,0,5000,5,random,south_of_60n,equal_cell,85236,1.1964658315289127,12.047251807861072,20.8214554198164,60.0
2005,whole_blocks,0,5000,5,random,south_of_60n,spherical_cell_area,85236,1.2363991183983043,11.66031127630978,20.293766517400478,60.0
2005,whole_blocks,0,5000,5,random,60_to_90n,equal_cell,11004,-5.732858814910017,19.128099451320864,43.66798623360979,60.0
2005,whole_blocks,0,5000,5,random,60_to_90n,spherical_cell_area,11004,-6.518008222305918,22.28470589483934,48.68934206201765,60.0
2005,whole_blocks,0,5000,5,historical_density,global,equal_cell,96240,-4.69993916723442,17.646059709607584,32.92830592845513,60.0
2005,whole_blocks,0,5000,5,historical_density,global,spherical_cell_area,96240,-1.1246364977813847,14.49759576243036,26.302802347027225,60.0
2005,whole_blocks,0,5000,5,historical_density,south_of_60n,equal_cell,85236,0.257680726187274,13.517231715040252,21.82732870491569,60.0
2005,whole_blocks,0,5000,5,historical_density,south_of_60n,spherical_cell_area,85236,0.4916892423427437,13.160465501998694,21.636288431128538,60.0
2005,whole_blocks,0,5000,5,historical_density,60_to_90n,equal_cell,11004,-43.101219541252185,49.62759214735215,76.10884162105587,60.0
2005,whole_blocks,0,5000,5,historical_density,60_to_90n,spherical_cell_area,11004,-38.52594302810607,45.43840026730497,76.60538738962526,60.0
2005,whole_blocks,0,5000,6,random,global,equal_cell,96240,0.5030104303208563,12.888411690960275,25.237904228153784,60.0
2005,whole_blocks,0,5000,6,random,global,spherical_cell_area,96240,0.5161321396355282,11.964830051304878,22.816920805029483,60.0
2005,whole_blocks,0,5000,6,random,south_of_60n,equal_cell,85236,0.5931214168902464,11.827298382956164,21.421425314041542,60.0
2005,whole_blocks,0,5000,6,random,south_of_60n,spherical_cell_area,85236,0.5191855741399634,11.436609770992698,20.92105584562401,60.0
2005,whole_blocks,0,5000,6,random,60_to_90n,equal_cell,11004,-0.1949812137384442,21.10770048785583,44.90322683939172,60.0
2005,whole_blocks,0,5000,6,random,60_to_90n,spherical_cell_area,11004,0.4454765551604078,24.187693382042035,49.39014604999549,60.0
2005,whole_blocks,0,5000,6,historical_density,global,equal_cell,96240,-5.083898901930252,17.26685464688262,32.41879617315538,60.0
2005,whole_blocks,0,5000,6,historical_density,global,spherical_cell_area,96240,-0.9605746990527518,13.91508801880059,25.22228963421473,60.0
2005,whole_blocks,0,5000,6,historical_density,south_of_60n,equal_cell,85236,0.386709716377467,12.797780229339136,20.564519103195423,60.0
2005,whole_blocks,0,5000,6,historical_density,south_of_60n,spherical_cell_area,85236,0.7770586565185749,12.524512477255158,20.40418086405592,60.0
2005,whole_blocks,0,5000,6,historical_density,60_to_90n,equal_cell,11004,-47.45874406642288,51.883905451475215,76.91567678798951,60.0
2005,whole_blocks,0,5000,6,historical_density,60_to_90n,spherical_cell_area,11004,-41.16890409436936,46.092600751425095,75.65079199426683,60.0
2005,whole_blocks,0,5000,7,random,global,equal_cell,96240,-0.1811472953328668,12.87706557150426,24.970364460304005,60.0
2005,whole_blocks,0,5000,7,random,global,spherical_cell_area,96240,0.640535027175134,11.956571079434402,22.35870670194262,60.0
2005,whole_blocks,0,5000,7,random,south_of_60n,equal_cell,85236,0.8806905728232821,11.939093536793152,20.99948764457673,60.0
2005,whole_blocks,0,5000,7,random,south_of_60n,spherical_cell_area,85236,1.0384775335746732,11.514725914610818,20.457654178707276,60.0
2005,whole_blocks,0,5000,7,random,60_to_90n,equal_cell,11004,-8.406048470374444,20.14251307701463,45.13825894102671,60.0
2005,whole_blocks,0,5000,7,random,60_to_90n,spherical_cell_area,11004,-8.567738586132446,22.18073941275537,48.82002635307224,60.0
2005,whole_blocks,0,5000,7,historical_density,global,equal_cell,96240,-4.389757575074257,17.81230906858973,33.176522843421054,60.0
2005,whole_blocks,0,5000,7,historical_density,global,spherical_cell_area,96240,-0.724570233298703,14.359913018878284,25.8493026306748,60.0
2005,whole_blocks,0,5000,7,historical_density,south_of_60n,equal_cell,85236,0.7951089781639646,13.25920960352818,21.09450999508124,60.0
2005,whole_blocks,0,5000,7,historical_density,south_of_60n,spherical_cell_area,85236,0.9038840725325248,12.917986452279983,20.876047129768583,60.0
2005,whole_blocks,0,5000,7,historical_density,60_to_90n,equal_cell,11004,-44.5512702551736,53.08021037756707,78.61107377312129,60.0
2005,whole_blocks,0,5000,7,historical_density,60_to_90n,spherical_cell_area,11004,-38.40652823908004,47.72567350439769,77.75168727892445,60.0
2005,whole_blocks,0,5000,8,random,global,equal_cell,96240,2.007099303964767,14.930229761421227,33.42713747389843,60.0
2005,whole_blocks,0,5000,8,random,global,spherical_cell_area,96240,1.5560484221740103,13.260029886328043,27.402031433041724,60.0
2005,whole_blocks,0,5000,8,random,south_of_60n,equal_cell,85236,1.255568576951153,12.697472697461256,22.327457285969054,60.0
2005,whole_blocks,0,5000,8,random,south_of_60n,spherical_cell_area,85236,1.204468855707951,12.246853259598238,21.801493601413508,60.0
2005,whole_blocks,0,5000,8,random,60_to_90n,equal_cell,11004,7.828389112010238,32.22496632118969,76.88298622900363,60.0
2005,whole_blocks,0,5000,8,random,60_to_90n,spherical_cell_area,11004,9.691497118416327,36.7046417272381,84.42388854232513,60.0
2005,whole_blocks,0,5000,8,historical_density,global,equal_cell,96240,-4.8216112044221004,17.386380898107713,32.39537263446798,60.0
2005,whole_blocks,0,5000,8,historical_density,global,spherical_cell_area,96240,-1.3501010710811596,14.155223137174904,25.32130066742576,60.0
2005,whole_blocks,0,5000,8,historical_density,south_of_60n,equal_cell,85236,0.0213919343766401,13.071207293568555,20.323057850808706,60.0
2005,whole_blocks,0,5000,8,historical_density,south_of_60n,spherical_cell_area,85236,0.254615596613244,12.702202424528764,20.063736496509502,60.0
2005,whole_blocks,0,5000,8,historical_density,60_to_90n,equal_cell,11004,-42.33508044639315,50.81132976729158,77.32539720442344,60.0
2005,whole_blocks,0,5000,8,historical_density,60_to_90n,spherical_cell_area,11004,-38.48277704897553,47.77769892872886,78.50250904618792,60.0
2005,whole_blocks,0,5000,9,random,global,equal_cell,96240,-0.1850937063945153,12.720780803301349,25.107497743577163,60.0
2005,whole_blocks,0,5000,9,random,global,spherical_cell_area,96240,0.1219720200369929,11.77975238112418,22.5285762093394,60.0
2005,whole_blocks,0,5000,9,random,south_of_60n,equal_cell,85236,0.20616015355578,11.61749763488914,21.01392733021471,60.0
2005,whole_blocks,0,5000,9,random,south_of_60n,spherical_cell_area,85236,0.2493033287841397,11.243187932428016,20.513846196543707,60.0
2005,whole_blocks,0,5000,9,random,60_to_90n,equal_cell,11004,-3.215711118855747,21.266713568003563,45.74739815881848,60.0
2005,whole_blocks,0,5000,9,random,60_to_90n,spherical_cell_area,11004,-2.8244373522432005,24.195697336265884,50.14165829827597,60.0
2005,whole_blocks,0,5000,9,historical_density,global,equal_cell,96240,-5.182483433880854,17.52894337469647,32.388431770443376,60.0
2005,whole_blocks,0,5000,9,historical_density,global,spherical_cell_area,96240,-1.8097570649895027,14.373865224614448,25.709840215447823,60.0
2005,whole_blocks,0,5000,9,historical_density,south_of_60n,equal_cell,85236,-0.5015470180006405,13.410660280194769,21.28711467304883,60.0
2005,whole_blocks,0,5000,9,historical_density,south_of_60n,spherical_cell_area,85236,-0.2347018172105715,12.985755419710598,20.944740408277298,60.0
2005,whole_blocks,0,5000,9,historical_density,60_to_90n,equal_cell,11004,-41.44059833246008,49.42879595947902,75.26327476176338,60.0
2005,whole_blocks,0,5000,9,historical_density,60_to_90n,spherical_cell_area,11004,-38.2560764311912,46.49432153001921,76.19232817550407,60.0
2005,whole_blocks,0,5000,10,random,global,equal_cell,96240,0.8210186351739291,12.922173492343465,25.349734234100204,60.0
2005,whole_blocks,0,5000,10,random,global,spherical_cell_area,96240,0.835543897436411,11.878937334975053,22.68957301753768,60.0
2005,whole_blocks,0,5000,10,random,south_of_60n,equal_cell,85236,0.6596906915158566,11.719848719797314,21.184971370628627,60.0
2005,whole_blocks,0,5000,10,random,south_of_60n,spherical_cell_area,85236,0.7535365217369286,11.321172358244292,20.659236118748996,60.0
2005,whole_blocks,0,5000,10,random,60_to_90n,equal_cell,11004,2.0706504604774074,22.235273666166023,46.30132911523775,60.0
2005,whole_blocks,0,5000,10,random,60_to_90n,spherical_cell_area,11004,2.733170669158973,24.785456329707213,50.51143080394668,60.0
2005,whole_blocks,0,5000,10,historical_density,global,equal_cell,96240,-5.0073062641825015,17.60340410599913,33.10297416942749,60.0
2005,whole_blocks,0,5000,10,historical_density,global,spherical_cell_area,96240,-1.3475418533419543,14.378624442928018,26.096805047963272,60.0
2005,whole_blocks,0,5000,10,historical_density,south_of_60n,equal_cell,85236,-0.0715789303117272,13.422144159168102,21.720246997869072,60.0
2005,whole_blocks,0,5000,10,historical_density,south_of_60n,spherical_cell_area,85236,0.1295936079648297,13.106656151529634,21.561587771811094,60.0
2005,whole_blocks,0,5000,10,historical_density,60_to_90n,equal_cell,11004,-43.239008829595925,49.99106975740676,77.0035561286961,60.0
2005,whole_blocks,0,5000,10,historical_density,60_to_90n,spherical_cell_area,11004,-35.52802590039106,43.81159997655456,75.38227131808361,60.0
2005,whole_blocks,0,5000,11,random,global,equal_cell,96240,0.438511945341334,12.75316191755397,25.96604074737057,60.0
2005,whole_blocks,0,5000,11,random,global,spherical_cell_area,96240,0.6610605139807197,11.850049425939725,23.08197580873811,60.0
2005,whole_blocks,0,5000,11,random,south_of_60n,equal_cell,85236,0.5784999630330019,11.6471704265617,21.20441171522107,60.0
2005,whole_blocks,0,5000,11,random,south_of_60n,spherical_cell_area,85236,0.6994977444682734,11.2785238933678,20.69585751882053,60.0
2005,whole_blocks,0,5000,11,random,60_to_90n,equal_cell,11004,-0.645822721685838,21.320073106777635,49.13278205696971,60.0
2005,whole_blocks,0,5000,11,random,60_to_90n,spherical_cell_area,11004,-0.2283657965421436,25.07498367216902,54.31326243382688,60.0
2005,whole_blocks,0,5000,11,historical_density,global,equal_cell,96240,-4.802165118789672,17.7222614881301,33.18248916572557,60.0
2005,whole_blocks,0,5000,11,historical_density,global,spherical_cell_area,96240,-1.0916876723502047,14.451543842182982,25.947530165603578,60.0
2005,whole_blocks,0,5000,11,historical_density,south_of_60n,equal_cell,85236,0.4378485901575715,13.1901218778553,20.709671255232863,60.0
2005,whole_blocks,0,5000,11,historical_density,south_of_60n,spherical_cell_area,85236,0.6233683978208702,12.949655054824204,20.58691187240702,60.0
2005,whole_blocks,0,5000,11,historical_density,60_to_90n,equal_cell,11004,-45.39084273564057,52.827809636202,79.42152595121995,60.0
2005,whole_blocks,0,5000,11,historical_density,60_to_90n,spherical_cell_area,11004,-40.7775852639064,49.20481263944249,80.28420054975768,60.0
2005,whole_blocks,0,5000,12,random,global,equal_cell,96240,0.7931624181816259,13.87401039850562,28.81519597350825,60.0
2005,whole_blocks,0,5000,12,random,global,spherical_cell_area,96240,0.7484298180747206,12.60547035818269,24.27599433889626,60.0
2005,whole_blocks,0,5000,12,random,south_of_60n,equal_cell,85236,0.6971597088419365,12.174881343823198,20.479838128408076,60.0
2005,whole_blocks,0,5000,12,random,south_of_60n,spherical_cell_area,85236,0.6718403696620155,11.786166442579567,20.01383602633884,60.0
2005,whole_blocks,0,5000,12,random,60_to_90n,equal_cell,11004,1.5367908199698637,27.03531211650915,63.34860902752145,60.0
2005,whole_blocks,0,5000,12,random,60_to_90n,spherical_cell_area,11004,2.5206873314965392,31.56392416998322,70.40889786506392,60.0
2005,whole_blocks,0,5000,12,historical_density,global,equal_cell,96240,-5.224602277279991,18.26236731984861,33.922582317396376,60.0
2005,whole_blocks,0,5000,12,historical_density,global,spherical_cell_area,96240,-1.5244597059146736,14.717820144853944,26.41225909461051,60.0
2005,whole_blocks,0,5000,12,historical_density,south_of_60n,equal_cell,85236,0.0541455632208974,13.515587539374796,21.32734752955241,60.0
2005,whole_blocks,0,5000,12,historical_density,south_of_60n,spherical_cell_area,85236,0.1725899933981596,13.187507631936455,21.167894298838807,60.0
2005,whole_blocks,0,5000,12,historical_density,60_to_90n,equal_cell,11004,-46.11331101346081,55.030499032722695,80.87651740813824,60.0
2005,whole_blocks,0,5000,12,historical_density,60_to_90n,spherical_cell_area,11004,-40.79369512396858,50.12880566713045,80.44628798919746,60.0
2005,whole_blocks,0,5000,13,random,global,equal_cell,96240,1.268845689133434,13.234144386060365,24.84973066405797,60.0
2005,whole_blocks,0,5000,13,random,global,spherical_cell_area,96240,1.501301915144929,12.543358059505344,22.68335653779437,60.0
2005,whole_blocks,0,5000,13,random,south_of_60n,equal_cell,85236,1.4269053096824174,12.429446903838306,21.301074831979825,60.0
2005,whole_blocks,0,5000,13,random,south_of_60n,spherical_cell_area,85236,1.530307603616526,12.113373887247487,20.90488544695889,60.0
2005,whole_blocks,0,5000,13,random,60_to_90n,equal_cell,11004,0.0445300023728764,19.467259125671344,43.42905300823729,60.0
2005,whole_blocks,0,5000,13,random,60_to_90n,spherical_cell_area,11004,0.8301187379432845,22.49306648187378,48.04513273788598,60.0
2005,whole_blocks,0,5000,13,historical_density,global,equal_cell,96240,-4.965557162012335,17.59316154709947,32.614115446343504,60.0
2005,whole_blocks,0,5000,13,historical_density,global,spherical_cell_area,96240,-1.526194379497771,14.389978081118157,26.009590055507896,60.0
2005,whole_blocks,0,5000,13,historical_density,south_of_60n,equal_cell,85236,-0.0376011531188887,13.421050179090123,21.746718094201125,60.0
2005,whole_blocks,0,5000,13,historical_density,south_of_60n,spherical_cell_area,85236,0.0606787417042069,13.045638142622652,21.508898073087057,60.0
2005,whole_blocks,0,5000,13,historical_density,60_to_90n,equal_cell,11004,-43.13706373907901,49.9099631250388,75.09767432761733,60.0
2005,whole_blocks,0,5000,13,historical_density,60_to_90n,spherical_cell_area,11004,-38.24597589225788,45.49761243504901,75.00198329746355,60.0
2005,whole_blocks,0,5000,14,random,global,equal_cell,96240,0.2597290661656463,13.278337318079846,26.189359948108,60.0
2005,whole_blocks,0,5000,14,random,global,spherical_cell_area,96240,0.3745210166741063,12.22675650642269,23.62394947555636,60.0
2005,whole_blocks,0,5000,14,random,south_of_60n,equal_cell,85236,0.4770072590660253,12.002541182540378,21.97959012011054,60.0
2005,whole_blocks,0,5000,14,random,south_of_60n,spherical_cell_area,85236,0.42879133963938,11.60087956468934,21.46336267146136,60.0
2005,whole_blocks,0,5000,14,random,60_to_90n,equal_cell,11004,-1.4232883865839625,23.16054009969037,47.50368210667464,60.0
2005,whole_blocks,0,5000,14,random,60_to_90n,spherical_cell_area,11004,-0.8812784390519678,26.70936651932353,53.03062220513127,60.0
2005,whole_blocks,0,5000,14,historical_density,global,equal_cell,96240,-4.710961697849141,17.864371944563153,33.38047699823636,60.0
2005,whole_blocks,0,5000,14,historical_density,global,spherical_cell_area,96240,-0.8727193804164243,14.47735274597091,26.474238139149698,60.0
2005,whole_blocks,0,5000,14,historical_density,south_of_60n,equal_cell,85236,0.5938162227527911,13.399862228077902,22.09171158172098,60.0
2005,whole_blocks,0,5000,14,historical_density,south_of_60n,spherical_cell_area,85236,0.7490599647410975,13.108150998226138,21.98962681831733,60.0
2005,whole_blocks,0,5000,14,historical_density,60_to_90n,equal_cell,11004,-45.80129710683008,52.44606498294346,77.23239254673784,60.0
2005,whole_blocks,0,5000,14,historical_density,60_to_90n,spherical_cell_area,11004,-38.40022074169986,46.16028211967851,75.69746695345317,60.0
2005,whole_blocks,0,5000,15,random,global,equal_cell,96240,0.9878796389623656,13.675892958722722,26.89338245672637,60.0
2005,whole_blocks,0,5000,15,random,global,spherical_cell_area,96240,1.353130045382217,12.630796366142658,24.23433769552115,60.0
2005,whole_blocks,0,5000,15,random,south_of_60n,equal_cell,85236,1.0826270390334258,12.256658137791227,22.015494978159868,60.0
2005,whole_blocks,0,5000,15,random,south_of_60n,spherical_cell_area,85236,1.3452871848089856,11.87492156104362,21.58474717806347,60.0
2005,whole_blocks,0,5000,15,random,60_to_90n,equal_cell,11004,0.2539747505166316,24.669158970801664,50.70711394670005,60.0
2005,whole_blocks,0,5000,15,random,60_to_90n,spherical_cell_area,11004,1.534611553157685,30.121519047999797,58.27954776603082,60.0
2005,whole_blocks,0,5000,15,historical_density,global,equal_cell,96240,-6.331376567404906,17.881380743620685,34.72521934852373,60.0
2005,whole_blocks,0,5000,15,historical_density,global,spherical_cell_area,96240,-2.0341913364540445,14.176039456446906,26.65055348211065,60.0
2005,whole_blocks,0,5000,15,historical_density,south_of_60n,equal_cell,85236,-0.2238828705831939,12.840022920809306,21.01634263444555,60.0
2005,whole_blocks,0,5000,15,historical_density,south_of_60n,spherical_cell_area,85236,-0.0326502156376153,12.519711733028595,20.81777546239577,60.0
2005,whole_blocks,0,5000,15,historical_density,60_to_90n,equal_cell,11004,-53.63947659851137,56.93128763067547,84.40918769961517,60.0
2005,whole_blocks,0,5000,15,historical_density,60_to_90n,spherical_cell_area,11004,-48.3492695006834,52.50298022117506,84.36228189249081,60.0
2005,whole_blocks,0,5000,16,random,global,equal_cell,96240,0.8437500320956731,12.741409918843242,25.215146113052963,60.0
2005,whole_blocks,0,5000,16,random,global,spherical_cell_area,96240,1.2343658859815787,12.072834112636958,23.023494244556375,60.0
2005,whole_blocks,0,5000,16,random,south_of_60n,equal_cell,85236,1.3229823549546655,11.9357317324955,21.5154754599432,60.0
2005,whole_blocks,0,5000,16,random,south_of_60n,spherical_cell_area,85236,1.411863504526886,11.628259472642556,21.12734245629286,60.0
2005,whole_blocks,0,5000,16,random,60_to_90n,equal_cell,11004,-2.868340686843721,18.98212110491523,44.4407231990084,60.0
2005,whole_blocks,0,5000,16,random,60_to_90n,spherical_cell_area,11004,-2.872877273498053,22.36016170587466,49.67153155023838,60.0
2005,whole_blocks,0,5000,16,historical_density,global,equal_cell,96240,-5.446332742431268,17.9953597341275,33.778996794869244,60.0
2005,whole_blocks,0,5000,16,historical_density,global,spherical_cell_area,96240,-1.8009008042165957,14.34571267584023,25.97582847626684,60.0
2005,whole_blocks,0,5000,16,historical_density,south_of_60n,equal_cell,85236,-0.2343854408220065,13.129487883391253,20.58244971553082,60.0
2005,whole_blocks,0,5000,16,historical_density,south_of_60n,spherical_cell_area,85236,-0.1134465177540477,12.73361281656022,20.302878979886124,60.0
2005,whole_blocks,0,5000,16,historical_density,60_to_90n,equal_cell,11004,-45.81761047779722,55.68596797379988,81.84013807049085,60.0
2005,whole_blocks,0,5000,16,historical_density,60_to_90n,spherical_cell_area,11004,-40.8481011656049,51.649233555112055,82.15697175032386,60.0
2005,whole_blocks,0,5000,17,random,global,equal_cell,96240,0.4929932143416683,13.344366839678122,25.97955887895325,60.0
2005,whole_blocks,0,5000,17,random,global,spherical_cell_area,96240,0.6917222105596139,12.509083363105498,23.754507294416708,60.0
2005,whole_blocks,0,5000,17,random,south_of_60n,equal_cell,85236,0.7653655287036496,12.299242522669347,22.026812926346565,60.0
2005,whole_blocks,0,5000,17,random,south_of_60n,spherical_cell_area,85236,0.7419491793254445,11.967130942370034,21.773086595272808,60.0
2005,whole_blocks,0,5000,17,random,60_to_90n,equal_cell,11004,-1.6167783766214223,21.439806342091767,46.31174980478653,60.0
2005,whole_blocks,0,5000,17,random,60_to_90n,spherical_cell_area,11004,-0.4705152074719779,25.049704420852148,51.494600859786495,60.0
2005,whole_blocks,0,5000,17,historical_density,global,equal_cell,96240,-4.20080071554833,16.996706097698507,31.873750336657327,60.0
2005,whole_blocks,0,5000,17,historical_density,global,spherical_cell_area,96240,-0.9795269317006104,14.108126901168731,25.69814070690652,60.0
2005,whole_blocks,0,5000,17,historical_density,south_of_60n,equal_cell,85236,0.3249201836807679,13.109750125485284,21.313904008862743,60.0
2005,whole_blocks,0,5000,17,historical_density,south_of_60n,spherical_cell_area,85236,0.5378518030948686,12.77974348388958,21.08333225630366,60.0
2005,whole_blocks,0,5000,17,historical_density,60_to_90n,equal_cell,11004,-39.256630101834354,47.10471947897497,73.25608104312437,60.0
2005,whole_blocks,0,5000,17,historical_density,60_to_90n,spherical_cell_area,11004,-36.09122859792762,44.84653200485915,75.206177363583,60.0
2005,whole_blocks,0,5000,18,random,global,equal_cell,96240,0.7245095336778156,12.784983389566513,24.96504098509155,60.0
2005,whole_blocks,0,5000,18,random,global,spherical_cell_area,96240,0.978848978299461,11.926564019265127,22.52690808980897,60.0
2005,whole_blocks,0,5000,18,random,south_of_60n,equal_cell,85236,1.0644248585215208,11.820514313549278,21.164869392866883,60.0
2005,whole_blocks,0,5000,18,random,south_of_60n,spherical_cell_area,85236,1.0518998320803157,11.46529030423206,20.670785862100487,60.0
2005,whole_blocks,0,5000,18,random,60_to_90n,equal_cell,11004,-1.9084441766437092,20.255674607614942,44.50981459503023,60.0
2005,whole_blocks,0,5000,18,random,60_to_90n,spherical_cell_area,11004,-0.7115264867041713,22.600303341766043,48.608723960330174,60.0
2005,whole_blocks,0,5000,18,historical_density,global,equal_cell,96240,-4.729049602064148,17.490047641593147,32.9298808547775,60.0
2005,whole_blocks,0,5000,18,historical_density,global,spherical_cell_area,96240,-1.2507154057052152,14.32600039190815,26.26741908236357,60.0
2005,whole_blocks,0,5000,18,historical_density,south_of_60n,equal_cell,85236,0.1043394004107843,13.237748133460808,21.51980944611451,60.0
2005,whole_blocks,0,5000,18,historical_density,south_of_60n,spherical_cell_area,85236,0.3808863886194645,12.87538274490169,21.30229729057744,60.0
2005,whole_blocks,0,5000,18,historical_density,60_to_90n,equal_cell,11004,-42.16804860378654,50.42797938233908,76.79008087317037,60.0
2005,whole_blocks,0,5000,18,historical_density,60_to_90n,spherical_cell_area,11004,-39.00550537785444,47.892869944960125,78.4559239330293,60.0
2005,whole_blocks,0,5000,19,random,global,equal_cell,96240,1.0295233325711153,13.122655061838817,25.19586390411776,60.0
2005,whole_blocks,0,5000,19,random,global,spherical_cell_area,96240,1.188431183622619,12.2524524097213,22.74064412013407,60.0
2005,whole_blocks,0,5000,19,random,south_of_60n,equal_cell,85236,1.219642198264348,12.096657161908146,21.19350664407525,60.0
2005,whole_blocks,0,5000,19,random,south_of_60n,spherical_cell_area,85236,1.2373112476683965,11.729203440428568,20.750520438831117,60.0
2005,whole_blocks,0,5000,19,random,60_to_90n,equal_cell,11004,-0.4431204002740666,21.06994304788849,45.53010269428604,60.0
2005,whole_blocks,0,5000,19,random,60_to_90n,spherical_cell_area,11004,0.0573607482426484,24.360281052412443,50.19903763626742,60.0
2005,whole_blocks,0,5000,19,historical_density,global,equal_cell,96240,-3.797190155168993,17.481488528089603,33.26397799442733,60.0
2005,whole_blocks,0,5000,19,historical_density,global,spherical_cell_area,96240,-0.6597754893986205,14.348100437311778,26.51059919954312,60.0
2005,whole_blocks,0,5000,19,historical_density,south_of_60n,equal_cell,85236,0.5952582023862155,13.28559559658173,21.86532165727326,60.0
2005,whole_blocks,0,5000,19,historical_density,south_of_60n,spherical_cell_area,85236,0.8068553183597571,12.917398136964083,21.538985705930514,60.0
2005,whole_blocks,0,5000,19,historical_density,60_to_90n,equal_cell,11004,-37.82070235115006,49.982499970292906,77.2917976304434,60.0
2005,whole_blocks,0,5000,19,historical_density,60_to_90n,spherical_cell_area,11004,-34.59718491503592,47.45413467322969,78.93362519982715,60.0
2005,whole_blocks,1,5000,0,random,global,equal_cell,94032,0.1800617215882867,11.266812328550149,18.262849332553827,60.0
2005,whole_blocks,1,5000,0,random,global,spherical_cell_area,94032,0.4866894027292468,10.73235287004145,17.047921550914566,60.0
2005,whole_blocks,1,5000,0,random,south_of_60n,equal_cell,85332,0.116153804316738,10.629406989652349,16.666456690397816,60.0
2005,whole_blocks,1,5000,0,random,south_of_60n,spherical_cell_area,85332,0.404568147158599,10.452602238322417,16.3535696026517,60.0
2005,whole_blocks,1,5000,0,random,60_to_90n,equal_cell,8700,0.8068882039579173,17.518659728415354,29.672374846559286,60.0
2005,whole_blocks,1,5000,0,random,60_to_90n,spherical_cell_area,8700,3.1196407814466567,19.701648411900543,32.15929592024808,60.0
2005,whole_blocks,1,5000,0,historical_density,global,equal_cell,94032,-3.826369438506239,16.169782000141634,28.85505236050001,60.0
2005,whole_blocks,1,5000,0,historical_density,global,spherical_cell_area,94032,-0.6735534328328402,13.098263273593547,21.841717530873268,60.0
2005,whole_blocks,1,5000,0,historical_density,south_of_60n,equal_cell,85332,0.4250311280310159,12.440646331639307,18.374253674400645,60.0
2005,whole_blocks,1,5000,0,historical_density,south_of_60n,spherical_cell_area,85332,0.4639922781049572,12.046840332865544,17.924499572248436,60.0
2005,whole_blocks,1,5000,0,historical_density,60_to_90n,equal_cell,8700,-45.52527899525992,52.74617336389343,75.41696707046135,60.0
2005,whole_blocks,1,5000,0,historical_density,60_to_90n,spherical_cell_area,8700,-37.14526257993799,46.80872546962432,73.96900756853456,60.0
2005,whole_blocks,1,5000,1,random,global,equal_cell,94032,0.2272161648116623,10.802403808075226,17.567730112450413,60.0
2005,whole_blocks,1,5000,1,random,global,spherical_cell_area,94032,0.6683107883494459,10.309819320495446,16.403673935471247,60.0
2005,whole_blocks,1,5000,1,random,south_of_60n,equal_cell,85332,0.4478694054014842,10.20163682308396,15.986183306362276,60.0
2005,whole_blocks,1,5000,1,random,south_of_60n,spherical_cell_area,85332,0.7005909271704233,10.040430273735415,15.694530253309187,60.0
2005,whole_blocks,1,5000,1,random,60_to_90n,equal_cell,8700,-1.9370116887527824,16.694892125693023,28.794474231167985,60.0
2005,whole_blocks,1,5000,1,random,60_to_90n,spherical_cell_area,8700,-0.366647036190446,18.94690428892958,31.605027836325405,60.0
2005,whole_blocks,1,5000,1,historical_density,global,equal_cell,94032,-3.0637442501621983,16.52928806180967,29.175751383494696,60.0
2005,whole_blocks,1,5000,1,historical_density,global,spherical_cell_area,94032,0.2258922462047148,13.658774157399886,22.82441116100595,60.0
2005,whole_blocks,1,5000,1,historical_density,south_of_60n,equal_cell,85332,1.140777507102,13.005133815636242,19.624916600812416,60.0
2005,whole_blocks,1,5000,1,historical_density,south_of_60n,spherical_cell_area,85332,1.3711494821891348,12.666364311478008,19.301383977572527,60.0
2005,whole_blocks,1,5000,1,historical_density,60_to_90n,equal_cell,8700,-44.302853513480414,51.095165088760375,73.63922521368316,60.0
2005,whole_blocks,1,5000,1,historical_density,60_to_90n,spherical_cell_area,8700,-36.49306190905855,45.477173108020345,72.65843895719253,60.0
2005,whole_blocks,1,5000,2,random,global,equal_cell,94032,-0.1278982069721887,11.277958259925157,18.74905316708779,60.0
2005,whole_blocks,1,5000,2,random,global,spherical_cell_area,94032,0.2285255160583342,10.749079224370968,17.71938532632727,60.0
2005,whole_blocks,1,5000,2,random,south_of_60n,equal_cell,85332,-0.1001596050833936,10.713743178989814,17.593545455620745,60.0
2005,whole_blocks,1,5000,2,random,south_of_60n,spherical_cell_area,85332,0.1960716791696219,10.483361971400129,17.178534455609245,60.0
2005,whole_blocks,1,5000,2,random,60_to_90n,equal_cell,8700,-0.3999660663255986,16.81193541927856,27.6300059992785,60.0
2005,whole_blocks,1,5000,2,random,60_to_90n,spherical_cell_area,8700,1.26905240507179,19.268440048764237,30.317130794437468,60.0
2005,whole_blocks,1,5000,2,historical_density,global,equal_cell,94032,-2.976709662911868,15.17899937731426,26.326615341610196,60.0
2005,whole_blocks,1,5000,2,historical_density,global,spherical_cell_area,94032,-0.0738644609101599,12.631166697652969,20.815274928676263,60.0
2005,whole_blocks,1,5000,2,historical_density,south_of_60n,equal_cell,85332,0.6061642287009638,12.033710747341209,17.973308100872448,60.0
2005,whole_blocks,1,5000,2,historical_density,south_of_60n,spherical_cell_area,85332,0.9191970002119938,11.699022701537883,17.53659147554541,60.0
2005,whole_blocks,1,5000,2,historical_density,60_to_90n,equal_cell,8700,-38.11852517085512,46.02885792591892,65.74687599897852,60.0
2005,whole_blocks,1,5000,2,historical_density,60_to_90n,spherical_cell_area,8700,-31.913155336867725,42.517336881972255,66.81943443612494,60.0
2005,whole_blocks,1,5000,3,random,global,equal_cell,94032,0.3828748370038687,11.67585254601488,19.753925564949675,60.0
2005,whole_blocks,1,5000,3,random,global,spherical_cell_area,94032,0.614792818019788,10.974616030664588,18.195819231158705,60.0
2005,whole_blocks,1,5000,3,random,south_of_60n,equal_cell,85332,0.3415169464127489,10.852224788052396,17.70034169740222,60.0
2005,whole_blocks,1,5000,3,random,south_of_60n,spherical_cell_area,85332,0.5478459757305679,10.629742154521317,17.310330036237634,60.0
2005,whole_blocks,1,5000,3,random,60_to_90n,equal_cell,8700,0.7885244369948403,19.754220803768256,33.83231903852481,60.0
2005,whole_blocks,1,5000,3,random,60_to_90n,spherical_cell_area,8700,2.7612259123669465,22.031876923295133,36.59397938451004,60.0
2005,whole_blocks,1,5000,3,historical_density,global,equal_cell,94032,-3.945695072467653,16.349416407642245,30.265851095468975,60.0
2005,whole_blocks,1,5000,3,historical_density,global,spherical_cell_area,94032,-0.4666551270218739,13.222496992335309,23.29831973394254,60.0
2005,whole_blocks,1,5000,3,historical_density,south_of_60n,equal_cell,85332,0.2582526005472557,12.55567450769117,20.094294269679303,60.0
2005,whole_blocks,1,5000,3,historical_density,south_of_60n,spherical_cell_area,85332,0.6228967518605824,12.1759534262312,19.5655148233919,60.0
2005,whole_blocks,1,5000,3,historical_density,60_to_90n,equal_cell,8700,-45.17917355910079,53.559483511852,77.07284584313103,60.0
2005,whole_blocks,1,5000,3,historical_density,60_to_90n,spherical_cell_area,8700,-35.39959790478759,46.77651788636712,75.31777273094713,60.0
2005,whole_blocks,1,5000,4,random,global,equal_cell,94032,0.1621150567656138,11.585495430053932,19.30152798223993,60.0
2005,whole_blocks,1,5000,4,random,global,spherical_cell_area,94032,0.5561875697253408,11.230208418525324,18.454866533814563,60.0
2005,whole_blocks,1,5000,4,random,south_of_60n,equal_cell,85332,0.2828759671438794,11.19772605481936,18.32962792762161,60.0
2005,whole_blocks,1,5000,4,random,south_of_60n,spherical_cell_area,85332,0.5415545918721608,11.030913356669227,17.98076279255459,60.0
2005,whole_blocks,1,5000,4,random,60_to_90n,equal_cell,8700,-1.0223412655790027,15.388844433216772,27.04208094574897,60.0
2005,whole_blocks,1,5000,4,random,60_to_90n,spherical_cell_area,8700,1.0253464853501264,17.619957384725016,29.906945871340767,60.0
2005,whole_blocks,1,5000,4,historical_density,global,equal_cell,94032,-3.026236500017957,16.00469124612321,28.09018102975966,60.0
2005,whole_blocks,1,5000,4,historical_density,global,spherical_cell_area,94032,0.0933094578235251,13.30948847644084,21.8865016655518,60.0
2005,whole_blocks,1,5000,4,historical_density,south_of_60n,equal_cell,85332,1.0591288718266447,12.603761749175025,18.448857398660653,60.0
2005,whole_blocks,1,5000,4,historical_density,south_of_60n,spherical_cell_area,85332,1.2369577064054853,12.31999376664531,18.090313876923013,60.0
2005,whole_blocks,1,5000,4,historical_density,60_to_90n,equal_cell,8700,-43.09662706441378,49.36194593963842,72.04173343253075,60.0
2005,whole_blocks,1,5000,4,historical_density,60_to_90n,spherical_cell_area,8700,-36.57405774141713,45.03442305380393,73.10741730770268,60.0
2005,whole_blocks,1,5000,5,random,global,equal_cell,94032,0.5440322833239741,11.589722867862193,19.356138152148315,60.0
2005,whole_blocks,1,5000,5,random,global,spherical_cell_area,94032,0.9924630778023726,11.1159670637147,18.351432085049847,60.0
2005,whole_blocks,1,5000,5,random,south_of_60n,equal_cell,85332,0.6987815952936892,10.957698928076102,18.015417665978305,60.0
2005,whole_blocks,1,5000,5,random,south_of_60n,spherical_cell_area,85332,1.0365689445428796,10.839940124639298,17.741275789393196,60.0
2005,whole_blocks,1,5000,5,random,60_to_90n,equal_cell,8700,-0.9737916579403628,17.788788020715817,29.42960902598984,60.0
2005,whole_blocks,1,5000,5,random,60_to_90n,spherical_cell_area,8700,-0.4216483095234197,19.96587449330203,32.29311321421213,60.0
2005,whole_blocks,1,5000,5,historical_density,global,equal_cell,94032,-3.5797131858372637,16.397225332965576,29.522948439988905,60.0
2005,whole_blocks,1,5000,5,historical_density,global,spherical_cell_area,94032,-0.7078770391409337,13.471261806160582,22.84850936933068,60.0
2005,whole_blocks,1,5000,5,historical_density,south_of_60n,equal_cell,85332,0.302290938597661,12.772180626158107,19.309592798021587,60.0
2005,whole_blocks,1,5000,5,historical_density,south_of_60n,spherical_cell_area,85332,0.3291899332407379,12.43906601264954,18.934758813097304,60.0
2005,whole_blocks,1,5000,5,historical_density,60_to_90n,equal_cell,8700,-41.6554805359845,51.95266382966616,75.91722008604096,60.0
2005,whole_blocks,1,5000,5,historical_density,60_to_90n,spherical_cell_area,8700,-33.958061729821466,46.565267965055526,75.92818968532092,60.0
2005,whole_blocks,1,5000,6,random,global,equal_cell,94032,3.203387942279581,13.615115912385342,30.962373766815126,60.0
2005,whole_blocks,1,5000,6,random,global,spherical_cell_area,94032,3.1319419318491697,12.796322400555576,27.68900871433887,60.0
2005,whole_blocks,1,5000,6,random,south_of_60n,equal_cell,85332,2.63880716883186,12.552582560294582,25.082793183774736,60.0
2005,whole_blocks,1,5000,6,random,south_of_60n,spherical_cell_area,85332,2.8099597818063677,12.304023206078394,24.98122658953668,60.0
2005,whole_blocks,1,5000,6,random,60_to_90n,equal_cell,8700,8.740951914675088,24.03673614234038,64.7357089032376,60.0
2005,whole_blocks,1,5000,6,random,60_to_90n,spherical_cell_area,8700,13.455253965824006,28.580297375524747,73.07060299539225,60.0
2005,whole_blocks,1,5000,6,historical_density,global,equal_cell,94032,-3.472568812094,16.073799515546074,27.904205281410174,60.0
2005,whole_blocks,1,5000,6,historical_density,global,spherical_cell_area,94032,-0.3109351067688252,13.260072801286178,21.784832875986087,60.0
2005,whole_blocks,1,5000,6,historical_density,south_of_60n,equal_cell,85332,0.4990797812437895,12.68951948762706,19.14164422656606,60.0
2005,whole_blocks,1,5000,6,historical_density,south_of_60n,spherical_cell_area,85332,0.7174420175844438,12.334685053945902,18.71524522752284,60.0
2005,whole_blocks,1,5000,6,historical_density,60_to_90n,equal_cell,8700,-42.4275938427492,49.26775162386621,69.44083231465123,60.0
2005,whole_blocks,1,5000,6,historical_density,60_to_90n,spherical_cell_area,8700,-33.28250803989355,42.9296258089322,66.78659446214269,60.0
2005,whole_blocks,1,5000,7,random,global,equal_cell,94032,0.4812649368571857,10.746287605607248,16.96696354911209,60.0
2005,whole_blocks,1,5000,7,random,global,spherical_cell_area,94032,0.7322848829854007,10.197876358329689,15.915665285859587,60.0
2005,whole_blocks,1,5000,7,random,south_of_60n,equal_cell,85332,0.3350720030818924,10.112881987587873,15.543014113827104,60.0
2005,whole_blocks,1,5000,7,random,south_of_60n,spherical_cell_area,85332,0.6259889625957459,9.92731627832582,15.292910315524932,60.0
2005,whole_blocks,1,5000,7,random,60_to_90n,equal_cell,8700,1.9151655604104432,16.958904639725574,27.23835702515831,60.0
2005,whole_blocks,1,5000,7,random,60_to_90n,spherical_cell_area,8700,4.140318384144034,18.87250670490586,29.60469624427385,60.0
2005,whole_blocks,1,5000,7,historical_density,global,equal_cell,94032,-3.7579263097154247,16.410319607995515,29.385262768039155,60.0
2005,whole_blocks,1,5000,7,historical_density,global,spherical_cell_area,94032,-0.3181880130161196,13.318985400538624,21.79085702131698,60.0
2005,whole_blocks,1,5000,7,historical_density,south_of_60n,equal_cell,85332,0.746023440432279,12.486672086398496,17.927456813812313,60.0
2005,whole_blocks,1,5000,7,historical_density,south_of_60n,spherical_cell_area,85332,0.9043129233693378,12.230151817321712,17.627411515738064,60.0
2005,whole_blocks,1,5000,7,historical_density,60_to_90n,equal_cell,8700,-47.9339079280607,54.89453688534228,78.61653529489384,60.0
2005,whole_blocks,1,5000,7,historical_density,60_to_90n,spherical_cell_area,8700,-39.51371057989096,48.228898360387056,75.74088751792206,60.0
2005,whole_blocks,1,5000,8,random,global,equal_cell,94032,0.2992906340129686,11.532470291441856,18.718215203652644,60.0
2005,whole_blocks,1,5000,8,random,global,spherical_cell_area,94032,0.8449473613963128,10.933917808070357,17.420258048977452,60.0
2005,whole_blocks,1,5000,8,random,south_of_60n,equal_cell,85332,0.5577276707027414,10.699642797976722,16.781239041754908,60.0
2005,whole_blocks,1,5000,8,random,south_of_60n,spherical_cell_area,85332,0.8671463586266661,10.59425884030931,16.63750110704389,60.0
2005,whole_blocks,1,5000,8,random,60_to_90n,equal_cell,8700,-2.235531114815962,19.701072092863363,32.012564547537075,60.0
2005,whole_blocks,1,5000,8,random,60_to_90n,spherical_cell_area,8700,0.1332086043881277,21.823979598355734,34.03230768859881,60.0
2005,whole_blocks,1,5000,8,historical_density,global,equal_cell,94032,-4.421163404645513,16.682000441410597,30.003232057360368,60.0
2005,whole_blocks,1,5000,8,historical_density,global,spherical_cell_area,94032,-1.2837838933056902,13.603021087207958,23.1269445939752,60.0
2005,whole_blocks,1,5000,8,historical_density,south_of_60n,equal_cell,85332,-0.2058305598998248,12.978889573157383,20.186242796679448,60.0
2005,whole_blocks,1,5000,8,historical_density,south_of_60n,spherical_cell_area,85332,-0.1987884523435561,12.600578762024927,19.653924005816968,60.0
2005,whole_blocks,1,5000,8,historical_density,60_to_90n,equal_cell,8700,-45.76631079635116,53.00313338506384,75.71542101401684,60.0
2005,whole_blocks,1,5000,8,historical_density,60_to_90n,spherical_cell_area,8700,-36.070639285765495,45.74307890579205,72.79116355949473,60.0
2005,whole_blocks,1,5000,9,random,global,equal_cell,94032,0.8781195245175486,11.395154401091002,18.47943233313023,60.0
2005,whole_blocks,1,5000,9,random,global,spherical_cell_area,94032,1.39609606922782,10.927124654853548,17.539886409943847,60.0
2005,whole_blocks,1,5000,9,random,south_of_60n,equal_cell,85332,1.0295797777751132,10.877410746242598,17.334720174565422,60.0
2005,whole_blocks,1,5000,9,random,south_of_60n,spherical_cell_area,85332,1.4070514596337764,10.669523384959254,16.9834254037944,60.0
2005,whole_blocks,1,5000,9,random,60_to_90n,equal_cell,8700,-0.6074444215714773,16.47332699367998,27.268998571409277,60.0
2005,whole_blocks,1,5000,9,random,60_to_90n,spherical_cell_area,8700,1.0448470524743412,19.186272837799084,30.3904918553082,60.0
2005,whole_blocks,1,5000,9,historical_density,global,equal_cell,94032,-4.236465905040089,16.05486860566253,28.815971462109943,60.0
2005,whole_blocks,1,5000,9,historical_density,global,spherical_cell_area,94032,-1.2059027235774824,13.345405113067208,22.54357458444488,60.0
2005,whole_blocks,1,5000,9,historical_density,south_of_60n,equal_cell,85332,-0.3957371306627988,12.58676782451723,19.361160937515145,60.0
2005,whole_blocks,1,5000,9,historical_density,south_of_60n,spherical_cell_area,85332,-0.2141555831854131,12.389963757803038,19.08555434788292,60.0
2005,whole_blocks,1,5000,9,historical_density,60_to_90n,equal_cell,8700,-41.907393235518576,50.07095778459251,72.78794794595137,60.0
2005,whole_blocks,1,5000,9,historical_density,60_to_90n,spherical_cell_area,8700,-33.00305417345946,43.97852946249041,71.57962111918508,60.0
2005,whole_blocks,1,5000,10,random,global,equal_cell,94032,0.4307057403353044,11.24714253159333,18.08210543904036,60.0
2005,whole_blocks,1,5000,10,random,global,spherical_cell_area,94032,0.4521271693135498,10.781208385547822,17.168340603872856,60.0
2005,whole_blocks,1,5000,10,random,south_of_60n,equal_cell,85332,0.195977561121846,10.7502277090199,16.918286574573845,60.0
2005,whole_blocks,1,5000,10,random,south_of_60n,spherical_cell_area,85332,0.31488223730309,10.533183417372369,16.61004546195885,60.0
2005,whole_blocks,1,5000,10,random,60_to_90n,equal_cell,8700,2.7329844746620657,16.121020191344567,26.95355243065331,60.0
2005,whole_blocks,1,5000,10,random,60_to_90n,spherical_cell_area,8700,4.852440224050579,18.733323552029905,29.98970409173257,60.0
2005,whole_blocks,1,5000,10,historical_density,global,equal_cell,94032,-3.575420542929204,16.08919478707681,28.53865614661415,60.0
2005,whole_blocks,1,5000,10,historical_density,global,spherical_cell_area,94032,-0.3609859845174117,13.181402236994176,22.098531711716934,60.0
2005,whole_blocks,1,5000,10,historical_density,south_of_60n,equal_cell,85332,0.64457140658514,12.37690827492252,18.630759619360457,60.0
2005,whole_blocks,1,5000,10,historical_density,south_of_60n,spherical_cell_area,85332,0.7227980992848639,12.157567680901014,18.511205265823367,60.0
2005,whole_blocks,1,5000,10,historical_density,60_to_90n,equal_cell,8700,-44.966265719476105,52.50032497732396,73.47346177160401,60.0
2005,whole_blocks,1,5000,10,historical_density,60_to_90n,spherical_cell_area,8700,-35.10900314341632,46.007332470427286,71.82696927103486,60.0
2005,whole_blocks,1,5000,11,random,global,equal_cell,94032,-0.777435502360974,11.40481942366714,19.65119279535773,60.0
2005,whole_blocks,1,5000,11,random,global,spherical_cell_area,94032,-0.288837734613375,10.95295759664852,18.499081952768908,60.0
2005,whole_blocks,1,5000,11,random,south_of_60n,equal_cell,85332,-0.5958021574782041,10.773792980040076,18.224302028255043,60.0
2005,whole_blocks,1,5000,11,random,south_of_60n,spherical_cell_area,85332,-0.2699573452924092,10.685121582377,17.923934113807906,60.0
2005,whole_blocks,1,5000,11,random,60_to_90n,equal_cell,8700,-2.5589454547214934,17.594100859021705,30.26961744776924,60.0
2005,whole_blocks,1,5000,11,random,60_to_90n,spherical_cell_area,8700,-0.8941761058782003,19.540249621667485,31.84125424610938,60.0
2005,whole_blocks,1,5000,11,historical_density,global,equal_cell,94032,-3.828995253005233,15.745664625105457,28.012029112083237,60.0
2005,whole_blocks,1,5000,11,historical_density,global,spherical_cell_area,94032,-1.100769499378753,13.186877345837258,22.236540477101343,60.0
2005,whole_blocks,1,5000,11,historical_density,south_of_60n,equal_cell,85332,-0.3253205423884631,12.556913692022508,19.220013429058294,60.0
2005,whole_blocks,1,5000,11,historical_density,south_of_60n,spherical_cell_area,85332,-0.112951149304707,12.231850651872564,18.815514784828785,60.0
2005,whole_blocks,1,5000,11,historical_density,60_to_90n,equal_cell,8700,-38.19400334568917,47.02181343221287,69.69724575294909,60.0
2005,whole_blocks,1,5000,11,historical_density,60_to_90n,spherical_cell_area,8700,-32.7719570460952,43.80670692726688,70.69102219944122,60.0
2005,whole_blocks,1,5000,12,random,global,equal_cell,94032,1.1055469680142826,12.403142640819926,22.5150839984518,60.0
2005,whole_blocks,1,5000,12,random,global,spherical_cell_area,94032,0.6667174559725154,11.396364729934392,19.56589071668046,60.0
2005,whole_blocks,1,5000,12,random,south_of_60n,equal_cell,85332,0.1855808513313622,11.069278140424167,17.791807569871228,60.0
2005,whole_blocks,1,5000,12,random,south_of_60n,spherical_cell_area,85332,0.2721205195140856,10.873039582841797,17.51205485934676,60.0
2005,whole_blocks,1,5000,12,random,60_to_90n,equal_cell,8700,10.12882842419669,25.486053623322302,48.72611580392165,60.0
2005,whole_blocks,1,5000,12,random,60_to_90n,spherical_cell_area,8700,13.3181868065853,28.175086121615465,53.14500085942508,60.0
2005,whole_blocks,1,5000,12,historical_density,global,equal_cell,94032,-3.797945441669729,16.180793085254127,30.22902923605916,60.0
2005,whole_blocks,1,5000,12,historical_density,global,spherical_cell_area,94032,-0.6411534626548671,13.12281007648406,23.002203696444944,60.0
2005,whole_blocks,1,5000,12,historical_density,south_of_60n,equal_cell,85332,0.4401876111434576,12.346942480593984,19.021886587794885,60.0
2005,whole_blocks,1,5000,12,historical_density,south_of_60n,spherical_cell_area,85332,0.5027460511783736,12.013798035041765,18.588730191005546,60.0
2005,whole_blocks,1,5000,12,historical_density,60_to_90n,equal_cell,8700,-45.36672356381397,53.78425742972072,79.54615109717737,60.0
2005,whole_blocks,1,5000,12,historical_density,60_to_90n,spherical_cell_area,8700,-37.31657666621723,48.6796797716592,80.08977602469604,60.0
2005,whole_blocks,1,5000,13,random,global,equal_cell,94032,-0.1201313842295566,11.6494581859873,21.389617809125077,60.0
2005,whole_blocks,1,5000,13,random,global,spherical_cell_area,94032,0.2299876165712874,11.13490278219584,20.443679961507,60.0
2005,whole_blocks,1,5000,13,random,south_of_60n,equal_cell,85332,-0.1325832925212938,11.096432200209534,20.477791278020845,60.0
2005,whole_blocks,1,5000,13,random,south_of_60n,spherical_cell_area,85332,0.1839264229924947,10.891403956372212,20.015845263889023,60.0
2005,whole_blocks,1,5000,13,random,60_to_90n,equal_cell,8700,0.0020003673049852,17.07368961338828,28.843624405723087,60.0
2005,whole_blocks,1,5000,13,random,60_to_90n,spherical_cell_area,8700,1.7067902092242857,18.941901892393727,31.1918679587039,60.0
2005,whole_blocks,1,5000,13,historical_density,global,equal_cell,94032,-3.318787225393371,15.333178975104111,26.798043897355093,60.0
2005,whole_blocks,1,5000,13,historical_density,global,spherical_cell_area,94032,-0.7254191582371937,12.763259234235086,21.05962817479,60.0
2005,whole_blocks,1,5000,13,historical_density,south_of_60n,equal_cell,85332,0.0503914390236196,12.137625820187871,18.02706829944048,60.0
2005,whole_blocks,1,5000,13,historical_density,south_of_60n,spherical_cell_area,85332,0.1474417451788479,11.812261590133954,17.6131289758929,60.0
2005,whole_blocks,1,5000,13,historical_density,60_to_90n,equal_cell,8700,-36.36462099459229,46.67604585042743,67.6339896341806,60.0
2005,whole_blocks,1,5000,13,historical_density,60_to_90n,spherical_cell_area,8700,-28.710869491503036,43.253910415755165,68.67953640736938,60.0
2005,whole_blocks,1,5000,14,random,global,equal_cell,94032,2.2794559881865006,12.474902152131405,26.242833642407373,60.0
2005,whole_blocks,1,5000,14,random,global,spherical_cell_area,94032,1.6039893766312774,11.266783876896312,20.747912120386182,60.0
2005,whole_blocks,1,5000,14,random,south_of_60n,equal_cell,85332,0.7040510258435891,10.67260434047141,16.197404785539344,60.0
2005,whole_blocks,1,5000,14,random,south_of_60n,spherical_cell_area,85332,0.9214087645004774,10.51080906459209,16.052978214548634,60.0
2005,whole_blocks,1,5000,14,random,60_to_90n,equal_cell,8700,17.731462453318137,30.15233627449582,69.78719401107735,60.0
2005,whole_blocks,1,5000,14,random,60_to_90n,spherical_cell_area,8700,23.48872008742097,35.50466127539372,77.26599032442626,60.0
2005,whole_blocks,1,5000,14,historical_density,global,equal_cell,94032,-3.7530328933714423,16.609838019619563,29.99502260090356,60.0
2005,whole_blocks,1,5000,14,historical_density,global,spherical_cell_area,94032,-0.1832996623801273,13.235892980699766,22.37022122061432,60.0
2005,whole_blocks,1,5000,14,historical_density,south_of_60n,equal_cell,85332,0.9573444225915768,12.471699674058152,18.72376313156935,60.0
2005,whole_blocks,1,5000,14,historical_density,south_of_60n,spherical_cell_area,85332,1.029624857225407,12.132240725091547,18.40086317817211,60.0
2005,whole_blocks,1,5000,14,historical_density,60_to_90n,equal_cell,8700,-49.95371302276873,57.19784046829155,79.28204194262591,60.0
2005,whole_blocks,1,5000,14,historical_density,60_to_90n,spherical_cell_area,8700,-39.07178552373137,48.62091854851216,75.4263982072305,60.0
2005,whole_blocks,1,5000,15,random,global,equal_cell,94032,-0.3153250649295044,11.036387443438183,18.599207030305912,60.0
2005,whole_blocks,1,5000,15,random,global,spherical_cell_area,94032,-0.1094625781562787,10.641735125288308,17.734598550864455,60.0
2005,whole_blocks,1,5000,15,random,south_of_60n,equal_cell,85332,-0.3116443557401644,10.574957646083131,17.563449755369632,60.0
2005,whole_blocks,1,5000,15,random,south_of_60n,spherical_cell_area,85332,-0.1405074213152559,10.417049977200824,17.231075826932923,60.0
2005,whole_blocks,1,5000,15,random,60_to_90n,equal_cell,8700,-0.3514264760266031,15.562218186875128,26.707801896636493,60.0
2005,whole_blocks,1,5000,15,random,60_to_90n,spherical_cell_area,8700,0.885889502489586,17.84553475454904,29.64785951876014,60.0
2005,whole_blocks,1,5000,15,historical_density,global,equal_cell,94032,-3.846656918019389,16.14635116730645,29.141650235827512,60.0
2005,whole_blocks,1,5000,15,historical_density,global,spherical_cell_area,94032,-0.4242745037724095,12.954049582194283,21.9606481226658,60.0
2005,whole_blocks,1,5000,15,historical_density,south_of_60n,equal_cell,85332,0.5895576820927904,12.197458008471392,18.186658587439407,60.0
2005,whole_blocks,1,5000,15,historical_density,south_of_60n,spherical_cell_area,85332,0.7754832040048651,11.823561393770031,17.822774360346926,60.0
2005,whole_blocks,1,5000,15,historical_density,60_to_90n,equal_cell,8700,-47.358273499257606,54.8781846189976,77.03663213646259,60.0
2005,whole_blocks,1,5000,15,historical_density,60_to_90n,spherical_cell_area,8700,-38.89060930184984,49.1994821885519,75.89622299317189,60.0
2005,whole_blocks,1,5000,16,random,global,equal_cell,94032,2.212916435324255,12.466883003271636,24.43253834105693,60.0
2005,whole_blocks,1,5000,16,random,global,spherical_cell_area,94032,2.0544538619921653,11.33987582643529,20.14746048938191,60.0
2005,whole_blocks,1,5000,16,random,south_of_60n,equal_cell,85332,1.3193817539527175,10.868681790355351,17.286175457178107,60.0
2005,whole_blocks,1,5000,16,random,south_of_60n,spherical_cell_area,85332,1.6346581880831077,10.70929202951167,16.996096538284984,60.0
2005,whole_blocks,1,5000,16,random,60_to_90n,equal_cell,8700,10.97695108254219,28.14248138264772,59.33935907959339,60.0
2005,whole_blocks,1,5000,16,random,60_to_90n,spherical_cell_area,8700,15.513838898398252,31.55749751243801,64.48907050363049,60.0
2005,whole_blocks,1,5000,16,historical_density,global,equal_cell,94032,-4.130349672555779,16.464483961369716,29.76255027098812,60.0
2005,whole_blocks,1,5000,16,historical_density,global,spherical_cell_area,94032,-0.4167696934265318,13.169945746611,21.9764250924735,60.0
2005,whole_blocks,1,5000,16,historical_density,south_of_60n,equal_cell,85332,0.6480830618091522,12.318671815318195,17.888764245054123,60.0
2005,whole_blocks,1,5000,16,historical_density,south_of_60n,spherical_cell_area,85332,0.8634042122149914,12.018381143586888,17.520892321723334,60.0
2005,whole_blocks,1,5000,16,historical_density,60_to_90n,equal_cell,8700,-50.99853611954754,57.12775316215919,80.22061278502157,60.0
2005,whole_blocks,1,5000,16,historical_density,60_to_90n,spherical_cell_area,8700,-41.46138873188235,50.09112514341287,78.26392225352795,60.0
2005,whole_blocks,1,5000,17,random,global,equal_cell,94032,1.4633305235385028,11.913467947089227,23.579702563554918,60.0
2005,whole_blocks,1,5000,17,random,global,spherical_cell_area,94032,1.1439481514463885,10.921001506673424,19.547184166930013,60.0
2005,whole_blocks,1,5000,17,random,south_of_60n,equal_cell,85332,0.5174133861107836,10.5306514103115,16.545950511668565,60.0
2005,whole_blocks,1,5000,17,random,south_of_60n,spherical_cell_area,85332,0.7432161477852111,10.33996652007974,16.31724214751151,60.0
2005,whole_blocks,1,5000,17,random,60_to_90n,equal_cell,8700,10.741146750088175,25.47651400643604,57.65613817582774,60.0
2005,whole_blocks,1,5000,17,random,60_to_90n,spherical_cell_area,8700,13.992118508853956,29.55000149460934,64.00098743037425,60.0
2005,whole_blocks,1,5000,17,historical_density,global,equal_cell,94032,-2.519386605410568,15.920121120341626,28.20617420741921,60.0
2005,whole_blocks,1,5000,17,historical_density,global,spherical_cell_area,94032,0.3495169906531891,13.113372712495714,21.759149113204614,60.0
2005,whole_blocks,1,5000,17,historical_density,south_of_60n,equal_cell,85332,1.3920928700649453,12.429753424308846,18.202019580193117,60.0
2005,whole_blocks,1,5000,17,historical_density,south_of_60n,spherical_cell_area,85332,1.404548552608024,12.095811037068431,17.840711579340795,60.0
2005,whole_blocks,1,5000,17,historical_density,60_to_90n,equal_cell,8700,-40.88425632969522,50.15461034308522,73.13906653817499,60.0
2005,whole_blocks,1,5000,17,historical_density,60_to_90n,spherical_cell_area,8700,-33.47664392635356,45.738183397975135,73.81374715594126,60.0
2005,whole_blocks,1,5000,18,random,global,equal_cell,94032,0.583370367720812,10.479348025006406,17.090103816839587,60.0
2005,whole_blocks,1,5000,18,random,global,spherical_cell_area,94032,0.8755026681209309,9.97523832591435,15.924466991323555,60.0
2005,whole_blocks,1,5000,18,random,south_of_60n,equal_cell,85332,0.5562252242892531,9.899356658490497,15.5435066143427,60.0
2005,whole_blocks,1,5000,18,random,south_of_60n,spherical_cell_area,85332,0.8218853130781896,9.718910359905552,15.246422353078891,60.0
2005,whole_blocks,1,5000,18,random,60_to_90n,equal_cell,8700,0.8496174228129718,16.168063345412786,28.0554029699441,60.0
2005,whole_blocks,1,5000,18,random,60_to_90n,spherical_cell_area,8700,2.5945690401824013,18.19356215470786,30.51592938406691,60.0
2005,whole_blocks,1,5000,18,historical_density,global,equal_cell,94032,-4.175392253613086,16.032103652326427,29.796150117764466,60.0
2005,whole_blocks,1,5000,18,historical_density,global,spherical_cell_area,94032,-0.9142681341524505,12.95944480346536,22.446346615699305,60.0
2005,whole_blocks,1,5000,18,historical_density,south_of_60n,equal_cell,85332,-0.0385273497882859,12.165468602284214,18.54077601192897,60.0
2005,whole_blocks,1,5000,18,historical_density,south_of_60n,spherical_cell_area,85332,0.1917126565462568,11.86217846116294,18.145951263459548,60.0
2005,whole_blocks,1,5000,18,historical_density,60_to_90n,equal_cell,8700,-44.750904434438105,53.95712688108529,78.89236259587737,60.0
2005,whole_blocks,1,5000,18,historical_density,60_to_90n,spherical_cell_area,8700,-36.37395061793996,48.13972679878826,78.10654212187431,60.0
2005,whole_blocks,1,5000,19,random,global,equal_cell,94032,0.3555163184513265,12.55251680428966,23.84665536389954,60.0
2005,whole_blocks,1,5000,19,random,global,spherical_cell_area,94032,0.4092055223380889,11.59411118946299,20.693661840432167,60.0
2005,whole_blocks,1,5000,19,random,south_of_60n,equal_cell,85332,-0.2467241217267896,11.346979862878364,19.20870368813032,60.0
2005,whole_blocks,1,5000,19,random,south_of_60n,spherical_cell_area,85332,0.0884065526027947,11.105827745246051,18.714460661274707,60.0
2005,whole_blocks,1,5000,19,random,60_to_90n,equal_cell,8700,6.262456691012132,24.37675568756652,50.27190646575583,60.0
2005,whole_blocks,1,5000,19,random,60_to_90n,spherical_cell_area,8700,10.69458272202093,27.249334173113745,54.11963981368544,60.0
2005,whole_blocks,1,5000,19,historical_density,global,equal_cell,94032,-3.779984931977176,16.12672353692966,28.33835341462146,60.0
2005,whole_blocks,1,5000,19,historical_density,global,spherical_cell_area,94032,-0.5821821994080585,13.030557911154988,21.47105389541859,60.0
2005,whole_blocks,1,5000,19,historical_density,south_of_60n,equal_cell,85332,0.3621607633309682,12.452229617934446,18.53865617264795,60.0
2005,whole_blocks,1,5000,19,historical_density,south_of_60n,spherical_cell_area,85332,0.48798918763696,12.030308093322994,18.02308170813257,60.0
2005,whole_blocks,1,5000,19,historical_density,60_to_90n,equal_cell,8700,-44.40729257244091,52.16717354792964,72.86146415802072,60.0
2005,whole_blocks,1,5000,19,historical_density,60_to_90n,spherical_cell_area,8700,-34.89375244275476,45.10032010149226,69.47665140834913,60.0
2005,whole_blocks,2,5000,0,random,global,equal_cell,97752,0.614716304130988,13.676398714826158,33.59133631078844,60.0
2005,whole_blocks,2,5000,0,random,global,spherical_cell_area,97752,1.05541360424938,12.91311694436688,30.831990278609062,60.0
2005,whole_blocks,2,5000,0,random,south_of_60n,equal_cell,85920,0.9294747904258384,12.743475177342814,31.54723379456859,60.0
2005,whole_blocks,2,5000,0,random,south_of_60n,spherical_cell_area,85920,1.1764391292955094,12.513311523473591,29.708267007983515,60.0
2005,whole_blocks,2,5000,0,random,60_to_90n,equal_cell,11832,-1.6709538397545378,20.450975315618003,45.7740944731438,60.0
2005,whole_blocks,2,5000,0,random,60_to_90n,spherical_cell_area,11832,-1.5725821402401077,21.5946487479341,49.27324334749292,60.0
2005,whole_blocks,2,5000,0,historical_density,global,equal_cell,97752,-5.564484592785844,18.833033588148165,41.79904990737493,60.0
2005,whole_blocks,2,5000,0,historical_density,global,spherical_cell_area,97752,-1.297346901082311,15.60325300832187,35.73342940326778,60.0
2005,whole_blocks,2,5000,0,historical_density,south_of_60n,equal_cell,85920,-0.7434828142477674,14.753046322306847,35.49088859506042,60.0
2005,whole_blocks,2,5000,0,historical_density,south_of_60n,spherical_cell_area,85920,0.1904457565787691,14.35474372649814,33.19551070681818,60.0
2005,whole_blocks,2,5000,0,historical_density,60_to_90n,equal_cell,11832,-40.57297620975606,48.46052732387212,72.71614843881811,60.0
2005,whole_blocks,2,5000,0,historical_density,60_to_90n,spherical_cell_area,11832,-33.60386051898017,42.713873502120975,71.24259909402701,60.0
2005,whole_blocks,2,5000,1,random,global,equal_cell,97752,-0.4200868310564753,12.797159840276432,32.39273847984117,60.0
2005,whole_blocks,2,5000,1,random,global,spherical_cell_area,97752,0.3039428273419666,12.163180923671984,30.00413225792607,60.0
2005,whole_blocks,2,5000,1,random,south_of_60n,equal_cell,85920,-0.052989582369319,11.91887116070054,30.708025715231496,60.0
2005,whole_blocks,2,5000,1,random,south_of_60n,spherical_cell_area,85920,0.4595011901935611,11.794679772053955,29.00936898024013,60.0
2005,whole_blocks,2,5000,1,random,60_to_90n,equal_cell,11832,-3.0858234442411003,19.17499649926569,42.6761373279417,60.0
2005,whole_blocks,2,5000,1,random,60_to_90n,spherical_cell_area,11832,-3.073912508860237,20.164959539567512,46.63667783291825,60.0
2005,whole_blocks,2,5000,1,historical_density,global,equal_cell,97752,-5.632955939364937,19.486268312719123,43.25136952309931,60.0
2005,whole_blocks,2,5000,1,historical_density,global,spherical_cell_area,97752,-0.9744010940818696,15.928139892844428,36.35770183376424,60.0
2005,whole_blocks,2,5000,1,historical_density,south_of_60n,equal_cell,85920,-0.4104712499461832,14.88158238184884,35.53440764350507,60.0
2005,whole_blocks,2,5000,1,historical_density,south_of_60n,spherical_cell_area,85920,0.5436809691572971,14.529502426852304,33.33565601331523,60.0
2005,whole_blocks,2,5000,1,historical_density,60_to_90n,equal_cell,11832,-43.556881270235394,52.92394708049926,79.2822595106792,60.0
2005,whole_blocks,2,5000,1,historical_density,60_to_90n,spherical_cell_area,11832,-33.938630751071386,46.298702691972025,76.78080662966013,60.0
2005,whole_blocks,2,5000,2,random,global,equal_cell,97752,-0.4228216982783476,13.246010447895827,33.80579173729827,60.0
2005,whole_blocks,2,5000,2,random,global,spherical_cell_area,97752,0.0361034051613387,12.67261578372906,31.47753778099716,60.0
2005,whole_blocks,2,5000,2,random,south_of_60n,equal_cell,85920,-0.4755509156311279,12.51772016621358,32.73056251809827,60.0
2005,whole_blocks,2,5000,2,random,south_of_60n,spherical_cell_area,85920,0.0323517972877352,12.341380372070244,30.743925450920816,60.0
2005,whole_blocks,2,5000,2,random,60_to_90n,equal_cell,11832,-0.0399198765279344,18.53460924794132,40.77185612080853,60.0
2005,whole_blocks,2,5000,2,random,60_to_90n,spherical_cell_area,11832,0.1175672907595681,19.86519149808192,44.51988247503151,60.0
2005,whole_blocks,2,5000,2,historical_density,global,equal_cell,97752,-4.707473687004515,17.46878398647523,39.53259084608516,60.0
2005,whole_blocks,2,5000,2,historical_density,global,spherical_cell_area,97752,-1.3358795763593674,15.005262885477974,34.79010427795885,60.0
2005,whole_blocks,2,5000,2,historical_density,south_of_60n,equal_cell,85920,-1.287430642831086,14.337348568773448,35.14410794352848,60.0
2005,whole_blocks,2,5000,2,historical_density,south_of_60n,spherical_cell_area,85920,-0.3168112898245422,14.002098101881442,32.86852489888308,60.0
2005,whole_blocks,2,5000,2,historical_density,60_to_90n,equal_cell,11832,-29.54267469743225,40.20821359169302,62.79012076689448,60.0
2005,whole_blocks,2,5000,2,historical_density,60_to_90n,spherical_cell_area,11832,-23.46432825970065,36.78837666505924,63.50960945980403,60.0
2005,whole_blocks,2,5000,3,random,global,equal_cell,97752,0.8938962559436976,13.841071796243227,32.98672733484444,60.0
2005,whole_blocks,2,5000,3,random,global,spherical_cell_area,97752,1.224671471510032,12.94313822014017,30.22705300844386,60.0
2005,whole_blocks,2,5000,3,random,south_of_60n,equal_cell,85920,1.0535686800881403,12.86975133523382,31.116423138811065,60.0
2005,whole_blocks,2,5000,3,random,south_of_60n,spherical_cell_area,85920,1.3487036900466938,12.539782511004306,29.165519164186662,60.0
2005,whole_blocks,2,5000,3,random,60_to_90n,equal_cell,11832,-0.2655911242532696,20.89447392689977,44.25768132775651,60.0
2005,whole_blocks,2,5000,3,random,60_to_90n,spherical_cell_area,11832,-1.4686127953394366,21.70176237583427,47.77768232758779,60.0
2005,whole_blocks,2,5000,3,historical_density,global,equal_cell,97752,-6.278496970063395,18.867365393707747,42.6326598950999,60.0
2005,whole_blocks,2,5000,3,historical_density,global,spherical_cell_area,97752,-2.042372332600456,15.423810191069764,36.19331143858556,60.0
2005,whole_blocks,2,5000,3,historical_density,south_of_60n,equal_cell,85920,-1.5895147260663909,14.495537080920744,35.958573446320536,60.0
2005,whole_blocks,2,5000,3,historical_density,south_of_60n,spherical_cell_area,85920,-0.7053857346256763,14.084148860779832,33.5538110184733,60.0
2005,whole_blocks,2,5000,3,historical_density,60_to_90n,equal_cell,11832,-40.32830718002135,50.61411054538621,75.00976830100677,60.0
2005,whole_blocks,2,5000,3,historical_density,60_to_90n,spherical_cell_area,11832,-31.07422399015758,44.51374203575433,72.85274486514798,60.0
2005,whole_blocks,2,5000,4,random,global,equal_cell,97752,-0.8442907895717484,12.831230827330277,33.25587414478208,60.0
2005,whole_blocks,2,5000,4,random,global,spherical_cell_area,97752,-0.3009664693039545,12.18452855727367,30.90922792415162,60.0
2005,whole_blocks,2,5000,4,random,south_of_60n,equal_cell,85920,-0.8560907279841946,11.96962002872818,32.00762088676206,60.0
2005,whole_blocks,2,5000,4,random,south_of_60n,spherical_cell_area,85920,-0.2719409026786775,11.81398154981313,30.103935898968142,60.0
2005,whole_blocks,2,5000,4,random,60_to_90n,equal_cell,11832,-0.7586036100249794,19.08795833036373,41.20105889103901,60.0
2005,whole_blocks,2,5000,4,random,60_to_90n,spherical_cell_area,11832,-0.931239013410247,20.23073168978186,44.96979663423508,60.0
2005,whole_blocks,2,5000,4,historical_density,global,equal_cell,97752,-5.9988549084612615,19.033623853634317,42.307777006743365,60.0
2005,whole_blocks,2,5000,4,historical_density,global,spherical_cell_area,97752,-1.9980520555058296,15.94889348256177,36.49044270885253,60.0
2005,whole_blocks,2,5000,4,historical_density,south_of_60n,equal_cell,85920,-1.629032076230997,15.170246699781174,36.52957091243639,60.0
2005,whole_blocks,2,5000,4,historical_density,south_of_60n,spherical_cell_area,85920,-0.7293767819715891,14.765227825358249,34.175691416336335,60.0
2005,whole_blocks,2,5000,4,historical_density,60_to_90n,equal_cell,11832,-37.73103693561005,47.08816789175654,71.39968340898692,60.0
2005,whole_blocks,2,5000,4,historical_density,60_to_90n,spherical_cell_area,11832,-29.54656480697888,41.65147406499306,69.88185631853503,60.0
2005,whole_blocks,2,5000,5,random,global,equal_cell,97752,1.01577651735873,14.299148774618368,32.96954457152332,60.0
2005,whole_blocks,2,5000,5,random,global,spherical_cell_area,97752,1.062748662748974,13.21315113187766,29.85858301409704,60.0
2005,whole_blocks,2,5000,5,random,south_of_60n,equal_cell,85920,0.4834805919343071,12.966134372878138,30.35391001330632,60.0
2005,whole_blocks,2,5000,5,random,south_of_60n,spherical_cell_area,85920,1.0355544639537886,12.746108147006684,28.53868791112912,60.0
2005,whole_blocks,2,5000,5,random,60_to_90n,equal_cell,11832,4.881130296302813,23.97905051545003,47.85130654757561,60.0
2005,whole_blocks,2,5000,5,random,60_to_90n,spherical_cell_area,11832,1.653254167115172,23.35470578546639,50.64822626376832,60.0
2005,whole_blocks,2,5000,5,historical_density,global,equal_cell,97752,-5.308989747231898,18.731358938232887,41.10571612873247,60.0
2005,whole_blocks,2,5000,5,historical_density,global,spherical_cell_area,97752,-1.427192132730035,15.634727750844156,35.27261047360929,60.0
2005,whole_blocks,2,5000,5,historical_density,south_of_60n,equal_cell,85920,-1.0384422555348596,14.867018562407806,35.12811145872584,60.0
2005,whole_blocks,2,5000,5,historical_density,south_of_60n,spherical_cell_area,85920,-0.1198828395702867,14.434161604164478,32.85463677052203,60.0
2005,whole_blocks,2,5000,5,historical_density,60_to_90n,equal_cell,11832,-36.320267678825,46.792897569985,70.70211110774287,60.0
2005,whole_blocks,2,5000,5,historical_density,60_to_90n,spherical_cell_area,11832,-29.81461914736913,41.70429219396279,69.43462087043386,60.0
2005,whole_blocks,2,5000,6,random,global,equal_cell,97752,-0.681214135749469,13.144355008333056,33.2721895263903,60.0
2005,whole_blocks,2,5000,6,random,global,spherical_cell_area,97752,0.0294682252756034,12.48576237088117,30.80321011839452,60.0
2005,whole_blocks,2,5000,6,random,south_of_60n,equal_cell,85920,-0.6297395486606826,12.230760046244496,31.8070122779096,60.0
2005,whole_blocks,2,5000,6,random,south_of_60n,spherical_cell_area,85920,0.1017629212309756,12.101455893450172,29.899304083136126,60.0
2005,whole_blocks,2,5000,6,random,60_to_90n,equal_cell,11832,-1.0550052549743285,19.778574002809822,42.42000497896496,60.0
2005,whole_blocks,2,5000,6,random,60_to_90n,spherical_cell_area,11832,-1.540367173062589,20.83074403391021,46.263298228814605,60.0
2005,whole_blocks,2,5000,6,historical_density,global,equal_cell,97752,-6.082044059075217,20.134475842028536,44.694376737082514,60.0
2005,whole_blocks,2,5000,6,historical_density,global,spherical_cell_area,97752,-1.48869164765129,16.42752933815042,37.74299438351285,60.0
2005,whole_blocks,2,5000,6,historical_density,south_of_60n,equal_cell,85920,-0.838726593895578,15.612118321469827,37.70048988881096,60.0
2005,whole_blocks,2,5000,6,historical_density,south_of_60n,spherical_cell_area,85920,0.1354323493843121,15.028493490492236,34.93577987029804,60.0
2005,whole_blocks,2,5000,6,historical_density,60_to_90n,equal_cell,11832,-44.157249992834046,52.97431341525405,78.62694266856744,60.0
2005,whole_blocks,2,5000,6,historical_density,60_to_90n,spherical_cell_area,11832,-36.75555746877434,46.80674275311037,76.51673400732037,60.0
2005,whole_blocks,2,5000,7,random,global,equal_cell,97752,2.4273574359178665,16.15137842267691,43.04035656283135,60.0
2005,whole_blocks,2,5000,7,random,global,spherical_cell_area,97752,2.9867545936892843,15.137446155221165,39.78843652935151,60.0
2005,whole_blocks,2,5000,7,random,south_of_60n,equal_cell,85920,3.168327659753544,15.463953985907532,42.56995600542852,60.0
2005,whole_blocks,2,5000,7,random,south_of_60n,spherical_cell_area,85920,3.232537950786181,14.815970715321203,39.29763535999322,60.0
2005,whole_blocks,2,5000,7,random,60_to_90n,equal_cell,11832,-2.953318834531878,21.1432232170671,46.313148703292605,60.0
2005,whole_blocks,2,5000,7,random,60_to_90n,spherical_cell_area,11832,-2.3502816742450108,22.118090012729542,49.25419245743807,60.0
2005,whole_blocks,2,5000,7,historical_density,global,equal_cell,97752,-4.280178842023283,17.723637151225777,40.41670015723008,60.0
2005,whole_blocks,2,5000,7,historical_density,global,spherical_cell_area,97752,-1.1107039335371611,15.32278924026824,35.414618962608145,60.0
2005,whole_blocks,2,5000,7,historical_density,south_of_60n,equal_cell,85920,-1.1714102048488215,14.672515516100628,35.726447176613284,60.0
2005,whole_blocks,2,5000,7,historical_density,south_of_60n,spherical_cell_area,85920,-0.1686566453966196,14.352415450192987,33.41044491005738,60.0
2005,whole_blocks,2,5000,7,historical_density,60_to_90n,equal_cell,11832,-26.855009919273943,39.87985511014674,65.01439833061312,60.0
2005,whole_blocks,2,5000,7,historical_density,60_to_90n,spherical_cell_area,11832,-21.56668843265484,36.39386651846964,65.18759257754955,60.0
2005,whole_blocks,2,5000,8,random,global,equal_cell,97752,0.5602320321264108,13.96175767278674,34.2210391966679,60.0
2005,whole_blocks,2,5000,8,random,global,spherical_cell_area,97752,1.091354651781207,13.289130135148834,31.8804521598779,60.0
2005,whole_blocks,2,5000,8,random,south_of_60n,equal_cell,85920,0.8259413274217104,13.132886220399346,32.85637176776987,60.0
2005,whole_blocks,2,5000,8,random,south_of_60n,spherical_cell_area,85920,1.2417089110279576,12.934013371323358,31.044392058802444,60.0
2005,whole_blocks,2,5000,8,random,60_to_90n,equal_cell,11832,-1.3692594022694773,19.98074306740516,42.84623970600466,60.0
2005,whole_blocks,2,5000,8,random,60_to_90n,spherical_cell_area,11832,-2.173496736516622,21.00027490212685,46.46218516704236,60.0
2005,whole_blocks,2,5000,8,historical_density,global,equal_cell,97752,-5.145673408279206,18.37091824227057,41.6834151284095,60.0
2005,whole_blocks,2,5000,8,historical_density,global,spherical_cell_area,97752,-1.34749914443176,15.491226097410882,35.972795579030375,60.0
2005,whole_blocks,2,5000,8,historical_density,south_of_60n,equal_cell,85920,-1.249869525388588,14.77583535523086,36.2674525803039,60.0
2005,whole_blocks,2,5000,8,historical_density,south_of_60n,spherical_cell_area,85920,-0.2168053850315868,14.35574509270169,33.65879939123388,60.0
2005,whole_blocks,2,5000,8,historical_density,60_to_90n,equal_cell,11832,-33.43568943413805,44.477199653228254,69.3053294971023,60.0
2005,whole_blocks,2,5000,8,historical_density,60_to_90n,spherical_cell_area,11832,-25.899827150378336,40.14750622664,69.23021202540444,60.0
2005,whole_blocks,2,5000,9,random,global,equal_cell,97752,-1.2121288391402154,13.562210524159626,34.2207784643333,60.0
2005,whole_blocks,2,5000,9,random,global,spherical_cell_area,97752,-0.7330115228253461,12.957165362852203,31.91968499797369,60.0
2005,whole_blocks,2,5000,9,random,south_of_60n,equal_cell,85920,-1.2212016278429454,12.855732716093623,33.11446571065101,60.0
2005,whole_blocks,2,5000,9,random,south_of_60n,spherical_cell_area,85920,-0.6827473703725347,12.642829545387114,31.18592114563659,60.0
2005,whole_blocks,2,5000,9,random,60_to_90n,equal_cell,11832,-1.1462453025159272,18.692414485369127,41.37645293318318,60.0
2005,whole_blocks,2,5000,9,random,60_to_90n,spherical_cell_area,11832,-1.824467054177186,19.78277665703192,44.99269741864304,60.0
2005,whole_blocks,2,5000,9,historical_density,global,equal_cell,97752,-5.122460259512732,18.58144590067462,41.0664817135749,60.0
2005,whole_blocks,2,5000,9,historical_density,global,spherical_cell_area,97752,-1.267412483535777,15.845040411145796,35.613846584567405,60.0
2005,whole_blocks,2,5000,9,historical_density,south_of_60n,equal_cell,85920,-0.9711468312168372,15.019940613510483,35.51807662194513,60.0
2005,whole_blocks,2,5000,9,historical_density,south_of_60n,spherical_cell_area,85920,-0.0312857014186091,14.746059030571,33.30359845602366,60.0
2005,whole_blocks,2,5000,9,historical_density,60_to_90n,equal_cell,11832,-35.26790057046467,44.44389808738374,69.08037001313345,60.0
2005,whole_blocks,2,5000,9,historical_density,60_to_90n,spherical_cell_area,11832,-28.109154519484,39.70875337849656,68.74324275731064,60.0
2005,whole_blocks,2,5000,10,random,global,equal_cell,97752,2.624081577338851,16.51759406389321,48.06073267846364,60.0
2005,whole_blocks,2,5000,10,random,global,spherical_cell_area,97752,2.9141555473954237,15.347191208324388,44.84073098849281,60.0
2005,whole_blocks,2,5000,10,random,south_of_60n,equal_cell,85920,2.916246816922676,15.86652691270264,48.11611317966269,60.0
2005,whole_blocks,2,5000,10,random,south_of_60n,spherical_cell_area,85920,3.077825643431827,15.021067157149943,44.48985255200676,60.0
2005,whole_blocks,2,5000,10,random,60_to_90n,equal_cell,11832,0.5024759836064117,21.245424492417005,47.65664769160056,60.0
2005,whole_blocks,2,5000,10,random,60_to_90n,spherical_cell_area,11832,-0.6398411464417716,22.4287768352856,51.8778457755408,60.0
2005,whole_blocks,2,5000,10,historical_density,global,equal_cell,97752,-4.738760160354155,17.96725143902248,41.02414200892719,60.0
2005,whole_blocks,2,5000,10,historical_density,global,spherical_cell_area,97752,-1.2893480527898846,15.380347265237084,35.770701024522594,60.0
2005,whole_blocks,2,5000,10,historical_density,south_of_60n,equal_cell,85920,-1.4820834747807432,14.773434909049392,35.992674912269685,60.0
2005,whole_blocks,2,5000,10,historical_density,south_of_60n,spherical_cell_area,85920,-0.2947360083869474,14.353394305456124,33.62143624926809,60.0
2005,whole_blocks,2,5000,10,historical_density,60_to_90n,equal_cell,11832,-28.38764968236797,41.1596716769609,67.05915147062868,60.0
2005,whole_blocks,2,5000,10,historical_density,60_to_90n,spherical_cell_area,11832,-22.88674429719889,37.68000683760071,67.21660973573951,60.0
2005,whole_blocks,2,5000,11,random,global,equal_cell,97752,-0.9326121834129916,12.94586633080688,33.08151665729104,60.0
2005,whole_blocks,2,5000,11,random,global,spherical_cell_area,97752,-0.1608243344196355,12.280079829788315,30.60701772312704,60.0
2005,whole_blocks,2,5000,11,random,south_of_60n,equal_cell,85920,-0.6630627665708034,12.10301551609585,31.700159046509743,60.0
2005,whole_blocks,2,5000,11,random,south_of_60n,spherical_cell_area,85920,-0.0291808468458046,11.917000083886714,29.746371031349128,60.0
2005,whole_blocks,2,5000,11,random,60_to_90n,equal_cell,11832,-2.889989287459716,19.06636514757258,41.76372521059624,60.0
2005,whole_blocks,2,5000,11,random,60_to_90n,spherical_cell_area,11832,-3.019382684006785,20.16413591445348,45.43895918404333,60.0
2005,whole_blocks,2,5000,11,historical_density,global,equal_cell,97752,-7.229739030757828,19.67118064071488,43.6633113948556,60.0
2005,whole_blocks,2,5000,11,historical_density,global,spherical_cell_area,97752,-2.507925444795576,15.942131102479484,36.59311223970018,60.0
2005,whole_blocks,2,5000,11,historical_density,south_of_60n,equal_cell,85920,-1.6916675650349626,14.932933320098275,35.80515685934455,60.0
2005,whole_blocks,2,5000,11,historical_density,south_of_60n,spherical_cell_area,85920,-0.8299429710580641,14.483558773009982,33.45022294067894,60.0
2005,whole_blocks,2,5000,11,historical_density,60_to_90n,equal_cell,11832,-47.445349268664245,54.07873724884358,80.25718412781562,60.0
2005,whole_blocks,2,5000,11,historical_density,60_to_90n,spherical_cell_area,11832,-38.94429536452391,47.61414304719079,78.22549791857648,60.0
2005,whole_blocks,2,5000,12,random,global,equal_cell,97752,-0.851098711382127,13.320160718818313,34.043850715633745,60.0
2005,whole_blocks,2,5000,12,random,global,spherical_cell_area,97752,-0.472986175474315,12.357222824475516,31.323870384242667,60.0
2005,whole_blocks,2,5000,12,random,south_of_60n,equal_cell,85920,-1.011918415608695,12.103945794158806,32.41687803956083,60.0
2005,whole_blocks,2,5000,12,random,south_of_60n,spherical_cell_area,85920,-0.4339708238845041,11.914944011364348,30.41090348706432,60.0
2005,whole_blocks,2,5000,12,random,60_to_90n,equal_cell,11832,0.3167198304659723,22.151903985108444,44.092923419259634,60.0
2005,whole_blocks,2,5000,12,random,60_to_90n,spherical_cell_area,11832,-1.3201808305580471,21.961038534351538,46.95793017574843,60.0
2005,whole_blocks,2,5000,12,historical_density,global,equal_cell,97752,-5.454904719510735,20.68097142622305,44.74592818286826,60.0
2005,whole_blocks,2,5000,12,historical_density,global,spherical_cell_area,97752,-0.3181609034749698,16.812229096328306,37.31844750435433,60.0
2005,whole_blocks,2,5000,12,historical_density,south_of_60n,equal_cell,85920,0.5174454513979101,15.700279414504628,36.21022139538683,60.0
2005,whole_blocks,2,5000,12,historical_density,south_of_60n,spherical_cell_area,85920,1.4988377369955512,15.29545843218302,34.004228951997874,60.0
2005,whole_blocks,2,5000,12,historical_density,60_to_90n,equal_cell,11832,-48.82410068675809,56.8490797466124,83.78626263272437,60.0
2005,whole_blocks,2,5000,12,historical_density,60_to_90n,spherical_cell_area,11832,-39.77318242128841,49.747982518765376,80.78051457332677,60.0
2005,whole_blocks,2,5000,13,random,global,equal_cell,97752,0.8939843769193792,14.304211019503684,34.862467968671936,60.0
2005,whole_blocks,2,5000,13,random,global,spherical_cell_area,97752,0.9559322631644446,13.452742722882263,32.37997359593519,60.0
2005,whole_blocks,2,5000,13,random,south_of_60n,equal_cell,85920,0.462199698195556,13.151168892620262,33.44605508309612,60.0
2005,whole_blocks,2,5000,13,random,south_of_60n,spherical_cell_area,85920,0.8950662664364847,13.008496968371,31.56113162929132,60.0
2005,whole_blocks,2,5000,13,random,60_to_90n,equal_cell,11832,4.029459325867224,22.67721469950907,43.79474746356666,60.0
2005,whole_blocks,2,5000,13,random,60_to_90n,spherical_cell_area,11832,2.2776004015527835,23.099269370200247,46.74802106503198,60.0
2005,whole_blocks,2,5000,13,historical_density,global,equal_cell,97752,-5.561458518028934,19.800874874080527,43.583586024788026,60.0
2005,whole_blocks,2,5000,13,historical_density,global,spherical_cell_area,97752,-1.2833471156423697,16.47245172477317,37.16324343409919,60.0
2005,whole_blocks,2,5000,13,historical_density,south_of_60n,equal_cell,85920,-1.1375923048896812,15.548562660673053,36.93671797846583,60.0
2005,whole_blocks,2,5000,13,historical_density,south_of_60n,spherical_cell_area,85920,-0.0128135250289696,15.15367822501978,34.519237589098296,60.0
2005,whole_blocks,2,5000,13,historical_density,60_to_90n,equal_cell,11832,-37.686085380176046,50.67973435480822,76.06594548216475,60.0
2005,whole_blocks,2,5000,13,historical_density,60_to_90n,spherical_cell_area,11832,-28.87221209342537,45.10881702024648,74.13913640903097,60.0
2005,whole_blocks,2,5000,14,random,global,equal_cell,97752,-0.7737777375230687,12.989662870739942,33.090478991485746,60.0
2005,whole_blocks,2,5000,14,random,global,spherical_cell_area,97752,-0.2548754526874903,12.349280639366455,30.572509537207765,60.0
2005,whole_blocks,2,5000,14,random,south_of_60n,equal_cell,85920,-0.7002350488970259,11.969942952839183,31.11861799990863,60.0
2005,whole_blocks,2,5000,14,random,south_of_60n,spherical_cell_area,85920,-0.2020880252667885,11.923188123375418,29.447402729865093,60.0
2005,whole_blocks,2,5000,14,random,60_to_90n,equal_cell,11832,-1.307819979472833,20.39452556056694,44.88194797535375,60.0
2005,whole_blocks,2,5000,14,random,60_to_90n,spherical_cell_area,11832,-1.401122366892373,21.601620741642087,49.00025979934577,60.0
2005,whole_blocks,2,5000,14,historical_density,global,equal_cell,97752,-5.452799533175859,19.038604452928137,43.027153653987824,60.0
2005,whole_blocks,2,5000,14,historical_density,global,spherical_cell_area,97752,-1.7257486887394695,15.995579383175976,36.99250973352254,60.0
2005,whole_blocks,2,5000,14,historical_density,south_of_60n,equal_cell,85920,-1.6557452162768076,15.243282875199686,37.13642060139599,60.0
2005,whole_blocks,2,5000,14,historical_density,south_of_60n,spherical_cell_area,85920,-0.6263745287781738,14.806724187929111,34.56922263297001,60.0
2005,whole_blocks,2,5000,14,historical_density,60_to_90n,equal_cell,11832,-33.02572946116492,46.59895181249786,72.66673712100193,60.0
2005,whole_blocks,2,5000,14,historical_density,60_to_90n,spherical_cell_area,11832,-25.597990621825684,41.81084763119339,71.65220827965732,60.0
2005,whole_blocks,2,5000,15,random,global,equal_cell,97752,-0.4567850517282779,13.53525604796276,33.21698591472018,60.0
2005,whole_blocks,2,5000,15,random,global,spherical_cell_area,97752,0.3759164496429458,12.965721122933289,30.98958227557162,60.0
2005,whole_blocks,2,5000,15,random,south_of_60n,equal_cell,85920,-0.1548937636752073,12.64681551195468,31.725331225473216,60.0
2005,whole_blocks,2,5000,15,random,south_of_60n,spherical_cell_area,85920,0.5093150407044036,12.586181042443863,30.10721365017656,60.0
2005,whole_blocks,2,5000,15,random,60_to_90n,equal_cell,11832,-2.6490179345477363,19.98681207009039,42.50666364971359,60.0
2005,whole_blocks,2,5000,15,random,60_to_90n,spherical_cell_area,11832,-2.5207529058238607,21.20720337231185,46.16248307336029,60.0
2005,whole_blocks,2,5000,15,historical_density,global,equal_cell,97752,-6.409643324305099,18.91475149300155,42.31797614751311,60.0
2005,whole_blocks,2,5000,15,historical_density,global,spherical_cell_area,97752,-2.142688320204563,15.841973302443153,36.39601220234611,60.0
2005,whole_blocks,2,5000,15,historical_density,south_of_60n,equal_cell,85920,-1.9073277552892145,15.044780783408886,36.28139712819931,60.0
2005,whole_blocks,2,5000,15,historical_density,south_of_60n,spherical_cell_area,85920,-0.7779905325453316,14.650527158378656,33.92291674908283,60.0
2005,whole_blocks,2,5000,15,historical_density,60_to_90n,equal_cell,11832,-39.103942993832206,47.01717571276167,72.36202129197378,60.0
2005,whole_blocks,2,5000,15,historical_density,60_to_90n,spherical_cell_area,11832,-31.7762716251784,41.71350242984388,71.42072748535831,60.0
2005,whole_blocks,2,5000,16,random,global,equal_cell,97752,-0.2206250827675977,13.16467880126086,32.15390487909395,60.0
2005,whole_blocks,2,5000,16,random,global,spherical_cell_area,97752,0.2894555729171247,12.505160785439989,29.679727353836288,60.0
2005,whole_blocks,2,5000,16,random,south_of_60n,equal_cell,85920,-0.1646318014033755,12.165869745378632,30.33983637792428,60.0
2005,whole_blocks,2,5000,16,random,south_of_60n,spherical_cell_area,85920,0.3203356646300204,12.069876493609208,28.65486343334388,60.0
2005,whole_blocks,2,5000,16,random,60_to_90n,equal_cell,11832,-0.6272294383130647,20.4176938520892,43.09423762131343,60.0
2005,whole_blocks,2,5000,16,random,60_to_90n,spherical_cell_area,11832,-0.3810868567067354,21.95709471539733,46.6806335129272,60.0
2005,whole_blocks,2,5000,16,historical_density,global,equal_cell,97752,-5.230493390651337,18.36025652104551,41.37055024535239,60.0
2005,whole_blocks,2,5000,16,historical_density,global,spherical_cell_area,97752,-1.611684938456897,15.467577159773182,35.70758189730642,60.0
2005,whole_blocks,2,5000,16,historical_density,south_of_60n,equal_cell,85920,-1.2049706984591158,14.60750179278958,35.49385208493234,60.0
2005,whole_blocks,2,5000,16,historical_density,south_of_60n,spherical_cell_area,85920,-0.4263209393723617,14.279183737954355,33.24704881363176,60.0
2005,whole_blocks,2,5000,16,historical_density,60_to_90n,equal_cell,11832,-34.462483731519804,45.61149775259972,70.65182448440964,60.0
2005,whole_blocks,2,5000,16,historical_density,60_to_90n,spherical_cell_area,11832,-27.351143982967127,41.27281827836194,70.4216376985481,60.0
2005,whole_blocks,2,5000,17,random,global,equal_cell,97752,-0.1405279599192595,13.58088468072077,33.00203753305718,60.0
2005,whole_blocks,2,5000,17,random,global,spherical_cell_area,97752,0.2186673248002585,12.761954328675804,30.712385914909905,60.0
2005,whole_blocks,2,5000,17,random,south_of_60n,equal_cell,85920,-0.1980712994380153,12.65354381102716,31.528851311497547,60.0
2005,whole_blocks,2,5000,17,random,south_of_60n,spherical_cell_area,85920,0.2626226956926066,12.370645837764982,29.83662847036939,60.0
2005,whole_blocks,2,5000,17,random,60_to_90n,equal_cell,11832,0.2773323960181563,20.31492182778595,42.18378695333162,60.0
2005,whole_blocks,2,5000,17,random,60_to_90n,spherical_cell_area,11832,-0.7357968480138533,21.258980460182205,45.76771189750183,60.0
2005,whole_blocks,2,5000,17,historical_density,global,equal_cell,97752,-4.632533136944238,18.368698126171257,40.8925882944537,60.0
2005,whole_blocks,2,5000,17,historical_density,global,spherical_cell_area,97752,-1.2935375649794072,15.86273904622525,35.92867487361876,60.0
2005,whole_blocks,2,5000,17,historical_density,south_of_60n,equal_cell,85920,-1.1598099877772594,15.217795950375065,36.17483385134835,60.0
2005,whole_blocks,2,5000,17,historical_density,south_of_60n,spherical_cell_area,85920,-0.2394236371968114,14.84811178470681,33.86233824993015,60.0
2005,whole_blocks,2,5000,17,historical_density,60_to_90n,equal_cell,11832,-29.85027933170648,41.24948877394077,65.66914710366729,60.0
2005,whole_blocks,2,5000,17,historical_density,60_to_90n,spherical_cell_area,11832,-24.18298105521737,37.8947535695844,66.50067441922376,60.0
2005,whole_blocks,2,5000,18,random,global,equal_cell,97752,-0.0829741696043351,13.005842199085556,32.692546949321155,60.0
2005,whole_blocks,2,5000,18,random,global,spherical_cell_area,97752,0.3431635343943472,12.414476606151236,30.3156134238934,60.0
2005,whole_blocks,2,5000,18,random,south_of_60n,equal_cell,85920,-0.1235348250678654,12.177806289991938,31.196228398585088,60.0
2005,whole_blocks,2,5000,18,random,south_of_60n,spherical_cell_area,85920,0.3797922338002395,12.061767194369857,29.40966359647263,60.0
2005,whole_blocks,2,5000,18,random,60_to_90n,equal_cell,11832,0.2115636530314436,19.018760159643666,41.98812713698685,60.0
2005,whole_blocks,2,5000,18,random,60_to_90n,spherical_cell_area,11832,-0.452206418581929,20.07334718613479,45.759818944901305,60.0
2005,whole_blocks,2,5000,18,historical_density,global,equal_cell,97752,-5.056698520394358,18.32000224376828,40.57279398922979,60.0
2005,whole_blocks,2,5000,18,historical_density,global,spherical_cell_area,97752,-1.5105198882755126,15.623532629602812,35.3108188598322,60.0
2005,whole_blocks,2,5000,18,historical_density,south_of_60n,equal_cell,85920,-1.2322590743769657,14.830893050251488,35.01480118450584,60.0
2005,whole_blocks,2,5000,18,historical_density,south_of_60n,spherical_cell_area,85920,-0.3443819447857965,14.512502722458075,32.97371498858757,60.0
2005,whole_blocks,2,5000,18,historical_density,60_to_90n,equal_cell,11832,-32.82849003508455,43.65673837518835,68.53384226313628,60.0
2005,whole_blocks,2,5000,18,historical_density,60_to_90n,spherical_cell_area,11832,-26.832496816783816,39.74887203105578,68.64554929621582,60.0
2005,whole_blocks,2,5000,19,random,global,equal_cell,97752,1.1710270154852649,14.769250673870578,37.66434305289426,60.0
2005,whole_blocks,2,5000,19,random,global,spherical_cell_area,97752,1.6537937251672528,13.810531218238774,34.80995018362548,60.0
2005,whole_blocks,2,5000,19,random,south_of_60n,equal_cell,85920,1.7763764362555314,13.839878218120589,36.13549988900844,60.0
2005,whole_blocks,2,5000,19,random,south_of_60n,spherical_cell_area,85920,1.909917382362201,13.406967477266871,33.8678231803686,60.0
2005,whole_blocks,2,5000,19,random,60_to_90n,equal_cell,11832,-3.224816648526001,21.51804051481376,47.30670651526652,60.0
2005,whole_blocks,2,5000,19,random,60_to_90n,spherical_cell_area,11832,-3.9077758769051623,22.573672658857813,51.15391459114458,60.0
2005,whole_blocks,2,5000,19,historical_density,global,equal_cell,97752,-5.7881600245721465,18.84754255363668,41.668507911570096,60.0
2005,whole_blocks,2,5000,19,historical_density,global,spherical_cell_area,97752,-1.7855496364537298,15.89888077729089,35.80889538011215,60.0
2005,whole_blocks,2,5000,19,historical_density,south_of_60n,equal_cell,85920,-1.6716802105553874,15.005003692559091,35.56147096447405,60.0
2005,whole_blocks,2,5000,19,historical_density,south_of_60n,spherical_cell_area,85920,-0.5935895111231269,14.72723511129728,33.39056692195074,60.0
2005,whole_blocks,2,5000,19,historical_density,60_to_90n,equal_cell,11832,-35.680650357594445,46.75076592616767,71.84150208764208,60.0
2005,whole_blocks,2,5000,19,historical_density,60_to_90n,spherical_cell_area,11832,-27.66823955476661,41.340454553625605,70.11502012355265,60.0
2005,whole_blocks,3,5000,0,random,global,equal_cell,95988,1.1382983227847476,12.74790026967074,41.18321354136193,60.0
2005,whole_blocks,3,5000,0,random,global,spherical_cell_area,95988,1.0726781235591627,12.06608340271681,38.031540959072345,60.0
2005,whole_blocks,3,5000,0,random,south_of_60n,equal_cell,85464,1.201603924744468,12.097746699467733,41.60549526527071,60.0
2005,whole_blocks,3,5000,0,random,south_of_60n,spherical_cell_area,85464,1.165536558192285,11.795160447070424,37.845223813292925,60.0
2005,whole_blocks,3,5000,0,random,60_to_90n,equal_cell,10524,0.6242019748290715,18.027710676724112,37.57858822528335,60.0
2005,whole_blocks,3,5000,0,random,60_to_90n,spherical_cell_area,10524,-1.2273957820303991,18.77675888598819,42.38597205213564,60.0
2005,whole_blocks,3,5000,0,historical_density,global,equal_cell,95988,-5.1305828239949225,18.142066479543463,49.52595975970412,60.0
2005,whole_blocks,3,5000,0,historical_density,global,spherical_cell_area,95988,-1.408500518346686,14.644629073156796,43.03405478734749,60.0
2005,whole_blocks,3,5000,0,historical_density,south_of_60n,equal_cell,85464,-0.5188136799205134,14.134147174786523,45.424992161596535,60.0
2005,whole_blocks,3,5000,0,historical_density,south_of_60n,spherical_cell_area,85464,-0.0241862559083098,13.418005181778126,41.18713493343113,60.0
2005,whole_blocks,3,5000,0,historical_density,60_to_90n,equal_cell,10524,-42.58214478989908,50.68984445956505,74.9333787020511,60.0
2005,whole_blocks,3,5000,0,historical_density,60_to_90n,spherical_cell_area,10524,-35.6975247168468,45.02771291125599,75.53044853226888,60.0
2005,whole_blocks,3,5000,1,random,global,equal_cell,95988,0.4386752472816324,11.834285540419884,40.7285593943072,60.0
2005,whole_blocks,3,5000,1,random,global,spherical_cell_area,95988,0.6878125434098326,11.37755548623304,37.747033324875,60.0
2005,whole_blocks,3,5000,1,random,south_of_60n,equal_cell,85464,0.7821006566899225,11.507148304062872,41.23758881356999,60.0
2005,whole_blocks,3,5000,1,random,south_of_60n,spherical_cell_area,85464,0.8673349595760373,11.216494470482978,37.54998007514536,60.0
2005,whole_blocks,3,5000,1,random,60_to_90n,equal_cell,10524,-2.3502366863624293,14.490923393709089,36.33162761488851,60.0
2005,whole_blocks,3,5000,1,random,60_to_90n,spherical_cell_area,10524,-3.7589006337364057,15.36698564406518,42.33626350602668,60.0
2005,whole_blocks,3,5000,1,historical_density,global,equal_cell,95988,-5.341971980982404,18.33830544028014,50.39871261145196,60.0
2005,whole_blocks,3,5000,1,historical_density,global,spherical_cell_area,95988,-1.7416959231385107,14.811888429785231,43.65055271969029,60.0
2005,whole_blocks,3,5000,1,historical_density,south_of_60n,equal_cell,85464,-0.4494267694397827,14.028487230002224,45.69490214161316,60.0
2005,whole_blocks,3,5000,1,historical_density,south_of_60n,spherical_cell_area,85464,-0.2718290042168129,13.491852644615651,41.51191085407428,60.0
2005,whole_blocks,3,5000,1,historical_density,60_to_90n,equal_cell,10524,-45.073678932643226,53.337764155900814,78.80806992063846,60.0
2005,whole_blocks,3,5000,1,historical_density,60_to_90n,spherical_cell_area,10524,-38.14983222500987,47.50875518086419,80.10444893380836,60.0
2005,whole_blocks,3,5000,2,random,global,equal_cell,95988,0.2801131351708191,12.442769436818,40.70486702097822,60.0
2005,whole_blocks,3,5000,2,random,global,spherical_cell_area,95988,0.1111299095912735,11.88325963600318,37.6606974447742,60.0
2005,whole_blocks,3,5000,2,random,south_of_60n,equal_cell,85464,0.3798397729010567,11.945074437858189,41.14563783998004,60.0
2005,whole_blocks,3,5000,2,random,south_of_60n,spherical_cell_area,85464,0.2228144052492412,11.69551564247094,37.503669704368086,60.0
2005,whole_blocks,3,5000,2,random,60_to_90n,equal_cell,10524,-0.5297535853705175,16.484484126204283,36.9311135052636,60.0
2005,whole_blocks,3,5000,2,random,60_to_90n,spherical_cell_area,10524,-2.655259542662031,16.533618670815553,41.36039147854171,60.0
2005,whole_blocks,3,5000,2,historical_density,global,equal_cell,95988,-5.0955562329008846,17.493749416765265,48.611422806254005,60.0
2005,whole_blocks,3,5000,2,historical_density,global,spherical_cell_area,95988,-1.972513238878052,14.53877892044887,42.66981703368241,60.0
2005,whole_blocks,3,5000,2,historical_density,south_of_60n,equal_cell,85464,-1.2965848071080268,14.0484800942375,45.215939522049474,60.0
2005,whole_blocks,3,5000,2,historical_density,south_of_60n,spherical_cell_area,85464,-0.8207784380646734,13.47167040383771,41.05760175911061,60.0
2005,whole_blocks,3,5000,2,historical_density,60_to_90n,equal_cell,10524,-35.94649636345588,45.47232195387217,70.35830544893574,60.0
2005,whole_blocks,3,5000,2,historical_density,60_to_90n,spherical_cell_area,10524,-30.500618111381776,40.97071763648482,71.86298794343003,60.0
2005,whole_blocks,3,5000,3,random,global,equal_cell,95988,0.7002229311539138,12.1263628969977,40.491344217187255,60.0
2005,whole_blocks,3,5000,3,random,global,spherical_cell_area,95988,0.7541666420507752,11.54553342409964,37.46948174836072,60.0
2005,whole_blocks,3,5000,3,random,south_of_60n,equal_cell,85464,0.6573664834343421,11.568721814832344,41.0188584404173,60.0
2005,whole_blocks,3,5000,3,random,south_of_60n,spherical_cell_area,85464,0.7598016597871072,11.278483677527309,37.314421133117136,60.0
2005,whole_blocks,3,5000,3,random,60_to_90n,equal_cell,10524,1.04825442563372,16.654891730728227,35.92171530091588,60.0
2005,whole_blocks,3,5000,3,random,60_to_90n,spherical_cell_area,10524,0.6145890441289532,18.16027074992392,41.12410773595293,60.0
2005,whole_blocks,3,5000,3,historical_density,global,equal_cell,95988,-7.093114630275374,19.389100284788437,52.60608564517375,60.0
2005,whole_blocks,3,5000,3,historical_density,global,spherical_cell_area,95988,-2.613169413744346,14.864553030128189,44.052587845137765,60.0
2005,whole_blocks,3,5000,3,historical_density,south_of_60n,equal_cell,85464,-1.0629457911356308,13.910909853280293,45.42993566060551,60.0
2005,whole_blocks,3,5000,3,historical_density,south_of_60n,spherical_cell_area,85464,-0.8282272446557721,13.203169570588326,41.14373619756752,60.0
2005,whole_blocks,3,5000,3,historical_density,60_to_90n,equal_cell,10524,-56.063311292023656,63.87675393724106,92.09018404354244,60.0
2005,whole_blocks,3,5000,3,historical_density,60_to_90n,spherical_cell_area,10524,-46.82561949787105,56.01649315881415,89.8840308545404,60.0
2005,whole_blocks,3,5000,4,random,global,equal_cell,95988,-0.2237827787477995,11.657562790377533,40.21845565512643,60.0
2005,whole_blocks,3,5000,4,random,global,spherical_cell_area,95988,-0.0960700907383735,11.148861622137154,37.2100090418156,60.0
2005,whole_blocks,3,5000,4,random,south_of_60n,equal_cell,85464,0.006759624283092,11.312587427354927,40.81943838399399,60.0
2005,whole_blocks,3,5000,4,random,south_of_60n,spherical_cell_area,85464,0.0359138888749099,10.971672598459476,37.06199243400936,60.0
2005,whole_blocks,3,5000,4,random,60_to_90n,equal_cell,10524,-2.0959868772495205,14.459061690545138,34.957383879320496,60.0
2005,whole_blocks,3,5000,4,random,60_to_90n,spherical_cell_area,10524,-3.36527130723287,15.537777409142594,40.70491393179784,60.0
2005,whole_blocks,3,5000,4,historical_density,global,equal_cell,95988,-6.422589680419307,18.47300938350675,49.78698893926589,60.0
2005,whole_blocks,3,5000,4,historical_density,global,spherical_cell_area,95988,-2.5171115543464504,14.598830210052798,42.664984093047885,60.0
2005,whole_blocks,3,5000,4,historical_density,south_of_60n,equal_cell,85464,-1.5397970514959916,13.897274562552507,44.72725658641764,60.0
2005,whole_blocks,3,5000,4,historical_density,south_of_60n,spherical_cell_area,85464,-1.1041522424438202,13.199086307762618,40.54859749676865,60.0
2005,whole_blocks,3,5000,4,historical_density,60_to_90n,equal_cell,10524,-46.07509720971446,55.63194141866766,79.76389526140005,60.0
2005,whole_blocks,3,5000,4,historical_density,60_to_90n,spherical_cell_area,10524,-37.515664521637085,49.27004168250373,78.62914099207777,60.0
2005,whole_blocks,3,5000,5,random,global,equal_cell,95988,0.497113452793329,11.985905794512078,40.19827732932236,60.0
2005,whole_blocks,3,5000,5,random,global,spherical_cell_area,95988,0.467491783829511,11.40757359008959,37.16198674605134,60.0
2005,whole_blocks,3,5000,5,random,south_of_60n,equal_cell,85464,0.3107158752597298,11.32108245825108,40.69809872923016,60.0
2005,whole_blocks,3,5000,5,random,south_of_60n,spherical_cell_area,85464,0.3760609183503323,11.12083353940421,37.00284571743322,60.0
2005,whole_blocks,3,5000,5,random,60_to_90n,equal_cell,10524,2.010823312764016,17.384847414638465,35.88237021881677,60.0
2005,whole_blocks,3,5000,5,random,60_to_90n,spherical_cell_area,10524,2.732205255308987,18.51003348912416,40.9067425534435,60.0
2005,whole_blocks,3,5000,5,historical_density,global,equal_cell,95988,-5.042345817323317,18.362205472552656,49.94019966721763,60.0
2005,whole_blocks,3,5000,5,historical_density,global,spherical_cell_area,95988,-1.2467685475759676,14.846800462257166,43.31043491849343,60.0
2005,whole_blocks,3,5000,5,historical_density,south_of_60n,equal_cell,85464,-0.2400183900451915,14.155067315092086,45.5041247423609,60.0
2005,whole_blocks,3,5000,5,historical_density,south_of_60n,spherical_cell_area,85464,0.2034539112077251,13.54482246499068,41.29229835741136,60.0
2005,whole_blocks,3,5000,5,historical_density,60_to_90n,equal_cell,10524,-44.04140617886814,52.52781317772277,77.02196849259515,60.0
2005,whole_blocks,3,5000,5,historical_density,60_to_90n,spherical_cell_area,10524,-37.16831781692476,47.09638154765939,78.13428219059794,60.0
2005,whole_blocks,3,5000,6,random,global,equal_cell,95988,0.1341803897918102,11.97104669793129,40.74106911821404,60.0
2005,whole_blocks,3,5000,6,random,global,spherical_cell_area,95988,0.2278292912993921,11.46358433246324,37.666157808370414,60.0
2005,whole_blocks,3,5000,6,random,south_of_60n,equal_cell,85464,0.3854918466472146,11.477560519131575,41.114786549404926,60.0
2005,whole_blocks,3,5000,6,random,south_of_60n,spherical_cell_area,85464,0.3695447618811001,11.208193913427063,37.400445576939866,60.0
2005,whole_blocks,3,5000,6,random,60_to_90n,equal_cell,10524,-1.906686424032807,15.978582120293392,37.568731772284345,60.0
2005,whole_blocks,3,5000,6,random,60_to_90n,spherical_cell_area,10524,-3.282417862781585,17.789523821789555,43.73555034474708,60.0
2005,whole_blocks,3,5000,6,historical_density,global,equal_cell,95988,-5.254607652897787,17.51087571487038,48.55812400323657,60.0
2005,whole_blocks,3,5000,6,historical_density,global,spherical_cell_area,95988,-1.986342440246808,14.387346451013356,42.52783856131196,60.0
2005,whole_blocks,3,5000,6,historical_density,south_of_60n,equal_cell,85464,-1.011939297353937,13.863607288943385,45.03813274073941,60.0
2005,whole_blocks,3,5000,6,historical_density,south_of_60n,spherical_cell_area,85464,-0.7235538523318735,13.283177373016306,40.89427709928835,60.0
2005,whole_blocks,3,5000,6,historical_density,60_to_90n,equal_cell,10524,-39.70875135664159,47.12985602211333,70.94628898105974,60.0
2005,whole_blocks,3,5000,6,historical_density,60_to_90n,spherical_cell_area,10524,-33.26521431456769,41.73726349079517,72.00075885245327,60.0
2005,whole_blocks,3,5000,7,random,global,equal_cell,95988,1.0277112529567156,12.439857466775813,40.52185320181391,60.0
2005,whole_blocks,3,5000,7,random,global,spherical_cell_area,95988,0.877680743787063,11.93368885754234,37.52781727916152,60.0
2005,whole_blocks,3,5000,7,random,south_of_60n,equal_cell,85464,0.8733357015838771,11.956119823830209,40.873961506722495,60.0
2005,whole_blocks,3,5000,7,random,south_of_60n,spherical_cell_area,85464,0.8445796829088379,11.688053782554222,37.26186006236252,60.0
2005,whole_blocks,3,5000,7,random,60_to_90n,equal_cell,10524,2.2813745105135657,16.36822633001253,37.54031692017696,60.0
2005,whole_blocks,3,5000,7,random,60_to_90n,spherical_cell_area,10524,1.69758349870794,18.017991576082697,43.60077075659371,60.0
2005,whole_blocks,3,5000,7,historical_density,global,equal_cell,95988,-5.699051092651262,18.412035556800635,50.2308212277077,60.0
2005,whole_blocks,3,5000,7,historical_density,global,spherical_cell_area,95988,-2.072444949295665,14.773763886676903,43.37844302288324,60.0
2005,whole_blocks,3,5000,7,historical_density,south_of_60n,equal_cell,85464,-1.1531180531043257,14.292201695484756,45.68171253419797,60.0
2005,whole_blocks,3,5000,7,historical_density,south_of_60n,spherical_cell_area,85464,-0.7243725386173633,13.528097189201729,41.36054125106608,60.0
2005,whole_blocks,3,5000,7,historical_density,60_to_90n,equal_cell,10524,-42.61596683683974,51.86865672018912,77.88712231945597,60.0
2005,whole_blocks,3,5000,7,historical_density,60_to_90n,spherical_cell_area,10524,-35.463770001208424,45.62853197796024,78.21240172598714,60.0
2005,whole_blocks,3,5000,8,random,global,equal_cell,95988,0.595768888932002,12.368394036266777,38.96143214600892,60.0
2005,whole_blocks,3,5000,8,random,global,spherical_cell_area,95988,0.7334239494570298,11.690739382329934,36.113513127916775,60.0
2005,whole_blocks,3,5000,8,random,south_of_60n,equal_cell,85464,0.5922543810741253,11.802662833785616,39.538021815633,60.0
2005,whole_blocks,3,5000,8,random,south_of_60n,spherical_cell_area,85464,0.7595411611406654,11.448577505138966,36.028577112637976,60.0
2005,whole_blocks,3,5000,8,random,60_to_90n,equal_cell,10524,0.6243097383776111,16.96262165778425,33.91794127823851,60.0
2005,whole_blocks,3,5000,8,random,60_to_90n,spherical_cell_area,10524,0.0865089188771174,17.689012095586,38.15705843312409,60.0
2005,whole_blocks,3,5000,8,historical_density,global,equal_cell,95988,-5.289184816978818,17.66884536226925,49.03797838462072,60.0
2005,whole_blocks,3,5000,8,historical_density,global,spherical_cell_area,95988,-1.6514420215419936,14.225520824245743,42.53858142969824,60.0
2005,whole_blocks,3,5000,8,historical_density,south_of_60n,equal_cell,85464,-0.6741505595078987,13.548252482966436,44.81438781255788,60.0
2005,whole_blocks,3,5000,8,historical_density,south_of_60n,spherical_cell_area,85464,-0.2956427536051358,12.990027343137788,40.66486282106086,60.0
2005,whole_blocks,3,5000,8,historical_density,60_to_90n,equal_cell,10524,-42.76726233317937,51.13163040946952,74.99190532271912,60.0
2005,whole_blocks,3,5000,8,historical_density,60_to_90n,spherical_cell_area,10524,-35.23415887133328,44.828301580241686,75.30684185248248,60.0
2005,whole_blocks,3,5000,9,random,global,equal_cell,95988,1.116178506924652,12.311536405776772,39.494486421997976,60.0
2005,whole_blocks,3,5000,9,random,global,spherical_cell_area,95988,0.6966793751602623,11.557669463594708,36.44379900264974,60.0
2005,whole_blocks,3,5000,9,random,south_of_60n,equal_cell,85464,1.0204313793615316,11.748093184621952,39.90872540837615,60.0
2005,whole_blocks,3,5000,9,random,south_of_60n,spherical_cell_area,85464,0.7229634357598294,11.322414919618724,36.25967469184459,60.0
2005,whole_blocks,3,5000,9,random,60_to_90n,equal_cell,10524,1.8937281563026955,16.887183636181135,35.95418859230259,60.0
2005,whole_blocks,3,5000,9,random,60_to_90n,spherical_cell_area,10524,0.0456315499750341,17.384849728999765,40.73977497572663,60.0
2005,whole_blocks,3,5000,9,historical_density,global,equal_cell,95988,-5.659061733765106,18.14264318112093,50.85706013669544,60.0
2005,whole_blocks,3,5000,9,historical_density,global,spherical_cell_area,95988,-1.3945777557408403,14.007133772619042,43.26359731312371,60.0
2005,whole_blocks,3,5000,9,historical_density,south_of_60n,equal_cell,85464,0.0554793332091124,13.168671115383178,45.1078657515048,60.0
2005,whole_blocks,3,5000,9,historical_density,south_of_60n,spherical_cell_area,85464,0.3161567054291405,12.506716876467006,40.79430063095981,60.0
2005,whole_blocks,3,5000,9,historical_density,60_to_90n,equal_cell,10524,-52.06608736545311,58.53560675259675,84.06481611425309,60.0
2005,whole_blocks,3,5000,9,historical_density,60_to_90n,spherical_cell_area,10524,-43.768926505815074,51.17198329845843,83.7438378917671,60.0
2005,whole_blocks,3,5000,10,random,global,equal_cell,95988,0.0064520996539346,12.055994895688318,40.77438504053773,60.0
2005,whole_blocks,3,5000,10,random,global,spherical_cell_area,95988,0.2270960704553305,11.52103261387068,37.759839028949294,60.0
2005,whole_blocks,3,5000,10,random,south_of_60n,equal_cell,85464,0.409618543479438,11.55908222820534,41.39514973456805,60.0
2005,whole_blocks,3,5000,10,random,south_of_60n,spherical_cell_area,85464,0.4213230251767035,11.282691935035274,37.62574920474418,60.0
2005,whole_blocks,3,5000,10,random,60_to_90n,equal_cell,10524,-3.2676088044797424,16.09135637552157,35.331597048322024,60.0
2005,whole_blocks,3,5000,10,random,60_to_90n,spherical_cell_area,10524,-4.583843852038324,17.424655458642228,40.941278626095965,60.0
2005,whole_blocks,3,5000,10,historical_density,global,equal_cell,95988,-6.360983032849794,18.59335503189424,51.04442815521948,60.0
2005,whole_blocks,3,5000,10,historical_density,global,spherical_cell_area,95988,-2.321156038808463,14.75481522917039,43.75656704609501,60.0
2005,whole_blocks,3,5000,10,historical_density,south_of_60n,equal_cell,85464,-1.099812912885051,13.910582415331689,45.58908778989853,60.0
2005,whole_blocks,3,5000,10,historical_density,south_of_60n,spherical_cell_area,85464,-0.769269838341752,13.333205441500942,41.388031755101615,60.0
2005,whole_blocks,3,5000,10,historical_density,60_to_90n,equal_cell,10524,-49.08624368779724,56.621526725347465,82.98554387979213,60.0
2005,whole_blocks,3,5000,10,historical_density,60_to_90n,spherical_cell_area,10524,-40.760883870110966,49.9676377311652,83.12574263472422,60.0
2005,whole_blocks,3,5000,11,random,global,equal_cell,95988,0.8549921666738357,12.12340215447435,38.46349131267424,60.0
2005,whole_blocks,3,5000,11,random,global,spherical_cell_area,95988,0.6986431489742466,11.710965905191989,35.7090372796033,60.0
2005,whole_blocks,3,5000,11,random,south_of_60n,equal_cell,85464,0.7026681915921756,11.7819049421315,39.0604769646576,60.0
2005,whole_blocks,3,5000,11,random,south_of_60n,spherical_cell_area,85464,0.6516845951200689,11.53212293129629,35.602654947470995,60.0
2005,whole_blocks,3,5000,11,random,60_to_90n,equal_cell,10524,2.0919948468694827,14.896655456989524,33.220487653863366,60.0
2005,whole_blocks,3,5000,11,random,60_to_90n,spherical_cell_area,10524,1.8617915995264185,16.14084951329668,38.249780194649865,60.0
2005,whole_blocks,3,5000,11,historical_density,global,equal_cell,95988,-5.355747715352837,18.40186669779867,49.8492398624506,60.0
2005,whole_blocks,3,5000,11,historical_density,global,spherical_cell_area,95988,-1.493314728755377,14.677447701125796,42.91593049564998,60.0
2005,whole_blocks,3,5000,11,historical_density,south_of_60n,equal_cell,85464,-0.5371444084565106,14.0025220639653,45.036761865720806,60.0
2005,whole_blocks,3,5000,11,historical_density,south_of_60n,spherical_cell_area,85464,-0.0719870704053432,13.3402505142505,40.83445505267156,60.0
2005,whole_blocks,3,5000,11,historical_density,60_to_90n,equal_cell,10524,-44.48698232392254,54.12835755545118,78.69709786020836,60.0
2005,whole_blocks,3,5000,11,historical_density,60_to_90n,spherical_cell_area,10524,-36.6991489771989,47.799396916739205,78.48398777891138,60.0
2005,whole_blocks,3,5000,12,random,global,equal_cell,95988,-0.172278448711433,11.690141841566094,39.05524106888996,60.0
2005,whole_blocks,3,5000,12,random,global,spherical_cell_area,95988,0.0453243472031126,11.106516348381913,36.090153579116375,60.0
2005,whole_blocks,3,5000,12,random,south_of_60n,equal_cell,85464,0.1283316748499401,11.180242102079903,39.541779709685386,60.0
2005,whole_blocks,3,5000,12,random,south_of_60n,spherical_cell_area,85464,0.1917720742762335,10.867299482275296,35.91446304514106,60.0
2005,whole_blocks,3,5000,12,random,60_to_90n,equal_cell,10524,-2.6134931579521403,15.830969600540602,34.85349274175272,60.0
2005,whole_blocks,3,5000,12,random,60_to_90n,spherical_cell_area,10524,-3.582139295756446,17.0318420733159,40.19762157730749,60.0
2005,whole_blocks,3,5000,12,historical_density,global,equal_cell,95988,-5.31552761345171,17.21408890575218,48.22208059656009,60.0
2005,whole_blocks,3,5000,12,historical_density,global,spherical_cell_area,95988,-1.873694969657866,14.067686270716798,42.24991985850549,60.0
2005,whole_blocks,3,5000,12,historical_density,south_of_60n,equal_cell,85464,-0.919051888924192,13.64773584881546,44.835095860697,60.0
2005,whole_blocks,3,5000,12,historical_density,south_of_60n,spherical_cell_area,85464,-0.5426368067134824,12.98386626527772,40.642856385458,60.0
2005,whole_blocks,3,5000,12,historical_density,60_to_90n,equal_cell,10524,-41.018720441370725,46.17596629629184,69.89227475221733,60.0
2005,whole_blocks,3,5000,12,historical_density,60_to_90n,spherical_cell_area,10524,-34.84358251413644,40.91356325233416,71.30724361082895,60.0
2005,whole_blocks,3,5000,13,random,global,equal_cell,95988,0.6384889018920369,12.43044990890814,37.80127821455496,60.0
2005,whole_blocks,3,5000,13,random,global,spherical_cell_area,95988,0.4607196511566716,11.767214892273516,34.8746109993936,60.0
2005,whole_blocks,3,5000,13,random,south_of_60n,equal_cell,85464,0.9227343875697904,12.104808598517238,38.26487392220814,60.0
2005,whole_blocks,3,5000,13,random,south_of_60n,spherical_cell_area,85464,0.5585981740136143,11.576466783685133,34.712917981277464,60.0
2005,whole_blocks,3,5000,13,random,60_to_90n,equal_cell,10524,-1.6698307662914993,15.074939546997076,33.80181754329669,60.0
2005,whole_blocks,3,5000,13,random,60_to_90n,spherical_cell_area,10524,-1.963700243819712,16.491984901999757,38.66448547304414,60.0
2005,whole_blocks,3,5000,13,historical_density,global,equal_cell,95988,-5.540514798556743,18.03640922854364,49.654894321989936,60.0
2005,whole_blocks,3,5000,13,historical_density,global,spherical_cell_area,95988,-2.1746530976028957,14.721334267640382,43.41360547756444,60.0
2005,whole_blocks,3,5000,13,historical_density,south_of_60n,equal_cell,85464,-1.049783135848419,14.208866894411385,45.821335072677165,60.0
2005,whole_blocks,3,5000,13,historical_density,south_of_60n,spherical_cell_area,85464,-0.8155287280587592,13.526003297526971,41.58046156096231,60.0
2005,whole_blocks,3,5000,13,historical_density,60_to_90n,equal_cell,10524,-42.00914752581864,49.11936989409656,73.74250895112799,60.0
2005,whole_blocks,3,5000,13,historical_density,60_to_90n,spherical_cell_area,10524,-35.83973165713604,44.329302394213,75.78928070730836,60.0
2005,whole_blocks,3,5000,14,random,global,equal_cell,95988,0.3909041836761936,11.75045945026794,39.36646771532216,60.0
2005,whole_blocks,3,5000,14,random,global,spherical_cell_area,95988,0.5087898242179213,11.297847633954389,36.46064492922376,60.0
2005,whole_blocks,3,5000,14,random,south_of_60n,equal_cell,85464,0.6605739525938176,11.345199617125752,39.96655342490939,60.0
2005,whole_blocks,3,5000,14,random,south_of_60n,spherical_cell_area,85464,0.6571416825295721,11.120248225021433,36.356253134881726,60.0
2005,whole_blocks,3,5000,14,random,60_to_90n,equal_cell,10524,-1.7990480332352294,15.041520489764704,34.1044254193673,60.0
2005,whole_blocks,3,5000,14,random,60_to_90n,spherical_cell_area,10524,-3.16583854418488,15.696928533268933,38.95722059322977,60.0
2005,whole_blocks,3,5000,14,historical_density,global,equal_cell,95988,-5.20917705345094,17.045589875149684,47.85598170434092,60.0
2005,whole_blocks,3,5000,14,historical_density,global,spherical_cell_area,95988,-1.8890084441699144,14.08028244744024,42.19126357142103,60.0
2005,whole_blocks,3,5000,14,historical_density,south_of_60n,equal_cell,85464,-1.2540550963552992,13.6586548426717,44.92466564686511,60.0
2005,whole_blocks,3,5000,14,historical_density,south_of_60n,spherical_cell_area,85464,-0.6921580523421988,13.03952047664094,40.75514335633698,60.0
2005,whole_blocks,3,5000,14,historical_density,60_to_90n,equal_cell,10524,-37.32819481677494,44.55043742510201,67.07326002531636,60.0
2005,whole_blocks,3,5000,14,historical_density,60_to_90n,spherical_cell_area,10524,-31.534612163572284,39.85962559944678,68.78002845069359,60.0
2005,whole_blocks,3,5000,15,random,global,equal_cell,95988,0.1812901406452162,11.770779033930973,40.03179992423506,60.0
2005,whole_blocks,3,5000,15,random,global,spherical_cell_area,95988,0.2419579269134646,11.353073408969406,37.13862905021487,60.0
2005,whole_blocks,3,5000,15,random,south_of_60n,equal_cell,85464,0.2274294095284274,11.299558068607627,40.66544925467852,60.0
2005,whole_blocks,3,5000,15,random,south_of_60n,spherical_cell_area,85464,0.3275247634252197,11.136547246482172,37.03177253032252,60.0
2005,whole_blocks,3,5000,15,random,60_to_90n,equal_cell,10524,-0.1934007065454684,15.597501628039153,34.457141188749304,60.0
2005,whole_blocks,3,5000,15,random,60_to_90n,spherical_cell_area,10524,-1.8775054112541452,16.71635761876683,39.693729189943774,60.0
2005,whole_blocks,3,5000,15,historical_density,global,equal_cell,95988,-5.986575478411912,17.58419156882412,49.02447018747473,60.0
2005,whole_blocks,3,5000,15,historical_density,global,spherical_cell_area,95988,-2.6268344271351958,14.289275705717133,42.61717041025145,60.0
2005,whole_blocks,3,5000,15,historical_density,south_of_60n,equal_cell,85464,-1.631653671936521,13.792622552896471,45.05122816375624,60.0
2005,whole_blocks,3,5000,15,historical_density,south_of_60n,spherical_cell_area,85464,-1.345176415522999,13.14515470618525,40.85537336186564,60.0
2005,whole_blocks,3,5000,15,historical_density,60_to_90n,equal_cell,10524,-41.35231448151082,48.37501771641444,73.74863390712976,60.0
2005,whole_blocks,3,5000,15,historical_density,60_to_90n,spherical_cell_area,10524,-34.373095927730304,42.62878914095278,73.88433058669625,60.0
2005,whole_blocks,3,5000,16,random,global,equal_cell,95988,-0.7057321337008859,11.881722436233131,40.82909954284673,60.0
2005,whole_blocks,3,5000,16,random,global,spherical_cell_area,95988,-0.447545308925487,11.363919667325716,37.722068950327845,60.0
2005,whole_blocks,3,5000,16,random,south_of_60n,equal_cell,85464,-0.2820651017326095,11.487729529891526,41.27994058266234,60.0
2005,whole_blocks,3,5000,16,random,south_of_60n,spherical_cell_area,85464,-0.2102945268116866,11.162121910677683,37.486122247660006,60.0
2005,whole_blocks,3,5000,16,random,60_to_90n,equal_cell,10524,-4.146275579171883,15.081286266295738,36.96479561268619,60.0
2005,whole_blocks,3,5000,16,random,60_to_90n,spherical_cell_area,10524,-6.324171758387733,16.36238594673783,43.156640092693095,60.0
2005,whole_blocks,3,5000,16,historical_density,global,equal_cell,95988,-7.247623773042649,18.810779376950915,51.445600050388165,60.0
2005,whole_blocks,3,5000,16,historical_density,global,spherical_cell_area,95988,-3.010240379656182,14.686313842165362,43.45701761247547,60.0
2005,whole_blocks,3,5000,16,historical_density,south_of_60n,equal_cell,85464,-1.826768421562655,13.919395369598863,45.194192777325945,60.0
2005,whole_blocks,3,5000,16,historical_density,south_of_60n,spherical_cell_area,85464,-1.4475428908846415,13.242428567839498,40.96135702462149,60.0
2005,whole_blocks,3,5000,16,historical_density,60_to_90n,equal_cell,10524,-51.26966688962248,58.53305634429564,86.90654231117074,60.0
2005,whole_blocks,3,5000,16,historical_density,60_to_90n,spherical_cell_area,10524,-41.71776038529365,50.450893067123936,84.30290241040653,60.0
2005,whole_blocks,3,5000,17,random,global,equal_cell,95988,0.4637018259645893,11.531438503547191,39.30171625272028,60.0
2005,whole_blocks,3,5000,17,random,global,spherical_cell_area,95988,0.3909035465330601,11.046141374299363,36.44837407049847,60.0
2005,whole_blocks,3,5000,17,random,south_of_60n,equal_cell,85464,0.5352680386656418,11.102945687423512,40.04647492594218,60.0
2005,whole_blocks,3,5000,17,random,south_of_60n,spherical_cell_area,85464,0.4680046628896182,10.853084100487564,36.40325833549503,60.0
2005,whole_blocks,3,5000,17,random,60_to_90n,equal_cell,10524,-0.1174778397787348,15.011171498339504,32.63005102519342,60.0
2005,whole_blocks,3,5000,17,random,60_to_90n,spherical_cell_area,10524,-1.5188665946953168,15.828108672511696,37.54857983228384,60.0
2005,whole_blocks,3,5000,17,historical_density,global,equal_cell,95988,-5.67647269339696,17.711276965972445,49.22537299204146,60.0
2005,whole_blocks,3,5000,17,historical_density,global,spherical_cell_area,95988,-2.1418756426208163,14.238428637426829,42.78027142811291,60.0
2005,whole_blocks,3,5000,17,historical_density,south_of_60n,equal_cell,85464,-1.2971426136035344,13.735935554133638,45.25651365846733,60.0
2005,whole_blocks,3,5000,17,historical_density,south_of_60n,spherical_cell_area,85464,-0.8415876589940534,13.01095805566217,40.94488561091958,60.0
2005,whole_blocks,3,5000,17,historical_density,60_to_90n,equal_cell,10524,-41.24042802781974,49.994494223801375,73.9482459872489,60.0
2005,whole_blocks,3,5000,17,historical_density,60_to_90n,spherical_cell_area,10524,-34.34959562743297,44.64248472721881,75.07634969568173,60.0
2005,whole_blocks,3,5000,18,random,global,equal_cell,95988,0.6236528102900394,11.595928883421104,40.49502685605156,60.0
2005,whole_blocks,3,5000,18,random,global,spherical_cell_area,95988,0.6275183096181975,11.019974482217066,37.36616671611292,60.0
2005,whole_blocks,3,5000,18,random,south_of_60n,equal_cell,85464,0.7066772972217186,10.999785274651714,40.88649331568542,60.0
2005,whole_blocks,3,5000,18,random,south_of_60n,spherical_cell_area,85464,0.7269678608733676,10.751446274556628,37.12358682021236,60.0
2005,whole_blocks,3,5000,18,random,60_to_90n,equal_cell,10524,-0.0505779718392868,16.43713159910592,37.16357801921329,60.0
2005,whole_blocks,3,5000,18,random,60_to_90n,spherical_cell_area,10524,-1.8358154593425915,17.671332819181725,42.93962682898258,60.0
2005,whole_blocks,3,5000,18,historical_density,global,equal_cell,95988,-5.345658208590294,17.674936072911063,48.84822256430176,60.0
2005,whole_blocks,3,5000,18,historical_density,global,spherical_cell_area,95988,-2.052781255111737,14.582273558632629,42.915110328864685,60.0
2005,whole_blocks,3,5000,18,historical_density,south_of_60n,equal_cell,85464,-1.001157590735,14.01046695992748,45.36577020360878,60.0
2005,whole_blocks,3,5000,18,historical_density,south_of_60n,spherical_cell_area,85464,-0.7507349084334228,13.450686929994996,41.23838638975504,60.0
2005,whole_blocks,3,5000,18,historical_density,60_to_90n,equal_cell,10524,-40.62676812918939,47.43360086500807,71.0673665867521,60.0
2005,whole_blocks,3,5000,18,historical_density,60_to_90n,spherical_cell_area,10524,-34.30405533371631,42.61131461157211,73.05315118459524,60.0
2005,whole_blocks,3,5000,19,random,global,equal_cell,95988,1.0882008961466654,11.814356225334038,40.5391964600444,60.0
2005,whole_blocks,3,5000,19,random,global,spherical_cell_area,95988,1.1646482881626363,11.320120702730222,37.51478495867306,60.0
2005,whole_blocks,3,5000,19,random,south_of_60n,equal_cell,85464,1.1440928160524426,11.39415219101411,41.06694556424899,60.0
2005,whole_blocks,3,5000,19,random,south_of_60n,spherical_cell_area,85464,1.246372142097912,11.122884846750315,37.34736892906337,60.0
2005,whole_blocks,3,5000,19,random,60_to_90n,equal_cell,10524,0.6343100710965529,15.22677712889907,35.96776991508654,60.0
2005,whole_blocks,3,5000,19,random,60_to_90n,spherical_cell_area,10524,-0.8596255932935989,16.205590152849243,41.44635812449245,60.0
2005,whole_blocks,3,5000,19,historical_density,global,equal_cell,95988,-6.6275105306217394,19.410838086762062,51.94493503569978,60.0
2005,whole_blocks,3,5000,19,historical_density,global,spherical_cell_area,95988,-2.05394938980714,15.043168208317798,43.910521404518576,60.0
2005,whole_blocks,3,5000,19,historical_density,south_of_60n,equal_cell,85464,-0.7040450853450181,14.228931317871751,45.530926169123234,60.0
2005,whole_blocks,3,5000,19,historical_density,south_of_60n,spherical_cell_area,85464,-0.3244881994457116,13.514712874732608,41.2796829588054,60.0
2005,whole_blocks,3,5000,19,historical_density,60_to_90n,equal_cell,10524,-54.73118316603885,61.49241164210618,88.17897542400699,60.0
2005,whole_blocks,3,5000,19,historical_density,60_to_90n,spherical_cell_area,10524,-44.89215326861003,52.90252091578312,86.48442795304443,60.0
2005,whole_blocks,4,5000,0,random,global,equal_cell,103476,-0.765372686660889,12.429506610682097,22.3998081415098,60.0
2005,whole_blocks,4,5000,0,random,global,spherical_cell_area,103476,-1.3952569484958846,11.707793855275176,20.498796711323905,60.0
2005,whole_blocks,4,5000,0,random,south_of_60n,equal_cell,92628,-0.917081512735504,11.687922080732667,19.15592480921344,60.0
2005,whole_blocks,4,5000,0,random,south_of_60n,spherical_cell_area,92628,-1.469993697701806,11.305967651793452,18.77313350921715,60.0
2005,whole_blocks,4,5000,0,random,60_to_90n,equal_cell,10848,0.5300260173987933,18.76168690568169,40.654484099353255,60.0
2005,whole_blocks,4,5000,0,random,60_to_90n,spherical_cell_area,10848,0.5565691748591317,22.201893335615654,46.79835807357107,60.0
2005,whole_blocks,4,5000,0,historical_density,global,equal_cell,103476,-7.35553071503638,17.893160254161412,33.26585540762086,60.0
2005,whole_blocks,4,5000,0,historical_density,global,spherical_cell_area,103476,-3.460416004616919,13.908450886905776,25.524720492102485,60.0
2005,whole_blocks,4,5000,0,historical_density,south_of_60n,equal_cell,92628,-1.4340286746663062,12.696268811483655,20.14086209517665,60.0
2005,whole_blocks,4,5000,0,historical_density,south_of_60n,spherical_cell_area,92628,-1.5492337292467242,12.188547814407334,19.804879355916047,60.0
2005,whole_blocks,4,5000,0,historical_density,60_to_90n,equal_cell,10848,-57.917559752222886,62.2679445971145,84.21365725577401,60.0
2005,whole_blocks,4,5000,0,historical_density,60_to_90n,spherical_cell_area,10848,-53.37288251132247,58.82546670855491,86.15580405146837,60.0
2005,whole_blocks,4,5000,1,random,global,equal_cell,103476,-0.3619097894115504,12.709455145948324,22.72730519341513,60.0
2005,whole_blocks,4,5000,1,random,global,spherical_cell_area,103476,-1.273033205165752,12.02281826260322,21.06660646543623,60.0
2005,whole_blocks,4,5000,1,random,south_of_60n,equal_cell,92628,-0.7607662636693593,12.007965019511678,19.794587411209957,60.0
2005,whole_blocks,4,5000,1,random,south_of_60n,spherical_cell_area,92628,-1.3779260969180496,11.644441493978816,19.476239321347805,60.0
2005,whole_blocks,4,5000,1,random,60_to_90n,equal_cell,10848,3.0438126937698957,18.69928068351961,39.76617419796455,60.0
2005,whole_blocks,4,5000,1,random,60_to_90n,spherical_cell_area,10848,1.4663512134993624,21.904511931629575,46.12711385541418,60.0
2005,whole_blocks,4,5000,1,historical_density,global,equal_cell,103476,-6.583467172252477,17.616535747550735,32.292650201476285,60.0
2005,whole_blocks,4,5000,1,historical_density,global,spherical_cell_area,103476,-3.1096300864108577,14.106769392542484,25.71814585449427,60.0
2005,whole_blocks,4,5000,1,historical_density,south_of_60n,equal_cell,92628,-1.197827908459986,13.101886134392595,20.761402515528705,60.0
2005,whole_blocks,4,5000,1,historical_density,south_of_60n,spherical_cell_area,92628,-1.283388035555604,12.53531259852572,20.37976743123792,60.0
2005,whole_blocks,4,5000,1,historical_density,60_to_90n,equal_cell,10848,-52.56991570899389,56.16585030946186,79.16202687869654,60.0
2005,whole_blocks,4,5000,1,historical_density,60_to_90n,spherical_cell_area,10848,-50.80379634734169,55.146959859411325,84.19182788225417,60.0
2005,whole_blocks,4,5000,2,random,global,equal_cell,103476,-0.7145745103447492,12.517927057314786,22.3857861282257,60.0
2005,whole_blocks,4,5000,2,random,global,spherical_cell_area,103476,-1.443876257847651,11.747704509132454,20.503071756111662,60.0
2005,whole_blocks,4,5000,2,random,south_of_60n,equal_cell,92628,-1.019894375215357,11.735369550632209,19.26450398150239,60.0
2005,whole_blocks,4,5000,2,random,south_of_60n,spherical_cell_area,92628,-1.567438468972987,11.332645020380273,18.823626674468063,60.0
2005,whole_blocks,4,5000,2,random,60_to_90n,equal_cell,10848,1.892465353522753,19.19996399767189,40.139460691463775,60.0
2005,whole_blocks,4,5000,2,random,60_to_90n,spherical_cell_area,10848,1.7830764006020683,22.587404676726724,46.31696489820694,60.0
2005,whole_blocks,4,5000,2,historical_density,global,equal_cell,103476,-7.737182265665134,18.310548989278,33.58132750416372,60.0
2005,whole_blocks,4,5000,2,historical_density,global,spherical_cell_area,103476,-3.7316836656200016,14.52960217258908,26.427563229095803,60.0
2005,whole_blocks,4,5000,2,historical_density,south_of_60n,equal_cell,92628,-1.8271530571262908,13.254120775923203,20.93227007490672,60.0
2005,whole_blocks,4,5000,2,historical_density,south_of_60n,spherical_cell_area,92628,-1.7380235997891091,12.783938070439754,20.65296039307836,60.0
2005,whole_blocks,4,5000,2,historical_density,60_to_90n,equal_cell,10848,-58.20124804078829,61.48595759424002,83.75882276910717,60.0
2005,whole_blocks,4,5000,2,historical_density,60_to_90n,spherical_cell_area,10848,-55.798141451424925,60.11939345171198,88.30974988309438,60.0
2005,whole_blocks,4,5000,3,random,global,equal_cell,103476,-0.7817168964588804,12.726154019688767,22.904584651450214,60.0
2005,whole_blocks,4,5000,3,random,global,spherical_cell_area,103476,-1.4715911226497709,12.023692263203314,21.12764705211835,60.0
2005,whole_blocks,4,5000,3,random,south_of_60n,equal_cell,92628,-0.8978544381676883,11.908686370205707,19.47092612346306,60.0
2005,whole_blocks,4,5000,3,random,south_of_60n,spherical_cell_area,92628,-1.5149241406213878,11.605111282651247,19.27191418062521,60.0
2005,whole_blocks,4,5000,3,random,60_to_90n,equal_cell,10848,0.2099486836852424,19.706278783361,42.03604644297912,60.0
2005,whole_blocks,4,5000,3,random,60_to_90n,spherical_cell_area,10848,-0.3399053404949083,22.95535976629482,49.03382409051453,60.0
2005,whole_blocks,4,5000,3,historical_density,global,equal_cell,103476,-6.183866263664365,17.64151715252033,31.512841954378832,60.0
2005,whole_blocks,4,5000,3,historical_density,global,spherical_cell_area,103476,-2.839829295635227,14.330464171425067,25.134589213694863,60.0
2005,whole_blocks,4,5000,3,historical_density,south_of_60n,equal_cell,92628,-1.252751626771591,13.378449850162896,20.881158862998102,60.0
2005,whole_blocks,4,5000,3,historical_density,south_of_60n,spherical_cell_area,92628,-1.298815517358746,12.91438763990141,20.49433080993907,60.0
2005,whole_blocks,4,5000,3,historical_density,60_to_90n,equal_cell,10848,-48.28925772624768,54.04264160705245,75.82503142258878,60.0
2005,whole_blocks,4,5000,3,historical_density,60_to_90n,spherical_cell_area,10848,-43.08496948232836,51.31274124749078,78.49389191565379,60.0
2005,whole_blocks,4,5000,4,random,global,equal_cell,103476,-0.1142924225417893,13.237859438798385,23.04933109270327,60.0
2005,whole_blocks,4,5000,4,random,global,spherical_cell_area,103476,-0.99780276174768,12.443890866284663,21.274768753641908,60.0
2005,whole_blocks,4,5000,4,random,south_of_60n,equal_cell,92628,-0.6009333117770402,12.208307662000854,19.712661073765656,60.0
2005,whole_blocks,4,5000,4,random,south_of_60n,spherical_cell_area,92628,-1.1376952039100894,11.948729287930632,19.568094215246603,60.0
2005,whole_blocks,4,5000,4,random,60_to_90n,equal_cell,10848,4.040996320828678,22.02891050638702,41.82820182658168,60.0
2005,whole_blocks,4,5000,4,random,60_to_90n,spherical_cell_area,10848,2.655630468539072,25.37553847180449,47.67646226421032,60.0
2005,whole_blocks,4,5000,4,historical_density,global,equal_cell,103476,-6.847892000649725,17.336699385025035,31.11799522860591,60.0
2005,whole_blocks,4,5000,4,historical_density,global,spherical_cell_area,103476,-3.459233827773464,13.859179743337414,24.7962503201049,60.0
2005,whole_blocks,4,5000,4,historical_density,south_of_60n,equal_cell,92628,-1.78169945968615,12.926993445517173,20.650277020194903,60.0
2005,whole_blocks,4,5000,4,historical_density,south_of_60n,spherical_cell_area,92628,-1.839786904062232,12.392413911668903,20.26029048991129,60.0
2005,whole_blocks,4,5000,4,historical_density,60_to_90n,equal_cell,10848,-50.106675433943785,54.98992963619895,74.80256301043384,60.0
2005,whole_blocks,4,5000,4,historical_density,60_to_90n,spherical_cell_area,10848,-45.75273528014927,52.16525938304829,77.15118832175814,60.0
2005,whole_blocks,4,5000,5,random,global,equal_cell,103476,-1.4298632556499822,13.03567543394762,23.421474886160595,60.0
2005,whole_blocks,4,5000,5,random,global,spherical_cell_area,103476,-2.264473942382831,12.576069277921649,21.97243272766269,60.0
2005,whole_blocks,4,5000,5,random,south_of_60n,equal_cell,92628,-1.5279957845583811,12.352689966670496,20.35099247733419,60.0
2005,whole_blocks,4,5000,5,random,south_of_60n,spherical_cell_area,92628,-2.2493102156578035,12.216941404518828,20.35998433786469,60.0
2005,whole_blocks,4,5000,5,random,60_to_90n,equal_cell,10848,-0.5919373810438602,18.86749492721325,41.184841261586605,60.0
2005,whole_blocks,4,5000,5,random,60_to_90n,spherical_cell_area,10848,-2.660490069171774,21.95505849514351,47.59660371225834,60.0
2005,whole_blocks,4,5000,5,historical_density,global,equal_cell,103476,-7.752001462205458,18.314281121877304,32.85336735615903,60.0
2005,whole_blocks,4,5000,5,historical_density,global,spherical_cell_area,103476,-3.885729450351644,14.642283295943471,26.009506887816208,60.0
2005,whole_blocks,4,5000,5,historical_density,south_of_60n,equal_cell,92628,-2.224860711082548,13.61042020634128,21.392242742087,60.0
2005,whole_blocks,4,5000,5,historical_density,south_of_60n,spherical_cell_area,92628,-2.120675840825006,13.100072093762597,21.069547253536207,60.0
2005,whole_blocks,4,5000,5,historical_density,60_to_90n,equal_cell,10848,-54.94669112804368,58.47921741283149,79.92495244361075,60.0
2005,whole_blocks,4,5000,5,historical_density,60_to_90n,spherical_cell_area,10848,-49.98189741056021,54.91869542424716,82.15996828563182,60.0
2005,whole_blocks,4,5000,6,random,global,equal_cell,103476,-0.7722887313127851,12.8339488846665,22.779459799049743,60.0
2005,whole_blocks,4,5000,6,random,global,spherical_cell_area,103476,-1.504408316235287,12.222803090619792,21.30429055428995,60.0
2005,whole_blocks,4,5000,6,random,south_of_60n,equal_cell,92628,-0.8802749837233788,12.096174139192268,19.87368723943682,60.0
2005,whole_blocks,4,5000,6,random,south_of_60n,spherical_cell_area,92628,-1.5237145376830306,11.833427248011237,19.74622336590659,60.0
2005,whole_blocks,4,5000,6,random,60_to_90n,equal_cell,10848,0.1497752978436024,19.13359850890941,39.71391809049895,60.0
2005,whole_blocks,4,5000,6,random,60_to_90n,spherical_cell_area,10848,-1.000206731802478,22.391748749638847,46.089467700953385,60.0
2005,whole_blocks,4,5000,6,historical_density,global,equal_cell,103476,-7.519176967894797,17.907516786449115,32.6979488630306,60.0
2005,whole_blocks,4,5000,6,historical_density,global,spherical_cell_area,103476,-3.607374654858811,14.18160872900856,25.608891643487414,60.0
2005,whole_blocks,4,5000,6,historical_density,south_of_60n,equal_cell,92628,-1.8927367681320304,13.12303770741072,20.794403708334,60.0
2005,whole_blocks,4,5000,6,historical_density,south_of_60n,spherical_cell_area,92628,-1.7815889135319576,12.58936391974506,20.268786883574293,60.0
2005,whole_blocks,4,5000,6,historical_density,60_to_90n,equal_cell,10848,-55.5617565054709,58.76082874562762,80.66084632356618,60.0
2005,whole_blocks,4,5000,6,historical_density,60_to_90n,spherical_cell_area,10848,-51.28962392893468,55.76469933058209,83.98821391112934,60.0
2005,whole_blocks,4,5000,7,random,global,equal_cell,103476,-0.7773062578416601,12.898319147206104,22.73792709457684,60.0
2005,whole_blocks,4,5000,7,random,global,spherical_cell_area,103476,-1.312325695238978,12.140635708255612,20.90899323945336,60.0
2005,whole_blocks,4,5000,7,random,south_of_60n,equal_cell,92628,-0.8865519764923332,12.062430947012254,19.46700076493159,60.0
2005,whole_blocks,4,5000,7,random,south_of_60n,spherical_cell_area,92628,-1.3709467982632026,11.712096755865725,19.19019700525217,60.0
2005,whole_blocks,4,5000,7,random,60_to_90n,equal_cell,10848,0.1555119968757586,20.035731776958688,41.17980618285887,60.0
2005,whole_blocks,4,5000,7,random,60_to_90n,spherical_cell_area,10848,0.2186239577531757,23.332365761233294,47.29865585269903,60.0
2005,whole_blocks,4,5000,7,historical_density,global,equal_cell,103476,-6.995997873161876,17.98478590376193,32.652971692318744,60.0
2005,whole_blocks,4,5000,7,historical_density,global,spherical_cell_area,103476,-3.239125427580561,14.337510002721489,25.68404932525837,60.0
2005,whole_blocks,4,5000,7,historical_density,south_of_60n,equal_cell,92628,-1.5877135635650743,13.2774416577824,20.9227869201628,60.0
2005,whole_blocks,4,5000,7,historical_density,south_of_60n,spherical_cell_area,92628,-1.5105898595417455,12.792753478322004,20.56707467695632,60.0
2005,whole_blocks,4,5000,7,historical_density,60_to_90n,equal_cell,10848,-53.175806043269965,58.17946536694338,80.20226577932601,60.0
2005,whole_blocks,4,5000,7,historical_density,60_to_90n,spherical_cell_area,10848,-48.38158763918473,54.68039580631101,82.70694601645096,60.0
2005,whole_blocks,4,5000,8,random,global,equal_cell,103476,-1.2720250911468065,12.434205620919377,22.53399492443336,60.0
2005,whole_blocks,4,5000,8,random,global,spherical_cell_area,103476,-1.6580598361849703,11.981372436343234,21.11913778248613,60.0
2005,whole_blocks,4,5000,8,random,south_of_60n,equal_cell,92628,-1.3436584105291831,11.856180350274505,19.679059703461785,60.0
2005,whole_blocks,4,5000,8,random,south_of_60n,spherical_cell_area,92628,-1.6752020630743767,11.65479099168953,19.62397141317493,60.0
2005,whole_blocks,4,5000,8,random,60_to_90n,equal_cell,10848,-0.6603684624824634,17.369799718383717,39.20241018915682,60.0
2005,whole_blocks,4,5000,8,random,60_to_90n,spherical_cell_area,10848,-1.2103731678361251,20.510378606009613,45.13254139295381,60.0
2005,whole_blocks,4,5000,8,historical_density,global,equal_cell,103476,-7.623231068995267,18.24644192092508,32.956255467845644,60.0
2005,whole_blocks,4,5000,8,historical_density,global,spherical_cell_area,103476,-3.75603064082439,14.361484753891892,25.683027806622054,60.0
2005,whole_blocks,4,5000,8,historical_density,south_of_60n,equal_cell,92628,-1.95998530890724,13.197103359604412,21.04782918486127,60.0
2005,whole_blocks,4,5000,8,historical_density,south_of_60n,spherical_cell_area,92628,-2.030136121393972,12.728253825916832,20.721805883734707,60.0
2005,whole_blocks,4,5000,8,historical_density,60_to_90n,equal_cell,10848,-55.98008286337523,61.36131399485673,81.10113943996384,60.0
2005,whole_blocks,4,5000,8,historical_density,60_to_90n,spherical_cell_area,10848,-48.82951918523415,57.01496947945562,81.68334746057197,60.0
2005,whole_blocks,4,5000,9,random,global,equal_cell,103476,-0.498521847170842,12.9817014899691,23.479964063108387,60.0
2005,whole_blocks,4,5000,9,random,global,spherical_cell_area,103476,-1.2435574008554713,12.226482088658097,21.4136006296206,60.0
2005,whole_blocks,4,5000,9,random,south_of_60n,equal_cell,92628,-0.9476511729817813,12.018597939498456,19.692242933169396,60.0
2005,whole_blocks,4,5000,9,random,south_of_60n,spherical_cell_area,92628,-1.4324517273431434,11.72203358811661,19.393598669568107,60.0
2005,whole_blocks,4,5000,9,random,60_to_90n,equal_cell,10848,3.3364662788630497,21.20536997014928,44.131578685223765,60.0
2005,whole_blocks,4,5000,9,random,60_to_90n,spherical_cell_area,10848,3.689609814865186,25.40066710079028,51.1008975812476,60.0
2005,whole_blocks,4,5000,9,historical_density,global,equal_cell,103476,-5.659359330430652,17.15922552617183,30.166964106592506,60.0
2005,whole_blocks,4,5000,9,historical_density,global,spherical_cell_area,103476,-2.7524691588430428,14.1233233764788,24.69192593057434,60.0
2005,whole_blocks,4,5000,9,historical_density,south_of_60n,equal_cell,92628,-1.2978744467404628,13.36073812597566,21.264330053641448,60.0
2005,whole_blocks,4,5000,9,historical_density,south_of_60n,spherical_cell_area,92628,-1.5145013289355789,12.925071799050196,21.04186709235131,60.0
2005,whole_blocks,4,5000,9,historical_density,60_to_90n,equal_cell,10848,-42.90084364149765,49.59343375859908,69.42407411865733,60.0
2005,whole_blocks,4,5000,9,historical_density,60_to_90n,spherical_cell_area,10848,-35.083256568781,45.41688050902789,70.49301217492207,60.0
2005,whole_blocks,4,5000,10,random,global,equal_cell,103476,-1.1836452293115682,12.668229862564116,22.633095109619376,60.0
2005,whole_blocks,4,5000,10,random,global,spherical_cell_area,103476,-1.867141347937162,11.923703187549131,20.925294076028543,60.0
2005,whole_blocks,4,5000,10,random,south_of_60n,equal_cell,92628,-1.4751674247706972,11.7335058948654,19.36578288446073,60.0
2005,whole_blocks,4,5000,10,random,south_of_60n,spherical_cell_area,92628,-1.99129787537808,11.461322191509218,19.205683169247305,60.0
2005,whole_blocks,4,5000,10,random,60_to_90n,equal_cell,10848,1.3055802427559309,20.649573122150823,41.03619320572111,60.0
2005,whole_blocks,4,5000,10,random,60_to_90n,spherical_cell_area,10848,1.375332484802489,23.999252587309545,47.3299637066193,60.0
2005,whole_blocks,4,5000,10,historical_density,global,equal_cell,103476,-6.406118436396858,17.154750548626627,30.766760547058457,60.0
2005,whole_blocks,4,5000,10,historical_density,global,spherical_cell_area,103476,-3.656909855124842,14.33218142009716,25.4063628012248,60.0
2005,whole_blocks,4,5000,10,historical_density,south_of_60n,equal_cell,92628,-2.062921991650746,13.508694748594646,21.42923751596103,60.0
2005,whole_blocks,4,5000,10,historical_density,south_of_60n,spherical_cell_area,92628,-2.213142182829503,13.073139188580422,21.14363807485889,60.0
2005,whole_blocks,4,5000,10,historical_density,60_to_90n,equal_cell,10848,-43.49144294634733,48.287388513722696,71.47170591551397,60.0
2005,whole_blocks,4,5000,10,historical_density,60_to_90n,spherical_cell_area,10848,-41.3623692011974,47.213348235509606,76.33924352178096,60.0
2005,whole_blocks,4,5000,11,random,global,equal_cell,103476,-0.833489571686354,12.86740193606505,22.78788038960632,60.0
2005,whole_blocks,4,5000,11,random,global,spherical_cell_area,103476,-1.3618990069898362,12.233435274680856,21.20622984321802,60.0
2005,whole_blocks,4,5000,11,random,south_of_60n,equal_cell,92628,-0.9935845952029108,12.120272237471449,19.867976188487106,60.0
2005,whole_blocks,4,5000,11,random,south_of_60n,spherical_cell_area,92628,-1.4080531851249736,11.833465279200768,19.64687162181845,60.0
2005,whole_blocks,4,5000,11,random,60_to_90n,equal_cell,10848,0.5335164974776967,19.246930855804013,39.784335323785285,60.0
2005,whole_blocks,4,5000,11,random,60_to_90n,spherical_cell_area,10848,-0.1565357614206234,22.679057997516168,45.971893994138746,60.0
2005,whole_blocks,4,5000,11,historical_density,global,equal_cell,103476,-6.39201186841225,17.218895574868636,31.714917709947763,60.0
2005,whole_blocks,4,5000,11,historical_density,global,spherical_cell_area,103476,-3.18845598571496,13.961746356980589,25.45298499324514,60.0
2005,whole_blocks,4,5000,11,historical_density,south_of_60n,equal_cell,92628,-1.6018150516841985,13.04798215050087,20.81383596921864,60.0
2005,whole_blocks,4,5000,11,historical_density,south_of_60n,spherical_cell_area,92628,-1.5694975554715245,12.490151279307565,20.41699213153832,60.0
2005,whole_blocks,4,5000,11,historical_density,60_to_90n,equal_cell,10848,-47.29414597054039,52.83314416192038,76.78071409039474,60.0
2005,whole_blocks,4,5000,11,historical_density,60_to_90n,spherical_cell_area,10848,-45.46919993496596,52.39394666166376,81.73540853864375,60.0
2005,whole_blocks,4,5000,12,random,global,equal_cell,103476,-0.836804177169511,12.899960162673358,23.55470910091862,60.0
2005,whole_blocks,4,5000,12,random,global,spherical_cell_area,103476,-1.6388553682199083,12.069814396657833,21.55653634410799,60.0
2005,whole_blocks,4,5000,12,random,south_of_60n,equal_cell,92628,-1.127467658003118,11.900948903713314,19.75295793397773,60.0
2005,whole_blocks,4,5000,12,random,south_of_60n,spherical_cell_area,92628,-1.732906086980469,11.567901360029182,19.591806294923227,60.0
2005,whole_blocks,4,5000,12,random,60_to_90n,equal_cell,10848,1.645088973886477,21.43023439708992,44.2795791084373,60.0
2005,whole_blocks,4,5000,12,random,60_to_90n,spherical_cell_area,10848,0.8173746892500414,25.17778319317341,50.75473985903539,60.0
2005,whole_blocks,4,5000,12,historical_density,global,equal_cell,103476,-5.944303039058506,16.84234275362138,30.76034720857981,60.0
2005,whole_blocks,4,5000,12,historical_density,global,spherical_cell_area,103476,-3.2849968344908835,14.0100265984821,25.43521777326552,60.0
2005,whole_blocks,4,5000,12,historical_density,south_of_60n,equal_cell,92628,-1.5645084527040487,13.144420134526513,20.957996790347945,60.0
2005,whole_blocks,4,5000,12,historical_density,south_of_60n,spherical_cell_area,92628,-1.7326340570103185,12.641872900838733,20.739023956975483,60.0
2005,whole_blocks,4,5000,12,historical_density,60_to_90n,equal_cell,10848,-43.34212871612715,48.41785679874673,72.62918284627153,60.0
2005,whole_blocks,4,5000,12,historical_density,60_to_90n,spherical_cell_area,10848,-43.8265276637504,49.74075018758742,79.4357000379189,60.0
2005,whole_blocks,4,5000,13,random,global,equal_cell,103476,-0.3333226558623106,12.866427084239312,22.648298180653924,60.0
2005,whole_blocks,4,5000,13,random,global,spherical_cell_area,103476,-1.241037205849589,12.20243590684506,20.94619690292036,60.0
2005,whole_blocks,4,5000,13,random,south_of_60n,equal_cell,92628,-0.8150096444902298,12.002358241917308,19.424749636907915,60.0
2005,whole_blocks,4,5000,13,random,south_of_60n,spherical_cell_area,92628,-1.4491701588305346,11.760743788050368,19.24272420519819,60.0
2005,whole_blocks,4,5000,13,random,60_to_90n,equal_cell,10848,3.77966613309666,20.24446623676537,40.877924503391206,60.0
2005,whole_blocks,4,5000,13,random,60_to_90n,spherical_cell_area,10848,4.194566283404688,23.737674261515117,47.18754780229312,60.0
2005,whole_blocks,4,5000,13,historical_density,global,equal_cell,103476,-7.552072888352997,18.32988753255019,32.888320835440304,60.0
2005,whole_blocks,4,5000,13,historical_density,global,spherical_cell_area,103476,-3.7906422463249,14.55900540887398,25.91430624609406,60.0
2005,whole_blocks,4,5000,13,historical_density,south_of_60n,equal_cell,92628,-1.93113012970274,13.57166874091124,21.406374559336445,60.0
2005,whole_blocks,4,5000,13,historical_density,south_of_60n,spherical_cell_area,92628,-1.9822379768446052,12.989753708000848,20.946621892985384,60.0
2005,whole_blocks,4,5000,13,historical_density,60_to_90n,equal_cell,10848,-55.54771133306686,58.95897033416641,80.0296984980399,60.0
2005,whole_blocks,4,5000,13,historical_density,60_to_90n,spherical_cell_area,10848,-51.018956726970046,55.54160762835593,82.16511673779429,60.0
2005,whole_blocks,4,5000,14,random,global,equal_cell,103476,-1.4635505816624472,13.02334224370342,22.774008757470902,60.0
2005,whole_blocks,4,5000,14,random,global,spherical_cell_area,103476,-1.974189745905855,12.468984652477529,21.225841507051797,60.0
2005,whole_blocks,4,5000,14,random,south_of_60n,equal_cell,92628,-1.431350791939627,12.310955924151193,19.696552763985878,60.0
2005,whole_blocks,4,5000,14,random,south_of_60n,spherical_cell_area,92628,-1.9464171213110997,12.070226048254574,19.59069104478361,60.0
2005,whole_blocks,4,5000,14,random,60_to_90n,equal_cell,10848,-1.7384954675810849,19.1062072886411,40.431135614397135,60.0
2005,whole_blocks,4,5000,14,random,60_to_90n,spherical_cell_area,10848,-2.699500048723794,22.882970662097478,46.83534831947907,60.0
2005,whole_blocks,4,5000,14,historical_density,global,equal_cell,103476,-6.032287579026753,17.675641933750356,31.0551437602188,60.0
2005,whole_blocks,4,5000,14,historical_density,global,spherical_cell_area,103476,-2.87185344935026,14.325273483723548,25.09962948018253,60.0
2005,whole_blocks,4,5000,14,historical_density,south_of_60n,equal_cell,92628,-1.3425480329438586,13.518837291772495,21.331029303723437,60.0
2005,whole_blocks,4,5000,14,historical_density,south_of_60n,spherical_cell_area,92628,-1.4584035047936663,12.947523635749937,20.905377868756887,60.0
2005,whole_blocks,4,5000,14,historical_density,60_to_90n,equal_cell,10848,-46.07664549519252,53.16941962338209,72.89802718166864,60.0
2005,whole_blocks,4,5000,14,historical_density,60_to_90n,spherical_cell_area,10848,-39.78553453867521,50.30661028650522,75.2944114368969,60.0
2005,whole_blocks,4,5000,15,random,global,equal_cell,103476,-1.2888712079907514,13.178998118941625,23.60930083561672,60.0
2005,whole_blocks,4,5000,15,random,global,spherical_cell_area,103476,-1.877005318454675,12.530848532759258,22.03515300189439,60.0
2005,whole_blocks,4,5000,15,random,south_of_60n,equal_cell,92628,-1.6374975478436118,12.280217672245946,20.44534659256339,60.0
2005,whole_blocks,4,5000,15,random,south_of_60n,spherical_cell_area,92628,-1.9630999221643644,12.07898665837873,20.374407784637743,60.0
2005,whole_blocks,4,5000,15,random,60_to_90n,equal_cell,10848,1.6879503819696802,20.8534298313796,41.80411768943567,60.0
2005,whole_blocks,4,5000,15,random,60_to_90n,spherical_cell_area,10848,0.3714427126132103,24.33168038502544,48.21760558444568,60.0
2005,whole_blocks,4,5000,15,historical_density,global,equal_cell,103476,-6.5123201748878285,17.369891360613295,31.300672937101503,60.0
2005,whole_blocks,4,5000,15,historical_density,global,spherical_cell_area,103476,-3.1825378883325848,14.0860389083926,25.16021358455249,60.0
2005,whole_blocks,4,5000,15,historical_density,south_of_60n,equal_cell,92628,-1.651527069092155,13.213462888931948,21.11087521873658,60.0
2005,whole_blocks,4,5000,15,historical_density,south_of_60n,spherical_cell_area,92628,-1.6452415352074994,12.721186696068845,20.76773964358768,60.0
2005,whole_blocks,4,5000,15,historical_density,60_to_90n,equal_cell,10848,-48.01725599749491,52.86045703860922,74.43080998158915,60.0
2005,whole_blocks,4,5000,15,historical_density,60_to_90n,spherical_cell_area,10848,-43.330593741024,49.73054085471634,76.82194899607047,60.0
2005,whole_blocks,4,5000,16,random,global,equal_cell,103476,-0.5297378549181085,13.268403103699349,23.41928653077947,60.0
2005,whole_blocks,4,5000,16,random,global,spherical_cell_area,103476,-1.4137209933369204,12.472076993965612,21.67562755013527,60.0
2005,whole_blocks,4,5000,16,random,south_of_60n,equal_cell,92628,-1.256179937846,12.0442278148063,19.84971430365232,60.0
2005,whole_blocks,4,5000,16,random,south_of_60n,spherical_cell_area,92628,-1.7387761650679034,11.868705310445792,19.808197232590995,60.0
2005,whole_blocks,4,5000,16,random,60_to_90n,equal_cell,10848,5.673145373091177,23.721289226448736,43.21207430099373,60.0
2005,whole_blocks,4,5000,16,random,60_to_90n,spherical_cell_area,10848,7.075425008559466,28.22974141608047,49.92987396192508,60.0
2005,whole_blocks,4,5000,16,historical_density,global,equal_cell,103476,-5.937691147453277,16.658203124067516,30.11244625494657,60.0
2005,whole_blocks,4,5000,16,historical_density,global,spherical_cell_area,103476,-3.1181974576289706,13.78339087586465,24.70293001262631,60.0
2005,whole_blocks,4,5000,16,historical_density,south_of_60n,equal_cell,92628,-1.7519200102458028,13.061686413499782,20.751899391407992,60.0
2005,whole_blocks,4,5000,16,historical_density,south_of_60n,spherical_cell_area,92628,-1.7735405893831775,12.541966464531452,20.337436477784028,60.0
2005,whole_blocks,4,5000,16,historical_density,60_to_90n,equal_cell,10848,-41.6788055369494,47.36784083299706,70.51380694238996,60.0
2005,whole_blocks,4,5000,16,historical_density,60_to_90n,spherical_cell_area,10848,-38.23527747885802,46.20445042094261,75.79746251027149,60.0
2005,whole_blocks,4,5000,17,random,global,equal_cell,103476,-1.271739559638151,12.525907457459272,22.396616587125585,60.0
2005,whole_blocks,4,5000,17,random,global,spherical_cell_area,103476,-1.9585723823643704,11.870269295574865,20.67195241550939,60.0
2005,whole_blocks,4,5000,17,random,south_of_60n,equal_cell,92628,-1.5845524500739203,11.736633879598838,19.15576313470615,60.0
2005,whole_blocks,4,5000,17,random,south_of_60n,spherical_cell_area,92628,-2.069028577172172,11.444724405087776,18.95802893071641,60.0
2005,whole_blocks,4,5000,17,random,60_to_90n,equal_cell,10848,1.399281127611516,19.26529102770781,40.638358897709374,60.0
2005,whole_blocks,4,5000,17,random,60_to_90n,spherical_cell_area,10848,0.926103346817258,22.983806380582763,46.91696259088232,60.0
2005,whole_blocks,4,5000,17,historical_density,global,equal_cell,103476,-7.257543001025228,17.992439266091694,33.21504244935392,60.0
2005,whole_blocks,4,5000,17,historical_density,global,spherical_cell_area,103476,-3.5352440142465555,14.250896209202276,26.238747363500732,60.0
2005,whole_blocks,4,5000,17,historical_density,south_of_60n,equal_cell,92628,-1.6098922201670292,13.133339108829189,20.95450518664957,60.0
2005,whole_blocks,4,5000,17,historical_density,south_of_60n,spherical_cell_area,92628,-1.635090288302805,12.563991217526231,20.582038414048228,60.0
2005,whole_blocks,4,5000,17,historical_density,60_to_90n,equal_cell,10848,-55.48123368403899,59.4829194805931,82.30558102105768,60.0
2005,whole_blocks,4,5000,17,historical_density,60_to_90n,spherical_cell_area,10848,-53.15968874984277,58.306133630612486,87.2085966840974,60.0
2005,whole_blocks,4,5000,18,random,global,equal_cell,103476,-1.1623757278066809,12.475361768446724,22.69193608889401,60.0
2005,whole_blocks,4,5000,18,random,global,spherical_cell_area,103476,-1.599315536266525,11.932608589600152,21.145514391552663,60.0
2005,whole_blocks,4,5000,18,random,south_of_60n,equal_cell,92628,-1.233542952823767,11.679176938680694,19.34884232049654,60.0
2005,whole_blocks,4,5000,18,random,south_of_60n,spherical_cell_area,92628,-1.6239629188340492,11.506740758467568,19.376509787183803,60.0
2005,whole_blocks,4,5000,18,random,60_to_90n,equal_cell,10848,-0.5546989469362308,19.273758561548448,41.41266368842363,60.0
2005,whole_blocks,4,5000,18,random,60_to_90n,spherical_cell_area,10848,-0.9556241036211452,23.054579597609354,48.15832270681433,60.0
2005,whole_blocks,4,5000,18,historical_density,global,equal_cell,103476,-7.124139539392165,17.861638531641773,32.74666239653314,60.0
2005,whole_blocks,4,5000,18,historical_density,global,spherical_cell_area,103476,-3.607376298879632,14.44911616594297,26.119978606003777,60.0
2005,whole_blocks,4,5000,18,historical_density,south_of_60n,equal_cell,92628,-1.7936053234099028,13.354043956913737,21.23172945730207,60.0
2005,whole_blocks,4,5000,18,historical_density,south_of_60n,spherical_cell_area,92628,-1.8140636106605352,12.883002374478751,20.820762370729533,60.0
2005,whole_blocks,4,5000,18,historical_density,60_to_90n,equal_cell,10848,-52.64006167785133,56.35071211828526,79.87269813172523,60.0
2005,whole_blocks,4,5000,18,historical_density,60_to_90n,spherical_cell_area,10848,-50.4415588048094,55.34976869371204,84.72655821513226,60.0
2005,whole_blocks,4,5000,19,random,global,equal_cell,103476,-1.234885609683458,12.89897644778433,23.109867409632805,60.0
2005,whole_blocks,4,5000,19,random,global,spherical_cell_area,103476,-1.522507128257488,12.16537656796056,21.531849543156618,60.0
2005,whole_blocks,4,5000,19,random,south_of_60n,equal_cell,92628,-1.1721987278026726,12.046289667241869,20.04958445954422,60.0
2005,whole_blocks,4,5000,19,random,south_of_60n,spherical_cell_area,92628,-1.4757522551569362,11.730906658865244,19.897852057972177,60.0
2005,whole_blocks,4,5000,19,random,60_to_90n,equal_cell,10848,-1.770151142026138,20.1798273980136,40.76592742215303,60.0
2005,whole_blocks,4,5000,19,random,60_to_90n,spherical_cell_area,10848,-2.7435581330364704,23.51199957998637,47.239507700466405,60.0
2005,whole_blocks,4,5000,19,historical_density,global,equal_cell,103476,-6.181134198579203,17.668627562830086,31.7789736028294,60.0
2005,whole_blocks,4,5000,19,historical_density,global,spherical_cell_area,103476,-2.600087998594488,14.06614752551206,25.13700843492163,60.0
2005,whole_blocks,4,5000,19,historical_density,south_of_60n,equal_cell,92628,-1.090639078791537,13.283727924275226,21.12923858075504,60.0
2005,whole_blocks,4,5000,19,historical_density,south_of_60n,spherical_cell_area,92628,-0.9930343135545304,12.62848207728262,20.505437943838317,60.0
2005,whole_blocks,4,5000,19,historical_density,60_to_90n,equal_cell,10848,-49.64743047030596,55.11004383495945,76.29623333471424,60.0
2005,whole_blocks,4,5000,19,historical_density,60_to_90n,spherical_cell_area,10848,-44.569927433976254,51.61224109144379,78.43912223145934,60.0
2010,hidden_cells,-1,5000,0,random,global,equal_cell,97488,-0.0936477296151473,11.27260635691159,27.599336152706016,60.0
2010,hidden_cells,-1,5000,0,random,global,spherical_cell_area,97488,0.1871739544716439,10.47627226312068,24.271082210593487,60.0
2010,hidden_cells,-1,5000,0,random,south_of_60n,equal_cell,87025,0.26196250870948,10.372311717865614,22.37385009364068,60.0
2010,hidden_cells,-1,5000,0,random,south_of_60n,spherical_cell_area,87025,0.2752127721915871,10.080504531435356,21.87866877965989,60.0
2010,hidden_cells,-1,5000,0,random,60_to_90n,equal_cell,10463,-3.0514018145048247,18.76072075650791,54.16347426977922,60.0
2010,hidden_cells,-1,5000,0,random,60_to_90n,spherical_cell_area,10463,-2.056726268352329,20.563451127110152,58.33657236225442,60.0
2010,hidden_cells,-1,5000,0,historical_density,global,equal_cell,97488,-3.852196358331852,16.55002912055844,37.73242517095564,60.0
2010,hidden_cells,-1,5000,0,historical_density,global,spherical_cell_area,97488,-1.8683404162761872,13.544695690494825,31.28703108108877,60.0
2010,hidden_cells,-1,5000,0,historical_density,south_of_60n,equal_cell,87025,-1.0748465434306609,12.605392719473684,27.640286732468915,60.0
2010,hidden_cells,-1,5000,0,historical_density,south_of_60n,spherical_cell_area,87025,-0.8720894451047447,12.200329045759691,26.930404365299545,60.0
2010,hidden_cells,-1,5000,0,historical_density,60_to_90n,equal_cell,10463,-26.95253733527691,49.35916443589829,83.13330942356355,60.0
2010,hidden_cells,-1,5000,0,historical_density,60_to_90n,spherical_cell_area,10463,-27.260409893077014,47.80940632386968,86.27482759274045,60.0
2010,hidden_cells,-1,5000,1,random,global,equal_cell,97488,-0.4821693939156332,10.535497748818615,27.09870483654197,60.0
2010,hidden_cells,-1,5000,1,random,global,spherical_cell_area,97488,-0.3510274624401983,9.937771167177909,24.703223002542337,60.0
2010,hidden_cells,-1,5000,1,random,south_of_60n,equal_cell,87025,-0.3287928397027028,9.928893026595778,23.53300530413513,60.0
2010,hidden_cells,-1,5000,1,random,south_of_60n,spherical_cell_area,87025,-0.2999412603006615,9.64700094664456,23.065119339443623,60.0
2010,hidden_cells,-1,5000,1,random,60_to_90n,equal_cell,10463,-1.7578641879881045,15.580874404791343,47.28575760643986,60.0
2010,hidden_cells,-1,5000,1,random,60_to_90n,spherical_cell_area,10463,-1.6530933389810438,17.348813018294912,51.03570240143513,60.0
2010,hidden_cells,-1,5000,1,historical_density,global,equal_cell,97488,-4.284536679259234,16.773407176561967,37.79953858166126,60.0
2010,hidden_cells,-1,5000,1,historical_density,global,spherical_cell_area,97488,-2.2530843090464083,13.500779363078635,31.03129756310402,60.0
2010,hidden_cells,-1,5000,1,historical_density,south_of_60n,equal_cell,87025,-1.5027831597053778,12.44732043059532,27.271834022272948,60.0
2010,hidden_cells,-1,5000,1,historical_density,south_of_60n,spherical_cell_area,87025,-1.290324170796859,12.081179726888422,26.62582639009436,60.0
2010,hidden_cells,-1,5000,1,historical_density,60_to_90n,equal_cell,10463,-27.42150504771707,52.75521918724226,84.4195536411712,60.0
2010,hidden_cells,-1,5000,1,historical_density,60_to_90n,spherical_cell_area,10463,-26.791552051950127,49.683000143247845,86.23787451877094,60.0
2010,hidden_cells,-1,5000,2,random,global,equal_cell,97488,0.6319476747064809,11.865815242097872,29.87797626045677,60.0
2010,hidden_cells,-1,5000,2,random,global,spherical_cell_area,97488,0.6712486852090805,11.065338323994236,27.024548890794577,60.0
2010,hidden_cells,-1,5000,2,random,south_of_60n,equal_cell,87025,0.5601396053475491,10.858680425800614,25.5249931653804,60.0
2010,hidden_cells,-1,5000,2,random,south_of_60n,spherical_cell_area,87025,0.5885202103554327,10.59395654897552,24.914335887520583,60.0
2010,hidden_cells,-1,5000,2,random,60_to_90n,equal_cell,10463,1.2292044113939549,20.24256257921619,53.83852498822815,60.0
2010,hidden_cells,-1,5000,2,random,60_to_90n,spherical_cell_area,10463,2.779800889402722,23.07973944151465,59.36180200640489,60.0
2010,hidden_cells,-1,5000,2,historical_density,global,equal_cell,97488,-4.124026775797483,16.585525525614308,38.042848482076806,60.0
2010,hidden_cells,-1,5000,2,historical_density,global,spherical_cell_area,97488,-1.9454575533697809,13.350862497859993,31.289736403135837,60.0
2010,hidden_cells,-1,5000,2,historical_density,south_of_60n,equal_cell,87025,-1.1168609043164253,12.387779711440052,27.52842480124278,60.0
2010,hidden_cells,-1,5000,2,historical_density,south_of_60n,spherical_cell_area,87025,-0.878872656785042,11.934556805648294,26.758384238372745,60.0
2010,hidden_cells,-1,5000,2,historical_density,60_to_90n,equal_cell,10463,-29.13584078379128,51.49987413294629,84.74458076049085,60.0
2010,hidden_cells,-1,5000,2,historical_density,60_to_90n,spherical_cell_area,10463,-29.130171627114468,49.449128474695975,87.65399163985029,60.0
2010,hidden_cells,-1,5000,3,random,global,equal_cell,97488,0.0043622790576572,10.988553817446848,27.122951816367195,60.0
2010,hidden_cells,-1,5000,3,random,global,spherical_cell_area,97488,-0.1191299643542218,10.23806093017985,24.390551401124988,60.0
2010,hidden_cells,-1,5000,3,random,south_of_60n,equal_cell,87025,-0.2664365996610386,10.035633272553332,22.69623019570741,60.0
2010,hidden_cells,-1,5000,3,random,south_of_60n,spherical_cell_area,87025,-0.2025713639190036,9.823164719810078,22.403013074552486,60.0
2010,hidden_cells,-1,5000,3,random,60_to_90n,equal_cell,10463,2.256706006525354,18.914379146641,50.69456237980231,60.0
2010,hidden_cells,-1,5000,3,random,60_to_90n,spherical_cell_area,10463,2.00759299632616,20.812779253398144,54.45502720861627,60.0
2010,hidden_cells,-1,5000,3,historical_density,global,equal_cell,97488,-3.585666609244777,15.803453838974216,36.64797457156162,60.0
2010,hidden_cells,-1,5000,3,historical_density,global,spherical_cell_area,97488,-1.8850081148657605,13.192711188885598,30.752915189046576,60.0
2010,hidden_cells,-1,5000,3,historical_density,south_of_60n,equal_cell,87025,-1.183531580729697,12.503373115169108,27.47874996334197,60.0
2010,hidden_cells,-1,5000,3,historical_density,south_of_60n,spherical_cell_area,87025,-0.9659728962453644,12.037202221795017,26.667807918637045,60.0
2010,hidden_cells,-1,5000,3,historical_density,60_to_90n,equal_cell,10463,-23.565194551185403,43.25155906588232,78.9534292843668,60.0
2010,hidden_cells,-1,5000,3,historical_density,60_to_90n,spherical_cell_area,10463,-25.309031576941837,42.6438884749966,83.21279251283968,60.0
2010,hidden_cells,-1,5000,4,random,global,equal_cell,97488,0.1890308535285303,10.779227654730148,27.084947001228077,60.0
2010,hidden_cells,-1,5000,4,random,global,spherical_cell_area,97488,0.1456452849539987,10.08912984145917,24.461573196104546,60.0
2010,hidden_cells,-1,5000,4,random,south_of_60n,equal_cell,87025,0.0961706562750768,9.945492513430658,22.89971648610481,60.0
2010,hidden_cells,-1,5000,4,random,south_of_60n,spherical_cell_area,87025,0.1110603602776574,9.698660858473936,22.55019695168785,60.0
2010,hidden_cells,-1,5000,4,random,60_to_90n,equal_cell,10463,0.961386646893893,17.713739809139767,49.735029672169496,60.0
2010,hidden_cells,-1,5000,4,random,60_to_90n,spherical_cell_area,10463,1.0271328173565726,20.04125619455921,53.74583273080532,60.0
2010,hidden_cells,-1,5000,4,historical_density,global,equal_cell,97488,-4.59301604963291,16.834473199789773,39.44369209064413,60.0
2010,hidden_cells,-1,5000,4,historical_density,global,spherical_cell_area,97488,-2.107467660038349,13.778292500615336,32.38351475315011,60.0
2010,hidden_cells,-1,5000,4,historical_density,south_of_60n,equal_cell,87025,-1.0996781842497825,12.794443942156647,28.2085760367214,60.0
2010,hidden_cells,-1,5000,4,historical_density,south_of_60n,spherical_cell_area,87025,-0.8236370330976426,12.358898126403464,27.35792166536105,60.0
2010,hidden_cells,-1,5000,4,historical_density,60_to_90n,equal_cell,10463,-33.6485190349112,50.43702945951671,88.75644446082467,60.0
2010,hidden_cells,-1,5000,4,historical_density,60_to_90n,spherical_cell_area,10463,-34.82925907509867,49.95528164080047,93.27913979754337,60.0
2010,hidden_cells,-1,5000,5,random,global,equal_cell,97488,0.1218476947576149,10.838064296089932,26.6281046660521,60.0
2010,hidden_cells,-1,5000,5,random,global,spherical_cell_area,97488,0.0723947910337429,10.20997244135609,24.31068493937345,60.0
2010,hidden_cells,-1,5000,5,random,south_of_60n,equal_cell,87025,0.2764775267126213,10.149931527344982,22.91176137617684,60.0
2010,hidden_cells,-1,5000,5,random,south_of_60n,spherical_cell_area,87025,0.1463566145749424,9.891794825620533,22.61344630351671,60.0
2010,hidden_cells,-1,5000,5,random,60_to_90n,equal_cell,10463,-1.1642711168532451,16.561542667496727,47.33233068213663,60.0
2010,hidden_cells,-1,5000,5,random,60_to_90n,spherical_cell_area,10463,-1.8127163068061165,18.319563657332736,51.19453722368184,60.0
2010,hidden_cells,-1,5000,5,historical_density,global,equal_cell,97488,-3.523509792521815,15.793001009542786,36.28620945515644,60.0
2010,hidden_cells,-1,5000,5,historical_density,global,spherical_cell_area,97488,-1.9577645791849547,13.074547537130096,30.42621728304109,60.0
2010,hidden_cells,-1,5000,5,historical_density,south_of_60n,equal_cell,87025,-1.37348891072379,12.173280703828636,27.062411782140256,60.0
2010,hidden_cells,-1,5000,5,historical_density,south_of_60n,spherical_cell_area,87025,-1.1449522474876193,11.843668137277248,26.45203317664522,60.0
2010,hidden_cells,-1,5000,5,historical_density,60_to_90n,equal_cell,10463,-21.406102475162847,45.89967783308996,78.59180556604132,60.0
2010,hidden_cells,-1,5000,5,historical_density,60_to_90n,spherical_cell_area,10463,-22.67441911232018,44.44673802230036,81.7746617721005,60.0
2010,hidden_cells,-1,5000,6,random,global,equal_cell,97488,-0.205620015040417,10.576770286777744,27.236432589185945,60.0
2010,hidden_cells,-1,5000,6,random,global,spherical_cell_area,97488,-0.1023779995662093,9.95377837565807,24.785089712465627,60.0
2010,hidden_cells,-1,5000,6,random,south_of_60n,equal_cell,87025,-0.0536956141869382,9.78719390929312,23.40954735178865,60.0
2010,hidden_cells,-1,5000,6,random,south_of_60n,spherical_cell_area,87025,-0.0104329376332358,9.585031705591614,23.02151551262004,60.0
2010,hidden_cells,-1,5000,6,random,60_to_90n,equal_cell,10463,-1.4692366626820106,17.14399615417711,48.51672088800964,60.0
2010,hidden_cells,-1,5000,6,random,60_to_90n,spherical_cell_area,10463,-2.4458391034541065,19.352254599632648,52.5659093330518,60.0
2010,hidden_cells,-1,5000,6,historical_density,global,equal_cell,97488,-3.089838515294261,15.636532501330567,36.414997534924446,60.0
2010,hidden_cells,-1,5000,6,historical_density,global,spherical_cell_area,97488,-1.7320119764122652,13.125065629718453,30.727735204071735,60.0
2010,hidden_cells,-1,5000,6,historical_density,south_of_60n,equal_cell,87025,-1.2640563747653368,12.347829792958471,27.397525087801093,60.0
2010,hidden_cells,-1,5000,6,historical_density,south_of_60n,spherical_cell_area,87025,-1.0010230429033655,11.977505414911857,26.706284282554684,60.0
2010,hidden_cells,-1,5000,6,historical_density,60_to_90n,equal_cell,10463,-18.275606533981986,42.99000217504574,78.18002629373808,60.0
2010,hidden_cells,-1,5000,6,historical_density,60_to_90n,spherical_cell_area,10463,-20.36318255846469,42.37364811181984,82.64999334965833,60.0
2010,hidden_cells,-1,5000,7,random,global,equal_cell,97488,-0.4043227537734121,11.175837249447165,27.629364212055428,60.0
2010,hidden_cells,-1,5000,7,random,global,spherical_cell_area,97488,-0.1760079361249578,10.511655209761935,25.118614931764156,60.0
2010,hidden_cells,-1,5000,7,random,south_of_60n,equal_cell,87025,-0.1396048874866026,10.390451486707796,23.630137835927474,60.0
2010,hidden_cells,-1,5000,7,random,south_of_60n,spherical_cell_area,87025,-0.0709194717571173,10.1627225815076,23.31371867854239,60.0
2010,hidden_cells,-1,5000,7,random,60_to_90n,equal_cell,10463,-2.6060882429839256,17.70820808022167,49.68335659939855,60.0
2010,hidden_cells,-1,5000,7,random,60_to_90n,spherical_cell_area,10463,-2.854463130302446,19.40511859975352,53.469187473827866,60.0
2010,hidden_cells,-1,5000,7,historical_density,global,equal_cell,97488,-3.982373407815012,16.522919667668738,37.685295313671176,60.0
2010,hidden_cells,-1,5000,7,historical_density,global,spherical_cell_area,97488,-2.3131652522370647,13.770058507698918,31.47381054978952,60.0
2010,hidden_cells,-1,5000,7,historical_density,south_of_60n,equal_cell,87025,-1.8281867291834355,12.865007983315266,27.907525212323005,60.0
2010,hidden_cells,-1,5000,7,historical_density,south_of_60n,spherical_cell_area,87025,-1.4771307891579657,12.522095939136507,27.194818892179484,60.0
2010,hidden_cells,-1,5000,7,historical_density,60_to_90n,equal_cell,10463,-21.899614706478204,46.9472496237866,82.18613809619585,60.0
2010,hidden_cells,-1,5000,7,historical_density,60_to_90n,spherical_cell_area,10463,-23.621696722517747,45.57765836190313,85.95975431177445,60.0
2010,hidden_cells,-1,5000,8,random,global,equal_cell,97488,-0.1126326898940832,11.089475143723496,27.590365739339344,60.0
2010,hidden_cells,-1,5000,8,random,global,spherical_cell_area,97488,-0.0332376198853398,10.336879747281452,24.368626837567632,60.0
2010,hidden_cells,-1,5000,8,random,south_of_60n,equal_cell,87025,-0.1585767507293613,10.199769075927817,22.34228814772977,60.0
2010,hidden_cells,-1,5000,8,random,south_of_60n,spherical_cell_area,87025,-0.068089598127682,9.922204176557,21.943712888513023,60.0
2010,hidden_cells,-1,5000,8,random,60_to_90n,equal_cell,10463,0.2695026340273602,18.489520116476925,54.22921467743831,60.0
2010,hidden_cells,-1,5000,8,random,60_to_90n,spherical_cell_area,10463,0.855056473211424,20.90597449033227,58.78926529513872,60.0
2010,hidden_cells,-1,5000,8,historical_density,global,equal_cell,97488,-6.273002640799355,17.813686463773625,40.367416998516056,60.0
2010,hidden_cells,-1,5000,8,historical_density,global,spherical_cell_area,97488,-2.6251908955182888,13.80006324951071,31.812825220347413,60.0
2010,hidden_cells,-1,5000,8,historical_density,south_of_60n,equal_cell,87025,-1.262978351439366,12.462627940084731,27.09741725020676,60.0
2010,hidden_cells,-1,5000,8,historical_density,south_of_60n,spherical_cell_area,87025,-1.036963050504721,12.09231181888292,26.435090913116337,60.0
2010,hidden_cells,-1,5000,8,historical_density,60_to_90n,equal_cell,10463,-47.943399637984975,62.3206030291971,95.26675057909624,60.0
2010,hidden_cells,-1,5000,8,historical_density,60_to_90n,spherical_cell_area,10463,-43.10534394184759,57.32658842279917,94.84642999825785,60.0
2010,hidden_cells,-1,5000,9,random,global,equal_cell,97488,0.0146180176022988,10.757187694426465,26.70964914543212,60.0
2010,hidden_cells,-1,5000,9,random,global,spherical_cell_area,97488,-0.0109106139692401,10.081285159414398,24.201451826547533,60.0
2010,hidden_cells,-1,5000,9,random,south_of_60n,equal_cell,87025,0.1511634035509259,10.0386852583812,22.762054751686488,60.0
2010,hidden_cells,-1,5000,9,random,south_of_60n,spherical_cell_area,87025,0.0396132198815078,9.74685044588296,22.410891720294817,60.0
2010,hidden_cells,-1,5000,9,random,60_to_90n,equal_cell,10463,-1.1210851470903582,16.733262863769756,48.3502464147379,60.0
2010,hidden_cells,-1,5000,9,random,60_to_90n,spherical_cell_area,10463,-1.298643059403177,18.605231160148527,52.08611577542357,60.0
2010,hidden_cells,-1,5000,9,historical_density,global,equal_cell,97488,-5.656037225141811,17.766941245412394,40.08878500162581,60.0
2010,hidden_cells,-1,5000,9,historical_density,global,spherical_cell_area,97488,-2.387177545499393,13.786150904854985,31.786408954424,60.0
2010,hidden_cells,-1,5000,9,historical_density,south_of_60n,equal_cell,87025,-1.2085379253262118,12.62648635524394,27.374175071369777,60.0
2010,hidden_cells,-1,5000,9,historical_density,south_of_60n,spherical_cell_area,87025,-0.9599384351267448,12.148937349913949,26.59269610997533,60.0
2010,hidden_cells,-1,5000,9,historical_density,60_to_90n,equal_cell,10463,-42.64768651946012,60.52218226776826,93.49593965354464,60.0
2010,hidden_cells,-1,5000,9,historical_density,60_to_90n,spherical_cell_area,10463,-38.7641103659274,55.51483327345533,93.47905101319547,60.0
2010,hidden_cells,-1,5000,10,random,global,equal_cell,97488,0.3267040230866477,11.41352094018947,27.686148552817095,60.0
2010,hidden_cells,-1,5000,10,random,global,spherical_cell_area,97488,0.1876862225515511,10.61253631771872,25.035803969794888,60.0
2010,hidden_cells,-1,5000,10,random,south_of_60n,equal_cell,87025,0.1993158266307809,10.411151875552392,23.52018011539903,60.0
2010,hidden_cells,-1,5000,10,random,south_of_60n,spherical_cell_area,87025,0.1199998553439007,10.158285939716892,23.094893467777577,60.0
2010,hidden_cells,-1,5000,10,random,60_to_90n,equal_cell,10463,1.3862431415585783,19.750629594499085,50.40659012812979,60.0
2010,hidden_cells,-1,5000,10,random,60_to_90n,spherical_cell_area,10463,1.91285085325498,22.190298841275133,54.84321629745824,60.0
2010,hidden_cells,-1,5000,10,historical_density,global,equal_cell,97488,-3.711349811612066,16.635836962101216,36.829818080998514,60.0
2010,hidden_cells,-1,5000,10,historical_density,global,spherical_cell_area,97488,-1.7441715343911235,13.19885032037254,30.000783662820208,60.0
2010,hidden_cells,-1,5000,10,historical_density,south_of_60n,equal_cell,87025,-0.8909097807670601,12.264280021176116,26.527412234116323,60.0
2010,hidden_cells,-1,5000,10,historical_density,south_of_60n,spherical_cell_area,87025,-0.8573187513746204,11.85872527517451,25.948190244882294,60.0
2010,hidden_cells,-1,5000,10,historical_density,60_to_90n,equal_cell,10463,-27.1700895310316,52.99584296267535,82.37396759736119,60.0
2010,hidden_cells,-1,5000,10,historical_density,60_to_90n,spherical_cell_area,10463,-24.347941200552874,47.35545266250799,81.72558385191208,60.0
2010,hidden_cells,-1,5000,11,random,global,equal_cell,97488,0.6102159879661474,11.820811446414856,30.463089137647525,60.0
2010,hidden_cells,-1,5000,11,random,global,spherical_cell_area,97488,0.3665431432929333,10.73315884797045,26.39777396209567,60.0
2010,hidden_cells,-1,5000,11,random,south_of_60n,equal_cell,87025,0.3894637446287983,10.43939896843196,23.65058621446383,60.0
2010,hidden_cells,-1,5000,11,random,south_of_60n,spherical_cell_area,87025,0.2471181795297216,10.105427888956772,23.14838227589709,60.0
2010,hidden_cells,-1,5000,11,random,60_to_90n,equal_cell,10463,2.4463016208088133,23.31057737363092,63.19974121154335,60.0
2010,hidden_cells,-1,5000,11,random,60_to_90n,spherical_cell_area,10463,3.4104016336632736,26.732529072193987,69.28361296115567,60.0
2010,hidden_cells,-1,5000,11,historical_density,global,equal_cell,97488,-3.8782433485900887,16.27355372734003,37.941536835068725,60.0
2010,hidden_cells,-1,5000,11,historical_density,global,spherical_cell_area,97488,-1.9027869537166135,13.30253018152018,31.33801460442122,60.0
2010,hidden_cells,-1,5000,11,historical_density,south_of_60n,equal_cell,87025,-1.04634961612551,12.351907486367818,27.54882817343548,60.0
2010,hidden_cells,-1,5000,11,historical_density,south_of_60n,spherical_cell_area,87025,-0.8777090689141926,11.949561042895697,26.78794034893573,60.0
2010,hidden_cells,-1,5000,11,historical_density,60_to_90n,equal_cell,10463,-27.43224813380751,48.89147058871887,84.2648850285374,60.0
2010,hidden_cells,-1,5000,11,historical_density,60_to_90n,spherical_cell_area,10463,-28.02958594637312,47.78649793868518,87.88044031866062,60.0
2010,hidden_cells,-1,5000,12,random,global,equal_cell,97488,-0.2643396037256685,10.684041398519753,27.109358686428987,60.0
2010,hidden_cells,-1,5000,12,random,global,spherical_cell_area,97488,-0.0464283593362355,10.05042692472182,24.66346309898353,60.0
2010,hidden_cells,-1,5000,12,random,south_of_60n,equal_cell,87025,-0.0277657827449579,9.98779702181064,23.29715762741971,60.0
2010,hidden_cells,-1,5000,12,random,south_of_60n,spherical_cell_area,87025,0.0397326898412599,9.733266590321737,22.93502979558019,60.0
2010,hidden_cells,-1,5000,12,random,60_to_90n,equal_cell,10463,-2.232019692691197,16.47498729196432,48.30308317623621,60.0
2010,hidden_cells,-1,5000,12,random,60_to_90n,spherical_cell_area,10463,-2.242468724884373,18.134090057218188,52.01128809819068,60.0
2010,hidden_cells,-1,5000,12,historical_density,global,equal_cell,97488,-4.007952463941566,16.11118125640293,36.5891198075604,60.0
2010,hidden_cells,-1,5000,12,historical_density,global,spherical_cell_area,97488,-2.148308225844055,13.314523578284952,30.5186332824438,60.0
2010,hidden_cells,-1,5000,12,historical_density,south_of_60n,equal_cell,87025,-1.4961464452109692,12.411713068424003,27.07966941536349,60.0
2010,hidden_cells,-1,5000,12,historical_density,south_of_60n,spherical_cell_area,87025,-1.2236237943033117,12.066889328676403,26.4661436658191,60.0
2010,hidden_cells,-1,5000,12,historical_density,60_to_90n,equal_cell,10463,-24.89965835900323,46.8811534497381,79.84096218204964,60.0
2010,hidden_cells,-1,5000,12,historical_density,60_to_90n,spherical_cell_area,10463,-25.716316698839652,45.11375536266715,82.56663585671159,60.0
2010,hidden_cells,-1,5000,13,random,global,equal_cell,97488,-0.312434728169247,10.993769337666697,26.919143940144863,60.0
2010,hidden_cells,-1,5000,13,random,global,spherical_cell_area,97488,-0.3556188323263283,10.2637714728836,24.368531790053748,60.0
2010,hidden_cells,-1,5000,13,random,south_of_60n,equal_cell,87025,-0.2347630363643045,10.096329739836602,22.812295147408413,60.0
2010,hidden_cells,-1,5000,13,random,south_of_60n,spherical_cell_area,87025,-0.3041189074626844,9.883617935466056,22.526275156074597,60.0
2010,hidden_cells,-1,5000,13,random,60_to_90n,equal_cell,10463,-0.9584615827353477,18.458137205502272,49.22786596592445,60.0
2010,hidden_cells,-1,5000,13,random,60_to_90n,spherical_cell_area,10463,-1.6682295178145663,19.95298163506549,52.87493693496423,60.0
2010,hidden_cells,-1,5000,13,historical_density,global,equal_cell,97488,-4.14699813624454,16.12396681789139,37.28915027078542,60.0
2010,hidden_cells,-1,5000,13,historical_density,global,spherical_cell_area,97488,-2.0454555188016528,13.36361900576364,31.052544815771338,60.0
2010,hidden_cells,-1,5000,13,historical_density,south_of_60n,equal_cell,87025,-1.2846332164217735,12.366209746921507,27.390781429495103,60.0
2010,hidden_cells,-1,5000,13,historical_density,south_of_60n,spherical_cell_area,87025,-1.0158823060476023,12.084602365097023,26.79589235020033,60.0
2010,hidden_cells,-1,5000,13,historical_density,60_to_90n,equal_cell,10463,-27.95444410275282,47.378751210623314,81.94813999272026,60.0
2010,hidden_cells,-1,5000,13,historical_density,60_to_90n,spherical_cell_area,10463,-28.286829736950367,45.96271335204377,85.09024949310123,60.0
2010,hidden_cells,-1,5000,14,random,global,equal_cell,97488,-0.6784370466466918,10.357661063664375,27.1256403474368,60.0
2010,hidden_cells,-1,5000,14,random,global,spherical_cell_area,97488,-0.5489895530993457,9.729382249478451,24.600047539034875,60.0
2010,hidden_cells,-1,5000,14,random,south_of_60n,equal_cell,87025,-0.5206080625069458,9.636846118472,23.16902011672931,60.0
2010,hidden_cells,-1,5000,14,random,south_of_60n,spherical_cell_area,87025,-0.4517352635082749,9.39851602029142,22.78745688886653,60.0
2010,hidden_cells,-1,5000,14,random,60_to_90n,equal_cell,10463,-1.9911645000311324,16.352970306268446,48.897216412506864,60.0
2010,hidden_cells,-1,5000,14,random,60_to_90n,spherical_cell_area,10463,-3.02777025161112,18.162376065449767,52.862084844009566,60.0
2010,hidden_cells,-1,5000,14,historical_density,global,equal_cell,97488,-3.486499857152397,15.35968243691284,35.638648963850336,60.0
2010,hidden_cells,-1,5000,14,historical_density,global,spherical_cell_area,97488,-2.2866885083596475,13.045936536252611,30.36865666984131,60.0
2010,hidden_cells,-1,5000,14,historical_density,south_of_60n,equal_cell,87025,-1.7354883488930302,12.32858313589842,27.271020757784395,60.0
2010,hidden_cells,-1,5000,14,historical_density,south_of_60n,spherical_cell_area,87025,-1.5865580820719667,11.987609567911072,26.680759265656604,60.0
2010,hidden_cells,-1,5000,14,historical_density,60_to_90n,equal_cell,10463,-18.050370305997983,40.57056045189705,75.15606547880982,60.0
2010,hidden_cells,-1,5000,14,historical_density,60_to_90n,spherical_cell_area,10463,-20.13134908240656,40.02017564560245,79.275830911642,60.0
2010,hidden_cells,-1,5000,15,random,global,equal_cell,97488,-0.1551622860445597,11.404519056361998,27.18087150309734,60.0
2010,hidden_cells,-1,5000,15,random,global,spherical_cell_area,97488,-0.1284820866973365,10.692852766166054,24.60106453169312,60.0
2010,hidden_cells,-1,5000,15,random,south_of_60n,equal_cell,87025,-0.0895412453182895,10.483284241748388,22.865621715258648,60.0
2010,hidden_cells,-1,5000,15,random,south_of_60n,spherical_cell_area,87025,-0.0995566188715767,10.288318438958544,22.639378380308244,60.0
2010,hidden_cells,-1,5000,15,random,60_to_90n,equal_cell,10463,-0.7009590048827188,19.06680135988388,50.34930315025815,60.0
2010,hidden_cells,-1,5000,15,random,60_to_90n,spherical_cell_area,10463,-0.8657235147453554,21.003471314548207,54.471771996186,60.0
2010,hidden_cells,-1,5000,15,historical_density,global,equal_cell,97488,-5.6083645383613145,17.019254793989383,38.91481938101155,60.0
2010,hidden_cells,-1,5000,15,historical_density,global,spherical_cell_area,97488,-2.459301174661669,13.651667569760985,31.705235334036303,60.0
2010,hidden_cells,-1,5000,15,historical_density,south_of_60n,equal_cell,87025,-1.457251354292186,12.541350861455689,27.5599910368936,60.0
2010,hidden_cells,-1,5000,15,historical_density,south_of_60n,spherical_cell_area,87025,-1.0788887829973317,12.16088934468918,26.837837261371856,60.0
2010,hidden_cells,-1,5000,15,historical_density,60_to_90n,equal_cell,10463,-40.13485071284435,54.26379170775646,88.27470494299764,60.0
2010,hidden_cells,-1,5000,15,historical_density,60_to_90n,spherical_cell_area,10463,-37.64273222774492,51.64806141117874,90.92844641422867,60.0
2010,hidden_cells,-1,5000,16,random,global,equal_cell,97488,0.4532033252502733,11.579919685887308,29.34971651184853,60.0
2010,hidden_cells,-1,5000,16,random,global,spherical_cell_area,97488,0.4316550051440899,10.635661062445775,25.65030569887905,60.0
2010,hidden_cells,-1,5000,16,random,south_of_60n,equal_cell,87025,0.4117126505243871,10.453537183095111,23.446755942313416,60.0
2010,hidden_cells,-1,5000,16,random,south_of_60n,spherical_cell_area,87025,0.3777728227616805,10.11541364597132,22.79356054258215,60.0
2010,hidden_cells,-1,5000,16,random,60_to_90n,equal_cell,10463,0.7982980369027852,20.948498229850905,58.76708754888798,60.0
2010,hidden_cells,-1,5000,16,random,60_to_90n,spherical_cell_area,10463,1.8049837729012903,23.895531242258414,64.69324343802093,60.0
2010,hidden_cells,-1,5000,16,historical_density,global,equal_cell,97488,-4.497363800499116,16.22702501120327,37.58398266448169,60.0
2010,hidden_cells,-1,5000,16,historical_density,global,spherical_cell_area,97488,-2.7248891894257627,13.42982310682185,31.40062804007407,60.0
2010,hidden_cells,-1,5000,16,historical_density,south_of_60n,equal_cell,87025,-2.022851301131924,12.566563032811274,27.88949235071905,60.0
2010,hidden_cells,-1,5000,16,historical_density,south_of_60n,spherical_cell_area,87025,-1.81246790769126,12.151056509754865,27.11154203005444,60.0
2010,hidden_cells,-1,5000,16,historical_density,60_to_90n,equal_cell,10463,-25.07888442149021,46.67256679363312,81.80390022389977,60.0
2010,hidden_cells,-1,5000,16,historical_density,60_to_90n,spherical_cell_area,10463,-25.98033911954905,46.02254443602325,85.92129222718653,60.0
2010,hidden_cells,-1,5000,17,random,global,equal_cell,97488,-0.2140117701475309,10.48790017253824,26.45799888917499,60.0
2010,hidden_cells,-1,5000,17,random,global,spherical_cell_area,97488,-0.1840336599256826,9.85616134210967,23.809120103650734,60.0
2010,hidden_cells,-1,5000,17,random,south_of_60n,equal_cell,87025,-0.1204468293066717,9.744200153432326,22.257459564797276,60.0
2010,hidden_cells,-1,5000,17,random,south_of_60n,spherical_cell_area,87025,-0.1466502122294634,9.507009786838184,21.897465514516952,60.0
2010,hidden_cells,-1,5000,17,random,60_to_90n,equal_cell,10463,-0.992229200776965,16.673553824711842,49.010469248054136,60.0
2010,hidden_cells,-1,5000,17,random,60_to_90n,spherical_cell_area,10463,-1.136848892887094,18.755204661447102,52.85698147127279,60.0
2010,hidden_cells,-1,5000,17,historical_density,global,equal_cell,97488,-3.748050961424084,16.520593069742183,37.2072699351746,60.0
2010,hidden_cells,-1,5000,17,historical_density,global,spherical_cell_area,97488,-1.4720346474393282,13.470439317997098,30.75264518635533,60.0
2010,hidden_cells,-1,5000,17,historical_density,south_of_60n,equal_cell,87025,-0.7113701692898164,12.531757591833957,27.171799272855925,60.0
2010,hidden_cells,-1,5000,17,historical_density,south_of_60n,spherical_cell_area,87025,-0.4158495425804754,12.14667196597639,26.53893229774643,60.0
2010,hidden_cells,-1,5000,17,historical_density,60_to_90n,equal_cell,10463,-29.00535249401365,49.697349971678825,82.2073092447945,60.0
2010,hidden_cells,-1,5000,17,historical_density,60_to_90n,spherical_cell_area,10463,-28.391682747157976,47.21012293818607,84.2537768703587,60.0
2010,hidden_cells,-1,5000,18,random,global,equal_cell,97488,-0.3417871764679825,11.357155761000824,28.07250325760044,60.0
2010,hidden_cells,-1,5000,18,random,global,spherical_cell_area,97488,-0.3653968190698006,10.560728763766432,25.170531599709097,60.0
2010,hidden_cells,-1,5000,18,random,south_of_60n,equal_cell,87025,-0.2126301215334068,10.479588490062076,23.534065177854817,60.0
2010,hidden_cells,-1,5000,18,random,south_of_60n,spherical_cell_area,87025,-0.3034789562658315,10.163994762207873,23.06941764290472,60.0
2010,hidden_cells,-1,5000,18,random,60_to_90n,equal_cell,10463,-1.4160386058554864,18.656237453961214,52.307852345314814,60.0
2010,hidden_cells,-1,5000,18,random,60_to_90n,spherical_cell_area,10463,-1.94353598246224,20.672535550302108,56.71790519951698,60.0
2010,hidden_cells,-1,5000,18,historical_density,global,equal_cell,97488,-3.415195874529173,16.24191795849909,35.939059191731545,60.0
2010,hidden_cells,-1,5000,18,historical_density,global,spherical_cell_area,97488,-1.7080574705118352,13.394393838472734,30.16405368940397,60.0
2010,hidden_cells,-1,5000,18,historical_density,south_of_60n,equal_cell,87025,-0.9681726853164996,12.451041465582236,26.896301511509375,60.0
2010,hidden_cells,-1,5000,18,historical_density,south_of_60n,spherical_cell_area,87025,-0.898294351370316,12.172935787872497,26.39696179182809,60.0
2010,hidden_cells,-1,5000,18,historical_density,60_to_90n,equal_cell,10463,-23.76807679216589,47.772169969976574,77.57323073746406,60.0
2010,hidden_cells,-1,5000,18,historical_density,60_to_90n,spherical_cell_area,10463,-22.346994822628123,44.52645652280776,79.62745680496903,60.0
2010,hidden_cells,-1,5000,19,random,global,equal_cell,97488,0.4392850057578554,10.819413124656425,27.198656914267037,60.0
2010,hidden_cells,-1,5000,19,random,global,spherical_cell_area,97488,0.4126463453363798,10.130767273660243,24.747939629558285,60.0
2010,hidden_cells,-1,5000,19,random,south_of_60n,equal_cell,87025,0.4398572843864917,10.00466121671623,23.41954775441888,60.0
2010,hidden_cells,-1,5000,19,random,south_of_60n,spherical_cell_area,87025,0.408769744022073,9.757103191448977,23.02581359034729,60.0
2010,hidden_cells,-1,5000,19,random,60_to_90n,equal_cell,10463,0.4345251330963753,17.596034054456236,48.27854076387445,60.0
2010,hidden_cells,-1,5000,19,random,60_to_90n,spherical_cell_area,10463,0.5114516993637803,19.654576646048547,52.05179226697786,60.0
2010,hidden_cells,-1,5000,19,historical_density,global,equal_cell,97488,-2.721104139059324,16.00952653988434,36.66392746033177,60.0
2010,hidden_cells,-1,5000,19,historical_density,global,spherical_cell_area,97488,-1.311595987618304,13.370395327761331,30.91814268536337,60.0
2010,hidden_cells,-1,5000,19,historical_density,south_of_60n,equal_cell,87025,-0.8484914350599214,12.585478265449444,27.673166669448868,60.0
2010,hidden_cells,-1,5000,19,historical_density,south_of_60n,spherical_cell_area,87025,-0.581326602400384,12.179028886824854,26.97825452829805,60.0
2010,hidden_cells,-1,5000,19,historical_density,60_to_90n,equal_cell,10463,-18.296380882397564,44.48871999135112,78.45608999711106,60.0
2010,hidden_cells,-1,5000,19,historical_density,60_to_90n,spherical_cell_area,10463,-19.924426993875905,43.73549440015368,82.2787595087682,60.0
2010,whole_blocks,0,5000,0,random,global,equal_cell,96240,-0.0873448051316782,12.812151994285918,25.92827065529434,60.0
2010,whole_blocks,0,5000,0,random,global,spherical_cell_area,96240,0.2617293660411763,12.068387780609088,23.41354339205479,60.0
2010,whole_blocks,0,5000,0,random,south_of_60n,equal_cell,85236,0.3423258012330702,11.976681469095553,21.48504541158841,60.0
2010,whole_blocks,0,5000,0,random,south_of_60n,spherical_cell_area,85236,0.454846625076529,11.664919343785874,21.346340416171834,60.0
2010,whole_blocks,0,5000,0,random,60_to_90n,equal_cell,11004,-3.415534900015876,19.283631972941485,48.00094833041907,60.0
2010,whole_blocks,0,5000,0,random,60_to_90n,spherical_cell_area,11004,-4.206947721859843,21.40452981332654,51.85807100366475,60.0
2010,whole_blocks,0,5000,0,historical_density,global,equal_cell,96240,-3.431687765344983,18.254644955185935,36.21014278755801,60.0
2010,whole_blocks,0,5000,0,historical_density,global,spherical_cell_area,96240,-0.7118059147478828,14.915955780940267,28.599078629985588,60.0
2010,whole_blocks,0,5000,0,historical_density,south_of_60n,equal_cell,85236,0.2536859916486557,13.707815068452229,23.01397319566829,60.0
2010,whole_blocks,0,5000,0,historical_density,south_of_60n,spherical_cell_area,85236,0.7082658114257839,13.32153427395826,22.802752553598182,60.0
2010,whole_blocks,0,5000,0,historical_density,60_to_90n,equal_cell,11004,-31.97826333342112,53.47398267107423,85.81868902864719,60.0
2010,whole_blocks,0,5000,0,historical_density,60_to_90n,spherical_cell_area,11004,-33.57185176267812,51.8104047405891,87.81909314675629,60.0
2010,whole_blocks,0,5000,1,random,global,equal_cell,96240,-0.2801489348620247,12.854205951168309,26.595089094566728,60.0
2010,whole_blocks,0,5000,1,random,global,spherical_cell_area,96240,0.4354826702213052,12.073633122411442,23.946759070050955,60.0
2010,whole_blocks,0,5000,1,random,south_of_60n,equal_cell,85236,0.6018903040586667,12.022202707715918,22.10221905292207,60.0
2010,whole_blocks,0,5000,1,random,south_of_60n,spherical_cell_area,85236,0.824431330350869,11.658275015365929,21.82758115400684,60.0
2010,whole_blocks,0,5000,1,random,60_to_90n,equal_cell,11004,-7.112346005803871,19.298828675532885,49.01052726088415,60.0
2010,whole_blocks,0,5000,1,random,60_to_90n,spherical_cell_area,11004,-8.56467596175576,21.68489865869596,53.08569378146466,60.0
2010,whole_blocks,0,5000,1,historical_density,global,equal_cell,96240,-2.768548498646335,17.987766539635068,35.116748440793685,60.0
2010,whole_blocks,0,5000,1,historical_density,global,spherical_cell_area,96240,-0.5739158870927932,14.874332416726126,28.54350452340697,60.0
2010,whole_blocks,0,5000,1,historical_density,south_of_60n,equal_cell,85236,-0.058918482732375,13.91961165882268,24.085682813090557,60.0
2010,whole_blocks,0,5000,1,historical_density,south_of_60n,spherical_cell_area,85236,0.4305454984788264,13.487839471738788,23.82589724135668,60.0
2010,whole_blocks,0,5000,1,historical_density,60_to_90n,equal_cell,11004,-23.75710030130376,49.49933046374676,79.32071683165364,60.0
2010,whole_blocks,0,5000,1,historical_density,60_to_90n,spherical_cell_area,11004,-23.81685958775656,46.95737505491461,80.81824074029505,60.0
2010,whole_blocks,0,5000,2,random,global,equal_cell,96240,0.4261361840953077,13.275431760165356,26.902935987549675,60.0
2010,whole_blocks,0,5000,2,random,global,spherical_cell_area,96240,0.797335559224893,12.41968101620003,24.088173347838723,60.0
2010,whole_blocks,0,5000,2,random,south_of_60n,equal_cell,85236,0.9692309362611684,12.12755770675298,21.89941406451954,60.0
2010,whole_blocks,0,5000,2,random,south_of_60n,spherical_cell_area,85236,1.0892675939872605,11.859924216429135,21.73534691858903,60.0
2010,whole_blocks,0,5000,2,random,60_to_90n,equal_cell,11004,-3.78062720154712,22.16676153267148,51.13895300838154,60.0
2010,whole_blocks,0,5000,2,random,60_to_90n,spherical_cell_area,11004,-5.957886638331771,25.372290215541785,55.4530693643484,60.0
2010,whole_blocks,0,5000,2,historical_density,global,equal_cell,96240,-3.2375337958293344,17.595455834904723,34.67330252278854,60.0
2010,whole_blocks,0,5000,2,historical_density,global,spherical_cell_area,96240,-0.6897044015807946,14.622531016987482,27.689778690252027,60.0
2010,whole_blocks,0,5000,2,historical_density,south_of_60n,equal_cell,85236,-0.0710017774182177,13.542639399661107,22.248277890240143,60.0
2010,whole_blocks,0,5000,2,historical_density,south_of_60n,spherical_cell_area,85236,0.6104522136662938,13.159523156354098,22.080700000290765,60.0
2010,whole_blocks,0,5000,2,historical_density,60_to_90n,equal_cell,11004,-27.76520765272591,48.98820953123558,81.73462519718794,60.0
2010,whole_blocks,0,5000,2,historical_density,60_to_90n,spherical_cell_area,11004,-30.774949533265293,48.4761065021007,85.00915253429658,60.0
2010,whole_blocks,0,5000,3,random,global,equal_cell,96240,1.130728406952889,13.839897553685576,28.722642640074216,60.0
2010,whole_blocks,0,5000,3,random,global,spherical_cell_area,96240,0.9365652924972712,12.531782806955862,25.00491821753081,60.0
2010,whole_blocks,0,5000,3,random,south_of_60n,equal_cell,85236,0.8009088062264248,12.06450053988207,22.067006261633832,60.0
2010,whole_blocks,0,5000,3,random,south_of_60n,spherical_cell_area,85236,0.859124946010547,11.71628270921982,21.87298146683549,60.0
2010,whole_blocks,0,5000,3,random,60_to_90n,equal_cell,11004,3.6854815410423902,27.59196406300542,58.68047326670589,60.0
2010,whole_blocks,0,5000,3,random,60_to_90n,spherical_cell_area,11004,2.728512339348165,31.40221738197722,63.42385936133206,60.0
2010,whole_blocks,0,5000,3,historical_density,global,equal_cell,96240,-3.831196349095144,18.554118645778285,38.08338270288731,60.0
2010,whole_blocks,0,5000,3,historical_density,global,spherical_cell_area,96240,-0.7118577211225021,14.963475738672283,29.38842380312214,60.0
2010,whole_blocks,0,5000,3,historical_density,south_of_60n,equal_cell,85236,0.4172305899446207,13.612491749369172,22.5561762826354,60.0
2010,whole_blocks,0,5000,3,historical_density,south_of_60n,spherical_cell_area,85236,0.8995735664874849,13.245402873476776,22.411395098917083,60.0
2010,whole_blocks,0,5000,3,historical_density,60_to_90n,equal_cell,11004,-36.739131515942965,56.831518695062826,93.50725345788476,60.0
2010,whole_blocks,0,5000,3,historical_density,60_to_90n,spherical_cell_area,11004,-37.999908046812685,54.71918108781527,96.05505863499312,60.0
2010,whole_blocks,0,5000,4,random,global,equal_cell,96240,0.5804810483242612,13.098485348167571,26.666278223211386,60.0
2010,whole_blocks,0,5000,4,random,global,spherical_cell_area,96240,0.7939354692691508,12.329784792012749,24.20502369289014,60.0
2010,whole_blocks,0,5000,4,random,south_of_60n,equal_cell,85236,0.7988436671803035,12.094367685425674,22.294682328138,60.0
2010,whole_blocks,0,5000,4,random,south_of_60n,spherical_cell_area,85236,0.9169205720227585,11.852449686417897,22.20292589258779,60.0
2010,whole_blocks,0,5000,4,random,60_to_90n,equal_cell,11004,-1.1109362709063493,20.876290973528224,48.67243567205525,60.0
2010,whole_blocks,0,5000,4,random,60_to_90n,spherical_cell_area,11004,-2.0519039630707114,23.375180010842165,52.30553301398516,60.0
2010,whole_blocks,0,5000,4,historical_density,global,equal_cell,96240,-3.1109807256852364,18.862177145794963,37.05510835554317,60.0
2010,whole_blocks,0,5000,4,historical_density,global,spherical_cell_area,96240,-0.9097425838326184,15.668993427593469,29.339542923415586,60.0
2010,whole_blocks,0,5000,4,historical_density,south_of_60n,equal_cell,85236,-0.1103059986227572,14.308405197934498,23.287732135163093,60.0
2010,whole_blocks,0,5000,4,historical_density,south_of_60n,spherical_cell_area,85236,0.3296703127274681,14.031012937114172,23.177368160954124,60.0
2010,whole_blocks,0,5000,4,historical_density,60_to_90n,equal_cell,11004,-26.353938835090677,54.13528744639792,88.36341871805017,60.0
2010,whole_blocks,0,5000,4,historical_density,60_to_90n,spherical_cell_area,11004,-29.58939576953357,53.57138456961847,91.37419692962152,60.0
2010,whole_blocks,0,5000,5,random,global,equal_cell,96240,1.0424400430788676,13.380744747873193,26.430048795781826,60.0
2010,whole_blocks,0,5000,5,random,global,spherical_cell_area,96240,1.6324430596882016,12.656642427253448,23.99813482488504,60.0
2010,whole_blocks,0,5000,5,random,south_of_60n,equal_cell,85236,1.6633136041699246,12.369842710250056,21.918418074833536,60.0
2010,whole_blocks,0,5000,5,random,south_of_60n,spherical_cell_area,85236,1.939926909133017,12.149855402878533,21.812824245823496,60.0
2010,whole_blocks,0,5000,5,random,60_to_90n,equal_cell,11004,-3.766791041359277,21.21110153439136,48.86886813106037,60.0
2010,whole_blocks,0,5000,5,random,60_to_90n,spherical_cell_area,11004,-5.482643596870619,24.383546462563555,53.78153820049695,60.0
2010,whole_blocks,0,5000,5,historical_density,global,equal_cell,96240,-3.3909353159675115,18.051652954934543,35.252302591303,60.0
2010,whole_blocks,0,5000,5,historical_density,global,spherical_cell_area,96240,-0.7103440422273908,15.075415343807132,28.13737650325672,60.0
2010,whole_blocks,0,5000,5,historical_density,south_of_60n,equal_cell,85236,0.2826608414393924,13.870119256352794,22.51831298585412,60.0
2010,whole_blocks,0,5000,5,historical_density,south_of_60n,spherical_cell_area,85236,0.7059814613569416,13.585106724346833,22.4587023658625,60.0
2010,whole_blocks,0,5000,5,historical_density,60_to_90n,equal_cell,11004,-31.84628265082164,50.441439062923855,83.31270728092703,60.0
2010,whole_blocks,0,5000,5,historical_density,60_to_90n,spherical_cell_area,11004,-33.483703391318734,49.56072243106477,86.2564875741804,60.0
2010,whole_blocks,0,5000,6,random,global,equal_cell,96240,1.4578790456603825,14.269404855106464,31.88804534751573,60.0
2010,whole_blocks,0,5000,6,random,global,spherical_cell_area,96240,1.122223227882154,12.848470164480949,26.91843301763739,60.0
2010,whole_blocks,0,5000,6,random,south_of_60n,equal_cell,85236,0.7525242145021293,12.28825390715646,23.042138347237447,60.0
2010,whole_blocks,0,5000,6,random,south_of_60n,spherical_cell_area,85236,0.8758164734069492,11.958665967288445,22.82887367750952,60.0
2010,whole_blocks,0,5000,6,random,60_to_90n,equal_cell,11004,6.921494493552497,29.615222939390986,69.14218613654911,60.0
2010,whole_blocks,0,5000,6,random,60_to_90n,spherical_cell_area,11004,6.824003708444099,33.43827994416704,73.70379855729917,60.0
2010,whole_blocks,0,5000,6,historical_density,global,equal_cell,96240,-3.8273533774883046,18.03209089987624,36.20836813411694,60.0
2010,whole_blocks,0,5000,6,historical_density,global,spherical_cell_area,96240,-0.8552039319534562,14.635546938769874,28.415192573484976,60.0
2010,whole_blocks,0,5000,6,historical_density,south_of_60n,equal_cell,85236,0.1678468852347281,13.368298065134994,22.51248631739077,60.0
2010,whole_blocks,0,5000,6,historical_density,south_of_60n,spherical_cell_area,85236,0.6390787130388772,13.006344137132144,22.364352895801257,60.0
2010,whole_blocks,0,5000,6,historical_density,60_to_90n,equal_cell,11004,-34.773817353629745,54.15741315196683,86.83645353452465,60.0
2010,whole_blocks,0,5000,6,historical_density,60_to_90n,spherical_cell_area,11004,-35.432468811748414,52.33482491935611,88.97923519442033,60.0
2010,whole_blocks,0,5000,7,random,global,equal_cell,96240,-0.123520575174211,13.198370709395784,27.257253628543086,60.0
2010,whole_blocks,0,5000,7,random,global,spherical_cell_area,96240,0.4795818781380644,12.344779446618016,24.399868769949983,60.0
2010,whole_blocks,0,5000,7,random,south_of_60n,equal_cell,85236,0.6178736762335081,12.054698134804658,22.05179941872345,60.0
2010,whole_blocks,0,5000,7,random,south_of_60n,spherical_cell_area,85236,0.8258881586284894,11.770326836227357,21.882354071168304,60.0
2010,whole_blocks,0,5000,7,random,60_to_90n,equal_cell,11004,-5.866294149600633,22.057156202657264,52.26038037083777,60.0
2010,whole_blocks,0,5000,7,random,60_to_90n,spherical_cell_area,11004,-7.533844517586039,25.637445420443367,57.37163023232513,60.0
2010,whole_blocks,0,5000,7,historical_density,global,equal_cell,96240,-3.8875854365228495,18.50351559780976,38.14487936405995,60.0
2010,whole_blocks,0,5000,7,historical_density,global,spherical_cell_area,96240,-1.3280538281613614,15.15687973491618,29.795585144610754,60.0
2010,whole_blocks,0,5000,7,historical_density,south_of_60n,equal_cell,85236,-0.0326761676505022,13.806352139392729,22.74369238014321,60.0
2010,whole_blocks,0,5000,7,historical_density,south_of_60n,spherical_cell_area,85236,0.269073657638774,13.39866354403703,22.533588203448215,60.0
2010,whole_blocks,0,5000,7,historical_density,60_to_90n,equal_cell,11004,-33.74736791940211,54.88732371682415,93.37455809689534,60.0
2010,whole_blocks,0,5000,7,historical_density,60_to_90n,spherical_cell_area,11004,-38.285118348974,55.8414899401591,98.39307375198489,60.0
2010,whole_blocks,0,5000,8,random,global,equal_cell,96240,0.6365979405760276,14.439372591948702,30.595643210221592,60.0
2010,whole_blocks,0,5000,8,random,global,spherical_cell_area,96240,1.1060935358993993,13.188912398659236,26.46418971151002,60.0
2010,whole_blocks,0,5000,8,random,south_of_60n,equal_cell,85236,1.127578336057503,12.742709410551877,22.863611128186328,60.0
2010,whole_blocks,0,5000,8,random,south_of_60n,spherical_cell_area,85236,1.2469226367215218,12.383214737516948,22.67247378063275,60.0
2010,whole_blocks,0,5000,8,random,60_to_90n,equal_cell,11004,-3.1664922983606307,27.58157387598541,64.32616276365066,60.0
2010,whole_blocks,0,5000,8,random,60_to_90n,spherical_cell_area,11004,-2.152650810913831,31.832521447930525,70.79240747701242,60.0
2010,whole_blocks,0,5000,8,historical_density,global,equal_cell,96240,-2.773330681464376,17.048098927866384,33.67957002147493,60.0
2010,whole_blocks,0,5000,8,historical_density,global,spherical_cell_area,96240,-1.150115467845516,14.44837725578607,27.40397003954006,60.0
2010,whole_blocks,0,5000,8,historical_density,south_of_60n,equal_cell,85236,-0.449865841400116,13.585771433380174,22.56518459378001,60.0
2010,whole_blocks,0,5000,8,historical_density,south_of_60n,spherical_cell_area,85236,-0.1644750824235621,13.18164889082459,22.406829596820376,60.0
2010,whole_blocks,0,5000,8,historical_density,60_to_90n,equal_cell,11004,-20.770681563663327,43.86697809180923,77.30771379140222,60.0
2010,whole_blocks,0,5000,8,historical_density,60_to_90n,spherical_cell_area,11004,-23.957546710636212,43.76010241889763,80.6890237606757,60.0
2010,whole_blocks,0,5000,9,random,global,equal_cell,96240,-0.0546703643881875,12.917396081820392,26.117151032117068,60.0
2010,whole_blocks,0,5000,9,random,global,spherical_cell_area,96240,0.5164908552600177,12.183370657216422,23.44445865773428,60.0
2010,whole_blocks,0,5000,9,random,south_of_60n,equal_cell,85236,0.7119889985262858,12.014774406975436,21.341401456529912,60.0
2010,whole_blocks,0,5000,9,random,south_of_60n,spherical_cell_area,85236,0.9024109045485964,11.737942856274078,21.18736666967378,60.0
2010,whole_blocks,0,5000,9,random,60_to_90n,equal_cell,11004,-5.99314523328841,19.9090228609084,49.37324644621083,60.0
2010,whole_blocks,0,5000,9,random,60_to_90n,spherical_cell_area,11004,-8.41358660457903,22.4904401461263,53.67209454371604,60.0
2010,whole_blocks,0,5000,9,historical_density,global,equal_cell,96240,-4.675332634758568,18.85349241103877,37.56345185944971,60.0
2010,whole_blocks,0,5000,9,historical_density,global,spherical_cell_area,96240,-1.4808079206966798,15.226989534133676,29.141882873913143,60.0
2010,whole_blocks,0,5000,9,historical_density,south_of_60n,equal_cell,85236,-0.2015662619239751,13.855322079994393,22.531433101547066,60.0
2010,whole_blocks,0,5000,9,historical_density,south_of_60n,spherical_cell_area,85236,0.2227308824537331,13.443415133774964,22.38522576575376,60.0
2010,whole_blocks,0,5000,9,historical_density,60_to_90n,equal_cell,11004,-39.32872690547189,57.56887284877947,91.69657240644138,60.0
2010,whole_blocks,0,5000,9,historical_density,60_to_90n,spherical_cell_area,11004,-40.90019931023054,56.49838131580093,94.3682262059002,60.0
2010,whole_blocks,0,5000,10,random,global,equal_cell,96240,0.6469722449395766,13.26746809679869,25.61728774847961,60.0
2010,whole_blocks,0,5000,10,random,global,spherical_cell_area,96240,0.6914620768508511,12.450919813934506,23.523933471496164,60.0
2010,whole_blocks,0,5000,10,random,south_of_60n,equal_cell,85236,0.7749312029414962,12.30776922743722,22.04889318077075,60.0
2010,whole_blocks,0,5000,10,random,south_of_60n,spherical_cell_area,85236,0.7977454359033612,11.992010705635332,21.840920100142124,60.0
2010,whole_blocks,0,5000,10,random,60_to_90n,equal_cell,11004,-0.3441864013937218,20.70120972065315,44.4270283513721,60.0
2010,whole_blocks,0,5000,10,random,60_to_90n,spherical_cell_area,11004,-1.7679038741549236,23.069942825804155,48.16725249791776,60.0
2010,whole_blocks,0,5000,10,historical_density,global,equal_cell,96240,-4.121581040643505,18.350104830808,36.57683611989224,60.0
2010,whole_blocks,0,5000,10,historical_density,global,spherical_cell_area,96240,-1.0534551016796057,14.723364568344158,28.46354838403439,60.0
2010,whole_blocks,0,5000,10,historical_density,south_of_60n,equal_cell,85236,-0.1026900819142091,13.589706063080952,22.96869969265792,60.0
2010,whole_blocks,0,5000,10,historical_density,south_of_60n,spherical_cell_area,85236,0.3381795264521003,13.14321098781268,22.72192109921563,60.0
2010,whole_blocks,0,5000,10,historical_density,60_to_90n,equal_cell,11004,-35.25155102957938,55.223728001108114,87.2605610940678,60.0
2010,whole_blocks,0,5000,10,historical_density,60_to_90n,spherical_cell_area,11004,-33.25547478922796,51.28765786847387,87.23906041443841,60.0
2010,whole_blocks,0,5000,11,random,global,equal_cell,96240,0.1994723088974528,13.054118499186318,28.25672261188404,60.0
2010,whole_blocks,0,5000,11,random,global,spherical_cell_area,96240,0.6572734741362006,11.942124989350836,24.84571862039425,60.0
2010,whole_blocks,0,5000,11,random,south_of_60n,equal_cell,85236,0.8078034140460743,11.681695781000244,22.568765372000648,60.0
2010,whole_blocks,0,5000,11,random,south_of_60n,spherical_cell_area,85236,0.9198264133634484,11.305937317702352,22.151658511203557,60.0
2010,whole_blocks,0,5000,11,random,60_to_90n,equal_cell,11004,-4.512606033382436,23.684782149432447,55.11562815441946,60.0
2010,whole_blocks,0,5000,11,random,60_to_90n,spherical_cell_area,11004,-5.418125015602561,26.663322287310848,59.55766292648935,60.0
2010,whole_blocks,0,5000,11,historical_density,global,equal_cell,96240,-4.2917034389413855,18.4614157984508,38.47392360640553,60.0
2010,whole_blocks,0,5000,11,historical_density,global,spherical_cell_area,96240,-1.18062871728979,15.191995711912396,29.83858620689701,60.0
2010,whole_blocks,0,5000,11,historical_density,south_of_60n,equal_cell,85236,0.1871726623223895,13.648828345726397,22.190546486566177,60.0
2010,whole_blocks,0,5000,11,historical_density,south_of_60n,spherical_cell_area,85236,0.5837897346407774,13.397609235831323,22.15489162648954,60.0
2010,whole_blocks,0,5000,11,historical_density,60_to_90n,equal_cell,11004,-38.984677209144856,55.73928785592237,95.56059396071969,60.0
2010,whole_blocks,0,5000,11,historical_density,60_to_90n,spherical_cell_area,11004,-42.00875743554443,56.71357577449514,100.67125288029048,60.0
2010,whole_blocks,0,5000,12,random,global,equal_cell,96240,0.1854457817768503,13.654735750000478,27.72625648155337,60.0
2010,whole_blocks,0,5000,12,random,global,spherical_cell_area,96240,0.5708249101100905,12.619276693757511,24.571467368651174,60.0
2010,whole_blocks,0,5000,12,random,south_of_60n,equal_cell,85236,0.531007986373646,12.2798847954359,22.026132014987603,60.0
2010,whole_blocks,0,5000,12,random,south_of_60n,spherical_cell_area,85236,0.7448449201004319,11.929945752567804,21.79895660021758,60.0
2010,whole_blocks,0,5000,12,random,60_to_90n,equal_cell,11004,-2.4912481541566724,24.30420830209663,54.45590246620837,60.0
2010,whole_blocks,0,5000,12,random,60_to_90n,spherical_cell_area,11004,-3.4559474009954,28.570193759703372,59.82186709580525,60.0
2010,whole_blocks,0,5000,12,historical_density,global,equal_cell,96240,-4.132166647433684,18.607286650153625,37.36426700714816,60.0
2010,whole_blocks,0,5000,12,historical_density,global,spherical_cell_area,96240,-1.3710553682029103,15.23762909821891,29.164602391940004,60.0
2010,whole_blocks,0,5000,12,historical_density,south_of_60n,equal_cell,85236,-0.2427988982857192,13.835441125455736,22.46245868603525,60.0
2010,whole_blocks,0,5000,12,historical_density,south_of_60n,spherical_cell_area,85236,0.1836868336244969,13.482384747872684,22.3662945596613,60.0
2010,whole_blocks,0,5000,12,historical_density,60_to_90n,equal_cell,11004,-34.25886143718069,55.56957537635769,91.1140615474613,60.0
2010,whole_blocks,0,5000,12,historical_density,60_to_90n,spherical_cell_area,11004,-37.347336771549934,55.85347177970594,94.64113186810307,60.0
2010,whole_blocks,0,5000,13,random,global,equal_cell,96240,0.4872934007326144,12.782099181318822,25.94084354254652,60.0
2010,whole_blocks,0,5000,13,random,global,spherical_cell_area,96240,0.9263187896344298,12.092927000675225,23.406484121336053,60.0
2010,whole_blocks,0,5000,13,random,south_of_60n,equal_cell,85236,0.9614446489853326,12.010908677453951,21.48654884382615,60.0
2010,whole_blocks,0,5000,13,random,south_of_60n,spherical_cell_area,85236,1.1190490229411727,11.699011245288984,21.3330048360906,60.0
2010,whole_blocks,0,5000,13,random,60_to_90n,equal_cell,11004,-3.185439768666575,18.75567186283699,48.05511642574688,60.0
2010,whole_blocks,0,5000,13,random,60_to_90n,spherical_cell_area,11004,-3.533402635709514,21.208022769176463,51.908101873341934,60.0
2010,whole_blocks,0,5000,13,historical_density,global,equal_cell,96240,-4.012278428089009,18.194250721598163,36.68213026436948,60.0
2010,whole_blocks,0,5000,13,historical_density,global,spherical_cell_area,96240,-1.534500215436431,15.022013349653896,28.993429977271703,60.0
2010,whole_blocks,0,5000,13,historical_density,south_of_60n,equal_cell,85236,-0.241797648828912,13.891027388560495,22.92623547394482,60.0
2010,whole_blocks,0,5000,13,historical_density,south_of_60n,spherical_cell_area,85236,-0.0690001926607637,13.482182796132449,22.755278135626934,60.0
2010,whole_blocks,0,5000,13,historical_density,60_to_90n,equal_cell,11004,-33.218085380198566,51.52663385634904,87.73234951780216,60.0
2010,whole_blocks,0,5000,13,historical_density,60_to_90n,spherical_cell_area,11004,-35.445743606153684,50.653243557367006,91.16191116946766,60.0
2010,whole_blocks,0,5000,14,random,global,equal_cell,96240,0.4567271681503187,13.819651432299834,27.78133580469052,60.0
2010,whole_blocks,0,5000,14,random,global,spherical_cell_area,96240,0.8094028290883383,12.858844314744603,25.08512066080986,60.0
2010,whole_blocks,0,5000,14,random,south_of_60n,equal_cell,85236,0.8442723316839577,12.694980597869955,23.197723909340343,60.0
2010,whole_blocks,0,5000,14,random,south_of_60n,spherical_cell_area,85236,1.0041739799764715,12.307041107269963,22.890600100852215,60.0
2010,whole_blocks,0,5000,14,random,60_to_90n,equal_cell,11004,-2.5451630135066465,22.531251145446404,50.81117781680077,60.0
2010,whole_blocks,0,5000,14,random,60_to_90n,spherical_cell_area,11004,-3.6975448342408144,25.627409706514204,55.366935438190005,60.0
2010,whole_blocks,0,5000,14,historical_density,global,equal_cell,96240,-2.902563221720393,17.93047762723542,36.87129409044741,60.0
2010,whole_blocks,0,5000,14,historical_density,global,spherical_cell_area,96240,-0.6716596684081102,15.126720631864616,29.45889854842985,60.0
2010,whole_blocks,0,5000,14,historical_density,south_of_60n,equal_cell,85236,0.3544172323912655,14.077469965026616,23.62185664321239,60.0
2010,whole_blocks,0,5000,14,historical_density,south_of_60n,spherical_cell_area,85236,0.6301292493977194,13.718914134243056,23.439160727497285,60.0
2010,whole_blocks,0,5000,14,historical_density,60_to_90n,equal_cell,11004,-28.130842573470787,47.77553043494438,86.99334074605346,60.0
2010,whole_blocks,0,5000,14,historical_density,60_to_90n,spherical_cell_area,11004,-30.794675805549108,47.7029526659365,90.75384697911454,60.0
2010,whole_blocks,0,5000,15,random,global,equal_cell,96240,0.210590355545202,12.957366613100744,26.496526111945933,60.0
2010,whole_blocks,0,5000,15,random,global,spherical_cell_area,96240,0.8558363182038923,12.154334985570726,23.78327388750029,60.0
2010,whole_blocks,0,5000,15,random,south_of_60n,equal_cell,85236,1.2042034182967014,12.009719283265948,21.71729013024881,60.0
2010,whole_blocks,0,5000,15,random,south_of_60n,spherical_cell_area,85236,1.3179315590286844,11.651470960092066,21.49578331041404,60.0
2010,whole_blocks,0,5000,15,random,60_to_90n,equal_cell,11004,-7.485847577632441,20.297758089454668,49.86901775589047,60.0
2010,whole_blocks,0,5000,15,random,60_to_90n,spherical_cell_area,11004,-9.836912871674746,23.79046196982325,54.42746614131474,60.0
2010,whole_blocks,0,5000,15,historical_density,global,equal_cell,96240,-5.160080716583182,19.06052610251217,38.00090827769424,60.0
2010,whole_blocks,0,5000,15,historical_density,global,spherical_cell_area,96240,-1.7386465109262996,15.207831532834566,29.23195622945242,60.0
2010,whole_blocks,0,5000,15,historical_density,south_of_60n,equal_cell,85236,-0.1466603692971273,13.78539103924608,22.67221499333001,60.0
2010,whole_blocks,0,5000,15,historical_density,south_of_60n,spherical_cell_area,85236,0.0743752679073331,13.391327459548902,22.52782233882618,60.0
2010,whole_blocks,0,5000,15,historical_density,60_to_90n,equal_cell,11004,-43.99358641644451,59.92125058929411,92.99501792357366,60.0
2010,whole_blocks,0,5000,15,historical_density,60_to_90n,spherical_cell_area,11004,-43.69144204773666,57.24120634831132,94.25545037344725,60.0
2010,whole_blocks,0,5000,16,random,global,equal_cell,96240,0.7211858384887504,12.957515105083594,26.42746960256289,60.0
2010,whole_blocks,0,5000,16,random,global,spherical_cell_area,96240,1.0244786492138291,12.119325406753166,23.686485710710425,60.0
2010,whole_blocks,0,5000,16,random,south_of_60n,equal_cell,85236,1.0454224740420606,12.037451784632838,21.857717676728008,60.0
2010,whole_blocks,0,5000,16,random,south_of_60n,spherical_cell_area,85236,1.1982113899761335,11.654482343491033,21.520054061674056,60.0
2010,whole_blocks,0,5000,16,random,60_to_90n,equal_cell,11004,-1.790322146609573,20.08424331136683,49.06685848692447,60.0
2010,whole_blocks,0,5000,16,random,60_to_90n,spherical_cell_area,11004,-2.995646335682704,22.8756584069484,53.1721772091878,60.0
2010,whole_blocks,0,5000,16,historical_density,global,equal_cell,96240,-5.082633177071702,18.68094185661189,38.49736024591803,60.0
2010,whole_blocks,0,5000,16,historical_density,global,spherical_cell_area,96240,-1.599829659834038,15.020886548695929,29.716802355346854,60.0
2010,whole_blocks,0,5000,16,historical_density,south_of_60n,equal_cell,85236,-0.0181616534752962,13.462862485927774,22.274604344631037,60.0
2010,whole_blocks,0,5000,16,historical_density,south_of_60n,spherical_cell_area,85236,0.3829753890690317,13.09982517171722,22.175815823028184,60.0
2010,whole_blocks,0,5000,16,historical_density,60_to_90n,equal_cell,11004,-44.31157672353328,59.09971805068962,95.49163744275332,60.0
2010,whole_blocks,0,5000,16,historical_density,60_to_90n,spherical_cell_area,11004,-47.48136058082522,59.47368689723847,99.69029342270784,60.0
2010,whole_blocks,0,5000,17,random,global,equal_cell,96240,0.3746679264332243,12.73821291611331,26.26662173891996,60.0
2010,whole_blocks,0,5000,17,random,global,spherical_cell_area,96240,0.5110912525686861,11.873987047728791,23.481823284420216,60.0
2010,whole_blocks,0,5000,17,random,south_of_60n,equal_cell,85236,0.562497414406712,11.706351375513176,21.267607618741312,60.0
2010,whole_blocks,0,5000,17,random,south_of_60n,spherical_cell_area,85236,0.6046062675598134,11.36172407283512,21.113808196971824,60.0
2010,whole_blocks,0,5000,17,random,60_to_90n,equal_cell,11004,-1.080242491315612,20.730920138450028,50.304590950165206,60.0
2010,whole_blocks,0,5000,17,random,60_to_90n,spherical_cell_area,11004,-1.6528189383328449,23.72760298201621,54.72679080385566,60.0
2010,whole_blocks,0,5000,17,historical_density,global,equal_cell,96240,-3.470237392556005,17.56587569912124,35.12882092555598,60.0
2010,whole_blocks,0,5000,17,historical_density,global,spherical_cell_area,96240,-1.1186558529007051,14.691375849743478,28.05138666160193,60.0
2010,whole_blocks,0,5000,17,historical_density,south_of_60n,equal_cell,85236,-0.165283911190576,13.608386679186363,22.31968959768779,60.0
2010,whole_blocks,0,5000,17,historical_density,south_of_60n,spherical_cell_area,85236,0.2222051095319936,13.21404117284264,22.109754059031932,60.0
2010,whole_blocks,0,5000,17,historical_density,60_to_90n,equal_cell,11004,-29.070111523568706,48.220231760841465,83.27053826570197,60.0
2010,whole_blocks,0,5000,17,historical_density,60_to_90n,spherical_cell_area,11004,-32.14578771472468,48.87646968757532,87.65510530210501,60.0
2010,whole_blocks,0,5000,18,random,global,equal_cell,96240,0.8032147319233601,13.36404762986668,27.84281077648017,60.0
2010,whole_blocks,0,5000,18,random,global,spherical_cell_area,96240,0.9281208433569422,12.320105475992715,24.795257668812614,60.0
2010,whole_blocks,0,5000,18,random,south_of_60n,equal_cell,85236,1.035814043210741,12.050641795232496,22.57786689497877,60.0
2010,whole_blocks,0,5000,18,random,south_of_60n,spherical_cell_area,85236,1.0595847129431966,11.6809835216087,22.269319395234906,60.0
2010,whole_blocks,0,5000,18,random,60_to_90n,equal_cell,11004,-0.9984787338064832,23.53757177752928,53.211533743028575,60.0
2010,whole_blocks,0,5000,18,random,60_to_90n,spherical_cell_area,11004,-2.113914782259293,27.10920122122351,58.014693345350864,60.0
2010,whole_blocks,0,5000,18,historical_density,global,equal_cell,96240,-4.374580675560227,18.28461678752758,36.98905755858265,60.0
2010,whole_blocks,0,5000,18,historical_density,global,spherical_cell_area,96240,-1.5011879005257722,14.87052992355882,28.75233509503919,60.0
2010,whole_blocks,0,5000,18,historical_density,south_of_60n,equal_cell,85236,-0.0037864723176526,13.580577224661168,22.155285613809223,60.0
2010,whole_blocks,0,5000,18,historical_density,south_of_60n,spherical_cell_area,85236,0.1823275209871847,13.163479179739598,21.998376754872783,60.0
2010,whole_blocks,0,5000,18,historical_density,60_to_90n,equal_cell,11004,-38.23036172859404,54.72168659673165,90.35451706611173,60.0
2010,whole_blocks,0,5000,18,historical_density,60_to_90n,spherical_cell_area,11004,-40.45724407500663,54.37118659657461,93.58553771269185,60.0
2010,whole_blocks,0,5000,19,random,global,equal_cell,96240,0.9281405732703788,12.785256454723246,25.963837078088638,60.0
2010,whole_blocks,0,5000,19,random,global,spherical_cell_area,96240,1.1908210840704292,11.979852800293887,23.3266426221106,60.0
2010,whole_blocks,0,5000,19,random,south_of_60n,equal_cell,85236,1.1278772059886817,11.92708913284985,21.53268785358925,60.0
2010,whole_blocks,0,5000,19,random,south_of_60n,spherical_cell_area,85236,1.3049200189226646,11.557673702077564,21.263596833249235,60.0
2010,whole_blocks,0,5000,19,random,60_to_90n,equal_cell,11004,-0.6190015229107643,19.432543790891977,48.00372515190186,60.0
2010,whole_blocks,0,5000,19,random,60_to_90n,spherical_cell_area,11004,-1.4493950130043405,21.748954084217097,51.69906686456387,60.0
2010,whole_blocks,0,5000,19,historical_density,global,equal_cell,96240,-3.9398392345317217,17.986840965969876,37.924677907002085,60.0
2010,whole_blocks,0,5000,19,historical_density,global,spherical_cell_area,96240,-1.1204825125455582,14.862019029940749,29.880155469224224,60.0
2010,whole_blocks,0,5000,19,historical_density,south_of_60n,equal_cell,85236,0.0125804887998318,13.682738982565224,23.36906511450592,60.0
2010,whole_blocks,0,5000,19,historical_density,south_of_60n,spherical_cell_area,85236,0.4714251018848709,13.25210790777906,23.053350501856823,60.0
2010,whole_blocks,0,5000,19,historical_density,60_to_90n,equal_cell,11004,-34.55492897806937,51.3260300478927,91.37250497607675,60.0
2010,whole_blocks,0,5000,19,historical_density,60_to_90n,spherical_cell_area,11004,-37.95676073125287,52.114893170226416,96.20158159874208,60.0
2010,whole_blocks,1,5000,0,random,global,equal_cell,94032,0.2380310514463051,12.697588733564176,24.33844479894044,60.0
2010,whole_blocks,1,5000,0,random,global,spherical_cell_area,94032,0.6618303164590558,12.12571298232102,22.77196968520384,60.0
2010,whole_blocks,1,5000,0,random,south_of_60n,equal_cell,85332,0.2015020077674526,12.142015913222773,22.621810656609107,60.0
2010,whole_blocks,1,5000,0,random,south_of_60n,spherical_cell_area,85332,0.6229782220951376,11.86061402656626,22.02257420605305,60.0
2010,whole_blocks,1,5000,0,random,60_to_90n,equal_cell,8700,0.5963179888260564,18.14680021694035,37.189247168888464,60.0
2010,whole_blocks,1,5000,0,random,60_to_90n,spherical_cell_area,8700,1.9074965536676871,20.625250114343597,39.93542391661939,60.0
2010,whole_blocks,1,5000,0,historical_density,global,equal_cell,94032,-1.7506225210450068,16.140879396289048,31.381491934500744,60.0
2010,whole_blocks,1,5000,0,historical_density,global,spherical_cell_area,94032,0.4371351724095949,13.628778082007893,24.15552073915273,60.0
2010,whole_blocks,1,5000,0,historical_density,south_of_60n,equal_cell,85332,1.089737711587934,12.807086179199798,18.99656782330861,60.0
2010,whole_blocks,1,5000,0,historical_density,south_of_60n,spherical_cell_area,85332,1.3442914368674037,12.520684241236374,18.66965384692712,60.0
2010,whole_blocks,1,5000,0,historical_density,60_to_90n,equal_cell,8700,-29.609659230359267,48.83964293659481,84.2879609559097,60.0
2010,whole_blocks,1,5000,0,historical_density,60_to_90n,spherical_cell_area,8700,-28.647884541658645,49.156208654446,90.0880655479606,60.0
2010,whole_blocks,1,5000,1,random,global,equal_cell,94032,0.3281725094666884,12.155288942114232,21.862951316110788,60.0
2010,whole_blocks,1,5000,1,random,global,spherical_cell_area,94032,0.6984149934538627,11.613065472660312,19.95318121526343,60.0
2010,whole_blocks,1,5000,1,random,south_of_60n,equal_cell,85332,0.4311560858372674,11.438292796030323,19.116282178887847,60.0
2010,whole_blocks,1,5000,1,random,south_of_60n,spherical_cell_area,85332,0.7301744990454846,11.302412322495872,18.804899380107077,60.0
2010,whole_blocks,1,5000,1,random,60_to_90n,equal_cell,8700,-0.6819188168383972,19.187784934945466,39.774021940888055,60.0
2010,whole_blocks,1,5000,1,random,60_to_90n,spherical_cell_area,8700,-0.3198504172948376,21.57314991541107,42.72053545216392,60.0
2010,whole_blocks,1,5000,1,historical_density,global,equal_cell,94032,-1.967392657138776,16.79094889550739,31.175944003162797,60.0
2010,whole_blocks,1,5000,1,historical_density,global,spherical_cell_area,94032,-0.0221952970488455,14.214509597396969,25.11664388744944,60.0
2010,whole_blocks,1,5000,1,historical_density,south_of_60n,equal_cell,85332,0.299123067027461,13.554976915118292,21.97228648768523,60.0
2010,whole_blocks,1,5000,1,historical_density,south_of_60n,spherical_cell_area,85332,0.6581888002304374,13.198772130118652,21.497385951418984,60.0
2010,whole_blocks,1,5000,1,historical_density,60_to_90n,equal_cell,8700,-24.19800412547824,48.53025476108932,75.95878604388574,60.0
2010,whole_blocks,1,5000,1,historical_density,60_to_90n,spherical_cell_area,8700,-21.83650189210277,46.7808329725264,77.71696266825496,60.0
2010,whole_blocks,1,5000,2,random,global,equal_cell,94032,0.1957946327727643,12.609820574687497,22.438132164419017,60.0
2010,whole_blocks,1,5000,2,random,global,spherical_cell_area,94032,0.3913280245584863,11.979742062938014,20.61164013178624,60.0
2010,whole_blocks,1,5000,2,random,south_of_60n,equal_cell,85332,-0.0430354423181693,11.72103273810256,19.79294689204397,60.0
2010,whole_blocks,1,5000,2,random,south_of_60n,spherical_cell_area,85332,0.2771387975702417,11.601559685009798,19.52837915280436,60.0
2010,whole_blocks,1,5000,2,random,60_to_90n,equal_cell,8700,2.538305893423287,21.327296858764,39.98928283220095,60.0
2010,whole_blocks,1,5000,2,random,60_to_90n,spherical_cell_area,8700,4.052434769020338,24.10493189903461,42.649180216424064,60.0
2010,whole_blocks,1,5000,2,historical_density,global,equal_cell,94032,-1.822458965395779,16.55716730766291,31.57949038543033,60.0
2010,whole_blocks,1,5000,2,historical_density,global,spherical_cell_area,94032,0.0142411341166397,14.26847921407406,26.099254024317315,60.0
2010,whole_blocks,1,5000,2,historical_density,south_of_60n,equal_cell,85332,0.4186911196527154,13.746550030849916,23.318297399669536,60.0
2010,whole_blocks,1,5000,2,historical_density,south_of_60n,spherical_cell_area,85332,0.7519438919615108,13.349029219252824,22.669796405374548,60.0
2010,whole_blocks,1,5000,2,historical_density,60_to_90n,equal_cell,8700,-23.80427724785073,44.124476901341815,73.79380354761612,60.0
2010,whole_blocks,1,5000,2,historical_density,60_to_90n,spherical_cell_area,8700,-23.637802174942717,43.747657469497184,77.74023281273071,60.0
2010,whole_blocks,1,5000,3,random,global,equal_cell,94032,0.8266653316820477,12.109670979145964,21.179752531143,60.0
2010,whole_blocks,1,5000,3,random,global,spherical_cell_area,94032,0.9768072949410084,11.43986113108154,19.13257906375457,60.0
2010,whole_blocks,1,5000,3,random,south_of_60n,equal_cell,85332,0.663330901229773,11.2646485913521,18.344468010924693,60.0
2010,whole_blocks,1,5000,3,random,south_of_60n,spherical_cell_area,85332,0.912487677351576,11.114044192869926,18.001709519358652,60.0
2010,whole_blocks,1,5000,3,random,60_to_90n,equal_cell,8700,2.428694483331875,20.39788366825236,39.34108482191611,60.0
2010,whole_blocks,1,5000,3,random,60_to_90n,spherical_cell_area,8700,3.039006960957821,21.88612319457062,41.38185562059453,60.0
2010,whole_blocks,1,5000,3,historical_density,global,equal_cell,94032,-2.35346332668263,15.832138775186657,30.00439718884253,60.0
2010,whole_blocks,1,5000,3,historical_density,global,spherical_cell_area,94032,-0.4211589163586853,13.448102073309226,23.43813639545353,60.0
2010,whole_blocks,1,5000,3,historical_density,south_of_60n,equal_cell,85332,0.192931828500656,12.707008273821913,18.72670641921728,60.0
2010,whole_blocks,1,5000,3,historical_density,south_of_60n,spherical_cell_area,85332,0.3718698562899268,12.40611712181905,18.438399159251063,60.0
2010,whole_blocks,1,5000,3,historical_density,60_to_90n,equal_cell,8700,-27.32920946255621,46.484280837537966,79.31355723950803,60.0
2010,whole_blocks,1,5000,3,historical_density,60_to_90n,spherical_cell_area,8700,-25.847051224001977,46.85596579342312,85.2183610132473,60.0
2010,whole_blocks,1,5000,4,random,global,equal_cell,94032,0.719008403503465,11.94374763437733,20.868174690950465,60.0
2010,whole_blocks,1,5000,4,random,global,spherical_cell_area,94032,1.2593603105113056,11.28107934525968,19.057740154234303,60.0
2010,whole_blocks,1,5000,4,random,south_of_60n,equal_cell,85332,1.119480535200865,11.144128021127726,18.0734879714869,60.0
2010,whole_blocks,1,5000,4,random,south_of_60n,spherical_cell_area,85332,1.398711820365185,10.944183464217677,17.887479350714592,60.0
2010,whole_blocks,1,5000,4,random,60_to_90n,equal_cell,8700,-3.20893273925545,19.78663738585035,38.76742060263066,60.0
2010,whole_blocks,1,5000,4,random,60_to_90n,spherical_cell_area,8700,-3.2084933218589624,22.082551732766603,41.8258857536003,60.0
2010,whole_blocks,1,5000,4,historical_density,global,equal_cell,94032,-2.3878292940666648,16.833014988108747,31.262239610335502,60.0
2010,whole_blocks,1,5000,4,historical_density,global,spherical_cell_area,94032,0.1468242004932838,14.072682942051474,24.080953262603067,60.0
2010,whole_blocks,1,5000,4,historical_density,south_of_60n,equal_cell,85332,0.9724576039351092,13.243661637755144,19.384068867902624,60.0
2010,whole_blocks,1,5000,4,historical_density,south_of_60n,spherical_cell_area,85332,1.1530506316725255,12.98533298610406,19.101253244983592,60.0
2010,whole_blocks,1,5000,4,historical_density,60_to_90n,equal_cell,8700,-35.34645016536406,52.03838281481833,82.93276891518774,60.0
2010,whole_blocks,1,5000,4,historical_density,60_to_90n,spherical_cell_area,8700,-32.11455868832645,48.93502821144536,86.45387873383451,60.0
2010,whole_blocks,1,5000,5,random,global,equal_cell,94032,0.6958066917566507,12.142732524668707,21.80548669214174,60.0
2010,whole_blocks,1,5000,5,random,global,spherical_cell_area,94032,1.0437392087021915,11.62081724077354,19.981577342607377,60.0
2010,whole_blocks,1,5000,5,random,south_of_60n,equal_cell,85332,0.8691070888875646,11.38191615974894,19.09560281930295,60.0
2010,whole_blocks,1,5000,5,random,south_of_60n,spherical_cell_area,85332,1.125145325454849,11.289906360370091,18.838428773579764,60.0
2010,whole_blocks,1,5000,5,random,60_to_90n,equal_cell,8700,-1.00397141030946,19.60502931217833,39.52974969817458,60.0
2010,whole_blocks,1,5000,5,random,60_to_90n,spherical_cell_area,8700,-1.5662835661632928,22.230400018539257,42.68569938703563,60.0
2010,whole_blocks,1,5000,5,historical_density,global,equal_cell,94032,-1.9035412653477295,16.24669219949488,29.818725979541085,60.0
2010,whole_blocks,1,5000,5,historical_density,global,spherical_cell_area,94032,-0.4690286564367635,13.782666428705111,24.07887313781801,60.0
2010,whole_blocks,1,5000,5,historical_density,south_of_60n,equal_cell,85332,-0.1592808485430786,13.149523473895398,20.817181464880942,60.0
2010,whole_blocks,1,5000,5,historical_density,south_of_60n,spherical_cell_area,85332,0.1033256277027308,12.78827730697584,20.325854085374445,60.0
2010,whole_blocks,1,5000,5,historical_density,60_to_90n,equal_cell,8700,-19.01172860865514,46.62457745154722,73.21053231867671,60.0
2010,whole_blocks,1,5000,5,historical_density,60_to_90n,spherical_cell_area,8700,-18.819710109954794,45.66452443057517,76.96064256969106,60.0
2010,whole_blocks,1,5000,6,random,global,equal_cell,94032,3.7186573771118834,14.027766059173858,30.22913964958836,60.0
2010,whole_blocks,1,5000,6,random,global,spherical_cell_area,94032,3.870834477881004,13.09883763078275,25.608699226904417,60.0
2010,whole_blocks,1,5000,6,random,south_of_60n,equal_cell,85332,3.149203462264048,12.685369000894667,21.879048683432583,60.0
2010,whole_blocks,1,5000,6,random,south_of_60n,spherical_cell_area,85332,3.594079000578442,12.52738655750951,21.89694185047093,60.0
2010,whole_blocks,1,5000,6,random,60_to_90n,equal_cell,8700,9.30401846467459,27.19436672320605,71.98236786026393,60.0
2010,whole_blocks,1,5000,6,random,60_to_90n,spherical_cell_area,8700,12.744100119862054,31.420560560967655,79.43069628736586,60.0
2010,whole_blocks,1,5000,6,historical_density,global,equal_cell,94032,-2.669337706681876,16.437247809503962,30.109380581082487,60.0
2010,whole_blocks,1,5000,6,historical_density,global,spherical_cell_area,94032,-0.4946399380146057,13.806976248750638,23.61714154345211,60.0
2010,whole_blocks,1,5000,6,historical_density,south_of_60n,equal_cell,85332,-0.0838726959278587,13.020012240993225,19.53534822130125,60.0
2010,whole_blocks,1,5000,6,historical_density,south_of_60n,spherical_cell_area,85332,0.3021207633700809,12.766633613564585,19.28706683702013,60.0
2010,whole_blocks,1,5000,6,historical_density,60_to_90n,equal_cell,8700,-28.028291763884376,49.95443695113129,77.81632133333184,60.0
2010,whole_blocks,1,5000,6,historical_density,60_to_90n,spherical_cell_area,8700,-26.040184421487925,47.1621844298426,80.71029274212627,60.0
2010,whole_blocks,1,5000,7,random,global,equal_cell,94032,0.5920743696344388,11.518286221686626,19.94930256574693,60.0
2010,whole_blocks,1,5000,7,random,global,spherical_cell_area,94032,1.074966464000659,10.930908066409636,18.06785666647552,60.0
2010,whole_blocks,1,5000,7,random,south_of_60n,equal_cell,85332,0.8347104678179152,10.713837477054136,17.038219950040748,60.0
2010,whole_blocks,1,5000,7,random,south_of_60n,spherical_cell_area,85332,1.1491259175901094,10.57937086176074,16.8583623603256,60.0
2010,whole_blocks,1,5000,7,random,60_to_90n,equal_cell,8700,-1.7877674154451486,19.408541425937145,38.132248255352046,60.0
2010,whole_blocks,1,5000,7,random,60_to_90n,spherical_cell_area,8700,-1.3027155894026192,22.201806949032225,40.9979765444139,60.0
2010,whole_blocks,1,5000,7,historical_density,global,equal_cell,94032,-3.110088649571675,16.805353462112148,33.952808535933634,60.0
2010,whole_blocks,1,5000,7,historical_density,global,spherical_cell_area,94032,-1.021010871967202,14.239441855943252,27.01187560196302,60.0
2010,whole_blocks,1,5000,7,historical_density,south_of_60n,equal_cell,85332,-0.4536372369326304,13.407378419431344,22.520799260498517,60.0
2010,whole_blocks,1,5000,7,historical_density,south_of_60n,spherical_cell_area,85332,-0.1572905177366318,13.085093729292453,22.00246401762801,60.0
2010,whole_blocks,1,5000,7,historical_density,60_to_90n,equal_cell,8700,-29.165296918918223,50.13363005315102,86.5163734804258,60.0
2010,whole_blocks,1,5000,7,historical_density,60_to_90n,spherical_cell_area,8700,-28.713399178686,51.24986589860021,92.74621148594233,60.0
2010,whole_blocks,1,5000,8,random,global,equal_cell,94032,0.8715748963328817,12.79985669668237,22.927792785222792,60.0
2010,whole_blocks,1,5000,8,random,global,spherical_cell_area,94032,1.419190021401498,12.156004930798929,21.07832018881085,60.0
2010,whole_blocks,1,5000,8,random,south_of_60n,equal_cell,85332,0.9850670639509505,11.950554716103914,20.28992689469536,60.0
2010,whole_blocks,1,5000,8,random,south_of_60n,spherical_cell_area,85332,1.425753699042689,11.797833630269686,19.98147896369586,60.0
2010,whole_blocks,1,5000,8,random,60_to_90n,equal_cell,8700,-0.24158759184931,21.130044812397426,40.54444632435172,60.0
2010,whole_blocks,1,5000,8,random,60_to_90n,spherical_cell_area,8700,1.208747012770629,23.63960455421409,43.45378291576481,60.0
2010,whole_blocks,1,5000,8,historical_density,global,equal_cell,94032,-2.8778624357612004,16.889767225529653,31.291906200033758,60.0
2010,whole_blocks,1,5000,8,historical_density,global,spherical_cell_area,94032,-0.2962381108471313,13.839905407316238,23.905682668180116,60.0
2010,whole_blocks,1,5000,8,historical_density,south_of_60n,equal_cell,85332,0.4265890579532594,13.090802462857273,19.758578147850045,60.0
2010,whole_blocks,1,5000,8,historical_density,south_of_60n,spherical_cell_area,85332,0.6120856587500726,12.724643811647637,19.32434046890345,60.0
2010,whole_blocks,1,5000,8,historical_density,60_to_90n,equal_cell,8700,-35.28883425893847,54.151061608099695,82.18345032634099,60.0
2010,whole_blocks,1,5000,8,historical_density,60_to_90n,spherical_cell_area,8700,-29.418690085845487,49.59714676391059,83.19471615452125,60.0
2010,whole_blocks,1,5000,9,random,global,equal_cell,94032,1.0701962685604836,12.577023373802806,22.439752102286835,60.0
2010,whole_blocks,1,5000,9,random,global,spherical_cell_area,94032,1.5260562820686263,11.94728288904676,20.60494780697785,60.0
2010,whole_blocks,1,5000,9,random,south_of_60n,equal_cell,85332,1.0787225624307242,11.874075807754368,20.08797985220684,60.0
2010,whole_blocks,1,5000,9,random,south_of_60n,spherical_cell_area,85332,1.5098824976766854,11.633271257234451,19.595929273082543,60.0
2010,whole_blocks,1,5000,9,random,60_to_90n,equal_cell,8700,0.986568026200094,19.47172701817585,38.52950142352093,60.0
2010,whole_blocks,1,5000,9,random,60_to_90n,spherical_cell_area,8700,2.044616155732545,22.015046139478915,41.53430549306899,60.0
2010,whole_blocks,1,5000,9,historical_density,global,equal_cell,94032,-2.277883517307646,16.578592822307847,30.570979796465583,60.0
2010,whole_blocks,1,5000,9,historical_density,global,spherical_cell_area,94032,-0.1207478680045906,14.05778332349617,24.450685898035623,60.0
2010,whole_blocks,1,5000,9,historical_density,south_of_60n,equal_cell,85332,0.3028706739577568,13.329095241827652,20.986559475884693,60.0
2010,whole_blocks,1,5000,9,historical_density,south_of_60n,spherical_cell_area,85332,0.6347420888599036,13.053124659996044,20.646001792828937,60.0
2010,whole_blocks,1,5000,9,historical_density,60_to_90n,equal_cell,8700,-27.59063255742941,48.45056150478326,76.03509558833689,60.0
2010,whole_blocks,1,5000,9,historical_density,60_to_90n,spherical_cell_area,8700,-24.343079951350244,46.26890083286498,78.09576361623725,60.0
2010,whole_blocks,1,5000,10,random,global,equal_cell,94032,0.818203954832305,12.135629466398951,20.664236273118163,60.0
2010,whole_blocks,1,5000,10,random,global,spherical_cell_area,94032,0.8591687707171427,11.658153756162411,18.867625554141696,60.0
2010,whole_blocks,1,5000,10,random,south_of_60n,equal_cell,85332,0.3731022219414259,11.394206739695305,17.89499409907616,60.0
2010,whole_blocks,1,5000,10,random,south_of_60n,spherical_cell_area,85332,0.6856810292321062,11.335278567642131,17.738609430814837,60.0
2010,whole_blocks,1,5000,10,random,60_to_90n,equal_cell,8700,5.183884537710982,19.40770810031572,38.39709437053901,60.0
2010,whole_blocks,1,5000,10,random,60_to_90n,spherical_cell_area,8700,6.421489816096569,22.01009816885794,41.00083429853648,60.0
2010,whole_blocks,1,5000,10,historical_density,global,equal_cell,94032,-2.15772999728359,16.242284723305854,29.687493697884744,60.0
2010,whole_blocks,1,5000,10,historical_density,global,spherical_cell_area,94032,-0.2738370531139434,13.428777683402457,23.195037830838544,60.0
2010,whole_blocks,1,5000,10,historical_density,south_of_60n,equal_cell,85332,0.1718038811623779,12.787355429260051,19.631521672545706,60.0
2010,whole_blocks,1,5000,10,historical_density,south_of_60n,spherical_cell_area,85332,0.3871976562675799,12.414670193774633,19.22162230168341,60.0
2010,whole_blocks,1,5000,10,historical_density,60_to_90n,equal_cell,8700,-25.006440907117074,50.12918432325026,75.80084407306448,60.0
2010,whole_blocks,1,5000,10,historical_density,60_to_90n,spherical_cell_area,8700,-21.467768360567508,45.942841118369934,77.08220297384581,60.0
2010,whole_blocks,1,5000,11,random,global,equal_cell,94032,0.4263808922823306,11.983223878629472,21.73343570493576,60.0
2010,whole_blocks,1,5000,11,random,global,spherical_cell_area,94032,0.8454849576238449,11.49620438668471,20.117877002111385,60.0
2010,whole_blocks,1,5000,11,random,south_of_60n,equal_cell,85332,0.5087740024612573,11.348276726582524,19.54551051639394,60.0
2010,whole_blocks,1,5000,11,random,south_of_60n,spherical_cell_area,85332,0.8767329505414296,11.212882384365058,19.20053583731658,60.0
2010,whole_blocks,1,5000,11,random,60_to_90n,equal_cell,8700,-0.3817534614864241,18.21096070374099,36.85348120277222,60.0
2010,whole_blocks,1,5000,11,random,60_to_90n,spherical_cell_area,8700,-0.1563804603217964,20.5800043291582,39.51132810258856,60.0
2010,whole_blocks,1,5000,11,historical_density,global,equal_cell,94032,-3.0355124565125817,16.805432976975826,32.20773330457757,60.0
2010,whole_blocks,1,5000,11,historical_density,global,spherical_cell_area,94032,-1.181234276222508,14.369137125211964,26.20997853705192,60.0
2010,whole_blocks,1,5000,11,historical_density,south_of_60n,equal_cell,85332,-0.9143983986987014,13.798249424095076,23.361828714482147,60.0
2010,whole_blocks,1,5000,11,historical_density,south_of_60n,spherical_cell_area,85332,-0.5061201949397002,13.408983383713217,22.76016203509443,60.0
2010,whole_blocks,1,5000,11,historical_density,60_to_90n,equal_cell,8700,-23.83998427046362,46.30071883150686,76.54230216788669,60.0
2010,whole_blocks,1,5000,11,historical_density,60_to_90n,spherical_cell_area,8700,-22.826574922237263,45.15334883621004,78.12433234240092,60.0
2010,whole_blocks,1,5000,12,random,global,equal_cell,94032,1.5639338091010433,12.310263810651858,21.29188535906374,60.0
2010,whole_blocks,1,5000,12,random,global,spherical_cell_area,94032,1.6710627420650754,11.64332474261123,19.13153945664962,60.0
2010,whole_blocks,1,5000,12,random,south_of_60n,equal_cell,85332,1.3390340258278677,11.42928893473224,18.025363578576165,60.0
2010,whole_blocks,1,5000,12,random,south_of_60n,spherical_cell_area,85332,1.576002827142765,11.286971361921363,17.813322690873306,60.0
2010,whole_blocks,1,5000,12,random,60_to_90n,equal_cell,8700,3.769812924763876,20.95110842122342,41.388737918957695,60.0
2010,whole_blocks,1,5000,12,random,60_to_90n,spherical_cell_area,8700,4.718850215798187,23.06863866990267,43.90291573397741,60.0
2010,whole_blocks,1,5000,12,historical_density,global,equal_cell,94032,-2.6004789199145977,16.31511988142939,30.08776143001653,60.0
2010,whole_blocks,1,5000,12,historical_density,global,spherical_cell_area,94032,-0.4520425446897571,13.67138888077574,23.57423265723689,60.0
2010,whole_blocks,1,5000,12,historical_density,south_of_60n,equal_cell,85332,0.2151502703387827,12.93527348657145,19.5329175051274,60.0
2010,whole_blocks,1,5000,12,historical_density,south_of_60n,spherical_cell_area,85332,0.356453335670162,12.654726473158274,19.29024676641834,60.0
2010,whole_blocks,1,5000,12,historical_density,60_to_90n,equal_cell,8700,-30.216946743213608,49.465585693615374,77.73188076579588,60.0
2010,whole_blocks,1,5000,12,historical_density,60_to_90n,spherical_cell_area,8700,-26.373837433099386,46.26736746422214,80.26998521944097,60.0
2010,whole_blocks,1,5000,13,random,global,equal_cell,94032,0.7995216176104397,12.49784374535506,23.681543249714974,60.0
2010,whole_blocks,1,5000,13,random,global,spherical_cell_area,94032,1.041672363854021,11.867672077406302,21.745088754112068,60.0
2010,whole_blocks,1,5000,13,random,south_of_60n,equal_cell,85332,0.5365544221695537,11.726957891141309,21.11634343401362,60.0
2010,whole_blocks,1,5000,13,random,south_of_60n,spherical_cell_area,85332,0.9414811016975592,11.53635379387623,20.68211447557696,60.0
2010,whole_blocks,1,5000,13,random,60_to_90n,equal_cell,8700,3.3787764131692555,20.058904861650227,41.084531350443946,60.0
2010,whole_blocks,1,5000,13,random,60_to_90n,spherical_cell_area,8700,4.253979823076327,22.49031691342344,43.80414010666335,60.0
2010,whole_blocks,1,5000,13,historical_density,global,equal_cell,94032,-2.848747629727732,16.680059501280542,32.366449392295344,60.0
2010,whole_blocks,1,5000,13,historical_density,global,spherical_cell_area,94032,-1.127284163153981,14.236269409104205,26.577045999819305,60.0
2010,whole_blocks,1,5000,13,historical_density,south_of_60n,equal_cell,85332,-0.6745972491815813,13.688129279482055,23.54087737042039,60.0
2010,whole_blocks,1,5000,13,historical_density,south_of_60n,spherical_cell_area,85332,-0.4288936400923443,13.23595538662352,22.842106637422923,60.0
2010,whole_blocks,1,5000,13,historical_density,60_to_90n,equal_cell,8700,-24.1734143277466,46.02573647674124,76.72762888809916,60.0
2010,whole_blocks,1,5000,13,historical_density,60_to_90n,spherical_cell_area,8700,-23.5189083267226,46.30809011300308,81.38930363239477,60.0
2010,whole_blocks,1,5000,14,random,global,equal_cell,94032,2.223584968633562,13.450994162424372,28.26458705966748,60.0
2010,whole_blocks,1,5000,14,random,global,spherical_cell_area,94032,1.5831586991122557,12.142085469494914,22.66129568102057,60.0
2010,whole_blocks,1,5000,14,random,south_of_60n,equal_cell,85332,0.6383724969721994,11.583064796576844,18.94967005612972,60.0
2010,whole_blocks,1,5000,14,random,south_of_60n,spherical_cell_area,85332,0.9664097319191594,11.355088631330954,18.530131844065533,60.0
2010,whole_blocks,1,5000,14,random,60_to_90n,equal_cell,8700,17.771786190680388,31.772160673516485,71.50200043994457,60.0
2010,whole_blocks,1,5000,14,random,60_to_90n,spherical_cell_area,8700,21.35721149713128,37.37458338603511,77.26212406695063,60.0
2010,whole_blocks,1,5000,14,historical_density,global,equal_cell,94032,-3.3186940395406275,16.962328865069274,34.35750555693754,60.0
2010,whole_blocks,1,5000,14,historical_density,global,spherical_cell_area,94032,-1.1477078491831794,14.50178201426677,27.86427091329824,60.0
2010,whole_blocks,1,5000,14,historical_density,south_of_60n,equal_cell,85332,-0.3799829318536434,13.728630810856888,23.82594505931661,60.0
2010,whole_blocks,1,5000,14,historical_density,south_of_60n,spherical_cell_area,85332,-0.1846003443676448,13.434272838332904,23.347600995465687,60.0
2010,whole_blocks,1,5000,14,historical_density,60_to_90n,equal_cell,8700,-32.14238326266082,48.67933143542001,84.79730020174263,60.0
2010,whole_blocks,1,5000,14,historical_density,60_to_90n,spherical_cell_area,8700,-32.02662238886193,48.72799710361771,90.5125918818164,60.0
2010,whole_blocks,1,5000,15,random,global,equal_cell,94032,0.0939877250692188,12.27299646408694,22.86295659864431,60.0
2010,whole_blocks,1,5000,15,random,global,spherical_cell_area,94032,0.4261698615538832,11.716846630671732,21.211389115648075,60.0
2010,whole_blocks,1,5000,15,random,south_of_60n,equal_cell,85332,0.15919983098491,11.631534358882202,20.757868063386905,60.0
2010,whole_blocks,1,5000,15,random,south_of_60n,spherical_cell_area,85332,0.4648191241610425,11.447088950246716,20.31972648813335,60.0
2010,whole_blocks,1,5000,15,random,60_to_90n,equal_cell,8700,-0.5456305992983385,18.564633746998517,37.72753053948674,60.0
2010,whole_blocks,1,5000,15,random,60_to_90n,spherical_cell_area,8700,-0.812993234051582,20.365750640470097,40.46264489149719,60.0
2010,whole_blocks,1,5000,15,historical_density,global,equal_cell,94032,-2.2921744332783924,16.781630676657894,30.60332999801633,60.0
2010,whole_blocks,1,5000,15,historical_density,global,spherical_cell_area,94032,0.0505063101354184,13.822145465480231,23.742103727038906,60.0
2010,whole_blocks,1,5000,15,historical_density,south_of_60n,equal_cell,85332,0.5437804939689319,13.049314582848195,19.97310192802964,60.0
2010,whole_blocks,1,5000,15,historical_density,south_of_60n,spherical_cell_area,85332,0.8524163285977888,12.71335190976738,19.570973348461244,60.0
2010,whole_blocks,1,5000,15,historical_density,60_to_90n,equal_cell,8700,-30.108002692113875,53.38921652918303,78.80276324697692,60.0
2010,whole_blocks,1,5000,15,historical_density,60_to_90n,spherical_cell_area,8700,-25.660134303504563,49.372010125252864,79.72520128985224,60.0
2010,whole_blocks,1,5000,16,random,global,equal_cell,94032,2.216071939890362,12.676087480310816,25.430377685522966,60.0
2010,whole_blocks,1,5000,16,random,global,spherical_cell_area,94032,2.0033720680983897,11.606224473299909,20.78494018218896,60.0
2010,whole_blocks,1,5000,16,random,south_of_60n,equal_cell,85332,1.347960401615215,11.103289393329415,17.899725963764492,60.0
2010,whole_blocks,1,5000,16,random,south_of_60n,spherical_cell_area,85332,1.6573287957596012,10.991122789936965,17.710048362415645,60.0
2010,whole_blocks,1,5000,16,random,60_to_90n,equal_cell,8700,10.730749386338044,28.102524992758703,62.02566378552218,60.0
2010,whole_blocks,1,5000,16,random,60_to_90n,spherical_cell_area,8700,13.098125852232611,31.32746246470628,65.01612782051596,60.0
2010,whole_blocks,1,5000,16,historical_density,global,equal_cell,94032,-1.325728577902298,15.662101449625748,31.010475404322648,60.0
2010,whole_blocks,1,5000,16,historical_density,global,spherical_cell_area,94032,0.2288617518126066,13.441012778816273,24.250797996609837,60.0
2010,whole_blocks,1,5000,16,historical_density,south_of_60n,equal_cell,85332,0.7866065974570791,12.698048353535036,19.395573716311628,60.0
2010,whole_blocks,1,5000,16,historical_density,south_of_60n,spherical_cell_area,85332,1.031253385773578,12.42217702188599,19.073171658820925,60.0
2010,whole_blocks,1,5000,16,historical_density,60_to_90n,equal_cell,8700,-22.04409469097889,44.73435188590305,81.87805304828584,60.0
2010,whole_blocks,1,5000,16,historical_density,60_to_90n,spherical_cell_area,8700,-25.49722029878837,46.10667275022799,88.20455600216523,60.0
2010,whole_blocks,1,5000,17,random,global,equal_cell,94032,1.8214420308340376,12.91306624395494,23.723141085017,60.0
2010,whole_blocks,1,5000,17,random,global,spherical_cell_area,94032,1.6682898064944909,11.895395013533845,20.280504023518407,60.0
2010,whole_blocks,1,5000,17,random,south_of_60n,equal_cell,85332,0.9394323552757354,11.52496836537308,18.29222954738041,60.0
2010,whole_blocks,1,5000,17,random,south_of_60n,spherical_cell_area,85332,1.3438306163839877,11.353404987939747,18.031921517789645,60.0
2010,whole_blocks,1,5000,17,random,60_to_90n,equal_cell,8700,10.472436241723814,26.527913160638523,52.92312427239992,60.0
2010,whole_blocks,1,5000,17,random,60_to_90n,spherical_cell_area,8700,12.071020086282465,29.27254512190502,56.33272175491922,60.0
2010,whole_blocks,1,5000,17,historical_density,global,equal_cell,94032,-1.643299253634822,15.647716298485262,29.565996922860187,60.0
2010,whole_blocks,1,5000,17,historical_density,global,spherical_cell_area,94032,0.1693611346471813,13.316142742371808,23.23288434175848,60.0
2010,whole_blocks,1,5000,17,historical_density,south_of_60n,equal_cell,85332,0.8010034545048919,12.5701347413071,18.675327840804577,60.0
2010,whole_blocks,1,5000,17,historical_density,south_of_60n,spherical_cell_area,85332,0.9133711641548552,12.277287788995464,18.41651832089485,60.0
2010,whole_blocks,1,5000,17,historical_density,60_to_90n,equal_cell,8700,-25.617694505471377,45.833485199304455,77.6351925930964,60.0
2010,whole_blocks,1,5000,17,historical_density,60_to_90n,spherical_cell_area,8700,-23.684904358000622,46.62365323734407,83.49440087586972,60.0
2010,whole_blocks,1,5000,18,random,global,equal_cell,94032,0.8446402301023433,11.790737992319562,21.15299053099299,60.0
2010,whole_blocks,1,5000,18,random,global,spherical_cell_area,94032,1.0495960978687884,11.071331765042531,18.678728582078737,60.0
2010,whole_blocks,1,5000,18,random,south_of_60n,equal_cell,85332,0.7265488222624126,10.884454695207836,17.41233497464778,60.0
2010,whole_blocks,1,5000,18,random,south_of_60n,spherical_cell_area,85332,1.009326463637663,10.704474410921492,17.179010468319007,60.0
2010,whole_blocks,1,5000,18,random,60_to_90n,equal_cell,8700,2.0029133351364776,20.67981457957677,43.155381500703065,60.0
2010,whole_blocks,1,5000,18,random,60_to_90n,spherical_cell_area,8700,2.3407111475902647,22.83342148972584,45.53090998995507,60.0
2010,whole_blocks,1,5000,18,historical_density,global,equal_cell,94032,-2.3197971833168523,16.52182378795841,32.250903538729084,60.0
2010,whole_blocks,1,5000,18,historical_density,global,spherical_cell_area,94032,-0.7073730414304241,14.14266287199663,26.37472188762109,60.0
2010,whole_blocks,1,5000,18,historical_density,south_of_60n,equal_cell,85332,-0.1820086951746485,13.45399729080338,22.89636933963981,60.0
2010,whole_blocks,1,5000,18,historical_density,south_of_60n,spherical_cell_area,85332,0.0077739177136189,13.130302417477075,22.38537260350086,60.0
2010,whole_blocks,1,5000,18,historical_density,60_to_90n,equal_cell,8700,-23.28781640977094,46.61191236901969,78.10240199649726,60.0
2010,whole_blocks,1,5000,18,historical_density,60_to_90n,spherical_cell_area,8700,-23.636237913010486,46.60071329955182,83.26050487104273,60.0
2010,whole_blocks,1,5000,19,random,global,equal_cell,94032,0.7128370047631992,12.492441104068028,23.89965914812748,60.0
2010,whole_blocks,1,5000,19,random,global,spherical_cell_area,94032,0.8925525788725872,11.700136396954653,21.419975053180057,60.0
2010,whole_blocks,1,5000,19,random,south_of_60n,equal_cell,85332,0.4771353307287437,11.436892604051035,20.415172419885533,60.0
2010,whole_blocks,1,5000,19,random,south_of_60n,spherical_cell_area,85332,0.7873495971332298,11.25620428793882,19.954976760090087,60.0
2010,whole_blocks,1,5000,19,random,60_to_90n,equal_cell,8700,3.0246640448445965,22.845551978027803,45.66982763446272,60.0
2010,whole_blocks,1,5000,19,random,60_to_90n,spherical_cell_area,8700,4.265544551426258,25.93337784422665,49.012385153512895,60.0
2010,whole_blocks,1,5000,19,historical_density,global,equal_cell,94032,-1.7180896946010973,16.229879414124667,31.076396061269808,60.0
2010,whole_blocks,1,5000,19,historical_density,global,spherical_cell_area,94032,-0.0219917432664666,13.821967645207124,24.322091970937414,60.0
2010,whole_blocks,1,5000,19,historical_density,south_of_60n,equal_cell,85332,0.6788783494140846,13.115429686576746,19.66634003087446,60.0
2010,whole_blocks,1,5000,19,historical_density,south_of_60n,spherical_cell_area,85332,0.7845244620207296,12.778131703817554,19.25586563865736,60.0
2010,whole_blocks,1,5000,19,historical_density,60_to_90n,equal_cell,8700,-25.228213502865867,46.7772615004602,81.51388260200184,60.0
2010,whole_blocks,1,5000,19,historical_density,60_to_90n,spherical_cell_area,8700,-25.88031477928029,47.28917734552717,87.5786681724312,60.0
2010,whole_blocks,2,5000,0,random,global,equal_cell,97752,0.7791560687125981,13.337614816352866,34.03151085751822,60.0
2010,whole_blocks,2,5000,0,random,global,spherical_cell_area,97752,1.0995011831815664,12.476804854259772,29.71465077889244,60.0
2010,whole_blocks,2,5000,0,random,south_of_60n,equal_cell,85920,0.9338026055209172,12.349240554834717,27.08524720306604,60.0
2010,whole_blocks,2,5000,0,random,south_of_60n,spherical_cell_area,85920,1.1673101081549748,12.065672089623549,26.66747544172337,60.0
2010,whole_blocks,2,5000,0,random,60_to_90n,equal_cell,11832,-0.3438350099360467,20.51485590405059,65.12265556274494,60.0
2010,whole_blocks,2,5000,0,random,60_to_90n,spherical_cell_area,11832,-0.3729284237183094,21.404303045012277,67.923694323357,60.0
2010,whole_blocks,2,5000,0,historical_density,global,equal_cell,97752,-5.430258822028347,19.196506029779243,42.10967764083888,60.0
2010,whole_blocks,2,5000,0,historical_density,global,spherical_cell_area,97752,-1.5060717332947793,15.697773068512266,34.447985868526686,60.0
2010,whole_blocks,2,5000,0,historical_density,south_of_60n,equal_cell,85920,-1.078424259404283,14.709112742743008,30.78358422551749,60.0
2010,whole_blocks,2,5000,0,historical_density,south_of_60n,spherical_cell_area,85920,-0.1527033017121245,14.30934791015775,29.945528461996304,60.0
2010,whole_blocks,2,5000,0,historical_density,60_to_90n,equal_cell,11832,-37.03181609219903,51.78244511211135,88.13866539762431,60.0
2010,whole_blocks,2,5000,0,historical_density,60_to_90n,spherical_cell_area,11832,-30.89364495448091,45.84658181201538,86.50027178024254,60.0
2010,whole_blocks,2,5000,1,random,global,equal_cell,97752,-0.461379710750172,12.988472635476027,34.31827128030216,60.0
2010,whole_blocks,2,5000,1,random,global,spherical_cell_area,97752,0.1426394916025979,12.193092570708416,29.7694376360672,60.0
2010,whole_blocks,2,5000,1,random,south_of_60n,equal_cell,85920,0.0136576103982932,12.13091634322112,27.146314776578706,60.0
2010,whole_blocks,2,5000,1,random,south_of_60n,spherical_cell_area,85920,0.3442186604986845,11.816632256124366,26.58915195207217,60.0
2010,whole_blocks,2,5000,1,random,60_to_90n,equal_cell,11832,-3.9109407852157,19.21575767862525,66.17280308005678,60.0
2010,whole_blocks,2,5000,1,random,60_to_90n,spherical_cell_area,11832,-4.234529686839112,20.367699574635648,69.12473713119775,60.0
2010,whole_blocks,2,5000,1,historical_density,global,equal_cell,97752,-5.561352969423901,19.232981942788754,42.92829445773605,60.0
2010,whole_blocks,2,5000,1,historical_density,global,spherical_cell_area,97752,-2.359513002254628,15.8819023341019,35.352891455964574,60.0
2010,whole_blocks,2,5000,1,historical_density,south_of_60n,equal_cell,85920,-2.599673552981025,15.04555016389976,32.12574156351441,60.0
2010,whole_blocks,2,5000,1,historical_density,south_of_60n,spherical_cell_area,85920,-1.4773373729766364,14.579420177621673,31.046629673268946,60.0
2010,whole_blocks,2,5000,1,historical_density,60_to_90n,equal_cell,11832,-27.068071652721045,49.6407015541936,87.92277819112027,60.0
2010,whole_blocks,2,5000,1,historical_density,60_to_90n,spherical_cell_area,11832,-21.515420805598136,44.164511008585,86.36378837993378,60.0
2010,whole_blocks,2,5000,2,random,global,equal_cell,97752,-1.212396032639064,12.737649821261376,34.38166363596272,60.0
2010,whole_blocks,2,5000,2,random,global,spherical_cell_area,97752,-0.7388447301922394,11.893024939177042,29.85409006319492,60.0
2010,whole_blocks,2,5000,2,random,south_of_60n,equal_cell,85920,-0.956801108098403,11.70626529968999,27.21025121574758,60.0
2010,whole_blocks,2,5000,2,random,south_of_60n,spherical_cell_area,85920,-0.6069616705446506,11.438394474135473,26.671895074330244,60.0
2010,whole_blocks,2,5000,2,random,60_to_90n,equal_cell,11832,-3.06844031226496,20.227216935309155,66.25392741258898,60.0
2010,whole_blocks,2,5000,2,random,60_to_90n,spherical_cell_area,11832,-3.602605241803428,21.76504926618687,69.26167836549254,60.0
2010,whole_blocks,2,5000,2,historical_density,global,equal_cell,97752,-4.252930903133861,18.067396843310288,41.46228516470602,60.0
2010,whole_blocks,2,5000,2,historical_density,global,spherical_cell_area,97752,-2.016931288316607,15.397996812497578,34.915819338472915,60.0
2010,whole_blocks,2,5000,2,historical_density,south_of_60n,equal_cell,85920,-2.562391637347379,14.66822683260972,31.80539058957237,60.0
2010,whole_blocks,2,5000,2,historical_density,south_of_60n,spherical_cell_area,85920,-1.462469035888395,14.268787956291009,30.912967282134662,60.0
2010,whole_blocks,2,5000,2,historical_density,60_to_90n,equal_cell,11832,-16.529057823043814,42.75102491290062,82.80715796659253,60.0
2010,whole_blocks,2,5000,2,historical_density,60_to_90n,spherical_cell_area,11832,-14.056742223290922,39.91808104778279,83.31218208381368,60.0
2010,whole_blocks,2,5000,3,random,global,equal_cell,97752,0.3295819183253315,13.868122656264736,35.410638094665536,60.0
2010,whole_blocks,2,5000,3,random,global,spherical_cell_area,97752,0.8981212976174818,12.951824093715349,30.571696449500568,60.0
2010,whole_blocks,2,5000,3,random,south_of_60n,equal_cell,85920,0.8771046349733168,12.887697771264657,27.939263104877625,60.0
2010,whole_blocks,2,5000,3,random,south_of_60n,spherical_cell_area,85920,1.148493362154352,12.524718143927457,27.252687664629004,60.0
2010,whole_blocks,2,5000,3,random,60_to_90n,equal_cell,11832,-3.6463436914105447,20.98763804835456,68.49041859368783,60.0
2010,whole_blocks,2,5000,3,random,60_to_90n,spherical_cell_area,11832,-4.538555964399357,22.226170295154255,71.42861454812203,60.0
2010,whole_blocks,2,5000,3,historical_density,global,equal_cell,97752,-5.92027314559302,19.73244178281009,43.25012992513347,60.0
2010,whole_blocks,2,5000,3,historical_density,global,spherical_cell_area,97752,-2.4991639012684552,15.978617529303966,35.32285130181677,60.0
2010,whole_blocks,2,5000,3,historical_density,south_of_60n,equal_cell,85920,-2.0009873170366723,15.002359240280882,31.81458557260564,60.0
2010,whole_blocks,2,5000,3,historical_density,south_of_60n,spherical_cell_area,85920,-1.338551031337317,14.491196063272051,30.7615256132439,60.0
2010,whole_blocks,2,5000,3,historical_density,60_to_90n,equal_cell,11832,-34.380807154176644,54.08070852166315,90.02237625392046,60.0
2010,whole_blocks,2,5000,3,historical_density,60_to_90n,spherical_cell_area,11832,-27.701167214339836,48.27707094650072,88.27867528616828,60.0
2010,whole_blocks,2,5000,4,random,global,equal_cell,97752,-0.9120860572738774,12.51953187634341,33.81462043474653,60.0
2010,whole_blocks,2,5000,4,random,global,spherical_cell_area,97752,-0.5160984021509357,11.583308286623584,29.192480862402263,60.0
2010,whole_blocks,2,5000,4,random,south_of_60n,equal_cell,85920,-0.8825482336307634,11.389206658171366,26.56112872596782,60.0
2010,whole_blocks,2,5000,4,random,south_of_60n,spherical_cell_area,85920,-0.4703965639719439,11.121081195156638,25.9906559112346,60.0
2010,whole_blocks,2,5000,4,random,60_to_90n,equal_cell,11832,-1.126579786771539,20.72757301438785,65.7538214621923,60.0
2010,whole_blocks,2,5000,4,random,60_to_90n,spherical_cell_area,11832,-1.5084860509874882,21.620288740952414,68.47515052310975,60.0
2010,whole_blocks,2,5000,4,historical_density,global,equal_cell,97752,-5.3805564488162485,19.105766783148336,42.90315992772186,60.0
2010,whole_blocks,2,5000,4,historical_density,global,spherical_cell_area,97752,-2.193742690569882,16.02508451877169,35.36222187849454,60.0
2010,whole_blocks,2,5000,4,historical_density,south_of_60n,equal_cell,85920,-2.071758410054387,15.247650984346423,31.90490595731717,60.0
2010,whole_blocks,2,5000,4,historical_density,south_of_60n,spherical_cell_area,85920,-1.1602649349329863,14.80248933963601,30.90212452510936,60.0
2010,whole_blocks,2,5000,4,historical_density,60_to_90n,equal_cell,11832,-29.40793368769549,47.122104632460406,88.40403540158003,60.0
2010,whole_blocks,2,5000,4,historical_density,60_to_90n,spherical_cell_area,11832,-24.635084240652805,42.57299601741865,87.56755285941604,60.0
2010,whole_blocks,2,5000,5,random,global,equal_cell,97752,0.9833879460717548,14.575231740151567,36.85222426438673,60.0
2010,whole_blocks,2,5000,5,random,global,spherical_cell_area,97752,0.831733606873811,12.813954708397969,31.000172449437308,60.0
2010,whole_blocks,2,5000,5,random,south_of_60n,equal_cell,85920,0.582824190053177,12.717395069576565,28.70288819534905,60.0
2010,whole_blocks,2,5000,5,random,south_of_60n,spherical_cell_area,85920,0.8775950137577064,12.190212421866594,27.542337138294027,60.0
2010,whole_blocks,2,5000,5,random,60_to_90n,equal_cell,11832,3.8921470668557463,28.066216082258062,72.37050142131883,60.0
2010,whole_blocks,2,5000,5,random,60_to_90n,spherical_cell_area,11832,-0.1641189794400237,26.35813949121804,73.18922666427032,60.0
2010,whole_blocks,2,5000,5,historical_density,global,equal_cell,97752,-6.914946027804182,20.877297027581424,45.73334627444312,60.0
2010,whole_blocks,2,5000,5,historical_density,global,spherical_cell_area,97752,-2.274669026257538,16.756907405953207,36.85854381379902,60.0
2010,whole_blocks,2,5000,5,historical_density,south_of_60n,equal_cell,85920,-1.7731525445216736,15.60190754666975,33.24098850843372,60.0
2010,whole_blocks,2,5000,5,historical_density,south_of_60n,spherical_cell_area,85920,-0.7405816362317923,15.15872093253081,32.07344768311014,60.0
2010,whole_blocks,2,5000,5,historical_density,60_to_90n,equal_cell,11832,-44.25291898957169,59.18539914048971,96.20664788649496,60.0
2010,whole_blocks,2,5000,5,historical_density,60_to_90n,spherical_cell_area,11832,-35.586444630007136,51.46055566076444,92.30905808795184,60.0
2010,whole_blocks,2,5000,6,random,global,equal_cell,97752,-0.6137078919983627,13.07401429065086,33.651828566597835,60.0
2010,whole_blocks,2,5000,6,random,global,spherical_cell_area,97752,-0.31059599783083,12.21159923124066,29.31388328988494,60.0
2010,whole_blocks,2,5000,6,random,south_of_60n,equal_cell,85920,-0.8392456161209619,12.093382901938636,26.882122505513895,60.0
2010,whole_blocks,2,5000,6,random,south_of_60n,spherical_cell_area,85920,-0.3236678454298309,11.81221527751514,26.356009092886275,60.0
2010,whole_blocks,2,5000,6,random,60_to_90n,equal_cell,11832,1.024071118871628,20.1950292431656,64.09566130656194,60.0
2010,whole_blocks,2,5000,6,random,60_to_90n,spherical_cell_area,11832,-0.0267487693251433,20.883979131332037,66.59500097889567,60.0
2010,whole_blocks,2,5000,6,historical_density,global,equal_cell,97752,-4.749160278524233,19.28667652402921,42.75625027332775,60.0
2010,whole_blocks,2,5000,6,historical_density,global,spherical_cell_area,97752,-1.8324178384576215,15.863568490879407,35.16615921342324,60.0
2010,whole_blocks,2,5000,6,historical_density,south_of_60n,equal_cell,85920,-1.9072815032660095,14.97411806903067,31.84786069236002,60.0
2010,whole_blocks,2,5000,6,historical_density,south_of_60n,spherical_cell_area,85920,-0.9568799222913368,14.533424218476988,30.83486628973899,60.0
2010,whole_blocks,2,5000,6,historical_density,60_to_90n,equal_cell,11832,-25.385927044091048,50.60302392543847,87.96428973417932,60.0
2010,whole_blocks,2,5000,6,historical_density,60_to_90n,spherical_cell_area,11832,-20.8441917344782,44.746843205847696,86.2794716311752,60.0
2010,whole_blocks,2,5000,7,random,global,equal_cell,97752,0.3194542627348072,13.325142421200466,35.46640451164368,60.0
2010,whole_blocks,2,5000,7,random,global,spherical_cell_area,97752,0.7321044267444746,12.460099849884871,31.17696235819396,60.0
2010,whole_blocks,2,5000,7,random,south_of_60n,equal_cell,85920,0.8038905134169733,12.461753076942683,28.94575993524123,60.0
2010,whole_blocks,2,5000,7,random,south_of_60n,spherical_cell_area,85920,0.9078305531285475,12.070430245835269,28.28352751985303,60.0
2010,whole_blocks,2,5000,7,random,60_to_90n,equal_cell,11832,-3.1983586732533364,19.594785123924325,65.63405027174578,60.0
2010,whole_blocks,2,5000,7,random,60_to_90n,spherical_cell_area,11832,-3.08368164116926,20.921538548943925,68.61382350520601,60.0
2010,whole_blocks,2,5000,7,historical_density,global,equal_cell,97752,-6.233314018979828,21.028086217952627,45.68468916464133,60.0
2010,whole_blocks,2,5000,7,historical_density,global,spherical_cell_area,97752,-1.460572739893823,16.97452053384489,36.62760151841483,60.0
2010,whole_blocks,2,5000,7,historical_density,south_of_60n,equal_cell,85920,-0.8185432833629565,15.725848501889567,32.67836060551333,60.0
2010,whole_blocks,2,5000,7,historical_density,south_of_60n,spherical_cell_area,85920,0.1816352381501629,15.375215728136965,31.65465509494262,60.0
2010,whole_blocks,2,5000,7,historical_density,60_to_90n,equal_cell,11832,-45.55355587193804,59.53115117435374,97.40785966892672,60.0
2010,whole_blocks,2,5000,7,historical_density,60_to_90n,spherical_cell_area,11832,-37.12012122126848,51.7024526947674,93.35420304260694,60.0
2010,whole_blocks,2,5000,8,random,global,equal_cell,97752,-0.3486664722989712,12.681777511300742,33.43110367839386,60.0
2010,whole_blocks,2,5000,8,random,global,spherical_cell_area,97752,0.0062713991101075,11.840499204101024,28.846602483972973,60.0
2010,whole_blocks,2,5000,8,random,south_of_60n,equal_cell,85920,-0.1710192965439519,11.519077128922293,25.653085901586927,60.0
2010,whole_blocks,2,5000,8,random,south_of_60n,spherical_cell_area,85920,0.1298252424814813,11.364600390483858,25.430010983995206,60.0
2010,whole_blocks,2,5000,8,random,60_to_90n,equal_cell,11832,-1.638680446341504,21.124916190641205,66.74423762017649,60.0
2010,whole_blocks,2,5000,8,random,60_to_90n,spherical_cell_area,11832,-2.6766252416731477,22.174352798347503,69.70556271280944,60.0
2010,whole_blocks,2,5000,8,historical_density,global,equal_cell,97752,-5.445286109000714,18.948235484140252,43.906890888351015,60.0
2010,whole_blocks,2,5000,8,historical_density,global,spherical_cell_area,97752,-2.6989782380341216,15.82992072906241,36.36621080687176,60.0
2010,whole_blocks,2,5000,8,historical_density,south_of_60n,equal_cell,85920,-3.050636900217153,15.108115657626325,33.22694627630106,60.0
2010,whole_blocks,2,5000,8,historical_density,south_of_60n,spherical_cell_area,85920,-1.9240143474514677,14.570244211227587,31.930214960446065,60.0
2010,whole_blocks,2,5000,8,historical_density,60_to_90n,equal_cell,11832,-22.83442235128296,46.83389264219273,88.9374226431221,60.0
2010,whole_blocks,2,5000,8,historical_density,60_to_90n,spherical_cell_area,11832,-19.52684827460672,43.18303096792709,88.88842107191824,60.0
2010,whole_blocks,2,5000,9,random,global,equal_cell,97752,-1.47573988823395,13.06099278551354,34.487457719066015,60.0
2010,whole_blocks,2,5000,9,random,global,spherical_cell_area,97752,-0.9818351581917228,12.341066752835518,30.28311110538327,60.0
2010,whole_blocks,2,5000,9,random,south_of_60n,equal_cell,85920,-1.2571437107355197,12.221452565033175,27.89218265373118,60.0
2010,whole_blocks,2,5000,9,random,south_of_60n,spherical_cell_area,85920,-0.8398783813455925,11.975268199130095,27.381933216959013,60.0
2010,whole_blocks,2,5000,9,random,60_to_90n,equal_cell,11832,-3.063111724835128,19.15745118169953,64.62903427711265,60.0
2010,whole_blocks,2,5000,9,random,60_to_90n,spherical_cell_area,11832,-4.0643403182468445,20.28416009708544,67.45227786821923,60.0
2010,whole_blocks,2,5000,9,historical_density,global,equal_cell,97752,-6.235697650403503,19.363532985195494,43.754971978548575,60.0
2010,whole_blocks,2,5000,9,historical_density,global,spherical_cell_area,97752,-2.823287656454725,15.832498733645886,35.79853705864692,60.0
2010,whole_blocks,2,5000,9,historical_density,south_of_60n,equal_cell,85920,-2.7637255519342983,14.86295871936512,32.37427908574051,60.0
2010,whole_blocks,2,5000,9,historical_density,south_of_60n,spherical_cell_area,85920,-1.7382950915959698,14.423865332300652,31.23297687916767,60.0
2010,whole_blocks,2,5000,9,historical_density,60_to_90n,equal_cell,11832,-31.447989967887796,52.04518789731061,90.58713472905676,60.0
2010,whole_blocks,2,5000,9,historical_density,60_to_90n,spherical_cell_area,11832,-26.38324198976361,46.42011719570201,89.03330824240452,60.0
2010,whole_blocks,2,5000,10,random,global,equal_cell,97752,0.8735294955540565,14.155736532166646,37.13785336259644,60.0
2010,whole_blocks,2,5000,10,random,global,spherical_cell_area,97752,1.1811779991245497,13.135369796569618,31.972831507003438,60.0
2010,whole_blocks,2,5000,10,random,south_of_60n,equal_cell,85920,1.1806508842473835,13.149116738026004,30.091803771012252,60.0
2010,whole_blocks,2,5000,10,random,south_of_60n,spherical_cell_area,85920,1.3311333575218534,12.69009845790407,28.768851793071555,60.0
2010,whole_blocks,2,5000,10,random,60_to_90n,equal_cell,11832,-1.356682617066857,21.46547053424271,69.41970508169582,60.0
2010,whole_blocks,2,5000,10,random,60_to_90n,spherical_cell_area,11832,-2.0750114995890803,22.80416638068015,72.44453786129779,60.0
2010,whole_blocks,2,5000,10,historical_density,global,equal_cell,97752,-5.560189056299557,20.50513071280984,44.09747061633181,60.0
2010,whole_blocks,2,5000,10,historical_density,global,spherical_cell_area,97752,-1.4184042921053548,16.647174246672137,35.53361629959523,60.0
2010,whole_blocks,2,5000,10,historical_density,south_of_60n,equal_cell,85920,-0.9823130298593716,15.458458604362182,31.267972229973008,60.0
2010,whole_blocks,2,5000,10,historical_density,south_of_60n,spherical_cell_area,85920,-0.026990160717138,15.106395227986736,30.56196247072552,60.0
2010,whole_blocks,2,5000,10,historical_density,60_to_90n,equal_cell,11832,-38.803183325378384,57.15236427922484,94.68841087577056,60.0
2010,whole_blocks,2,5000,10,historical_density,60_to_90n,spherical_cell_area,11832,-31.632116769014868,50.10425450111069,91.6410465882234,60.0
2010,whole_blocks,2,5000,11,random,global,equal_cell,97752,-1.650012844760842,13.064495257345609,34.589274794605785,60.0
2010,whole_blocks,2,5000,11,random,global,spherical_cell_area,97752,-0.6887614716321573,12.157031382597062,29.98150327603992,60.0
2010,whole_blocks,2,5000,11,random,south_of_60n,equal_cell,85920,-1.012892646534309,12.08920240770689,27.521309774375005,60.0
2010,whole_blocks,2,5000,11,random,south_of_60n,spherical_cell_area,85920,-0.4266704251789593,11.735206423851029,26.84357849734726,60.0
2010,whole_blocks,2,5000,11,random,60_to_90n,equal_cell,11832,-6.276565196994081,20.146743536669348,66.21370699330375,60.0
2010,whole_blocks,2,5000,11,random,60_to_90n,spherical_cell_area,11832,-6.379909305820613,21.316704072151587,69.07130627586186,60.0
2010,whole_blocks,2,5000,11,historical_density,global,equal_cell,97752,-4.813240750055618,18.83496396079615,41.79266773863149,60.0
2010,whole_blocks,2,5000,11,historical_density,global,spherical_cell_area,97752,-1.5650154819298236,15.6982758212237,34.329973967407845,60.0
2010,whole_blocks,2,5000,11,historical_density,south_of_60n,equal_cell,85920,-1.3437367575962793,14.661404011465557,30.359399444274864,60.0
2010,whole_blocks,2,5000,11,historical_density,south_of_60n,spherical_cell_area,85920,-0.5095044119304615,14.392179961391992,29.73057289083308,60.0
2010,whole_blocks,2,5000,11,historical_density,60_to_90n,equal_cell,11832,-30.00761051274209,49.14195101678707,87.96032967991134,60.0
2010,whole_blocks,2,5000,11,historical_density,60_to_90n,spherical_cell_area,11832,-24.48479706653843,44.05935386839421,87.04297165737302,60.0
2010,whole_blocks,2,5000,12,random,global,equal_cell,97752,-1.060217695801555,12.885051484866608,34.13097120491486,60.0
2010,whole_blocks,2,5000,12,random,global,spherical_cell_area,97752,-0.5564464873522912,11.909486861296234,29.477454410806384,60.0
2010,whole_blocks,2,5000,12,random,south_of_60n,equal_cell,85920,-0.809271152872147,11.69736584139074,26.855247731720254,60.0
2010,whole_blocks,2,5000,12,random,south_of_60n,spherical_cell_area,85920,-0.3896881446154452,11.43699781019426,26.287098795457855,60.0
2010,whole_blocks,2,5000,12,random,60_to_90n,equal_cell,11832,-2.8825069933416767,21.509624717409423,66.23488645864751,60.0
2010,whole_blocks,2,5000,12,random,60_to_90n,spherical_cell_area,11832,-4.177502581953104,22.169299534206196,68.79026712195389,60.0
2010,whole_blocks,2,5000,12,historical_density,global,equal_cell,97752,-4.373600344402551,19.43832030558588,42.35541500531564,60.0
2010,whole_blocks,2,5000,12,historical_density,global,spherical_cell_area,97752,-0.6132092995070844,16.02982222520017,34.47039845646742,60.0
2010,whole_blocks,2,5000,12,historical_density,south_of_60n,equal_cell,85920,-0.5193761490572043,14.976737223689671,30.407885142699985,60.0
2010,whole_blocks,2,5000,12,historical_density,south_of_60n,spherical_cell_area,85920,0.5820697217106858,14.639278863460673,29.74012326065502,60.0
2010,whole_blocks,2,5000,12,historical_density,60_to_90n,equal_cell,11832,-32.36167867977038,51.83683436884839,90.03803583193518,60.0
2010,whole_blocks,2,5000,12,historical_density,60_to_90n,spherical_cell_area,11832,-26.567967025537,46.22462646824431,88.22468724605012,60.0
2010,whole_blocks,2,5000,13,random,global,equal_cell,97752,0.7319462616574182,14.56836400430804,36.2102421494982,60.0
2010,whole_blocks,2,5000,13,random,global,spherical_cell_area,97752,0.6993400579871961,13.53666244767945,31.922923144736057,60.0
2010,whole_blocks,2,5000,13,random,south_of_60n,equal_cell,85920,0.3973731088746371,13.368290261239874,29.965894326067374,60.0
2010,whole_blocks,2,5000,13,random,south_of_60n,spherical_cell_area,85920,0.6530093870957518,13.063988811043828,29.210357430071163,60.0
2010,whole_blocks,2,5000,13,random,60_to_90n,equal_cell,11832,3.161503841702765,23.282895444843582,65.66502584199331,60.0
2010,whole_blocks,2,5000,13,random,60_to_90n,spherical_cell_area,11832,1.7053824271126392,23.80048328330332,67.97005353690861,60.0
2010,whole_blocks,2,5000,13,historical_density,global,equal_cell,97752,-6.606155343160371,20.030840426875752,44.13685986579595,60.0
2010,whole_blocks,2,5000,13,historical_density,global,spherical_cell_area,97752,-1.8472152859624444,15.963115970131163,35.336095175964964,60.0
2010,whole_blocks,2,5000,13,historical_density,south_of_60n,equal_cell,85920,-1.169108502283031,14.722197205284244,31.086385891084777,60.0
2010,whole_blocks,2,5000,13,historical_density,south_of_60n,spherical_cell_area,85920,-0.1812437297556467,14.328516200739791,30.23964809752989,60.0
2010,whole_blocks,2,5000,13,historical_density,60_to_90n,equal_cell,11832,-46.088158771843695,58.58042000760111,95.27239928339056,60.0
2010,whole_blocks,2,5000,13,historical_density,60_to_90n,spherical_cell_area,11832,-38.022775429025074,51.45745682315941,92.2261424009377,60.0
2010,whole_blocks,2,5000,14,random,global,equal_cell,97752,-0.9315617968029288,12.802845584539014,33.38474944978584,60.0
2010,whole_blocks,2,5000,14,random,global,spherical_cell_area,97752,-0.5203351173754213,11.91322362770038,28.564023764937645,60.0
2010,whole_blocks,2,5000,14,random,south_of_60n,equal_cell,85920,-0.6688227800285784,11.603427066416572,25.050222881300066,60.0
2010,whole_blocks,2,5000,14,random,south_of_60n,spherical_cell_area,85920,-0.4131382720203925,11.405300381024158,24.908030105971275,60.0
2010,whole_blocks,2,5000,14,random,60_to_90n,equal_cell,11832,-2.839484068714033,21.51261900214213,68.1995132240852,60.0
2010,whole_blocks,2,5000,14,random,60_to_90n,spherical_cell_area,11832,-2.848049484310305,22.942468328631268,71.14018421281796,60.0
2010,whole_blocks,2,5000,14,historical_density,global,equal_cell,97752,-6.25749696181082,20.373671336533693,45.04732470400436,60.0
2010,whole_blocks,2,5000,14,historical_density,global,spherical_cell_area,97752,-1.8717896111911612,16.135444105160875,35.712746338613684,60.0
2010,whole_blocks,2,5000,14,historical_density,south_of_60n,equal_cell,85920,-1.1087444316283477,14.869766037992662,31.139129566774155,60.0
2010,whole_blocks,2,5000,14,historical_density,south_of_60n,spherical_cell_area,85920,-0.3221404484877049,14.460884078616704,30.321977962907912,60.0
2010,whole_blocks,2,5000,14,historical_density,60_to_90n,equal_cell,11832,-43.64600417895736,60.341178372592296,98.60951574865472,60.0
2010,whole_blocks,2,5000,14,historical_density,60_to_90n,spherical_cell_area,11832,-35.521479653718416,52.497497663473645,94.89596483544231,60.0
2010,whole_blocks,2,5000,15,random,global,equal_cell,97752,-0.1867971235523925,13.144396678686537,33.77666273477994,60.0
2010,whole_blocks,2,5000,15,random,global,spherical_cell_area,97752,0.4175262215961395,12.507183199201776,29.84378179093399,60.0
2010,whole_blocks,2,5000,15,random,south_of_60n,equal_cell,85920,0.1069287275228977,12.24560380029652,27.17051437003685,60.0
2010,whole_blocks,2,5000,15,random,south_of_60n,spherical_cell_area,85920,0.5440896884893027,12.119922375139891,26.98657995592575,60.0
2010,whole_blocks,2,5000,15,random,60_to_90n,equal_cell,11832,-2.3197353524561235,19.671127925413224,63.75420043376663,60.0
2010,whole_blocks,2,5000,15,random,60_to_90n,spherical_cell_area,11832,-2.3307225653956367,20.916316704338072,66.45707979208524,60.0
2010,whole_blocks,2,5000,15,historical_density,global,equal_cell,97752,-6.834078903397868,20.53119288602461,45.84175281504487,60.0
2010,whole_blocks,2,5000,15,historical_density,global,spherical_cell_area,97752,-2.2377696436026544,16.347453334848844,36.28623816401643,60.0
2010,whole_blocks,2,5000,15,historical_density,south_of_60n,equal_cell,85920,-1.66681178534226,15.151074106047352,31.78823473811812,60.0
2010,whole_blocks,2,5000,15,historical_density,south_of_60n,spherical_cell_area,85920,-0.6435157041426153,14.692968182509166,30.763634226566943,60.0
2010,whole_blocks,2,5000,15,historical_density,60_to_90n,equal_cell,11832,-44.35703282355826,59.59980390492633,100.11870599479768,60.0
2010,whole_blocks,2,5000,15,historical_density,60_to_90n,spherical_cell_area,11832,-36.85602531272417,52.273593196770186,96.73319516747304,60.0
2010,whole_blocks,2,5000,16,random,global,equal_cell,97752,-0.6729624341971332,12.730650619794446,33.94366813269948,60.0
2010,whole_blocks,2,5000,16,random,global,spherical_cell_area,97752,-0.1618547727214214,11.960250124266594,29.222133973853317,60.0
2010,whole_blocks,2,5000,16,random,south_of_60n,equal_cell,85920,-0.5039892262426551,11.626426157087511,25.90594738330519,60.0
2010,whole_blocks,2,5000,16,random,south_of_60n,spherical_cell_area,85920,-0.0729412984793704,11.493062358743334,25.69942443298638,60.0
2010,whole_blocks,2,5000,16,random,60_to_90n,equal_cell,11832,-1.899988974718497,20.749156860140964,68.15737951191838,60.0
2010,whole_blocks,2,5000,16,random,60_to_90n,spherical_cell_area,11832,-2.092556844427562,22.10494860175477,71.09905201781199,60.0
2010,whole_blocks,2,5000,16,historical_density,global,equal_cell,97752,-4.933533269003351,18.80233248668851,42.475724583126926,60.0
2010,whole_blocks,2,5000,16,historical_density,global,spherical_cell_area,97752,-2.250371707722936,15.615875597951884,35.199811763291066,60.0
2010,whole_blocks,2,5000,16,historical_density,south_of_60n,equal_cell,85920,-2.4666494798942646,14.939910378626948,32.26380925450883,60.0
2010,whole_blocks,2,5000,16,historical_density,south_of_60n,spherical_cell_area,85920,-1.489686165583325,14.42312052166356,31.139745536651667,60.0
2010,whole_blocks,2,5000,16,historical_density,60_to_90n,equal_cell,11832,-22.847212711215377,46.84994130384955,85.71192437124375,60.0
2010,whole_blocks,2,5000,16,historical_density,60_to_90n,spherical_cell_area,11832,-18.76819608299928,41.51582739332061,84.18815987117509,60.0
2010,whole_blocks,2,5000,17,random,global,equal_cell,97752,0.3301952666590287,13.895300704509394,34.00453998195811,60.0
2010,whole_blocks,2,5000,17,random,global,spherical_cell_area,97752,0.13897734730019,12.761461246620774,29.70648109204504,60.0
2010,whole_blocks,2,5000,17,random,south_of_60n,equal_cell,85920,-0.1001469886191114,12.500080089974656,27.23066394472043,60.0
2010,whole_blocks,2,5000,17,random,south_of_60n,spherical_cell_area,85920,0.092819455280118,12.24873154069749,26.81219504449536,60.0
2010,whole_blocks,2,5000,17,random,60_to_90n,equal_cell,11832,3.455195822228484,24.02692301695233,64.56349084754808,60.0
2010,whole_blocks,2,5000,17,random,60_to_90n,spherical_cell_area,11832,1.1412679282096254,23.895075289824888,66.59235490415868,60.0
2010,whole_blocks,2,5000,17,historical_density,global,equal_cell,97752,-5.616226547267051,18.403543208158737,44.04707308581574,60.0
2010,whole_blocks,2,5000,17,historical_density,global,spherical_cell_area,97752,-2.838804082572512,15.525981259195524,36.586039596672215,60.0
2010,whole_blocks,2,5000,17,historical_density,south_of_60n,equal_cell,85920,-3.1358803458379283,14.931310623148834,33.889220035268096,60.0
2010,whole_blocks,2,5000,17,historical_density,south_of_60n,spherical_cell_area,85920,-2.045153295987711,14.368238802943736,32.3310850061888,60.0
2010,whole_blocks,2,5000,17,historical_density,60_to_90n,equal_cell,11832,-23.627665494764532,43.6177270911921,87.68667122523391,60.0
2010,whole_blocks,2,5000,17,historical_density,60_to_90n,spherical_cell_area,11832,-20.072448712171205,40.66565528320687,87.78411093167546,60.0
2010,whole_blocks,2,5000,18,random,global,equal_cell,97752,0.0664748412927372,13.552478238312164,35.00651091405725,60.0
2010,whole_blocks,2,5000,18,random,global,spherical_cell_area,97752,0.3475670629867148,12.581273852202434,30.327574161120584,60.0
2010,whole_blocks,2,5000,18,random,south_of_60n,equal_cell,85920,0.2195378062221123,12.511578304940214,28.192524359116195,60.0
2010,whole_blocks,2,5000,18,random,south_of_60n,spherical_cell_area,85920,0.4281245348493898,12.139005806882318,27.2953125234203,60.0
2010,whole_blocks,2,5000,18,random,60_to_90n,equal_cell,11832,-1.045016871581833,21.111143068883315,65.97423310565621,60.0
2010,whole_blocks,2,5000,18,random,60_to_90n,spherical_cell_area,11832,-1.4016894939358768,22.184855746037947,68.65760643556592,60.0
2010,whole_blocks,2,5000,18,historical_density,global,equal_cell,97752,-4.468066293524505,19.04056221875921,42.91145269383916,60.0
2010,whole_blocks,2,5000,18,historical_density,global,spherical_cell_area,97752,-1.4965777402615903,16.202893119865287,35.57453463468486,60.0
2010,whole_blocks,2,5000,18,historical_density,south_of_60n,equal_cell,85920,-1.56985379130706,15.263940715118917,31.87381833503783,60.0
2010,whole_blocks,2,5000,18,historical_density,south_of_60n,spherical_cell_area,85920,-0.5718593067655685,14.985550976420086,31.07137029232977,60.0
2010,whole_blocks,2,5000,18,historical_density,60_to_90n,equal_cell,11832,-25.513909615914876,46.465115936877325,88.51864616657016,60.0
2010,whole_blocks,2,5000,18,historical_density,60_to_90n,spherical_cell_area,11832,-21.576276689324292,42.63673814009816,88.21800197313799,60.0
2010,whole_blocks,2,5000,19,random,global,equal_cell,97752,0.0548800509506429,13.691774175355686,35.43862552597262,60.0
2010,whole_blocks,2,5000,19,random,global,spherical_cell_area,97752,0.2207473235918887,12.540110085499329,29.958852839929268,60.0
2010,whole_blocks,2,5000,19,random,south_of_60n,equal_cell,85920,0.2363370765846247,12.38560868012247,26.757552225212468,60.0
2010,whole_blocks,2,5000,19,random,south_of_60n,spherical_cell_area,85920,0.3526138596164273,12.006137690094446,26.1160464437088,60.0
2010,whole_blocks,2,5000,19,random,60_to_90n,equal_cell,11832,-1.2627997700831404,23.176708197536037,71.94916937240261,60.0
2010,whole_blocks,2,5000,19,random,60_to_90n,spherical_cell_area,11832,-2.642654387584072,24.13499622430369,74.6770266999233,60.0
2010,whole_blocks,2,5000,19,historical_density,global,equal_cell,97752,-4.603928058241752,18.48113752419692,41.50070125041231,60.0
2010,whole_blocks,2,5000,19,historical_density,global,spherical_cell_area,97752,-1.7602555209830633,15.289404541837689,34.17459711936367,60.0
2010,whole_blocks,2,5000,19,historical_density,south_of_60n,equal_cell,85920,-1.5097742961247271,14.33763847775384,30.745171187886765,60.0
2010,whole_blocks,2,5000,19,historical_density,south_of_60n,spherical_cell_area,85920,-0.8172246601597727,14.007023341070926,29.864368115121188,60.0
2010,whole_blocks,2,5000,19,historical_density,60_to_90n,equal_cell,11832,-27.07263083385828,48.56983242534545,85.81917215007724,60.0
2010,whole_blocks,2,5000,19,historical_density,60_to_90n,spherical_cell_area,11832,-22.237597703314066,43.13553317580836,84.62603771638626,60.0
2010,whole_blocks,3,5000,0,random,global,equal_cell,95988,0.8304990730087988,13.98966421301298,37.57797302847461,60.0
2010,whole_blocks,3,5000,0,random,global,spherical_cell_area,95988,0.3289877509605242,12.864228183386592,34.02099430151646,60.0
2010,whole_blocks,3,5000,0,random,south_of_60n,equal_cell,85464,0.75062235749358,13.002892469952805,36.50085160340517,60.0
2010,whole_blocks,3,5000,0,random,south_of_60n,spherical_cell_area,85464,0.3042297209820803,12.47623085231173,33.152582346274315,60.0
2010,whole_blocks,3,5000,0,random,60_to_90n,equal_cell,10524,1.4791672234071878,22.003105893827787,45.388141003704,60.0
2010,whole_blocks,3,5000,0,random,60_to_90n,spherical_cell_area,10524,0.942236282795146,22.47479872735053,51.01324373954494,60.0
2010,whole_blocks,3,5000,0,historical_density,global,equal_cell,95988,-5.750269335245422,17.423917171099717,44.721267389521415,60.0
2010,whole_blocks,3,5000,0,historical_density,global,spherical_cell_area,95988,-3.1220940786956275,14.088373643031384,37.87452946120799,60.0
2010,whole_blocks,3,5000,0,historical_density,south_of_60n,equal_cell,85464,-2.171215112326715,13.422664371936028,38.3547297630593,60.0
2010,whole_blocks,3,5000,0,historical_density,south_of_60n,spherical_cell_area,85464,-2.0377187138288075,12.891353782971084,35.06259675867359,60.0
2010,whole_blocks,3,5000,0,historical_density,60_to_90n,equal_cell,10524,-34.81529120027054,49.91755734857268,79.3421109597479,60.0
2010,whole_blocks,3,5000,0,historical_density,60_to_90n,spherical_cell_area,10524,-29.981727136785985,43.73817503667988,80.71307425393388,60.0
2010,whole_blocks,3,5000,1,random,global,equal_cell,95988,-0.3344803588587209,12.154494584990273,34.48798369282837,60.0
2010,whole_blocks,3,5000,1,random,global,spherical_cell_area,95988,-0.2889508118036558,11.464850291212578,31.58530660851965,60.0
2010,whole_blocks,3,5000,1,random,south_of_60n,equal_cell,85464,-0.1137544148020548,11.667050016802357,33.753431767812714,60.0
2010,whole_blocks,3,5000,1,random,south_of_60n,spherical_cell_area,85464,-0.2013030385065893,11.243853372763263,30.82190798869657,60.0
2010,whole_blocks,3,5000,1,random,60_to_90n,equal_cell,10524,-2.126966303638169,16.112966893581312,39.95615831105403,60.0
2010,whole_blocks,3,5000,1,random,60_to_90n,spherical_cell_area,10524,-2.4599582926007058,16.93887370490963,46.66581641329964,60.0
2010,whole_blocks,3,5000,1,historical_density,global,equal_cell,95988,-4.848697085290328,17.334365140097166,44.9081172440664,60.0
2010,whole_blocks,3,5000,1,historical_density,global,spherical_cell_area,95988,-2.221169912488909,14.409146427419964,38.4278833328942,60.0
2010,whole_blocks,3,5000,1,historical_density,south_of_60n,equal_cell,85464,-1.0513369207085983,13.76547362410831,38.93184088107244,60.0
2010,whole_blocks,3,5000,1,historical_density,south_of_60n,spherical_cell_area,85464,-1.0301343894294843,13.295572023533929,35.57062049174741,60.0
2010,whole_blocks,3,5000,1,historical_density,60_to_90n,equal_cell,10524,-35.686552378507066,46.31685701794511,78.01093110362214,60.0
2010,whole_blocks,3,5000,1,historical_density,60_to_90n,spherical_cell_area,10524,-31.722741181083624,41.99203039946042,81.93799334361636,60.0
2010,whole_blocks,3,5000,2,random,global,equal_cell,95988,-0.5545947108391935,12.047794117436084,34.58605217053829,60.0
2010,whole_blocks,3,5000,2,random,global,spherical_cell_area,95988,-0.3991019055479865,11.409197238643966,31.868609461292497,60.0
2010,whole_blocks,3,5000,2,random,south_of_60n,equal_cell,85464,-0.0112902968447006,11.616337584121704,34.10691395483778,60.0
2010,whole_blocks,3,5000,2,random,south_of_60n,spherical_cell_area,85464,-0.2048912855103783,11.218651286910816,31.24435984648573,60.0
2010,whole_blocks,3,5000,2,random,60_to_90n,equal_cell,10524,-4.966697374999717,15.55159506414648,38.25546418487316,60.0
2010,whole_blocks,3,5000,2,random,60_to_90n,spherical_cell_area,10524,-5.209637223117684,16.128959887333107,44.62611698077823,60.0
2010,whole_blocks,3,5000,2,historical_density,global,equal_cell,95988,-5.457931785200667,17.79663381553888,45.17797769928721,60.0
2010,whole_blocks,3,5000,2,historical_density,global,spherical_cell_area,95988,-3.055087724665325,14.359646933687449,38.10235185521553,60.0
2010,whole_blocks,3,5000,2,historical_density,south_of_60n,equal_cell,85464,-2.109155614113376,13.68958871426662,38.51635842053198,60.0
2010,whole_blocks,3,5000,2,historical_density,south_of_60n,spherical_cell_area,85464,-2.0436111045252043,13.126968904419517,35.170840227591825,60.0
2010,whole_blocks,3,5000,2,historical_density,60_to_90n,equal_cell,10524,-32.652896312548094,51.14939916475328,81.0478625769183,60.0
2010,whole_blocks,3,5000,2,historical_density,60_to_90n,spherical_cell_area,10524,-28.10904205083886,44.89268984265555,82.29427085466547,60.0
2010,whole_blocks,3,5000,3,random,global,equal_cell,95988,0.278905703279997,12.985140078585903,35.55629967782832,60.0
2010,whole_blocks,3,5000,3,random,global,spherical_cell_area,95988,-0.2011739649441755,12.03208165851214,32.40070151389412,60.0
2010,whole_blocks,3,5000,3,random,south_of_60n,equal_cell,85464,0.0945294858966562,12.002508663610122,34.48610582742564,60.0
2010,whole_blocks,3,5000,3,random,south_of_60n,spherical_cell_area,85464,-0.2502282004793483,11.628743479628708,31.54624553321552,60.0
2010,whole_blocks,3,5000,3,random,60_to_90n,equal_cell,10524,1.7762003671387805,20.9649587073858,43.2779631315514,60.0
2010,whole_blocks,3,5000,3,random,60_to_90n,spherical_cell_area,10524,1.0138838546160287,22.02264012574357,49.02261933227739,60.0
2010,whole_blocks,3,5000,3,historical_density,global,equal_cell,95988,-5.677681173053434,17.75060257734223,45.184563160059504,60.0
2010,whole_blocks,3,5000,3,historical_density,global,spherical_cell_area,95988,-3.0176687645610927,14.302743010103113,37.85682419369813,60.0
2010,whole_blocks,3,5000,3,historical_density,south_of_60n,equal_cell,85464,-1.6943524586555796,13.622480431736282,38.03042001920902,60.0
2010,whole_blocks,3,5000,3,historical_density,south_of_60n,spherical_cell_area,85464,-1.7899710896935086,13.048328428246023,34.69866275462602,60.0
2010,whole_blocks,3,5000,3,historical_density,60_to_90n,equal_cell,10524,-38.02576224938355,51.274531791715766,82.92319153399433,60.0
2010,whole_blocks,3,5000,3,historical_density,60_to_90n,spherical_cell_area,10524,-33.42734987831822,45.37419341651959,84.31436516260106,60.0
2010,whole_blocks,3,5000,4,random,global,equal_cell,95988,-0.3470585344808207,11.922929878392036,34.468723606610574,60.0
2010,whole_blocks,3,5000,4,random,global,spherical_cell_area,95988,-0.28065652901417,11.397396214070543,31.73249911488691,60.0
2010,whole_blocks,3,5000,4,random,south_of_60n,equal_cell,85464,-0.1375075376532637,11.615628717155776,33.94842778309799,60.0
2010,whole_blocks,3,5000,4,random,south_of_60n,spherical_cell_area,85464,-0.1726007246189971,11.235184175374629,31.06373228793128,60.0
2010,whole_blocks,3,5000,4,random,60_to_90n,equal_cell,10524,-2.04879422365512,14.418481611943536,38.43400420468598,60.0
2010,whole_blocks,3,5000,4,random,60_to_90n,spherical_cell_area,10524,-2.9571644522715235,15.415336844354234,45.24577296720475,60.0
2010,whole_blocks,3,5000,4,historical_density,global,equal_cell,95988,-5.227508061985052,16.99535662681293,44.17611009998602,60.0
2010,whole_blocks,3,5000,4,historical_density,global,spherical_cell_area,95988,-3.081074525163024,14.130630997693627,38.04259921765173,60.0
2010,whole_blocks,3,5000,4,historical_density,south_of_60n,equal_cell,85464,-2.04720011055995,13.543664882129365,38.718506816970354,60.0
2010,whole_blocks,3,5000,4,historical_density,south_of_60n,spherical_cell_area,85464,-2.089969605022505,13.055979764245915,35.395371441311745,60.0
2010,whole_blocks,3,5000,4,historical_density,60_to_90n,equal_cell,10524,-31.05436465269152,45.02608479743594,75.0030461632864,60.0
2010,whole_blocks,3,5000,4,historical_density,60_to_90n,spherical_cell_area,10524,-27.63042831863635,40.74940041189445,79.13684241847263,60.0
2010,whole_blocks,3,5000,5,random,global,equal_cell,95988,-0.4982862828218133,12.372211809828608,34.17236554104177,60.0
2010,whole_blocks,3,5000,5,random,global,spherical_cell_area,95988,-0.6282172122998001,11.613902917514617,31.32255420594576,60.0
2010,whole_blocks,3,5000,5,random,south_of_60n,equal_cell,85464,-0.4809583320681945,11.702343842311778,33.40797164354848,60.0
2010,whole_blocks,3,5000,5,random,south_of_60n,spherical_cell_area,85464,-0.659130504729486,11.345836568717496,30.604768436956057,60.0
2010,whole_blocks,3,5000,5,random,60_to_90n,equal_cell,10524,-0.6390042591813039,17.81212020738262,39.84041003006513,60.0
2010,whole_blocks,3,5000,5,random,60_to_90n,spherical_cell_area,10524,0.1374952136559335,18.25382115726267,45.63034535030327,60.0
2010,whole_blocks,3,5000,5,historical_density,global,equal_cell,95988,-3.980208155248078,16.79657783760588,43.172777081380175,60.0
2010,whole_blocks,3,5000,5,historical_density,global,spherical_cell_area,95988,-1.975481930808051,14.15346140059389,37.27709371538723,60.0
2010,whole_blocks,3,5000,5,historical_density,south_of_60n,equal_cell,85464,-1.1281808082478757,13.52329605379487,38.0287409601289,60.0
2010,whole_blocks,3,5000,5,historical_density,south_of_60n,spherical_cell_area,85464,-1.0922227519722416,13.154786516088418,34.823895103398584,60.0
2010,whole_blocks,3,5000,5,historical_density,60_to_90n,equal_cell,10524,-27.14114175312201,43.37846251753975,72.49829942266786,60.0
2010,whole_blocks,3,5000,5,historical_density,60_to_90n,spherical_cell_area,10524,-23.85353099699443,38.89032080484843,75.96574673534649,60.0
2010,whole_blocks,3,5000,6,random,global,equal_cell,95988,-0.2741738119406581,12.14303344625067,34.734935240938164,60.0
2010,whole_blocks,3,5000,6,random,global,spherical_cell_area,95988,-0.0827538023293724,11.55937097036704,32.006691144236314,60.0
2010,whole_blocks,3,5000,6,random,south_of_60n,equal_cell,85464,0.1190021913111122,11.73322033052295,34.22856010308803,60.0
2010,whole_blocks,3,5000,6,random,south_of_60n,spherical_cell_area,85464,0.0785018442243038,11.355642026109749,31.35493139369777,60.0
2010,whole_blocks,3,5000,6,random,60_to_90n,equal_cell,10524,-3.467103680993232,15.47107108617405,38.601913843454334,60.0
2010,whole_blocks,3,5000,6,random,60_to_90n,spherical_cell_area,10524,-4.077004903292749,16.605672152923926,45.24743997541152,60.0
2010,whole_blocks,3,5000,6,historical_density,global,equal_cell,95988,-4.852544263441427,16.600872142611834,43.6290331492308,60.0
2010,whole_blocks,3,5000,6,historical_density,global,spherical_cell_area,95988,-2.857392861169316,13.672011345930036,37.31669033265378,60.0
2010,whole_blocks,3,5000,6,historical_density,south_of_60n,equal_cell,85464,-1.8937108393138504,13.11865097284943,38.02195376021837,60.0
2010,whole_blocks,3,5000,6,historical_density,south_of_60n,spherical_cell_area,85464,-1.9393177717581929,12.6148507744953,34.73460271756621,60.0
2010,whole_blocks,3,5000,6,historical_density,60_to_90n,equal_cell,10524,-28.880835764737448,44.87952570138934,74.97610708347821,60.0
2010,whole_blocks,3,5000,6,historical_density,60_to_90n,spherical_cell_area,10524,-25.597820964112096,39.85754262245939,77.46454147742452,60.0
2010,whole_blocks,3,5000,7,random,global,equal_cell,95988,0.0244076809673027,12.45401342171211,34.64528639569043,60.0
2010,whole_blocks,3,5000,7,random,global,spherical_cell_area,95988,-0.0111328577765511,11.97122567699178,32.041587744685565,60.0
2010,whole_blocks,3,5000,7,random,south_of_60n,equal_cell,85464,0.3621139111761764,12.139243091991586,34.105186171999414,60.0
2010,whole_blocks,3,5000,7,random,south_of_60n,spherical_cell_area,85464,0.0978467008183814,11.795594284640917,31.35785918461116,60.0
2010,whole_blocks,3,5000,7,random,60_to_90n,equal_cell,10524,-2.718059561390277,15.010221276067377,38.75359428729822,60.0
2010,whole_blocks,3,5000,7,random,60_to_90n,spherical_cell_area,10524,-2.7105218788947623,16.321559431212695,45.82990110911943,60.0
2010,whole_blocks,3,5000,7,historical_density,global,equal_cell,95988,-5.079627469173347,17.156691967989293,43.97851245117298,60.0
2010,whole_blocks,3,5000,7,historical_density,global,spherical_cell_area,95988,-2.730012516863657,14.133912644075162,37.67126963305004,60.0
2010,whole_blocks,3,5000,7,historical_density,south_of_60n,equal_cell,85464,-1.638179496412132,13.480925928296042,38.26939556118029,60.0
2010,whole_blocks,3,5000,7,historical_density,south_of_60n,spherical_cell_area,85464,-1.6977389079044334,13.018522403116409,35.02464019137898,60.0
2010,whole_blocks,3,5000,7,historical_density,60_to_90n,equal_cell,10524,-33.02716733462987,47.00709759477987,75.81139355762969,60.0
2010,whole_blocks,3,5000,7,historical_density,60_to_90n,spherical_cell_area,10524,-28.299101644594558,41.76177432314105,78.64343564814126,60.0
2010,whole_blocks,3,5000,8,random,global,equal_cell,95988,-0.3888777403114953,12.586483432482142,33.27188445964847,60.0
2010,whole_blocks,3,5000,8,random,global,spherical_cell_area,95988,-0.5019122688717944,12.028697058438018,30.867629413572526,60.0
2010,whole_blocks,3,5000,8,random,south_of_60n,equal_cell,85464,-0.2676090759118021,12.147864997969126,33.03123310452638,60.0
2010,whole_blocks,3,5000,8,random,south_of_60n,spherical_cell_area,85464,-0.4518554611594411,11.822475691600545,30.410707671798114,60.0
2010,whole_blocks,3,5000,8,random,60_to_90n,equal_cell,10524,-1.3736843855277046,16.148445223362046,35.16524300635978,60.0
2010,whole_blocks,3,5000,8,random,60_to_90n,spherical_cell_area,10524,-1.741803482536848,17.13673475594952,40.575200483091336,60.0
2010,whole_blocks,3,5000,8,historical_density,global,equal_cell,95988,-5.035302012830202,16.529724449607357,43.11016398296264,60.0
2010,whole_blocks,3,5000,8,historical_density,global,spherical_cell_area,95988,-3.011051257129864,13.712695789583467,37.02366617486405,60.0
2010,whole_blocks,3,5000,8,historical_density,south_of_60n,equal_cell,85464,-2.052972492473478,13.141337705367151,37.77823726171957,60.0
2010,whole_blocks,3,5000,8,historical_density,south_of_60n,spherical_cell_area,85464,-2.0935487892130102,12.687614519231452,34.55203623666793,60.0
2010,whole_blocks,3,5000,8,historical_density,60_to_90n,equal_cell,10524,-29.25440217700419,44.04636115710876,73.21846173647506,60.0
2010,whole_blocks,3,5000,8,historical_density,60_to_90n,spherical_cell_area,10524,-25.737295707699506,39.10363297650292,75.8467062607898,60.0
2010,whole_blocks,3,5000,9,random,global,equal_cell,95988,-0.1932931622492749,12.566331795726049,33.00277126658282,60.0
2010,whole_blocks,3,5000,9,random,global,spherical_cell_area,95988,-0.3596216525141234,11.904294961595015,30.428663401226288,60.0
2010,whole_blocks,3,5000,9,random,south_of_60n,equal_cell,85464,0.0202984022070758,12.14312941563482,32.65038612121062,60.0
2010,whole_blocks,3,5000,9,random,south_of_60n,spherical_cell_area,85464,-0.2729493696372297,11.719121679098537,29.906398470252064,60.0
2010,whole_blocks,3,5000,9,random,60_to_90n,equal_cell,10524,-1.927841762087508,16.00310186529243,35.73598694581279,60.0
2010,whole_blocks,3,5000,9,random,60_to_90n,spherical_cell_area,10524,-2.5064665457179567,16.49097830129674,41.30881513644432,60.0
2010,whole_blocks,3,5000,9,historical_density,global,equal_cell,95988,-3.725385028332614,16.733393051635606,43.02736820297565,60.0
2010,whole_blocks,3,5000,9,historical_density,global,spherical_cell_area,95988,-2.1651987207709937,14.013673521291814,37.30490612627502,60.0
2010,whole_blocks,3,5000,9,historical_density,south_of_60n,equal_cell,85464,-1.250707165094089,13.574487065395228,38.26122871156837,60.0
2010,whole_blocks,3,5000,9,historical_density,south_of_60n,spherical_cell_area,85464,-1.4005799203344549,13.03459173537262,34.927475393455126,60.0
2010,whole_blocks,3,5000,9,historical_density,60_to_90n,equal_cell,10524,-23.821913810527334,42.386447138299225,70.69401976679535,60.0
2010,whole_blocks,3,5000,9,historical_density,60_to_90n,spherical_cell_area,10524,-21.10456333052033,38.26521810233194,75.13515289026545,60.0
2010,whole_blocks,3,5000,10,random,global,equal_cell,95988,-0.3835234984005954,12.231543540877537,34.208517099871514,60.0
2010,whole_blocks,3,5000,10,random,global,spherical_cell_area,95988,-0.4576260956875839,11.611061680678027,31.50153128072099,60.0
2010,whole_blocks,3,5000,10,random,south_of_60n,equal_cell,85464,-0.4321369334339358,11.750237898259735,33.732915292090674,60.0
2010,whole_blocks,3,5000,10,random,south_of_60n,spherical_cell_area,85464,-0.4752260912153456,11.373828458560943,30.87054422414602,60.0
2010,whole_blocks,3,5000,10,random,60_to_90n,equal_cell,10524,0.0112597220183897,16.14016245390373,37.85013549637326,60.0
2010,whole_blocks,3,5000,10,random,60_to_90n,spherical_cell_area,10524,-0.0216798016127752,17.48725317460397,44.35291868938707,60.0
2010,whole_blocks,3,5000,10,historical_density,global,equal_cell,95988,-5.21377040091136,16.92455345081435,43.65382516240594,60.0
2010,whole_blocks,3,5000,10,historical_density,global,spherical_cell_area,95988,-2.907363231957021,13.971826600648226,37.55970362256763,60.0
2010,whole_blocks,3,5000,10,historical_density,south_of_60n,equal_cell,85464,-1.992111481569288,13.298449944902764,38.23386864968113,60.0
2010,whole_blocks,3,5000,10,historical_density,south_of_60n,spherical_cell_area,85464,-1.9590384705392037,12.876695454744906,35.03937007166945,60.0
2010,whole_blocks,3,5000,10,historical_density,60_to_90n,equal_cell,10524,-31.3764326854658,46.37165626621039,74.22885094164126,60.0
2010,whole_blocks,3,5000,10,historical_density,60_to_90n,spherical_cell_area,10524,-26.397066093947096,41.09787693568308,77.09044172204604,60.0
2010,whole_blocks,3,5000,11,random,global,equal_cell,95988,0.0130747185920654,12.136660694449786,32.69738661135022,60.0
2010,whole_blocks,3,5000,11,random,global,spherical_cell_area,95988,-0.2803208627474245,11.354200144195394,29.938288428047517,60.0
2010,whole_blocks,3,5000,11,random,south_of_60n,equal_cell,85464,-0.2165463245941452,11.404330698241017,31.8712730350308,60.0
2010,whole_blocks,3,5000,11,random,south_of_60n,spherical_cell_area,85464,-0.4111479088271484,11.010819658971348,29.18305764297475,60.0
2010,whole_blocks,3,5000,11,random,60_to_90n,equal_cell,10524,1.8777965767131504,18.083814893992383,38.759445459574685,60.0
2010,whole_blocks,3,5000,11,random,60_to_90n,spherical_cell_area,10524,2.960223477917157,19.859625600406865,44.74677501966529,60.0
2010,whole_blocks,3,5000,11,historical_density,global,equal_cell,95988,-4.01131891164998,16.65418057715883,43.18357876204621,60.0
2010,whole_blocks,3,5000,11,historical_density,global,spherical_cell_area,95988,-2.235530866186042,14.18131720278111,37.56583595272863,60.0
2010,whole_blocks,3,5000,11,historical_density,south_of_60n,equal_cell,85464,-1.547229006537492,13.596298219417994,38.3837251958694,60.0
2010,whole_blocks,3,5000,11,historical_density,south_of_60n,spherical_cell_area,85464,-1.4576778288225662,13.232394217604002,35.17861258131962,60.0
2010,whole_blocks,3,5000,11,historical_density,60_to_90n,equal_cell,10524,-24.02186429843577,41.48683525427424,71.02274992303663,60.0
2010,whole_blocks,3,5000,11,historical_density,60_to_90n,spherical_cell_area,10524,-21.50270331736951,37.68583787710972,75.58192144396749,60.0
2010,whole_blocks,3,5000,12,random,global,equal_cell,95988,-0.3161748656433087,12.09520904092844,34.70605449702302,60.0
2010,whole_blocks,3,5000,12,random,global,spherical_cell_area,95988,-0.3491706154685261,11.45646091679943,31.81181537826247,60.0
2010,whole_blocks,3,5000,12,random,south_of_60n,equal_cell,85464,-0.239144828451625,11.534892339443235,33.88499672400628,60.0
2010,whole_blocks,3,5000,12,random,south_of_60n,spherical_cell_area,85464,-0.3324833207823087,11.192931221763136,30.988207150459363,60.0
2010,whole_blocks,3,5000,12,random,60_to_90n,equal_cell,10524,-0.941725521149776,16.645466222202796,40.76585353859274,60.0
2010,whole_blocks,3,5000,12,random,60_to_90n,spherical_cell_area,10524,-0.7625095998515453,17.98400768512226,47.88678664028356,60.0
2010,whole_blocks,3,5000,12,historical_density,global,equal_cell,95988,-4.877134845684219,16.660094880447016,43.34850954107429,60.0
2010,whole_blocks,3,5000,12,historical_density,global,spherical_cell_area,95988,-2.5671347223879426,13.880536389579564,37.082229938795656,60.0
2010,whole_blocks,3,5000,12,historical_density,south_of_60n,equal_cell,85464,-1.5296906587790853,13.314071831595957,37.66436356221357,60.0
2010,whole_blocks,3,5000,12,historical_density,south_of_60n,spherical_cell_area,85464,-1.5027171419981646,12.832015743590304,34.41629659522406,60.0
2010,whole_blocks,3,5000,12,historical_density,60_to_90n,equal_cell,10524,-32.061282507187485,43.83270166940626,74.95774135875556,60.0
2010,whole_blocks,3,5000,12,historical_density,60_to_90n,spherical_cell_area,10524,-28.93241980368556,39.85205945951044,78.07975703252635,60.0
2010,whole_blocks,3,5000,13,random,global,equal_cell,95988,0.3469248123415815,12.440772325344144,32.77220529760686,60.0
2010,whole_blocks,3,5000,13,random,global,spherical_cell_area,95988,-0.1206108958990373,11.792741279260888,30.106225776185852,60.0
2010,whole_blocks,3,5000,13,random,south_of_60n,equal_cell,85464,0.3398786164558967,12.119716712317846,32.439769587648044,60.0
2010,whole_blocks,3,5000,13,random,south_of_60n,spherical_cell_area,85464,-0.1537557737967415,11.61701874993306,29.574261608476142,60.0
2010,whole_blocks,3,5000,13,random,60_to_90n,equal_cell,10524,0.4041460291008154,15.048022126910038,35.35630063729959,60.0
2010,whole_blocks,3,5000,13,random,60_to_90n,spherical_cell_area,10524,0.7003771926646324,16.145332467428084,41.14328310984107,60.0
2010,whole_blocks,3,5000,13,historical_density,global,equal_cell,95988,-5.089451856075804,17.00832176627345,44.41151914882884,60.0
2010,whole_blocks,3,5000,13,historical_density,global,spherical_cell_area,95988,-2.9266114617644208,14.208368055145934,38.21412650962487,60.0
2010,whole_blocks,3,5000,13,historical_density,south_of_60n,equal_cell,85464,-1.7346234600926382,13.663128899486942,38.86834887323559,60.0
2010,whole_blocks,3,5000,13,historical_density,south_of_60n,spherical_cell_area,85464,-1.8938706874940263,13.156139057908788,35.526597622401326,60.0
2010,whole_blocks,3,5000,13,historical_density,60_to_90n,equal_cell,10524,-32.333565694379224,44.17418675744052,75.63897891773489,60.0
2010,whole_blocks,3,5000,13,historical_density,60_to_90n,spherical_cell_area,10524,-28.507272125738243,40.27174580657907,79.80716223394714,60.0
2010,whole_blocks,3,5000,14,random,global,equal_cell,95988,-0.3276471897320627,12.096883830092487,33.56108766677288,60.0
2010,whole_blocks,3,5000,14,random,global,spherical_cell_area,95988,-0.136984626844955,11.559892399708366,30.887965675788443,60.0
2010,whole_blocks,3,5000,14,random,south_of_60n,equal_cell,85464,0.2337811018597494,11.692548633531173,32.89288619454221,60.0
2010,whole_blocks,3,5000,14,random,south_of_60n,spherical_cell_area,85464,0.0558573301623207,11.365803037273906,30.16771888386754,60.0
2010,whole_blocks,3,5000,14,random,60_to_90n,equal_cell,10524,-4.8869314459656845,15.380436019271146,38.561000876059225,60.0
2010,whole_blocks,3,5000,14,random,60_to_90n,spherical_cell_area,10524,-4.913618596259795,16.3674242049966,45.20306604549268,60.0
2010,whole_blocks,3,5000,14,historical_density,global,equal_cell,95988,-3.3072885075862697,16.210344261649144,42.6029592057481,60.0
2010,whole_blocks,3,5000,14,historical_density,global,spherical_cell_area,95988,-1.6414611207552856,13.748451363058836,37.079758245931664,60.0
2010,whole_blocks,3,5000,14,historical_density,south_of_60n,equal_cell,85464,-1.0977290083646698,13.315071002627525,38.13581258655245,60.0
2010,whole_blocks,3,5000,14,historical_density,south_of_60n,spherical_cell_area,85464,-0.9229773849453472,12.870793369718507,34.87223369193941,60.0
2010,whole_blocks,3,5000,14,historical_density,60_to_90n,equal_cell,10524,-21.25082642486818,39.722472141639976,68.8765618435183,60.0
2010,whole_blocks,3,5000,14,historical_density,60_to_90n,spherical_cell_area,10524,-19.438074846327176,35.48776084517382,72.86439780874649,60.0
2010,whole_blocks,3,5000,15,random,global,equal_cell,95988,-0.4372518058452511,11.919340399782778,33.59248691724134,60.0
2010,whole_blocks,3,5000,15,random,global,spherical_cell_area,95988,-0.6216086518308461,11.346303568964888,30.959568892233367,60.0
2010,whole_blocks,3,5000,15,random,south_of_60n,equal_cell,85464,-0.3995848938463793,11.495125934849572,33.10996732045055,60.0
2010,whole_blocks,3,5000,15,random,south_of_60n,spherical_cell_area,85464,-0.5776918320271681,11.137710118034626,30.340959507179356,60.0
2010,whole_blocks,3,5000,15,random,60_to_90n,equal_cell,10524,-0.7431397730698407,15.36432947532928,37.28038664315184,60.0
2010,whole_blocks,3,5000,15,random,60_to_90n,spherical_cell_area,10524,-1.7094143169382745,16.51309703535438,43.563609310536094,60.0
2010,whole_blocks,3,5000,15,historical_density,global,equal_cell,95988,-4.121929136137034,16.014680713357446,42.17614349748471,60.0
2010,whole_blocks,3,5000,15,historical_density,global,spherical_cell_area,95988,-2.483884640167055,13.72983123185767,36.917189922696735,60.0
2010,whole_blocks,3,5000,15,historical_density,south_of_60n,equal_cell,85464,-1.572297061580809,13.289400679545514,38.00673704187175,60.0
2010,whole_blocks,3,5000,15,historical_density,south_of_60n,spherical_cell_area,85464,-1.6916831984301912,12.87955424683866,34.75024862394191,60.0
2010,whole_blocks,3,5000,15,historical_density,60_to_90n,equal_cell,10524,-24.827151068850178,38.14631629010613,67.03547385499866,60.0
2010,whole_blocks,3,5000,15,historical_density,60_to_90n,spherical_cell_area,10524,-22.106462506232504,34.79092184244611,72.17748298364131,60.0
2010,whole_blocks,3,5000,16,random,global,equal_cell,95988,-0.6718251324446621,12.207864650016944,34.4317963505966,60.0
2010,whole_blocks,3,5000,16,random,global,spherical_cell_area,95988,-0.8829088814350129,11.64637858995883,31.657392934995684,60.0
2010,whole_blocks,3,5000,16,random,south_of_60n,equal_cell,85464,-0.4343008586191199,11.835831635748756,33.74728841621699,60.0
2010,whole_blocks,3,5000,16,random,south_of_60n,spherical_cell_area,85464,-0.7625943150560638,11.446766935925949,30.90840962118157,60.0
2010,whole_blocks,3,5000,16,random,60_to_90n,equal_cell,10524,-2.600728072222897,15.229095126206245,39.55429602137622,60.0
2010,whole_blocks,3,5000,16,random,60_to_90n,spherical_cell_area,10524,-3.863062441893964,16.590695802569265,46.50716302548574,60.0
2010,whole_blocks,3,5000,16,historical_density,global,equal_cell,95988,-4.152976543239351,16.688815156711,43.62311174775612,60.0
2010,whole_blocks,3,5000,16,historical_density,global,spherical_cell_area,95988,-2.393867621917061,13.964694140939423,37.77557904665509,60.0
2010,whole_blocks,3,5000,16,historical_density,south_of_60n,equal_cell,85464,-1.5427191791965131,13.540310391890122,38.76538663899756,60.0
2010,whole_blocks,3,5000,16,historical_density,south_of_60n,spherical_cell_area,85464,-1.5987124449524217,13.013132027716376,35.39976293011256,60.0
2010,whole_blocks,3,5000,16,historical_density,60_to_90n,equal_cell,10524,-25.350528363892813,42.25740231184706,71.78519767764381,60.0
2010,whole_blocks,3,5000,16,historical_density,60_to_90n,spherical_cell_area,10524,-22.08960857056376,37.53458517797075,75.71811050159299,60.0
2010,whole_blocks,3,5000,17,random,global,equal_cell,95988,-0.0240494906552024,11.860383303306063,32.73637033127754,60.0
2010,whole_blocks,3,5000,17,random,global,spherical_cell_area,95988,-0.1429626654895369,11.32808908324894,30.26955115837799,60.0
2010,whole_blocks,3,5000,17,random,south_of_60n,equal_cell,85464,0.2470844156482362,11.555366568272046,32.53741059739912,60.0
2010,whole_blocks,3,5000,17,random,south_of_60n,spherical_cell_area,85464,-0.0543402903600266,11.164770259712904,29.797404758089563,60.0
2010,whole_blocks,3,5000,17,random,60_to_90n,equal_cell,10524,-2.22589177194721,14.337383516432938,34.30939305649799,60.0
2010,whole_blocks,3,5000,17,random,60_to_90n,spherical_cell_area,10524,-2.3381107238442453,15.373444422168548,40.23336607067144,60.0
2010,whole_blocks,3,5000,17,historical_density,global,equal_cell,95988,-6.350580352010296,18.15018073137894,45.83239734861655,60.0
2010,whole_blocks,3,5000,17,historical_density,global,spherical_cell_area,95988,-3.245648930812632,14.50506469787162,38.231746446839736,60.0
2010,whole_blocks,3,5000,17,historical_density,south_of_60n,equal_cell,85464,-1.98767608109568,13.653517528592287,38.31570042090726,60.0
2010,whole_blocks,3,5000,17,historical_density,south_of_60n,spherical_cell_area,85464,-1.94622973168067,13.152877591055248,35.005436468817216,60.0
2010,whole_blocks,3,5000,17,historical_density,60_to_90n,equal_cell,10524,-41.78114388388473,54.66698270429402,85.07164423311627,60.0
2010,whole_blocks,3,5000,17,historical_density,60_to_90n,spherical_cell_area,10524,-35.43184939988055,47.99830946503685,85.52421834364176,60.0
2010,whole_blocks,3,5000,18,random,global,equal_cell,95988,-0.1783426775771348,12.227632097954215,35.13347103491603,60.0
2010,whole_blocks,3,5000,18,random,global,spherical_cell_area,95988,-0.2195620078123091,11.605813258968556,32.297383862299554,60.0
2010,whole_blocks,3,5000,18,random,south_of_60n,equal_cell,85464,-0.1407035567413491,11.656192323485788,34.61767244060011,60.0
2010,whole_blocks,3,5000,18,random,south_of_60n,spherical_cell_area,85464,-0.201185620488414,11.352705472508658,31.6453170124921,60.0
2010,whole_blocks,3,5000,18,random,60_to_90n,equal_cell,10524,-0.4840049564739038,16.868218271003396,39.07082804121456,60.0
2010,whole_blocks,3,5000,18,random,60_to_90n,spherical_cell_area,10524,-0.6747392798575718,17.87521266504341,45.56194472248752,60.0
2010,whole_blocks,3,5000,18,historical_density,global,equal_cell,95988,-5.148076242229077,17.515825039872286,44.64427981583965,60.0
2010,whole_blocks,3,5000,18,historical_density,global,spherical_cell_area,95988,-2.527711801940737,14.359186785491952,37.8482647586319,60.0
2010,whole_blocks,3,5000,18,historical_density,south_of_60n,equal_cell,85464,-1.3098204429414335,13.62000365664634,38.24135336458253,60.0
2010,whole_blocks,3,5000,18,historical_density,south_of_60n,spherical_cell_area,85464,-1.3537049049634495,13.183530265268692,34.97478944348186,60.0
2010,whole_blocks,3,5000,18,historical_density,60_to_90n,equal_cell,10524,-36.31803952903249,49.15327075405154,79.39106881548781,60.0
2010,whole_blocks,3,5000,18,historical_density,60_to_90n,spherical_cell_area,10524,-31.607489415986837,43.479825042915216,81.33681288385698,60.0
2010,whole_blocks,3,5000,19,random,global,equal_cell,95988,-0.1331746422292655,11.648620605680048,34.378143562130404,60.0
2010,whole_blocks,3,5000,19,random,global,spherical_cell_area,95988,-0.0985044321557829,11.119327890499948,31.650288052118587,60.0
2010,whole_blocks,3,5000,19,random,south_of_60n,equal_cell,85464,0.1174948410197419,11.250149138055455,33.811000811847734,60.0
2010,whole_blocks,3,5000,19,random,south_of_60n,spherical_cell_area,85464,0.0179767999122779,10.920574666462436,30.955333813633857,60.0
2010,whole_blocks,3,5000,19,random,60_to_90n,equal_cell,10524,-2.1688280740416137,14.884554234439864,38.677058535045695,60.0
2010,whole_blocks,3,5000,19,random,60_to_90n,spherical_cell_area,10524,-2.9837075203748067,16.042382065025244,45.60067005316895,60.0
2010,whole_blocks,3,5000,19,historical_density,global,equal_cell,95988,-4.4791034958160685,16.45850933014068,43.01900745048941,60.0
2010,whole_blocks,3,5000,19,historical_density,global,spherical_cell_area,95988,-2.657108960414715,13.854125419521615,37.39088658220559,60.0
2010,whole_blocks,3,5000,19,historical_density,south_of_60n,equal_cell,85464,-1.7458047298252322,13.454239504137144,38.39007626255189,60.0
2010,whole_blocks,3,5000,19,historical_density,south_of_60n,spherical_cell_area,85464,-1.8525990420713387,12.946171879877546,35.1036580065424,60.0
2010,whole_blocks,3,5000,19,historical_density,60_to_90n,equal_cell,10524,-26.67585812681577,40.85578378943053,70.07765966213316,60.0
2010,whole_blocks,3,5000,19,historical_density,60_to_90n,spherical_cell_area,10524,-22.584563879082346,36.34384595243792,74.19689258542792,60.0
2010,whole_blocks,4,5000,0,random,global,equal_cell,103476,-0.9782375530241564,12.399874627705934,23.90483064834579,60.0
2010,whole_blocks,4,5000,0,random,global,spherical_cell_area,103476,-1.3987587572343276,11.956961821722397,21.84526550404229,60.0
2010,whole_blocks,4,5000,0,random,south_of_60n,equal_cell,92628,-1.0090130078905122,11.815989376948629,19.89665701514724,60.0
2010,whole_blocks,4,5000,0,random,south_of_60n,spherical_cell_area,92628,-1.4227023364370246,11.619966026317307,19.75646390817319,60.0
2010,whole_blocks,4,5000,0,random,60_to_90n,equal_cell,10848,-0.7154546590934033,17.385505435886955,45.50309806377482,60.0
2010,whole_blocks,4,5000,0,random,60_to_90n,spherical_cell_area,10848,-0.7734478643872313,20.757949340193875,52.40838546173229,60.0
2010,whole_blocks,4,5000,0,historical_density,global,equal_cell,103476,-3.597755037489056,16.38876418037602,30.598846329921702,60.0
2010,whole_blocks,4,5000,0,historical_density,global,spherical_cell_area,103476,-2.860571538063095,14.320066010306842,26.158637495590703,60.0
2010,whole_blocks,4,5000,0,historical_density,south_of_60n,equal_cell,92628,-2.185822789457577,13.630179842153662,22.056377216233297,60.0
2010,whole_blocks,4,5000,0,historical_density,south_of_60n,spherical_cell_area,92628,-2.2528367575758663,13.30813173174528,22.08099209348312,60.0
2010,whole_blocks,4,5000,0,historical_density,60_to_90n,equal_cell,10848,-15.653844664209164,39.94353465243172,69.1162225117877,60.0
2010,whole_blocks,4,5000,0,historical_density,60_to_90n,spherical_cell_area,10848,-18.73218266953053,40.74775762120126,76.29811137164515,60.0
2010,whole_blocks,4,5000,1,random,global,equal_cell,103476,-0.2321911269299129,12.572994944137353,24.150301040575023,60.0
2010,whole_blocks,4,5000,1,random,global,spherical_cell_area,103476,-0.9751648231041672,12.12210482249629,22.538184280376807,60.0
2010,whole_blocks,4,5000,1,random,south_of_60n,equal_cell,92628,-0.491357503089195,12.091993255385912,20.784654124444,60.0
2010,whole_blocks,4,5000,1,random,south_of_60n,spherical_cell_area,92628,-1.1271547125643615,11.841114615002034,20.81073757354215,60.0
2010,whole_blocks,4,5000,1,random,60_to_90n,equal_cell,10848,1.98075716684608,16.68013215151825,43.296553304884974,60.0
2010,whole_blocks,4,5000,1,random,60_to_90n,spherical_cell_area,10848,2.9942055319920784,19.460449522010936,49.63480750806697,60.0
2010,whole_blocks,4,5000,1,historical_density,global,equal_cell,103476,-3.9478652238891696,17.018746805839474,32.70294899787689,60.0
2010,whole_blocks,4,5000,1,historical_density,global,spherical_cell_area,103476,-2.776738952203712,14.532838436687932,27.192105923459323,60.0
2010,whole_blocks,4,5000,1,historical_density,south_of_60n,equal_cell,92628,-1.5792604514004265,13.489555633360633,21.744540062196343,60.0
2010,whole_blocks,4,5000,1,historical_density,south_of_60n,spherical_cell_area,92628,-1.7083188966945393,13.178176808766665,21.77765211212872,60.0
2010,whole_blocks,4,5000,1,historical_density,60_to_90n,equal_cell,10848,-24.172710620836742,47.1535108106671,78.51226206605268,60.0
2010,whole_blocks,4,5000,1,historical_density,60_to_90n,spherical_cell_area,10848,-30.679614006528173,49.91120291971061,87.543865546665,60.0
2010,whole_blocks,4,5000,2,random,global,equal_cell,103476,-0.7197431310445844,12.82508751820248,23.98581584869373,60.0
2010,whole_blocks,4,5000,2,random,global,spherical_cell_area,103476,-1.4597195230818716,12.272187740698277,22.171427795910088,60.0
2010,whole_blocks,4,5000,2,random,south_of_60n,equal_cell,92628,-0.9160485306979098,12.165371434100823,20.4835298358682,60.0
2010,whole_blocks,4,5000,2,random,south_of_60n,spherical_cell_area,92628,-1.593604934771006,11.933639210088613,20.37894289960843,60.0
2010,whole_blocks,4,5000,2,random,60_to_90n,equal_cell,10848,0.9564530856855228,18.458216338092605,43.64832654839918,60.0
2010,whole_blocks,4,5000,2,random,60_to_90n,spherical_cell_area,10848,2.0368340044334503,21.11372651631087,49.83436722558,60.0
2010,whole_blocks,4,5000,2,historical_density,global,equal_cell,103476,-4.523367495255054,17.248273579210824,32.61366288832845,60.0
2010,whole_blocks,4,5000,2,historical_density,global,spherical_cell_area,103476,-3.110960869191866,14.495160470149752,26.95392320234159,60.0
2010,whole_blocks,4,5000,2,historical_density,south_of_60n,equal_cell,92628,-2.1431391932863284,13.41868888076549,21.838573205955967,60.0
2010,whole_blocks,4,5000,2,historical_density,south_of_60n,spherical_cell_area,92628,-2.1146422028951704,13.115182658002851,21.902956773797666,60.0
2010,whole_blocks,4,5000,2,historical_density,60_to_90n,equal_cell,10848,-24.847462918813235,49.94801283507315,77.93300274985076,60.0
2010,whole_blocks,4,5000,2,historical_density,60_to_90n,spherical_cell_area,10848,-29.13083490339769,50.5346828204903,84.68340857528219,60.0
2010,whole_blocks,4,5000,3,random,global,equal_cell,103476,-0.6701365330898182,12.88758358737184,24.037034274724864,60.0
2010,whole_blocks,4,5000,3,random,global,spherical_cell_area,103476,-1.4003532434057604,12.453878329972014,22.46908501591306,60.0
2010,whole_blocks,4,5000,3,random,south_of_60n,equal_cell,92628,-0.9251996948513896,12.234963247595555,20.529778901369426,60.0
2010,whole_blocks,4,5000,3,random,south_of_60n,spherical_cell_area,92628,-1.529053197372816,12.103194908732592,20.64962934393284,60.0
2010,whole_blocks,4,5000,3,random,60_to_90n,equal_cell,10848,1.5077755749163415,18.46012385588193,43.73147482898753,60.0
2010,whole_blocks,4,5000,3,random,60_to_90n,spherical_cell_area,10848,1.960776788292003,21.61233210104363,50.5344322844669,60.0
2010,whole_blocks,4,5000,3,historical_density,global,equal_cell,103476,-4.836312117694176,17.82971030991209,32.978832865519706,60.0
2010,whole_blocks,4,5000,3,historical_density,global,spherical_cell_area,103476,-2.968830119340891,14.936531310587036,27.18614121390956,60.0
2010,whole_blocks,4,5000,3,historical_density,south_of_60n,equal_cell,92628,-1.7326000939764612,13.717628978666552,22.137448409298788,60.0
2010,whole_blocks,4,5000,3,historical_density,south_of_60n,spherical_cell_area,92628,-1.754316099779493,13.487111376011876,22.23588702428622,60.0
2010,whole_blocks,4,5000,3,historical_density,60_to_90n,equal_cell,10848,-31.33803016092099,52.941608314208914,78.67528771189788,60.0
2010,whole_blocks,4,5000,3,historical_density,60_to_90n,spherical_cell_area,10848,-34.68709744763152,52.78960522768424,84.42991997679383,60.0
2010,whole_blocks,4,5000,4,random,global,equal_cell,103476,-0.3868393240312647,12.98766423346516,23.956957553138107,60.0
2010,whole_blocks,4,5000,4,random,global,spherical_cell_area,103476,-0.8359812501255882,12.591514033079362,22.233078585542195,60.0
2010,whole_blocks,4,5000,4,random,south_of_60n,equal_cell,92628,-0.2599008141737711,12.432670762150796,20.52668742736313,60.0
2010,whole_blocks,4,5000,4,random,south_of_60n,spherical_cell_area,92628,-0.7949523141560833,12.255026927322207,20.43871102084278,60.0
2010,whole_blocks,4,5000,4,random,60_to_90n,equal_cell,10848,-1.470731312515771,17.726596318725782,43.32281681012906,60.0
2010,whole_blocks,4,5000,4,random,60_to_90n,spherical_cell_area,10848,-1.907493590300996,21.379216604666432,49.93980114189963,60.0
2010,whole_blocks,4,5000,4,historical_density,global,equal_cell,103476,-4.824934976948322,16.75664910551711,31.697722548197707,60.0
2010,whole_blocks,4,5000,4,historical_density,global,spherical_cell_area,103476,-3.4845415410367138,14.415523510092545,26.64766409191916,60.0
2010,whole_blocks,4,5000,4,historical_density,south_of_60n,equal_cell,92628,-2.790720552918543,13.68335769385858,22.11410417360701,60.0
2010,whole_blocks,4,5000,4,historical_density,south_of_60n,spherical_cell_area,92628,-2.696456954968738,13.30916205415838,22.0717984748201,60.0
2010,whole_blocks,4,5000,4,historical_density,60_to_90n,equal_cell,10848,-22.19451588301676,42.99861415705711,73.54090315767854,60.0
2010,whole_blocks,4,5000,4,historical_density,60_to_90n,spherical_cell_area,10848,-24.066171045187243,43.3092767775184,80.82226419838845,60.0
2010,whole_blocks,4,5000,5,random,global,equal_cell,103476,-0.4086971759097456,13.08241254741271,25.4261365328972,60.0
2010,whole_blocks,4,5000,5,random,global,spherical_cell_area,103476,-1.503247083470221,12.395530736195605,22.942162965448,60.0
2010,whole_blocks,4,5000,5,random,south_of_60n,equal_cell,92628,-1.2690713885504978,12.055462154397194,20.45537279522605,60.0
2010,whole_blocks,4,5000,5,random,south_of_60n,spherical_cell_area,92628,-1.8447610832373436,11.930271822384226,20.57006083257823,60.0
2010,whole_blocks,4,5000,5,random,60_to_90n,equal_cell,10848,6.937794580034907,21.8512511355618,50.93015440029642,60.0
2010,whole_blocks,4,5000,5,random,60_to_90n,spherical_cell_area,10848,7.415737931523073,24.54623988195644,56.761949177269614,60.0
2010,whole_blocks,4,5000,5,historical_density,global,equal_cell,103476,-5.886037175953271,18.422830192737145,34.1562690347143,60.0
2010,whole_blocks,4,5000,5,historical_density,global,spherical_cell_area,103476,-3.616195647561607,15.16071323936759,27.733684663623468,60.0
2010,whole_blocks,4,5000,5,historical_density,south_of_60n,equal_cell,92628,-2.490684841087625,13.849447793064952,22.49790401919564,60.0
2010,whole_blocks,4,5000,5,historical_density,south_of_60n,spherical_cell_area,92628,-2.361217469598844,13.593537672231577,22.553780443223545,60.0
2010,whole_blocks,4,5000,5,historical_density,60_to_90n,equal_cell,10848,-34.87798924766556,57.47364738639827,82.50109529662821,60.0
2010,whole_blocks,4,5000,5,historical_density,60_to_90n,spherical_cell_area,10848,-36.39122557613272,56.08909511736096,87.01705652407999,60.0
2010,whole_blocks,4,5000,6,random,global,equal_cell,103476,-0.5483123340804782,13.09650274202112,24.001094941953703,60.0
2010,whole_blocks,4,5000,6,random,global,spherical_cell_area,103476,-1.5250678597838778,12.461770141112067,22.3115102838525,60.0
2010,whole_blocks,4,5000,6,random,south_of_60n,equal_cell,92628,-1.2473570037124289,12.240536899845072,20.49587479388223,60.0
2010,whole_blocks,4,5000,6,random,south_of_60n,spherical_cell_area,92628,-1.788730868843512,12.05034988646598,20.54572360432714,60.0
2010,whole_blocks,4,5000,6,random,60_to_90n,equal_cell,10848,5.420632140354287,20.4053526709558,43.67894825833524,60.0
2010,whole_blocks,4,5000,6,random,60_to_90n,spherical_cell_area,10848,5.36075945158397,23.206428013279336,49.74111215923387,60.0
2010,whole_blocks,4,5000,6,historical_density,global,equal_cell,103476,-6.623565046309495,19.498475116032647,36.85465237564442,60.0
2010,whole_blocks,4,5000,6,historical_density,global,spherical_cell_area,103476,-3.7644099728643754,15.384788244284852,28.40500838428705,60.0
2010,whole_blocks,4,5000,6,historical_density,south_of_60n,equal_cell,92628,-2.1230475599547733,13.783978142676077,21.973758366775016,60.0
2010,whole_blocks,4,5000,6,historical_density,south_of_60n,spherical_cell_area,92628,-2.204616409897826,13.497336241798768,22.002112235185013,60.0
2010,whole_blocks,4,5000,6,historical_density,60_to_90n,equal_cell,10848,-45.05220937946447,68.29294650689481,93.98522906313356,60.0
2010,whole_blocks,4,5000,6,historical_density,60_to_90n,spherical_cell_area,10848,-44.50000331330736,64.67751456933038,96.10322212968724,60.0
2010,whole_blocks,4,5000,7,random,global,equal_cell,103476,-0.0696778959588174,12.638083636084366,23.47910489691505,60.0
2010,whole_blocks,4,5000,7,random,global,spherical_cell_area,103476,-0.743577604957414,12.179001601017069,21.85559396221229,60.0
2010,whole_blocks,4,5000,7,random,south_of_60n,equal_cell,92628,-0.5348962241409219,12.00074968724987,19.99292717335389,60.0
2010,whole_blocks,4,5000,7,random,south_of_60n,spherical_cell_area,92628,-0.9673681591422938,11.83661453671609,20.064755318825,60.0
2010,whole_blocks,4,5000,7,random,60_to_90n,equal_cell,10848,3.902689665144794,18.080097741232,42.957204295336616,60.0
2010,whole_blocks,4,5000,7,random,60_to_90n,spherical_cell_area,10848,5.100940044781822,21.12078758317376,49.37877793793943,60.0
2010,whole_blocks,4,5000,7,historical_density,global,equal_cell,103476,-3.954903766323052,16.920016508993985,31.553241697296865,60.0
2010,whole_blocks,4,5000,7,historical_density,global,spherical_cell_area,103476,-2.7666374704143863,14.575222974535237,26.634951445285303,60.0
2010,whole_blocks,4,5000,7,historical_density,south_of_60n,equal_cell,92628,-2.13491356742322,13.696595721869851,22.245278544246585,60.0
2010,whole_blocks,4,5000,7,historical_density,south_of_60n,spherical_cell_area,92628,-2.000306463800204,13.425531961383763,22.2770127719814,60.0
2010,whole_blocks,4,5000,7,historical_density,60_to_90n,equal_cell,10848,-19.49528467927416,44.4438937831214,72.60447066762987,60.0
2010,whole_blocks,4,5000,7,historical_density,60_to_90n,spherical_cell_area,10848,-22.7801501497696,44.60057164300169,79.22240136635111,60.0
2010,whole_blocks,4,5000,8,random,global,equal_cell,103476,-0.6931860140012269,12.980254989287763,24.086115293007232,60.0
2010,whole_blocks,4,5000,8,random,global,spherical_cell_area,103476,-1.1393291658095608,12.6160507513326,22.54441394740721,60.0
2010,whole_blocks,4,5000,8,random,south_of_60n,equal_cell,92628,-0.8106343522931729,12.479334091267413,20.98555594716117,60.0
2010,whole_blocks,4,5000,8,random,south_of_60n,spherical_cell_area,92628,-1.1774614784806576,12.337810403113783,20.95325235704444,60.0
2010,whole_blocks,4,5000,8,random,60_to_90n,equal_cell,10848,0.3096720869672809,17.25747668377792,42.11180774337529,60.0
2010,whole_blocks,4,5000,8,random,60_to_90n,spherical_cell_area,10848,-0.143465085471812,19.882580082552828,48.12262958216103,60.0
2010,whole_blocks,4,5000,8,historical_density,global,equal_cell,103476,-5.173101739497038,18.128166282106765,33.212342434150564,60.0
2010,whole_blocks,4,5000,8,historical_density,global,spherical_cell_area,103476,-3.116853913107392,14.959050961700717,27.063899463362134,60.0
2010,whole_blocks,4,5000,8,historical_density,south_of_60n,equal_cell,92628,-2.122032622148593,13.801698184136194,22.032709855999077,60.0
2010,whole_blocks,4,5000,8,historical_density,south_of_60n,spherical_cell_area,92628,-2.001097583017795,13.482032840392614,22.076940395917514,60.0
2010,whole_blocks,4,5000,8,historical_density,60_to_90n,equal_cell,10848,-31.22531691296235,55.07065217617185,79.85447219201797,60.0
2010,whole_blocks,4,5000,8,historical_density,60_to_90n,spherical_cell_area,10848,-32.25596386244731,53.532879559659904,84.45432585880125,60.0
2010,whole_blocks,4,5000,9,random,global,equal_cell,103476,-0.9373685634350524,13.19608484882793,24.710366596620485,60.0
2010,whole_blocks,4,5000,9,random,global,spherical_cell_area,103476,-1.6002318288571418,12.625629368799896,22.85451967098546,60.0
2010,whole_blocks,4,5000,9,random,south_of_60n,equal_cell,92628,-1.0385135597978057,12.492790254876429,21.131881882540807,60.0
2010,whole_blocks,4,5000,9,random,south_of_60n,spherical_cell_area,92628,-1.629583615810796,12.274970232512889,21.0437463440234,60.0
2010,whole_blocks,4,5000,9,random,60_to_90n,equal_cell,10848,-0.0737200823243318,19.20131822350894,44.84799576104342,60.0
2010,whole_blocks,4,5000,9,random,60_to_90n,spherical_cell_area,10848,-0.8336800969180906,21.78344891367057,50.97338700403044,60.0
2010,whole_blocks,4,5000,9,historical_density,global,equal_cell,103476,-4.127327226225468,17.18752568270991,32.20904461917715,60.0
2010,whole_blocks,4,5000,9,historical_density,global,spherical_cell_area,103476,-3.108416113271333,14.748171034994666,27.053884585967,60.0
2010,whole_blocks,4,5000,9,historical_density,south_of_60n,equal_cell,92628,-1.94956070928955,13.80561562627958,22.26524555617156,60.0
2010,whole_blocks,4,5000,9,historical_density,south_of_60n,spherical_cell_area,92628,-2.231520205534752,13.53862650021509,22.355748049436592,60.0
2010,whole_blocks,4,5000,9,historical_density,60_to_90n,equal_cell,10848,-22.72265880169931,46.06469794552595,75.25082455254062,60.0
2010,whole_blocks,4,5000,9,historical_density,60_to_90n,spherical_cell_area,10848,-26.00944349763812,46.33665522018855,82.4275864003283,60.0
2010,whole_blocks,4,5000,10,random,global,equal_cell,103476,-0.9970458948178592,12.951498106884456,23.81993852898077,60.0
2010,whole_blocks,4,5000,10,random,global,spherical_cell_area,103476,-1.7762204303082356,12.480969626935488,22.231392704773853,60.0
2010,whole_blocks,4,5000,10,random,south_of_60n,equal_cell,92628,-1.2972036357056924,12.309949007674296,20.563027035666416,60.0
2010,whole_blocks,4,5000,10,random,south_of_60n,spherical_cell_area,92628,-1.913704794800822,12.138303891328295,20.558415761754333,60.0
2010,whole_blocks,4,5000,10,random,60_to_90n,equal_cell,10848,1.5659160542011503,18.429504187418992,42.446117153625615,60.0
2010,whole_blocks,4,5000,10,random,60_to_90n,spherical_cell_area,10848,1.8143234054976527,21.430033393329364,48.618776290467615,60.0
2010,whole_blocks,4,5000,10,historical_density,global,equal_cell,103476,-5.833960516929273,18.340099396191537,34.59249007472624,60.0
2010,whole_blocks,4,5000,10,historical_density,global,spherical_cell_area,103476,-3.800783549625712,15.495163204261292,28.40194149235332,60.0
2010,whole_blocks,4,5000,10,historical_density,south_of_60n,equal_cell,92628,-2.5868672464654514,14.102780835421992,22.494275243233684,60.0
2010,whole_blocks,4,5000,10,historical_density,south_of_60n,spherical_cell_area,92628,-2.438696709867215,13.916887623303072,22.6399152905802,60.0
2010,whole_blocks,4,5000,10,historical_density,60_to_90n,equal_cell,10848,-33.55997042258218,54.52136263798372,84.22521973952882,60.0
2010,whole_blocks,4,5000,10,historical_density,60_to_90n,spherical_cell_area,10848,-39.37306498233298,56.71343321865302,92.12767484684872,60.0
2010,whole_blocks,4,5000,11,random,global,equal_cell,103476,-1.051056355420482,12.9008872306956,23.727238467553075,60.0
2010,whole_blocks,4,5000,11,random,global,spherical_cell_area,103476,-1.5499544956630278,12.40256326119527,21.986388096353952,60.0
2010,whole_blocks,4,5000,11,random,south_of_60n,equal_cell,92628,-1.1555622229997318,12.229064321215196,20.34704565507545,60.0
2010,whole_blocks,4,5000,11,random,south_of_60n,spherical_cell_area,92628,-1.620985902218937,12.048672326516224,20.256950106469866,60.0
2010,whole_blocks,4,5000,11,random,60_to_90n,equal_cell,10848,-0.1587103467432379,18.637392804013324,42.83779028382845,60.0
2010,whole_blocks,4,5000,11,random,60_to_90n,spherical_cell_area,10848,0.305102840487332,21.6447845039458,48.90158624014694,60.0
2010,whole_blocks,4,5000,11,historical_density,global,equal_cell,103476,-6.17386582976941,18.485749839028017,34.9055208373006,60.0
2010,whole_blocks,4,5000,11,historical_density,global,spherical_cell_area,103476,-3.395446184842497,14.86001685606713,27.59099802538322,60.0
2010,whole_blocks,4,5000,11,historical_density,south_of_60n,equal_cell,92628,-2.053767888164153,13.440578119949883,21.913126877184496,60.0
2010,whole_blocks,4,5000,11,historical_density,south_of_60n,spherical_cell_area,92628,-1.9472554246487237,13.157725606164142,21.894301557637785,60.0
2010,whole_blocks,4,5000,11,historical_density,60_to_90n,equal_cell,10848,-41.354215399737306,61.56504242704145,86.72810216409961,60.0
2010,whole_blocks,4,5000,11,historical_density,60_to_90n,spherical_cell_area,10848,-41.21641896437032,59.31708204048704,90.13012459064797,60.0
2010,whole_blocks,4,5000,12,random,global,equal_cell,103476,-0.5757214780766451,13.071166237488152,24.348412221559716,60.0
2010,whole_blocks,4,5000,12,random,global,spherical_cell_area,103476,-1.3486601829024765,12.413203066315226,22.372527526342328,60.0
2010,whole_blocks,4,5000,12,random,south_of_60n,equal_cell,92628,-0.967207494574853,12.185186302427775,20.41449026856508,60.0
2010,whole_blocks,4,5000,12,random,south_of_60n,spherical_cell_area,92628,-1.520735855413729,11.970565019767426,20.385724712359377,60.0
2010,whole_blocks,4,5000,12,random,60_to_90n,equal_cell,10848,2.767066753504847,20.636298005995933,45.78711574182114,60.0
2010,whole_blocks,4,5000,12,random,60_to_90n,spherical_cell_area,10848,3.1452707997784426,23.973145285134294,52.14540631810018,60.0
2010,whole_blocks,4,5000,12,historical_density,global,equal_cell,103476,-5.363422733898244,17.930116216578316,34.05096581593222,60.0
2010,whole_blocks,4,5000,12,historical_density,global,spherical_cell_area,103476,-3.157534559868709,14.977265031476495,27.71598440452081,60.0
2010,whole_blocks,4,5000,12,historical_density,south_of_60n,equal_cell,92628,-1.8468461868674828,13.665252554304212,21.91258067123221,60.0
2010,whole_blocks,4,5000,12,historical_density,south_of_60n,spherical_cell_area,92628,-1.748614967073034,13.39977545075992,21.955000229072933,60.0
2010,whole_blocks,4,5000,12,historical_density,60_to_90n,equal_cell,10848,-35.390474024308034,54.3465792797352,83.42588968827954,60.0
2010,whole_blocks,4,5000,12,historical_density,60_to_90n,spherical_cell_area,10848,-39.95290091101066,56.17500785113605,90.78200161505404,60.0
2010,whole_blocks,4,5000,13,random,global,equal_cell,103476,-0.3421020921417027,13.20662642842438,24.95321034250442,60.0
2010,whole_blocks,4,5000,13,random,global,spherical_cell_area,103476,-1.4884696167613714,12.6200515764963,22.947971382810824,60.0
2010,whole_blocks,4,5000,13,random,south_of_60n,equal_cell,92628,-1.164867953891043,12.224624315495308,20.726403332293327,60.0
2010,whole_blocks,4,5000,13,random,south_of_60n,spherical_cell_area,92628,-1.878370773052649,12.124984231413242,20.81471855992687,60.0
2010,whole_blocks,4,5000,13,random,60_to_90n,equal_cell,10848,6.683262605693648,21.591664381631816,47.65825062684804,60.0
2010,whole_blocks,4,5000,13,random,60_to_90n,spherical_cell_area,10848,8.694195142697351,25.54923818442224,54.44923500405472,60.0
2010,whole_blocks,4,5000,13,historical_density,global,equal_cell,103476,-3.980153322596269,16.819923929994868,31.355711634367676,60.0
2010,whole_blocks,4,5000,13,historical_density,global,spherical_cell_area,103476,-3.2507966177793484,14.548079560115674,26.5250041633142,60.0
2010,whole_blocks,4,5000,13,historical_density,south_of_60n,equal_cell,92628,-2.3132095997039945,13.84124248360996,22.236846837048848,60.0
2010,whole_blocks,4,5000,13,historical_density,south_of_60n,spherical_cell_area,92628,-2.551474777102204,13.47629772971582,22.19328465885518,60.0
2010,whole_blocks,4,5000,13,historical_density,60_to_90n,equal_cell,10848,-18.21371371751382,42.254041280266,71.80584720557742,60.0
2010,whole_blocks,4,5000,13,historical_density,60_to_90n,spherical_cell_area,10848,-21.51429686055163,42.53875078061261,78.83490426379637,60.0
2010,whole_blocks,4,5000,14,random,global,equal_cell,103476,-1.380871620319881,13.329795307034953,24.294262463092576,60.0
2010,whole_blocks,4,5000,14,random,global,spherical_cell_area,103476,-1.7678243990371256,12.971661125492917,22.6246432866521,60.0
2010,whole_blocks,4,5000,14,random,south_of_60n,equal_cell,92628,-1.2959799191542214,12.639090079500509,20.617224849200028,60.0
2010,whole_blocks,4,5000,14,random,south_of_60n,spherical_cell_area,92628,-1.7269194245403123,12.573040496810018,20.723210766865343,60.0
2010,whole_blocks,4,5000,14,random,60_to_90n,equal_cell,10848,-2.1057378164456826,19.227531647011016,44.72477356099776,60.0
2010,whole_blocks,4,5000,14,random,60_to_90n,spherical_cell_area,10848,-2.836099359432706,23.382043763728262,51.61816889453541,60.0
2010,whole_blocks,4,5000,14,historical_density,global,equal_cell,103476,-5.3118228759181125,18.56820369603063,34.23519087344555,60.0
2010,whole_blocks,4,5000,14,historical_density,global,spherical_cell_area,103476,-3.20090591926968,14.993235870088514,27.45465736493484,60.0
2010,whole_blocks,4,5000,14,historical_density,south_of_60n,equal_cell,92628,-2.028712064990084,13.641493853769449,22.04683989657503,60.0
2010,whole_blocks,4,5000,14,historical_density,south_of_60n,spherical_cell_area,92628,-1.9702473917756635,13.313276123646997,22.014586664286156,60.0
2010,whole_blocks,4,5000,14,historical_density,60_to_90n,equal_cell,10848,-33.345376359937426,60.63598386463024,83.84200130955588,60.0
2010,whole_blocks,4,5000,14,historical_density,60_to_90n,spherical_cell_area,10848,-35.340803471866344,58.86709115719542,88.2156491339593,60.0
2010,whole_blocks,4,5000,15,random,global,equal_cell,103476,-0.6203869977590525,13.210098007060967,25.011526480142525,60.0
2010,whole_blocks,4,5000,15,random,global,spherical_cell_area,103476,-1.1588594718241738,12.704162921998387,23.258310385127565,60.0
2010,whole_blocks,4,5000,15,random,south_of_60n,equal_cell,92628,-0.8452800354322499,12.528773097640295,21.343173633615365,60.0
2010,whole_blocks,4,5000,15,random,south_of_60n,spherical_cell_area,92628,-1.250258138555417,12.354980077517324,21.4080581793198,60.0
2010,whole_blocks,4,5000,15,random,60_to_90n,equal_cell,10848,1.2999109644084397,19.027738467036844,45.58010464907504,60.0
2010,whole_blocks,4,5000,15,random,60_to_90n,spherical_cell_area,10848,1.2281095529367287,21.82342760673462,51.95461710454863,60.0
2010,whole_blocks,4,5000,15,historical_density,global,equal_cell,103476,-3.918102838955891,17.30958656980336,32.151181359734046,60.0
2010,whole_blocks,4,5000,15,historical_density,global,spherical_cell_area,103476,-2.3315097803551867,14.893600315363289,26.94497149266093,60.0
2010,whole_blocks,4,5000,15,historical_density,south_of_60n,equal_cell,92628,-1.4837553228336224,14.060967435231651,22.32502710347855,60.0
2010,whole_blocks,4,5000,15,historical_density,south_of_60n,spherical_cell_area,92628,-1.36269896538642,13.72378328169586,22.243944935707116,60.0
2010,whole_blocks,4,5000,15,historical_density,60_to_90n,equal_cell,10848,-24.70430690637602,45.04862539697042,74.86255462089754,60.0
2010,whole_blocks,4,5000,15,historical_density,60_to_90n,spherical_cell_area,10848,-27.63298833456384,45.44456045368351,82.24996815286427,60.0
2010,whole_blocks,4,5000,16,random,global,equal_cell,103476,-0.7557488140267437,13.010349149296768,23.88420695778899,60.0
2010,whole_blocks,4,5000,16,random,global,spherical_cell_area,103476,-1.287764937397243,12.63911593842965,22.273612033744502,60.0
2010,whole_blocks,4,5000,16,random,south_of_60n,equal_cell,92628,-0.8941431448472029,12.449432898989503,20.56478003981959,60.0
2010,whole_blocks,4,5000,16,random,south_of_60n,spherical_cell_area,92628,-1.3825031085751645,12.321964316307996,20.58431040791004,60.0
2010,whole_blocks,4,5000,16,random,60_to_90n,equal_cell,10848,0.4259611855342356,17.799854167130583,42.78202559466752,60.0
2010,whole_blocks,4,5000,16,random,60_to_90n,spherical_cell_area,10848,1.186418638268564,20.92185271382597,48.85603587995749,60.0
2010,whole_blocks,4,5000,16,historical_density,global,equal_cell,103476,-3.895342456619376,17.00716122792473,31.1335151720482,60.0
2010,whole_blocks,4,5000,16,historical_density,global,spherical_cell_area,103476,-2.6920983676907912,14.556171009019208,26.179028139567357,60.0
2010,whole_blocks,4,5000,16,historical_density,south_of_60n,equal_cell,92628,-1.7912075275120216,13.646357092427802,21.76493618634347,60.0
2010,whole_blocks,4,5000,16,historical_density,south_of_60n,spherical_cell_area,92628,-1.844731534146696,13.35776541177336,21.791424950253017,60.0
2010,whole_blocks,4,5000,16,historical_density,60_to_90n,equal_cell,10848,-21.861954755048203,45.704116008788425,72.11755259523807,60.0
2010,whole_blocks,4,5000,16,historical_density,60_to_90n,spherical_cell_area,10848,-24.82194398378748,45.85375052554945,78.62644665805107,60.0
2010,whole_blocks,4,5000,17,random,global,equal_cell,103476,-1.1093308008576643,12.614534826844034,23.826598630028723,60.0
2010,whole_blocks,4,5000,17,random,global,spherical_cell_area,103476,-1.7811545772556787,12.13923897162408,22.11689984920993,60.0
2010,whole_blocks,4,5000,17,random,south_of_60n,equal_cell,92628,-1.2630790130562208,11.99774446009954,20.273954975369755,60.0
2010,whole_blocks,4,5000,17,random,south_of_60n,spherical_cell_area,92628,-1.81321641089374,11.778801677664708,20.266571475756383,60.0
2010,whole_blocks,4,5000,17,random,60_to_90n,equal_cell,10848,0.2034816437890811,17.88113310217672,43.65200905459307,60.0
2010,whole_blocks,4,5000,17,random,60_to_90n,spherical_cell_area,10848,-0.9438272232787592,21.55242503679409,50.37124610520858,60.0
2010,whole_blocks,4,5000,17,historical_density,global,equal_cell,103476,-5.128246420548963,17.224762455269484,32.38270266232611,60.0
2010,whole_blocks,4,5000,17,historical_density,global,spherical_cell_area,103476,-3.109990737172586,14.613657377695285,26.82466248040406,60.0
2010,whole_blocks,4,5000,17,historical_density,south_of_60n,equal_cell,92628,-2.1671187763720794,13.79772657577538,22.026268852351784,60.0
2010,whole_blocks,4,5000,17,historical_density,south_of_60n,spherical_cell_area,92628,-2.0141432572586244,13.39644458334028,21.9099157825082,60.0
2010,whole_blocks,4,5000,17,historical_density,60_to_90n,equal_cell,10848,-30.412476824754,46.48725134223295,76.55103166041114,60.0
2010,whole_blocks,4,5000,17,historical_density,60_to_90n,spherical_cell_area,10848,-31.729160840698487,46.40240595114542,83.51539498936368,60.0
2010,whole_blocks,4,5000,18,random,global,equal_cell,103476,0.0106999930649813,13.759036211573584,27.18300800589562,60.0
2010,whole_blocks,4,5000,18,random,global,spherical_cell_area,103476,-0.7640992664470415,13.123146877859988,24.42890305620708,60.0
2010,whole_blocks,4,5000,18,random,south_of_60n,equal_cell,92628,-0.5078164805061677,12.761980442229456,21.595384532152995,60.0
2010,whole_blocks,4,5000,18,random,south_of_60n,spherical_cell_area,92628,-0.9713838830075112,12.66331892192955,21.7701106637188,60.0
2010,whole_blocks,4,5000,18,random,60_to_90n,equal_cell,10848,4.438165324365535,22.272613073926824,55.37317375443836,60.0
2010,whole_blocks,4,5000,18,random,60_to_90n,spherical_cell_area,10848,4.649349055443527,25.13202104177471,61.68221123963275,60.0
2010,whole_blocks,4,5000,18,historical_density,global,equal_cell,103476,-4.675452702019674,17.545939098429525,32.32736595906911,60.0
2010,whole_blocks,4,5000,18,historical_density,global,spherical_cell_area,103476,-3.2053726635501105,14.87533201359356,27.02211653741447,60.0
2010,whole_blocks,4,5000,18,historical_density,south_of_60n,equal_cell,92628,-2.25465237163172,13.849832672375031,22.37049913693508,60.0
2010,whole_blocks,4,5000,18,historical_density,south_of_60n,spherical_cell_area,92628,-2.2251505385846464,13.530634433539168,22.375731467538493,60.0
2010,whole_blocks,4,5000,18,historical_density,60_to_90n,equal_cell,10848,-25.345981186825664,49.10594518550324,75.46793399296752,60.0
2010,whole_blocks,4,5000,18,historical_density,60_to_90n,spherical_cell_area,10848,-28.80486916996978,49.993475265059246,82.00231645695095,60.0
2010,whole_blocks,4,5000,19,random,global,equal_cell,103476,-0.2882672781436381,12.81636095404396,24.368431648802407,60.0
2010,whole_blocks,4,5000,19,random,global,spherical_cell_area,103476,-0.7868741824796569,12.208616021381324,22.594683540500927,60.0
2010,whole_blocks,4,5000,19,random,south_of_60n,equal_cell,92628,-0.3658302912972931,11.928763971773272,20.50890271415328,60.0
2010,whole_blocks,4,5000,19,random,south_of_60n,spherical_cell_area,92628,-0.8018912851350225,11.740415819744284,20.596733954126098,60.0
2010,whole_blocks,4,5000,19,random,60_to_90n,equal_cell,10848,0.3740213264283339,20.395300230755712,45.527706622172936,60.0
2010,whole_blocks,4,5000,19,random,60_to_90n,spherical_cell_area,10848,-0.3946872922111678,24.43613988647932,52.57549207169131,60.0
2010,whole_blocks,4,5000,19,historical_density,global,equal_cell,103476,-4.936953048835972,17.61544495460594,34.13942097449608,60.0
2010,whole_blocks,4,5000,19,historical_density,global,spherical_cell_area,103476,-2.993235763888176,14.848903372590325,27.92547689524006,60.0
2010,whole_blocks,4,5000,19,historical_density,south_of_60n,equal_cell,92628,-1.7912569614119498,13.706750375170458,22.033866541889783,60.0
2010,whole_blocks,4,5000,19,historical_density,south_of_60n,spherical_cell_area,92628,-1.7725287268292158,13.40389917671954,22.056300668774828,60.0
2010,whole_blocks,4,5000,19,historical_density,60_to_90n,equal_cell,10848,-31.797161122758563,50.99068108144495,83.4979194397043,60.0
2010,whole_blocks,4,5000,19,historical_density,60_to_90n,spherical_cell_area,10848,-34.87324003501574,52.58665578790052,91.87499163605833,60.0
2014,hidden_cells,-1,5000,0,random,global,equal_cell,97488,0.5518313015487794,12.028356943328182,24.63884198480858,60.0
2014,hidden_cells,-1,5000,0,random,global,spherical_cell_area,97488,0.6594793058027695,11.502465932702371,23.64734801984081,60.0
2014,hidden_cells,-1,5000,0,random,south_of_60n,equal_cell,87025,0.6618060157283581,11.162352384723524,22.56318626521734,60.0
2014,hidden_cells,-1,5000,0,random,south_of_60n,spherical_cell_area,87025,0.6701067763834283,11.13570540210226,22.613198395346096,60.0
2014,hidden_cells,-1,5000,0,random,60_to_90n,equal_cell,10463,-0.3628728465423846,19.23126688431744,37.70903790284677,60.0
2014,hidden_cells,-1,5000,0,random,60_to_90n,spherical_cell_area,10463,0.3886103388903105,20.850320182114924,42.172660510103775,60.0
2014,hidden_cells,-1,5000,0,historical_density,global,equal_cell,97488,-4.934662813391904,16.27335019432884,33.81356715882009,60.0
2014,hidden_cells,-1,5000,0,historical_density,global,spherical_cell_area,97488,-1.9593771133338087,13.70764446486444,29.26253924906019,60.0
2014,hidden_cells,-1,5000,0,historical_density,south_of_60n,equal_cell,87025,-1.1112892485412595,12.683478920539123,26.241910642983967,60.0
2014,hidden_cells,-1,5000,0,historical_density,south_of_60n,spherical_cell_area,87025,-0.714913454781847,12.492231572185082,26.126255365707124,60.0
2014,hidden_cells,-1,5000,0,historical_density,60_to_90n,equal_cell,10463,-36.735206107010114,46.1317605547943,70.18149883971198,60.0
2014,hidden_cells,-1,5000,0,historical_density,60_to_90n,spherical_cell_area,10463,-33.67779806719134,44.68563044125433,72.69029010594886,60.0
2014,hidden_cells,-1,5000,1,random,global,equal_cell,97488,-0.523496660562674,10.547739708906777,23.329602053307827,60.0
2014,hidden_cells,-1,5000,1,random,global,spherical_cell_area,97488,-0.5203019107867902,10.204733337191389,22.849095476907834,60.0
2014,hidden_cells,-1,5000,1,random,south_of_60n,equal_cell,87025,-0.482274624540335,10.066338328882184,21.886119671556024,60.0
2014,hidden_cells,-1,5000,1,random,south_of_60n,spherical_cell_area,87025,-0.5227291166358659,9.96400679976823,22.106053903172587,60.0
2014,hidden_cells,-1,5000,1,random,60_to_90n,equal_cell,10463,-0.8663569955377344,14.551749562356072,32.97167695007564,60.0
2014,hidden_cells,-1,5000,1,random,60_to_90n,spherical_cell_area,10463,-0.4584382024064026,16.34028064408242,37.06019609879621,60.0
2014,hidden_cells,-1,5000,1,historical_density,global,equal_cell,97488,-5.027578607065194,16.46713949342433,33.538502676852985,60.0
2014,hidden_cells,-1,5000,1,historical_density,global,spherical_cell_area,97488,-1.9869297849829135,13.85984139663434,29.00526984564466,60.0
2014,hidden_cells,-1,5000,1,historical_density,south_of_60n,equal_cell,87025,-1.127963048993445,12.832927713735124,26.07122137879325,60.0
2014,hidden_cells,-1,5000,1,historical_density,south_of_60n,spherical_cell_area,87025,-0.7613767254897679,12.66519668596187,26.019895136812195,60.0
2014,hidden_cells,-1,5000,1,historical_density,60_to_90n,equal_cell,10463,-37.46225737426333,46.69434776327554,69.47730242526615,60.0
2014,hidden_cells,-1,5000,1,historical_density,60_to_90n,spherical_cell_area,10463,-33.22336451343705,44.30849577317076,70.90963486164615,60.0
2014,hidden_cells,-1,5000,2,random,global,equal_cell,97488,0.3315241446026958,11.101259646167152,24.28958286184557,60.0
2014,hidden_cells,-1,5000,2,random,global,spherical_cell_area,97488,0.4303756034449253,10.748472197919796,23.617077558371705,60.0
2014,hidden_cells,-1,5000,2,random,south_of_60n,equal_cell,87025,0.3097512253896797,10.565350518600196,22.73352751593088,60.0
2014,hidden_cells,-1,5000,2,random,south_of_60n,spherical_cell_area,87025,0.4017455230284741,10.459823244583058,22.75491516627424,60.0
2014,hidden_cells,-1,5000,2,random,60_to_90n,equal_cell,10463,0.5126183140103914,15.558632467204548,34.62041271642816,60.0
2014,hidden_cells,-1,5000,2,random,60_to_90n,spherical_cell_area,10463,1.1600883084735645,18.105447989786853,39.70851707744438,60.0
2014,hidden_cells,-1,5000,2,historical_density,global,equal_cell,97488,-5.184155494283562,16.54515887283053,34.22649622546383,60.0
2014,hidden_cells,-1,5000,2,historical_density,global,spherical_cell_area,97488,-2.128019317128201,13.838181621873952,29.30950839802733,60.0
2014,hidden_cells,-1,5000,2,historical_density,south_of_60n,equal_cell,87025,-1.2506438078106958,12.800394524100884,26.16942406784201,60.0
2014,hidden_cells,-1,5000,2,historical_density,south_of_60n,spherical_cell_area,87025,-0.8792899907796476,12.596294716222594,26.05348334707069,60.0
2014,hidden_cells,-1,5000,2,historical_density,60_to_90n,equal_cell,10463,-37.900762061740416,47.69187754321166,72.24140612222834,60.0
2014,hidden_cells,-1,5000,2,historical_density,60_to_90n,spherical_cell_area,10463,-33.95516200495668,45.49092726843449,73.84802004389681,60.0
2014,hidden_cells,-1,5000,3,random,global,equal_cell,97488,0.1525314834446226,11.060220396258645,23.373010232750737,60.0
2014,hidden_cells,-1,5000,3,random,global,spherical_cell_area,97488,0.0151034225953965,10.624363987324967,22.628610927525823,60.0
2014,hidden_cells,-1,5000,3,random,south_of_60n,equal_cell,87025,0.0528464707793042,10.391003033095698,21.55089082868472,60.0
2014,hidden_cells,-1,5000,3,random,south_of_60n,spherical_cell_area,87025,-0.0349629969730445,10.305848822342082,21.70785475619302,60.0
2014,hidden_cells,-1,5000,3,random,60_to_90n,equal_cell,10463,0.9816520250865344,16.626371694094345,35.030457675931395,60.0
2014,hidden_cells,-1,5000,3,random,60_to_90n,spherical_cell_area,10463,1.2911774651046537,18.74255853136652,39.402248350308994,60.0
2014,hidden_cells,-1,5000,3,historical_density,global,equal_cell,97488,-5.739253326132459,16.650991334376844,34.93693334986433,60.0
2014,hidden_cells,-1,5000,3,historical_density,global,spherical_cell_area,97488,-2.440312454088254,13.842283517418986,29.83099626153243,60.0
2014,hidden_cells,-1,5000,3,historical_density,south_of_60n,equal_cell,87025,-1.4007482916504157,12.704369959177006,26.490063663631457,60.0
2014,hidden_cells,-1,5000,3,historical_density,south_of_60n,spherical_cell_area,87025,-1.011507264726857,12.505043665602038,26.273281038192263,60.0
2014,hidden_cells,-1,5000,3,historical_density,60_to_90n,equal_cell,10463,-41.82435326169588,49.47663648173095,74.40568669914163,60.0
2014,hidden_cells,-1,5000,3,historical_density,60_to_90n,spherical_cell_area,10463,-38.85716090585731,47.92534913747691,77.31297090447634,60.0
2014,hidden_cells,-1,5000,4,random,global,equal_cell,97488,0.2613537793993155,10.818499455156324,23.207485370284537,60.0
2014,hidden_cells,-1,5000,4,random,global,spherical_cell_area,97488,0.2392916911725822,10.398236079348973,22.527115144370764,60.0
2014,hidden_cells,-1,5000,4,random,south_of_60n,equal_cell,87025,0.2282956552419873,10.187464487920142,21.5459046350829,60.0
2014,hidden_cells,-1,5000,4,random,south_of_60n,spherical_cell_area,87025,0.212387594585657,10.092336901744936,21.668548662782364,60.0
2014,hidden_cells,-1,5000,4,random,60_to_90n,equal_cell,10463,0.5363115596527307,16.06707233327243,34.01589265174593,60.0
2014,hidden_cells,-1,5000,4,random,60_to_90n,spherical_cell_area,10463,0.925013170512753,18.19487908937747,38.40047696995305,60.0
2014,hidden_cells,-1,5000,4,historical_density,global,equal_cell,97488,-5.592544998616473,16.771270238298058,35.357910265036445,60.0
2014,hidden_cells,-1,5000,4,historical_density,global,spherical_cell_area,97488,-2.300315154403865,14.025909162801751,30.10843310548795,60.0
2014,hidden_cells,-1,5000,4,historical_density,south_of_60n,equal_cell,87025,-1.2316998755634747,12.878021926751623,26.510447648847403,60.0
2014,hidden_cells,-1,5000,4,historical_density,south_of_60n,spherical_cell_area,87025,-0.847569443173778,12.69519054123536,26.333308877049628,60.0
2014,hidden_cells,-1,5000,4,historical_density,60_to_90n,equal_cell,10463,-41.86345648037957,49.15299004259211,76.17706841252023,60.0
2014,hidden_cells,-1,5000,4,historical_density,60_to_90n,spherical_cell_area,10463,-39.32735060943964,47.942764122706926,79.60705101563481,60.0
2014,hidden_cells,-1,5000,5,random,global,equal_cell,97488,0.0607694636052653,10.701758214194106,23.38629466362564,60.0
2014,hidden_cells,-1,5000,5,random,global,spherical_cell_area,97488,0.1310488265069495,10.353964985951114,22.709073190193926,60.0
2014,hidden_cells,-1,5000,5,random,south_of_60n,equal_cell,87025,0.3548996153683281,10.227209437051274,21.75857743608962,60.0
2014,hidden_cells,-1,5000,5,random,south_of_60n,spherical_cell_area,87025,0.2622139872283013,10.11600026540784,21.86738830245247,60.0
2014,hidden_cells,-1,5000,5,random,60_to_90n,equal_cell,10463,-2.3856298919505536,14.648772199748429,34.030975678535256,60.0
2014,hidden_cells,-1,5000,5,random,60_to_90n,spherical_cell_area,10463,-3.2120393815337183,16.419120144552608,38.36640010113671,60.0
2014,hidden_cells,-1,5000,5,historical_density,global,equal_cell,97488,-5.709748962001951,16.67974637091313,34.81254472275703,60.0
2014,hidden_cells,-1,5000,5,historical_density,global,spherical_cell_area,97488,-2.487801807728032,13.819005951995884,29.579063663456253,60.0
2014,hidden_cells,-1,5000,5,historical_density,south_of_60n,equal_cell,87025,-1.311156613623805,12.617938844512638,26.196707019846407,60.0
2014,hidden_cells,-1,5000,5,historical_density,south_of_60n,spherical_cell_area,87025,-1.0820843235687,12.47764319593874,26.138467605064807,60.0
2014,hidden_cells,-1,5000,5,historical_density,60_to_90n,equal_cell,10463,-42.2946193737011,50.4634412944535,74.72564447483512,60.0
2014,hidden_cells,-1,5000,5,historical_density,60_to_90n,spherical_cell_area,10463,-38.316199526183,48.00715460227688,75.9008372686328,60.0
2014,hidden_cells,-1,5000,6,random,global,equal_cell,97488,-0.4357106813489946,10.6082563171195,23.22540289341565,60.0
2014,hidden_cells,-1,5000,6,random,global,spherical_cell_area,97488,-0.304648082764889,10.219588364720405,22.603917797669627,60.0
2014,hidden_cells,-1,5000,6,random,south_of_60n,equal_cell,87025,-0.3111213757647323,10.057884372656655,21.574612266158024,60.0
2014,hidden_cells,-1,5000,6,random,south_of_60n,spherical_cell_area,87025,-0.27543064218705,9.941250807132494,21.76612202600231,60.0
2014,hidden_cells,-1,5000,6,random,60_to_90n,equal_cell,10463,-1.4719702931687817,15.18592223195073,33.9784736038392,60.0
2014,hidden_cells,-1,5000,6,random,60_to_90n,spherical_cell_area,10463,-1.0493312023350891,17.31375118592688,38.18886395882048,60.0
2014,hidden_cells,-1,5000,6,historical_density,global,equal_cell,97488,-4.729195300816856,16.52007769777446,34.34674612045094,60.0
2014,hidden_cells,-1,5000,6,historical_density,global,spherical_cell_area,97488,-1.766442657918812,13.985366812057228,29.651440562196857,60.0
2014,hidden_cells,-1,5000,6,historical_density,south_of_60n,equal_cell,87025,-0.8081231534478602,12.876879854695424,26.36590926950339,60.0
2014,hidden_cells,-1,5000,6,historical_density,south_of_60n,spherical_cell_area,87025,-0.4441386845573791,12.762054827679131,26.30542093535388,60.0
2014,hidden_cells,-1,5000,6,historical_density,60_to_90n,equal_cell,10463,-37.342337193657045,46.82202668888154,72.1789143308316,60.0
2014,hidden_cells,-1,5000,6,historical_density,60_to_90n,spherical_cell_area,10463,-35.46882823407832,45.16468186216648,75.17530116319719,60.0
2014,hidden_cells,-1,5000,7,random,global,equal_cell,97488,0.0511391348863736,10.99167504001693,23.81919380814085,60.0
2014,hidden_cells,-1,5000,7,random,global,spherical_cell_area,97488,0.0586398407418853,10.64477157605651,23.360940757819773,60.0
2014,hidden_cells,-1,5000,7,random,south_of_60n,equal_cell,87025,0.0434521366182184,10.45803229020051,22.445896730238392,60.0
2014,hidden_cells,-1,5000,7,random,south_of_60n,spherical_cell_area,87025,0.0669326573152405,10.393309199155384,22.64889946600598,60.0
2014,hidden_cells,-1,5000,7,random,60_to_90n,equal_cell,10463,0.1150750064610852,15.43019748126454,33.1029636787206,60.0
2014,hidden_cells,-1,5000,7,random,60_to_90n,spherical_cell_area,10463,-0.1527243442700515,17.053949915493316,37.15819137578067,60.0
2014,hidden_cells,-1,5000,7,historical_density,global,equal_cell,97488,-5.002822910037331,16.928927644462007,34.15194210312769,60.0
2014,hidden_cells,-1,5000,7,historical_density,global,spherical_cell_area,97488,-1.758320530863488,14.11216965531906,29.144769470385626,60.0
2014,hidden_cells,-1,5000,7,historical_density,south_of_60n,equal_cell,87025,-0.8457887587753833,12.886536866381023,25.847561698850026,60.0
2014,hidden_cells,-1,5000,7,historical_density,south_of_60n,spherical_cell_area,87025,-0.4687384285706278,12.817764572862073,25.906320102250767,60.0
2014,hidden_cells,-1,5000,7,historical_density,60_to_90n,equal_cell,10463,-39.57855616183615,50.55112562424767,72.87368645037346,60.0
2014,hidden_cells,-1,5000,7,historical_density,60_to_90n,spherical_cell_area,10463,-34.62670338318411,47.10347880930111,73.43946696795017,60.0
2014,hidden_cells,-1,5000,8,random,global,equal_cell,97488,0.012925389336878,10.849513532245023,23.64245477943438,60.0
2014,hidden_cells,-1,5000,8,random,global,spherical_cell_area,97488,-0.0948116924682938,10.436147683359223,22.6766213677808,60.0
2014,hidden_cells,-1,5000,8,random,south_of_60n,equal_cell,87025,-0.1368850870639885,10.240168730857908,21.507227644888317,60.0
2014,hidden_cells,-1,5000,8,random,south_of_60n,spherical_cell_area,87025,-0.1585150667084397,10.13180731924251,21.613886014742437,60.0
2014,hidden_cells,-1,5000,8,random,60_to_90n,equal_cell,10463,1.258959672887047,15.91768053412919,36.8890712798902,60.0
2014,hidden_cells,-1,5000,8,random,60_to_90n,spherical_cell_area,10463,1.5288359138275591,18.193060242410247,41.39937609670374,60.0
2014,hidden_cells,-1,5000,8,historical_density,global,equal_cell,97488,-6.896169719071631,17.99412834789135,37.21467688615952,60.0
2014,hidden_cells,-1,5000,8,historical_density,global,spherical_cell_area,97488,-2.7290601083163484,14.39584512791074,30.343572572933244,60.0
2014,hidden_cells,-1,5000,8,historical_density,south_of_60n,equal_cell,87025,-1.439845855450114,13.020194838082377,26.26539091117936,60.0
2014,hidden_cells,-1,5000,8,historical_density,south_of_60n,spherical_cell_area,87025,-1.0296635744475129,12.815123717963756,26.165409151949284,60.0
2014,hidden_cells,-1,5000,8,historical_density,60_to_90n,equal_cell,10463,-52.27862066351035,59.36434374415688,84.65245954508933,60.0
2014,hidden_cells,-1,5000,8,historical_density,60_to_90n,spherical_cell_area,10463,-46.042638820207245,54.684676984851656,83.29739554127768,60.0
2014,hidden_cells,-1,5000,9,random,global,equal_cell,97488,0.2431370383252409,10.763543807350423,23.251883753903208,60.0
2014,hidden_cells,-1,5000,9,random,global,spherical_cell_area,97488,0.0963652555107447,10.296940071326055,22.52026314605805,60.0
2014,hidden_cells,-1,5000,9,random,south_of_60n,equal_cell,87025,0.1005913204280457,10.147972947103092,21.62793202744817,60.0
2014,hidden_cells,-1,5000,9,random,south_of_60n,spherical_cell_area,87025,0.0392616933812476,9.993285780040832,21.66897744878948,60.0
2014,hidden_cells,-1,5000,9,random,60_to_90n,equal_cell,10463,1.4287473890853872,15.883495457261931,33.865094009249766,60.0
2014,hidden_cells,-1,5000,9,random,60_to_90n,spherical_cell_area,10463,1.5517993368045837,18.0363662644838,38.28769014359939,60.0
2014,hidden_cells,-1,5000,9,historical_density,global,equal_cell,97488,-5.839206828995131,17.75759602793424,37.83123068338318,60.0
2014,hidden_cells,-1,5000,9,historical_density,global,spherical_cell_area,97488,-1.9576395503301385,14.107796446940142,30.3408885666758,60.0
2014,hidden_cells,-1,5000,9,historical_density,south_of_60n,equal_cell,87025,-0.6250877386294904,12.692958646880342,25.838100015914268,60.0
2014,hidden_cells,-1,5000,9,historical_density,south_of_60n,spherical_cell_area,87025,-0.3414678827252365,12.491984933428084,25.733213636365317,60.0
2014,hidden_cells,-1,5000,9,historical_density,60_to_90n,equal_cell,10463,-49.20714277844269,59.88223218259502,88.2174980325362,60.0
2014,hidden_cells,-1,5000,9,historical_density,60_to_90n,spherical_cell_area,10463,-43.15001422074703,55.29099164550463,86.63624085903267,60.0
2014,hidden_cells,-1,5000,10,random,global,equal_cell,97488,0.2646935569824806,11.140553448227635,23.66070051025787,60.0
2014,hidden_cells,-1,5000,10,random,global,spherical_cell_area,97488,0.1703537082164416,10.68920497119303,22.96413147124707,60.0
2014,hidden_cells,-1,5000,10,random,south_of_60n,equal_cell,87025,0.1740871069414337,10.475443242850847,22.024053802011384,60.0
2014,hidden_cells,-1,5000,10,random,south_of_60n,spherical_cell_area,87025,0.1053129362568222,10.353469919792802,22.08994741470826,60.0
2014,hidden_cells,-1,5000,10,random,60_to_90n,equal_cell,10463,1.018304023848781,16.67254385469947,34.37614607733813,60.0
2014,hidden_cells,-1,5000,10,random,60_to_90n,spherical_cell_area,10463,1.8280884038037133,19.246293493704293,39.13049432697287,60.0
2014,hidden_cells,-1,5000,10,historical_density,global,equal_cell,97488,-4.610466196020196,16.438923921352508,33.90166726021926,60.0
2014,hidden_cells,-1,5000,10,historical_density,global,spherical_cell_area,97488,-1.571442606872012,13.56099002208646,28.644845768786475,60.0
2014,hidden_cells,-1,5000,10,historical_density,south_of_60n,equal_cell,87025,-0.6161422762185274,12.476888253132731,25.44974951659308,60.0
2014,hidden_cells,-1,5000,10,historical_density,south_of_60n,spherical_cell_area,87025,-0.3656412989523763,12.326077933993169,25.498409540182,60.0
2014,hidden_cells,-1,5000,10,historical_density,60_to_90n,equal_cell,10463,-37.83287268753699,49.39277597399764,72.9493652510588,60.0
2014,hidden_cells,-1,5000,10,historical_density,60_to_90n,spherical_cell_area,10463,-32.30445213148082,45.03596414606141,71.8509246180537,60.0
2014,hidden_cells,-1,5000,11,random,global,equal_cell,97488,0.6468302749512469,11.605936480415927,24.320055862472547,60.0
2014,hidden_cells,-1,5000,11,random,global,spherical_cell_area,97488,0.4569476760823029,11.093014648897336,23.33817953983324,60.0
2014,hidden_cells,-1,5000,11,random,south_of_60n,equal_cell,87025,0.5141701564338309,10.87296435433113,22.14935554104316,60.0
2014,hidden_cells,-1,5000,11,random,south_of_60n,spherical_cell_area,87025,0.3893320043685642,10.734763148885172,22.248904425876837,60.0
2014,hidden_cells,-1,5000,11,random,60_to_90n,equal_cell,10463,1.7502181000471204,17.702361910266795,37.82130851457647,60.0
2014,hidden_cells,-1,5000,11,random,60_to_90n,spherical_cell_area,10463,2.1803104466671,20.223993931939425,42.54769531505539,60.0
2014,hidden_cells,-1,5000,11,historical_density,global,equal_cell,97488,-4.446651352644119,16.25197991853883,33.349927569468484,60.0
2014,hidden_cells,-1,5000,11,historical_density,global,spherical_cell_area,97488,-1.4554630813556342,13.774061515452932,29.02325783125696,60.0
2014,hidden_cells,-1,5000,11,historical_density,south_of_60n,equal_cell,87025,-0.6600269668879166,12.759447447666629,26.12243529857253,60.0
2014,hidden_cells,-1,5000,11,historical_density,south_of_60n,spherical_cell_area,87025,-0.2316501204983835,12.607727827015056,26.056058821114995,60.0
2014,hidden_cells,-1,5000,11,historical_density,60_to_90n,equal_cell,10463,-35.941536870223544,45.3007841121404,68.4641349319554,60.0
2014,hidden_cells,-1,5000,11,historical_density,60_to_90n,spherical_cell_area,10463,-32.64754683125344,43.50113522171433,70.76598582711277,60.0
2014,hidden_cells,-1,5000,12,random,global,equal_cell,97488,-0.0156058263505934,10.574542051322434,23.439282270421245,60.0
2014,hidden_cells,-1,5000,12,random,global,spherical_cell_area,97488,0.050963504850421,10.182994939260288,22.822087593023827,60.0
2014,hidden_cells,-1,5000,12,random,south_of_60n,equal_cell,87025,0.1699225900738893,10.08572368762507,21.853622249727355,60.0
2014,hidden_cells,-1,5000,12,random,south_of_60n,spherical_cell_area,87025,0.1161523171866942,9.94170164519615,22.0078899313428,60.0
2014,hidden_cells,-1,5000,12,random,60_to_90n,equal_cell,10463,-1.55872065377491,14.640241955820487,33.86368017359299,60.0
2014,hidden_cells,-1,5000,12,random,60_to_90n,spherical_cell_area,10463,-1.610544388091878,16.332987525925784,38.09406424254666,60.0
2014,hidden_cells,-1,5000,12,historical_density,global,equal_cell,97488,-5.152489170306917,16.439896937907044,33.651673287231844,60.0
2014,hidden_cells,-1,5000,12,historical_density,global,spherical_cell_area,97488,-2.107699345478316,13.87605911687025,29.12994003144492,60.0
2014,hidden_cells,-1,5000,12,historical_density,south_of_60n,equal_cell,87025,-1.1743340663995256,12.794529389518988,26.125335811380378,60.0
2014,hidden_cells,-1,5000,12,historical_density,south_of_60n,spherical_cell_area,87025,-0.8196399447215152,12.67659198488566,26.109289036224624,60.0
2014,hidden_cells,-1,5000,12,historical_density,60_to_90n,equal_cell,10463,-38.24041308481909,46.75989224503413,69.81727168502262,60.0
2014,hidden_cells,-1,5000,12,historical_density,60_to_90n,spherical_cell_area,10463,-34.937272154632204,44.44762555125871,71.42393348146213,60.0
2014,hidden_cells,-1,5000,13,random,global,equal_cell,97488,-0.125040228533072,10.987154894463297,23.42648525003924,60.0
2014,hidden_cells,-1,5000,13,random,global,spherical_cell_area,97488,-0.2309619704076645,10.511509341224365,22.633568826591187,60.0
2014,hidden_cells,-1,5000,13,random,south_of_60n,equal_cell,87025,-0.1035033242039233,10.357391743632034,21.64674368764349,60.0
2014,hidden_cells,-1,5000,13,random,south_of_60n,spherical_cell_area,87025,-0.1892862327543144,10.215867207809818,21.726824818450613,60.0
2014,hidden_cells,-1,5000,13,random,60_to_90n,equal_cell,10463,-0.3041713667576892,16.225149561489044,34.87135720247553,60.0
2014,hidden_cells,-1,5000,13,random,60_to_90n,spherical_cell_area,10463,-1.2931774729395895,18.046724672663128,39.21071783083505,60.0
2014,hidden_cells,-1,5000,13,historical_density,global,equal_cell,97488,-4.855663318828443,16.60880568440602,34.71866900753192,60.0
2014,hidden_cells,-1,5000,13,historical_density,global,spherical_cell_area,97488,-1.629050800387854,13.874972043109173,29.61338568535933,60.0
2014,hidden_cells,-1,5000,13,historical_density,south_of_60n,equal_cell,87025,-0.6254803141020843,12.66898755499995,26.17291363921917,60.0
2014,hidden_cells,-1,5000,13,historical_density,south_of_60n,spherical_cell_area,87025,-0.2810940078772055,12.577123199023497,26.182626623905936,60.0
2014,hidden_cells,-1,5000,13,historical_density,60_to_90n,equal_cell,10463,-40.0398051506464,49.3778654867154,74.38728671348814,60.0
2014,hidden_cells,-1,5000,13,historical_density,60_to_90n,spherical_cell_area,10463,-35.98526576789718,46.95405449625733,75.86739511075947,60.0
2014,hidden_cells,-1,5000,14,random,global,equal_cell,97488,-0.5239983473105211,10.757938477984592,23.56133406622207,60.0
2014,hidden_cells,-1,5000,14,random,global,spherical_cell_area,97488,-0.4282496626350449,10.362799796715615,22.932280528494047,60.0
2014,hidden_cells,-1,5000,14,random,south_of_60n,equal_cell,87025,-0.3533104622043769,10.223843881745529,22.02733649626624,60.0
2014,hidden_cells,-1,5000,14,random,south_of_60n,spherical_cell_area,87025,-0.3641487547773185,10.102198519109947,22.143586845931072,60.0
2014,hidden_cells,-1,5000,14,random,60_to_90n,equal_cell,10463,-1.943678477422552,15.200219108559455,33.716416479283986,60.0
2014,hidden_cells,-1,5000,14,random,60_to_90n,spherical_cell_area,10463,-2.0620294560293915,17.004906994789728,37.84179313552573,60.0
2014,hidden_cells,-1,5000,14,historical_density,global,equal_cell,97488,-4.5877763496624535,15.573140146013545,31.5838695682936,60.0
2014,hidden_cells,-1,5000,14,historical_density,global,spherical_cell_area,97488,-2.2068768863209405,13.459518797035289,28.104072784596077,60.0
2014,hidden_cells,-1,5000,14,historical_density,south_of_60n,equal_cell,87025,-1.2784234171796869,12.620693800967793,25.535786187064154,60.0
2014,hidden_cells,-1,5000,14,historical_density,south_of_60n,spherical_cell_area,87025,-1.1552923805267696,12.479279015209892,25.60375864274069,60.0
2014,hidden_cells,-1,5000,14,historical_density,60_to_90n,equal_cell,10463,-32.11300228384124,40.12982973576854,62.21662319903407,60.0
2014,hidden_cells,-1,5000,14,historical_density,60_to_90n,spherical_cell_area,10463,-29.00926665007232,38.443501111017135,64.90363142285621,60.0
2014,hidden_cells,-1,5000,15,random,global,equal_cell,97488,0.1913089144801344,10.880808913754072,23.390157132031938,60.0
2014,hidden_cells,-1,5000,15,random,global,spherical_cell_area,97488,0.0081944559850802,10.432075688024126,22.76119622278871,60.0
2014,hidden_cells,-1,5000,15,random,south_of_60n,equal_cell,87025,-0.0388643028336983,10.280512940436283,21.820194571228924,60.0
2014,hidden_cells,-1,5000,15,random,south_of_60n,spherical_cell_area,87025,-0.0877885645123918,10.1320925777577,21.938064727508664,60.0
2014,hidden_cells,-1,5000,15,random,60_to_90n,equal_cell,10463,2.1057525957126977,15.873713155174377,33.726203742273974,60.0
2014,hidden_cells,-1,5000,15,random,60_to_90n,spherical_cell_area,10463,2.454573526711827,18.077932202266904,38.15557096630069,60.0
2014,hidden_cells,-1,5000,15,historical_density,global,equal_cell,97488,-4.827256622194359,16.68697530209315,33.78579649955018,60.0
2014,hidden_cells,-1,5000,15,historical_density,global,spherical_cell_area,97488,-1.642624371325167,14.06546274965777,29.15731544493701,60.0
2014,hidden_cells,-1,5000,15,historical_density,south_of_60n,equal_cell,87025,-0.7758133626070726,12.97373373846642,25.986460019997047,60.0
2014,hidden_cells,-1,5000,15,historical_density,south_of_60n,spherical_cell_area,87025,-0.3202230156075029,12.830551067175003,25.95406908869001,60.0
2014,hidden_cells,-1,5000,15,historical_density,60_to_90n,equal_cell,10463,-38.52474774955587,47.57150622769922,70.84433855527217,60.0
2014,hidden_cells,-1,5000,15,historical_density,60_to_90n,spherical_cell_area,10463,-35.34749199229747,45.54042653558444,73.1410646232528,60.0
2014,hidden_cells,-1,5000,16,random,global,equal_cell,97488,0.2744002812251653,11.55261412091118,25.76178825161612,60.0
2014,hidden_cells,-1,5000,16,random,global,spherical_cell_area,97488,0.2075396563094411,10.987225395524336,24.323789578212818,60.0
2014,hidden_cells,-1,5000,16,random,south_of_60n,equal_cell,87025,0.3520738823909972,10.814350857655196,23.546362938485192,60.0
2014,hidden_cells,-1,5000,16,random,south_of_60n,spherical_cell_area,87025,0.2417562888958086,10.633229886084438,23.1820831885552,60.0
2014,hidden_cells,-1,5000,16,random,60_to_90n,equal_cell,10463,-0.3716424542671909,17.693048077219306,39.65161673601273,60.0
2014,hidden_cells,-1,5000,16,random,60_to_90n,spherical_cell_area,10463,-0.6645609860353254,20.009729594043712,44.4301507643211,60.0
2014,hidden_cells,-1,5000,16,historical_density,global,equal_cell,97488,-4.72328033200823,16.152944032603504,33.59438532262553,60.0
2014,hidden_cells,-1,5000,16,historical_density,global,spherical_cell_area,97488,-2.2780358606074507,13.860741136593012,29.516632150121072,60.0
2014,hidden_cells,-1,5000,16,historical_density,south_of_60n,equal_cell,87025,-1.4410288572282648,12.954119803875694,26.719903448881706,60.0
2014,hidden_cells,-1,5000,16,historical_density,south_of_60n,spherical_cell_area,87025,-1.181672054619005,12.750652112097594,26.60742286873893,60.0
2014,hidden_cells,-1,5000,16,historical_density,60_to_90n,equal_cell,10463,-32.023092488438174,42.7588580634778,67.65518264347338,60.0
2014,hidden_cells,-1,5000,16,historical_density,60_to_90n,spherical_cell_area,10463,-30.22174355985713,42.15427203501453,70.94198055244426,60.0
2014,hidden_cells,-1,5000,17,random,global,equal_cell,97488,0.2804547101995311,10.69180518262068,22.99735080004456,60.0
2014,hidden_cells,-1,5000,17,random,global,spherical_cell_area,97488,0.2041083654313828,10.256148370714516,22.17996584196323,60.0
2014,hidden_cells,-1,5000,17,random,south_of_60n,equal_cell,87025,0.2354102881198682,10.04729991298095,21.096701819940904,60.0
2014,hidden_cells,-1,5000,17,random,south_of_60n,spherical_cell_area,87025,0.1742017901311237,9.935707884818532,21.219769344981515,60.0
2014,hidden_cells,-1,5000,17,random,60_to_90n,equal_cell,10463,0.6551073749689726,16.05241601033713,35.01338980907734,60.0
2014,hidden_cells,-1,5000,17,random,60_to_90n,spherical_cell_area,10463,0.966355891217405,18.42341476894257,39.42179726057201,60.0
2014,hidden_cells,-1,5000,17,historical_density,global,equal_cell,97488,-5.419306709858671,16.76945160815657,34.63250080353365,60.0
2014,hidden_cells,-1,5000,17,historical_density,global,spherical_cell_area,97488,-1.8746692036328625,13.874995036716337,29.4364324050782,60.0
2014,hidden_cells,-1,5000,17,historical_density,south_of_60n,equal_cell,87025,-0.7927503918361676,12.749993864706424,26.142976569621684,60.0
2014,hidden_cells,-1,5000,17,historical_density,south_of_60n,spherical_cell_area,87025,-0.3998880896032333,12.567451583106328,26.085594867739413,60.0
2014,hidden_cells,-1,5000,17,historical_density,60_to_90n,equal_cell,10463,-43.90024559697598,50.20090626970185,74.1000368227274,60.0
2014,hidden_cells,-1,5000,17,historical_density,60_to_90n,spherical_cell_area,10463,-39.4633347047376,47.2011700455715,74.88895714999622,60.0
2014,hidden_cells,-1,5000,18,random,global,equal_cell,97488,-0.093212949746612,11.056218179900336,23.955866112252465,60.0
2014,hidden_cells,-1,5000,18,random,global,spherical_cell_area,97488,-0.2164865126977063,10.530751049013933,23.098681866723386,60.0
2014,hidden_cells,-1,5000,18,random,south_of_60n,equal_cell,87025,-0.1264319319831721,10.300398994044256,21.914917442694648,60.0
2014,hidden_cells,-1,5000,18,random,south_of_60n,spherical_cell_area,87025,-0.2152290608796187,10.193708270303588,22.115522740833875,60.0
2014,hidden_cells,-1,5000,18,random,60_to_90n,equal_cell,10463,0.1830827521683867,17.34267184033477,36.77714224022793,60.0
2014,hidden_cells,-1,5000,18,random,60_to_90n,spherical_cell_area,10463,-0.2485359709693168,19.1211704325995,40.82332975114449,60.0
2014,hidden_cells,-1,5000,18,historical_density,global,equal_cell,97488,-4.951696474609296,16.749845457387156,34.02080644747438,60.0
2014,hidden_cells,-1,5000,18,historical_density,global,spherical_cell_area,97488,-2.1246317535888672,14.046352992709425,29.122876738364567,60.0
2014,hidden_cells,-1,5000,18,historical_density,south_of_60n,equal_cell,87025,-1.2147906471112526,12.980120064897338,26.021512212710576,60.0
2014,hidden_cells,-1,5000,18,historical_density,south_of_60n,spherical_cell_area,87025,-0.9706040590180048,12.848147081852032,26.05931570118317,60.0
2014,hidden_cells,-1,5000,18,historical_density,60_to_90n,equal_cell,10463,-36.03305264760147,48.10417521763055,71.77905457314007,60.0
2014,hidden_cells,-1,5000,18,historical_density,60_to_90n,spherical_cell_area,10463,-31.538054923695807,44.58577389809545,71.81174691907229,60.0
2014,hidden_cells,-1,5000,19,random,global,equal_cell,97488,0.4053382398202801,11.001525285077928,23.433735052659056,60.0
2014,hidden_cells,-1,5000,19,random,global,spherical_cell_area,97488,0.291031980691369,10.554714628706682,22.701971995800044,60.0
2014,hidden_cells,-1,5000,19,random,south_of_60n,equal_cell,87025,0.2903482252725149,10.378911621259125,21.71692678315536,60.0
2014,hidden_cells,-1,5000,19,random,south_of_60n,spherical_cell_area,87025,0.2459177621574986,10.251448732662928,21.84245881005703,60.0
2014,hidden_cells,-1,5000,19,random,60_to_90n,equal_cell,10463,1.3617566681887474,16.180054778897208,34.55233378971189,60.0
2014,hidden_cells,-1,5000,19,random,60_to_90n,spherical_cell_area,10463,1.4408861886693256,18.28424155025397,38.61621519041368,60.0
2014,hidden_cells,-1,5000,19,historical_density,global,equal_cell,97488,-5.436460310549266,16.616455977877422,34.37320257864495,60.0
2014,hidden_cells,-1,5000,19,historical_density,global,spherical_cell_area,97488,-2.307349516164179,13.944936027843864,29.82810630792987,60.0
2014,hidden_cells,-1,5000,19,historical_density,south_of_60n,equal_cell,87025,-1.3188674558557818,12.92210028568097,26.82283504485601,60.0
2014,hidden_cells,-1,5000,19,historical_density,south_of_60n,spherical_cell_area,87025,-0.9622515717833826,12.697230590376376,26.71502785457931,60.0
2014,hidden_cells,-1,5000,19,historical_density,60_to_90n,equal_cell,10463,-39.68414435716117,47.343905477389626,70.88437826924323,60.0
2014,hidden_cells,-1,5000,19,historical_density,60_to_90n,spherical_cell_area,10463,-36.59069923943543,45.74598222155903,73.32209260448398,60.0
2014,whole_blocks,0,5000,0,random,global,equal_cell,96240,0.1888607037089341,13.119787859726118,25.598342789212037,60.0
2014,whole_blocks,0,5000,0,random,global,spherical_cell_area,96240,0.7535253239268959,12.615439192681494,24.029140207532016,60.0
2014,whole_blocks,0,5000,0,random,south_of_60n,equal_cell,85236,0.9980884397213796,12.528655072939172,22.729864644405872,60.0
2014,whole_blocks,0,5000,0,random,south_of_60n,spherical_cell_area,85236,1.0841895491784437,12.309854929882407,22.691063310312497,60.0
2014,whole_blocks,0,5000,0,random,60_to_90n,equal_cell,11004,-6.079344976657915,17.698649565884985,41.58218844891599,60.0
2014,whole_blocks,0,5000,0,random,60_to_90n,spherical_cell_area,11004,-6.897948472620886,19.68656996791386,44.98870595986397,60.0
2014,whole_blocks,0,5000,0,historical_density,global,equal_cell,96240,-4.346420798891328,17.959309987879823,34.84889589451119,60.0
2014,whole_blocks,0,5000,0,historical_density,global,spherical_cell_area,96240,-0.7035917095746967,14.979421211583904,28.16009746125768,60.0
2014,whole_blocks,0,5000,0,historical_density,south_of_60n,equal_cell,85236,0.6890589770682529,13.635672473175012,23.25670095753494,60.0
2014,whole_blocks,0,5000,0,historical_density,south_of_60n,spherical_cell_area,85236,0.9432534535171342,13.519343505616934,23.361641236807657,60.0
2014,whole_blocks,0,5000,0,historical_density,60_to_90n,equal_cell,11004,-43.35079686065895,51.449819548346845,80.19893653296909,60.0
2014,whole_blocks,0,5000,0,historical_density,60_to_90n,spherical_cell_area,11004,-38.81110879214612,48.76519377174248,80.70750326916675,60.0
2014,whole_blocks,0,5000,1,random,global,equal_cell,96240,0.554935765870632,13.101091013583078,26.1574986258131,60.0
2014,whole_blocks,0,5000,1,random,global,spherical_cell_area,96240,1.0686941075816667,12.482914421223054,24.419354632463836,60.0
2014,whole_blocks,0,5000,1,random,south_of_60n,equal_cell,85236,1.3753698694572143,12.30619827610934,23.08012444227042,60.0
2014,whole_blocks,0,5000,1,random,south_of_60n,spherical_cell_area,85236,1.3814147695494428,12.08349398480112,22.949715109067736,60.0
2014,whole_blocks,0,5000,1,random,60_to_90n,equal_cell,11004,-5.800073435629361,19.258259077133733,43.103308083363366,60.0
2014,whole_blocks,0,5000,1,random,60_to_90n,spherical_cell_area,11004,-6.16757086443111,21.725386904489625,46.98070100866479,60.0
2014,whole_blocks,0,5000,1,historical_density,global,equal_cell,96240,-3.591766712869446,17.597175242664406,34.00739517381001,60.0
2014,whole_blocks,0,5000,1,historical_density,global,spherical_cell_area,96240,-0.1310917172659619,14.94289769586847,28.376573097938252,60.0
2014,whole_blocks,0,5000,1,historical_density,south_of_60n,equal_cell,85236,0.9755263021243956,13.895760850423295,24.28564161689772,60.0
2014,whole_blocks,0,5000,1,historical_density,south_of_60n,spherical_cell_area,85236,1.381067931876943,13.664399100049293,24.316849097951604,60.0
2014,whole_blocks,0,5000,1,historical_density,60_to_90n,equal_cell,11004,-38.96960999040625,46.26800013698132,74.47276062840882,60.0
2014,whole_blocks,0,5000,1,historical_density,60_to_90n,spherical_cell_area,11004,-35.12202526265309,44.52698257046219,75.86365218660545,60.0
2014,whole_blocks,0,5000,2,random,global,equal_cell,96240,0.2820145277099807,13.54205865727738,26.432399609619104,60.0
2014,whole_blocks,0,5000,2,random,global,spherical_cell_area,96240,0.7541363962925742,12.799484555071404,24.332122015408483,60.0
2014,whole_blocks,0,5000,2,random,south_of_60n,equal_cell,85236,1.2584058865756544,12.553615458225922,22.555355437485943,60.0
2014,whole_blocks,0,5000,2,random,south_of_60n,spherical_cell_area,85236,1.186682119421697,12.283425868590207,22.47246341807236,60.0
2014,whole_blocks,0,5000,2,random,60_to_90n,equal_cell,11004,-7.281025627167752,21.198451288534216,46.581484022943656,60.0
2014,whole_blocks,0,5000,2,random,60_to_90n,spherical_cell_area,11004,-9.254845566644478,24.74093214919164,51.0504173616923,60.0
2014,whole_blocks,0,5000,2,historical_density,global,equal_cell,96240,-3.541942219428463,17.608882389050347,33.01549625961849,60.0
2014,whole_blocks,0,5000,2,historical_density,global,spherical_cell_area,96240,-0.0829725300674738,15.006047998948295,27.388642546174918,60.0
2014,whole_blocks,0,5000,2,historical_density,south_of_60n,equal_cell,85236,1.0029804421500483,13.998128692403542,23.22915615334131,60.0
2014,whole_blocks,0,5000,2,historical_density,south_of_60n,spherical_cell_area,85236,1.429185700780554,13.757448924535357,23.255289694544786,60.0
2014,whole_blocks,0,5000,2,historical_density,60_to_90n,equal_cell,11004,-38.7465067398125,45.577457642357054,73.16829308201966,60.0
2014,whole_blocks,0,5000,2,historical_density,60_to_90n,spherical_cell_area,11004,-35.07387325652451,43.89826666275029,74.79274953603479,60.0
2014,whole_blocks,0,5000,3,random,global,equal_cell,96240,1.4338182929227288,14.428446623458,28.94267403044204,60.0
2014,whole_blocks,0,5000,3,random,global,spherical_cell_area,96240,1.309028118607472,13.45319129739603,26.316904164932367,60.0
2014,whole_blocks,0,5000,3,random,south_of_60n,equal_cell,85236,1.025781195288142,12.908922516027417,23.726724362760656,60.0
2014,whole_blocks,0,5000,3,random,south_of_60n,spherical_cell_area,85236,1.081928941839756,12.710101988970951,23.74083010551333,60.0
2014,whole_blocks,0,5000,3,random,60_to_90n,equal_cell,11004,4.594437163695326,26.19854448068748,54.457709700389394,60.0
2014,whole_blocks,0,5000,3,random,60_to_90n,spherical_cell_area,11004,6.564036878426793,30.64806131269314,60.634157924680615,60.0
2014,whole_blocks,0,5000,3,historical_density,global,equal_cell,96240,-4.714367386694716,18.97593138596986,35.98256686143099,60.0
2014,whole_blocks,0,5000,3,historical_density,global,spherical_cell_area,96240,-0.5386880727478592,15.720134380477427,28.82981605811201,60.0
2014,whole_blocks,0,5000,3,historical_density,south_of_60n,equal_cell,85236,1.1542574503646803,14.193447372250036,23.34723042361354,60.0
2014,whole_blocks,0,5000,3,historical_density,south_of_60n,spherical_cell_area,85236,1.4707072032791677,14.090346949643129,23.54767738342344,60.0
2014,whole_blocks,0,5000,3,historical_density,60_to_90n,equal_cell,11004,-50.172210590220224,56.02062489682256,84.27029181890191,60.0
2014,whole_blocks,0,5000,3,historical_density,60_to_90n,spherical_cell_area,11004,-47.03550909936941,53.43294051027566,85.04769255960191,60.0
2014,whole_blocks,0,5000,4,random,global,equal_cell,96240,0.836149436256511,13.315863913970407,25.98671286960257,60.0
2014,whole_blocks,0,5000,4,random,global,spherical_cell_area,96240,1.3405983162259034,12.795045128323835,24.457215641119436,60.0
2014,whole_blocks,0,5000,4,random,south_of_60n,equal_cell,85236,1.6795439823741818,12.603875242121926,23.148434179596425,60.0
2014,whole_blocks,0,5000,4,random,south_of_60n,spherical_cell_area,85236,1.694608155940905,12.426843601479872,23.12735062991336,60.0
2014,whole_blocks,0,5000,4,random,60_to_90n,equal_cell,11004,-5.69670929991995,18.830864498637546,41.899260784365225,60.0
2014,whole_blocks,0,5000,4,random,60_to_90n,spherical_cell_area,11004,-6.851086194666731,21.31512114305523,45.41431981580472,60.0
2014,whole_blocks,0,5000,4,historical_density,global,equal_cell,96240,-3.6444852931561367,18.044239675932094,33.393781142074616,60.0
2014,whole_blocks,0,5000,4,historical_density,global,spherical_cell_area,96240,-0.6635033607260605,15.762597240940984,28.13416137782027,60.0
2014,whole_blocks,0,5000,4,historical_density,south_of_60n,equal_cell,85236,0.4603847753716119,14.566213478550145,23.625016600025408,60.0
2014,whole_blocks,0,5000,4,historical_density,south_of_60n,spherical_cell_area,85236,0.7950331237142851,14.474989032718558,23.848366725014326,60.0
2014,whole_blocks,0,5000,4,historical_density,60_to_90n,equal_cell,11004,-35.44044177816442,44.98471958869543,73.686102300723,60.0
2014,whole_blocks,0,5000,4,historical_density,60_to_90n,spherical_cell_area,11004,-34.413612503964835,45.55747589144778,77.11513695233056,60.0
2014,whole_blocks,0,5000,5,random,global,equal_cell,96240,1.000358361566097,13.525551482772734,26.131508763624904,60.0
2014,whole_blocks,0,5000,5,random,global,spherical_cell_area,96240,1.6422183451549766,13.045282644955474,24.480234914655544,60.0
2014,whole_blocks,0,5000,5,random,south_of_60n,equal_cell,85236,1.676592809569535,12.843806499112342,22.971766658353417,60.0
2014,whole_blocks,0,5000,5,random,south_of_60n,spherical_cell_area,85236,1.9474316007716712,12.670280597322396,22.956976221948736,60.0
2014,whole_blocks,0,5000,5,random,60_to_90n,equal_cell,11004,-4.237693202412553,18.806287163186877,43.41269784872553,60.0
2014,whole_blocks,0,5000,5,random,60_to_90n,spherical_cell_area,11004,-5.4203274320110095,21.722720728659453,47.658550523823074,60.0
2014,whole_blocks,0,5000,5,historical_density,global,equal_cell,96240,-3.598165574465152,17.75433383624279,33.93313406799812,60.0
2014,whole_blocks,0,5000,5,historical_density,global,spherical_cell_area,96240,-0.3547562454438556,15.323709774827954,28.716451240505695,60.0
2014,whole_blocks,0,5000,5,historical_density,south_of_60n,equal_cell,85236,0.9009384108876224,14.278996462352888,24.687998008319354,60.0
2014,whole_blocks,0,5000,5,historical_density,south_of_60n,spherical_cell_area,85236,1.1936069773232532,14.097876356224996,24.77427657473244,60.0
2014,whole_blocks,0,5000,5,historical_density,60_to_90n,equal_cell,11004,-38.4478227260036,44.67398636267677,73.13982454008718,60.0
2014,whole_blocks,0,5000,5,historical_density,60_to_90n,spherical_cell_area,11004,-36.1834299325601,43.68913779849105,75.52549304351098,60.0
2014,whole_blocks,0,5000,6,random,global,equal_cell,96240,0.8690232503044247,13.507231808280896,26.66573545275779,60.0
2014,whole_blocks,0,5000,6,random,global,spherical_cell_area,96240,1.0423061192619083,12.976542787051397,25.20751979448766,60.0
2014,whole_blocks,0,5000,6,random,south_of_60n,equal_cell,85236,1.219946831660169,12.920400900519454,24.136092632856023,60.0
2014,whole_blocks,0,5000,6,random,south_of_60n,spherical_cell_area,85236,1.1853063798049108,12.661948709469424,23.97329361302085,60.0
2014,whole_blocks,0,5000,6,random,60_to_90n,equal_cell,11004,-1.8491994305787305,18.052771544191007,41.30970988730955,60.0
2014,whole_blocks,0,5000,6,random,60_to_90n,spherical_cell_area,11004,-2.2666782306837794,20.2561580503488,45.16641551361354,60.0
2014,whole_blocks,0,5000,6,historical_density,global,equal_cell,96240,-3.5778590840797784,18.013646939704753,34.04220581823026,60.0
2014,whole_blocks,0,5000,6,historical_density,global,spherical_cell_area,96240,-0.1385705816261099,15.31006766140179,28.163217121050568,60.0
2014,whole_blocks,0,5000,6,historical_density,south_of_60n,equal_cell,85236,1.2407828235263252,14.173248343925335,23.87034835453379,60.0
2014,whole_blocks,0,5000,6,historical_density,south_of_60n,spherical_cell_area,85236,1.48093625417209,14.007675794224646,23.91300854833672,60.0
2014,whole_blocks,0,5000,6,historical_density,60_to_90n,equal_cell,11004,-40.90262840766338,47.76103104638,75.64270749414078,60.0
2014,whole_blocks,0,5000,6,historical_density,60_to_90n,spherical_cell_area,11004,-37.61348673868304,45.44703587125871,76.90767218445822,60.0
2014,whole_blocks,0,5000,7,random,global,equal_cell,96240,0.2301449062607213,13.152109958493858,26.490465439352715,60.0
2014,whole_blocks,0,5000,7,random,global,spherical_cell_area,96240,0.9524855259894248,12.562249893014997,24.620545623290678,60.0
2014,whole_blocks,0,5000,7,random,south_of_60n,equal_cell,85236,1.4011579090276929,12.32220685385638,22.99757069208932,60.0
2014,whole_blocks,0,5000,7,random,south_of_60n,spherical_cell_area,85236,1.494437971374202,12.113860987095723,22.943949216520927,60.0
2014,whole_blocks,0,5000,7,random,60_to_90n,equal_cell,11004,-8.840417098814303,19.58046519539682,45.17383935744146,60.0
2014,whole_blocks,0,5000,7,random,60_to_90n,spherical_cell_area,11004,-11.588136102135156,22.937838488043788,49.51243414065641,60.0
2014,whole_blocks,0,5000,7,historical_density,global,equal_cell,96240,-5.004643479704842,18.519052264561324,37.544742934986985,60.0
2014,whole_blocks,0,5000,7,historical_density,global,spherical_cell_area,96240,-1.2761239845383257,15.532485755723195,30.20446910002935,60.0
2014,whole_blocks,0,5000,7,historical_density,south_of_60n,equal_cell,85236,0.5408385804211254,14.01980113524213,23.58623718821772,60.0
2014,whole_blocks,0,5000,7,historical_density,south_of_60n,spherical_cell_area,85236,0.7695539569075188,13.838028335439938,23.694434242847304,60.0
2014,whole_blocks,0,5000,7,historical_density,60_to_90n,equal_cell,11004,-47.95945162918656,53.36984918010575,89.54982436860668,60.0
2014,whole_blocks,0,5000,7,historical_density,60_to_90n,spherical_cell_area,11004,-48.61251531396418,54.74173659258136,95.03503257889054,60.0
2014,whole_blocks,0,5000,8,random,global,equal_cell,96240,1.094957891744261,14.077926968536614,27.89659334704624,60.0
2014,whole_blocks,0,5000,8,random,global,spherical_cell_area,96240,1.3263602367620992,13.274359096890109,25.771464259008813,60.0
2014,whole_blocks,0,5000,8,random,south_of_60n,equal_cell,85236,1.3533006965851426,12.921689459833075,23.72883087087735,60.0
2014,whole_blocks,0,5000,8,random,south_of_60n,spherical_cell_area,85236,1.4042316796987766,12.708719849927716,23.73722172499148,60.0
2014,whole_blocks,0,5000,8,random,60_to_90n,equal_cell,11004,-0.9061423730155894,23.03403931785096,49.445418903933216,60.0
2014,whole_blocks,0,5000,8,random,60_to_90n,spherical_cell_area,11004,-0.4755622562928586,26.363086409738344,54.72321547418088,60.0
2014,whole_blocks,0,5000,8,historical_density,global,equal_cell,96240,-4.553840400872915,18.005079791808043,34.959787551753394,60.0
2014,whole_blocks,0,5000,8,historical_density,global,spherical_cell_area,96240,-0.949461388266098,15.147120073973028,28.42391598805045,60.0
2014,whole_blocks,0,5000,8,historical_density,south_of_60n,equal_cell,85236,0.4559678397102374,13.798805165861188,23.116439654718704,60.0
2014,whole_blocks,0,5000,8,historical_density,south_of_60n,spherical_cell_area,85236,0.832239543072369,13.63667116201603,23.257957616334103,60.0
2014,whole_blocks,0,5000,8,historical_density,60_to_90n,equal_cell,11004,-43.35936704521547,50.58650691078354,80.9317949746068,60.0
2014,whole_blocks,0,5000,8,historical_density,60_to_90n,spherical_cell_area,11004,-42.17750164284834,50.09846765949163,83.58173637874953,60.0
2014,whole_blocks,0,5000,9,random,global,equal_cell,96240,-0.2388897041352772,13.48486069849031,26.101711402151626,60.0
2014,whole_blocks,0,5000,9,random,global,spherical_cell_area,96240,0.2155903869197441,12.91136519859242,24.283333041103525,60.0
2014,whole_blocks,0,5000,9,random,south_of_60n,equal_cell,85236,0.4182451591723687,12.816538039593317,22.791702120243094,60.0
2014,whole_blocks,0,5000,9,random,south_of_60n,spherical_cell_area,85236,0.4963801443436449,12.56717728123148,22.73588695155608,60.0
2014,whole_blocks,0,5000,9,random,60_to_90n,equal_cell,11004,-5.328997592983924,18.661628251538687,43.9872631926611,60.0
2014,whole_blocks,0,5000,9,random,60_to_90n,spherical_cell_area,11004,-6.281802760565689,20.87577328892073,47.67933202815357,60.0
2014,whole_blocks,0,5000,9,historical_density,global,equal_cell,96240,-4.1139488801366895,18.40375225377261,35.0743470875377,60.0
2014,whole_blocks,0,5000,9,historical_density,global,spherical_cell_area,96240,-0.5634737711694141,15.792528603041106,28.864725133954504,60.0
2014,whole_blocks,0,5000,9,historical_density,south_of_60n,equal_cell,85236,0.7816333095329249,14.475960874665171,23.736902848855603,60.0
2014,whole_blocks,0,5000,9,historical_density,south_of_60n,spherical_cell_area,85236,1.2154155630227472,14.33447949192992,23.84575820928957,60.0
2014,whole_blocks,0,5000,9,historical_density,60_to_90n,equal_cell,11004,-42.03469074842816,48.82807304526674,79.96839963440509,60.0
2014,whole_blocks,0,5000,9,historical_density,60_to_90n,spherical_cell_area,11004,-41.72645448725746,49.53136006949349,83.39563850485936,60.0
2014,whole_blocks,0,5000,10,random,global,equal_cell,96240,0.8635368672638146,13.334460504474064,25.775732127656024,60.0
2014,whole_blocks,0,5000,10,random,global,spherical_cell_area,96240,1.0550232422916412,12.718717865795387,24.13925655905725,60.0
2014,whole_blocks,0,5000,10,random,south_of_60n,equal_cell,85236,1.2781052448180146,12.641520944824656,22.971840330780104,60.0
2014,whole_blocks,0,5000,10,random,south_of_60n,spherical_cell_area,85236,1.2111801837223248,12.321433568917431,22.707672324110167,60.0
2014,whole_blocks,0,5000,10,random,60_to_90n,equal_cell,11004,-2.347672713725807,18.701908369457403,41.5105050705946,60.0
2014,whole_blocks,0,5000,10,random,60_to_90n,spherical_cell_area,11004,-2.5584028687337512,21.91176070261601,46.2014694268171,60.0
2014,whole_blocks,0,5000,10,historical_density,global,equal_cell,96240,-4.929386750397581,18.499713366885768,36.31142678277031,60.0
2014,whole_blocks,0,5000,10,historical_density,global,spherical_cell_area,96240,-1.05375700001933,15.355436755357305,29.07094199123967,60.0
2014,whole_blocks,0,5000,10,historical_density,south_of_60n,equal_cell,85236,0.2246234572943462,13.920862881811397,23.636590571770157,60.0
2014,whole_blocks,0,5000,10,historical_density,south_of_60n,spherical_cell_area,85236,0.6413469129243724,13.78210430187868,23.757513250143923,60.0
2014,whole_blocks,0,5000,10,historical_density,60_to_90n,equal_cell,11004,-44.85188893713233,53.96707977417395,84.87699940500947,60.0
2014,whole_blocks,0,5000,10,historical_density,60_to_90n,spherical_cell_area,11004,-40.277967488612674,51.76189116357746,85.6763750015965,60.0
2014,whole_blocks,0,5000,11,random,global,equal_cell,96240,0.1859745530896096,13.270398209719898,26.417994278820508,60.0
2014,whole_blocks,0,5000,11,random,global,spherical_cell_area,96240,0.6691775496794294,12.484263179724826,24.25193672355197,60.0
2014,whole_blocks,0,5000,11,random,south_of_60n,equal_cell,85236,0.7897753662315542,12.184268077886752,22.541360679774325,60.0
2014,whole_blocks,0,5000,11,random,south_of_60n,spherical_cell_area,85236,0.9424960773478208,11.948070248884624,22.39670996905635,60.0
2014,whole_blocks,0,5000,11,random,60_to_90n,equal_cell,11004,-4.49101255241446,21.683465086939997,46.56248203193581,60.0
2014,whole_blocks,0,5000,11,random,60_to_90n,spherical_cell_area,11004,-5.6553335188366765,24.89161131996259,50.89946115076452,60.0
2014,whole_blocks,0,5000,11,historical_density,global,equal_cell,96240,-4.446752797573996,17.978686016786437,36.58552549679341,60.0
2014,whole_blocks,0,5000,11,historical_density,global,spherical_cell_area,96240,-0.833825180922169,15.248146560657831,29.46564532221088,60.0
2014,whole_blocks,0,5000,11,historical_density,south_of_60n,equal_cell,85236,0.7268813263761511,13.814656022432828,23.02433700723792,60.0
2014,whole_blocks,0,5000,11,historical_density,south_of_60n,spherical_cell_area,85236,1.024346865033203,13.700328711581228,23.19167622631659,60.0
2014,whole_blocks,0,5000,11,historical_density,60_to_90n,equal_cell,11004,-44.52126008483451,50.23288999704125,87.17880689270801,60.0
2014,whole_blocks,0,5000,11,historical_density,60_to_90n,spherical_cell_area,11004,-43.83138473938111,51.06420045953104,92.265373823617,60.0
2014,whole_blocks,0,5000,12,random,global,equal_cell,96240,0.9100124508092952,13.706530628166982,27.09022608889254,60.0
2014,whole_blocks,0,5000,12,random,global,spherical_cell_area,96240,1.413764751136004,13.148943675597213,25.28740230341848,60.0
2014,whole_blocks,0,5000,12,random,south_of_60n,equal_cell,85236,1.6641455312942115,12.897510164529562,23.73064740399533,60.0
2014,whole_blocks,0,5000,12,random,south_of_60n,spherical_cell_area,85236,1.691099368800023,12.71766261348318,23.63968909652661,60.0
2014,whole_blocks,0,5000,12,random,60_to_90n,equal_cell,11004,-4.931434954517163,19.97313079525161,45.34745572656451,60.0
2014,whole_blocks,0,5000,12,random,60_to_90n,spherical_cell_area,11004,-5.003677469344752,23.1286617512445,50.04923026243605,60.0
2014,whole_blocks,0,5000,12,historical_density,global,equal_cell,96240,-5.024465322026718,18.532889843345167,35.932416914107804,60.0
2014,whole_blocks,0,5000,12,historical_density,global,spherical_cell_area,96240,-1.3105353920951075,15.523312150581322,29.03959174017905,60.0
2014,whole_blocks,0,5000,12,historical_density,south_of_60n,equal_cell,85236,0.2926696129992034,14.171618799595096,23.508536888774756,60.0
2014,whole_blocks,0,5000,12,historical_density,south_of_60n,spherical_cell_area,85236,0.5258267717611111,13.98721310686986,23.657423991065944,60.0
2014,whole_blocks,0,5000,12,historical_density,60_to_90n,equal_cell,11004,-46.21051705974659,52.314905354530325,83.73407316374717,60.0
2014,whole_blocks,0,5000,12,historical_density,60_to_90n,spherical_cell_area,11004,-43.80342063551281,51.06819630888154,86.05973921932929,60.0
2014,whole_blocks,0,5000,13,random,global,equal_cell,96240,0.8808271763798877,13.586356083296414,26.54201642387728,60.0
2014,whole_blocks,0,5000,13,random,global,spherical_cell_area,96240,1.4407302028648892,13.038269314766486,24.74726302568384,60.0
2014,whole_blocks,0,5000,13,random,south_of_60n,equal_cell,85236,1.6270505918996816,12.821321883698484,23.13473003186628,60.0
2014,whole_blocks,0,5000,13,random,south_of_60n,spherical_cell_area,85236,1.732053198602142,12.63665771452569,23.14335187796098,60.0
2014,whole_blocks,0,5000,13,random,60_to_90n,equal_cell,11004,-4.899352671425016,19.51224258247208,44.89514384027873,60.0
2014,whole_blocks,0,5000,13,random,60_to_90n,spherical_cell_area,11004,-5.300399009161834,22.331444690162435,48.88600061235617,60.0
2014,whole_blocks,0,5000,13,historical_density,global,equal_cell,96240,-5.046767056641539,18.597337138170207,36.312194311459976,60.0
2014,whole_blocks,0,5000,13,historical_density,global,spherical_cell_area,96240,-1.3806924145393944,15.650271218106711,29.374219021880418,60.0
2014,whole_blocks,0,5000,13,historical_density,south_of_60n,equal_cell,85236,0.2964692211283276,14.13822679476006,23.38262345791912,60.0
2014,whole_blocks,0,5000,13,historical_density,south_of_60n,spherical_cell_area,85236,0.5123614351511775,14.035173177694578,23.603344849892505,60.0
2014,whole_blocks,0,5000,13,historical_density,60_to_90n,equal_cell,11004,-46.434997461221,53.13720711553365,85.42300063374695,60.0
2014,whole_blocks,0,5000,13,historical_density,60_to_90n,spherical_cell_area,11004,-45.18540674474048,53.02316913492263,89.09138601082142,60.0
2014,whole_blocks,0,5000,14,random,global,equal_cell,96240,0.7536479423225092,13.8096093912033,27.578346121396585,60.0
2014,whole_blocks,0,5000,14,random,global,spherical_cell_area,96240,1.3496635919786937,13.167087173304049,25.63298459076725,60.0
2014,whole_blocks,0,5000,14,random,south_of_60n,equal_cell,85236,1.7109298408625775,12.9153435274621,23.936580279361383,60.0
2014,whole_blocks,0,5000,14,random,south_of_60n,spherical_cell_area,85236,1.701186187131759,12.68372661411151,23.854626811825952,60.0
2014,whole_blocks,0,5000,14,random,60_to_90n,equal_cell,11004,-6.661372041679786,20.736512804675236,47.05038838614899,60.0
2014,whole_blocks,0,5000,14,random,60_to_90n,spherical_cell_area,11004,-6.784466804685886,24.35190963219829,51.89892863632928,60.0
2014,whole_blocks,0,5000,14,historical_density,global,equal_cell,96240,-3.2967979221726877,17.704117448500675,35.383569985556306,60.0
2014,whole_blocks,0,5000,14,historical_density,global,spherical_cell_area,96240,-0.0980435697584721,15.289779747600374,29.10785586894219,60.0
2014,whole_blocks,0,5000,14,historical_density,south_of_60n,equal_cell,85236,1.413164482778148,14.119099650163504,23.705871095203143,60.0
2014,whole_blocks,0,5000,14,historical_density,south_of_60n,spherical_cell_area,85236,1.635463243349241,13.926257982523968,23.73948602096418,60.0
2014,whole_blocks,0,5000,14,historical_density,60_to_90n,equal_cell,11004,-39.779745536530136,45.47334473485718,81.22128806872288,60.0
2014,whole_blocks,0,5000,14,historical_density,60_to_90n,spherical_cell_area,11004,-40.210885975193854,46.84127597785629,86.09353588110515,60.0
2014,whole_blocks,0,5000,15,random,global,equal_cell,96240,0.3535198533223627,13.609895784289392,27.586988007529747,60.0
2014,whole_blocks,0,5000,15,random,global,spherical_cell_area,96240,0.7236305836202233,13.035972254085417,25.89937795393185,60.0
2014,whole_blocks,0,5000,15,random,south_of_60n,equal_cell,85236,1.01960691884693,12.796080893493002,24.28603320942361,60.0
2014,whole_blocks,0,5000,15,random,south_of_60n,spherical_cell_area,85236,1.0296893584610407,12.594710158201536,24.26239634436408,60.0
2014,whole_blocks,0,5000,15,random,60_to_90n,equal_cell,11004,-4.805930993374476,19.91363315541999,45.68783246350523,60.0
2014,whole_blocks,0,5000,15,random,60_to_90n,spherical_cell_area,11004,-6.358480261955965,23.24664854208362,50.70374284363832,60.0
2014,whole_blocks,0,5000,15,historical_density,global,equal_cell,96240,-3.843679028248249,18.187321105239956,34.98979950432484,60.0
2014,whole_blocks,0,5000,15,historical_density,global,spherical_cell_area,96240,-0.5765897146494627,15.368125408351146,29.018072912775004,60.0
2014,whole_blocks,0,5000,15,historical_density,south_of_60n,equal_cell,85236,1.1287818176612654,14.143224530337886,24.40974469613034,60.0
2014,whole_blocks,0,5000,15,historical_density,south_of_60n,spherical_cell_area,85236,1.1895519928194842,13.93673933195973,24.506822406608304,60.0
2014,whole_blocks,0,5000,15,historical_density,60_to_90n,equal_cell,11004,-42.35991609312859,49.51253154311278,78.05259078200129,60.0
2014,whole_blocks,0,5000,15,historical_density,60_to_90n,spherical_cell_area,11004,-41.44459406380017,48.48998202262663,80.18391374233656,60.0
2014,whole_blocks,0,5000,16,random,global,equal_cell,96240,1.3197902052435706,13.68360053141767,27.343712545727143,60.0
2014,whole_blocks,0,5000,16,random,global,spherical_cell_area,96240,1.765992496928156,13.16406421939046,25.786990301699458,60.0
2014,whole_blocks,0,5000,16,random,south_of_60n,equal_cell,85236,1.9178373223821072,12.954895624796508,24.41468130739513,60.0
2014,whole_blocks,0,5000,16,random,south_of_60n,spherical_cell_area,85236,2.0188920660117406,12.807012147216923,24.406197337053072,60.0
2014,whole_blocks,0,5000,16,random,60_to_90n,equal_cell,11004,-3.312629285525265,19.328083575834345,43.84032142722691,60.0
2014,whole_blocks,0,5000,16,random,60_to_90n,spherical_cell_area,11004,-4.086029821268545,21.426145102681023,47.63085946251597,60.0
2014,whole_blocks,0,5000,16,historical_density,global,equal_cell,96240,-4.222160485039777,17.929391650654406,34.65049011984478,60.0
2014,whole_blocks,0,5000,16,historical_density,global,spherical_cell_area,96240,-0.8780337817683639,15.1980601764833,28.16701451512071,60.0
2014,whole_blocks,0,5000,16,historical_density,south_of_60n,equal_cell,85236,0.5585084088120303,13.888655631515508,22.68213038152558,60.0
2014,whole_blocks,0,5000,16,historical_density,south_of_60n,spherical_cell_area,85236,0.8716863930190204,13.707435606189302,22.79662561127449,60.0
2014,whole_blocks,0,5000,16,historical_density,60_to_90n,equal_cell,11004,-41.2527942397065,49.22857152409341,80.7200437000797,60.0
2014,whole_blocks,0,5000,16,historical_density,60_to_90n,spherical_cell_area,11004,-41.36604865090639,49.69067827394535,84.41915200827177,60.0
2014,whole_blocks,0,5000,17,random,global,equal_cell,96240,0.5329567964971175,13.747965812316307,26.98746510147765,60.0
2014,whole_blocks,0,5000,17,random,global,spherical_cell_area,96240,0.9376933410241444,13.150470203005453,25.242470371824275,60.0
2014,whole_blocks,0,5000,17,random,south_of_60n,equal_cell,85236,1.2473075364022317,12.925411458284634,23.576276159268723,60.0
2014,whole_blocks,0,5000,17,random,south_of_60n,spherical_cell_area,85236,1.1959283177735516,12.725754158698551,23.63989740269512,60.0
2014,whole_blocks,0,5000,17,random,60_to_90n,equal_cell,11004,-5.000340156115778,20.119398284166888,45.4351967171604,60.0
2014,whole_blocks,0,5000,17,random,60_to_90n,spherical_cell_area,11004,-5.037788755495661,22.97827568004323,49.49637002580044,60.0
2014,whole_blocks,0,5000,17,historical_density,global,equal_cell,96240,-4.33656736651958,17.964263312079716,35.2706809743626,60.0
2014,whole_blocks,0,5000,17,historical_density,global,spherical_cell_area,96240,-0.8717844074412746,15.278844402934403,28.712551121565443,60.0
2014,whole_blocks,0,5000,17,historical_density,south_of_60n,equal_cell,85236,0.6464652784402279,13.92465332285681,23.13905944242625,60.0
2014,whole_blocks,0,5000,17,historical_density,south_of_60n,spherical_cell_area,85236,0.9318787711573624,13.794318875996938,23.267900911694987,60.0
2014,whole_blocks,0,5000,17,historical_density,60_to_90n,equal_cell,11004,-42.934692641491786,49.25472105848136,82.05370711945417,60.0
2014,whole_blocks,0,5000,17,historical_density,60_to_90n,spherical_cell_area,11004,-42.60802466248215,49.63033241476051,85.86794498327035,60.0
2014,whole_blocks,0,5000,18,random,global,equal_cell,96240,1.2516150433896345,13.749399615010285,27.458248248390365,60.0
2014,whole_blocks,0,5000,18,random,global,spherical_cell_area,96240,1.6515203015237006,13.032075050858518,25.492240709623704,60.0
2014,whole_blocks,0,5000,18,random,south_of_60n,equal_cell,85236,1.80688152761612,12.865241083169163,24.126420352836863,60.0
2014,whole_blocks,0,5000,18,random,south_of_60n,spherical_cell_area,85236,1.8940732469252344,12.574701169753698,23.861549438886936,60.0
2014,whole_blocks,0,5000,18,random,60_to_90n,equal_cell,11004,-3.0494294903734267,20.59801253940227,45.664588424891306,60.0
2014,whole_blocks,0,5000,18,random,60_to_90n,spherical_cell_area,11004,-3.961084160309094,23.615573352909863,50.12141728262519,60.0
2014,whole_blocks,0,5000,18,historical_density,global,equal_cell,96240,-4.193387731309039,18.50679630293087,35.2724523060351,60.0
2014,whole_blocks,0,5000,18,historical_density,global,spherical_cell_area,96240,-0.5587168047034071,15.515546354933356,28.77527852028247,60.0
2014,whole_blocks,0,5000,18,historical_density,south_of_60n,equal_cell,85236,1.039840014902038,14.377274017798586,23.83527643724803,60.0
2014,whole_blocks,0,5000,18,historical_density,south_of_60n,spherical_cell_area,85236,1.2736385612002792,14.054112053395176,23.80993764611904,60.0
2014,whole_blocks,0,5000,18,historical_density,60_to_90n,equal_cell,11004,-44.72950188762015,50.493706653306674,80.5020426863646,60.0
2014,whole_blocks,0,5000,18,historical_density,60_to_90n,spherical_cell_area,11004,-42.95888591132542,49.33271014121485,82.88471559591626,60.0
2014,whole_blocks,0,5000,19,random,global,equal_cell,96240,0.5222879249153322,13.03033069717748,25.59076572864619,60.0
2014,whole_blocks,0,5000,19,random,global,spherical_cell_area,96240,0.9900693255541791,12.472535488519194,23.80145786601966,60.0
2014,whole_blocks,0,5000,19,random,south_of_60n,equal_cell,85236,1.2100905301305804,12.326716209769804,22.32196641843565,60.0
2014,whole_blocks,0,5000,19,random,south_of_60n,spherical_cell_area,85236,1.318084037534591,12.12031644174769,22.29039845057312,60.0
2014,whole_blocks,0,5000,19,random,60_to_90n,equal_cell,11004,-4.805369550377916,18.48046559800271,43.22070553599632,60.0
2014,whole_blocks,0,5000,19,random,60_to_90n,spherical_cell_area,11004,-6.600095506129685,20.622781572645835,46.67047269229964,60.0
2014,whole_blocks,0,5000,19,historical_density,global,equal_cell,96240,-3.3561265825928968,17.895247016373222,35.300309901683896,60.0
2014,whole_blocks,0,5000,19,historical_density,global,spherical_cell_area,96240,0.1777685572012613,15.144600778083475,28.921586750920333,60.0
2014,whole_blocks,0,5000,19,historical_density,south_of_60n,equal_cell,85236,1.4827161300826806,13.904272865291787,23.806015333514264,60.0
2014,whole_blocks,0,5000,19,historical_density,south_of_60n,spherical_cell_area,85236,1.9413880819112133,13.69066011740722,23.772281939458026,60.0
2014,whole_blocks,0,5000,19,historical_density,60_to_90n,equal_cell,11004,-40.83736953584767,48.80897590964635,80.67571698820731,60.0
2014,whole_blocks,0,5000,19,historical_density,60_to_90n,spherical_cell_area,11004,-40.63187321802459,48.78836389892529,84.35112597508953,60.0
2014,whole_blocks,1,5000,0,random,global,equal_cell,94032,0.583613674531936,11.93547781309118,19.83353175878592,60.0
2014,whole_blocks,1,5000,0,random,global,spherical_cell_area,94032,0.734617995188736,11.689125326470371,19.032073764624656,60.0
2014,whole_blocks,1,5000,0,random,south_of_60n,equal_cell,85332,0.3355798207988806,11.50565234576405,18.543845629078383,60.0
2014,whole_blocks,1,5000,0,random,south_of_60n,spherical_cell_area,85332,0.6207725498853692,11.46182746679089,18.369360050324847,60.0
2014,whole_blocks,1,5000,0,random,60_to_90n,equal_cell,8700,3.0163981350778064,16.151324569178417,29.64502239469125,60.0
2014,whole_blocks,1,5000,0,random,60_to_90n,spherical_cell_area,8700,4.38470249632409,18.976693068390134,34.01347731221036,60.0
2014,whole_blocks,1,5000,0,historical_density,global,equal_cell,94032,-2.143992551713278,15.818273589102311,26.75978649878971,60.0
2014,whole_blocks,1,5000,0,historical_density,global,spherical_cell_area,94032,0.2758040654895519,13.848519558918031,22.274414047882797,60.0
2014,whole_blocks,1,5000,0,historical_density,south_of_60n,equal_cell,85332,0.5422426700129501,13.289285361693876,19.669610090327776,60.0
2014,whole_blocks,1,5000,0,historical_density,south_of_60n,spherical_cell_area,85332,0.9779941020575208,13.095775222699498,19.47962394255126,60.0
2014,whole_blocks,1,5000,0,historical_density,60_to_90n,equal_cell,8700,-28.491328636810117,40.62328777544902,62.80842401459029,60.0
2014,whole_blocks,1,5000,0,historical_density,60_to_90n,spherical_cell_area,8700,-22.23763916009216,37.98282223239905,65.09651584872198,60.0
2014,whole_blocks,1,5000,1,random,global,equal_cell,94032,1.0843768672976002,11.864203472456948,19.583318830455266,60.0
2014,whole_blocks,1,5000,1,random,global,spherical_cell_area,94032,1.3971873569817022,11.602356035034,18.96601179474957,60.0
2014,whole_blocks,1,5000,1,random,south_of_60n,equal_cell,85332,1.1165063962271375,11.403998346074609,18.525005198837164,60.0
2014,whole_blocks,1,5000,1,random,south_of_60n,spherical_cell_area,85332,1.407030310143133,11.383210296732797,18.434247021707257,60.0
2014,whole_blocks,1,5000,1,random,60_to_90n,equal_cell,8700,0.7692415842383727,16.378022305153273,27.911997828542805,60.0
2014,whole_blocks,1,5000,1,random,60_to_90n,spherical_cell_area,8700,1.0816050279372205,18.628552478216783,31.580978961057777,60.0
2014,whole_blocks,1,5000,1,historical_density,global,equal_cell,94032,-3.757863505684755,17.131427000980917,31.347235609084315,60.0
2014,whole_blocks,1,5000,1,historical_density,global,spherical_cell_area,94032,-0.4756358980309133,14.481724074945568,25.072254833832123,60.0
2014,whole_blocks,1,5000,1,historical_density,south_of_60n,equal_cell,85332,0.0015791547260139,13.698092354058904,22.16755724805627,60.0
2014,whole_blocks,1,5000,1,historical_density,south_of_60n,spherical_cell_area,85332,0.4944785012837336,13.531128060174884,21.883960041667223,60.0
2014,whole_blocks,1,5000,1,historical_density,60_to_90n,equal_cell,8700,-40.63151420662404,50.80652034479115,76.16397329794077,60.0
2014,whole_blocks,1,5000,1,historical_density,60_to_90n,spherical_cell_area,8700,-31.579203755584164,44.95949831623867,73.67897345922943,60.0
2014,whole_blocks,1,5000,2,random,global,equal_cell,94032,0.2614008285992173,12.190945294248444,19.86901700187108,60.0
2014,whole_blocks,1,5000,2,random,global,spherical_cell_area,94032,0.4259046674935255,11.840764925506551,19.14644592373692,60.0
2014,whole_blocks,1,5000,2,random,south_of_60n,equal_cell,85332,0.0136151953548778,11.70274366527109,18.83495961744345,60.0
2014,whole_blocks,1,5000,2,random,south_of_60n,spherical_cell_area,85332,0.3311810976109221,11.596468225641704,18.60259032435894,60.0
2014,whole_blocks,1,5000,2,random,60_to_90n,equal_cell,8700,2.691750674117147,16.979361547569766,28.05932921516175,60.0
2014,whole_blocks,1,5000,2,random,60_to_90n,spherical_cell_area,8700,3.4629083297777483,19.673345275814395,32.01273129986355,60.0
2014,whole_blocks,1,5000,2,historical_density,global,equal_cell,94032,-1.6341940184441648,15.483775643971978,27.16340822305224,60.0
2014,whole_blocks,1,5000,2,historical_density,global,spherical_cell_area,94032,0.473965736382537,13.955718699357346,24.074695506657303,60.0
2014,whole_blocks,1,5000,2,historical_density,south_of_60n,equal_cell,85332,0.4436705657283557,13.492657634262834,22.438167518325457,60.0
2014,whole_blocks,1,5000,2,historical_density,south_of_60n,spherical_cell_area,85332,1.0729074689639435,13.301856905341372,22.073976757603848,60.0
2014,whole_blocks,1,5000,2,historical_density,60_to_90n,equal_cell,8700,-22.014463064031467,35.01321035713295,55.10633727555279,60.0
2014,whole_blocks,1,5000,2,historical_density,60_to_90n,spherical_cell_area,8700,-18.7291559111543,34.91967376899132,59.49679869825732,60.0
2014,whole_blocks,1,5000,3,random,global,equal_cell,94032,1.3151562621584942,11.865417651005943,20.023962918403107,60.0
2014,whole_blocks,1,5000,3,random,global,spherical_cell_area,94032,1.3039290315554195,11.498844526140626,18.86981189554859,60.0
2014,whole_blocks,1,5000,3,random,south_of_60n,equal_cell,85332,0.9124941561860624,11.320581266134688,18.26960764067346,60.0
2014,whole_blocks,1,5000,3,random,south_of_60n,spherical_cell_area,85332,1.1420033071938247,11.245196033228265,18.060241989764965,60.0
2014,whole_blocks,1,5000,3,random,60_to_90n,equal_cell,8700,5.26457727673775,17.209323213515628,32.555863348242376,60.0
2014,whole_blocks,1,5000,3,random,60_to_90n,spherical_cell_area,8700,6.495551544449176,19.63125975143692,36.25789258198301,60.0
2014,whole_blocks,1,5000,3,historical_density,global,equal_cell,94032,-1.8569243754255988,15.4559573019938,26.137999199226776,60.0
2014,whole_blocks,1,5000,3,historical_density,global,spherical_cell_area,94032,0.7944360529029045,13.675206424892254,21.777745211261365,60.0
2014,whole_blocks,1,5000,3,historical_density,south_of_60n,equal_cell,85332,1.0370158573564665,13.024883129714956,19.0319533765082,60.0
2014,whole_blocks,1,5000,3,historical_density,south_of_60n,spherical_cell_area,85332,1.5743404313136942,12.970366645836569,18.989002529518388,60.0
2014,whole_blocks,1,5000,3,historical_density,60_to_90n,equal_cell,8700,-30.24148850689218,39.30060342485564,61.898731520680855,60.0
2014,whole_blocks,1,5000,3,historical_density,60_to_90n,spherical_cell_area,8700,-24.21066517375676,36.2736050385497,64.18181778999515,60.0
2014,whole_blocks,1,5000,4,random,global,equal_cell,94032,1.0153189982744764,12.285829289239642,21.50764375031178,60.0
2014,whole_blocks,1,5000,4,random,global,spherical_cell_area,94032,1.320269936509777,12.098752338904657,20.945621386355533,60.0
2014,whole_blocks,1,5000,4,random,south_of_60n,equal_cell,85332,1.001942265127585,12.055831131078088,21.013472312522595,60.0
2014,whole_blocks,1,5000,4,random,south_of_60n,spherical_cell_area,85332,1.3091128578209397,11.963291761879256,20.62600246141772,60.0
2014,whole_blocks,1,5000,4,random,60_to_90n,equal_cell,8700,1.1465216871124655,14.541714672255942,25.85879549536295,60.0
2014,whole_blocks,1,5000,4,random,60_to_90n,spherical_cell_area,8700,1.6779854330898305,16.441855845572903,29.40622474697233,60.0
2014,whole_blocks,1,5000,4,historical_density,global,equal_cell,94032,-1.3209572668939895,15.798293820014448,26.65128732818281,60.0
2014,whole_blocks,1,5000,4,historical_density,global,spherical_cell_area,94032,1.43361754030347,13.73040137139068,22.00152551764534,60.0
2014,whole_blocks,1,5000,4,historical_density,south_of_60n,equal_cell,85332,1.5692844975624436,13.130536471718342,19.65943765200773,60.0
2014,whole_blocks,1,5000,4,historical_density,south_of_60n,spherical_cell_area,85332,2.190158246805234,12.974121751189609,19.43092808250293,60.0
2014,whole_blocks,1,5000,4,historical_density,60_to_90n,equal_cell,8700,-29.66924580075564,41.96439382516423,62.33929394710043,60.0
2014,whole_blocks,1,5000,4,historical_density,60_to_90n,spherical_cell_area,8700,-22.82240341794933,37.978051445265145,62.44070181514789,60.0
2014,whole_blocks,1,5000,5,random,global,equal_cell,94032,1.3835986712077892,12.054993392339597,19.919618702369565,60.0
2014,whole_blocks,1,5000,5,random,global,spherical_cell_area,94032,1.7081950178345555,11.84828089602384,19.09931993606432,60.0
2014,whole_blocks,1,5000,5,random,south_of_60n,equal_cell,85332,1.4506690267506008,11.53984117885825,18.36359084717896,60.0
2014,whole_blocks,1,5000,5,random,south_of_60n,spherical_cell_area,85332,1.7410677944793562,11.597301880391091,18.322562851919585,60.0
2014,whole_blocks,1,5000,5,random,60_to_90n,equal_cell,8700,0.725754121876845,17.107748413120078,31.32199956206701,60.0
2014,whole_blocks,1,5000,5,random,60_to_90n,spherical_cell_area,8700,0.6542361860100889,19.895108001229097,36.01035726677787,60.0
2014,whole_blocks,1,5000,5,historical_density,global,equal_cell,94032,-2.548560907511631,16.144603497659958,27.4969680993894,60.0
2014,whole_blocks,1,5000,5,historical_density,global,spherical_cell_area,94032,-0.0262295118031206,13.939037815669604,22.885553952008863,60.0
2014,whole_blocks,1,5000,5,historical_density,south_of_60n,equal_cell,85332,0.1206833934172017,13.320133721375068,20.65559264287118,60.0
2014,whole_blocks,1,5000,5,historical_density,south_of_60n,spherical_cell_area,85332,0.654205873529852,13.112875141776478,20.370537696970864,60.0
2014,whole_blocks,1,5000,5,historical_density,60_to_90n,equal_cell,8700,-28.729245354277047,43.84778222753839,63.14444625355627,60.0
2014,whole_blocks,1,5000,5,historical_density,60_to_90n,spherical_cell_area,8700,-21.842180491745417,40.427261067449045,63.33829320667389,60.0
2014,whole_blocks,1,5000,6,random,global,equal_cell,94032,2.757962545677855,12.557183222598209,19.909699071875544,60.0
2014,whole_blocks,1,5000,6,random,global,spherical_cell_area,94032,2.975841940029972,12.230963986307575,19.00772527442224,60.0
2014,whole_blocks,1,5000,6,random,south_of_60n,equal_cell,85332,2.5764028791283806,11.934786981512314,18.19642948136223,60.0
2014,whole_blocks,1,5000,6,random,south_of_60n,spherical_cell_area,85332,2.8748440378187445,11.95251139007424,18.24739171586794,60.0
2014,whole_blocks,1,5000,6,random,60_to_90n,equal_cell,8700,4.538749840620357,18.661817250683438,32.19844583245406,60.0
2014,whole_blocks,1,5000,6,random,60_to_90n,spherical_cell_area,8700,6.214011693119585,21.158642235567594,35.6298322359853,60.0
2014,whole_blocks,1,5000,6,historical_density,global,equal_cell,94032,-3.667140101888832,16.823141588667067,30.01908814218264,60.0
2014,whole_blocks,1,5000,6,historical_density,global,spherical_cell_area,94032,-0.1054114768865772,14.053515670934202,23.319041917871026,60.0
2014,whole_blocks,1,5000,6,historical_density,south_of_60n,equal_cell,85332,0.348068167240961,13.23410723823022,20.000558656065834,60.0
2014,whole_blocks,1,5000,6,historical_density,south_of_60n,spherical_cell_area,85332,0.9630809275339224,13.066792393364784,19.75575704286257,60.0
2014,whole_blocks,1,5000,6,historical_density,60_to_90n,equal_cell,8700,-43.0494104491743,52.02538057619315,76.26467912682918,60.0
2014,whole_blocks,1,5000,6,historical_density,60_to_90n,spherical_cell_area,8700,-34.36315059471834,45.689593273936026,73.92472477129,60.0
2014,whole_blocks,1,5000,7,random,global,equal_cell,94032,1.4041004642931227,11.697071168056492,19.147701367962423,60.0
2014,whole_blocks,1,5000,7,random,global,spherical_cell_area,94032,1.6049642943699591,11.48581881379722,18.5189165769012,60.0
2014,whole_blocks,1,5000,7,random,south_of_60n,equal_cell,85332,1.2144601683686302,11.218085827814736,17.992682043608845,60.0
2014,whole_blocks,1,5000,7,random,south_of_60n,spherical_cell_area,85332,1.4996581418942965,11.240686306694151,17.918408532550608,60.0
2014,whole_blocks,1,5000,7,random,60_to_90n,equal_cell,8700,3.26414480128494,16.395091519034594,28.060444007276097,60.0
2014,whole_blocks,1,5000,7,random,60_to_90n,spherical_cell_area,8700,4.981264101545855,19.345196608992104,32.31857813833865,60.0
2014,whole_blocks,1,5000,7,historical_density,global,equal_cell,94032,-1.7840230130822528,15.262881143392155,26.227153508367127,60.0
2014,whole_blocks,1,5000,7,historical_density,global,spherical_cell_area,94032,0.3870715411954362,13.621887455719602,22.40286718952921,60.0
2014,whole_blocks,1,5000,7,historical_density,south_of_60n,equal_cell,85332,0.440866594430963,13.135046245414648,19.940651696876408,60.0
2014,whole_blocks,1,5000,7,historical_density,south_of_60n,spherical_cell_area,85332,1.0048274405388395,12.928370656363516,19.72903537853439,60.0
2014,whole_blocks,1,5000,7,historical_density,60_to_90n,equal_cell,8700,-23.606354046222226,36.133272811692905,59.45215412389389,60.0
2014,whole_blocks,1,5000,7,historical_density,60_to_90n,spherical_cell_area,8700,-19.419265266304503,35.857251495634955,64.13860767536804,60.0
2014,whole_blocks,1,5000,8,random,global,equal_cell,94032,1.079537655629159,11.715218695415686,19.22470262031046,60.0
2014,whole_blocks,1,5000,8,random,global,spherical_cell_area,94032,1.4250077503627705,11.511548360171986,18.68370447756085,60.0
2014,whole_blocks,1,5000,8,random,south_of_60n,equal_cell,85332,1.0904635367717816,11.30002340774588,18.256606748054068,60.0
2014,whole_blocks,1,5000,8,random,south_of_60n,spherical_cell_area,85332,1.3993445971442098,11.306460254556807,18.184291672791584,60.0
2014,whole_blocks,1,5000,8,random,60_to_90n,equal_cell,8700,0.9723735993461357,15.78756861351219,26.934873181905623,60.0
2014,whole_blocks,1,5000,8,random,60_to_90n,spherical_cell_area,8700,2.2478134196077506,18.0870324621347,30.64984507228829,60.0
2014,whole_blocks,1,5000,8,historical_density,global,equal_cell,94032,-2.970615265841165,16.680380760563512,28.887566447324325,60.0
2014,whole_blocks,1,5000,8,historical_density,global,spherical_cell_area,94032,-0.0432942590131364,14.305744692283657,23.261049294995708,60.0
2014,whole_blocks,1,5000,8,historical_density,south_of_60n,equal_cell,85332,0.3794536168479859,13.546452925519668,20.454066992739097,60.0
2014,whole_blocks,1,5000,8,historical_density,south_of_60n,spherical_cell_area,85332,0.7761451484766559,13.454015908027548,20.31657365915711,60.0
2014,whole_blocks,1,5000,8,historical_density,60_to_90n,equal_cell,8700,-35.82901502418952,47.41880949849008,70.11374421695395,60.0
2014,whole_blocks,1,5000,8,historical_density,60_to_90n,spherical_cell_area,8700,-26.315957806753524,41.61366224928173,68.22773673460345,60.0
2014,whole_blocks,1,5000,9,random,global,equal_cell,94032,1.5809488173867257,12.490757476736224,20.689044126138675,60.0
2014,whole_blocks,1,5000,9,random,global,spherical_cell_area,94032,1.792974055277295,12.278192881034904,20.158696198617413,60.0
2014,whole_blocks,1,5000,9,random,south_of_60n,equal_cell,85332,1.4382717626468473,12.129752939465954,19.918607081853708,60.0
2014,whole_blocks,1,5000,9,random,south_of_60n,spherical_cell_area,85332,1.7482378236577565,12.093807458848866,19.72728142969151,60.0
2014,whole_blocks,1,5000,9,random,60_to_90n,equal_cell,8700,2.9803647294629663,16.03158956574159,27.10894174346405,60.0
2014,whole_blocks,1,5000,9,random,60_to_90n,spherical_cell_area,8700,3.227296045397773,18.189912668885068,30.95274508478315,60.0
2014,whole_blocks,1,5000,9,historical_density,global,equal_cell,94032,-2.6083105643890603,16.703410983575885,28.867777713640194,60.0
2014,whole_blocks,1,5000,9,historical_density,global,spherical_cell_area,94032,0.3236311988597173,14.577235598313797,24.23903834574984,60.0
2014,whole_blocks,1,5000,9,historical_density,south_of_60n,equal_cell,85332,0.5080684970572115,13.788202383018204,22.048827544120275,60.0
2014,whole_blocks,1,5000,9,historical_density,south_of_60n,spherical_cell_area,85332,1.08119572888818,13.782720262350551,21.94256322663221,60.0
2014,whole_blocks,1,5000,9,historical_density,60_to_90n,equal_cell,8700,-33.17461608982966,45.29658113332164,65.10576267048462,60.0
2014,whole_blocks,1,5000,9,historical_density,60_to_90n,spherical_cell_area,8700,-23.965215336004785,40.05078973116411,63.14932234016674,60.0
2014,whole_blocks,1,5000,10,random,global,equal_cell,94032,1.0276529513770716,11.648956540856757,18.96922973081576,60.0
2014,whole_blocks,1,5000,10,random,global,spherical_cell_area,94032,0.9311115697267148,11.375306933967591,18.221476400932723,60.0
2014,whole_blocks,1,5000,10,random,south_of_60n,equal_cell,85332,0.547078816992658,11.240003416268078,17.811196668120377,60.0
2014,whole_blocks,1,5000,10,random,south_of_60n,spherical_cell_area,85332,0.7084791059894987,11.148821015802133,17.615245892408332,60.0
2014,whole_blocks,1,5000,10,random,60_to_90n,equal_cell,8700,5.741256633594401,15.66008160147758,27.885391843981463,60.0
2014,whole_blocks,1,5000,10,random,60_to_90n,spherical_cell_area,8700,8.069098541198128,18.63684240794499,32.07138688728745,60.0
2014,whole_blocks,1,5000,10,historical_density,global,equal_cell,94032,-3.017684863866525,16.899816993783684,30.70341220011548,60.0
2014,whole_blocks,1,5000,10,historical_density,global,spherical_cell_area,94032,0.2532825608688088,14.099070337684749,23.537208208723904,60.0
2014,whole_blocks,1,5000,10,historical_density,south_of_60n,equal_cell,85332,0.5379813278684207,13.210212148218808,20.13808768647972,60.0
2014,whole_blocks,1,5000,10,historical_density,south_of_60n,spherical_cell_area,85332,1.1411181903769072,13.114632212788822,19.99083162553425,60.0
2014,whole_blocks,1,5000,10,historical_density,60_to_90n,equal_cell,8700,-37.89263974583507,53.088479141110376,78.81169341616183,60.0
2014,whole_blocks,1,5000,10,historical_density,60_to_90n,spherical_cell_area,8700,-28.212283735505736,45.66188194103229,74.18403466706815,60.0
2014,whole_blocks,1,5000,11,random,global,equal_cell,94032,0.751121305887009,12.531611274948537,22.35514291356787,60.0
2014,whole_blocks,1,5000,11,random,global,spherical_cell_area,94032,1.0286697749465057,12.344106705253292,21.79866303477041,60.0
2014,whole_blocks,1,5000,11,random,south_of_60n,equal_cell,85332,0.5891932746467127,12.230200078851537,21.72311071443989,60.0
2014,whole_blocks,1,5000,11,random,south_of_60n,spherical_cell_area,85332,0.9676290971985332,12.165998160967614,21.426448036398053,60.0
2014,whole_blocks,1,5000,11,random,60_to_90n,equal_cell,8700,2.3393561060935557,15.48793543418409,27.80287667715616,60.0
2014,whole_blocks,1,5000,11,random,60_to_90n,spherical_cell_area,8700,2.9857408829997087,18.05457878680694,31.48053936025864,60.0
2014,whole_blocks,1,5000,11,historical_density,global,equal_cell,94032,-3.132833880552975,16.656242989543255,29.09799161524675,60.0
2014,whole_blocks,1,5000,11,historical_density,global,spherical_cell_area,94032,-0.4108862032685514,14.592203162100548,24.978911305478857,60.0
2014,whole_blocks,1,5000,11,historical_density,south_of_60n,equal_cell,85332,-0.1321493558760811,13.969566191093715,23.09929975255612,60.0
2014,whole_blocks,1,5000,11,historical_density,south_of_60n,spherical_cell_area,85332,0.4347840122200343,13.801553982001671,22.77704497034713,60.0
2014,whole_blocks,1,5000,11,historical_density,60_to_90n,equal_cell,8700,-32.56437547362524,43.00791018095658,62.59245955293801,60.0
2014,whole_blocks,1,5000,11,historical_density,60_to_90n,spherical_cell_area,8700,-27.52455542737587,39.941801562142345,63.20847150994844,60.0
2014,whole_blocks,1,5000,12,random,global,equal_cell,94032,1.8062692759055288,12.42343840824764,19.59379770354282,60.0
2014,whole_blocks,1,5000,12,random,global,spherical_cell_area,94032,1.9599378447270497,12.169111023813022,18.996993629679768,60.0
2014,whole_blocks,1,5000,12,random,south_of_60n,equal_cell,85332,1.6275557806586205,11.910547697752374,18.42856099018849,60.0
2014,whole_blocks,1,5000,12,random,south_of_60n,spherical_cell_area,85332,1.8846606583551075,11.928771119432858,18.42210327037742,60.0
2014,whole_blocks,1,5000,12,random,60_to_90n,equal_cell,8700,3.559140537561761,17.45401198387776,28.60896789544923,60.0
2014,whole_blocks,1,5000,12,random,60_to_90n,spherical_cell_area,8700,4.373456370067451,19.87482957623046,32.41287212181748,60.0
2014,whole_blocks,1,5000,12,historical_density,global,equal_cell,94032,-2.856053310487784,16.39460664789639,29.156552949781243,60.0
2014,whole_blocks,1,5000,12,historical_density,global,spherical_cell_area,94032,0.4267967198488523,13.789500726208448,22.815932990591463,60.0
2014,whole_blocks,1,5000,12,historical_density,south_of_60n,equal_cell,85332,0.8366856517852711,12.925387213962406,19.512276710150125,60.0
2014,whole_blocks,1,5000,12,historical_density,south_of_60n,spherical_cell_area,85332,1.3843973057552987,12.84490824951397,19.4312853618933,60.0
2014,whole_blocks,1,5000,12,historical_density,60_to_90n,equal_cell,8700,-39.07545573907219,50.42166788197167,73.85032373285304,60.0
2014,whole_blocks,1,5000,12,historical_density,60_to_90n,spherical_cell_area,8700,-30.275556348218032,44.07479101502067,71.45025709570473,60.0
2014,whole_blocks,1,5000,13,random,global,equal_cell,94032,1.3848988866273322,11.592397664674523,18.06281318445029,60.0
2014,whole_blocks,1,5000,13,random,global,spherical_cell_area,94032,1.6200269667249247,11.362682003870132,17.36739631071364,60.0
2014,whole_blocks,1,5000,13,random,south_of_60n,equal_cell,85332,1.3160846412104954,11.13973073881212,16.815941101621657,60.0
2014,whole_blocks,1,5000,13,random,south_of_60n,spherical_cell_area,85332,1.599984365867647,11.139918493455776,16.75006026712865,60.0
2014,whole_blocks,1,5000,13,random,60_to_90n,equal_cell,8700,2.059847988915784,16.032279747167674,27.43757848258236,60.0
2014,whole_blocks,1,5000,13,random,60_to_90n,spherical_cell_area,8700,2.2626278767274948,18.50487056148205,31.255543906649216,60.0
2014,whole_blocks,1,5000,13,historical_density,global,equal_cell,94032,-2.5517599534156146,16.330049910338573,28.90240302121681,60.0
2014,whole_blocks,1,5000,13,historical_density,global,spherical_cell_area,94032,-0.3163948964907111,14.452817900633356,25.406915505360328,60.0
2014,whole_blocks,1,5000,13,historical_density,south_of_60n,equal_cell,85332,-0.1609193398559974,14.002250202714556,23.869194982163503,60.0
2014,whole_blocks,1,5000,13,historical_density,south_of_60n,spherical_cell_area,85332,0.3110717470216967,13.744109953158778,23.424277122565385,60.0
2014,whole_blocks,1,5000,13,historical_density,60_to_90n,equal_cell,8700,-26.00178423344656,39.16175159435844,58.65602511657743,60.0
2014,whole_blocks,1,5000,13,historical_density,60_to_90n,spherical_cell_area,8700,-20.43407518102939,37.17523677312465,61.23362642279999,60.0
2014,whole_blocks,1,5000,14,random,global,equal_cell,94032,1.4502724996413434,12.702209712743562,21.5208787361334,60.0
2014,whole_blocks,1,5000,14,random,global,spherical_cell_area,94032,1.2858611182949,12.20452251985776,20.639574410721515,60.0
2014,whole_blocks,1,5000,14,random,south_of_60n,equal_cell,85332,0.8122034893657205,11.959837118810816,20.199551945955356,60.0
2014,whole_blocks,1,5000,14,random,south_of_60n,spherical_cell_area,85332,1.0585036334655682,11.85184479277771,19.95601540471784,60.0
2014,whole_blocks,1,5000,14,random,60_to_90n,equal_cell,8700,7.708629371461968,19.98360490647565,31.683472070582344,60.0
2014,whole_blocks,1,5000,14,random,60_to_90n,spherical_cell_area,8700,8.575340547017545,23.511988550494426,36.27242791672598,60.0
2014,whole_blocks,1,5000,14,historical_density,global,equal_cell,94032,-1.601383408451708,15.768742132861112,26.79550526234898,60.0
2014,whole_blocks,1,5000,14,historical_density,global,spherical_cell_area,94032,0.8243873991842305,13.907593370581148,22.546244894934983,60.0
2014,whole_blocks,1,5000,14,historical_density,south_of_60n,equal_cell,85332,1.129820906040552,13.253960705993912,20.05367113239179,60.0
2014,whole_blocks,1,5000,14,historical_density,south_of_60n,spherical_cell_area,85332,1.5729763360219138,13.17004412811009,19.94668484387189,60.0
2014,whole_blocks,1,5000,14,historical_density,60_to_90n,equal_cell,8700,-28.38978876066476,40.43441210038204,61.77327024406945,60.0
2014,whole_blocks,1,5000,14,historical_density,60_to_90n,spherical_cell_area,8700,-23.17668588742375,37.554714707705934,63.63935931477616,60.0
2014,whole_blocks,1,5000,15,random,global,equal_cell,94032,0.2398735784497822,12.074667941508809,22.244179061708238,60.0
2014,whole_blocks,1,5000,15,random,global,spherical_cell_area,94032,0.3514365204862983,11.78475080382634,21.618993840574355,60.0
2014,whole_blocks,1,5000,15,random,south_of_60n,equal_cell,85332,0.0244388289709045,11.740117173366675,21.675898288598056,60.0
2014,whole_blocks,1,5000,15,random,south_of_60n,spherical_cell_area,85332,0.2982692121611093,11.613903845930189,21.258873117702127,60.0
2014,whole_blocks,1,5000,15,random,60_to_90n,equal_cell,8700,2.352917031614332,15.356034165313917,27.19572809930987,60.0
2014,whole_blocks,1,5000,15,random,60_to_90n,spherical_cell_area,8700,2.056073606034406,17.262403699127756,31.0234282366068,60.0
2014,whole_blocks,1,5000,15,historical_density,global,equal_cell,94032,-2.397934832668169,15.419745879180883,26.19832794396932,60.0
2014,whole_blocks,1,5000,15,historical_density,global,spherical_cell_area,94032,-0.1926380821365478,13.697289716644384,22.627026087624788,60.0
2014,whole_blocks,1,5000,15,historical_density,south_of_60n,equal_cell,85332,0.0779437593198879,13.193730343081214,20.812486549195693,60.0
2014,whole_blocks,1,5000,15,historical_density,south_of_60n,spherical_cell_area,85332,0.4719986377318731,13.01434908293975,20.533755013497093,60.0
2014,whole_blocks,1,5000,15,historical_density,60_to_90n,equal_cell,8700,-26.682035063877915,37.253120330497794,56.300418511106166,60.0
2014,whole_blocks,1,5000,15,historical_density,60_to_90n,spherical_cell_area,8700,-21.502056158657748,35.59356335006225,58.38383639355764,60.0
2014,whole_blocks,1,5000,16,random,global,equal_cell,94032,1.3300569645829543,11.867510738634438,19.371631202784823,60.0
2014,whole_blocks,1,5000,16,random,global,spherical_cell_area,94032,1.6808690111857394,11.56509910723708,18.689925559550687,60.0
2014,whole_blocks,1,5000,16,random,south_of_60n,equal_cell,85332,1.309829830741012,11.375597391856116,18.35900121023824,60.0
2014,whole_blocks,1,5000,16,random,south_of_60n,spherical_cell_area,85332,1.6601486629363338,11.336663197667429,18.18156380549341,60.0
2014,whole_blocks,1,5000,16,random,60_to_90n,equal_cell,8700,1.5284502732037155,16.69233254406987,27.38624762383063,60.0
2014,whole_blocks,1,5000,16,random,60_to_90n,spherical_cell_area,8700,2.3451996903951318,18.889154723173743,30.82662115257425,60.0
2014,whole_blocks,1,5000,16,historical_density,global,equal_cell,94032,-2.0525595373990075,15.057449206446002,26.83103184314652,60.0
2014,whole_blocks,1,5000,16,historical_density,global,spherical_cell_area,94032,0.6312176997933739,13.209425478705146,22.1511336912665,60.0
2014,whole_blocks,1,5000,16,historical_density,south_of_60n,equal_cell,85332,0.7804788712362698,12.522437923594254,18.96068558157833,60.0
2014,whole_blocks,1,5000,16,historical_density,south_of_60n,spherical_cell_area,85332,1.40151222602472,12.44635658598214,18.87952019291484,60.0
2014,whole_blocks,1,5000,16,historical_density,60_to_90n,equal_cell,8700,-29.839781777130664,39.92153918211325,65.22863059233806,60.0
2014,whole_blocks,1,5000,16,historical_density,60_to_90n,spherical_cell_area,8700,-24.065774823835454,37.674751528463126,69.2425323561607,60.0
2014,whole_blocks,1,5000,17,random,global,equal_cell,94032,0.921547483394531,12.53089327579087,21.492944646696976,60.0
2014,whole_blocks,1,5000,17,random,global,spherical_cell_area,94032,1.1306259874447475,12.12645161986478,20.432526811374387,60.0
2014,whole_blocks,1,5000,17,random,south_of_60n,equal_cell,85332,0.5810246917211455,11.931419098257482,19.99887703656061,60.0
2014,whole_blocks,1,5000,17,random,south_of_60n,spherical_cell_area,85332,1.011438740765806,11.846556040824565,19.692768108090444,60.0
2014,whole_blocks,1,5000,17,random,60_to_90n,equal_cell,8700,4.261488961448939,18.410701381225245,32.710506793091405,60.0
2014,whole_blocks,1,5000,17,random,60_to_90n,spherical_cell_area,8700,4.951978002683723,21.10039442687466,37.002409553622094,60.0
2014,whole_blocks,1,5000,17,historical_density,global,equal_cell,94032,-1.5218955559609144,15.682695040586866,26.74593010236895,60.0
2014,whole_blocks,1,5000,17,historical_density,global,spherical_cell_area,94032,1.3060070503888226,13.811064098017836,22.270808114844627,60.0
2014,whole_blocks,1,5000,17,historical_density,south_of_60n,equal_cell,85332,1.4049075615459052,13.122134088636043,19.69874356118856,60.0
2014,whole_blocks,1,5000,17,historical_density,south_of_60n,spherical_cell_area,85332,2.076609804464043,13.087323780459275,19.63559374462847,60.0
2014,whole_blocks,1,5000,17,historical_density,60_to_90n,equal_cell,8700,-30.228787926431256,40.79738321896247,62.6548915711515,60.0
2014,whole_blocks,1,5000,17,historical_density,60_to_90n,spherical_cell_area,8700,-23.400867798112525,37.01544710102527,63.53458628551021,60.0
2014,whole_blocks,1,5000,18,random,global,equal_cell,94032,0.7995175555194151,11.677158407375186,19.859268331411084,60.0
2014,whole_blocks,1,5000,18,random,global,spherical_cell_area,94032,0.9764829015274882,11.408141057526514,19.188535628005145,60.0
2014,whole_blocks,1,5000,18,random,south_of_60n,equal_cell,85332,0.6743396348152938,11.241306559747684,18.85915806743921,60.0
2014,whole_blocks,1,5000,18,random,south_of_60n,spherical_cell_area,85332,0.9216070448504152,11.187421095661794,18.65982957689419,60.0
2014,whole_blocks,1,5000,18,random,60_to_90n,equal_cell,8700,2.027297133625629,15.952113563898193,27.824331432778862,60.0
2014,whole_blocks,1,5000,18,random,60_to_90n,spherical_cell_area,8700,2.7358990416265554,18.48480986712856,31.776984129079302,60.0
2014,whole_blocks,1,5000,18,historical_density,global,equal_cell,94032,-2.1834400657823148,15.882586117877665,27.784682204994866,60.0
2014,whole_blocks,1,5000,18,historical_density,global,spherical_cell_area,94032,0.3650109489672615,13.842504426820197,23.151061986475597,60.0
2014,whole_blocks,1,5000,18,historical_density,south_of_60n,equal_cell,85332,0.5651108006315526,13.178166709649735,20.46297996688349,60.0
2014,whole_blocks,1,5000,18,historical_density,south_of_60n,spherical_cell_area,85332,1.099309780161121,13.047078931845904,20.268593721397757,60.0
2014,whole_blocks,1,5000,18,historical_density,60_to_90n,equal_cell,8700,-29.1419851844982,42.40827772051052,65.09079207441224,60.0
2014,whole_blocks,1,5000,18,historical_density,60_to_90n,spherical_cell_area,8700,-23.177896505963258,39.345239852702974,67.44394201168049,60.0
2014,whole_blocks,1,5000,19,random,global,equal_cell,94032,1.5498003494596158,13.065620830507662,22.527891792976614,60.0
2014,whole_blocks,1,5000,19,random,global,spherical_cell_area,94032,1.6945603100386804,12.797004594506443,21.809972989918204,60.0
2014,whole_blocks,1,5000,19,random,south_of_60n,equal_cell,85332,1.1308130291208611,12.461145758868334,21.29493128112415,60.0
2014,whole_blocks,1,5000,19,random,south_of_60n,spherical_cell_area,85332,1.5278424471684668,12.526992983343243,21.22048708124268,60.0
2014,whole_blocks,1,5000,19,random,60_to_90n,equal_cell,8700,5.659343570051181,18.994479084890063,32.209700558294394,60.0
2014,whole_blocks,1,5000,19,random,60_to_90n,spherical_cell_area,8700,7.039827182186249,21.454050068808115,35.901929254613506,60.0
2014,whole_blocks,1,5000,19,historical_density,global,equal_cell,94032,-1.6077491090221867,15.575414062551,27.00231555739039,60.0
2014,whole_blocks,1,5000,19,historical_density,global,spherical_cell_area,94032,0.8807720681292959,13.591008795499338,22.28507065375804,60.0
2014,whole_blocks,1,5000,19,historical_density,south_of_60n,equal_cell,85332,1.152734008719163,12.900940266705126,19.31417698591915,60.0
2014,whole_blocks,1,5000,19,historical_density,south_of_60n,spherical_cell_area,85332,1.6031064408113962,12.800003092695995,19.23138068117208,60.0
2014,whole_blocks,1,5000,19,historical_density,60_to_90n,equal_cell,8700,-28.683329040413557,41.80739083808203,64.97484577157778,60.0
2014,whole_blocks,1,5000,19,historical_density,60_to_90n,spherical_cell_area,8700,-22.278533878090204,38.95203793828549,67.53784971122603,60.0
2014,whole_blocks,2,5000,0,random,global,equal_cell,97752,0.7566407570776387,13.735541270595462,28.60613781040684,60.0
2014,whole_blocks,2,5000,0,random,global,spherical_cell_area,97752,0.8262120011946431,13.53810920989923,28.52032431516549,60.0
2014,whole_blocks,2,5000,0,random,south_of_60n,equal_cell,85920,0.6103984210564486,13.200946991817757,27.110967911678667,60.0
2014,whole_blocks,2,5000,0,random,south_of_60n,spherical_cell_area,85920,0.7749224994714068,13.271711815515134,27.742159920143123,60.0
2014,whole_blocks,2,5000,0,random,60_to_90n,equal_cell,11832,1.818603359422184,17.617584917703336,37.72605410709537,60.0
2014,whole_blocks,2,5000,0,random,60_to_90n,spherical_cell_area,11832,1.9399323689788484,19.322766772984853,42.001151723287606,60.0
2014,whole_blocks,2,5000,0,historical_density,global,equal_cell,97752,-5.42869842583474,20.022127640492165,38.2360593591423,60.0
2014,whole_blocks,2,5000,0,historical_density,global,spherical_cell_area,97752,-1.4824770732549268,17.117963770033317,33.87749626621122,60.0
2014,whole_blocks,2,5000,0,historical_density,south_of_60n,equal_cell,85920,-1.4707914492759582,16.251327720566238,31.58392610111784,60.0
2014,whole_blocks,2,5000,0,historical_density,south_of_60n,spherical_cell_area,85920,-0.271676007310984,15.96702575745032,31.50367661298808,60.0
2014,whole_blocks,2,5000,0,historical_density,60_to_90n,equal_cell,11832,-34.16968620693097,47.40440697788529,69.5319290928296,60.0
2014,whole_blocks,2,5000,0,historical_density,60_to_90n,spherical_cell_area,11832,-27.774286569732528,42.10988343397561,67.21477559016402,60.0
2014,whole_blocks,2,5000,1,random,global,equal_cell,97752,-0.6513086386731369,13.928066457744611,28.386810069560863,60.0
2014,whole_blocks,2,5000,1,random,global,spherical_cell_area,97752,-0.4369089667087314,13.661405419098694,28.23740421131509,60.0
2014,whole_blocks,2,5000,1,random,south_of_60n,equal_cell,85920,-0.8171599101288521,13.388515373651556,26.84803016683262,60.0
2014,whole_blocks,2,5000,1,random,south_of_60n,spherical_cell_area,85920,-0.5064051472341725,13.392268394747092,27.441515585943066,60.0
2014,whole_blocks,2,5000,1,random,60_to_90n,equal_cell,11832,0.5530474501939239,17.84610475602688,37.72281403126566,60.0
2014,whole_blocks,2,5000,1,random,60_to_90n,spherical_cell_area,11832,1.0721583693719807,19.505552382402488,41.947673793998526,60.0
2014,whole_blocks,2,5000,1,historical_density,global,equal_cell,97752,-5.63718335357295,19.284099240423654,39.15139172510989,60.0
2014,whole_blocks,2,5000,1,historical_density,global,spherical_cell_area,97752,-2.2711057115864737,16.56578020301664,34.49190294157208,60.0
2014,whole_blocks,2,5000,1,historical_density,south_of_60n,equal_cell,85920,-2.2436491241365304,15.710713549432992,32.239884915837244,60.0
2014,whole_blocks,2,5000,1,historical_density,south_of_60n,spherical_cell_area,85920,-1.2830506105469968,15.489704610464004,32.02212321793976,60.0
2014,whole_blocks,2,5000,1,historical_density,60_to_90n,equal_cell,11832,-30.279886277269465,45.23282291942276,71.52545542487223,60.0
2014,whole_blocks,2,5000,1,historical_density,60_to_90n,spherical_cell_area,11832,-23.72612191468219,39.9321079004132,68.9697255002629,60.0
2014,whole_blocks,2,5000,2,random,global,equal_cell,97752,-0.5018817372566783,14.135935956187392,29.047543641176237,60.0
2014,whole_blocks,2,5000,2,random,global,spherical_cell_area,97752,-0.2909699805191387,13.870229687668411,28.88199229975297,60.0
2014,whole_blocks,2,5000,2,random,south_of_60n,equal_cell,85920,-0.6342670834030197,13.569872077027073,27.49245427946939,60.0
2014,whole_blocks,2,5000,2,random,south_of_60n,spherical_cell_area,85920,-0.3619652822724966,13.582577027454835,28.08025069068303,60.0
2014,whole_blocks,2,5000,2,random,60_to_90n,equal_cell,11832,0.4594560704591459,18.246501245018926,38.49986643281099,60.0
2014,whole_blocks,2,5000,2,random,60_to_90n,spherical_cell_area,11832,1.250649862199641,20.11643243410737,42.729896730093415,60.0
2014,whole_blocks,2,5000,2,historical_density,global,equal_cell,97752,-4.163677373226521,17.905585076623513,34.666736101101854,60.0
2014,whole_blocks,2,5000,2,historical_density,global,spherical_cell_area,97752,-1.1358325995232132,15.828827773553044,31.95397761801821,60.0
2014,whole_blocks,2,5000,2,historical_density,south_of_60n,equal_cell,85920,-1.348588063199966,15.011236806698584,29.77545444179186,60.0
2014,whole_blocks,2,5000,2,historical_density,south_of_60n,spherical_cell_area,85920,-0.2504261551853056,14.90810375489989,30.028587060753534,60.0
2014,whole_blocks,2,5000,2,historical_density,60_to_90n,equal_cell,11832,-24.60590806266885,38.92336764524674,59.08209945360999,60.0
2014,whole_blocks,2,5000,2,historical_density,60_to_90n,spherical_cell_area,11832,-20.361895588935568,35.821790431202984,60.10379587103588,60.0
2014,whole_blocks,2,5000,3,random,global,equal_cell,97752,-0.7273704602968548,13.917825616656993,28.58879965620023,60.0
2014,whole_blocks,2,5000,3,random,global,spherical_cell_area,97752,-0.6224840024233829,13.562446705747162,28.289826194044,60.0
2014,whole_blocks,2,5000,3,random,south_of_60n,equal_cell,85920,-0.745734695395138,13.38322292449888,26.920664755014528,60.0
2014,whole_blocks,2,5000,3,random,south_of_60n,spherical_cell_area,85920,-0.5905601170333356,13.307820412034326,27.43074421140004,60.0
2014,whole_blocks,2,5000,3,random,60_to_90n,equal_cell,11832,-0.5940155685081054,17.799930358900475,38.59701669208378,60.0
2014,whole_blocks,2,5000,3,random,60_to_90n,spherical_cell_area,11832,-1.3156917775653387,19.091501969563744,42.89231268230935,60.0
2014,whole_blocks,2,5000,3,historical_density,global,equal_cell,97752,-6.7004988047665055,20.888925009025364,41.63786263121467,60.0
2014,whole_blocks,2,5000,3,historical_density,global,spherical_cell_area,97752,-2.3068264736386856,17.307049392435314,35.39900312644428,60.0
2014,whole_blocks,2,5000,3,historical_density,south_of_60n,equal_cell,85920,-2.0309036970211496,16.240742543503394,32.783752756911625,60.0
2014,whole_blocks,2,5000,3,historical_density,south_of_60n,spherical_cell_area,85920,-0.9448021095976252,15.92069497176498,32.31037154881648,60.0
2014,whole_blocks,2,5000,3,historical_density,60_to_90n,equal_cell,11832,-40.60952615918512,54.64246096555407,80.73841331517716,60.0
2014,whole_blocks,2,5000,3,historical_density,60_to_90n,spherical_cell_area,11832,-31.88235800904496,47.41089332525157,76.11967805194888,60.0
2014,whole_blocks,2,5000,4,random,global,equal_cell,97752,-1.3970301962966931,13.632631816951466,28.795213745124645,60.0
2014,whole_blocks,2,5000,4,random,global,spherical_cell_area,97752,-1.1148096389834454,13.238025955872834,28.62138767830556,60.0
2014,whole_blocks,2,5000,4,random,south_of_60n,equal_cell,85920,-1.4397952927969857,12.953420961827304,27.216493020569587,60.0
2014,whole_blocks,2,5000,4,random,south_of_60n,spherical_cell_area,85920,-1.1147559274505705,12.935476850472453,27.821853034924235,60.0
2014,whole_blocks,2,5000,4,random,60_to_90n,equal_cell,11832,-1.0864844651180994,18.564832347062016,38.35740200759895,60.0
2014,whole_blocks,2,5000,4,random,60_to_90n,spherical_cell_area,11832,-1.1159759522861283,19.80769595885984,42.41601136629099,60.0
2014,whole_blocks,2,5000,4,historical_density,global,equal_cell,97752,-6.6793403203177935,20.05512404335051,40.55805440248666,60.0
2014,whole_blocks,2,5000,4,historical_density,global,spherical_cell_area,97752,-2.445931099003446,16.985325880811406,35.27809214427742,60.0
2014,whole_blocks,2,5000,4,historical_density,south_of_60n,equal_cell,85920,-2.2760614149884306,16.040077960331853,33.01415223978063,60.0
2014,whole_blocks,2,5000,4,historical_density,south_of_60n,spherical_cell_area,85920,-1.1056798615311774,15.777208547451108,32.630330075832624,60.0
2014,whole_blocks,2,5000,4,historical_density,60_to_90n,equal_cell,11832,-38.65446908518417,49.21103677602147,75.33482087036789,60.0
2014,whole_blocks,2,5000,4,historical_density,60_to_90n,spherical_cell_area,11832,-31.5486724197405,43.218859754799645,71.75588892790213,60.0
2014,whole_blocks,2,5000,5,random,global,equal_cell,97752,0.0236484164753909,14.30767765339152,29.29549410564621,60.0
2014,whole_blocks,2,5000,5,random,global,spherical_cell_area,97752,-0.0400374091062276,13.678593928973036,28.43637941527945,60.0
2014,whole_blocks,2,5000,5,random,south_of_60n,equal_cell,85920,-0.4145060985057853,13.393894327690306,26.916345477264507,60.0
2014,whole_blocks,2,5000,5,random,south_of_60n,spherical_cell_area,85920,-0.1007922426601,13.33440625648305,27.30755728962265,60.0
2014,whole_blocks,2,5000,5,random,60_to_90n,equal_cell,11832,3.2053789715111147,20.943264480998685,42.771183142549184,60.0
2014,whole_blocks,2,5000,5,random,60_to_90n,spherical_cell_area,11832,1.279216888496587,21.152420117825866,46.63695510561037,60.0
2014,whole_blocks,2,5000,5,historical_density,global,equal_cell,97752,-6.144209464271239,21.53082807893056,41.85885180343064,60.0
2014,whole_blocks,2,5000,5,historical_density,global,spherical_cell_area,97752,-1.5144079363832823,17.95751010323777,35.887428430089095,60.0
2014,whole_blocks,2,5000,5,historical_density,south_of_60n,equal_cell,85920,-1.0863789105623431,16.718087705610337,33.15640441709545,60.0
2014,whole_blocks,2,5000,5,historical_density,south_of_60n,spherical_cell_area,85920,-0.024424301960477,16.532649159297026,32.99039172838409,60.0
2014,whole_blocks,2,5000,5,historical_density,60_to_90n,equal_cell,11832,-42.87247190296871,56.4793281529395,80.57726590598519,60.0
2014,whole_blocks,2,5000,5,historical_density,60_to_90n,spherical_cell_area,11832,-33.868497283482846,48.89749979333253,74.9722051123414,60.0
2014,whole_blocks,2,5000,6,random,global,equal_cell,97752,-0.6562457393599919,14.038460509308528,28.690876839007128,60.0
2014,whole_blocks,2,5000,6,random,global,spherical_cell_area,97752,-0.4479112097268065,13.626590312101117,28.49382200168492,60.0
2014,whole_blocks,2,5000,6,random,south_of_60n,equal_cell,85920,-1.138514329074275,13.363454618824472,26.981996735692825,60.0
2014,whole_blocks,2,5000,6,random,south_of_60n,spherical_cell_area,85920,-0.5886311158140622,13.31119651382194,27.647028072317653,60.0
2014,whole_blocks,2,5000,6,random,60_to_90n,equal_cell,11832,2.84582637256117,18.940126002073068,38.910518715460896,60.0
2014,whole_blocks,2,5000,6,random,60_to_90n,spherical_cell_area,11832,2.607736053289095,20.47517501685765,42.94408303541409,60.0
2014,whole_blocks,2,5000,6,historical_density,global,equal_cell,97752,-6.742002327175166,20.53623086924675,42.066124328450464,60.0
2014,whole_blocks,2,5000,6,historical_density,global,spherical_cell_area,97752,-2.5247346098454027,17.10520957818951,35.79748257699072,60.0
2014,whole_blocks,2,5000,6,historical_density,south_of_60n,equal_cell,85920,-2.6000239510806606,15.955486521465556,32.98763981181537,60.0
2014,whole_blocks,2,5000,6,historical_density,south_of_60n,spherical_cell_area,85920,-1.3257984661932505,15.745036281809018,32.679705431110634,60.0
2014,whole_blocks,2,5000,6,historical_density,60_to_90n,equal_cell,11832,-36.81965463228335,53.80005392210004,81.96017654623118,60.0
2014,whole_blocks,2,5000,6,historical_density,60_to_90n,spherical_cell_area,11832,-28.558904527567705,46.64054630400602,76.92469674246733,60.0
2014,whole_blocks,2,5000,7,random,global,equal_cell,97752,0.3764655553876983,14.146809088507572,30.156182388563675,60.0
2014,whole_blocks,2,5000,7,random,global,spherical_cell_area,97752,0.6479561392123252,13.84077359307882,29.69776499297045,60.0
2014,whole_blocks,2,5000,7,random,south_of_60n,equal_cell,85920,0.7167175932708156,13.67721815510009,28.94645457806883,60.0
2014,whole_blocks,2,5000,7,random,south_of_60n,spherical_cell_area,85920,0.7437319895271992,13.603059990117927,29.006167228044724,60.0
2014,whole_blocks,2,5000,7,random,60_to_90n,equal_cell,11832,-2.0943301760961965,17.55682032907305,37.796699462669146,60.0
2014,whole_blocks,2,5000,7,random,60_to_90n,spherical_cell_area,11832,-1.4317582595181506,19.002580052917512,41.99465324881245,60.0
2014,whole_blocks,2,5000,7,historical_density,global,equal_cell,97752,-6.832385662363389,21.22539145671838,42.78266355507909,60.0
2014,whole_blocks,2,5000,7,historical_density,global,spherical_cell_area,97752,-2.0974808269298246,17.18292281592989,35.560957607961555,60.0
2014,whole_blocks,2,5000,7,historical_density,south_of_60n,equal_cell,85920,-1.599349248046276,15.818415561214367,32.32261822235535,60.0
2014,whole_blocks,2,5000,7,historical_density,south_of_60n,spherical_cell_area,85920,-0.5906383149947807,15.595234353068832,32.05922462460585,60.0
2014,whole_blocks,2,5000,7,historical_density,60_to_90n,equal_cell,11832,-44.83293406653228,60.48902980540879,86.80525767759286,60.0
2014,whole_blocks,2,5000,7,historical_density,60_to_90n,spherical_cell_area,11832,-34.817650456202465,51.6586131497133,80.0392741398258,60.0
2014,whole_blocks,2,5000,8,random,global,equal_cell,97752,-0.5361900034513415,14.55252849229043,29.677610545519,60.0
2014,whole_blocks,2,5000,8,random,global,spherical_cell_area,97752,-0.2993385439935744,14.265135935432232,29.41321539233221,60.0
2014,whole_blocks,2,5000,8,random,south_of_60n,equal_cell,85920,-0.5893602709480072,14.00379942553383,28.139661742468437,60.0
2014,whole_blocks,2,5000,8,random,south_of_60n,spherical_cell_area,85920,-0.2980251227583743,14.000714735273442,28.618599972721697,60.0
2014,whole_blocks,2,5000,8,random,60_to_90n,equal_cell,11832,-0.1500854240637896,18.53721421032012,39.07003584964284,60.0
2014,whole_blocks,2,5000,8,random,60_to_90n,spherical_cell_area,11832,-0.3278586881161691,20.006881641598262,43.20245920904858,60.0
2014,whole_blocks,2,5000,8,historical_density,global,equal_cell,97752,-3.640355496410192,17.8890837174151,35.45070146010453,60.0
2014,whole_blocks,2,5000,8,historical_density,global,spherical_cell_area,97752,-1.1725785527755974,15.931955758025609,32.80904933636089,60.0
2014,whole_blocks,2,5000,8,historical_density,south_of_60n,equal_cell,85920,-1.4932357981426234,15.278339288368578,31.026461054393035,60.0
2014,whole_blocks,2,5000,8,historical_density,south_of_60n,spherical_cell_area,85920,-0.5076656608348572,15.094530783927413,31.01842827618452,60.0
2014,whole_blocks,2,5000,8,historical_density,60_to_90n,equal_cell,11832,-19.232015779975903,36.84743068696185,58.245059107287815,60.0
2014,whole_blocks,2,5000,8,historical_density,60_to_90n,spherical_cell_area,11832,-15.610758017896176,34.11613027344664,59.650562083428206,60.0
2014,whole_blocks,2,5000,9,random,global,equal_cell,97752,-1.0699317154625942,13.848027189354909,29.080781324690133,60.0
2014,whole_blocks,2,5000,9,random,global,spherical_cell_area,97752,-1.195662531577049,13.467818625927771,29.05284538147355,60.0
2014,whole_blocks,2,5000,9,random,south_of_60n,equal_cell,85920,-1.5764112684065226,13.22996150476751,27.779922090914894,60.0
2014,whole_blocks,2,5000,9,random,south_of_60n,spherical_cell_area,85920,-1.3670659901261917,13.184735865083566,28.384931655403605,60.0
2014,whole_blocks,2,5000,9,random,60_to_90n,equal_cell,11832,2.6079522592620807,18.336212079462165,37.18629976258601,60.0
2014,whole_blocks,2,5000,9,random,60_to_90n,spherical_cell_area,11832,2.526259430639071,19.614788784110196,40.95250269929646,60.0
2014,whole_blocks,2,5000,9,historical_density,global,equal_cell,97752,-6.1295363839461885,19.64543595148776,37.72771174020996,60.0
2014,whole_blocks,2,5000,9,historical_density,global,spherical_cell_area,97752,-2.691352901154543,17.182589258031186,34.218421339174874,60.0
2014,whole_blocks,2,5000,9,historical_density,south_of_60n,equal_cell,85920,-2.6848034157059817,16.319425933337126,32.17821542350159,60.0
2014,whole_blocks,2,5000,9,historical_density,south_of_60n,spherical_cell_area,85920,-1.6429454316181693,16.17003078935316,32.2159678465054,60.0
2014,whole_blocks,2,5000,9,historical_density,60_to_90n,equal_cell,11832,-31.14402730950388,43.7978007891739,65.1190401353538,60.0
2014,whole_blocks,2,5000,9,historical_density,60_to_90n,spherical_cell_area,11832,-25.45688411766791,39.16968120180415,63.71502585013896,60.0
2014,whole_blocks,2,5000,10,random,global,equal_cell,97752,0.9447316466144404,14.863397292881857,31.579496596618995,60.0
2014,whole_blocks,2,5000,10,random,global,spherical_cell_area,97752,1.165528364018768,14.547979620999865,30.891484652008465,60.0
2014,whole_blocks,2,5000,10,random,south_of_60n,equal_cell,85920,0.957057700205688,14.583346407946896,30.78395440465481,60.0
2014,whole_blocks,2,5000,10,random,south_of_60n,spherical_cell_area,85920,1.181050969821857,14.369629880190944,30.344122861235217,60.0
2014,whole_blocks,2,5000,10,random,60_to_90n,equal_cell,11832,0.8552239957895579,16.897032522226983,36.84475183452187,60.0
2014,whole_blocks,2,5000,10,random,60_to_90n,spherical_cell_area,11832,0.8284644101267518,18.420735882110964,41.0135041127651,60.0
2014,whole_blocks,2,5000,10,historical_density,global,equal_cell,97752,-4.9118163880614825,20.339517574809395,38.99191230236657,60.0
2014,whole_blocks,2,5000,10,historical_density,global,spherical_cell_area,97752,-1.2080776634975274,17.454855086931644,34.17786334353627,60.0
2014,whole_blocks,2,5000,10,historical_density,south_of_60n,equal_cell,85920,-1.4715681600900197,16.62338401277555,31.76527477172746,60.0
2014,whole_blocks,2,5000,10,historical_density,south_of_60n,spherical_cell_area,85920,-0.2841467640312902,16.37491853369028,31.784162090612977,60.0
2014,whole_blocks,2,5000,10,historical_density,60_to_90n,equal_cell,11832,-29.893740639862365,47.32482822811806,72.34309248968657,60.0
2014,whole_blocks,2,5000,10,historical_density,60_to_90n,spherical_cell_area,11832,-21.27067578958818,40.90502119986687,67.7988585536276,60.0
2014,whole_blocks,2,5000,11,random,global,equal_cell,97752,-1.5532396337178596,13.79429777535933,28.757144407577563,60.0
2014,whole_blocks,2,5000,11,random,global,spherical_cell_area,97752,-1.187180899934413,13.449018404459238,28.475657699981067,60.0
2014,whole_blocks,2,5000,11,random,south_of_60n,equal_cell,85920,-1.613946649320437,13.183365190061703,26.90531978180735,60.0
2014,whole_blocks,2,5000,11,random,south_of_60n,spherical_cell_area,85920,-1.201467146288799,13.161258885558386,27.53548427362375,60.0
2014,whole_blocks,2,5000,11,random,60_to_90n,equal_cell,11832,-1.112405727313747,18.23068450023863,39.69237592195245,60.0
2014,whole_blocks,2,5000,11,random,60_to_90n,spherical_cell_area,11832,-0.8769637402918911,19.697541522368034,44.20799761293976,60.0
2014,whole_blocks,2,5000,11,historical_density,global,equal_cell,97752,-4.9776534123982055,18.96960569021555,37.19239259197397,60.0
2014,whole_blocks,2,5000,11,historical_density,global,spherical_cell_area,97752,-1.532602308073047,16.716102061142088,33.94060755271146,60.0
2014,whole_blocks,2,5000,11,historical_density,south_of_60n,equal_cell,85920,-1.7603272499497271,15.992950233887562,32.27076820005679,60.0
2014,whole_blocks,2,5000,11,historical_density,south_of_60n,spherical_cell_area,85920,-0.5619983541531294,15.803422648629248,32.09097628940303,60.0
2014,whole_blocks,2,5000,11,historical_density,60_to_90n,equal_cell,11832,-28.34079268535064,40.58507533251615,62.17580248685943,60.0
2014,whole_blocks,2,5000,11,historical_density,60_to_90n,spherical_cell_area,11832,-22.608677454319963,36.53438098414378,61.67683700376634,60.0
2014,whole_blocks,2,5000,12,random,global,equal_cell,97752,-0.9994107259161124,13.647598391871192,28.96773248676812,60.0
2014,whole_blocks,2,5000,12,random,global,spherical_cell_area,97752,-0.4299106462750316,13.241746717505814,28.630931027077047,60.0
2014,whole_blocks,2,5000,12,random,south_of_60n,equal_cell,85920,-0.8249987114905665,12.870071797235472,27.232099877736346,60.0
2014,whole_blocks,2,5000,12,random,south_of_60n,spherical_cell_area,85920,-0.3696590483906658,12.907323428836976,27.764184435676015,60.0
2014,whole_blocks,2,5000,12,random,60_to_90n,equal_cell,11832,-2.265932047708107,19.293734718029164,39.33762303261993,60.0
2014,whole_blocks,2,5000,12,random,60_to_90n,spherical_cell_area,11832,-1.7382374870671096,20.503545244262117,43.37206088236887,60.0
2014,whole_blocks,2,5000,12,historical_density,global,equal_cell,97752,-5.419229413387575,20.184640896958346,39.809935540817314,60.0
2014,whole_blocks,2,5000,12,historical_density,global,spherical_cell_area,97752,-1.860587119840567,17.149788489493314,34.781074505838966,60.0
2014,whole_blocks,2,5000,12,historical_density,south_of_60n,equal_cell,85920,-1.8981118340237952,16.182113898256027,32.32625328262185,60.0
2014,whole_blocks,2,5000,12,historical_density,south_of_60n,spherical_cell_area,85920,-0.8349040347169047,15.9690770282258,32.19743078152299,60.0
2014,whole_blocks,2,5000,12,historical_density,60_to_90n,equal_cell,11832,-30.98839966515701,49.249644254675005,74.19567791216227,60.0
2014,whole_blocks,2,5000,12,historical_density,60_to_90n,spherical_cell_area,11832,-24.13267213556292,42.78822050206519,70.47955903113801,60.0
2014,whole_blocks,2,5000,13,random,global,equal_cell,97752,0.2946835980885691,14.880337433181666,30.36624711493628,60.0
2014,whole_blocks,2,5000,13,random,global,spherical_cell_area,97752,0.1454346271171306,14.555646695333513,30.144473617268623,60.0
2014,whole_blocks,2,5000,13,random,south_of_60n,equal_cell,85920,-0.3041857381292326,14.284551394792087,29.0155663466571,60.0
2014,whole_blocks,2,5000,13,random,south_of_60n,spherical_cell_area,85920,-0.0238080592214382,14.296064658862049,29.4573480993089,60.0
2014,whole_blocks,2,5000,13,random,60_to_90n,equal_cell,11832,4.643471070014999,19.206735034469094,38.7883617885599,60.0
2014,whole_blocks,2,5000,13,random,60_to_90n,spherical_cell_area,11832,3.820436733608316,20.19231290217619,42.40258310469265,60.0
2014,whole_blocks,2,5000,13,historical_density,global,equal_cell,97752,-7.866996162265887,21.74815149041007,43.05673820801465,60.0
2014,whole_blocks,2,5000,13,historical_density,global,spherical_cell_area,97752,-2.8933928666665936,17.697826275430746,35.98127703976552,60.0
2014,whole_blocks,2,5000,13,historical_density,south_of_60n,equal_cell,85920,-2.4744778401556022,16.39860562885201,32.898241457645966,60.0
2014,whole_blocks,2,5000,13,historical_density,south_of_60n,spherical_cell_area,85920,-1.3365874033637568,16.11627193896079,32.58185165362557,60.0
2014,whole_blocks,2,5000,13,historical_density,60_to_90n,equal_cell,11832,-47.025648481038345,60.594752270081166,86.353332094061,60.0
2014,whole_blocks,2,5000,13,historical_density,60_to_90n,spherical_cell_area,11832,-36.69847762873169,52.0403177815634,79.72289212498112,60.0
2014,whole_blocks,2,5000,14,random,global,equal_cell,97752,-0.7157857140732947,13.753307492657122,28.0270976059482,60.0
2014,whole_blocks,2,5000,14,random,global,spherical_cell_area,97752,-0.4826068667084488,13.490263468436211,27.755296147057265,60.0
2014,whole_blocks,2,5000,14,random,south_of_60n,equal_cell,85920,-0.7435145069235252,13.031792127950292,25.98689874444745,60.0
2014,whole_blocks,2,5000,14,random,south_of_60n,spherical_cell_area,85920,-0.4935952705549635,13.15991970873644,26.74931264752028,60.0
2014,whole_blocks,2,5000,14,random,60_to_90n,equal_cell,11832,-0.5144285570675642,18.992709126836573,39.82145610816042,60.0
2014,whole_blocks,2,5000,14,random,60_to_90n,spherical_cell_area,11832,-0.2440003534430395,20.663477502242436,44.28287035136341,60.0
2014,whole_blocks,2,5000,14,historical_density,global,equal_cell,97752,-5.608785153116724,19.838265208490007,39.07106391637653,60.0
2014,whole_blocks,2,5000,14,historical_density,global,spherical_cell_area,97752,-2.104240080114098,16.77601875136992,34.172831132404674,60.0
2014,whole_blocks,2,5000,14,historical_density,south_of_60n,equal_cell,85920,-2.231099829894395,15.789152235713535,31.57659757128132,60.0
2014,whole_blocks,2,5000,14,historical_density,south_of_60n,spherical_cell_area,85920,-1.184717918882889,15.604920554246716,31.659072051190936,60.0
2014,whole_blocks,2,5000,14,historical_density,60_to_90n,equal_cell,11832,-30.13639865643505,49.24156022378365,73.28953291584851,60.0
2014,whole_blocks,2,5000,14,historical_density,60_to_90n,spherical_cell_area,11832,-22.07110513406308,42.20570457381138,69.00145245551396,60.0
2014,whole_blocks,2,5000,15,random,global,equal_cell,97752,0.4959893368975048,14.852019586288296,30.035032658330994,60.0
2014,whole_blocks,2,5000,15,random,global,spherical_cell_area,97752,0.9593908429980924,14.609074863779096,29.801752870672555,60.0
2014,whole_blocks,2,5000,15,random,south_of_60n,equal_cell,85920,0.6071869568177883,14.216443566717926,28.496051444527843,60.0
2014,whole_blocks,2,5000,15,random,south_of_60n,spherical_cell_area,85920,1.0153860850309102,14.316527242686847,29.01669786377207,60.0
2014,whole_blocks,2,5000,15,random,60_to_90n,equal_cell,11832,-0.311490337168651,19.46735863306705,39.44896737265544,60.0
2014,whole_blocks,2,5000,15,random,60_to_90n,spherical_cell_area,11832,-0.2565118165261246,20.96156871165056,43.48358497732135,60.0
2014,whole_blocks,2,5000,15,historical_density,global,equal_cell,97752,-7.0901651502479,21.09027755966146,43.269411011633935,60.0
2014,whole_blocks,2,5000,15,historical_density,global,spherical_cell_area,97752,-2.0467169143856143,17.321678350357118,35.87197252348088,60.0
2014,whole_blocks,2,5000,15,historical_density,south_of_60n,equal_cell,85920,-1.6340110735208977,16.08662566860054,32.68289884426936,60.0
2014,whole_blocks,2,5000,15,historical_density,south_of_60n,spherical_cell_area,85920,-0.4931697165290024,15.89520835795873,32.34426472125232,60.0
2014,whole_blocks,2,5000,15,historical_density,60_to_90n,equal_cell,11832,-46.71091889199775,57.4251127929233,87.81302812449003,60.0
2014,whole_blocks,2,5000,15,historical_density,60_to_90n,spherical_cell_area,11832,-35.78105042192127,48.29660755009462,80.69882757940789,60.0
2014,whole_blocks,2,5000,16,random,global,equal_cell,97752,-1.1839846792030058,13.8856878052391,28.560835118925475,60.0
2014,whole_blocks,2,5000,16,random,global,spherical_cell_area,97752,-0.8456328706087384,13.621672942361052,28.333263881454272,60.0
2014,whole_blocks,2,5000,16,random,south_of_60n,equal_cell,85920,-1.191090173524497,13.214111401555924,26.788775985062145,60.0
2014,whole_blocks,2,5000,16,random,south_of_60n,spherical_cell_area,85920,-0.8705362184663927,13.29921393339553,27.438293710650168,60.0
2014,whole_blocks,2,5000,16,random,60_to_90n,equal_cell,11832,-1.132386971959722,18.762449519611877,39.08919868221498,60.0
2014,whole_blocks,2,5000,16,random,60_to_90n,spherical_cell_area,11832,-0.3048718024909792,20.62367440453764,43.435278625133655,60.0
2014,whole_blocks,2,5000,16,historical_density,global,equal_cell,97752,-4.898119500293396,18.515549355940173,36.47225844855619,60.0
2014,whole_blocks,2,5000,16,historical_density,global,spherical_cell_area,97752,-1.7743885371076298,16.306234711793916,33.2512070733524,60.0
2014,whole_blocks,2,5000,16,historical_density,south_of_60n,equal_cell,85920,-2.1770783084465406,15.598452506135516,31.3174677780911,60.0
2014,whole_blocks,2,5000,16,historical_density,south_of_60n,spherical_cell_area,85920,-0.9697109084192844,15.410555693580976,31.346408922446034,60.0
2014,whole_blocks,2,5000,16,historical_density,60_to_90n,equal_cell,11832,-24.657404422832435,39.69852445188471,62.191274924855946,60.0
2014,whole_blocks,2,5000,16,historical_density,60_to_90n,spherical_cell_area,11832,-19.247474343369063,35.755360401560324,61.46136426401774,60.0
2014,whole_blocks,2,5000,17,random,global,equal_cell,97752,-0.3122932014704066,13.862417175719155,28.293002831486945,60.0
2014,whole_blocks,2,5000,17,random,global,spherical_cell_area,97752,-0.4118460054685659,13.529456886874106,28.19555917379702,60.0
2014,whole_blocks,2,5000,17,random,south_of_60n,equal_cell,85920,-0.7454939097165613,13.29645015244092,26.81992868415723,60.0
2014,whole_blocks,2,5000,17,random,south_of_60n,spherical_cell_area,85920,-0.5514954089170688,13.263537987659328,27.448645246523142,60.0
2014,whole_blocks,2,5000,17,random,60_to_90n,equal_cell,11832,2.833464477071649,17.972279129747715,37.283177158206016,60.0
2014,whole_blocks,2,5000,17,random,60_to_90n,spherical_cell_area,11832,2.620555943155721,19.303724218078905,41.20037360481136,60.0
2014,whole_blocks,2,5000,17,historical_density,global,equal_cell,97752,-4.828387958917783,18.021334615128087,35.44139945071859,60.0
2014,whole_blocks,2,5000,17,historical_density,global,spherical_cell_area,97752,-2.0548369990623625,16.24740503243792,33.203853338864775,60.0
2014,whole_blocks,2,5000,17,historical_density,south_of_60n,equal_cell,85920,-2.215385784279767,15.614190989042692,31.51645862054079,60.0
2014,whole_blocks,2,5000,17,historical_density,south_of_60n,spherical_cell_area,85920,-1.23513049296112,15.456684153059998,31.6022463833339,60.0
2014,whole_blocks,2,5000,17,historical_density,60_to_90n,equal_cell,11832,-23.803129916735426,35.50120110881107,56.25387806490315,60.0
2014,whole_blocks,2,5000,17,historical_density,60_to_90n,spherical_cell_area,11832,-19.854265747199022,33.417428507172936,57.93373243876516,60.0
2014,whole_blocks,2,5000,18,random,global,equal_cell,97752,0.135662194092129,13.939432798465866,28.673083501700525,60.0
2014,whole_blocks,2,5000,18,random,global,spherical_cell_area,97752,0.138556687737463,13.664894987863391,28.505435625320885,60.0
2014,whole_blocks,2,5000,18,random,south_of_60n,equal_cell,85920,-0.1919421801753413,13.430481158858498,27.38843440612532,60.0
2014,whole_blocks,2,5000,18,random,south_of_60n,spherical_cell_area,85920,0.046653397796928,13.429503249971086,27.82992011848743,60.0
2014,whole_blocks,2,5000,18,random,60_to_90n,equal_cell,11832,2.514614851044552,17.635268234154218,36.67596205431312,60.0
2014,whole_blocks,2,5000,18,random,60_to_90n,spherical_cell_area,11832,2.1341807908037564,18.77628355844121,40.48345203229565,60.0
2014,whole_blocks,2,5000,18,historical_density,global,equal_cell,97752,-5.154211881977914,19.82396466652042,39.378045953325305,60.0
2014,whole_blocks,2,5000,18,historical_density,global,spherical_cell_area,97752,-1.6776022117693956,17.38420432173183,35.01176215069462,60.0
2014,whole_blocks,2,5000,18,historical_density,south_of_60n,equal_cell,85920,-2.0343821539296534,16.570861717535443,32.65993647411526,60.0
2014,whole_blocks,2,5000,18,historical_density,south_of_60n,spherical_cell_area,85920,-0.7490630568020393,16.444304697537696,32.67864483474381,60.0
2014,whole_blocks,2,5000,18,historical_density,60_to_90n,equal_cell,11832,-27.80936487672999,43.446902916756166,71.16866014870557,60.0
2014,whole_blocks,2,5000,18,historical_density,60_to_90n,spherical_cell_area,11832,-21.84026580621348,37.79355360311671,68.2288070854485,60.0
2014,whole_blocks,2,5000,19,random,global,equal_cell,97752,0.0144204599263176,14.499843498506785,30.755476601102384,60.0
2014,whole_blocks,2,5000,19,random,global,spherical_cell_area,97752,0.0747447750095093,14.178810532608448,30.180574442804065,60.0
2014,whole_blocks,2,5000,19,random,south_of_60n,equal_cell,85920,-0.0096384988008103,13.993836431810315,29.436772488536285,60.0
2014,whole_blocks,2,5000,19,random,south_of_60n,spherical_cell_area,85920,0.0572408308186652,13.926368994485507,29.44085584782296,60.0
2014,whole_blocks,2,5000,19,random,60_to_90n,equal_cell,11832,0.1891285172145889,18.17429643719511,39.0166557993511,60.0
2014,whole_blocks,2,5000,19,random,60_to_90n,spherical_cell_area,11832,0.4548322881831651,19.6604251561898,43.22659683636461,60.0
2014,whole_blocks,2,5000,19,historical_density,global,equal_cell,97752,-5.222041619479648,19.15519024153854,38.00374506279711,60.0
2014,whole_blocks,2,5000,19,historical_density,global,spherical_cell_area,97752,-1.8789703563357787,16.690448889898175,34.013190452369095,60.0
2014,whole_blocks,2,5000,19,historical_density,south_of_60n,equal_cell,85920,-2.078899547875948,15.992465298181903,32.1677652949022,60.0
2014,whole_blocks,2,5000,19,historical_density,south_of_60n,spherical_cell_area,85920,-0.9947440781296742,15.77409445837964,32.030715038832454,60.0
2014,whole_blocks,2,5000,19,historical_density,60_to_90n,equal_cell,11832,-28.04648100353897,42.1218338464407,66.4686201437662,60.0
2014,whole_blocks,2,5000,19,historical_density,60_to_90n,spherical_cell_area,11832,-21.07940675523356,36.588528617764666,63.24532884130798,60.0
2014,whole_blocks,3,5000,0,random,global,equal_cell,95988,-0.1680497084565829,12.844952812065282,26.37826191319138,60.0
2014,whole_blocks,3,5000,0,random,global,spherical_cell_area,95988,-0.038127340104156,12.600969492558166,24.787052275257125,60.0
2014,whole_blocks,3,5000,0,random,south_of_60n,equal_cell,85464,0.3726061570458776,12.455692674762709,24.521253423097978,60.0
2014,whole_blocks,3,5000,0,random,south_of_60n,spherical_cell_area,85464,0.1723619745916519,12.419869244710586,23.63765459845316,60.0
2014,whole_blocks,3,5000,0,random,60_to_90n,equal_cell,10524,-4.558643863654444,16.00608245615758,38.25446077588635,60.0
2014,whole_blocks,3,5000,0,random,60_to_90n,spherical_cell_area,10524,-5.251880749259365,17.08676505884956,44.643698089506046,60.0
2014,whole_blocks,3,5000,0,historical_density,global,equal_cell,95988,-7.365027896347678,18.85529570346322,39.68728993145991,60.0
2014,whole_blocks,3,5000,0,historical_density,global,spherical_cell_area,95988,-2.9978268913096,15.294070092477662,31.53349355497706,60.0
2014,whole_blocks,3,5000,0,historical_density,south_of_60n,equal_cell,85464,-1.8565241143260436,14.058824190034809,28.50740220815239,60.0
2014,whole_blocks,3,5000,0,historical_density,south_of_60n,spherical_cell_area,85464,-1.3513396141379308,13.851449027421353,26.86760959314984,60.0
2014,whole_blocks,3,5000,0,historical_density,60_to_90n,equal_cell,10524,-52.09885222423603,57.806800969868185,88.12776390196514,60.0
2014,whole_blocks,3,5000,0,historical_density,60_to_90n,spherical_cell_area,10524,-43.78079331832432,51.02733525572941,87.99954837788947,60.0
2014,whole_blocks,3,5000,1,random,global,equal_cell,95988,-0.674098485455261,12.056347184565542,25.012969888832785,60.0
2014,whole_blocks,3,5000,1,random,global,spherical_cell_area,95988,-0.5530865191283761,11.888797777661845,23.24988243765614,60.0
2014,whole_blocks,3,5000,1,random,south_of_60n,equal_cell,85464,-0.2341596471638012,11.601712012659489,22.94763064094895,60.0
2014,whole_blocks,3,5000,1,random,south_of_60n,spherical_cell_area,85464,-0.3904398606607703,11.683952985572793,21.96705587935153,60.0
2014,whole_blocks,3,5000,1,random,60_to_90n,equal_cell,10524,-4.246783099265723,15.74837876303181,37.81613910758308,60.0
2014,whole_blocks,3,5000,1,random,60_to_90n,spherical_cell_area,10524,-4.5817925429884605,16.962738156276473,44.467230231533534,60.0
2014,whole_blocks,3,5000,1,historical_density,global,equal_cell,95988,-5.93553769385023,17.409821637468678,35.947025169771806,60.0
2014,whole_blocks,3,5000,1,historical_density,global,spherical_cell_area,95988,-2.751770274059329,15.139657737293406,30.49995552779469,60.0
2014,whole_blocks,3,5000,1,historical_density,south_of_60n,equal_cell,85464,-1.893786554847672,14.098853519783916,28.609999749951346,60.0
2014,whole_blocks,3,5000,1,historical_density,south_of_60n,spherical_cell_area,85464,-1.5143752446596137,14.116545527567,27.11998401158913,60.0
2014,whole_blocks,3,5000,1,historical_density,60_to_90n,equal_cell,10524,-38.758059486297455,44.297752007082,71.68465757562413,60.0
2014,whole_blocks,3,5000,1,historical_density,60_to_90n,spherical_cell_area,10524,-33.40165177672812,40.48182191849307,75.85667980126023,60.0
2014,whole_blocks,3,5000,2,random,global,equal_cell,95988,-0.7397240370115813,12.285809842863852,25.034761262382958,60.0
2014,whole_blocks,3,5000,2,random,global,spherical_cell_area,95988,-0.1656659834934389,12.090761794666632,23.404466759060437,60.0
2014,whole_blocks,3,5000,2,random,south_of_60n,equal_cell,85464,0.1324546783844798,11.818716492760654,22.88012795467248,60.0
2014,whole_blocks,3,5000,2,random,south_of_60n,spherical_cell_area,85464,0.1306260044370635,11.893489702508942,22.16274270235913,60.0
2014,whole_blocks,3,5000,2,random,60_to_90n,equal_cell,10524,-7.822571027947442,16.079012624431662,38.2770107155506,60.0
2014,whole_blocks,3,5000,2,random,60_to_90n,spherical_cell_area,10524,-7.504724331469513,16.97712880338981,44.150704910803626,60.0
2014,whole_blocks,3,5000,2,historical_density,global,equal_cell,95988,-6.310681957556708,17.947212656387837,37.53705996233295,60.0
2014,whole_blocks,3,5000,2,historical_density,global,spherical_cell_area,95988,-3.1569357797788142,15.11604228599814,30.7273648715353,60.0
2014,whole_blocks,3,5000,2,historical_density,south_of_60n,equal_cell,85464,-2.103727760225105,14.037446975769,28.17460535522222,60.0
2014,whole_blocks,3,5000,2,historical_density,south_of_60n,spherical_cell_area,85464,-1.8632115099800148,13.897579147572252,26.626072459092647,60.0
2014,whole_blocks,3,5000,2,historical_density,60_to_90n,equal_cell,10524,-40.47479574706146,49.69789814939509,80.03230962715668,60.0
2014,whole_blocks,3,5000,2,historical_density,60_to_90n,spherical_cell_area,10524,-35.2020746597177,45.29698686781094,82.28350543594182,60.0
2014,whole_blocks,3,5000,3,random,global,equal_cell,95988,-0.1631014620662023,12.089540091576312,24.8567962399939,60.0
2014,whole_blocks,3,5000,3,random,global,spherical_cell_area,95988,-0.1637509158519374,11.84309992163574,23.188278573377453,60.0
2014,whole_blocks,3,5000,3,random,south_of_60n,equal_cell,85464,0.0694306559088803,11.588802644410404,23.121005691291455,60.0
2014,whole_blocks,3,5000,3,random,south_of_60n,spherical_cell_area,85464,-0.1002168948367042,11.604963592033972,22.097855272961823,60.0
2014,whole_blocks,3,5000,3,random,60_to_90n,equal_cell,10524,-2.051463770183122,16.155962096953253,35.97445398355051,60.0
2014,whole_blocks,3,5000,3,random,60_to_90n,spherical_cell_area,10524,-1.7374684185395397,17.741661100853886,41.96247502441723,60.0
2014,whole_blocks,3,5000,3,historical_density,global,equal_cell,95988,-7.547670899738994,19.105977404423363,39.91080574815645,60.0
2014,whole_blocks,3,5000,3,historical_density,global,spherical_cell_area,95988,-3.158229972954272,15.458983782180455,31.380317396326607,60.0
2014,whole_blocks,3,5000,3,historical_density,south_of_60n,equal_cell,85464,-1.7130657774795108,14.0961448689689,28.019711639212403,60.0
2014,whole_blocks,3,5000,3,historical_density,south_of_60n,spherical_cell_area,85464,-1.4022357525727998,13.962488658213363,26.475222773796222,60.0
2014,whole_blocks,3,5000,3,historical_density,60_to_90n,equal_cell,10524,-54.92972070673106,59.790159066346575,90.29202623603793,60.0
2014,whole_blocks,3,5000,3,historical_density,60_to_90n,spherical_cell_area,10524,-46.6536485703387,52.52669225775448,89.52114604837824,60.0
2014,whole_blocks,3,5000,4,random,global,equal_cell,95988,-0.8506252507477388,11.59202203651012,24.263133375962948,60.0
2014,whole_blocks,3,5000,4,random,global,spherical_cell_area,95988,-0.6765247571226755,11.41716162050806,22.550705004436335,60.0
2014,whole_blocks,3,5000,4,random,south_of_60n,equal_cell,85464,-0.7121558234847677,11.23604217208777,22.456435975099676,60.0
2014,whole_blocks,3,5000,4,random,south_of_60n,spherical_cell_area,85464,-0.595939366098604,11.24814924974114,21.40110892988732,60.0
2014,whole_blocks,3,5000,4,random,60_to_90n,equal_cell,10524,-1.9751169964340345,14.482887024441684,35.69547253618173,60.0
2014,whole_blocks,3,5000,4,random,60_to_90n,spherical_cell_area,10524,-2.6725992741928124,15.603544314322676,41.953162944786094,60.0
2014,whole_blocks,3,5000,4,historical_density,global,equal_cell,95988,-5.507992248914928,17.30823643796702,36.00147109076676,60.0
2014,whole_blocks,3,5000,4,historical_density,global,spherical_cell_area,95988,-2.9318555451376103,15.085035445752254,30.57406391544644,60.0
2014,whole_blocks,3,5000,4,historical_density,south_of_60n,equal_cell,85464,-2.2272420576342533,14.17427503308479,28.82334454830988,60.0
2014,whole_blocks,3,5000,4,historical_density,south_of_60n,spherical_cell_area,85464,-1.9861680403983015,14.10009467152788,27.233501168463764,60.0
2014,whole_blocks,3,5000,4,historical_density,60_to_90n,equal_cell,10524,-32.15052686955457,42.758718907261496,71.23842705206673,60.0
2014,whole_blocks,3,5000,4,historical_density,60_to_90n,spherical_cell_area,10524,-26.3562343976013,39.48170530450297,75.61773403239572,60.0
2014,whole_blocks,3,5000,5,random,global,equal_cell,95988,-0.6490737924004598,11.934669123247758,24.579094709126636,60.0
2014,whole_blocks,3,5000,5,random,global,spherical_cell_area,95988,-0.7288630710812862,11.856524343462446,23.044236646286432,60.0
2014,whole_blocks,3,5000,5,random,south_of_60n,equal_cell,85464,-0.5514453534817996,11.517401082977818,22.973676077021636,60.0
2014,whole_blocks,3,5000,5,random,south_of_60n,spherical_cell_area,85464,-0.7204513610807923,11.675608408191186,22.036085944259856,60.0
2014,whole_blocks,3,5000,5,random,60_to_90n,equal_cell,10524,-1.4419013203123197,15.323247210821906,34.98708247921998,60.0
2014,whole_blocks,3,5000,5,random,60_to_90n,spherical_cell_area,10524,-0.9372184536586842,16.337754545832478,40.70335835808853,60.0
2014,whole_blocks,3,5000,5,historical_density,global,equal_cell,95988,-6.447285246451559,18.66567568093969,38.99240842135472,60.0
2014,whole_blocks,3,5000,5,historical_density,global,spherical_cell_area,95988,-2.7409716040610217,15.493922941472425,31.46336006339166,60.0
2014,whole_blocks,3,5000,5,historical_density,south_of_60n,equal_cell,85464,-1.7878670089430972,14.330818956044435,28.700682297645105,60.0
2014,whole_blocks,3,5000,5,historical_density,south_of_60n,spherical_cell_area,85464,-1.3592453501791013,14.16813300988511,27.092071661147184,60.0
2014,whole_blocks,3,5000,5,historical_density,60_to_90n,equal_cell,10524,-44.285799143299066,53.86846883339581,84.72333268341909,60.0
2014,whole_blocks,3,5000,5,historical_density,60_to_90n,spherical_cell_area,10524,-36.96589165336171,48.33331807003984,85.6157533850884,60.0
2014,whole_blocks,3,5000,6,random,global,equal_cell,95988,-0.9613585524876046,12.418146868160829,26.45584760244116,60.0
2014,whole_blocks,3,5000,6,random,global,spherical_cell_area,95988,-0.7429274734157268,12.177915415379076,24.35737291780725,60.0
2014,whole_blocks,3,5000,6,random,south_of_60n,equal_cell,85464,-0.4315586890908556,11.8494690562538,23.871505235490467,60.0
2014,whole_blocks,3,5000,6,random,south_of_60n,spherical_cell_area,85464,-0.5344396855562448,11.909861507861937,22.79688979295724,60.0
2014,whole_blocks,3,5000,6,random,60_to_90n,equal_cell,10524,-5.263792562877167,17.03630351172055,41.906288767937454,60.0
2014,whole_blocks,3,5000,6,random,60_to_90n,spherical_cell_area,10524,-5.9071036991329535,18.81752548857722,49.15200722522004,60.0
2014,whole_blocks,3,5000,6,historical_density,global,equal_cell,95988,-7.4534352259086365,18.33125031182573,39.03007320842234,60.0
2014,whole_blocks,3,5000,6,historical_density,global,spherical_cell_area,95988,-3.7056581879105392,15.168435083582006,31.312918660397724,60.0
2014,whole_blocks,3,5000,6,historical_density,south_of_60n,equal_cell,85464,-2.526402664549128,13.91127326161727,28.34058013752213,60.0
2014,whole_blocks,3,5000,6,historical_density,south_of_60n,spherical_cell_area,85464,-2.2162779332553826,13.80082258886147,26.727821170790705,60.0
2014,whole_blocks,3,5000,6,historical_density,60_to_90n,equal_cell,10524,-47.46520934449749,54.22529427030314,85.85834106131655,60.0
2014,whole_blocks,3,5000,6,historical_density,60_to_90n,spherical_cell_area,10524,-40.597133612489074,49.04376180530685,87.01877597284704,60.0
2014,whole_blocks,3,5000,7,random,global,equal_cell,95988,-0.5353765024936729,12.214441679747784,25.95443969767678,60.0
2014,whole_blocks,3,5000,7,random,global,spherical_cell_area,95988,-0.4607219600777701,12.101663621615046,24.426830956399588,60.0
2014,whole_blocks,3,5000,7,random,south_of_60n,equal_cell,85464,-0.3342334270835578,11.867796624146212,24.06986648281933,60.0
2014,whole_blocks,3,5000,7,random,south_of_60n,spherical_cell_area,85464,-0.3836108863188603,11.922148386709129,23.246307235314973,60.0
2014,whole_blocks,3,5000,7,random,60_to_90n,equal_cell,10524,-2.168832583532257,15.029499930596588,37.937096800513096,60.0
2014,whole_blocks,3,5000,7,random,60_to_90n,spherical_cell_area,10524,-2.370738742996879,16.54819892122692,44.61714591024437,60.0
2014,whole_blocks,3,5000,7,historical_density,global,equal_cell,95988,-6.377488377928206,18.43225735868401,37.749994246498765,60.0
2014,whole_blocks,3,5000,7,historical_density,global,spherical_cell_area,95988,-3.0198298793526352,15.521877684113234,30.96837751398409,60.0
2014,whole_blocks,3,5000,7,historical_density,south_of_60n,equal_cell,85464,-1.992592913549767,14.394385424484858,28.43686687157182,60.0
2014,whole_blocks,3,5000,7,historical_density,south_of_60n,spherical_cell_area,85464,-1.7146544837371336,14.303163429494257,26.968170662998364,60.0
2014,whole_blocks,3,5000,7,historical_density,60_to_90n,equal_cell,10524,-41.98663945809154,51.22327664644498,80.19238357323027,60.0
2014,whole_blocks,3,5000,7,historical_density,60_to_90n,spherical_cell_area,10524,-35.34860950538726,45.70904233419744,81.85118674332014,60.0
2014,whole_blocks,3,5000,8,random,global,equal_cell,95988,-1.0268400366174493,12.3144227073664,24.317567725725358,60.0
2014,whole_blocks,3,5000,8,random,global,spherical_cell_area,95988,-0.9912320746387436,12.03089031827769,22.73958141959784,60.0
2014,whole_blocks,3,5000,8,random,south_of_60n,equal_cell,85464,-0.9283529171171416,11.94226085608747,22.835163627213493,60.0
2014,whole_blocks,3,5000,8,random,south_of_60n,spherical_cell_area,85464,-0.9521439316857212,11.857242459801965,21.80847517158885,60.0
2014,whole_blocks,3,5000,8,random,60_to_90n,equal_cell,10524,-1.8266407949768444,15.33669945173191,34.043910178448506,60.0
2014,whole_blocks,3,5000,8,random,60_to_90n,spherical_cell_area,10524,-1.9594329492217972,16.332092568989072,39.30024883448476,60.0
2014,whole_blocks,3,5000,8,historical_density,global,equal_cell,95988,-6.26015417948319,17.946198240636328,36.92598238076683,60.0
2014,whole_blocks,3,5000,8,historical_density,global,spherical_cell_area,95988,-2.7730545250328427,15.15947470961932,30.62461879234905,60.0
2014,whole_blocks,3,5000,8,historical_density,south_of_60n,equal_cell,85464,-2.0959385041833687,14.173301043803963,28.608627896109414,60.0
2014,whole_blocks,3,5000,8,historical_density,south_of_60n,spherical_cell_area,85464,-1.520430797031886,14.017618936959405,27.0274392738346,60.0
2014,whole_blocks,3,5000,8,historical_density,60_to_90n,equal_cell,10524,-40.0771941332863,48.58539303634908,76.0920899895576,60.0
2014,whole_blocks,3,5000,8,historical_density,60_to_90n,spherical_cell_area,10524,-33.80014605075658,43.44287919536617,77.94050875243273,60.0
2014,whole_blocks,3,5000,9,random,global,equal_cell,95988,-0.2272864918934038,11.887007702577147,24.107376603363956,60.0
2014,whole_blocks,3,5000,9,random,global,spherical_cell_area,95988,-0.3134976503525828,11.646114877798423,22.316066784055977,60.0
2014,whole_blocks,3,5000,9,random,south_of_60n,equal_cell,85464,0.0126213242644411,11.48873814306794,22.14734324437119,60.0
2014,whole_blocks,3,5000,9,random,south_of_60n,spherical_cell_area,85464,-0.2205345252886584,11.450869399380537,21.114319350756727,60.0
2014,whole_blocks,3,5000,9,random,60_to_90n,equal_cell,10524,-2.1755458609654355,15.121301662468344,36.296140553254936,60.0
2014,whole_blocks,3,5000,9,random,60_to_90n,spherical_cell_area,10524,-2.6161647046313776,16.482283308459664,42.31778443384672,60.0
2014,whole_blocks,3,5000,9,historical_density,global,equal_cell,95988,-5.313465305536752,17.534028194320992,35.953760999954255,60.0
2014,whole_blocks,3,5000,9,historical_density,global,spherical_cell_area,95988,-2.1716595725117407,14.88129283017002,29.866765081688445,60.0
2014,whole_blocks,3,5000,9,historical_density,south_of_60n,equal_cell,85464,-1.1755483285588806,13.868007936135475,27.57474440475888,60.0
2014,whole_blocks,3,5000,9,historical_density,south_of_60n,spherical_cell_area,85464,-0.9349389929200788,13.749643861594064,26.12925741695142,60.0
2014,whole_blocks,3,5000,9,historical_density,60_to_90n,equal_cell,10524,-38.91693703875956,47.30528962966565,74.9363876788225,60.0
2014,whole_blocks,3,5000,9,historical_density,60_to_90n,spherical_cell_area,10524,-32.80483516784683,42.91187802356357,77.94844787291149,60.0
2014,whole_blocks,3,5000,10,random,global,equal_cell,95988,-1.036115194642298,12.17148126829976,25.76237962212476,60.0
2014,whole_blocks,3,5000,10,random,global,spherical_cell_area,95988,-0.8824585138219925,12.028235243933228,23.99014589439813,60.0
2014,whole_blocks,3,5000,10,random,south_of_60n,equal_cell,85464,-0.5775848601681739,11.77795143663334,24.035666870592895,60.0
2014,whole_blocks,3,5000,10,random,south_of_60n,spherical_cell_area,85464,-0.710795727131876,11.841619682189176,22.86984082434872,60.0
2014,whole_blocks,3,5000,10,random,60_to_90n,equal_cell,10524,-4.759778868672755,15.367284530703673,36.90512870761254,60.0
2014,whole_blocks,3,5000,10,random,60_to_90n,spherical_cell_area,10524,-5.13449116747053,16.65064338208764,43.31134964168369,60.0
2014,whole_blocks,3,5000,10,historical_density,global,equal_cell,95988,-6.723513077513703,18.112792222675388,37.27417941980189,60.0
2014,whole_blocks,3,5000,10,historical_density,global,spherical_cell_area,95988,-3.2985138950082717,15.205112553507831,30.65270949999357,60.0
2014,whole_blocks,3,5000,10,historical_density,south_of_60n,equal_cell,85464,-2.27910149627276,14.044428214815404,28.21846026323921,60.0
2014,whole_blocks,3,5000,10,historical_density,south_of_60n,spherical_cell_area,85464,-2.028865645454763,13.9863383742946,26.80550024114424,60.0
2014,whole_blocks,3,5000,10,historical_density,60_to_90n,equal_cell,10524,-42.81598660271097,51.15143357270824,78.7763414998933,60.0
2014,whole_blocks,3,5000,10,historical_density,60_to_90n,spherical_cell_area,10524,-34.7472974073876,45.39376151674138,80.09381920071432,60.0
2014,whole_blocks,3,5000,11,random,global,equal_cell,95988,-0.5586833220697681,12.03814697746792,24.369254331041308,60.0
2014,whole_blocks,3,5000,11,random,global,spherical_cell_area,95988,-0.2870224189531462,11.922857701127732,22.72293103858288,60.0
2014,whole_blocks,3,5000,11,random,south_of_60n,equal_cell,85464,0.0655966875864113,11.617222459694204,22.348083645519925,60.0
2014,whole_blocks,3,5000,11,random,south_of_60n,spherical_cell_area,85464,-0.08698938015967,11.71728686009806,21.49717762174906,60.0
2014,whole_blocks,3,5000,11,random,60_to_90n,equal_cell,10524,-5.628377995697259,15.456418831041924,36.88716499315314,60.0
2014,whole_blocks,3,5000,11,random,60_to_90n,spherical_cell_area,10524,-5.241777198122627,17.01478208118601,43.11521097332226,60.0
2014,whole_blocks,3,5000,11,historical_density,global,equal_cell,95988,-5.89500375689648,18.010812662729116,36.97000254409067,60.0
2014,whole_blocks,3,5000,11,historical_density,global,spherical_cell_area,95988,-2.277812427241518,15.275757921714328,30.74812446578172,60.0
2014,whole_blocks,3,5000,11,historical_density,south_of_60n,equal_cell,85464,-1.4624004798781185,14.215279477178752,28.466490534165008,60.0
2014,whole_blocks,3,5000,11,historical_density,south_of_60n,spherical_cell_area,85464,-0.9403114693812336,14.120436068446017,26.99320094289804,60.0
2014,whole_blocks,3,5000,11,historical_density,60_to_90n,equal_cell,10524,-41.89158361884036,48.83383130296823,76.71737829602748,60.0
2014,whole_blocks,3,5000,11,historical_density,60_to_90n,spherical_cell_area,10524,-35.407285953582466,43.89271294318052,79.4724321825963,60.0
2014,whole_blocks,3,5000,12,random,global,equal_cell,95988,-1.550446769335302,11.787983987694288,24.932820527561063,60.0
2014,whole_blocks,3,5000,12,random,global,spherical_cell_area,95988,-1.3152872121327817,11.530426848082143,23.01992701985684,60.0
2014,whole_blocks,3,5000,12,random,south_of_60n,equal_cell,85464,-0.8802517171710762,11.364317684444652,22.81085813039005,60.0
2014,whole_blocks,3,5000,12,random,south_of_60n,spherical_cell_area,85464,-1.0549126940289058,11.33434345318396,21.696336952182744,60.0
2014,whole_blocks,3,5000,12,random,60_to_90n,equal_cell,10524,-6.993011377674657,15.22852151533842,38.00490620204736,60.0
2014,whole_blocks,3,5000,12,random,60_to_90n,spherical_cell_area,10524,-7.76468125088996,16.387350203581526,44.675894117150015,60.0
2014,whole_blocks,3,5000,12,historical_density,global,equal_cell,95988,-6.174029384004231,17.97823341539727,37.32006747154318,60.0
2014,whole_blocks,3,5000,12,historical_density,global,spherical_cell_area,95988,-2.917403671598453,15.201019702751353,30.71770821020373,60.0
2014,whole_blocks,3,5000,12,historical_density,south_of_60n,equal_cell,85464,-2.0165385999915246,14.177327583387664,28.403358577181702,60.0
2014,whole_blocks,3,5000,12,historical_density,south_of_60n,spherical_cell_area,85464,-1.6085164468544944,14.02143108844158,26.82006711881437,60.0
2014,whole_blocks,3,5000,12,historical_density,60_to_90n,equal_cell,10524,-39.93645739282806,48.84488260077058,78.4341312810637,60.0
2014,whole_blocks,3,5000,12,historical_density,60_to_90n,spherical_cell_area,10524,-35.3381241251314,44.4190546806605,80.61306390320394,60.0
2014,whole_blocks,3,5000,13,random,global,equal_cell,95988,-0.3223350898081051,11.785429931405066,23.63582072453442,60.0
2014,whole_blocks,3,5000,13,random,global,spherical_cell_area,95988,-0.5443301975726758,11.62500574407779,22.145774987008327,60.0
2014,whole_blocks,3,5000,13,random,south_of_60n,equal_cell,85464,-0.0376878427199761,11.575277151179645,22.423710007368825,60.0
2014,whole_blocks,3,5000,13,random,south_of_60n,spherical_cell_area,85464,-0.4624597870538144,11.504454317077103,21.309374252853853,60.0
2014,whole_blocks,3,5000,13,random,60_to_90n,equal_cell,10524,-2.6339174088065698,13.492052623269918,31.81248055638678,60.0
2014,whole_blocks,3,5000,13,random,60_to_90n,spherical_cell_area,10524,-2.572234239013077,14.611026266837705,37.29225391485608,60.0
2014,whole_blocks,3,5000,13,historical_density,global,equal_cell,95988,-6.18899005182899,17.475464431058786,36.820672453603365,60.0
2014,whole_blocks,3,5000,13,historical_density,global,spherical_cell_area,95988,-3.001720272652552,14.781751760539464,30.765370004216106,60.0
2014,whole_blocks,3,5000,13,historical_density,south_of_60n,equal_cell,85464,-2.0253349302814847,13.861388397006944,28.655563640968616,60.0
2014,whole_blocks,3,5000,13,historical_density,south_of_60n,spherical_cell_area,85464,-1.7245622158298932,13.637437066600867,27.007211625753285,60.0
2014,whole_blocks,3,5000,13,historical_density,60_to_90n,equal_cell,10524,-40.001477823392655,46.82489375205903,75.48075534237958,60.0
2014,whole_blocks,3,5000,13,historical_density,60_to_90n,spherical_cell_area,10524,-34.63651932367437,43.12606294465287,79.52650189047252,60.0
2014,whole_blocks,3,5000,14,random,global,equal_cell,95988,-0.3630544023422555,11.556617414200163,24.32570498124388,60.0
2014,whole_blocks,3,5000,14,random,global,spherical_cell_area,95988,-0.1955500931004482,11.297495618714914,22.427013336501656,60.0
2014,whole_blocks,3,5000,14,random,south_of_60n,equal_cell,85464,0.2281366286378982,11.106220740168608,22.18737584205492,60.0
2014,whole_blocks,3,5000,14,random,south_of_60n,spherical_cell_area,85464,0.0265247086036647,11.09670171845985,21.105995386804494,60.0
2014,whole_blocks,3,5000,14,random,60_to_90n,equal_cell,10524,-5.164037894520879,15.214228716882904,37.409137332106994,60.0
2014,whole_blocks,3,5000,14,random,60_to_90n,spherical_cell_area,10524,-5.696272332353129,16.271096694405305,43.90242566776367,60.0
2014,whole_blocks,3,5000,14,historical_density,global,equal_cell,95988,-5.177453177339843,17.418435211702878,35.62547973352711,60.0
2014,whole_blocks,3,5000,14,historical_density,global,spherical_cell_area,95988,-2.54031892697091,14.842147394184208,29.951891156845708,60.0
2014,whole_blocks,3,5000,14,historical_density,south_of_60n,equal_cell,85464,-1.9805785390733373,14.070183301545692,28.39670249658392,60.0
2014,whole_blocks,3,5000,14,historical_density,south_of_60n,spherical_cell_area,85464,-1.5430879034435294,13.80729344360054,26.65956340203375,60.0
2014,whole_blocks,3,5000,14,historical_density,60_to_90n,equal_cell,10524,-31.138845621734447,44.60914228597822,70.90506939531464,60.0
2014,whole_blocks,3,5000,14,historical_density,60_to_90n,spherical_cell_area,10524,-27.241414353810487,40.47515076364599,74.25479723232637,60.0
2014,whole_blocks,3,5000,15,random,global,equal_cell,95988,-0.7879604567988201,11.819026872506225,24.518360130116363,60.0
2014,whole_blocks,3,5000,15,random,global,spherical_cell_area,95988,-0.7781443414746292,11.558263381671363,22.822242066777097,60.0
2014,whole_blocks,3,5000,15,random,south_of_60n,equal_cell,85464,-0.6376818858448673,11.445867421385351,22.80082555167876,60.0
2014,whole_blocks,3,5000,15,random,south_of_60n,spherical_cell_area,85464,-0.6780851530490482,11.375150512291166,21.73725485142706,60.0
2014,whole_blocks,3,5000,15,random,60_to_90n,equal_cell,10524,-2.008352682949393,14.849404992098975,35.51269906511968,60.0
2014,whole_blocks,3,5000,15,random,60_to_90n,spherical_cell_area,10524,-3.2565786293390566,16.093910943500873,41.453368787638034,60.0
2014,whole_blocks,3,5000,15,historical_density,global,equal_cell,95988,-5.652582790668829,17.000909645617618,35.39684391940167,60.0
2014,whole_blocks,3,5000,15,historical_density,global,spherical_cell_area,95988,-2.751698055203498,14.48584980469873,29.67073902314433,60.0
2014,whole_blocks,3,5000,15,historical_density,south_of_60n,equal_cell,85464,-1.7852512078151968,13.558603541588097,27.6406848351871,60.0
2014,whole_blocks,3,5000,15,historical_density,south_of_60n,spherical_cell_area,85464,-1.556800162830953,13.421722738453235,26.15738917780406,60.0
2014,whole_blocks,3,5000,15,historical_density,60_to_90n,equal_cell,10524,-37.058666636830246,44.95541828062134,72.2735398563571,60.0
2014,whole_blocks,3,5000,15,historical_density,60_to_90n,spherical_cell_area,10524,-32.348938983813014,40.8439389429987,75.75467627079227,60.0
2014,whole_blocks,3,5000,16,random,global,equal_cell,95988,-1.8043887940736896,12.084311138775496,25.26727287558848,60.0
2014,whole_blocks,3,5000,16,random,global,spherical_cell_area,95988,-1.6355696226671637,11.85972097087498,23.395522364493814,60.0
2014,whole_blocks,3,5000,16,random,south_of_60n,equal_cell,85464,-1.3480259658917757,11.749852181717522,23.220695287178582,60.0
2014,whole_blocks,3,5000,16,random,south_of_60n,spherical_cell_area,85464,-1.4764463810024269,11.69821981646775,22.104029598835744,60.0
2014,whole_blocks,3,5000,16,random,60_to_90n,equal_cell,10524,-5.5104504386707145,14.80040770909122,38.0040039000184,60.0
2014,whole_blocks,3,5000,16,random,60_to_90n,spherical_cell_area,10524,-5.577001732436267,15.860053223322376,44.75349150760093,60.0
2014,whole_blocks,3,5000,16,historical_density,global,equal_cell,95988,-6.488149651473728,17.824169613816117,36.899296829579576,60.0
2014,whole_blocks,3,5000,16,historical_density,global,spherical_cell_area,95988,-3.0315168577503484,14.934601773261427,30.50738088801989,60.0
2014,whole_blocks,3,5000,16,historical_density,south_of_60n,equal_cell,85464,-2.084650772380884,13.93923901284803,28.257668543088773,60.0
2014,whole_blocks,3,5000,16,historical_density,south_of_60n,spherical_cell_area,85464,-1.7404481367233766,13.76160142728748,26.72384098981476,60.0
2014,whole_blocks,3,5000,16,historical_density,60_to_90n,equal_cell,10524,-42.24837658066326,49.373172738211416,77.03318586319973,60.0
2014,whole_blocks,3,5000,16,historical_density,60_to_90n,spherical_cell_area,10524,-35.01087863882648,43.98944743894357,79.33626733491784,60.0
2014,whole_blocks,3,5000,17,random,global,equal_cell,95988,-0.1462262471888974,11.563205217030369,24.48126281680008,60.0
2014,whole_blocks,3,5000,17,random,global,spherical_cell_area,95988,-0.0925454913787873,11.38657700850667,22.711484862281367,60.0
2014,whole_blocks,3,5000,17,random,south_of_60n,equal_cell,85464,0.3159889933524328,11.325499905643374,23.19449514227219,60.0
2014,whole_blocks,3,5000,17,random,south_of_60n,spherical_cell_area,85464,0.0613552131211123,11.257633058040646,21.80831358856296,60.0
2014,whole_blocks,3,5000,17,random,60_to_90n,equal_cell,10524,-3.8998145517902136,13.493578338693036,33.12896166331822,60.0
2014,whole_blocks,3,5000,17,random,60_to_90n,spherical_cell_area,10524,-3.9046170158518536,14.580477669467694,38.881560771973135,60.0
2014,whole_blocks,3,5000,17,historical_density,global,equal_cell,95988,-7.150139259924948,18.41542651363347,39.17715063168093,60.0
2014,whole_blocks,3,5000,17,historical_density,global,spherical_cell_area,95988,-3.303386892643468,15.11412855829258,31.40922573514028,60.0
2014,whole_blocks,3,5000,17,historical_density,south_of_60n,equal_cell,85464,-2.223088570189846,13.938645550326362,28.470539983128138,60.0
2014,whole_blocks,3,5000,17,historical_density,south_of_60n,spherical_cell_area,85464,-1.803400135747797,13.730860977406271,26.804726243235407,60.0
2014,whole_blocks,3,5000,17,historical_density,60_to_90n,equal_cell,10524,-47.16206059663349,54.77076747221181,86.11974198386885,60.0
2014,whole_blocks,3,5000,17,historical_density,60_to_90n,spherical_cell_area,10524,-40.45758200584664,49.37722678749441,87.32672242551226,60.0
2014,whole_blocks,3,5000,18,random,global,equal_cell,95988,-0.8105095559292423,11.83454352521952,24.86836290200888,60.0
2014,whole_blocks,3,5000,18,random,global,spherical_cell_area,95988,-0.6552875465952288,11.507876436449669,22.95735531433712,60.0
2014,whole_blocks,3,5000,18,random,south_of_60n,equal_cell,85464,-0.4914895767827081,11.288931049676597,22.82832486028986,60.0
2014,whole_blocks,3,5000,18,random,south_of_60n,spherical_cell_area,85464,-0.5667252536659738,11.258228184282322,21.690009861695174,60.0
2014,whole_blocks,3,5000,18,random,60_to_90n,equal_cell,10524,-3.4012282463301724,16.265389649297838,37.53159498660308,60.0
2014,whole_blocks,3,5000,18,random,60_to_90n,spherical_cell_area,10524,-2.848947387950113,17.69158427790553,43.91581513924677,60.0
2014,whole_blocks,3,5000,18,historical_density,global,equal_cell,95988,-7.027161093882435,18.767079189856403,39.0320929557889,60.0
2014,whole_blocks,3,5000,18,historical_density,global,spherical_cell_area,95988,-3.160001994590397,15.608373546759312,31.464279877405392,60.0
2014,whole_blocks,3,5000,18,historical_density,south_of_60n,equal_cell,85464,-1.76427241862129,14.30736017173716,28.46037125778273,60.0
2014,whole_blocks,3,5000,18,historical_density,south_of_60n,spherical_cell_area,85464,-1.541534236075938,14.231262476426457,26.954038176787748,60.0
2014,whole_blocks,3,5000,18,historical_density,60_to_90n,equal_cell,10524,-49.76637790712061,54.98386236778711,85.54435326647446,60.0
2014,whole_blocks,3,5000,18,historical_density,60_to_90n,spherical_cell_area,10524,-43.24893385204496,49.71897696674521,86.69679885314699,60.0
2014,whole_blocks,3,5000,19,random,global,equal_cell,95988,-0.7600263513450627,12.116391285400764,25.175937307356808,60.0
2014,whole_blocks,3,5000,19,random,global,spherical_cell_area,95988,-0.8359368977536187,11.828612012652066,23.434404302791936,60.0
2014,whole_blocks,3,5000,19,random,south_of_60n,equal_cell,85464,-0.642008503338716,11.779411062269588,23.445046576093016,60.0
2014,whole_blocks,3,5000,19,random,south_of_60n,spherical_cell_area,85464,-0.7733590456710357,11.667350924250242,22.33220966525783,60.0
2014,whole_blocks,3,5000,19,random,60_to_90n,equal_cell,10524,-1.7184335503202064,14.8529627211365,36.29408416718048,60.0
2014,whole_blocks,3,5000,19,random,60_to_90n,spherical_cell_area,10524,-2.3859703999515083,15.822997906463966,42.410448314117815,60.0
2014,whole_blocks,3,5000,19,historical_density,global,equal_cell,95988,-6.661952065130563,18.50082477148586,37.778541090052826,60.0
2014,whole_blocks,3,5000,19,historical_density,global,spherical_cell_area,95988,-2.784218128581809,15.40495248393329,30.74189625184319,60.0
2014,whole_blocks,3,5000,19,historical_density,south_of_60n,equal_cell,85464,-1.6434860812267684,14.192027008749044,28.119447540231484,60.0
2014,whole_blocks,3,5000,19,historical_density,south_of_60n,spherical_cell_area,85464,-1.3202538560353922,14.13579421665226,26.6591561567128,60.0
2014,whole_blocks,3,5000,19,historical_density,60_to_90n,equal_cell,10524,-47.41624481012809,53.4919965687625,81.21742571966851,60.0
2014,whole_blocks,3,5000,19,historical_density,60_to_90n,spherical_cell_area,10524,-39.04614775622539,46.84159929119169,82.15794431459186,60.0
2014,whole_blocks,4,5000,0,random,global,equal_cell,103476,-0.2587928472331529,12.641051247387212,23.891671608964263,60.0
2014,whole_blocks,4,5000,0,random,global,spherical_cell_area,103476,-0.7669496509976858,12.365047096145592,23.14714090953897,60.0
2014,whole_blocks,4,5000,0,random,south_of_60n,equal_cell,92628,-0.2341325311269286,12.09896739380248,21.109313457852732,60.0
2014,whole_blocks,4,5000,0,random,south_of_60n,spherical_cell_area,92628,-0.7813789458255508,12.066560380539146,21.750662004331144,60.0
2014,whole_blocks,4,5000,0,random,60_to_90n,equal_cell,10848,-0.4693603030118524,17.269751762675458,40.49611030723477,60.0
2014,whole_blocks,4,5000,0,random,60_to_90n,spherical_cell_area,10848,-0.3901139592415489,20.16033087802214,46.61795672382407,60.0
2014,whole_blocks,4,5000,0,historical_density,global,equal_cell,103476,-4.949017034176303,16.78745897942627,31.531351558678253,60.0
2014,whole_blocks,4,5000,0,historical_density,global,spherical_cell_area,103476,-2.5934695319419854,14.55772243888333,27.35997537488438,60.0
2014,whole_blocks,4,5000,0,historical_density,south_of_60n,equal_cell,92628,-1.0956132493869484,13.315672837631906,22.513480852920043,60.0
2014,whole_blocks,4,5000,0,historical_density,south_of_60n,spherical_cell_area,92628,-1.2206547887588868,13.281809626184597,23.267710779523725,60.0
2014,whole_blocks,4,5000,0,historical_density,60_to_90n,equal_cell,10848,-37.85214072310223,46.432057683531,71.8034446365658,60.0
2014,whole_blocks,4,5000,0,historical_density,60_to_90n,spherical_cell_area,10848,-38.44592106002327,47.87948161905697,78.48142266238376,60.0
2014,whole_blocks,4,5000,1,random,global,equal_cell,103476,-0.8281394917829042,12.743828155162172,24.223439672399586,60.0
2014,whole_blocks,4,5000,1,random,global,spherical_cell_area,103476,-1.3863821587623826,12.42402883391392,23.65771447877692,60.0
2014,whole_blocks,4,5000,1,random,south_of_60n,equal_cell,92628,-0.990230397647536,12.247691541914536,21.724418095180397,60.0
2014,whole_blocks,4,5000,1,random,south_of_60n,spherical_cell_area,92628,-1.4570114287361595,12.141317749782568,22.36988542071969,60.0
2014,whole_blocks,4,5000,1,random,60_to_90n,equal_cell,10848,0.5559088515457403,16.98019819681984,39.58826244693817,60.0
2014,whole_blocks,4,5000,1,random,60_to_90n,spherical_cell_area,10848,0.4581729720538935,19.807315974878637,45.91004319613472,60.0
2014,whole_blocks,4,5000,1,historical_density,global,equal_cell,103476,-5.647848250483664,17.49655988637631,33.37790584599675,60.0
2014,whole_blocks,4,5000,1,historical_density,global,spherical_cell_area,103476,-2.9107012806399566,15.030605203097418,28.661600501122308,60.0
2014,whole_blocks,4,5000,1,historical_density,south_of_60n,equal_cell,92628,-1.3650418426341626,13.588289878356653,23.196163036506093,60.0
2014,whole_blocks,4,5000,1,historical_density,south_of_60n,spherical_cell_area,92628,-1.280279413723019,13.543535903233296,23.90124105026706,60.0
2014,whole_blocks,4,5000,1,historical_density,60_to_90n,equal_cell,10848,-42.21751933697736,50.868170718128205,77.66967633037942,60.0
2014,whole_blocks,4,5000,1,historical_density,60_to_90n,spherical_cell_area,10848,-45.49082452321715,53.86693053906838,85.76820562399635,60.0
2014,whole_blocks,4,5000,2,random,global,equal_cell,103476,-0.8065892992160376,12.509439611376427,23.508354510575675,60.0
2014,whole_blocks,4,5000,2,random,global,spherical_cell_area,103476,-1.383615486524038,12.23300462260741,22.418868426939493,60.0
2014,whole_blocks,4,5000,2,random,south_of_60n,equal_cell,92628,-0.9221119866121515,11.945357164026255,20.413192672672025,60.0
2014,whole_blocks,4,5000,2,random,south_of_60n,spherical_cell_area,92628,-1.4563125467211973,11.92295808839045,20.8601467775914,60.0
2014,whole_blocks,4,5000,2,random,60_to_90n,equal_cell,10848,0.1798262140700285,17.32597988913746,41.393629749566514,60.0
2014,whole_blocks,4,5000,2,random,60_to_90n,spherical_cell_area,10848,0.5149420864441677,20.33018481000041,47.58561197934629,60.0
2014,whole_blocks,4,5000,2,historical_density,global,equal_cell,103476,-6.874263920951271,18.130221619851017,33.41613978784589,60.0
2014,whole_blocks,4,5000,2,historical_density,global,spherical_cell_area,103476,-3.8066873624775073,15.376893158150295,28.648863681241707,60.0
2014,whole_blocks,4,5000,2,historical_density,south_of_60n,equal_cell,92628,-2.266933949774996,14.06546044928858,23.81164442500622,60.0
2014,whole_blocks,4,5000,2,historical_density,south_of_60n,spherical_cell_area,92628,-2.186161615311669,13.910658457633865,24.49457497411901,60.0
2014,whole_blocks,4,5000,2,historical_density,60_to_90n,equal_cell,10848,-46.21494981421418,52.83806617247431,76.22265254695746,60.0
2014,whole_blocks,4,5000,2,historical_density,60_to_90n,spherical_cell_area,10848,-46.128363385242864,53.669101768299846,81.15709107984658,60.0
2014,whole_blocks,4,5000,3,random,global,equal_cell,103476,-0.8559280630207172,12.58054554715598,23.91734655964496,60.0
2014,whole_blocks,4,5000,3,random,global,spherical_cell_area,103476,-1.5878951461768254,12.43145135071329,23.30423509108322,60.0
2014,whole_blocks,4,5000,3,random,south_of_60n,equal_cell,92628,-0.9493132735257545,12.066502749833212,21.125297751377744,60.0
2014,whole_blocks,4,5000,3,random,south_of_60n,spherical_cell_area,92628,-1.666653843074982,12.139333176172586,21.8687201736246,60.0
2014,whole_blocks,4,5000,3,random,60_to_90n,equal_cell,10848,-0.058538195887552,16.96981142385338,40.56943755442402,60.0
2014,whole_blocks,4,5000,3,random,60_to_90n,spherical_cell_area,10848,0.4689682266689631,20.060414213472534,47.29289921499158,60.0
2014,whole_blocks,4,5000,3,historical_density,global,equal_cell,103476,-6.321199451502663,18.24320305949815,33.29476314429684,60.0
2014,whole_blocks,4,5000,3,historical_density,global,spherical_cell_area,103476,-3.153473757692199,15.545575905736357,28.518970161273582,60.0
2014,whole_blocks,4,5000,3,historical_density,south_of_60n,equal_cell,92628,-1.558316632749351,14.150629438194134,23.65847332303256,60.0
2014,whole_blocks,4,5000,3,historical_density,south_of_60n,spherical_cell_area,92628,-1.4727782609623894,14.06132258539544,24.32019907022868,60.0
2014,whole_blocks,4,5000,3,historical_density,60_to_90n,equal_cell,10848,-46.99010705986197,53.18853025291152,76.1232016043366,60.0
2014,whole_blocks,4,5000,3,historical_density,60_to_90n,spherical_cell_area,10848,-47.04654391095559,54.3083590759772,81.2860372904255,60.0
2014,whole_blocks,4,5000,4,random,global,equal_cell,103476,-0.2742062657342713,12.970362115510731,24.3472152922228,60.0
2014,whole_blocks,4,5000,4,random,global,spherical_cell_area,103476,-0.6820411731442828,12.623852390578795,23.32817860453728,60.0
2014,whole_blocks,4,5000,4,random,south_of_60n,equal_cell,92628,0.0090378978829081,12.33259900597208,21.233260523709124,60.0
2014,whole_blocks,4,5000,4,random,south_of_60n,spherical_cell_area,92628,-0.5773559507474642,12.273808105733565,21.77460481501773,60.0
2014,whole_blocks,4,5000,4,random,60_to_90n,equal_cell,10848,-2.692747968124768,18.416040702378968,42.48216419352416,60.0
2014,whole_blocks,4,5000,4,random,60_to_90n,spherical_cell_area,10848,-3.416002095639834,21.765614465479317,48.725416967285135,60.0
2014,whole_blocks,4,5000,4,historical_density,global,equal_cell,103476,-5.863105961244879,17.313204942950982,32.095951072827155,60.0
2014,whole_blocks,4,5000,4,historical_density,global,spherical_cell_area,103476,-3.0406189104441435,14.803380316394913,27.54067186931176,60.0
2014,whole_blocks,4,5000,4,historical_density,south_of_60n,equal_cell,92628,-1.7548118766451362,13.627468707467932,22.98141353301368,60.0
2014,whole_blocks,4,5000,4,historical_density,south_of_60n,spherical_cell_area,92628,-1.6680507482629132,13.51202385157318,23.59468669545899,60.0
2014,whole_blocks,4,5000,4,historical_density,60_to_90n,equal_cell,10848,-40.94266573892786,48.784662909426274,72.91519807438718,60.0
2014,whole_blocks,4,5000,4,historical_density,60_to_90n,spherical_cell_area,10848,-38.88663072518383,48.52846615947463,77.64123735499453,60.0
2014,whole_blocks,4,5000,5,random,global,equal_cell,103476,-0.9181729413702926,12.753700134017388,24.442797671191187,60.0
2014,whole_blocks,4,5000,5,random,global,spherical_cell_area,103476,-1.6292964504121936,12.508945172179724,23.794250115728808,60.0
2014,whole_blocks,4,5000,5,random,south_of_60n,equal_cell,92628,-1.1515704375555134,12.166365799228853,21.718516506828596,60.0
2014,whole_blocks,4,5000,5,random,south_of_60n,spherical_cell_area,92628,-1.7574920534371774,12.195623912725791,22.423049060010356,60.0
2014,whole_blocks,4,5000,5,random,60_to_90n,equal_cell,10848,1.074742183689129,17.76878169400931,40.88090794468701,60.0
2014,whole_blocks,4,5000,5,random,60_to_90n,spherical_cell_area,10848,1.7186619441119688,20.69164813561318,47.12984274694357,60.0
2014,whole_blocks,4,5000,5,historical_density,global,equal_cell,103476,-7.404243418103982,18.62729051781181,34.47048102059412,60.0
2014,whole_blocks,4,5000,5,historical_density,global,spherical_cell_area,103476,-3.8753201301956137,15.49771727089244,28.870490416765907,60.0
2014,whole_blocks,4,5000,5,historical_density,south_of_60n,equal_cell,92628,-2.054329977143038,13.967632681879152,23.62559335999496,60.0
2014,whole_blocks,4,5000,5,historical_density,south_of_60n,spherical_cell_area,92628,-2.08218435578553,13.88743249825799,24.321759687100307,60.0
2014,whole_blocks,4,5000,5,historical_density,60_to_90n,equal_cell,10848,-53.08563927073399,58.41478922971912,81.04315710771553,60.0
2014,whole_blocks,4,5000,5,historical_density,60_to_90n,spherical_cell_area,10848,-50.70488235229331,57.55193984095402,84.57224052126323,60.0
2014,whole_blocks,4,5000,6,random,global,equal_cell,103476,-0.7382157457287647,13.190815395958754,24.844260582835297,60.0
2014,whole_blocks,4,5000,6,random,global,spherical_cell_area,103476,-1.6897707839941207,13.008068133199949,24.35385906839327,60.0
2014,whole_blocks,4,5000,6,random,south_of_60n,equal_cell,92628,-1.070992577888414,12.641048038832375,22.292006833811744,60.0
2014,whole_blocks,4,5000,6,random,south_of_60n,spherical_cell_area,92628,-1.8519433385325703,12.666674263767586,23.01075938447004,60.0
2014,whole_blocks,4,5000,6,random,60_to_90n,equal_cell,10848,2.1032713863954995,17.885123172129656,40.55214716806612,60.0
2014,whole_blocks,4,5000,6,random,60_to_90n,spherical_cell_area,10848,2.545530213206357,21.923915822472157,47.48148428215772,60.0
2014,whole_blocks,4,5000,6,historical_density,global,equal_cell,103476,-7.612488263527012,19.139454397249292,36.1695287490577,60.0
2014,whole_blocks,4,5000,6,historical_density,global,spherical_cell_area,103476,-3.636784695011328,15.529477158386753,29.329900999817287,60.0
2014,whole_blocks,4,5000,6,historical_density,south_of_60n,equal_cell,92628,-1.6976939583315418,13.820691094880068,23.214938238370443,60.0
2014,whole_blocks,4,5000,6,historical_density,south_of_60n,spherical_cell_area,92628,-1.6035712860645657,13.666930046728217,23.799300591472,60.0
2014,whole_blocks,4,5000,6,historical_density,60_to_90n,equal_cell,10848,-58.11724184959319,64.55486803772283,88.75292703735326,60.0
2014,whole_blocks,4,5000,6,historical_density,60_to_90n,spherical_cell_area,10848,-56.73621821470674,64.17178696099884,92.38007762079742,60.0
2014,whole_blocks,4,5000,7,random,global,equal_cell,103476,-0.8543467679761088,12.920546445448895,23.868241072275406,60.0
2014,whole_blocks,4,5000,7,random,global,spherical_cell_area,103476,-1.4857914819844216,12.517787377625677,22.98034204067307,60.0
2014,whole_blocks,4,5000,7,random,south_of_60n,equal_cell,92628,-1.0109796567748883,12.235023486237004,21.012974850381585,60.0
2014,whole_blocks,4,5000,7,random,south_of_60n,spherical_cell_area,92628,-1.6107496750170758,12.16033818329571,21.55794405570068,60.0
2014,whole_blocks,4,5000,7,random,60_to_90n,equal_cell,10848,0.4830971132603715,18.774032863763733,40.79106367443524,60.0
2014,whole_blocks,4,5000,7,random,60_to_90n,spherical_cell_area,10848,1.7776186620180503,21.852936185652005,46.71805042315777,60.0
2014,whole_blocks,4,5000,7,historical_density,global,equal_cell,103476,-6.442353009996758,18.04321810727649,34.08151303448502,60.0
2014,whole_blocks,4,5000,7,historical_density,global,spherical_cell_area,103476,-3.1131573686292,15.097936033704515,28.793125429183885,60.0
2014,whole_blocks,4,5000,7,historical_density,south_of_60n,equal_cell,92628,-1.4352935804577676,13.612814500195665,23.471573648500254,60.0
2014,whole_blocks,4,5000,7,historical_density,south_of_60n,spherical_cell_area,92628,-1.357555444301131,13.498937614924792,24.195422586049595,60.0
2014,whole_blocks,4,5000,7,historical_density,60_to_90n,equal_cell,10848,-49.19621555049616,55.87317988056952,79.8472719217225,60.0
2014,whole_blocks,4,5000,7,historical_density,60_to_90n,spherical_cell_area,10848,-48.96248496882336,56.85740400813345,84.80314873802494,60.0
2014,whole_blocks,4,5000,8,random,global,equal_cell,103476,-1.2279912084372118,12.803420652486883,24.337410153733657,60.0
2014,whole_blocks,4,5000,8,random,global,spherical_cell_area,103476,-1.8995242260245768,12.581031319917171,23.824744216898704,60.0
2014,whole_blocks,4,5000,8,random,south_of_60n,equal_cell,92628,-1.4926815745066222,12.19875833479995,21.754318757102315,60.0
2014,whole_blocks,4,5000,8,random,south_of_60n,spherical_cell_area,92628,-2.004239701919266,12.270728995654894,22.556255077365854,60.0
2014,whole_blocks,4,5000,8,random,60_to_90n,equal_cell,10848,1.0321248708656383,17.966460951408845,40.11136853013261,60.0
2014,whole_blocks,4,5000,8,random,60_to_90n,spherical_cell_area,10848,0.835226797299464,20.684891724176047,45.87071754274104,60.0
2014,whole_blocks,4,5000,8,historical_density,global,equal_cell,103476,-7.244726109485372,18.272708412197247,33.89191783353715,60.0
2014,whole_blocks,4,5000,8,historical_density,global,spherical_cell_area,103476,-3.811218008637187,15.20350422634819,28.407657885128103,60.0
2014,whole_blocks,4,5000,8,historical_density,south_of_60n,equal_cell,92628,-2.0922366002693225,13.745560161232609,23.311922002158006,60.0
2014,whole_blocks,4,5000,8,historical_density,south_of_60n,spherical_cell_area,92628,-2.081091970874891,13.6437924809685,23.945539500298437,60.0
2014,whole_blocks,4,5000,8,historical_density,60_to_90n,equal_cell,10848,-51.24037491660781,56.92874530290083,79.47599281746305,60.0
2014,whole_blocks,4,5000,8,historical_density,60_to_90n,spherical_cell_area,10848,-48.99521695267455,55.93696081739976,83.11352063223698,60.0
2014,whole_blocks,4,5000,9,random,global,equal_cell,103476,-0.3359247544029843,13.311126103717465,24.88343648485333,60.0
2014,whole_blocks,4,5000,9,random,global,spherical_cell_area,103476,-1.1450561274665394,12.877976957524012,23.89398408620645,60.0
2014,whole_blocks,4,5000,9,random,south_of_60n,equal_cell,92628,-0.5648466785256006,12.52333124205478,21.88797236109864,60.0
2014,whole_blocks,4,5000,9,random,south_of_60n,spherical_cell_area,92628,-1.22043179928699,12.473175078980647,22.393230892552825,60.0
2014,whole_blocks,4,5000,9,random,60_to_90n,equal_cell,10848,1.6187747282324978,20.037883335104908,42.60841904734868,60.0
2014,whole_blocks,4,5000,9,random,60_to_90n,spherical_cell_area,10848,0.8234561089866557,23.44978921479992,48.837377296170544,60.0
2014,whole_blocks,4,5000,9,historical_density,global,equal_cell,103476,-5.474630326468602,17.251114684638576,32.08350370635686,60.0
2014,whole_blocks,4,5000,9,historical_density,global,spherical_cell_area,103476,-2.9131904002499605,14.806210598831417,27.801671876055394,60.0
2014,whole_blocks,4,5000,9,historical_density,south_of_60n,equal_cell,92628,-1.506274032717226,13.672395042039987,23.36072911101968,60.0
2014,whole_blocks,4,5000,9,historical_density,south_of_60n,spherical_cell_area,92628,-1.5986965798414057,13.567498444756096,24.076796115143413,60.0
2014,whole_blocks,4,5000,9,historical_density,60_to_90n,equal_cell,10848,-39.35930093649832,47.80878827005729,71.8255516124592,60.0
2014,whole_blocks,4,5000,9,historical_density,60_to_90n,spherical_cell_area,10848,-37.24253178748364,47.15643679050003,76.28639457726234,60.0
2014,whole_blocks,4,5000,10,random,global,equal_cell,103476,-0.9386235871065868,12.931447964957826,23.79734636746231,60.0
2014,whole_blocks,4,5000,10,random,global,spherical_cell_area,103476,-1.6356877509835934,12.566983582991156,22.814585283842774,60.0
2014,whole_blocks,4,5000,10,random,south_of_60n,equal_cell,92628,-1.076341566902238,12.455467379594802,21.129998146160595,60.0
2014,whole_blocks,4,5000,10,random,south_of_60n,spherical_cell_area,92628,-1.7422992327388147,12.29199520709329,21.457896852070885,60.0
2014,whole_blocks,4,5000,10,random,60_to_90n,equal_cell,10848,0.2373112425865936,16.995711392410463,39.86937185487058,60.0
2014,whole_blocks,4,5000,10,random,60_to_90n,spherical_cell_area,10848,1.1485793913574065,19.748584353685235,45.70707542715032,60.0
2014,whole_blocks,4,5000,10,historical_density,global,equal_cell,103476,-6.170127050652754,17.972737938002258,33.09081515612936,60.0
2014,whole_blocks,4,5000,10,historical_density,global,spherical_cell_area,103476,-3.323785394955,15.361808655074794,28.65572008797072,60.0
2014,whole_blocks,4,5000,10,historical_density,south_of_60n,equal_cell,92628,-1.6627889776293414,14.084752318866483,23.922254015139117,60.0
2014,whole_blocks,4,5000,10,historical_density,south_of_60n,spherical_cell_area,92628,-1.741156730644403,13.94860315940349,24.66391356166471,60.0
2014,whole_blocks,4,5000,10,historical_density,60_to_90n,equal_cell,10848,-44.6570104418781,51.1711461173264,74.5548576064483,60.0
2014,whole_blocks,4,5000,10,historical_density,60_to_90n,spherical_cell_area,10848,-44.65574060297095,52.26910571344831,79.87319006572557,60.0
2014,whole_blocks,4,5000,11,random,global,equal_cell,103476,-0.884402837829533,13.12516291990998,24.18785963553357,60.0
2014,whole_blocks,4,5000,11,random,global,spherical_cell_area,103476,-1.357246646672318,12.811404710689564,23.420323165955825,60.0
2014,whole_blocks,4,5000,11,random,south_of_60n,equal_cell,92628,-0.8559248234028832,12.477921335326526,21.494815043105795,60.0
2014,whole_blocks,4,5000,11,random,south_of_60n,spherical_cell_area,92628,-1.3461136337672217,12.46508705331908,22.066701124600016,60.0
2014,whole_blocks,4,5000,11,random,60_to_90n,equal_cell,10848,-1.1275685384482363,18.651775521015825,40.44171470756112,60.0
2014,whole_blocks,4,5000,11,random,60_to_90n,spherical_cell_area,10848,-1.6479965876410276,21.855842123566187,46.43848722227647,60.0
2014,whole_blocks,4,5000,11,historical_density,global,equal_cell,103476,-7.086465045585368,18.659838429911343,35.14380620678646,60.0
2014,whole_blocks,4,5000,11,historical_density,global,spherical_cell_area,103476,-3.493796982679079,15.426141240880945,29.114952949442763,60.0
2014,whole_blocks,4,5000,11,historical_density,south_of_60n,equal_cell,92628,-1.657618661257424,13.777988957303071,23.389365231644778,60.0
2014,whole_blocks,4,5000,11,historical_density,south_of_60n,spherical_cell_area,92628,-1.6142296673803953,13.70096513109668,24.12750106451568,60.0
2014,whole_blocks,4,5000,11,historical_density,60_to_90n,equal_cell,10848,-53.44184694893426,60.34456860586628,84.32043206693035,60.0
2014,whole_blocks,4,5000,11,historical_density,60_to_90n,spherical_cell_area,10848,-52.58060669253386,60.48086778761834,88.21925200731512,60.0
2014,whole_blocks,4,5000,12,random,global,equal_cell,103476,-0.9277228709061603,12.748058664965956,24.30461889702105,60.0
2014,whole_blocks,4,5000,12,random,global,spherical_cell_area,103476,-1.6765740893687888,12.531803221417723,23.797117998463527,60.0
2014,whole_blocks,4,5000,12,random,south_of_60n,equal_cell,92628,-1.1484484622576066,12.15327127008445,21.696962767282265,60.0
2014,whole_blocks,4,5000,12,random,south_of_60n,spherical_cell_area,92628,-1.7465175714633314,12.210744737946644,22.481098444809888,60.0
2014,whole_blocks,4,5000,12,random,60_to_90n,equal_cell,10848,0.9569904472816844,17.82677979449066,40.18690620327517,60.0
2014,whole_blocks,4,5000,12,random,60_to_90n,spherical_cell_area,10848,0.150070994355657,20.91657164955728,46.44187250016882,60.0
2014,whole_blocks,4,5000,12,historical_density,global,equal_cell,103476,-6.776512514876233,18.458067473109534,34.76730820728272,60.0
2014,whole_blocks,4,5000,12,historical_density,global,spherical_cell_area,103476,-3.511337936686837,15.572411244051118,29.36947567701554,60.0
2014,whole_blocks,4,5000,12,historical_density,south_of_60n,equal_cell,92628,-1.5846799413253243,13.909409484506217,23.55379720669706,60.0
2014,whole_blocks,4,5000,12,historical_density,south_of_60n,spherical_cell_area,92628,-1.6181846708140506,13.879191720692372,24.35472630273159,60.0
2014,whole_blocks,4,5000,12,historical_density,60_to_90n,equal_cell,10848,-51.1081006069553,57.29776992225669,82.41937239732496,60.0
2014,whole_blocks,4,5000,12,historical_density,60_to_90n,spherical_cell_area,10848,-52.95295854643882,59.79255907467775,88.87390465907983,60.0
2014,whole_blocks,4,5000,13,random,global,equal_cell,103476,-0.2026160608718678,13.18206653357052,24.58339406899861,60.0
2014,whole_blocks,4,5000,13,random,global,spherical_cell_area,103476,-1.1545486826888425,12.71021782942943,23.629085227223857,60.0
2014,whole_blocks,4,5000,13,random,south_of_60n,equal_cell,92628,-0.766364190992217,12.382502736585996,21.523951827750164,60.0
2014,whole_blocks,4,5000,13,random,south_of_60n,spherical_cell_area,92628,-1.3920584660365056,12.310111769992943,22.118312746148263,60.0
2014,whole_blocks,4,5000,13,random,60_to_90n,equal_cell,10848,4.611069576737616,20.009315370875328,42.5304389685917,60.0
2014,whole_blocks,4,5000,13,random,60_to_90n,spherical_cell_area,10848,5.048260572675836,23.15939400070033,48.61392426944384,60.0
2014,whole_blocks,4,5000,13,historical_density,global,equal_cell,103476,-6.83533882094648,17.723092257888432,33.31016656426795,60.0
2014,whole_blocks,4,5000,13,historical_density,global,spherical_cell_area,103476,-3.647367593148863,14.814479143195186,28.130880146787742,60.0
2014,whole_blocks,4,5000,13,historical_density,south_of_60n,equal_cell,92628,-1.7829518496043657,13.39763690387143,22.926401543241607,60.0
2014,whole_blocks,4,5000,13,historical_density,south_of_60n,spherical_cell_area,92628,-1.9237375774763412,13.298552495976573,23.65491432048678,60.0
2014,whole_blocks,4,5000,13,historical_density,60_to_90n,equal_cell,10848,-49.976240404784726,54.65693061812871,78.07514265706354,60.0
2014,whole_blocks,4,5000,13,historical_density,60_to_90n,spherical_cell_area,10848,-48.661716321630585,54.40444341871953,82.7334001060153,60.0
2014,whole_blocks,4,5000,14,random,global,equal_cell,103476,-1.6143780590994292,13.105665364632104,24.701141834409025,60.0
2014,whole_blocks,4,5000,14,random,global,spherical_cell_area,103476,-1.8078077152153524,12.88186073754491,23.722663765839904,60.0
2014,whole_blocks,4,5000,14,random,south_of_60n,equal_cell,92628,-1.10312183352399,12.411065913252722,21.392029674463515,60.0
2014,whole_blocks,4,5000,14,random,south_of_60n,spherical_cell_area,92628,-1.5642654275311465,12.487111786706317,22.063184520375568,60.0
2014,whole_blocks,4,5000,14,random,60_to_90n,equal_cell,10848,-5.979850188764049,19.03665337923105,43.73254300415624,60.0
2014,whole_blocks,4,5000,14,random,60_to_90n,spherical_cell_area,10848,-8.168161949167105,23.191130576012885,50.468574610100525,60.0
2014,whole_blocks,4,5000,14,historical_density,global,equal_cell,103476,-5.8298968905743545,17.65939627703153,32.201431565015994,60.0
2014,whole_blocks,4,5000,14,historical_density,global,spherical_cell_area,103476,-2.8716306704137726,15.14714674742294,27.743894772571032,60.0
2014,whole_blocks,4,5000,14,historical_density,south_of_60n,equal_cell,92628,-1.3190799114232736,13.8642158314275,23.279618587072164,60.0
2014,whole_blocks,4,5000,14,historical_density,south_of_60n,spherical_cell_area,92628,-1.3827664543666944,13.84846553521386,24.022618952636098,60.0
2014,whole_blocks,4,5000,14,historical_density,60_to_90n,equal_cell,10848,-44.346485676046925,50.065367360679225,72.55015433249123,60.0
2014,whole_blocks,4,5000,14,historical_density,60_to_90n,spherical_cell_area,10848,-41.75483206578453,49.063525809026366,76.16197909504943,60.0
2014,whole_blocks,4,5000,15,random,global,equal_cell,103476,-0.9593420894936232,12.794862480375334,24.27985808326888,60.0
2014,whole_blocks,4,5000,15,random,global,spherical_cell_area,103476,-1.3397076561793604,12.472381548825304,23.59015063617448,60.0
2014,whole_blocks,4,5000,15,random,south_of_60n,equal_cell,92628,-1.1224703500769742,12.129555330606296,21.453209995203743,60.0
2014,whole_blocks,4,5000,15,random,south_of_60n,spherical_cell_area,92628,-1.403449758079338,12.0814222605841,22.06679649117341,60.0
2014,whole_blocks,4,5000,15,random,60_to_90n,equal_cell,10848,0.4335639320139917,18.475731826688627,41.14999928698527,60.0
2014,whole_blocks,4,5000,15,random,60_to_90n,spherical_cell_area,10848,0.3249820843810353,22.68268049901033,48.712508602690896,60.0
2014,whole_blocks,4,5000,15,historical_density,global,equal_cell,103476,-5.692286315265201,17.763864932738752,32.96155578052751,60.0
2014,whole_blocks,4,5000,15,historical_density,global,spherical_cell_area,103476,-2.6141038125874427,15.078842544577368,28.04298938728457,60.0
2014,whole_blocks,4,5000,15,historical_density,south_of_60n,equal_cell,92628,-0.9556013125454648,13.724585866945164,23.03007321073056,60.0
2014,whole_blocks,4,5000,15,historical_density,south_of_60n,spherical_cell_area,92628,-0.9817109033856232,13.64316459338952,23.68614787536832,60.0
2014,whole_blocks,4,5000,15,historical_density,60_to_90n,equal_cell,10848,-46.137498191364365,52.25412500891214,76.38503023414097,60.0
2014,whole_blocks,4,5000,15,historical_density,60_to_90n,spherical_cell_area,10848,-45.24570282662577,52.573030606361776,81.68429077132272,60.0
2014,whole_blocks,4,5000,16,random,global,equal_cell,103476,-0.4897570590202256,12.963003692641989,24.28196008177367,60.0
2014,whole_blocks,4,5000,16,random,global,spherical_cell_area,103476,-1.2030909730987267,12.729234929259109,23.345050600941867,60.0
2014,whole_blocks,4,5000,16,random,south_of_60n,equal_cell,92628,-0.8814746151861247,12.258715459408386,21.17935910989845,60.0
2014,whole_blocks,4,5000,16,random,south_of_60n,spherical_cell_area,92628,-1.4016417011346125,12.363683529283245,21.82803069612444,60.0
2014,whole_blocks,4,5000,16,random,60_to_90n,equal_cell,10848,2.855008224214924,18.976721471768293,42.3554643336739,60.0
2014,whole_blocks,4,5000,16,random,60_to_90n,spherical_cell_area,10848,3.982262978058855,22.275981067976108,48.3185453323651,60.0
2014,whole_blocks,4,5000,16,historical_density,global,equal_cell,103476,-6.340875614586944,17.609942687630262,32.47260881573968,60.0
2014,whole_blocks,4,5000,16,historical_density,global,spherical_cell_area,103476,-3.4614215518388938,15.06958034719754,28.06990292367203,60.0
2014,whole_blocks,4,5000,16,historical_density,south_of_60n,equal_cell,92628,-1.9097121628891465,13.843663796260865,23.49582680195611,60.0
2014,whole_blocks,4,5000,16,historical_density,south_of_60n,spherical_cell_area,92628,-1.95591268542312,13.752344002920632,24.211443934462057,60.0
2014,whole_blocks,4,5000,16,historical_density,60_to_90n,equal_cell,10848,-44.177325485887046,49.76913158417934,73.10582794903848,60.0
2014,whole_blocks,4,5000,16,historical_density,60_to_90n,spherical_cell_area,10848,-42.77931489928022,49.47054553111824,77.8214882912117,60.0
2014,whole_blocks,4,5000,17,random,global,equal_cell,103476,-0.5435216878903067,12.709082268977316,24.54138338396526,60.0
2014,whole_blocks,4,5000,17,random,global,spherical_cell_area,103476,-1.1387935305800547,12.439201415309816,23.72317096464618,60.0
2014,whole_blocks,4,5000,17,random,south_of_60n,equal_cell,92628,-0.7496444207553724,12.087027323004838,21.366693310599203,60.0
2014,whole_blocks,4,5000,17,random,south_of_60n,spherical_cell_area,92628,-1.215482502917493,12.09220850055996,22.133848669406174,60.0
2014,whole_blocks,4,5000,17,random,60_to_90n,equal_cell,10848,1.2165019570050946,18.02063329548348,42.97377711030588,60.0
2014,whole_blocks,4,5000,17,random,60_to_90n,spherical_cell_area,10848,0.8640168829293745,21.501273860577506,49.66050173166943,60.0
2014,whole_blocks,4,5000,17,historical_density,global,equal_cell,103476,-6.111773763158743,18.34444075579044,33.83485678780321,60.0
2014,whole_blocks,4,5000,17,historical_density,global,spherical_cell_area,103476,-2.849442255650506,15.468278241521034,28.813290531004863,60.0
2014,whole_blocks,4,5000,17,historical_density,south_of_60n,equal_cell,92628,-0.9525190625099308,13.990525200159723,23.60311300744479,60.0
2014,whole_blocks,4,5000,17,historical_density,south_of_60n,spherical_cell_area,92628,-1.0314609737805691,13.886424899934518,24.311028027360337,60.0
2014,whole_blocks,4,5000,17,historical_density,60_to_90n,equal_cell,10848,-50.16518862411913,55.52129271808412,78.50427413836432,60.0
2014,whole_blocks,4,5000,17,historical_density,60_to_90n,spherical_cell_area,10848,-50.327870143212735,56.77998510902204,84.12267614775199,60.0
2014,whole_blocks,4,5000,18,random,global,equal_cell,103476,-0.834591192580224,12.954980190952368,24.71707899608777,60.0
2014,whole_blocks,4,5000,18,random,global,spherical_cell_area,103476,-1.497612175222646,12.687683941468205,24.0010966413482,60.0
2014,whole_blocks,4,5000,18,random,south_of_60n,equal_cell,92628,-0.9537389906007796,12.332568212429347,21.769076672550234,60.0
2014,whole_blocks,4,5000,18,random,south_of_60n,spherical_cell_area,92628,-1.5227043748848772,12.353258710129992,22.52039505077033,60.0
2014,whole_blocks,4,5000,18,random,60_to_90n,equal_cell,10848,0.1827781137479478,18.269579817301025,42.20297149841537,60.0
2014,whole_blocks,4,5000,18,random,60_to_90n,spherical_cell_area,10848,-0.8423038923022673,21.421538568145515,48.73438149577426,60.0
2014,whole_blocks,4,5000,18,historical_density,global,equal_cell,103476,-5.734657451980739,17.664264419130397,32.33874667969718,60.0
2014,whole_blocks,4,5000,18,historical_density,global,spherical_cell_area,103476,-3.01114075917009,15.206265432721818,28.03833030055365,60.0
2014,whole_blocks,4,5000,18,historical_density,south_of_60n,equal_cell,92628,-1.4969386224025856,13.854346820292385,23.44627542994381,60.0
2014,whole_blocks,4,5000,18,historical_density,south_of_60n,spherical_cell_area,92628,-1.5795753367057996,13.854891555768033,24.246932348172844,60.0
2014,whole_blocks,4,5000,18,historical_density,60_to_90n,equal_cell,10848,-41.91933847577916,50.19607188088992,72.674394762568,60.0
2014,whole_blocks,4,5000,18,historical_density,60_to_90n,spherical_cell_area,10848,-40.39792595581824,50.49876695952019,77.22199461157538,60.0
2014,whole_blocks,4,5000,19,random,global,equal_cell,103476,-0.6589573297545869,12.764989923485146,24.20540699870971,60.0
2014,whole_blocks,4,5000,19,random,global,spherical_cell_area,103476,-1.1764356939315923,12.540310888102685,23.67113950606671,60.0
2014,whole_blocks,4,5000,19,random,south_of_60n,equal_cell,92628,-0.7750933124160848,12.176271924899122,21.612096130611352,60.0
2014,whole_blocks,4,5000,19,random,south_of_60n,spherical_cell_area,92628,-1.23506614707117,12.216084651317956,22.35597276712856,60.0
2014,whole_blocks,4,5000,19,random,60_to_90n,equal_cell,10848,0.3326949381260553,17.791886196809838,40.00579666939242,60.0
2014,whole_blocks,4,5000,19,random,60_to_90n,spherical_cell_area,10848,0.3547581468208791,21.007808411842667,46.27323388336213,60.0
2014,whole_blocks,4,5000,19,historical_density,global,equal_cell,103476,-6.436237501019908,18.00932169056458,34.53533417180029,60.0
2014,whole_blocks,4,5000,19,historical_density,global,spherical_cell_area,103476,-3.017837777271573,14.992599855443164,29.05268451630719,60.0
2014,whole_blocks,4,5000,19,historical_density,south_of_60n,equal_cell,92628,-1.1770175436508403,13.490919741299171,23.25873585058874,60.0
2014,whole_blocks,4,5000,19,historical_density,south_of_60n,spherical_cell_area,92628,-1.1314738450880466,13.318584847861962,23.894288937296228,60.0
2014,whole_blocks,4,5000,19,historical_density,60_to_90n,equal_cell,10848,-51.34322738036928,56.59067638788724,82.20429556149746,60.0
2014,whole_blocks,4,5000,19,historical_density,60_to_90n,spherical_cell_area,10848,-52.282148041100456,58.71120224852724,89.31350490590253,60.0
