year,spatial_fold,evaluation_domain,strategy,budget,seed,n_candidates,n_evaluation,n_evaluation_domain,rmse,mae,bias,median_absolute_error,p95_absolute_error,p99_absolute_error,r2,correlation
2005,0,all,historical_density,1000,0,391248,96240,96240,36.30051089611096,21.148018038489194,-4.346458181960784,13.745685149405546,63.88314827407231,150.3760266254801,0.2933684409341611,0.6326440754633167
2005,0,all,random,1000,0,391248,96240,96240,30.056447657771685,16.05417032006473,-0.0203641375387035,9.87498503073138,47.24972522606952,111.6674335318856,0.515556809359911,0.7181302549402084
2005,0,all,spatial_coverage,1000,0,391248,96240,96240,34.211185706048504,17.26755283208481,2.3461605478464502,10.097116412009626,50.30896965118611,156.61088011566713,0.3723698358826794,0.6549819304597859
2005,0,all,historical_density,1000,1,391248,96240,96240,34.91178201919896,20.44708125007348,-2.668381735912845,13.556085767684664,62.12016177972108,138.1110385286724,0.3464006832856292,0.6397431060729356
2005,0,all,random,1000,1,391248,96240,96240,28.291461519076304,16.036334324850106,-0.7073294829832428,10.495470949553235,46.96332585610396,102.4971460516876,0.5707816094220648,0.7557410607892341
2005,0,all,spatial_coverage,1000,1,391248,96240,96240,29.466089682229622,16.76287736267152,0.0875502186636776,10.879544951057085,48.454055473432,108.68079419671496,0.5344004331857759,0.7312186939020731
2005,0,all,historical_density,1000,2,391248,96240,96240,37.06131581476139,20.75977276175689,-4.8856907926570114,13.187864602660255,66.40201477133199,157.83128754460026,0.2634381455220831,0.6234361133887109
2005,0,all,random,1000,2,391248,96240,96240,27.29659683254118,14.772496758143763,0.6150685237211874,9.424942098031806,42.89497094766647,95.7668405201928,0.6004376437131673,0.7771914233156684
2005,0,all,spatial_coverage,1000,2,391248,96240,96240,30.699328346746217,17.274333749776186,-0.5645478507977219,10.992064074225766,49.99261415871469,111.1291973295627,0.4946115613232151,0.7141528409506152
2005,0,all,historical_density,1000,3,391248,96240,96240,35.84810516337649,19.957814328418028,-4.644888469455712,12.609093868842734,63.93016662615356,147.26204916399848,0.3108718909789377,0.6510284870915339
2005,0,all,random,1000,3,391248,96240,96240,35.21252375267399,17.653261460994432,2.709437196308247,9.986186221646818,52.66220680987623,176.55307181535966,0.3350915368277825,0.6182715195288135
2005,0,all,spatial_coverage,1000,3,391248,96240,96240,34.516617868923795,17.937828463134004,2.653186031599604,10.92301556639194,50.5929303750544,161.17848783373245,0.3611130401002447,0.6344859016289407
2005,0,all,historical_density,1000,4,391248,96240,96240,33.343198266600126,18.89664959686782,-2.848572726352732,11.834685903015156,57.78674047838607,131.6169172189172,0.4038136002811183,0.6627370509719988
2005,0,all,random,1000,4,391248,96240,96240,28.75449106465743,15.75678251082182,0.7557573302506563,10.146166138235174,45.38680362256831,110.89868933495204,0.5566171144213226,0.7473809717803863
2005,0,all,spatial_coverage,1000,4,391248,96240,96240,28.660431293580206,15.9187111537515,1.5660698931354775,10.251782915552724,46.665533406665375,111.01356754442914,0.5595130990623022,0.7494406317226117
2005,0,all,historical_density,1000,5,391248,96240,96240,33.17992796325728,19.19091049367676,-3.01324498252218,12.387693027939632,58.84925639083581,127.50592039645068,0.4096379494785319,0.6625651562169341
2005,0,all,random,1000,5,391248,96240,96240,28.36099061224984,15.09074260250688,0.3530875969732552,9.632722868538792,42.2913630476389,104.0800854693932,0.5686693228772024,0.7541735428338345
2005,0,all,spatial_coverage,1000,5,391248,96240,96240,29.89224582605171,16.859479274844805,0.8546698237524142,11.02428888143686,47.89671706304831,105.64561628814516,0.5208354886264033,0.7223911946079035
2005,0,all,historical_density,1000,6,391248,96240,96240,34.77123903392869,20.707852677376547,-3.16111193688298,13.546813547056187,62.6610344695189,132.92003443874816,0.3516524291241607,0.6434094350257734
2005,0,all,random,1000,6,391248,96240,96240,27.932191258247403,14.993237191879572,-0.7303336781865434,9.60615125816281,43.81973322034803,109.03145510090113,0.5816135902319215,0.7630628832644677
2005,0,all,spatial_coverage,1000,6,391248,96240,96240,27.808671035884057,15.705321710050892,1.2739765354293366,10.083496173613014,45.3144753552921,107.4903837238366,0.5853057399420452,0.766201273486958
2005,0,all,historical_density,1000,7,391248,96240,96240,36.70663992493341,20.558492986211085,-4.816548417465062,12.560139589995742,67.80966795249222,138.5018759860042,0.2774684459427214,0.628805610503909
2005,0,all,random,1000,7,391248,96240,96240,28.33013763779104,15.814166342614984,0.3271463569145416,10.71204083928373,44.41774318822184,110.34757573231774,0.56960727289257,0.7553446313842933
2005,0,all,spatial_coverage,1000,7,391248,96240,96240,27.08051437534799,15.287937845686177,-0.0761663725614995,10.200697616374242,43.09705890077275,94.71184091146452,0.6067385525568452,0.7791094334554712
2005,0,all,historical_density,1000,8,391248,96240,96240,34.99840108306962,20.952594990697524,-3.816368163947663,13.658020710897064,61.795137081192365,130.19850065469862,0.3431533902558049,0.6465195267560996
2005,0,all,random,1000,8,391248,96240,96240,43.45101370155882,19.92287582194561,1.7788486941266028,10.420776608708849,66.88384730509034,167.83489133479875,-0.0124355369931934,0.4275299430483009
2005,0,all,spatial_coverage,1000,8,391248,96240,96240,29.581220145376317,15.912084298859222,0.9411844874303444,10.04520377518898,46.66113811332348,114.58362373261076,0.5307549263007891,0.7288750095283868
2005,0,all,historical_density,1000,9,391248,96240,96240,33.495593359892794,19.194054863680925,-3.449032518035491,12.439956647659072,55.52885502786816,132.70693017747115,0.3983514061815079,0.6647404488119703
2005,0,all,random,1000,9,391248,96240,96240,27.978943694180604,15.18053416359973,-0.0890292684064255,9.534059952492498,44.09334462923716,101.63476603689092,0.5802118417098305,0.7631667714492184
2005,0,all,spatial_coverage,1000,9,391248,96240,96240,27.27170154722,15.713225902735816,-0.1949394808627443,10.429189364835054,44.085935941942914,97.21739046002976,0.6011661361951275,0.7754058865407571
2005,0,all,historical_density,1000,10,391248,96240,96240,36.56560517493347,20.575799862232376,-4.777440374616134,12.765692803880173,68.2266819799125,146.63496713884777,0.283010020577081,0.633417107806004
2005,0,all,random,1000,10,391248,96240,96240,28.98759625927172,16.171766467961117,0.9089154641271918,10.259572035009256,48.38611110723284,113.71225868949608,0.549399195725905,0.7415310002609607
2005,0,all,spatial_coverage,1000,10,391248,96240,96240,37.5561499576011,18.82338082670843,2.006007766009714,11.263582100176706,55.50060333589305,139.00623742321173,0.2436380307507047,0.5906035114340077
2005,0,all,historical_density,1000,11,391248,96240,96240,34.165922926471225,19.553656198970195,-1.54955924619417,12.46830449349838,57.20054148210448,132.59255604504912,0.374029497337506,0.6590615124054563
2005,0,all,random,1000,11,391248,96240,96240,28.617871121175018,15.62471643206626,0.4186675535097921,9.984128137973896,45.09763191020016,109.990475306128,0.5608203563498977,0.7493604902766912
2005,0,all,spatial_coverage,1000,11,391248,96240,96240,27.2779978136283,15.663279314483,1.6181718958392557,10.32714310159568,45.34897958749661,102.04751042847238,0.6009819559646928,0.7771853028982243
2005,0,all,historical_density,1000,12,391248,96240,96240,34.79560002856112,19.682783885677512,-3.219767071141028,12.345767010194407,60.46660488081793,138.67843530516018,0.3507436363995679,0.6526562384320048
2005,0,all,random,1000,12,391248,96240,96240,29.61777218577542,15.720171659007791,-0.3574581318390264,9.937371153372451,45.34668945990609,112.11242991473478,0.5295945643103658,0.727781297470505
2005,0,all,spatial_coverage,1000,12,391248,96240,96240,30.538304230373225,16.36424777809729,0.8769253182189536,10.166468607176428,49.2538713493248,111.91765681609014,0.4998993838694137,0.7073984245733446
2005,0,all,historical_density,1000,13,391248,96240,96240,34.159203112666674,19.86154754265672,-2.920293870010332,12.912742330077492,59.17028885419126,135.55147386156247,0.3742757070812027,0.6499539117153998
2005,0,all,random,1000,13,391248,96240,96240,29.706005879040013,15.707593500565505,0.2090901373238658,10.066920663269713,44.328762855924765,109.9163169837004,0.5267876392713748,0.7265863929643688
2005,0,all,spatial_coverage,1000,13,391248,96240,96240,26.681314119084963,15.992660117667103,0.8262638240948774,11.116376307782415,44.5400549877358,94.31845622842292,0.6182474149506181,0.788203468790943
2005,0,all,historical_density,1000,14,391248,96240,96240,34.91199942951356,19.68242028934969,-3.771517649921993,12.346812762044152,64.70830839376755,138.08851216366165,0.3463925427859297,0.6513855504070835
2005,0,all,random,1000,14,391248,96240,96240,30.98274812650916,16.00238055159652,1.2867030261547974,10.36111429027929,42.70481377054836,114.80026613786204,0.4852368760484574,0.6989262575799154
2005,0,all,spatial_coverage,1000,14,391248,96240,96240,27.20952872151036,15.44453873167903,1.5834330531184004,10.235434645747034,43.63720719392536,96.42157332049446,0.6029825511428537,0.7782309978857418
2005,0,all,historical_density,1000,15,391248,96240,96240,37.53070292993695,20.46156298339221,-5.972852201328931,12.376214917199434,69.79314624734724,150.5544012899263,0.2446626641755592,0.6315512125422793
2005,0,all,random,1000,15,391248,96240,96240,32.66396804955112,16.935983421432518,1.9677357280983103,9.677836289838382,53.74108795653088,131.41329791094591,0.4278558798024179,0.6566313684772405
2005,0,all,spatial_coverage,1000,15,391248,96240,96240,31.61930324435137,17.35722229971557,0.5720464151409835,11.110208074274084,48.88686636495846,118.24616359807057,0.4638674856294886,0.6820903211112948
2005,0,all,historical_density,1000,16,391248,96240,96240,35.69472023144074,20.175605844495564,-3.2560043651167185,12.757751168907047,59.95423924393432,152.0333224708322,0.3167564827530741,0.6312925914224832
2005,0,all,random,1000,16,391248,96240,96240,27.86296648924677,15.142642612492176,1.1113686544702523,9.949444181026962,42.49297538488935,100.90792680388594,0.5836848071265381,0.7644572633090565
2005,0,all,spatial_coverage,1000,16,391248,96240,96240,27.665026366528203,15.70220012144718,0.3172766654285119,10.212248401402944,46.22757998510797,97.39232017334116,0.5895788510183397,0.7679580834644903
2005,0,all,historical_density,1000,17,391248,96240,96240,34.21194537374808,19.760256903286592,-2.7128680670496585,12.85545324494393,60.53858758576117,134.78062733692687,0.3723419622123144,0.6549438464999414
2005,0,all,random,1000,17,391248,96240,96240,30.26549847772767,16.650135357953868,0.605332311960447,11.051661879031911,46.00047744436022,113.26444304456597,0.5087945040498755,0.7134360556941929
2005,0,all,spatial_coverage,1000,17,391248,96240,96240,28.8146318701845,15.853959426489126,-0.5608446644105212,10.396506371271045,45.1849653095736,97.90341141411167,0.5547604799535556,0.745275779089903
2005,0,all,historical_density,1000,18,391248,96240,96240,34.35793332513232,19.40347603192707,-2.425260862800919,12.246812925531032,58.6205750687391,135.32371426098447,0.3669738949321922,0.66215942262502
2005,0,all,random,1000,18,391248,96240,96240,28.668688064615573,15.004953716037685,1.1506229876533565,9.760873750645771,40.29984310922343,111.35917280320706,0.5592592631490425,0.7486413534149681
2005,0,all,spatial_coverage,1000,18,391248,96240,96240,28.56845258975569,15.662368102503374,0.8665935915094511,10.124948749931464,44.83644465991947,109.96415562795389,0.5623358341137964,0.7503976426937182
2005,0,all,historical_density,1000,19,391248,96240,96240,37.63447909731386,20.67685306637457,-4.067119894103231,12.503019490705723,62.09833119329844,164.64796877119213,0.2404797216636606,0.6182555870638287
2005,0,all,random,1000,19,391248,96240,96240,27.81769948698725,15.288649943211686,0.1214822711477817,9.678399849697996,44.83175896063179,103.1601835842788,0.5850364243302402,0.7651573411694819
2005,0,all,spatial_coverage,1000,19,391248,96240,96240,27.68547251562713,16.330581645198155,1.3229099895017908,10.782555200053196,48.73881493036966,91.50798800509706,0.5889719741028943,0.7702142787698334
2005,0,all,historical_density,5000,0,391248,96240,96240,32.20019026220198,17.421482966506172,-4.518961814988414,10.361273845697667,57.436014704590654,137.09393858711795,0.4439876596374686,0.7029445808161295
2005,0,all,random,5000,0,391248,96240,96240,24.748005502227304,12.535920181610813,0.1351677813615167,7.887250942234687,36.729780645496646,87.76347366868036,0.6715661110737514,0.8198992831806027
2005,0,all,spatial_coverage,5000,0,391248,96240,96240,30.361968860457047,14.935383502951764,2.369373229138252,9.1925159602078,40.72315942445434,115.6614009292418,0.5056581073893336,0.7253512523163049
2005,0,all,historical_density,5000,1,391248,96240,96240,33.25522870204648,17.399255835591475,-5.203839464680361,10.125551209816225,61.5043908603004,139.2540718501532,0.4069552949029233,0.6977275860678147
2005,0,all,random,5000,1,391248,96240,96240,24.391680048189205,12.658622315719407,0.6161626169046079,8.254705604786665,35.18141990598512,83.33897446355192,0.6809557042334602,0.8276067112234392
2005,0,all,spatial_coverage,5000,1,391248,96240,96240,25.016315657107626,13.071231867733102,0.2036533855908599,8.38768483411613,37.21387619389619,85.98718024115009,0.6644059507114173,0.8153762331468969
2005,0,all,historical_density,5000,2,391248,96240,96240,32.81992669142515,17.41333444194114,-4.408562000480655,10.462336196866149,56.90747146753495,133.54353910378234,0.4223792737596951,0.6950420625149789
2005,0,all,random,5000,2,391248,96240,96240,24.698313646103504,12.6808829981712,0.0432084368301217,8.068499870643535,36.49662008174111,86.07276426756984,0.6728837206473388,0.8215147271681332
2005,0,all,spatial_coverage,5000,2,391248,96240,96240,28.6379228973362,13.809939652936244,0.7399493948544897,8.756403936111894,36.905510598397015,98.49026177688005,0.5602046978998175,0.7514998102392816
2005,0,all,historical_density,5000,3,391248,96240,96240,33.12531294511243,17.469486349913876,-4.208173030924167,10.518114441586247,56.75644245817107,145.21245187366688,0.4115798523080266,0.6921757303653723
2005,0,all,random,5000,3,391248,96240,96240,26.17434389294005,13.476512217000185,1.021373333425407,8.609353254198055,37.33566793898848,103.73573018153414,0.6326169095389047,0.7957838626453013
2005,0,all,spatial_coverage,5000,3,391248,96240,96240,31.899126727135776,14.622964552225818,1.024153531408268,9.045347119751312,39.88752382703523,105.51161588758455,0.4543362003750282,0.7039809526523427
2005,0,all,historical_density,5000,4,391248,96240,96240,33.08846309177552,17.81816667544018,-5.199525305936189,10.790787619943076,58.47035647727963,135.7693679075002,0.4128882858660323,0.6929871887206451
2005,0,all,random,5000,4,391248,96240,96240,24.447110857772103,12.609065073513923,0.8283756986123528,7.91136713652412,37.24522386749021,84.17119602888147,0.6795039814918554,0.8251765866976122
2005,0,all,spatial_coverage,5000,4,391248,96240,96240,30.98369571060225,14.23126113502038,1.272791254242765,8.879440398496257,39.131310883125344,97.5102046632641,0.48520538827951,0.7083135842790548
2005,0,all,historical_density,5000,5,391248,96240,96240,32.92830592845513,17.646059709607584,-4.69993916723442,10.442198203003557,59.50772993901561,134.60339276999193,0.4185580917244619,0.6951753950524295
2005,0,all,random,5000,5,391248,96240,96240,24.53560149628291,12.856869923703044,0.4041727266929402,8.314555106860922,36.5585728263336,89.64791949203618,0.6771795983675334,0.8251368487230327
2005,0,all,spatial_coverage,5000,5,391248,96240,96240,29.59952152992681,13.865717539590454,0.5584747953396832,8.932829657317228,36.89929028248495,90.2587273260185,0.5301741192163185,0.7345248122336518
2005,0,all,historical_density,5000,6,391248,96240,96240,32.41879617315538,17.26685464688262,-5.083898901930252,10.16246756876336,61.817494470438426,128.0214773599498,0.4364125382348224,0.7124849257577476
2005,0,all,random,5000,6,391248,96240,96240,25.237904228153784,12.888411690960275,0.5030104303208563,8.153585480191396,36.674114511708126,94.2769436680991,0.6584343955627503,0.8118786788297214
2005,0,all,spatial_coverage,5000,6,391248,96240,96240,24.68514204745886,13.29548402039564,0.901534643176952,8.66037912917946,38.35958256994713,87.28073340512229,0.6732325295178163,0.8215511032121044
2005,0,all,historical_density,5000,7,391248,96240,96240,33.176522843421054,17.81230906858973,-4.389757575074257,10.442320268219136,62.196441228421165,135.89932802613765,0.4097591161295854,0.6949212240453475
2005,0,all,random,5000,7,391248,96240,96240,24.970364460304005,12.87706557150426,-0.1811472953328668,8.265960615806819,37.20495747308519,85.77078910580131,0.665637689664409,0.8164637187770468
2005,0,all,spatial_coverage,5000,7,391248,96240,96240,26.06711325361047,13.792126968601028,0.4635462834144602,8.920876968193653,39.31022936407659,89.67918662346435,0.6356209220168076,0.7979343307052623
2005,0,all,historical_density,5000,8,391248,96240,96240,32.39537263446798,17.386380898107713,-4.8216112044221004,10.48477490938228,56.99481653267994,130.15159139535436,0.4372266612214173,0.7053990404491218
2005,0,all,random,5000,8,391248,96240,96240,33.42713747389843,14.930229761421227,2.007099303964767,8.617079707905617,40.69322692772244,142.01661883379333,0.4008081054980936,0.668560851050824
2005,0,all,spatial_coverage,5000,8,391248,96240,96240,25.232368190052224,13.256492664714983,0.9138728565919588,8.494640692831837,37.08668549510651,95.18397018382194,0.6585842267684393,0.8120696599555349
2005,0,all,historical_density,5000,9,391248,96240,96240,32.388431770443376,17.52894337469647,-5.182483433880854,10.611385281327555,56.78253422199815,133.1857853468244,0.4374677891634423,0.7043655246101556
2005,0,all,random,5000,9,391248,96240,96240,25.107497743577163,12.720780803301349,-0.1850937063945153,7.973518456060987,36.7983906410576,89.98241889743122,0.6619550755797788,0.8141232591799327
2005,0,all,spatial_coverage,5000,9,391248,96240,96240,26.13151010107034,14.024585334911746,0.7596017786186042,9.049186024241578,39.1549087182578,93.75473983665876,0.6338183558663697,0.7963458359159619
2005,0,all,historical_density,5000,10,391248,96240,96240,33.10297416942749,17.60340410599913,-5.0073062641825015,10.580874620788592,58.67328376502654,142.40579945033724,0.4123732125724774,0.6986057172047865
2005,0,all,random,5000,10,391248,96240,96240,25.349734234100204,12.922173492343465,0.8210186351739291,7.945480301611553,38.17709318282096,95.24093921728392,0.6554007117864762,0.810135386824873
2005,0,all,spatial_coverage,5000,10,391248,96240,96240,28.10971088369284,13.643718620923188,1.049162611726321,8.482292807097082,38.61787925601441,99.72059122803776,0.5762786839417984,0.7626995673291164
2005,0,all,historical_density,5000,11,391248,96240,96240,33.18248916572557,17.7222614881301,-4.802165118789672,10.42030070749729,59.47884378975477,135.18140063610716,0.4095468043078304,0.6956331667096726
2005,0,all,random,5000,11,391248,96240,96240,25.96604074737057,12.75316191755397,0.438511945341334,7.947268503832333,35.50596434708052,100.91758752752732,0.6384411274262691,0.7996580526777887
2005,0,all,spatial_coverage,5000,11,391248,96240,96240,23.4677559408918,13.101793348631803,1.134541469362673,8.775483561807391,37.65706148620418,80.63251007796612,0.7046678813469146,0.8416424663652023
2005,0,all,historical_density,5000,12,391248,96240,96240,33.922582317396376,18.26236731984861,-5.224602277279991,10.596755706850873,64.49837113518247,132.12334132896257,0.3829144669300162,0.6833446136666229
2005,0,all,random,5000,12,391248,96240,96240,28.81519597350825,13.87401039850562,0.7931624181816259,8.558429209614644,38.31624379623974,107.83727934754825,0.5547430468971319,0.7494851564246611
2005,0,all,spatial_coverage,5000,12,391248,96240,96240,28.741161367175756,13.95820122080754,0.4829142092332379,8.861962805768144,37.876403272603405,101.83384097530232,0.5570280964718072,0.7537401039598108
2005,0,all,historical_density,5000,13,391248,96240,96240,32.614115446343504,17.59316154709947,-4.965557162012335,10.563564596965108,59.14419643484407,130.1525496227903,0.4296009897400816,0.7013697771490857
2005,0,all,random,5000,13,391248,96240,96240,24.84973066405797,13.234144386060365,1.268845689133434,8.620840752473924,37.67155338393216,85.0342104307188,0.6688605471559499,0.8204353549878858
2005,0,all,spatial_coverage,5000,13,391248,96240,96240,24.552652644442052,13.352609886849748,-0.1354837930375286,8.763019304069118,37.60807889441266,91.6399868439973,0.6767307509101457,0.8233196258226705
2005,0,all,historical_density,5000,14,391248,96240,96240,33.38047699823636,17.864371944563153,-4.710961697849141,10.353199174082391,64.13596444960818,134.07149333781092,0.4024797452151792,0.6895019151003641
2005,0,all,random,5000,14,391248,96240,96240,26.189359948108,13.278337318079846,0.2597290661656463,8.063375404479842,40.50993176464723,101.3584168302346,0.6321952579239669,0.7952575726518472
2005,0,all,spatial_coverage,5000,14,391248,96240,96240,28.54553518140672,14.002719408252212,1.5326508783176194,8.81537301566783,37.687863480916334,114.95909864244994,0.5630377345985489,0.7553940788747032
2005,0,all,historical_density,5000,15,391248,96240,96240,34.72521934852373,17.881380743620685,-6.331376567404906,9.947792778743946,63.706976269774586,144.98474707209488,0.3533674676228903,0.6798983316330972
2005,0,all,random,5000,15,391248,96240,96240,26.89338245672637,13.675892958722722,0.9878796389623656,8.385703986997214,38.89837971204409,105.4688280288612,0.6121548087653073,0.7827376512000126
2005,0,all,spatial_coverage,5000,15,391248,96240,96240,29.1638914212664,14.573364120776525,1.4328010924922086,9.287269997654164,41.25608164280524,103.81212479366468,0.5439016509037671,0.7453806900577453
2005,0,all,historical_density,5000,16,391248,96240,96240,33.778996794869244,17.9953597341275,-5.446332742431268,10.493537841522937,64.14709286884141,131.10103366365965,0.3881273382737463,0.6868106393088297
2005,0,all,random,5000,16,391248,96240,96240,25.215146113052963,12.741409918843242,0.8437500320956731,8.022666162173408,35.245229662951395,93.39659054876395,0.6590501269220993,0.8131935977381539
2005,0,all,spatial_coverage,5000,16,391248,96240,96240,27.661529261952985,13.564828707650047,0.8371242860053949,8.466503806470854,38.67631116185533,89.88859634696466,0.5896826062031308,0.7691907455622512
2005,0,all,historical_density,5000,17,391248,96240,96240,31.873750336657327,16.996706097698507,-4.20080071554833,10.422424767914322,54.61511518915147,131.07367432273932,0.4552040278860706,0.712119137253232
2005,0,all,random,5000,17,391248,96240,96240,25.97955887895325,13.344366839678122,0.4929932143416683,8.449471480352003,37.23632736200509,93.86955355336045,0.6380645684641906,0.8015055744500943
2005,0,all,spatial_coverage,5000,17,391248,96240,96240,32.378344029979715,14.699008976866166,1.9868757822159504,8.986773242805754,38.29501624541647,124.96135976986278,0.4378181485302911,0.7019188071573593
2005,0,all,historical_density,5000,18,391248,96240,96240,32.9298808547775,17.490047641593147,-4.729049602064148,10.371594464161348,57.80745639014187,134.9531724013933,0.4185024708815665,0.6966179963098212
2005,0,all,random,5000,18,391248,96240,96240,24.96504098509155,12.784983389566513,0.7245095336778156,8.103946063979237,36.50238983881081,92.63588657200856,0.6657802410265642,0.8175287025954634
2005,0,all,spatial_coverage,5000,18,391248,96240,96240,25.87600248999112,13.782803957463203,1.3172573095457605,8.936823289321353,39.20566128803182,93.7710519243298,0.6409442190438681,0.8014428234480014
2005,0,all,historical_density,5000,19,391248,96240,96240,33.26397799442733,17.481488528089603,-3.797190155168993,10.408694921975382,54.88309865959937,143.715795517321,0.4066431993747124,0.6875175604519467
2005,0,all,random,5000,19,391248,96240,96240,25.19586390411776,13.122655061838817,1.0295233325711153,8.228298367770918,37.740453939172816,93.1028818601772,0.659571381327245,0.813592942692703
2005,0,all,spatial_coverage,5000,19,391248,96240,96240,32.384374612612824,15.046120415461028,2.364912582430577,9.214162497671111,40.63467660763807,109.62393940487875,0.4376087122581167,0.6993622468598546
2005,0,spco2_le_threshold,historical_density,1000,0,391248,96240,96228,34.79501996875585,21.03757162236797,-4.233916547002233,13.743927255477727,63.79197371038365,150.15815294392607,0.3160539321753043,0.6525956651366743
2005,0,spco2_le_threshold,random,1000,0,391248,96240,96228,28.460790689870365,15.950491994112138,0.0853136654287944,9.8728119808668,47.18525929176654,111.11008272370252,0.5424046531291316,0.7366027696193089
2005,0,spco2_le_threshold,spatial_coverage,1000,0,391248,96240,96228,33.09846867159127,17.176250599114297,2.439908685964727,10.096109923728504,50.21336609636745,154.7448699165992,0.3811242304505811,0.666111903180246
2005,0,spco2_le_threshold,historical_density,1000,1,391248,96240,96228,33.34921610812892,20.336229329734756,-2.555312743680599,13.554218104836025,62.065473293146034,137.37681008697055,0.3717117511916481,0.6601177675777026
2005,0,spco2_le_threshold,random,1000,1,391248,96240,96228,26.57163859521065,15.932180176147297,-0.6012637486909689,10.493924120043316,46.90172501254102,102.1701267737721,0.6011364496171097,0.7755240327633527
2005,0,spco2_le_threshold,spatial_coverage,1000,1,391248,96240,96228,27.87883003820428,16.660543458163055,0.191985436001842,10.878658282195431,48.396355994716,107.9451472679627,0.5609269660682904,0.7491895001308914
2005,0,spco2_le_threshold,historical_density,1000,2,391248,96240,96228,35.54838694617648,20.64799866352357,-4.771937135629686,13.1860499666943,66.25140837227974,157.03770993383534,0.2861162857360305,0.6438400231474442
2005,0,spco2_le_threshold,random,1000,2,391248,96240,96228,25.507887313701005,14.667934294393808,0.7215498757716655,9.4241345837778,42.84235363475058,95.3552605950214,0.6324328792642413,0.7976837314376864
2005,0,spco2_le_threshold,spatial_coverage,1000,2,391248,96240,96228,29.161783800858764,17.172050080448876,-0.4601804071969401,10.98995391700612,49.94665277411288,110.611770659508,0.5195857857205046,0.7320936274856963
2005,0,spco2_le_threshold,historical_density,1000,3,391248,96240,96228,34.330140286419415,19.847216031402763,-4.532380591961718,12.607882995186545,63.841119971934106,145.92753478970778,0.3342076003858738,0.6711875806964229
2005,0,spco2_le_threshold,random,1000,3,391248,96240,96228,33.94948796566455,17.554297028504326,2.8109409352776287,9.985108887140768,52.59825825751792,175.88946378291817,0.3488903470909905,0.6322682482803546
2005,0,spco2_le_threshold,spatial_coverage,1000,3,391248,96240,96228,33.27394022333992,17.840641810204247,2.7529404628676475,10.919682772388851,50.52528921030569,159.91808157425743,0.3745448958490378,0.6478944852025261
2005,0,spco2_le_threshold,historical_density,1000,4,391248,96240,96228,31.754149682598463,18.787571733033765,-2.737493605894348,11.832745586468718,57.71602498062341,131.28569592828677,0.4303755108062961,0.6828791348758548
2005,0,spco2_le_threshold,random,1000,4,391248,96240,96228,27.08097991439548,15.653272375227829,0.8613266427795612,10.14395423468497,45.34377822582367,109.72293725302974,0.5856985750423593,0.7667032669646254
2005,0,spco2_le_threshold,spatial_coverage,1000,4,391248,96240,96228,27.0559230407706,15.817574749322144,1.66938671670025,10.250760969031973,46.6362346056544,110.55459463354262,0.5864648911717719,0.7674772165731355
2005,0,spco2_le_threshold,historical_density,1000,5,391248,96240,96228,31.542717328550395,19.08040827059476,-2.900725342616243,12.385543733405456,58.75229057588655,126.8540274803342,0.4379358509737615,0.6835947114075567
2005,0,spco2_le_threshold,random,1000,5,391248,96240,96228,26.590667351318952,14.984562858969628,0.4611932452616556,9.630341538856127,42.24839888689241,102.80063884326631,0.6005649684971832,0.7750763572740063
2005,0,spco2_le_threshold,spatial_coverage,1000,5,391248,96240,96228,28.309158459078944,16.756413471711802,0.9599446490949924,11.023027789585257,47.85569969836596,104.96289816081024,0.5472675796387331,0.7405993268021299
2005,0,spco2_le_threshold,historical_density,1000,6,391248,96240,96228,33.23830789872683,20.59844425714868,-3.049515370908704,13.543570447412662,62.6008967602794,131.9968626526958,0.3758837505885991,0.6631373831610524
2005,0,spco2_le_threshold,random,1000,6,391248,96240,96228,26.15409453628593,14.887705414085248,-0.6230232617198568,9.604316964609154,43.78259002211008,108.62167322615466,0.6135733630861114,0.7837080789732701
2005,0,spco2_le_threshold,spatial_coverage,1000,6,391248,96240,96228,26.203102007292625,15.605800463853594,1.37561516512152,10.082565608311938,45.26004444065518,106.69488021552132,0.6121238359407413,0.7835599869519877
2005,0,spco2_le_threshold,historical_density,1000,7,391248,96240,96228,35.2105207996307,20.44737513175254,-4.703467482252213,12.558542047062218,67.69832080097272,137.61587747562302,0.2996218730776512,0.6487445177179451
2005,0,spco2_le_threshold,random,1000,7,391248,96240,96228,26.546906827299036,15.707916831062969,0.4354087519557162,10.709368229358432,44.35711063517267,108.7989737703992,0.6018785950397643,0.7765254979690314
2005,0,spco2_le_threshold,spatial_coverage,1000,7,391248,96240,96228,25.445289783169017,15.18822160803646,0.0254468312277775,10.19991311646379,43.050813357759424,94.11156201631142,0.6342347189430753,0.7965084641912733
2005,0,spco2_le_threshold,historical_density,1000,8,391248,96240,96228,33.43933024389708,20.84180687799336,-3.703443098153747,13.65510523722574,61.73347888571698,129.71979537382114,0.3683117224362486,0.6669438015236229
2005,0,spco2_le_threshold,random,1000,8,391248,96240,96228,42.44093154966897,19.82338048330428,1.8810503208981293,10.418243271204858,66.8156216026882,166.18514043194193,-0.0175540624494112,0.4364002161425995
2005,0,spco2_le_threshold,spatial_coverage,1000,8,391248,96240,96228,27.92244827149913,15.807600955694555,1.0477694977338408,10.044287161886215,46.57168739296418,113.94359646796649,0.5595519749404648,0.7484636519850447
2005,0,spco2_le_threshold,historical_density,1000,9,391248,96240,96228,31.90059522573914,19.08453536327932,-3.337549553069019,12.436604498291814,55.46641052764046,131.7620317732737,0.4251093439181489,0.6850870107012345
2005,0,spco2_le_threshold,random,1000,9,391248,96240,96228,26.23921222048936,15.076237815203722,0.0171490484264478,9.533060281992988,44.04600779033338,101.18406264878747,0.6110540433693331,0.7831783177412778
2005,0,spco2_le_threshold,spatial_coverage,1000,9,391248,96240,96228,25.55368970290284,15.611018388304716,-0.0907967767045111,10.4280455792331,44.06247118348824,96.91221329078404,0.6311116747972129,0.7944600146544119
2005,0,spco2_le_threshold,historical_density,1000,10,391248,96240,96228,35.06805675674065,20.464870505521088,-4.664540901994177,12.76280857960046,68.13482168075848,146.20854648849303,0.3052779577772325,0.6533621044892383
2005,0,spco2_le_threshold,random,1000,10,391248,96240,96228,27.299625523025387,16.0673378568919,1.0154741016251545,10.257577515228832,48.32401016207098,112.66028472377184,0.5789816194893347,0.7613073766073534
2005,0,spco2_le_threshold,spatial_coverage,1000,10,391248,96240,96228,36.38044234379868,18.72782228780015,2.104163809418894,11.26173180766213,55.40062594152491,138.2226303716009,0.2523064616638288,0.6035286894371324
2005,0,spco2_le_threshold,historical_density,1000,11,391248,96240,96228,32.59983187718835,19.44406491376049,-1.437722781167433,12.467121636628235,57.12299772904598,131.25087216697534,0.3996308089798693,0.6793287158462399
2005,0,spco2_le_threshold,random,1000,11,391248,96240,96228,26.88526399406937,15.519340225473302,0.5260444315063667,9.981515410790422,45.03270683152313,108.87044003169176,0.5916653000562262,0.7697481947610267
2005,0,spco2_le_threshold,spatial_coverage,1000,11,391248,96240,96228,25.6870402566818,15.564783848320022,1.7188224251285988,10.325325794481046,45.24212364946965,101.66735923505924,0.6272515814392021,0.7939490336184541
2005,0,spco2_le_threshold,historical_density,1000,12,391248,96240,96228,33.234227256940194,19.57220539095469,-3.107135575194288,12.344708725773984,60.41359880886343,137.83966470471847,0.3760369857364768,0.673061363776805
2005,0,spco2_le_threshold,random,1000,12,391248,96240,96228,27.96732278632421,15.615433339134926,-0.2508040227745949,9.936384397157012,45.28673041179214,111.13832603575814,0.5581351383192901,0.7471097017631793
2005,0,spco2_le_threshold,spatial_coverage,1000,12,391248,96240,96228,28.96711797730202,16.260411924023465,0.9829112125841266,10.164894520579535,49.22178330928319,111.10577095300437,0.5259782676098014,0.7256984644302901
2005,0,spco2_le_threshold,historical_density,1000,13,391248,96240,96228,32.60709859064846,19.75265327155086,-2.8092869597134724,12.910835566187076,59.11937641739368,135.0702405885615,0.399363126794507,0.6697464432571636
2005,0,spco2_le_threshold,random,1000,13,391248,96240,96228,28.1002363124946,15.604196734362244,0.3144717749123207,10.06473243459277,44.29537712780291,108.83833328170468,0.5539252700526888,0.7450586175498628
2005,0,spco2_le_threshold,spatial_coverage,1000,13,391248,96240,96228,24.95469494579283,15.891437905836131,0.929583420131083,11.114870035509623,44.48831473457772,93.83779189171506,0.6482029385860857,0.807021586376732
2005,0,spco2_le_threshold,historical_density,1000,14,391248,96240,96228,33.37623074157837,19.57254684329771,-3.6596600533974586,12.344448471180243,64.61413170571738,137.50577281692156,0.3706934453224672,0.6713368258901865
2005,0,spco2_le_threshold,random,1000,14,391248,96240,96228,29.46090736501285,15.899341993103697,1.3918975995594254,10.360323193876525,42.66477347966176,112.58498756846608,0.5096796549829816,0.7164942040033951
2005,0,spco2_le_threshold,spatial_coverage,1000,14,391248,96240,96228,25.57433878568096,15.34487633667325,1.6852189013957577,10.233368484699696,43.58604849107707,95.97993984567098,0.6305152612650589,0.7957996328694811
2005,0,spco2_le_threshold,historical_density,1000,15,391248,96240,96228,36.056207047314665,20.35009648732975,-5.859578907563264,12.374032888249587,69.7073678834715,150.17461281284815,0.2655744878835032,0.6515494222579556
2005,0,spco2_le_threshold,random,1000,15,391248,96240,96228,31.21085822312687,16.832783903445243,2.073292612234675,9.6760595665111,53.69433422970103,130.6952005205495,0.4497005248011128,0.6733997648473695
2005,0,spco2_le_threshold,spatial_coverage,1000,15,391248,96240,96228,30.155865871552948,17.25555724307589,0.6759473202299521,11.107718134761171,48.80461796714059,117.28503467430964,0.4862743115409729,0.6985088117488844
2005,0,spco2_le_threshold,historical_density,1000,16,391248,96240,96228,34.191710857197904,20.06564732917722,-3.143935910718764,12.756032852056506,59.88263482426026,151.23048315922833,0.3395661245336002,0.650785275997488
2005,0,spco2_le_threshold,random,1000,16,391248,96240,96228,26.142605807751508,15.039173400772343,1.216864803622053,9.947914750026712,42.470092870693406,99.79916973646289,0.6139127803533727,0.7840872004838207
2005,0,spco2_le_threshold,spatial_coverage,1000,16,391248,96240,96228,26.074828055499943,15.603089951725549,0.418384525234552,10.210629925794052,46.170328884915946,96.8603448363476,0.6159121374302781,0.7850010354555081
2005,0,spco2_le_threshold,historical_density,1000,17,391248,96240,96228,32.598193894403536,19.648988962628376,-2.599474251739213,12.854011137498844,60.440598829295695,134.18285843441672,0.3996911387200802,0.6760879083620163
2005,0,spco2_le_threshold,random,1000,17,391248,96240,96228,28.69376742231364,16.54658004603724,0.7110394467564827,11.049735229540886,45.963773386273886,111.76864381273452,0.5348823453620032,0.7315520291103947
2005,0,spco2_le_threshold,spatial_coverage,1000,17,391248,96240,96228,27.178495534103373,15.75138819477071,-0.4563663227329964,10.394718837437807,45.167306296290256,97.2373673634006,0.582709495633284,0.7637476370714794
2005,0,spco2_le_threshold,historical_density,1000,18,391248,96240,96228,32.71594873115649,19.290916006416168,-2.310583588858903,12.243329246407086,58.48874230108832,134.56148753582264,0.39534629998255,0.6840055864923198
2005,0,spco2_le_threshold,random,1000,18,391248,96240,96228,26.90887135103307,14.89870593677312,1.258885429183003,9.760261696135018,40.25128297695944,110.09997024751088,0.5909478858452588,0.7696938777360032
2005,0,spco2_le_threshold,spatial_coverage,1000,18,391248,96240,96228,27.004221438894355,15.563002765836064,0.9680201529796048,10.123084793731806,44.77517526574778,109.12209844746651,0.5880438429911954,0.7675006183433433
2005,0,spco2_le_threshold,historical_density,1000,19,391248,96240,96228,36.19799411904197,20.566609226254077,-3.9548047566673232,12.50160480871952,62.02478653437282,164.36581471449605,0.2597870357238753,0.6374065596539623
2005,0,spco2_le_threshold,random,1000,19,391248,96240,96228,26.083069297235586,15.184702371220263,0.2273515456225994,9.67742412627254,44.78107593602064,102.42521588923375,0.6156693085118802,0.7849368801065065
2005,0,spco2_le_threshold,spatial_coverage,1000,19,391248,96240,96228,25.9932217930738,16.22848477818887,1.4272083145026824,10.780912215085635,48.70817270229771,91.1510078963686,0.6183125311201704,0.7893660008503204
2005,0,spco2_le_threshold,historical_density,5000,0,391248,96240,96228,30.567821324055288,17.312826914995252,-4.40869676969379,10.359535455355058,57.35439968878853,136.48685069348628,0.4721425576086655,0.7235517703293709
2005,0,spco2_le_threshold,random,5000,0,391248,96240,96228,22.805723548247517,12.432304175966358,0.2403639201850443,7.885674831346421,36.67958736756684,87.32910575878206,0.7061840366113411,0.840757225631743
2005,0,spco2_le_threshold,spatial_coverage,5000,0,391248,96240,96228,29.03057107352485,14.841266273322953,2.465648428181218,9.191315687694726,40.6766877214925,114.92370870500976,0.5238992834295426,0.7395753569686535
2005,0,spco2_le_threshold,historical_density,5000,1,391248,96240,96228,31.64520094026893,17.28977803838221,-5.092840852360619,10.123707367244576,61.43846987883549,138.64553176042213,0.4342775776768098,0.7186017374023531
2005,0,spco2_le_threshold,random,5000,1,391248,96240,96228,22.5222037611267,12.557888646931008,0.7185517021953968,8.252865969242833,35.12753972398454,82.43860591600406,0.7134440414762613,0.8470078352740107
2005,0,spco2_le_threshold,spatial_coverage,5000,1,391248,96240,96228,23.29558697922666,12.97400178485024,0.3025388974864798,8.386195970312173,37.18785897866393,85.44434290433897,0.693426231365691,0.8329283191526334
2005,0,spco2_le_threshold,historical_density,5000,2,391248,96240,96228,31.221337482977443,17.30476518861701,-4.298371002245512,10.461545181202496,56.83809422224584,132.63258695238983,0.4493309291133047,0.7153765840434656
2005,0,spco2_le_threshold,random,5000,2,391248,96240,96228,22.74939530941174,12.577328156783189,0.1483500211330845,8.06797490760971,36.41863477303272,85.07355552560624,0.7076336461355202,0.8424305839424249
2005,0,spco2_le_threshold,spatial_coverage,5000,2,391248,96240,96228,26.992107045425094,13.706980663998916,0.8447228106589859,8.754810581233897,36.85591943132047,96.96800209441922,0.5884133762932631,0.770342007014333
2005,0,spco2_le_threshold,historical_density,5000,3,391248,96240,96228,31.494964730095543,17.35923325321913,-4.096266197688832,10.516703071983102,56.685403553326886,143.90443064362353,0.4396363834133486,0.7132411870125045
2005,0,spco2_le_threshold,random,5000,3,391248,96240,96228,24.501170661770963,13.377788267927285,1.1219052243302587,8.607623154151497,37.29764226960782,103.02607927042273,0.6608737967884999,0.8134070297517058
2005,0,spco2_le_threshold,spatial_coverage,5000,3,391248,96240,96228,30.4746856762654,14.521856146803508,1.1272131923591522,9.04404897303823,39.84084119133855,104.70638359414782,0.4753542650513918,0.7208401471805804
2005,0,spco2_le_threshold,historical_density,5000,4,391248,96240,96228,31.49257226971094,17.709260236129396,-5.089045273737324,10.78854269066548,58.39384053955059,134.72950695233683,0.4397215142807844,0.7134058552314073
2005,0,spco2_le_threshold,random,5000,4,391248,96240,96228,22.642657372814785,12.509851211138486,0.9292652612960728,7.910303515619404,37.2092379831556,83.76109793144724,0.7103707186427666,0.8436576683687957
2005,0,spco2_le_threshold,spatial_coverage,5000,4,391248,96240,96228,29.594807272900518,14.13318986245591,1.3727959414960058,8.877348795392805,39.106832997584725,96.53911592529067,0.5052125116812923,0.7235956857609118
2005,0,spco2_le_threshold,historical_density,5000,5,391248,96240,96228,31.270814593582084,17.535229994688383,-4.587495021520559,10.440855412736823,59.43806053970629,133.7755892234092,0.4475842324631802,0.716643377806045
2005,0,spco2_le_threshold,random,5000,5,391248,96240,96228,22.6934138422397,12.756419557873514,0.5062767953096523,8.312206814051564,36.50848514715147,88.95211586500366,0.7090707796707294,0.8442048532039677
2005,0,spco2_le_threshold,spatial_coverage,5000,5,391248,96240,96228,27.96215119551107,13.76134625591811,0.6646448310178827,8.931408655889754,36.85996363816096,89.3606215840967,0.5582985385129737,0.7538097692121453
2005,0,spco2_le_threshold,historical_density,5000,6,391248,96240,96228,30.77956238558056,17.157575880083503,-4.973100873908418,10.161413424096423,61.74835039381218,127.16252867263604,0.4648043700310285,0.7335204392806358
2005,0,spco2_le_threshold,random,5000,6,391248,96240,96228,23.534655433901268,12.790699396118574,0.6023926867689047,8.15265264684166,36.6383593554123,93.3711104507902,0.6871015834047249,0.8293010855141334
2005,0,spco2_le_threshold,spatial_coverage,5000,6,391248,96240,96228,22.79316437961549,13.193367831788564,1.0054212543633494,8.659328904636567,38.3241662137453,86.86947688567952,0.7065075578672132,0.8416117956764065
2005,0,spco2_le_threshold,historical_density,5000,7,391248,96240,96228,31.593273503353476,17.703760978243018,-4.279535641169303,10.441623245826207,62.11025023747238,135.40442151925143,0.4361326717940177,0.7152467356343608
2005,0,spco2_le_threshold,random,5000,7,391248,96240,96228,23.08061611098373,12.774351691006222,-0.0768501852206395,8.264308715714861,37.163559473968895,85.33390799319247,0.6990582291676257,0.8366528157209618
2005,0,spco2_le_threshold,spatial_coverage,5000,7,391248,96240,96228,24.3639474642754,13.692677154602366,0.5647738344441727,8.919596784807538,39.27949306454118,89.18577749885714,0.6646618333722334,0.8161107870779606
2005,0,spco2_le_threshold,historical_density,5000,8,391248,96240,96228,30.75382087715678,17.277060590852525,-4.710724022283051,10.482378886431746,56.88130544042392,129.79372892286673,0.465699183399346,0.7263464190361526
2005,0,spco2_le_threshold,random,5000,8,391248,96240,96228,32.17812762420729,14.835961829744816,2.103479385418628,8.615876511036248,40.65035772104899,141.6411597763051,0.4150628340986431,0.6821453959595926
2005,0,spco2_le_threshold,spatial_coverage,5000,8,391248,96240,96228,23.399675811163977,13.155148983477453,1.0169836366599303,8.493557348847133,37.05622676086016,94.45693011654107,0.6906804583303906,0.8316487206354264
2005,0,spco2_le_threshold,historical_density,5000,9,391248,96240,96228,30.764087538215065,17.42020131828609,-5.072201726648569,10.609807898823137,56.701537642486834,132.2313678483479,0.4653423886434038,0.7249772264786012
2005,0,spco2_le_threshold,random,5000,9,391248,96240,96228,23.258008540819876,12.619005211238324,-0.0817548661587872,7.971679836807169,36.71617661924601,89.37999703135307,0.6944145105192217,0.8337758797434432
2005,0,spco2_le_threshold,spatial_coverage,5000,9,391248,96240,96228,24.469368624665893,13.926501481430249,0.8595292768330499,9.047979346086407,39.11740284618955,93.02392629127776,0.6617535837137889,0.8137442241554904
2005,0,spco2_le_threshold,historical_density,5000,10,391248,96240,96228,31.45465709929888,17.492888433754622,-4.895219810314123,10.579264397760111,58.58755160788034,141.90753599139353,0.4410697856382374,0.720074416068144
2005,0,spco2_le_threshold,random,5000,10,391248,96240,96228,23.741627427741705,12.827100918662142,0.9178050375280908,7.944178529798421,38.12897153291569,94.64898462260824,0.6815739073611633,0.8260842288672319
2005,0,spco2_le_threshold,spatial_coverage,5000,10,391248,96240,96228,26.4226388188201,13.540324050379423,1.1543894408101325,8.480934229409854,38.55716376294264,99.2937003357239,0.605597141936493,0.7820225593232117
2005,0,spco2_le_threshold,historical_density,5000,11,391248,96240,96228,31.57697779920355,17.61275039125332,-4.69104283643224,10.418900289109786,59.3719789186256,134.5525403852556,0.4367142035198067,0.7163572042030136
2005,0,spco2_le_threshold,random,5000,11,391248,96240,96228,24.17654160042009,12.651449996815415,0.5418689183136964,7.946255155436688,35.46876387204763,99.79118384232798,0.6698007905674632,0.8190395758201708
2005,0,spco2_le_threshold,spatial_coverage,5000,11,391248,96240,96228,21.73851431198043,13.00700414382239,1.2311059996263831,8.774682888344671,37.59904104974568,80.31054347761699,0.7330392609580181,0.858195400851133
2005,0,spco2_le_threshold,historical_density,5000,12,391248,96240,96228,32.3516180355777,18.15284508628465,-5.113454184501338,10.594958490923348,64.34694523883181,131.7129372599868,0.4087383790952382,0.7037456559215749
2005,0,spco2_le_threshold,random,5000,12,391248,96240,96228,27.350603686630468,13.77815568724302,0.8908461820463823,8.556549493388616,38.25911082632119,106.61583715436542,0.5774077676302012,0.7651645622369263
2005,0,spco2_le_threshold,spatial_coverage,5000,12,391248,96240,96228,27.19132149693082,13.85808217131386,0.5848341211075188,8.86079932304142,37.80356248346101,101.04590112416123,0.582315550694475,0.7710897147654209
2005,0,spco2_le_threshold,historical_density,5000,13,391248,96240,96228,30.942912329249417,17.482443631494856,-4.853264535797284,10.56263622374334,58.96737339926699,129.26930663201964,0.4591086321290197,0.7229474441863286
2005,0,spco2_le_threshold,random,5000,13,391248,96240,96228,22.9417305543889,13.13134767613189,1.3734509774476376,8.61927718913114,37.61608464106264,84.327735919562,0.702669113026717,0.8409357481091738
2005,0,spco2_le_threshold,spatial_coverage,5000,13,391248,96240,96228,22.71761762456105,13.252935701583976,-0.0341613815473109,8.761406103817023,37.56748444514537,91.20969956914058,0.7084498644844797,0.8422888965032266
2005,0,spco2_le_threshold,historical_density,5000,14,391248,96240,96228,31.77878665789535,17.754834718810883,-4.59978419148249,10.351546478859206,63.99377036254168,133.45867214666254,0.4294912629964835,0.7101965018433298
2005,0,spco2_le_threshold,random,5000,14,391248,96240,96228,24.53779059448062,13.17995703385377,0.3597975990990723,8.061157708081595,40.43769951026271,100.77512192160086,0.6598593098001824,0.8124363481580791
2005,0,spco2_le_threshold,spatial_coverage,5000,14,391248,96240,96228,27.04913737247526,13.905773212161977,1.6315343945583156,8.81448621493297,37.64141884923401,113.47554368972506,0.5866722956786581,0.7716260883717798
2005,0,spco2_le_threshold,historical_density,5000,15,391248,96240,96228,33.165838407874425,17.771134743750338,-6.21969023779566,9.943646450073544,63.425831182698936,144.53781568024496,0.3786023053443723,0.7005430914644762
2005,0,spco2_le_threshold,random,5000,15,391248,96240,96228,25.17581348741877,13.574457752111355,1.091143474155558,8.384899266048308,38.83565059685823,103.99201129246734,0.6419409114170277,0.8016329514150687
2005,0,spco2_le_threshold,spatial_coverage,5000,15,391248,96240,96228,27.69546719903125,14.476291535469944,1.5318697078790044,9.285875403196314,41.20575971097677,102.64778857298757,0.5666836579000669,0.7614854449000911
2005,0,spco2_le_threshold,historical_density,5000,16,391248,96240,96228,32.18828296213552,17.88541153711808,-5.334819633713193,10.491888442059064,64.06531358779208,130.3479348109025,0.4146935663763191,0.7075292897668696
2005,0,spco2_le_threshold,random,5000,16,391248,96240,96228,23.423506957186408,12.641206563426616,0.9456475089677115,8.021672721208091,35.22189588866177,92.74348825301551,0.6900500912342165,0.8320379395801908
2005,0,spco2_le_threshold,spatial_coverage,5000,16,391248,96240,96228,26.106410361226093,13.466716221034703,0.9370327512955904,8.465012425095438,38.64800015006294,89.3614953380584,0.6149811455522793,0.7857898763833085
2005,0,spco2_le_threshold,historical_density,5000,17,391248,96240,96228,30.207354679144213,16.887369871527746,-4.089868790988474,10.42087310303728,54.55184591227727,130.08909327558956,0.4845185201560709,0.7332394038243882
2005,0,spco2_le_threshold,random,5000,17,391248,96240,96228,24.147219961933192,13.24100859374894,0.5980770320446397,8.448461569930828,37.18227546814018,93.19408525575736,0.6706012450566061,0.8216560215058591
2005,0,spco2_le_threshold,spatial_coverage,5000,17,391248,96240,96228,31.19214013758406,14.610250562423971,2.077714990367968,8.985485456503,38.24973653558552,123.98208051712436,0.4503603889934079,0.7144622436112481
2005,0,spco2_le_threshold,historical_density,5000,18,391248,96240,96228,31.29701631842225,17.38011085081696,-4.6175214659781245,10.370340453178358,57.6500677909087,134.3247325009401,0.4466581094893523,0.7176719245519969
2005,0,spco2_le_threshold,random,5000,18,391248,96240,96228,23.05289477206611,12.681919635086404,0.8292579736452954,8.101593028533841,36.4446313021296,91.97823240000956,0.6997806967856959,0.8381559361882966
2005,0,spco2_le_threshold,spatial_coverage,5000,18,391248,96240,96228,24.222986565963996,13.685461095782005,1.416483206676144,8.935014482128025,39.16314738866449,93.10780365968256,0.6685308966302834,0.8185186808528627
2005,0,spco2_le_threshold,historical_density,5000,19,391248,96240,96228,31.65468755627991,17.371721251929685,-3.685716394612899,10.407773302249268,54.79883547636112,142.9247306488107,0.4339383416688367,0.7082679218292686
2005,0,spco2_le_threshold,random,5000,19,391248,96240,96228,23.449435439655392,13.023698084576596,1.130245140659429,8.226914902423772,37.70504555803919,92.34172170243056,0.6893635178034871,0.8316845025092364
2005,0,spco2_le_threshold,spatial_coverage,5000,19,391248,96240,96228,31.19557235082831,14.958062992091175,2.4551412282717915,9.21266361326252,40.59112460482655,108.97648490669933,0.4502394236391135,0.7117799452804371
2005,1,all,historical_density,1000,0,393456,94032,94032,31.358968059447143,18.208551111354502,-2.4327857418890897,11.4284420177041,55.81506671486647,138.1069793500537,0.2902916623641872,0.6651498660778801
2005,1,all,random,1000,0,393456,94032,94032,21.58118303083314,13.645945725381075,-0.0081712883463433,9.306394093333807,40.241323547158494,83.21835408395516,0.6638703077610111,0.8152199544626577
2005,1,all,spatial_coverage,1000,0,393456,94032,94032,26.31422475378862,14.862457115903212,-0.3330916517045152,9.774807579096574,41.189165909179,96.2104074011993,0.5002675613502074,0.7342117528149984
2005,1,all,historical_density,1000,1,393456,94032,94032,29.606655435184507,18.36113195933103,-1.3479771754789394,11.8695179041612,56.57872250099759,107.89923718246592,0.3673914161698454,0.6768457867978355
2005,1,all,random,1000,1,393456,94032,94032,24.31319762684192,14.285820014658258,-0.0353286920170943,9.188989494181214,40.596584400126886,108.61472763112371,0.5733806573248006,0.7659869953456748
2005,1,all,spatial_coverage,1000,1,393456,94032,94032,34.80445026992648,17.296780808609707,4.037353812545394,10.516756642071698,52.500763352681055,120.3017859403671,0.1257695304103697,0.6237564961332019
2005,1,all,historical_density,1000,2,393456,94032,94032,29.36189605200457,17.96049639640606,-0.3657410752619165,11.72415772023666,54.512359911359766,112.2508138635749,0.3778077812198162,0.6922577309210898
2005,1,all,random,1000,2,393456,94032,94032,21.927644236753544,13.423140575272168,-0.4153188869872821,9.070805155798467,37.27657322103485,86.37724298040823,0.6529913229095343,0.8109103371992153
2005,1,all,spatial_coverage,1000,2,393456,94032,94032,30.81923843850479,15.93944140683042,1.2011732134877628,9.709805078806257,46.26307192993768,127.58797232402128,0.3145114776106202,0.6801355191800292
2005,1,all,historical_density,1000,3,393456,94032,94032,30.38404769048257,18.067028322685665,-2.138366107120829,11.32714060530438,57.104568731351854,113.58715939113978,0.3337340177567148,0.66195587596207
2005,1,all,random,1000,3,393456,94032,94032,20.900512324786707,13.364178050048366,0.9063463874381974,8.939988034986754,39.80046318593055,76.228483764005,0.6847390023057327,0.8282512198431076
2005,1,all,spatial_coverage,1000,3,393456,94032,94032,23.677313927575216,14.78133436331262,-0.0824626997285892,10.010571565188712,43.17499212791272,88.42855598739344,0.5954043152651027,0.7761673767707512
2005,1,all,historical_density,1000,4,393456,94032,94032,32.49935082968643,18.87851041368419,-4.255003742085324,12.005785140855949,56.04486757310706,123.27973147436076,0.2377353953861563,0.6535192529964092
2005,1,all,random,1000,4,393456,94032,94032,23.33304693826297,14.07361131687523,-0.3754166357318335,9.239626890045486,41.30586717646408,96.57560545623284,0.6070843826504507,0.7840633118570386
2005,1,all,spatial_coverage,1000,4,393456,94032,94032,21.988799912695143,13.956883949687748,1.5818732899597971,9.728373360716688,39.77276380991495,76.51875912194653,0.6510530259202276,0.8109582678703153
2005,1,all,historical_density,1000,5,393456,94032,94032,29.929699902239268,17.606386879387692,-1.874915823396063,11.222566655186997,52.3698359712602,102.08926015606664,0.353511049665716,0.6832164081208417
2005,1,all,random,1000,5,393456,94032,94032,23.464772985449745,14.488949227871936,0.5585236746082145,9.890083448730024,40.761768690504304,93.27231825690816,0.6026354722066136,0.781736312189097
2005,1,all,spatial_coverage,1000,5,393456,94032,94032,23.593818812010536,15.040096963576833,1.0589914562247782,10.341031224007937,41.48640846361481,92.61416864452724,0.59825279714563,0.7803318508095178
2005,1,all,historical_density,1000,6,393456,94032,94032,32.14883803923156,19.48759396657021,-0.0117570928121586,12.948751668866578,56.8310124413646,119.14882311562508,0.2540891175302038,0.6438932712063544
2005,1,all,random,1000,6,393456,94032,94032,59.68957570297474,22.32068586771129,5.633446801079512,9.809074048641833,80.41007450396545,170.043064554477,-1.571303644252656,0.3919328262443207
2005,1,all,spatial_coverage,1000,6,393456,94032,94032,25.53111094553283,14.92434513500891,0.1538335250512571,9.835246987487182,41.85994056356912,97.24896814128223,0.529569135642939,0.7471868583082703
2005,1,all,historical_density,1000,7,393456,94032,94032,28.21250220000608,17.49908973069051,-2.835700008686339,11.377651038678692,53.035419821790434,103.40690972950138,0.4255667190227057,0.7139690889942413
2005,1,all,random,1000,7,393456,94032,94032,23.62724114045392,14.057107402077753,0.4376632736939841,8.946179404087786,42.85224975580999,92.2174108854976,0.5971137837916998,0.778757234863138
2005,1,all,spatial_coverage,1000,7,393456,94032,94032,24.39464993778328,15.062232095944724,0.9868078543566404,9.644156282778738,47.00514211039764,92.40502360196656,0.5705174108775886,0.7614254357508757
2005,1,all,historical_density,1000,8,393456,94032,94032,31.41518846531286,18.64260003247005,-5.0839969931265925,11.797250910666293,57.2528460123479,128.4098096880118,0.2877446488792833,0.6533876626738706
2005,1,all,random,1000,8,393456,94032,94032,24.681124574950672,14.547671608583588,1.3223887601957574,8.976530028625263,46.75632895572799,99.94850371373806,0.5603710636132742,0.7578698482729093
2005,1,all,spatial_coverage,1000,8,393456,94032,94032,24.930886119371657,14.128468664939186,0.7420233387279642,9.12451436548659,39.41990729114143,108.69629417048816,0.5514283611440547,0.7670844766617576
2005,1,all,historical_density,1000,9,393456,94032,94032,29.88912274031539,18.20349482328427,-1.6478604310793112,11.682177202306493,55.43201384749066,120.13873921404216,0.3552628149313449,0.6938234178922694
2005,1,all,random,1000,9,393456,94032,94032,23.27352293440017,14.243772252015503,0.1470801394549184,9.373270173338852,41.73308391695185,92.0598209679576,0.6090865282600092,0.7823529647367133
2005,1,all,spatial_coverage,1000,9,393456,94032,94032,22.317081708359645,13.93204898815348,-1.0041237615190173,9.264054872113237,40.81341956882287,87.26626744099623,0.6405560412031694,0.8063733546753415
2005,1,all,historical_density,1000,10,393456,94032,94032,29.72663297278786,18.424097420217667,-3.377003696663196,11.752603689755489,57.34705401749925,107.23614387627424,0.3622538817459085,0.6918319568676398
2005,1,all,random,1000,10,393456,94032,94032,24.428093607053952,13.345196805707268,-1.1814025765363465,8.40169063173596,39.42810767711565,92.77352068511094,0.5693390115601102,0.7636810569489806
2005,1,all,spatial_coverage,1000,10,393456,94032,94032,40.8874799950845,18.931573246887748,5.030948267714843,10.920148518940778,57.48323799187126,128.69488753107203,-0.2065270721823906,0.5651600712674592
2005,1,all,historical_density,1000,11,393456,94032,94032,31.49195484596964,19.16041130620258,-2.066772899968247,12.128507047023136,57.26716569855592,120.22192503226547,0.2842594512431738,0.6493708880995349
2005,1,all,random,1000,11,393456,94032,94032,21.31665495788818,13.515555296698416,0.2501711509005607,9.12040142923678,39.09403996253626,77.3950455936395,0.6720599240609348,0.8202578676908538
2005,1,all,spatial_coverage,1000,11,393456,94032,94032,28.283318492866265,16.258037715975654,1.1539212872030609,9.723912729759036,53.72470589061328,109.55369388480538,0.422679326071474,0.7056979337269118
2005,1,all,historical_density,1000,12,393456,94032,94032,34.17352051577921,19.122175967362285,-4.647231924126759,11.148625471262449,65.26102131580939,149.71280576099178,0.1571780744347829,0.6316175733921233
2005,1,all,random,1000,12,393456,94032,94032,21.26305247152645,13.820772129445375,0.491835561174693,9.432254359731443,40.06335698519256,77.78201651947737,0.6737071151713885,0.8210518646068876
2005,1,all,spatial_coverage,1000,12,393456,94032,94032,26.76995630431697,15.973206257360737,2.584887132464099,9.979574141567412,49.48257824227435,111.3479541571102,0.4828081097014084,0.7371664295382389
2005,1,all,historical_density,1000,13,393456,94032,94032,31.633933798810435,19.704964605074192,-0.2187204703348664,12.78919608904272,60.17099451772143,129.69419648819,0.2777911854821225,0.6484886338650886
2005,1,all,random,1000,13,393456,94032,94032,26.57294230996734,14.96340887891929,-0.0082912954768163,9.578925780526705,41.99862333923533,111.9129749196922,0.4903926640765682,0.721665920757065
2005,1,all,spatial_coverage,1000,13,393456,94032,94032,23.07403174871215,14.829099799678533,1.959670422901357,10.134688258776292,43.20945012063464,84.42212434491645,0.6157593099873346,0.7917942991554938
2005,1,all,historical_density,1000,14,393456,94032,94032,29.323085258004365,17.80707639604504,-2.05568232361456,11.442174418137084,53.65116076154212,113.17916152556536,0.3794515316524449,0.6921596062564108
2005,1,all,random,1000,14,393456,94032,94032,31.07143222128881,16.267638209267364,3.181812230975296,9.888093684167188,48.13356701297955,114.7687264111526,0.3032468731552928,0.6574261101903092
2005,1,all,spatial_coverage,1000,14,393456,94032,94032,21.61490918790328,13.931929732106012,0.4354498093573501,9.446881620451336,41.43417722342294,80.93974368637055,0.6628189084217302,0.8169276820845006
2005,1,all,historical_density,1000,15,393456,94032,94032,29.51561936481734,17.800243798087333,-3.982942950089454,11.10451412087818,56.567763941144605,111.84211326240744,0.3712757900074191,0.6851115689645025
2005,1,all,random,1000,15,393456,94032,94032,20.568234619786985,12.916849292945196,-0.6832596826758631,8.819742445531858,36.6387835042256,76.27751430621188,0.6946834002826294,0.833912354056762
2005,1,all,spatial_coverage,1000,15,393456,94032,94032,24.44558295733178,14.643334015697263,2.5507025400219643,9.331542768722612,43.95667442388585,94.87322651050174,0.5687221253414302,0.7731947840530133
2005,1,all,historical_density,1000,16,393456,94032,94032,35.260116435279215,19.433295072175472,-7.215578227939837,11.090486798097032,68.36511745357639,145.70454434811373,0.1027285155286171,0.6141496493615785
2005,1,all,random,1000,16,393456,94032,94032,22.921881844273877,13.624871569394433,-0.3585650916354378,8.820960236221993,40.04797938225115,85.96580578256298,0.6208099604683877,0.790745651563705
2005,1,all,spatial_coverage,1000,16,393456,94032,94032,23.91716641407769,15.00637577414386,0.6605800752122507,9.840770323937647,45.42319045319645,93.551390853784,0.5871656435825601,0.7757412815484042
2005,1,all,historical_density,1000,17,393456,94032,94032,30.675898541996204,18.41357254147521,-3.021738007439202,11.404863844048378,60.605303370452056,119.8751418449392,0.3208730466040703,0.6768914127761948
2005,1,all,random,1000,17,393456,94032,94032,27.562835971618316,15.625698746437669,1.7047805789517132,9.43304414700512,46.96196133850224,121.55402845017169,0.4517177542273897,0.7131166292099222
2005,1,all,spatial_coverage,1000,17,393456,94032,94032,23.55520359658462,14.365569319414895,0.2633251650931559,9.451463175816372,41.75157978333397,89.23254225079312,0.5995667734586582,0.7782985712906693
2005,1,all,historical_density,1000,18,393456,94032,94032,31.50372007511605,18.89876502663392,-1.9921989158583335,12.326376911285706,55.03626771443715,123.5863667583849,0.2837245575155738,0.6472097985523252
2005,1,all,random,1000,18,393456,94032,94032,22.85796005313428,13.487924843822723,0.8240224030754064,8.612349949655965,39.08787411698418,87.86607910823015,0.6229218908897776,0.7928087536921354
2005,1,all,spatial_coverage,1000,18,393456,94032,94032,21.926231400690657,13.866949112440585,1.2459609257679627,9.48123734003198,40.74984350225836,75.99472535419477,0.6530360382080389,0.8104072489599047
2005,1,all,historical_density,1000,19,393456,94032,94032,33.49269497750321,19.219502713635784,-2.639383340116193,11.963075343432678,57.82734161850451,140.09285400822583,0.1904259658405442,0.6299430419332988
2005,1,all,random,1000,19,393456,94032,94032,23.631883103886377,14.09627073771312,-0.1942989647664995,9.075237679000168,41.62932759618393,88.07974827062776,0.5969554608807679,0.7753924529716963
2005,1,all,spatial_coverage,1000,19,393456,94032,94032,22.48214772069167,14.506064475194265,2.092370635997888,9.835739619754833,43.59049627584446,87.5392426203481,0.6352191962538167,0.8012032946943133
2005,1,all,historical_density,5000,0,393456,94032,94032,28.85505236050001,16.169782000141634,-3.826369438506239,9.580356555166048,54.04146684206904,120.85337617653497,0.3991028900658449,0.7189578685280705
2005,1,all,random,5000,0,393456,94032,94032,18.262849332553827,11.266812328550149,0.1800617215882867,7.585633724466902,33.10513052178215,68.18040403661176,0.7592903761297014,0.8717547894739364
2005,1,all,spatial_coverage,5000,0,393456,94032,94032,20.552584669073525,12.257668637921398,1.2249371486395868,8.306954954942455,35.09984301848455,78.49557650781801,0.6951478418851544,0.8369579673890015
2005,1,all,historical_density,5000,1,393456,94032,94032,29.175751383494696,16.52928806180967,-3.0637442501621983,9.944332332384365,55.574503435994544,115.75808108710886,0.3856717584664595,0.7107204322705408
2005,1,all,random,5000,1,393456,94032,94032,17.567730112450413,10.802403808075226,0.2272161648116623,7.356037288431793,31.13521973012653,64.38113198262847,0.7772654014287913,0.8816611091285101
2005,1,all,spatial_coverage,5000,1,393456,94032,94032,23.558316571866094,12.525889915045902,2.182814315173604,8.431188423699183,34.57215011793222,73.07004099895636,0.5994609266889503,0.7959212359163398
2005,1,all,historical_density,5000,2,393456,94032,94032,26.326615341610196,15.17899937731426,-2.976709662911868,9.136408055959151,51.5241298874405,103.86323016474272,0.4997968321886332,0.7525093031868046
2005,1,all,random,5000,2,393456,94032,94032,18.74905316708779,11.277958259925157,-0.1278982069721887,7.5174958427598995,32.73014476877095,70.2779384206291,0.7463031569228196,0.864352811132871
2005,1,all,spatial_coverage,5000,2,393456,94032,94032,21.49587419582579,12.670657407941604,1.0392299398746516,8.513437695531309,35.617031760518444,82.0046174723326,0.6665224476052194,0.8234325688310414
2005,1,all,historical_density,5000,3,393456,94032,94032,30.265851095468975,16.349416407642245,-3.945695072467653,9.163522284388849,58.43400067338985,132.18941494733858,0.3389076008402526,0.7016275184524243
2005,1,all,random,5000,3,393456,94032,94032,19.753925564949675,11.67585254601488,0.3828748370038687,7.677633160123577,34.396204580532014,81.56326338029562,0.7183801857292149,0.8480119056673452
2005,1,all,spatial_coverage,5000,3,393456,94032,94032,22.818275577332265,12.860555588016544,1.7082127460337286,8.645731231530476,35.99090646542053,79.56918972289971,0.6242300703757272,0.8032056147303975
2005,1,all,historical_density,5000,4,393456,94032,94032,28.09018102975966,16.00469124612321,-3.026236500017957,9.667203615324212,53.15908587310971,105.76895180893516,0.4305370705101109,0.7270023601940043
2005,1,all,random,5000,4,393456,94032,94032,19.30152798223993,11.585495430053932,0.1621150567656138,7.601244268154176,33.47287803345201,83.9852249174949,0.7311315996378125,0.8578314764295908
2005,1,all,spatial_coverage,5000,4,393456,94032,94032,19.41408668826115,12.13735169367251,1.17034638362765,8.435497882234586,34.63340679993687,67.88410344822321,0.7279865925224016,0.8541835367790134
2005,1,all,historical_density,5000,5,393456,94032,94032,29.522948439988905,16.397225332965576,-3.5797131858372637,9.330518295069965,54.55124999569423,118.37430255177068,0.3709635120201991,0.7042276065861871
2005,1,all,random,5000,5,393456,94032,94032,19.356138152148315,11.589722867862193,0.5440322833239741,7.725350731568767,33.71507400051004,74.72260696059968,0.7296080186643422,0.8548735176799444
2005,1,all,spatial_coverage,5000,5,393456,94032,94032,19.18274059431688,11.907465401211292,1.0404914488435029,8.179014925279546,34.18361737149433,66.07370245671422,0.7344308095711398,0.8582958076177791
2005,1,all,historical_density,5000,6,393456,94032,94032,27.904205281410174,16.073799515546074,-3.472568812094,9.531987520877976,54.54328230806445,113.8244379656488,0.4380525585147569,0.7379741869186109
2005,1,all,random,5000,6,393456,94032,94032,30.962373766815126,13.615115912385342,3.203387942279581,7.821341748456632,38.15125482047911,147.2828840221947,0.3081293944716224,0.7032217411110029
2005,1,all,spatial_coverage,5000,6,393456,94032,94032,18.169106156861076,11.457074570749617,1.1511999457912032,7.907973038943879,33.15991590710997,63.595290112819335,0.76175515820109,0.8734833024455263
2005,1,all,historical_density,5000,7,393456,94032,94032,29.385262768039155,16.410319607995515,-3.7579263097154247,9.825914501939335,52.50367638706872,130.23176285920556,0.3768170840317015,0.7143466415629108
2005,1,all,random,5000,7,393456,94032,94032,16.96696354911209,10.746287605607248,0.4812649368571857,7.344050083141724,31.49274623810493,62.52204017543709,0.7922387089107827,0.8904916708520882
2005,1,all,spatial_coverage,5000,7,393456,94032,94032,21.468546237224963,11.397728181683023,2.0215885436502967,7.6385912530994915,32.27339715328739,63.95473529077241,0.6673698165249666,0.8265499783153122
2005,1,all,historical_density,5000,8,393456,94032,94032,30.003232057360368,16.682000441410597,-4.421163404645513,9.539698695279156,58.07841092035573,126.69067989822996,0.3503305218309888,0.7015142426069084
2005,1,all,random,5000,8,393456,94032,94032,18.718215203652644,11.532470291441856,0.2992906340129686,7.862566354441895,33.00756197723206,69.61809172156572,0.747137018767394,0.8644855797018299
2005,1,all,spatial_coverage,5000,8,393456,94032,94032,22.61041825803309,12.784461912407872,1.2991355249934913,8.508346950274785,36.09924666951433,86.97175546461031,0.631044852161015,0.8047531610717884
2005,1,all,historical_density,5000,9,393456,94032,94032,28.815971462109943,16.05486860566253,-4.236465905040089,9.27768041211101,53.32810042628957,118.26220694161955,0.4007294818783516,0.7196665327494852
2005,1,all,random,5000,9,393456,94032,94032,18.47943233313023,11.395154401091002,0.8781195245175486,7.6288388812502035,33.30713717977385,69.23714167133848,0.7535472696263694,0.8683916588081417
2005,1,all,spatial_coverage,5000,9,393456,94032,94032,18.776335914147463,11.785294122978971,0.4068838165896452,8.095093537855888,34.415232343831654,70.36883293514644,0.7455642841174885,0.8636448014798561
2005,1,all,historical_density,5000,10,393456,94032,94032,28.53865614661415,16.08919478707681,-3.575420542929204,9.403179115250056,54.80621467595831,111.81867066603576,0.4122083403547553,0.7307358259841813
2005,1,all,random,5000,10,393456,94032,94032,18.08210543904036,11.24714253159333,0.4307057403353044,7.543866266308157,33.31832564453453,72.91072880507578,0.7640313127342022,0.8749916031490381
2005,1,all,spatial_coverage,5000,10,393456,94032,94032,23.2316063172692,13.124789123863884,2.987250550639104,8.754277000570937,37.55195978481035,79.54633737058086,0.6104933642283656,0.7996456964612081
2005,1,all,historical_density,5000,11,393456,94032,94032,28.012029112083237,15.745664625105457,-3.828995253005233,9.586235675518791,51.10985399109183,113.97328831493564,0.4337013584172583,0.7288238143089811
2005,1,all,random,5000,11,393456,94032,94032,19.65119279535773,11.40481942366714,-0.777435502360974,7.52313443519958,33.06180654783022,72.22635239317394,0.7213017672884119,0.8501348504262488
2005,1,all,spatial_coverage,5000,11,393456,94032,94032,20.725194954961054,12.434922379748151,1.1997491502440814,8.286061994018382,36.18180420504184,72.18656581651061,0.6900057553414187,0.8335747172463183
2005,1,all,historical_density,5000,12,393456,94032,94032,30.22902923605916,16.180793085254127,-3.797945441669729,9.301571994658955,56.27023237173763,122.20820552576306,0.3405152109151379,0.6971407675301886
2005,1,all,random,5000,12,393456,94032,94032,22.5150839984518,12.403142640819926,1.1055469680142826,7.776878009709378,35.89309565848441,87.85768691693663,0.634149607828187,0.8059437957308424
2005,1,all,spatial_coverage,5000,12,393456,94032,94032,22.913799508298624,12.305258984504228,1.3867305285730576,8.144617403402606,34.32123873459467,71.96524713766223,0.6210773208011484,0.8042619479660936
2005,1,all,historical_density,5000,13,393456,94032,94032,26.798043897355093,15.333178975104111,-3.318787225393371,9.272415089923271,50.58738913108617,101.54253159535718,0.4817222434402508,0.745889755535637
2005,1,all,random,5000,13,393456,94032,94032,21.389617809125077,11.6494581859873,-0.1201313842295566,7.494465052271067,32.45611273163309,91.34090642932998,0.6698111291572812,0.8241595422051435
2005,1,all,spatial_coverage,5000,13,393456,94032,94032,18.615030027725822,11.893689922968733,1.2000232957970502,8.278450226714824,33.64879568169928,64.4149624303837,0.7499171764837809,0.8666322922562452
2005,1,all,historical_density,5000,14,393456,94032,94032,29.99502260090356,16.609838019619563,-3.7530328933714423,9.32098070245118,58.738037523394055,124.65757250065964,0.3506859971089603,0.7061065911849527
2005,1,all,random,5000,14,393456,94032,94032,26.242833642407373,12.474902152131405,2.2794559881865006,7.564812707724627,35.543491448185755,86.08199066577252,0.5029754548178419,0.7593204740561458
2005,1,all,spatial_coverage,5000,14,393456,94032,94032,17.61416471695522,11.447696779948377,1.47842094502652,7.994960743797009,32.32150055132555,60.86794292342013,0.776086391781529,0.8819302400255408
2005,1,all,historical_density,5000,15,393456,94032,94032,29.141650235827512,16.14635116730645,-3.846656918019389,9.488863890088226,54.72152042657388,119.66376874521788,0.3871069952043636,0.7164403147039112
2005,1,all,random,5000,15,393456,94032,94032,18.599207030305912,11.036387443438183,-0.3153250649295044,7.265624596917604,31.91513410997816,81.14182319810133,0.7503421425559645,0.8665718922543917
2005,1,all,spatial_coverage,5000,15,393456,94032,94032,19.47163705529834,11.989265990995117,1.831183991454008,8.286632065871459,34.49600840087068,67.79764850861157,0.7263715101911357,0.854572675390158
2005,1,all,historical_density,5000,16,393456,94032,94032,29.76255027098812,16.464483961369716,-4.130349672555779,9.684201847616038,56.734264897423,126.05921222594246,0.3607118331916179,0.7147402305763622
2005,1,all,random,5000,16,393456,94032,94032,24.43253834105693,12.466883003271636,2.212916435324255,7.711857258850074,35.92328387694991,93.53016407525092,0.569182278274782,0.7833803924444716
2005,1,all,spatial_coverage,5000,16,393456,94032,94032,20.773932623295615,11.960447091385625,1.6812494187841427,8.213193260759937,32.83300970818032,64.62945314320247,0.6885460671428965,0.8359683786282056
2005,1,all,historical_density,5000,17,393456,94032,94032,28.20617420741921,15.920121120341626,-2.519386605410568,9.713042226500503,51.12587245175217,108.06680172256829,0.4258243779751944,0.7242473594479784
2005,1,all,random,5000,17,393456,94032,94032,23.579702563554918,11.913467947089227,1.4633305235385028,7.543431146687567,34.25471000775908,82.05047069859754,0.598733386306757,0.7916609429940151
2005,1,all,spatial_coverage,5000,17,393456,94032,94032,25.77932390710356,12.79613968302276,2.140970756418181,8.604385682046995,35.03396491720684,68.88890907159669,0.520377632638039,0.7631607383762886
2005,1,all,historical_density,5000,18,393456,94032,94032,29.796150117764466,16.032103652326427,-4.175392253613086,8.913841419710792,54.53589488483692,119.80536485303006,0.3592675947807044,0.7051042468107485
2005,1,all,random,5000,18,393456,94032,94032,17.090103816839587,10.479348025006406,0.583370367720812,7.15163211068969,29.953416786457268,61.87121140149255,0.7892120483080868,0.888514841490295
2005,1,all,spatial_coverage,5000,18,393456,94032,94032,21.84681264071003,12.451722637827752,1.8783627331672368,8.321825640339512,35.210010942047425,80.46371478933499,0.6555449548531296,0.819480664260882
2005,1,all,historical_density,5000,19,393456,94032,94032,28.33835341462146,16.12672353692966,-3.779984931977176,9.516423466427796,56.11480853726042,119.60442018823709,0.4204303883750385,0.730491281979117
2005,1,all,random,5000,19,393456,94032,94032,23.84665536389954,12.55251680428966,0.3555163184513265,7.876696489048157,35.98911990961357,86.81842225762199,0.5895962387719291,0.7856200008857139
2005,1,all,spatial_coverage,5000,19,393456,94032,94032,19.78573022867866,11.929929791577091,1.4956067991402562,8.098026559274473,34.32794769110448,70.30308493006807,0.7174726158492956,0.8495369238832275
2005,1,spco2_le_threshold,historical_density,1000,0,393456,94032,94032,31.358968059447143,18.208551111354502,-2.4327857418890897,11.4284420177041,55.81506671486647,138.1069793500537,0.2902916623641872,0.6651498660778801
2005,1,spco2_le_threshold,random,1000,0,393456,94032,94032,21.58118303083314,13.645945725381075,-0.0081712883463433,9.306394093333807,40.241323547158494,83.21835408395516,0.6638703077610111,0.8152199544626577
2005,1,spco2_le_threshold,spatial_coverage,1000,0,393456,94032,94032,26.31422475378862,14.862457115903212,-0.3330916517045152,9.774807579096574,41.189165909179,96.2104074011993,0.5002675613502074,0.7342117528149984
2005,1,spco2_le_threshold,historical_density,1000,1,393456,94032,94032,29.606655435184507,18.36113195933103,-1.3479771754789394,11.8695179041612,56.57872250099759,107.89923718246592,0.3673914161698454,0.6768457867978355
2005,1,spco2_le_threshold,random,1000,1,393456,94032,94032,24.31319762684192,14.285820014658258,-0.0353286920170943,9.188989494181214,40.596584400126886,108.61472763112371,0.5733806573248006,0.7659869953456748
2005,1,spco2_le_threshold,spatial_coverage,1000,1,393456,94032,94032,34.80445026992648,17.296780808609707,4.037353812545394,10.516756642071698,52.500763352681055,120.3017859403671,0.1257695304103697,0.6237564961332019
2005,1,spco2_le_threshold,historical_density,1000,2,393456,94032,94032,29.36189605200457,17.96049639640606,-0.3657410752619165,11.72415772023666,54.512359911359766,112.2508138635749,0.3778077812198162,0.6922577309210898
2005,1,spco2_le_threshold,random,1000,2,393456,94032,94032,21.927644236753544,13.423140575272168,-0.4153188869872821,9.070805155798467,37.27657322103485,86.37724298040823,0.6529913229095343,0.8109103371992153
2005,1,spco2_le_threshold,spatial_coverage,1000,2,393456,94032,94032,30.81923843850479,15.93944140683042,1.2011732134877628,9.709805078806257,46.26307192993768,127.58797232402128,0.3145114776106202,0.6801355191800292
2005,1,spco2_le_threshold,historical_density,1000,3,393456,94032,94032,30.38404769048257,18.067028322685665,-2.138366107120829,11.32714060530438,57.104568731351854,113.58715939113978,0.3337340177567148,0.66195587596207
2005,1,spco2_le_threshold,random,1000,3,393456,94032,94032,20.900512324786707,13.364178050048366,0.9063463874381974,8.939988034986754,39.80046318593055,76.228483764005,0.6847390023057327,0.8282512198431076
2005,1,spco2_le_threshold,spatial_coverage,1000,3,393456,94032,94032,23.677313927575216,14.78133436331262,-0.0824626997285892,10.010571565188712,43.17499212791272,88.42855598739344,0.5954043152651027,0.7761673767707512
2005,1,spco2_le_threshold,historical_density,1000,4,393456,94032,94032,32.49935082968643,18.87851041368419,-4.255003742085324,12.005785140855949,56.04486757310706,123.27973147436076,0.2377353953861563,0.6535192529964092
2005,1,spco2_le_threshold,random,1000,4,393456,94032,94032,23.33304693826297,14.07361131687523,-0.3754166357318335,9.239626890045486,41.30586717646408,96.57560545623284,0.6070843826504507,0.7840633118570386
2005,1,spco2_le_threshold,spatial_coverage,1000,4,393456,94032,94032,21.988799912695143,13.956883949687748,1.5818732899597971,9.728373360716688,39.77276380991495,76.51875912194653,0.6510530259202276,0.8109582678703153
2005,1,spco2_le_threshold,historical_density,1000,5,393456,94032,94032,29.929699902239268,17.606386879387692,-1.874915823396063,11.222566655186997,52.3698359712602,102.08926015606664,0.353511049665716,0.6832164081208417
2005,1,spco2_le_threshold,random,1000,5,393456,94032,94032,23.464772985449745,14.488949227871936,0.5585236746082145,9.890083448730024,40.761768690504304,93.27231825690816,0.6026354722066136,0.781736312189097
2005,1,spco2_le_threshold,spatial_coverage,1000,5,393456,94032,94032,23.593818812010536,15.040096963576833,1.0589914562247782,10.341031224007937,41.48640846361481,92.61416864452724,0.59825279714563,0.7803318508095178
2005,1,spco2_le_threshold,historical_density,1000,6,393456,94032,94032,32.14883803923156,19.48759396657021,-0.0117570928121586,12.948751668866578,56.8310124413646,119.14882311562508,0.2540891175302038,0.6438932712063544
2005,1,spco2_le_threshold,random,1000,6,393456,94032,94032,59.68957570297474,22.32068586771129,5.633446801079512,9.809074048641833,80.41007450396545,170.043064554477,-1.571303644252656,0.3919328262443207
2005,1,spco2_le_threshold,spatial_coverage,1000,6,393456,94032,94032,25.53111094553283,14.92434513500891,0.1538335250512571,9.835246987487182,41.85994056356912,97.24896814128223,0.529569135642939,0.7471868583082703
2005,1,spco2_le_threshold,historical_density,1000,7,393456,94032,94032,28.21250220000608,17.49908973069051,-2.835700008686339,11.377651038678692,53.035419821790434,103.40690972950138,0.4255667190227057,0.7139690889942413
2005,1,spco2_le_threshold,random,1000,7,393456,94032,94032,23.62724114045392,14.057107402077753,0.4376632736939841,8.946179404087786,42.85224975580999,92.2174108854976,0.5971137837916998,0.778757234863138
2005,1,spco2_le_threshold,spatial_coverage,1000,7,393456,94032,94032,24.39464993778328,15.062232095944724,0.9868078543566404,9.644156282778738,47.00514211039764,92.40502360196656,0.5705174108775886,0.7614254357508757
2005,1,spco2_le_threshold,historical_density,1000,8,393456,94032,94032,31.41518846531286,18.64260003247005,-5.0839969931265925,11.797250910666293,57.2528460123479,128.4098096880118,0.2877446488792833,0.6533876626738706
2005,1,spco2_le_threshold,random,1000,8,393456,94032,94032,24.681124574950672,14.547671608583588,1.3223887601957574,8.976530028625263,46.75632895572799,99.94850371373806,0.5603710636132742,0.7578698482729093
2005,1,spco2_le_threshold,spatial_coverage,1000,8,393456,94032,94032,24.930886119371657,14.128468664939186,0.7420233387279642,9.12451436548659,39.41990729114143,108.69629417048816,0.5514283611440547,0.7670844766617576
2005,1,spco2_le_threshold,historical_density,1000,9,393456,94032,94032,29.88912274031539,18.20349482328427,-1.6478604310793112,11.682177202306493,55.43201384749066,120.13873921404216,0.3552628149313449,0.6938234178922694
2005,1,spco2_le_threshold,random,1000,9,393456,94032,94032,23.27352293440017,14.243772252015503,0.1470801394549184,9.373270173338852,41.73308391695185,92.0598209679576,0.6090865282600092,0.7823529647367133
2005,1,spco2_le_threshold,spatial_coverage,1000,9,393456,94032,94032,22.317081708359645,13.93204898815348,-1.0041237615190173,9.264054872113237,40.81341956882287,87.26626744099623,0.6405560412031694,0.8063733546753415
2005,1,spco2_le_threshold,historical_density,1000,10,393456,94032,94032,29.72663297278786,18.424097420217667,-3.377003696663196,11.752603689755489,57.34705401749925,107.23614387627424,0.3622538817459085,0.6918319568676398
2005,1,spco2_le_threshold,random,1000,10,393456,94032,94032,24.428093607053952,13.345196805707268,-1.1814025765363465,8.40169063173596,39.42810767711565,92.77352068511094,0.5693390115601102,0.7636810569489806
2005,1,spco2_le_threshold,spatial_coverage,1000,10,393456,94032,94032,40.8874799950845,18.931573246887748,5.030948267714843,10.920148518940778,57.48323799187126,128.69488753107203,-0.2065270721823906,0.5651600712674592
2005,1,spco2_le_threshold,historical_density,1000,11,393456,94032,94032,31.49195484596964,19.16041130620258,-2.066772899968247,12.128507047023136,57.26716569855592,120.22192503226547,0.2842594512431738,0.6493708880995349
2005,1,spco2_le_threshold,random,1000,11,393456,94032,94032,21.31665495788818,13.515555296698416,0.2501711509005607,9.12040142923678,39.09403996253626,77.3950455936395,0.6720599240609348,0.8202578676908538
2005,1,spco2_le_threshold,spatial_coverage,1000,11,393456,94032,94032,28.283318492866265,16.258037715975654,1.1539212872030609,9.723912729759036,53.72470589061328,109.55369388480538,0.422679326071474,0.7056979337269118
2005,1,spco2_le_threshold,historical_density,1000,12,393456,94032,94032,34.17352051577921,19.122175967362285,-4.647231924126759,11.148625471262449,65.26102131580939,149.71280576099178,0.1571780744347829,0.6316175733921233
2005,1,spco2_le_threshold,random,1000,12,393456,94032,94032,21.26305247152645,13.820772129445375,0.491835561174693,9.432254359731443,40.06335698519256,77.78201651947737,0.6737071151713885,0.8210518646068876
2005,1,spco2_le_threshold,spatial_coverage,1000,12,393456,94032,94032,26.76995630431697,15.973206257360737,2.584887132464099,9.979574141567412,49.48257824227435,111.3479541571102,0.4828081097014084,0.7371664295382389
2005,1,spco2_le_threshold,historical_density,1000,13,393456,94032,94032,31.633933798810435,19.704964605074192,-0.2187204703348664,12.78919608904272,60.17099451772143,129.69419648819,0.2777911854821225,0.6484886338650886
2005,1,spco2_le_threshold,random,1000,13,393456,94032,94032,26.57294230996734,14.96340887891929,-0.0082912954768163,9.578925780526705,41.99862333923533,111.9129749196922,0.4903926640765682,0.721665920757065
2005,1,spco2_le_threshold,spatial_coverage,1000,13,393456,94032,94032,23.07403174871215,14.829099799678533,1.959670422901357,10.134688258776292,43.20945012063464,84.42212434491645,0.6157593099873346,0.7917942991554938
2005,1,spco2_le_threshold,historical_density,1000,14,393456,94032,94032,29.323085258004365,17.80707639604504,-2.05568232361456,11.442174418137084,53.65116076154212,113.17916152556536,0.3794515316524449,0.6921596062564108
2005,1,spco2_le_threshold,random,1000,14,393456,94032,94032,31.07143222128881,16.267638209267364,3.181812230975296,9.888093684167188,48.13356701297955,114.7687264111526,0.3032468731552928,0.6574261101903092
2005,1,spco2_le_threshold,spatial_coverage,1000,14,393456,94032,94032,21.61490918790328,13.931929732106012,0.4354498093573501,9.446881620451336,41.43417722342294,80.93974368637055,0.6628189084217302,0.8169276820845006
2005,1,spco2_le_threshold,historical_density,1000,15,393456,94032,94032,29.51561936481734,17.800243798087333,-3.982942950089454,11.10451412087818,56.567763941144605,111.84211326240744,0.3712757900074191,0.6851115689645025
2005,1,spco2_le_threshold,random,1000,15,393456,94032,94032,20.568234619786985,12.916849292945196,-0.6832596826758631,8.819742445531858,36.6387835042256,76.27751430621188,0.6946834002826294,0.833912354056762
2005,1,spco2_le_threshold,spatial_coverage,1000,15,393456,94032,94032,24.44558295733178,14.643334015697263,2.5507025400219643,9.331542768722612,43.95667442388585,94.87322651050174,0.5687221253414302,0.7731947840530133
2005,1,spco2_le_threshold,historical_density,1000,16,393456,94032,94032,35.260116435279215,19.433295072175472,-7.215578227939837,11.090486798097032,68.36511745357639,145.70454434811373,0.1027285155286171,0.6141496493615785
2005,1,spco2_le_threshold,random,1000,16,393456,94032,94032,22.921881844273877,13.624871569394433,-0.3585650916354378,8.820960236221993,40.04797938225115,85.96580578256298,0.6208099604683877,0.790745651563705
2005,1,spco2_le_threshold,spatial_coverage,1000,16,393456,94032,94032,23.91716641407769,15.00637577414386,0.6605800752122507,9.840770323937647,45.42319045319645,93.551390853784,0.5871656435825601,0.7757412815484042
2005,1,spco2_le_threshold,historical_density,1000,17,393456,94032,94032,30.675898541996204,18.41357254147521,-3.021738007439202,11.404863844048378,60.605303370452056,119.8751418449392,0.3208730466040703,0.6768914127761948
2005,1,spco2_le_threshold,random,1000,17,393456,94032,94032,27.562835971618316,15.625698746437669,1.7047805789517132,9.43304414700512,46.96196133850224,121.55402845017169,0.4517177542273897,0.7131166292099222
2005,1,spco2_le_threshold,spatial_coverage,1000,17,393456,94032,94032,23.55520359658462,14.365569319414895,0.2633251650931559,9.451463175816372,41.75157978333397,89.23254225079312,0.5995667734586582,0.7782985712906693
2005,1,spco2_le_threshold,historical_density,1000,18,393456,94032,94032,31.50372007511605,18.89876502663392,-1.9921989158583335,12.326376911285706,55.03626771443715,123.5863667583849,0.2837245575155738,0.6472097985523252
2005,1,spco2_le_threshold,random,1000,18,393456,94032,94032,22.85796005313428,13.487924843822723,0.8240224030754064,8.612349949655965,39.08787411698418,87.86607910823015,0.6229218908897776,0.7928087536921354
2005,1,spco2_le_threshold,spatial_coverage,1000,18,393456,94032,94032,21.926231400690657,13.866949112440585,1.2459609257679627,9.48123734003198,40.74984350225836,75.99472535419477,0.6530360382080389,0.8104072489599047
2005,1,spco2_le_threshold,historical_density,1000,19,393456,94032,94032,33.49269497750321,19.219502713635784,-2.639383340116193,11.963075343432678,57.82734161850451,140.09285400822583,0.1904259658405442,0.6299430419332988
2005,1,spco2_le_threshold,random,1000,19,393456,94032,94032,23.631883103886377,14.09627073771312,-0.1942989647664995,9.075237679000168,41.62932759618393,88.07974827062776,0.5969554608807679,0.7753924529716963
2005,1,spco2_le_threshold,spatial_coverage,1000,19,393456,94032,94032,22.48214772069167,14.506064475194265,2.092370635997888,9.835739619754833,43.59049627584446,87.5392426203481,0.6352191962538167,0.8012032946943133
2005,1,spco2_le_threshold,historical_density,5000,0,393456,94032,94032,28.85505236050001,16.169782000141634,-3.826369438506239,9.580356555166048,54.04146684206904,120.85337617653497,0.3991028900658449,0.7189578685280705
2005,1,spco2_le_threshold,random,5000,0,393456,94032,94032,18.262849332553827,11.266812328550149,0.1800617215882867,7.585633724466902,33.10513052178215,68.18040403661176,0.7592903761297014,0.8717547894739364
2005,1,spco2_le_threshold,spatial_coverage,5000,0,393456,94032,94032,20.552584669073525,12.257668637921398,1.2249371486395868,8.306954954942455,35.09984301848455,78.49557650781801,0.6951478418851544,0.8369579673890015
2005,1,spco2_le_threshold,historical_density,5000,1,393456,94032,94032,29.175751383494696,16.52928806180967,-3.0637442501621983,9.944332332384365,55.574503435994544,115.75808108710886,0.3856717584664595,0.7107204322705408
2005,1,spco2_le_threshold,random,5000,1,393456,94032,94032,17.567730112450413,10.802403808075226,0.2272161648116623,7.356037288431793,31.13521973012653,64.38113198262847,0.7772654014287913,0.8816611091285101
2005,1,spco2_le_threshold,spatial_coverage,5000,1,393456,94032,94032,23.558316571866094,12.525889915045902,2.182814315173604,8.431188423699183,34.57215011793222,73.07004099895636,0.5994609266889503,0.7959212359163398
2005,1,spco2_le_threshold,historical_density,5000,2,393456,94032,94032,26.326615341610196,15.17899937731426,-2.976709662911868,9.136408055959151,51.5241298874405,103.86323016474272,0.4997968321886332,0.7525093031868046
2005,1,spco2_le_threshold,random,5000,2,393456,94032,94032,18.74905316708779,11.277958259925157,-0.1278982069721887,7.5174958427598995,32.73014476877095,70.2779384206291,0.7463031569228196,0.864352811132871
2005,1,spco2_le_threshold,spatial_coverage,5000,2,393456,94032,94032,21.49587419582579,12.670657407941604,1.0392299398746516,8.513437695531309,35.617031760518444,82.0046174723326,0.6665224476052194,0.8234325688310414
2005,1,spco2_le_threshold,historical_density,5000,3,393456,94032,94032,30.265851095468975,16.349416407642245,-3.945695072467653,9.163522284388849,58.43400067338985,132.18941494733858,0.3389076008402526,0.7016275184524243
2005,1,spco2_le_threshold,random,5000,3,393456,94032,94032,19.753925564949675,11.67585254601488,0.3828748370038687,7.677633160123577,34.396204580532014,81.56326338029562,0.7183801857292149,0.8480119056673452
2005,1,spco2_le_threshold,spatial_coverage,5000,3,393456,94032,94032,22.818275577332265,12.860555588016544,1.7082127460337286,8.645731231530476,35.99090646542053,79.56918972289971,0.6242300703757272,0.8032056147303975
2005,1,spco2_le_threshold,historical_density,5000,4,393456,94032,94032,28.09018102975966,16.00469124612321,-3.026236500017957,9.667203615324212,53.15908587310971,105.76895180893516,0.4305370705101109,0.7270023601940043
2005,1,spco2_le_threshold,random,5000,4,393456,94032,94032,19.30152798223993,11.585495430053932,0.1621150567656138,7.601244268154176,33.47287803345201,83.9852249174949,0.7311315996378125,0.8578314764295908
2005,1,spco2_le_threshold,spatial_coverage,5000,4,393456,94032,94032,19.41408668826115,12.13735169367251,1.17034638362765,8.435497882234586,34.63340679993687,67.88410344822321,0.7279865925224016,0.8541835367790134
2005,1,spco2_le_threshold,historical_density,5000,5,393456,94032,94032,29.522948439988905,16.397225332965576,-3.5797131858372637,9.330518295069965,54.55124999569423,118.37430255177068,0.3709635120201991,0.7042276065861871
2005,1,spco2_le_threshold,random,5000,5,393456,94032,94032,19.356138152148315,11.589722867862193,0.5440322833239741,7.725350731568767,33.71507400051004,74.72260696059968,0.7296080186643422,0.8548735176799444
2005,1,spco2_le_threshold,spatial_coverage,5000,5,393456,94032,94032,19.18274059431688,11.907465401211292,1.0404914488435029,8.179014925279546,34.18361737149433,66.07370245671422,0.7344308095711398,0.8582958076177791
2005,1,spco2_le_threshold,historical_density,5000,6,393456,94032,94032,27.904205281410174,16.073799515546074,-3.472568812094,9.531987520877976,54.54328230806445,113.8244379656488,0.4380525585147569,0.7379741869186109
2005,1,spco2_le_threshold,random,5000,6,393456,94032,94032,30.962373766815126,13.615115912385342,3.203387942279581,7.821341748456632,38.15125482047911,147.2828840221947,0.3081293944716224,0.7032217411110029
2005,1,spco2_le_threshold,spatial_coverage,5000,6,393456,94032,94032,18.169106156861076,11.457074570749617,1.1511999457912032,7.907973038943879,33.15991590710997,63.595290112819335,0.76175515820109,0.8734833024455263
2005,1,spco2_le_threshold,historical_density,5000,7,393456,94032,94032,29.385262768039155,16.410319607995515,-3.7579263097154247,9.825914501939335,52.50367638706872,130.23176285920556,0.3768170840317015,0.7143466415629108
2005,1,spco2_le_threshold,random,5000,7,393456,94032,94032,16.96696354911209,10.746287605607248,0.4812649368571857,7.344050083141724,31.49274623810493,62.52204017543709,0.7922387089107827,0.8904916708520882
2005,1,spco2_le_threshold,spatial_coverage,5000,7,393456,94032,94032,21.468546237224963,11.397728181683023,2.0215885436502967,7.6385912530994915,32.27339715328739,63.95473529077241,0.6673698165249666,0.8265499783153122
2005,1,spco2_le_threshold,historical_density,5000,8,393456,94032,94032,30.003232057360368,16.682000441410597,-4.421163404645513,9.539698695279156,58.07841092035573,126.69067989822996,0.3503305218309888,0.7015142426069084
2005,1,spco2_le_threshold,random,5000,8,393456,94032,94032,18.718215203652644,11.532470291441856,0.2992906340129686,7.862566354441895,33.00756197723206,69.61809172156572,0.747137018767394,0.8644855797018299
2005,1,spco2_le_threshold,spatial_coverage,5000,8,393456,94032,94032,22.61041825803309,12.784461912407872,1.2991355249934913,8.508346950274785,36.09924666951433,86.97175546461031,0.631044852161015,0.8047531610717884
2005,1,spco2_le_threshold,historical_density,5000,9,393456,94032,94032,28.815971462109943,16.05486860566253,-4.236465905040089,9.27768041211101,53.32810042628957,118.26220694161955,0.4007294818783516,0.7196665327494852
2005,1,spco2_le_threshold,random,5000,9,393456,94032,94032,18.47943233313023,11.395154401091002,0.8781195245175486,7.6288388812502035,33.30713717977385,69.23714167133848,0.7535472696263694,0.8683916588081417
2005,1,spco2_le_threshold,spatial_coverage,5000,9,393456,94032,94032,18.776335914147463,11.785294122978971,0.4068838165896452,8.095093537855888,34.415232343831654,70.36883293514644,0.7455642841174885,0.8636448014798561
2005,1,spco2_le_threshold,historical_density,5000,10,393456,94032,94032,28.53865614661415,16.08919478707681,-3.575420542929204,9.403179115250056,54.80621467595831,111.81867066603576,0.4122083403547553,0.7307358259841813
2005,1,spco2_le_threshold,random,5000,10,393456,94032,94032,18.08210543904036,11.24714253159333,0.4307057403353044,7.543866266308157,33.31832564453453,72.91072880507578,0.7640313127342022,0.8749916031490381
2005,1,spco2_le_threshold,spatial_coverage,5000,10,393456,94032,94032,23.2316063172692,13.124789123863884,2.987250550639104,8.754277000570937,37.55195978481035,79.54633737058086,0.6104933642283656,0.7996456964612081
2005,1,spco2_le_threshold,historical_density,5000,11,393456,94032,94032,28.012029112083237,15.745664625105457,-3.828995253005233,9.586235675518791,51.10985399109183,113.97328831493564,0.4337013584172583,0.7288238143089811
2005,1,spco2_le_threshold,random,5000,11,393456,94032,94032,19.65119279535773,11.40481942366714,-0.777435502360974,7.52313443519958,33.06180654783022,72.22635239317394,0.7213017672884119,0.8501348504262488
2005,1,spco2_le_threshold,spatial_coverage,5000,11,393456,94032,94032,20.725194954961054,12.434922379748151,1.1997491502440814,8.286061994018382,36.18180420504184,72.18656581651061,0.6900057553414187,0.8335747172463183
2005,1,spco2_le_threshold,historical_density,5000,12,393456,94032,94032,30.22902923605916,16.180793085254127,-3.797945441669729,9.301571994658955,56.27023237173763,122.20820552576306,0.3405152109151379,0.6971407675301886
2005,1,spco2_le_threshold,random,5000,12,393456,94032,94032,22.5150839984518,12.403142640819926,1.1055469680142826,7.776878009709378,35.89309565848441,87.85768691693663,0.634149607828187,0.8059437957308424
2005,1,spco2_le_threshold,spatial_coverage,5000,12,393456,94032,94032,22.913799508298624,12.305258984504228,1.3867305285730576,8.144617403402606,34.32123873459467,71.96524713766223,0.6210773208011484,0.8042619479660936
2005,1,spco2_le_threshold,historical_density,5000,13,393456,94032,94032,26.798043897355093,15.333178975104111,-3.318787225393371,9.272415089923271,50.58738913108617,101.54253159535718,0.4817222434402508,0.745889755535637
2005,1,spco2_le_threshold,random,5000,13,393456,94032,94032,21.389617809125077,11.6494581859873,-0.1201313842295566,7.494465052271067,32.45611273163309,91.34090642932998,0.6698111291572812,0.8241595422051435
2005,1,spco2_le_threshold,spatial_coverage,5000,13,393456,94032,94032,18.615030027725822,11.893689922968733,1.2000232957970502,8.278450226714824,33.64879568169928,64.4149624303837,0.7499171764837809,0.8666322922562452
2005,1,spco2_le_threshold,historical_density,5000,14,393456,94032,94032,29.99502260090356,16.609838019619563,-3.7530328933714423,9.32098070245118,58.738037523394055,124.65757250065964,0.3506859971089603,0.7061065911849527
2005,1,spco2_le_threshold,random,5000,14,393456,94032,94032,26.242833642407373,12.474902152131405,2.2794559881865006,7.564812707724627,35.543491448185755,86.08199066577252,0.5029754548178419,0.7593204740561458
2005,1,spco2_le_threshold,spatial_coverage,5000,14,393456,94032,94032,17.61416471695522,11.447696779948377,1.47842094502652,7.994960743797009,32.32150055132555,60.86794292342013,0.776086391781529,0.8819302400255408
2005,1,spco2_le_threshold,historical_density,5000,15,393456,94032,94032,29.141650235827512,16.14635116730645,-3.846656918019389,9.488863890088226,54.72152042657388,119.66376874521788,0.3871069952043636,0.7164403147039112
2005,1,spco2_le_threshold,random,5000,15,393456,94032,94032,18.599207030305912,11.036387443438183,-0.3153250649295044,7.265624596917604,31.91513410997816,81.14182319810133,0.7503421425559645,0.8665718922543917
2005,1,spco2_le_threshold,spatial_coverage,5000,15,393456,94032,94032,19.47163705529834,11.989265990995117,1.831183991454008,8.286632065871459,34.49600840087068,67.79764850861157,0.7263715101911357,0.854572675390158
2005,1,spco2_le_threshold,historical_density,5000,16,393456,94032,94032,29.76255027098812,16.464483961369716,-4.130349672555779,9.684201847616038,56.734264897423,126.05921222594246,0.3607118331916179,0.7147402305763622
2005,1,spco2_le_threshold,random,5000,16,393456,94032,94032,24.43253834105693,12.466883003271636,2.212916435324255,7.711857258850074,35.92328387694991,93.53016407525092,0.569182278274782,0.7833803924444716
2005,1,spco2_le_threshold,spatial_coverage,5000,16,393456,94032,94032,20.773932623295615,11.960447091385625,1.6812494187841427,8.213193260759937,32.83300970818032,64.62945314320247,0.6885460671428965,0.8359683786282056
2005,1,spco2_le_threshold,historical_density,5000,17,393456,94032,94032,28.20617420741921,15.920121120341626,-2.519386605410568,9.713042226500503,51.12587245175217,108.06680172256829,0.4258243779751944,0.7242473594479784
2005,1,spco2_le_threshold,random,5000,17,393456,94032,94032,23.579702563554918,11.913467947089227,1.4633305235385028,7.543431146687567,34.25471000775908,82.05047069859754,0.598733386306757,0.7916609429940151
2005,1,spco2_le_threshold,spatial_coverage,5000,17,393456,94032,94032,25.77932390710356,12.79613968302276,2.140970756418181,8.604385682046995,35.03396491720684,68.88890907159669,0.520377632638039,0.7631607383762886
2005,1,spco2_le_threshold,historical_density,5000,18,393456,94032,94032,29.796150117764466,16.032103652326427,-4.175392253613086,8.913841419710792,54.53589488483692,119.80536485303006,0.3592675947807044,0.7051042468107485
2005,1,spco2_le_threshold,random,5000,18,393456,94032,94032,17.090103816839587,10.479348025006406,0.583370367720812,7.15163211068969,29.953416786457268,61.87121140149255,0.7892120483080868,0.888514841490295
2005,1,spco2_le_threshold,spatial_coverage,5000,18,393456,94032,94032,21.84681264071003,12.451722637827752,1.8783627331672368,8.321825640339512,35.210010942047425,80.46371478933499,0.6555449548531296,0.819480664260882
2005,1,spco2_le_threshold,historical_density,5000,19,393456,94032,94032,28.33835341462146,16.12672353692966,-3.779984931977176,9.516423466427796,56.11480853726042,119.60442018823709,0.4204303883750385,0.730491281979117
2005,1,spco2_le_threshold,random,5000,19,393456,94032,94032,23.84665536389954,12.55251680428966,0.3555163184513265,7.876696489048157,35.98911990961357,86.81842225762199,0.5895962387719291,0.7856200008857139
2005,1,spco2_le_threshold,spatial_coverage,5000,19,393456,94032,94032,19.78573022867866,11.929929791577091,1.4956067991402562,8.098026559274473,34.32794769110448,70.30308493006807,0.7174726158492956,0.8495369238832275
2005,2,all,historical_density,1000,0,389736,97752,97752,44.20622613404264,21.41827492155761,0.8799137623254448,13.828259669889462,56.7700294120699,158.78155569130968,0.2119328828598771,0.5124769588968607
2005,2,all,random,1000,0,389736,97752,97752,58.5467887342583,23.395170763150144,5.858463537454714,11.092554667988992,70.18565001924195,331.83810963042873,-0.382300556953719,0.3434226401957521
2005,2,all,spatial_coverage,1000,0,389736,97752,97752,35.55210514814679,16.34220920901239,-1.1386339533805383,10.850069927319396,45.98204134729745,83.39768018273126,0.4902855237273601,0.7007611558132404
2005,2,all,historical_density,1000,1,389736,97752,97752,43.37616842217199,20.26734857396412,-2.0928496725572496,12.789016368714812,59.34419467612017,156.08545258697586,0.2412500112098016,0.5319646904123438
2005,2,all,random,1000,1,389736,97752,97752,35.732307533080736,15.869550779133965,-0.8756601135426192,10.235692416658368,45.13032619046252,100.47176148990764,0.4851052651937041,0.6970432914688114
2005,2,all,spatial_coverage,1000,1,389736,97752,97752,35.393001174045686,16.807630228208705,1.132612150323694,11.355006272019269,46.55918079530071,94.57691125723672,0.4948374979717364,0.7038398416740057
2005,2,all,historical_density,1000,2,389736,97752,97752,43.31882855115924,21.495401228027585,-2.8357712940986217,13.860779655497907,66.18718449856233,139.50338109360692,0.2432547005083977,0.5632592610352719
2005,2,all,random,1000,2,389736,97752,97752,38.72605785892589,16.35313961813568,-0.0352986532199804,10.112058175566917,41.485400894407896,145.38788228156082,0.3952123632980314,0.6290006125212286
2005,2,all,spatial_coverage,1000,2,389736,97752,97752,39.90977692466006,18.76427060128025,0.9723057447031972,11.267092988284304,52.43919064191645,144.7099909095446,0.3576748526122865,0.6225981467212273
2005,2,all,historical_density,1000,3,389736,97752,97752,47.14223328194945,22.53814244954456,-5.501743851683558,12.854832613492365,77.61055001747135,158.66859643822878,0.1037758758764628,0.5255822265712745
2005,2,all,random,1000,3,389736,97752,97752,37.89382812183092,16.32030584859629,-0.1901307134076234,9.65018597432487,46.77620021807313,147.225677484207,0.4209270392496153,0.6488092169005522
2005,2,all,spatial_coverage,1000,3,389736,97752,97752,36.567023106178326,15.97318701087231,-0.9059344407624011,10.35899193979992,45.10116340267637,95.20157931268696,0.4607681489064301,0.680989421647626
2005,2,all,historical_density,1000,4,389736,97752,97752,43.57860566271387,21.40756536304776,-3.668739864029889,14.02422486065143,65.23917452303016,132.63531573697716,0.234151289279103,0.5507138399417241
2005,2,all,random,1000,4,389736,97752,97752,38.08371524331536,16.79079345294648,-0.7165464587108926,10.455337991959055,49.08227445173442,106.81377103710196,0.4151089941592897,0.6458553858111996
2005,2,all,spatial_coverage,1000,4,389736,97752,97752,36.4921010501291,16.86093102209171,-2.617475753568016,10.510656767557748,50.45547854979028,103.92494406158384,0.4629755460342293,0.6830125819993875
2005,2,all,historical_density,1000,5,389736,97752,97752,42.91707468164128,21.494987792896147,-1.0569612495853675,14.4194397973896,60.4623468297856,141.02430079874202,0.2572262479415874,0.5359549976031497
2005,2,all,random,1000,5,389736,97752,97752,37.72015712468938,15.93987279027459,0.9737810626064864,9.608022043086748,42.19782745195195,135.0643415455916,0.426222768224435,0.6532524068255021
2005,2,all,spatial_coverage,1000,5,389736,97752,97752,36.46966895551815,18.005320478645167,1.554632702869228,11.424251961829953,52.48032813724508,112.69940817272617,0.4636355727484916,0.6822138109679889
2005,2,all,historical_density,1000,6,389736,97752,97752,46.25766586656541,23.162320246301,-2.943609923993648,14.139429542110946,71.59612830159077,167.2246959081292,0.1370934727555383,0.5053708467846004
2005,2,all,random,1000,6,389736,97752,97752,36.04626664825142,15.619000504202356,0.4134892112926301,9.634112437754254,46.03743630279107,110.91734847953438,0.4760173503640902,0.690463382001448
2005,2,all,spatial_coverage,1000,6,389736,97752,97752,38.38394132079085,18.19100478932888,2.2480230319050194,11.185589087662862,55.42186348404669,122.05110007932296,0.4058508802974134,0.6395373063841535
2005,2,all,historical_density,1000,7,389736,97752,97752,41.19260855228296,19.813752890940787,0.3957568611267976,12.815860439106274,58.78122805917869,114.56377342022344,0.3157183178919959,0.588172055539621
2005,2,all,random,1000,7,389736,97752,97752,36.60136520694799,16.00287944029106,-0.4813661142585465,9.956550821771629,46.46304314223739,103.95422222462952,0.4597548287727757,0.6781752276143275
2005,2,all,spatial_coverage,1000,7,389736,97752,97752,36.14696560688051,16.24434277663099,0.2141841297524584,10.596499335425136,45.47128818757413,92.22903966834384,0.473085662086001,0.6880540814092457
2005,2,all,historical_density,1000,8,389736,97752,97752,42.87723488442977,20.31434563936568,-3.2976674368310204,12.91408609113276,60.94703663959748,136.67839541979058,0.2586046373500789,0.5665963542853426
2005,2,all,random,1000,8,389736,97752,97752,37.40367575996351,16.98604639742918,0.6947014567879455,10.40420880210894,48.9700104901135,123.8004823917218,0.4358106397324826,0.6606813189188188
2005,2,all,spatial_coverage,1000,8,389736,97752,97752,35.253560185088006,16.72134036168756,-0.2337707581475699,10.862908557125849,48.58374929336343,101.33621723886888,0.4988101251255534,0.7067402245025576
2005,2,all,historical_density,1000,9,389736,97752,97752,42.96981787862129,20.29137337898148,-2.6398455638416465,12.088056991724612,64.01367160440233,134.36838591877574,0.2553994535685434,0.552623566445106
2005,2,all,random,1000,9,389736,97752,97752,37.94491536219445,16.047259318354147,-0.3383502208724488,9.649729113179376,44.59658991675338,127.0930374627694,0.4193646116677541,0.6476717595394781
2005,2,all,spatial_coverage,1000,9,389736,97752,97752,36.118707715300864,16.469965099421007,-2.252580457300282,11.028151069043416,47.30140197471083,86.20326655223549,0.4739091706739936,0.6912281441670757
2005,2,all,historical_density,1000,10,389736,97752,97752,47.06797118158531,22.797939972783,-5.129419367953399,13.59363087588818,77.36188756543497,159.42901305475277,0.106597255329418,0.5011238582881924
2005,2,all,random,1000,10,389736,97752,97752,55.829941229115896,22.583214703367616,6.723200432802842,10.634093542022017,69.31011531965146,297.3663537264573,-0.2569866521375969,0.3757445933362454
2005,2,all,spatial_coverage,1000,10,389736,97752,97752,36.32020778912176,16.00833105245282,-2.1663877016471305,10.44705757810027,45.212666908285456,96.5135550653223,0.4680228560157914,0.6871062891654713
2005,2,all,historical_density,1000,11,389736,97752,97752,47.37822853540837,22.896133018402832,-5.45140255252854,14.00607438583154,74.91466877491075,161.34736592716118,0.0947803733961273,0.512693560911466
2005,2,all,random,1000,11,389736,97752,97752,38.06885216141465,16.386661854248004,0.8951807868910561,9.876250480978086,46.56570928507074,136.89045614881869,0.4155654405162875,0.6454511771552174
2005,2,all,spatial_coverage,1000,11,389736,97752,97752,35.92441763687834,17.000357236056608,-0.3977680657506688,10.752385169564974,52.05590114420068,101.13357690406863,0.4795538528392907,0.6925773735396257
2005,2,all,historical_density,1000,12,389736,97752,97752,45.75242529926671,22.92421673146817,-2.0799711547083333,14.563242800969562,71.02894376183804,153.51308766428204,0.1558403959337597,0.5062666754111496
2005,2,all,random,1000,12,389736,97752,97752,36.94366023071052,16.660076081394074,-0.5962205508940438,10.646638102262358,47.70622053673017,106.35592614825708,0.449602861416946,0.6706449619666048
2005,2,all,spatial_coverage,1000,12,389736,97752,97752,35.59987279630727,16.234689684854136,-0.3856540222603207,10.828356781697297,43.03897093976348,92.80467721624524,0.4889149034222049,0.7003313620483762
2005,2,all,historical_density,1000,13,389736,97752,97752,48.9546920630588,24.21994990815957,-1.6877344413666486,13.948983652841036,85.86650590480538,188.0136142257968,0.0335375816863141,0.4647259595280393
2005,2,all,random,1000,13,389736,97752,97752,38.21328713761601,16.701764660881828,1.8435296284144256,10.304753428002812,45.970904646717216,133.6502203601815,0.4111222845031276,0.642312926974484
2005,2,all,spatial_coverage,1000,13,389736,97752,97752,36.524119485645166,17.222445372236127,-1.3163023943585637,11.440281401144375,49.867339230284735,96.17698041701212,0.462032754266977,0.6814684332074181
2005,2,all,historical_density,1000,14,389736,97752,97752,45.2134246721985,21.62645075584837,-3.782839523136319,13.288775383449432,64.91831950641696,149.65122653447443,0.1756130048680514,0.5272771651505902
2005,2,all,random,1000,14,389736,97752,97752,34.9937467733455,15.41253418369733,0.3343556034294614,9.932049792569046,42.8086683429613,98.16935589178011,0.5061702904573098,0.7115710105772421
2005,2,all,spatial_coverage,1000,14,389736,97752,97752,38.21465712697277,18.570089304754656,2.465270990706788,11.737743879402244,54.772072694215865,126.79787930240867,0.4110800598883586,0.654657358207317
2005,2,all,historical_density,1000,15,389736,97752,97752,50.99412582073622,23.96246892034828,-5.780821019604364,13.365604303623456,81.37908411673403,193.0885157659932,-0.048664646598193,0.4734365673653141
2005,2,all,random,1000,15,389736,97752,97752,37.17305602062218,16.581386638192793,-0.5330973296163009,10.276753426864303,47.694301330682,113.75193962557036,0.4427464331410963,0.6655211924604169
2005,2,all,spatial_coverage,1000,15,389736,97752,97752,34.7739136082798,14.831430560572622,-0.9345924402834462,9.657438783605327,42.18483238874382,84.4231637303979,0.5123553473208242,0.7162639797546718
2005,2,all,historical_density,1000,16,389736,97752,97752,45.024171887714665,22.00457618857014,-3.1822609031863958,13.45451442600475,70.38528078921384,162.59333811971604,0.1824999420579852,0.5161959174309029
2005,2,all,random,1000,16,389736,97752,97752,36.41006075189861,16.49762417408884,-0.6494421046085169,10.41287163185774,46.97758668858389,109.2975142870577,0.4653874719384271,0.6831672090997509
2005,2,all,spatial_coverage,1000,16,389736,97752,97752,41.04336893911525,18.82031389289929,1.692698609149509,10.787283386285026,56.15832745404813,165.19773627954137,0.3206676010149853,0.5968817895119001
2005,2,all,historical_density,1000,17,389736,97752,97752,44.62260115554911,21.472457330303403,-2.524515458716675,13.1047290862916,71.86219625878913,143.51380227843242,0.197017482288455,0.5227085139387156
2005,2,all,random,1000,17,389736,97752,97752,36.59886253709484,15.815528993566907,-0.2930937968452033,9.4868319980759,50.057928492423656,104.28833212046658,0.4598287062946306,0.6781758784108252
2005,2,all,spatial_coverage,1000,17,389736,97752,97752,37.259954202155,18.06015755260416,1.1095255105871336,11.671265595068036,52.454551539176464,112.1519721694942,0.4401380427238034,0.6655453960768535
2005,2,all,historical_density,1000,18,389736,97752,97752,47.65258425827143,23.211522335351532,-4.413537438131313,13.693177245184756,83.24506306027173,162.55634682060986,0.0842662083013755,0.4867716523649145
2005,2,all,random,1000,18,389736,97752,97752,38.813943504774016,17.174656383204404,0.1425042946934218,10.379566229469646,48.956298209735245,140.03943756421475,0.3924642155524301,0.6283624946809071
2005,2,all,spatial_coverage,1000,18,389736,97752,97752,35.65780352202093,16.28566973729183,-1.138616644858537,10.227323673122186,46.94978347101728,105.6401450281802,0.4872501997032313,0.6999715955317929
2005,2,all,historical_density,1000,19,389736,97752,97752,45.77939691398406,21.73964613608694,-3.273445635317056,12.79897191775484,72.86775522444722,171.7816655624449,0.1548448177294723,0.5068529511917667
2005,2,all,random,1000,19,389736,97752,97752,38.22372042771359,16.119491245860356,0.5620498509653737,9.15359424462244,47.18361471548128,134.75019335462184,0.4108006806197557,0.6410376284539795
2005,2,all,spatial_coverage,1000,19,389736,97752,97752,37.84191637812251,18.4016713328099,0.0753276922003171,11.836128591391288,54.43563186103646,115.83328518828368,0.4225125268161185,0.6506868388446351
2005,2,all,historical_density,5000,0,389736,97752,97752,41.79904990737493,18.833033588148165,-5.564484592785844,10.909076556029987,63.819510095146086,137.01490948398407,0.2954218915271706,0.6016718106417085
2005,2,all,random,5000,0,389736,97752,97752,33.59133631078844,13.676398714826158,0.614716304130988,8.346390669256579,36.4052191938213,105.71043509135988,0.5449586253687477,0.7384488860833557
2005,2,all,spatial_coverage,5000,0,389736,97752,97752,30.841023280865446,13.045778812007814,-0.7041360157508187,8.618199431046492,35.19923242255069,74.1282787142162,0.6164218299304631,0.7852784720178062
2005,2,all,historical_density,5000,1,389736,97752,97752,43.25136952309931,19.486268312719123,-5.632955939364937,10.783474808641811,72.86374201229155,154.8915280816806,0.2456097759051554,0.576932324296894
2005,2,all,random,5000,1,389736,97752,97752,32.39273847984117,12.797159840276432,-0.4200868310564753,8.480769259559139,33.15267353731014,76.99062172736879,0.5768526219668267,0.7609335041881818
2005,2,all,spatial_coverage,5000,1,389736,97752,97752,34.17110379348102,14.154831473028096,-0.0530704322137001,8.958220180403288,36.93162516341568,100.71822385864571,0.5291155599849626,0.7295533152144357
2005,2,all,historical_density,5000,2,389736,97752,97752,39.53259084608516,17.46878398647523,-4.707473687004515,10.99354736840121,52.93666118097128,113.06998877260786,0.3697586701667598,0.6369991938351769
2005,2,all,random,5000,2,389736,97752,97752,33.80579173729827,13.246010447895827,-0.4228216982783476,8.477086255178165,36.0748712063393,80.68763135927259,0.5391298844050636,0.7343542258486171
2005,2,all,spatial_coverage,5000,2,389736,97752,97752,32.965796500131134,14.173050826308456,-0.6925036584534647,9.071760711543275,40.05983602377445,82.13896103569203,0.5617484393229495,0.7511417235849281
2005,2,all,historical_density,5000,3,389736,97752,97752,42.6326598950999,18.867365393707747,-6.278496970063395,10.68972385409927,64.32878734959172,141.4915707081923,0.2670384653529636,0.5937253365262858
2005,2,all,random,5000,3,389736,97752,97752,32.98672733484444,13.841071796243227,0.8938962559436976,8.76334974214734,37.8418067011025,99.19674034862952,0.5611917482047892,0.7496489218182203
2005,2,all,spatial_coverage,5000,3,389736,97752,97752,31.46904799823721,13.403116868396928,-0.5951115365139117,8.840923854261462,36.74513360381053,77.14803260538085,0.6006409465873848,0.7752194597081863
2005,2,all,historical_density,5000,4,389736,97752,97752,42.307777006743365,19.033623853634317,-5.9988549084612615,11.091043635334302,63.587518987133045,137.51351462696508,0.2781669915552267,0.594142944945975
2005,2,all,random,5000,4,389736,97752,97752,33.25587414478208,12.831230827330277,-0.8442907895717484,8.157239312423371,35.03265366750553,76.39919109362555,0.5540018466989822,0.7452941928230159
2005,2,all,spatial_coverage,5000,4,389736,97752,97752,31.6796518773399,14.085296595830291,-1.4731486851255358,9.100051744650614,39.613287774344485,86.44752492252876,0.5952777081593905,0.7721220642274903
2005,2,all,historical_density,5000,5,389736,97752,97752,41.10571612873247,18.731358938232887,-5.308989747231898,11.337891968588991,62.46900840398547,131.92985359358437,0.318602145064457,0.6088553149850566
2005,2,all,random,5000,5,389736,97752,97752,32.96954457152332,14.299148774618368,1.01577651735873,8.837395036463334,40.74001890905199,99.22548229876504,0.5616487789664721,0.7503508709702392
2005,2,all,spatial_coverage,5000,5,389736,97752,97752,31.724884720287506,13.704757138684874,-0.0245907272147519,8.779744621676429,36.28793557320717,88.74027628969942,0.5941211418372285,0.7733506402836418
2005,2,all,historical_density,5000,6,389736,97752,97752,44.694376737082514,20.134475842028536,-6.082044059075217,11.065233058170463,75.51546785760205,157.76250299790297,0.1944322053957993,0.5522927432755146
2005,2,all,random,5000,6,389736,97752,97752,33.2721895263903,13.144355008333056,-0.681214135749469,8.464277424229778,35.95281605283145,77.5823920886479,0.5535641246292642,0.7442307206449849
2005,2,all,spatial_coverage,5000,6,389736,97752,97752,32.28803677731557,14.19332298268717,-0.0891441853409041,9.418940882589569,38.95283699991807,79.55773212975781,0.5795836445095655,0.7614642414695725
2005,2,all,historical_density,5000,7,389736,97752,97752,40.41670015723008,17.723637151225777,-4.280178842023283,10.676933279318916,55.00492829265077,131.40345862894745,0.3412539418658459,0.6168418869917615
2005,2,all,random,5000,7,389736,97752,97752,43.04035656283135,16.15137842267691,2.4273574359178665,8.824485362405056,39.02449598685495,202.1693148876817,0.2529527942131875,0.5731663025890575
2005,2,all,spatial_coverage,5000,7,389736,97752,97752,32.66498000486523,14.334807875380536,-0.713958793462731,9.254167489849806,40.9633550439223,89.90743822140514,0.5697101339175186,0.7555652956410059
2005,2,all,historical_density,5000,8,389736,97752,97752,41.6834151284095,18.37091824227057,-5.145673408279206,11.011206977081628,60.03699406307363,135.33263913067103,0.2993148526212358,0.6011954029216728
2005,2,all,random,5000,8,389736,97752,97752,34.2210391966679,13.96175767278674,0.5602320321264108,8.782430299196164,36.90521318134867,108.25600296172904,0.5277383153239628,0.7278137663463184
2005,2,all,spatial_coverage,5000,8,389736,97752,97752,31.55215200326669,14.07897164914583,0.4107357206074983,9.178653508760108,37.27190101925408,89.02373835692799,0.5985288929306303,0.7737767290227436
2005,2,all,historical_density,5000,9,389736,97752,97752,41.0664817135749,18.58144590067462,-5.122460259512732,11.13448786693769,60.89284095742147,129.8862468655229,0.3199022799482526,0.611541124670925
2005,2,all,random,5000,9,389736,97752,97752,34.2207784643333,13.562210524159626,-1.2121288391402154,8.406005099409782,38.079545381348574,91.39790449810992,0.5277455116818408,0.7269523238627543
2005,2,all,spatial_coverage,5000,9,389736,97752,97752,31.741012961137773,13.835343576051647,-0.3958847949295349,9.021002749832832,38.86364073092978,79.12822779383394,0.5937083569846666,0.7705657436334132
2005,2,all,historical_density,5000,10,389736,97752,97752,41.02414200892719,17.96725143902248,-4.738760160354155,11.149285520007254,52.38643660875051,134.72521933304057,0.3213039238898786,0.6132176568751282
2005,2,all,random,5000,10,389736,97752,97752,48.06073267846364,16.51759406389321,2.624081577338851,8.453699216528236,39.78102642965547,198.31999402175785,0.0685123544803144,0.5003640087038854
2005,2,all,spatial_coverage,5000,10,389736,97752,97752,32.011390733047065,14.036164368373155,-0.3844821398671644,9.240717782727955,38.90023575836409,83.21626261091126,0.5867570915350622,0.7661064666356294
2005,2,all,historical_density,5000,11,389736,97752,97752,43.6633113948556,19.67118064071488,-7.229739030757828,11.20567247873396,69.69010171498982,152.01166362515102,0.2311711653451192,0.5793262774876146
2005,2,all,random,5000,11,389736,97752,97752,33.08151665729104,12.94586633080688,-0.9326121834129916,8.50001810063253,35.29451117791551,73.48987104580793,0.5586662416063957,0.7482141738435895
2005,2,all,spatial_coverage,5000,11,389736,97752,97752,31.744460888863355,13.971462585211771,-0.970105041169685,9.202833939604377,38.14280262847834,82.00350717923844,0.5936200837901026,0.7707529927379023
2005,2,all,historical_density,5000,12,389736,97752,97752,44.74592818286826,20.68097142622305,-5.454904719510735,11.559472353874725,76.86284585516015,165.03983937700053,0.1925728155901944,0.5498648620002528
2005,2,all,random,5000,12,389736,97752,97752,34.043850715633745,13.320160718818313,-0.851098711382127,8.337656448407756,37.17924246697247,80.52573090058671,0.5326161738919748,0.7301029542882107
2005,2,all,spatial_coverage,5000,12,389736,97752,97752,32.46972233786485,14.354926481700303,-0.2940503983550755,9.276528315559034,40.54902956868021,84.75666065048405,0.5748389467835828,0.7613693033686669
2005,2,all,historical_density,5000,13,389736,97752,97752,43.583586024788026,19.800874874080527,-5.561458518028934,11.485200593246589,68.33277794491971,148.8745595456699,0.2339762298999546,0.5709507398102258
2005,2,all,random,5000,13,389736,97752,97752,34.862467968671936,14.304211019503684,0.8939843769193792,8.782032313666093,40.18654842821683,105.64570721911932,0.5098685380854274,0.7144456385436351
2005,2,all,spatial_coverage,5000,13,389736,97752,97752,31.232614291596512,13.32549127545277,-0.56474090067518,8.91921968916381,36.01650091714247,74.38494110779394,0.6066193438453248,0.7791204088628108
2005,2,all,historical_density,5000,14,389736,97752,97752,43.027153653987824,19.038604452928137,-5.452799533175859,11.164498587481177,60.90655995893584,147.4366710163421,0.2534110470785271,0.582220648026393
2005,2,all,random,5000,14,389736,97752,97752,33.090478991485746,12.989662870739942,-0.7737777375230687,8.286880400978731,34.53021008822638,78.56582181359002,0.5584270798736142,0.7475356420193274
2005,2,all,spatial_coverage,5000,14,389736,97752,97752,36.35594456992136,14.445367018939688,0.9617895787746696,8.717187581165007,37.40052704103357,106.9418126490555,0.4669754774557028,0.6998401693920852
2005,2,all,historical_density,5000,15,389736,97752,97752,42.31797614751311,18.91475149300155,-6.409643324305099,11.126021521127797,60.73817669190597,139.80130053698227,0.2778189248698736,0.5966060619722451
2005,2,all,random,5000,15,389736,97752,97752,33.21698591472018,13.53525604796276,-0.4567850517282779,8.655472889913739,37.79813342283006,82.11362037238578,0.5550443054203804,0.7453938905237294
2005,2,all,spatial_coverage,5000,15,389736,97752,97752,31.68728203462067,13.545995667028528,-1.0087020593090694,8.890600964906781,36.3145675229208,77.1493242233784,0.5950827270628142,0.7716893234131776
2005,2,all,historical_density,5000,16,389736,97752,97752,41.37055024535239,18.36025652104551,-5.230493390651337,10.913977351356351,58.812909507716746,136.30255484764425,0.3097937000323942,0.6066056838625692
2005,2,all,random,5000,16,389736,97752,97752,32.15390487909395,13.16467880126086,-0.2206250827675977,8.506427584311979,35.78729716171009,81.71856707301825,0.5830694007432892,0.7651007456753794
2005,2,all,spatial_coverage,5000,16,389736,97752,97752,31.385301237064105,14.021171245270155,-0.0640865502906487,9.097914061929288,37.77086820229176,87.84940048538935,0.602763700641461,0.7764285717241135
2005,2,all,historical_density,5000,17,389736,97752,97752,40.8925882944537,18.368698126171257,-4.632533136944238,11.085820487104286,58.44774875420994,132.82120666864623,0.325649747037809,0.6067369370949212
2005,2,all,random,5000,17,389736,97752,97752,33.00203753305718,13.58088468072077,-0.1405279599192595,8.4549425422274,36.79961513516716,97.25018218438976,0.5607843237082759,0.7501504149023726
2005,2,all,spatial_coverage,5000,17,389736,97752,97752,32.74219330486971,14.657815475290684,-0.5594303585922965,9.274958054104276,40.30351109325048,98.20923374586977,0.5676734960266177,0.7575416566018581
2005,2,all,historical_density,5000,18,389736,97752,97752,40.57279398922979,18.32000224376828,-5.056698520394358,10.838724857369328,60.27972910320776,131.49858395223464,0.3361558136523257,0.6150863083496751
2005,2,all,random,5000,18,389736,97752,97752,32.692546949321155,13.005842199085556,-0.0829741696043351,8.438777068433723,34.71160114794177,79.56473393560137,0.568983558723599,0.7554659436242293
2005,2,all,spatial_coverage,5000,18,389736,97752,97752,32.391324897508646,14.140809388104485,-0.1989903276124883,9.114433087292468,40.53808824861368,84.57112936939194,0.5768895525033815,0.759636357399814
2005,2,all,historical_density,5000,19,389736,97752,97752,41.668507911570096,18.84754255363668,-5.7881600245721465,11.214478618530563,61.0737280850634,136.6549707239135,0.2998159342926241,0.6016841378464071
2005,2,all,random,5000,19,389736,97752,97752,37.66434305289426,14.769250673870578,1.1710270154852649,8.396528092339963,37.14092283362622,157.73593510806754,0.4279195347628761,0.6576491998576589
2005,2,all,spatial_coverage,5000,19,389736,97752,97752,32.58332172734329,14.33619560533552,-0.0994483895403805,8.970110886378365,41.256679508492965,90.7707595980386,0.571858784284162,0.7571655466498116
2005,2,spco2_le_threshold,historical_density,1000,0,389736,97752,97722,36.183881533688464,21.032823764851003,1.2722103137283978,13.82457575161763,56.59387696397344,154.104187959554,0.3141118535328604,0.6070913756142405
2005,2,spco2_le_threshold,random,1000,0,389736,97752,97722,55.62037550383492,23.14862594259252,6.113989027964022,11.085268524506516,69.86319907879017,324.7342374893323,-0.6206559380857062,0.3313148922709055
2005,2,spco2_le_threshold,spatial_coverage,1000,0,389736,97752,97722,26.06078188877333,15.974874469772736,-0.7666318182866337,10.846173683251465,45.911951448596334,82.43761395297645,0.6442066105735555,0.8029371226247344
2005,2,spco2_le_threshold,historical_density,1000,1,389736,97752,97722,34.9065170257651,19.873845290290472,-1.69376693935287,12.785488693372317,59.170782737853855,154.06114946963262,0.3616835660510213,0.6344218267493877
2005,2,spco2_le_threshold,random,1000,1,389736,97752,97722,26.36079616113017,15.503082470707978,-0.5045887810282244,10.232242481555376,44.96208598491584,99.34802134212627,0.6359676011858011,0.7980455555994657
2005,2,spco2_le_threshold,spatial_coverage,1000,1,389736,97752,97722,26.393026238663964,16.45140005682085,1.494349856057506,11.352957456150278,46.42739945849787,93.35669839780824,0.6350768871931491,0.7976539005612783
2005,2,spco2_le_threshold,historical_density,1000,2,389736,97752,97722,35.20469402238442,21.10856256752473,-2.443204252084771,13.85266411601063,65.91398581530629,137.83587015565328,0.3507317889382918,0.6595839626112616
2005,2,spco2_le_threshold,random,1000,2,389736,97752,97722,30.470557710326094,15.99188596894978,0.3309644639357471,10.109707895864544,41.36677649070283,141.10308696228662,0.5136109397559847,0.7170907884246532
2005,2,spco2_le_threshold,spatial_coverage,1000,2,389736,97752,97722,34.71240809760947,18.483891037752485,1.258744305083053,11.26171034855929,52.30068208965399,142.5726360385731,0.3687629557069846,0.6539445446149639
2005,2,spco2_le_threshold,historical_density,1000,3,389736,97752,97722,39.26426436916968,22.136765451427824,-5.0951367932125935,12.851135573092677,77.28521412424472,157.01955863521044,0.1923598103217443,0.6247224742526511
2005,2,spco2_le_threshold,random,1000,3,389736,97752,97722,29.733325955016912,15.966511172711812,0.1686158182929031,9.645242012698075,46.613257835217176,144.4761399093222,0.5368624696250797,0.7327242251587128
2005,2,spco2_le_threshold,spatial_coverage,1000,3,389736,97752,97722,26.83458780227457,15.594336185999529,-0.5224580701874892,10.35472474052554,44.94542392757709,94.08371897445411,0.6227642451595244,0.7904640632268453
2005,2,spco2_le_threshold,historical_density,1000,4,389736,97752,97722,35.15022891524577,21.01121272649636,-3.266941526766571,14.02153730185347,64.94028387548133,131.33615457452396,0.3527391978400357,0.653106884113882
2005,2,spco2_le_threshold,random,1000,4,389736,97752,97722,28.6672857876298,16.407695272103865,-0.3285135916172124,10.451987452059967,48.96381245261402,105.40201274818936,0.5694772123385653,0.7552309348335351
2005,2,spco2_le_threshold,spatial_coverage,1000,4,389736,97752,97722,27.64862081033792,16.501024033247553,-2.2531961192800978,10.5062027842134,50.316963587572,102.4302556320308,0.5995300473168184,0.7767198643446849
2005,2,spco2_le_threshold,historical_density,1000,5,389736,97752,97722,34.38199852992097,21.102794048963336,-0.6584931682843169,14.413922596949902,60.28107017778842,139.11918206722538,0.3807226064722783,0.6392333145815843
2005,2,spco2_le_threshold,random,1000,5,389736,97752,97722,29.32007716863244,15.580585372940508,1.3382608584795512,9.603887774734003,42.08678158587493,130.4386826128782,0.5496468448464173,0.7420907074682116
2005,2,spco2_le_threshold,spatial_coverage,1000,5,389736,97752,97722,28.9225379781906,17.672091882375156,1.893866073861875,11.42053526718891,52.305495688512224,110.95951953042956,0.5617763702294782,0.7528222615108108
2005,2,spco2_le_threshold,historical_density,1000,6,389736,97752,97722,38.63079714556516,22.77426517180176,-2.549347840738251,14.135464827536763,71.35168042174301,165.45854628248242,0.2182096030537581,0.5959517874668997
2005,2,spco2_le_threshold,random,1000,6,389736,97752,97722,26.800294465892275,15.253992759869222,0.7834188226717178,9.631014541439782,45.922720283924754,109.39391163192882,0.6237278080435888,0.7906479486516641
2005,2,spco2_le_threshold,spatial_coverage,1000,6,389736,97752,97722,30.1005512273216,17.832092955886914,2.613209510100843,11.180027693633122,55.267594250301606,120.9140842383227,0.5253517440817153,0.7283072846754579
2005,2,spco2_le_threshold,historical_density,1000,7,389736,97752,97722,32.16106389225146,19.42017541702431,0.7955385192859431,12.811010878312716,58.66457302950818,113.31047659012354,0.4581441014430787,0.6979137007455998
2005,2,spco2_le_threshold,random,1000,7,389736,97752,97722,27.221205924244792,15.630589687213346,-0.1043113604667548,9.9528937593349,46.29826635939772,102.66526798295912,0.6118159260494658,0.7821904197797562
2005,2,spco2_le_threshold,spatial_coverage,1000,7,389736,97752,97722,26.51531796990624,15.871580230767876,0.5919993332278963,10.593905129514296,45.3498558607222,91.0453641904728,0.6316873199403474,0.7949557938513512
2005,2,spco2_le_threshold,historical_density,1000,8,389736,97752,97722,34.193836974718224,19.91618805873419,-2.8942858498746946,12.909604492905771,60.76055791222628,134.525649993917,0.387482268668684,0.6727331382413477
2005,2,spco2_le_threshold,random,1000,8,389736,97752,97722,29.01975104450621,16.63040463305007,1.0557710924307115,10.39940037765632,48.85336599571468,121.26344899485898,0.5588255464011889,0.7482198468135081
2005,2,spco2_le_threshold,spatial_coverage,1000,8,389736,97752,97722,27.13096464800888,16.38104327228626,0.1115879047797107,10.859114105101495,48.47274447417147,100.19960342361718,0.6143854052877136,0.7838774679738598
2005,2,spco2_le_threshold,historical_density,1000,9,389736,97752,97722,34.327222436511576,19.89563042379265,-2.2386837077456043,12.08448955278601,63.738900901970005,132.94213772781956,0.3826942530608628,0.6579301534857881
2005,2,spco2_le_threshold,random,1000,9,389736,97752,97722,28.708802409206093,15.6703275043535,0.0434041230899742,9.644844465303834,44.46890197146732,124.26352283696438,0.5682293234069778,0.7542538965899238
2005,2,spco2_le_threshold,spatial_coverage,1000,9,389736,97752,97722,26.47421508627662,16.095786737634885,-1.8740374535782225,11.02225087397224,47.19172284088596,85.18123899371525,0.6328283192344274,0.7976159358118876
2005,2,spco2_le_threshold,historical_density,1000,10,389736,97752,97722,39.11068149378936,22.395204721673377,-4.721259999263856,13.58717798410072,77.0603125489212,157.64172131668093,0.1986656516678145,0.5999912196396755
2005,2,spco2_le_threshold,random,1000,10,389736,97752,97722,53.49949867966843,22.352632328461134,6.958053861582267,10.62971036841489,69.05859901974988,288.85579949582086,-0.4994169522947826,0.3417354746411207
2005,2,spco2_le_threshold,spatial_coverage,1000,10,389736,97752,97722,26.79115422609616,15.634603741673574,-1.7884110068957582,10.443637298536714,45.06692224224564,95.48161299206306,0.6239844195218581,0.792225159027168
2005,2,spco2_le_threshold,historical_density,1000,11,389736,97752,97722,39.37388670768704,22.48868023749736,-5.038594356118099,14.000897881583684,74.53007225525454,159.59602137416232,0.1878437956100115,0.6138819838402614
2005,2,spco2_le_threshold,random,1000,11,389736,97752,97722,29.697207905462285,16.02549382519858,1.2616542259733707,9.87219143790071,46.401797243956885,132.93585088735713,0.5379869630302322,0.7346355433676711
2005,2,spco2_le_threshold,spatial_coverage,1000,11,389736,97752,97722,27.373157593369207,16.65011204088618,-0.0424259868170232,10.747641367392871,51.84444629807513,100.25245925642989,0.6074700606229528,0.7795960536974033
2005,2,spco2_le_threshold,historical_density,1000,12,389736,97752,97722,37.81520856272246,22.531178428164253,-1.6805338075115075,14.55869814630634,70.65456259395354,152.24772876451408,0.2508720658343198,0.6020225872650361
2005,2,spco2_le_threshold,random,1000,12,389736,97752,97722,27.680577357259157,16.28783070495108,-0.2190436783098001,10.64316566571432,47.47765921178526,105.31437949362214,0.5986037781377267,0.773846115939389
2005,2,spco2_le_threshold,spatial_coverage,1000,12,389736,97752,97722,26.489551077821964,15.873480671145767,-0.0195794606724803,10.82346452825999,42.91053368461168,91.187727296021,0.6324028053734565,0.7965395849480272
2005,2,spco2_le_threshold,historical_density,1000,13,389736,97752,97722,41.87806863571404,23.83657594212277,-1.2974432359773609,13.941492418457642,85.49132847944861,185.4024202235477,0.0812522671161662,0.5475035419274161
2005,2,spco2_le_threshold,random,1000,13,389736,97752,97722,29.71542674267808,16.33777405663685,2.2132135138926863,10.30141315203116,45.82913950031814,131.0904787188071,0.5374199115888033,0.7349451757651995
2005,2,spco2_le_threshold,spatial_coverage,1000,13,389736,97752,97722,27.57488564085575,16.859779726102808,-0.9487536687821634,11.436590672459516,49.69023242269291,95.375131993331,0.6016631985842893,0.777328885772063
2005,2,spco2_le_threshold,historical_density,1000,14,389736,97752,97722,36.91141394929182,21.22499040900122,-3.3759013070582697,13.284004439332818,64.71138745360226,147.62411121640096,0.286252902109353,0.6300963810370681
2005,2,spco2_le_threshold,random,1000,14,389736,97752,97722,25.72756548933293,15.052905233920344,0.6988187429857567,9.927805048835552,42.65729183798068,97.16349972834008,0.6532468807819349,0.808455982761044
2005,2,spco2_le_threshold,spatial_coverage,1000,14,389736,97752,97722,32.29859522057397,18.271740704846223,2.7700773054477423,11.73454981517466,54.61696659746493,125.21188148520372,0.4534998830538825,0.6997528337679645
2005,2,spco2_le_threshold,historical_density,1000,15,389736,97752,97722,43.79941433751512,23.558410129929936,-5.3711805849603405,13.36059632529586,80.98508946491225,191.75241846232277,-0.0049850435020997,0.5638960716450735
2005,2,spco2_le_threshold,random,1000,15,389736,97752,97722,28.235595195144324,16.213959962642967,-0.1607439366511815,10.271373889999891,47.55369680065436,112.55508319725048,0.5823457687719589,0.7631356050564326
2005,2,spco2_le_threshold,spatial_coverage,1000,15,389736,97752,97722,24.94914968398461,14.46310241067586,-0.5619980540877056,9.653528667916788,42.04725091137225,83.46070956474725,0.6739122464157585,0.8214274081397691
2005,2,spco2_le_threshold,historical_density,1000,16,389736,97752,97722,37.24101714829322,21.619503035114857,-2.791409424905979,13.447057194887265,70.15093946489347,160.4423896183038,0.2734490749218186,0.6073515235925526
2005,2,spco2_le_threshold,random,1000,16,389736,97752,97722,27.4916758272381,16.135678622882722,-0.2826312675702964,10.406701399663916,46.843447014354325,108.07326100295975,0.6040636089833502,0.7781856747248056
2005,2,spco2_le_threshold,spatial_coverage,1000,16,389736,97752,97722,36.10616479209469,18.54125791173743,1.9780519478671053,10.784635729667912,55.937803563117086,161.1454913714091,0.3170550284834917,0.6214202676777524
2005,2,spco2_le_threshold,historical_density,1000,17,389736,97752,97722,36.32877068951562,21.07531107517936,-2.1215523122462856,13.100540812082444,71.59054945831448,142.64950655075782,0.3086079265470781,0.6238926679360937
2005,2,spco2_le_threshold,random,1000,17,389736,97752,97722,27.191303169965337,15.444010369003957,0.0831901114399591,9.482760127509152,49.770331069783154,102.86925569240078,0.6126683054323758,0.7829631227882847
2005,2,spco2_le_threshold,spatial_coverage,1000,17,389736,97752,97722,28.99447939235589,17.711206900119024,1.464361127480443,11.665998182685286,52.34768503272699,110.71429587225262,0.5595935993528707,0.7513317778658064
2005,2,spco2_le_threshold,historical_density,1000,18,389736,97752,97722,40.03455888737635,22.815979901429397,-4.012224148650375,13.689801923998315,82.80354971397595,161.04034655913142,0.1603600635432854,0.579169957289427
2005,2,spco2_le_threshold,random,1000,18,389736,97752,97722,30.286114159182816,16.806408399005594,0.5160685313260418,10.376518358915376,48.78443906539911,137.2336501783742,0.5194815120823071,0.7225185146229088
2005,2,spco2_le_threshold,spatial_coverage,1000,18,389736,97752,97722,27.05558793109617,15.934762655252834,-0.7830595188911261,10.223087457636154,46.798146365979534,104.26434714682333,0.6165250995925813,0.7865418106004927
2005,2,spco2_le_threshold,historical_density,1000,19,389736,97752,97722,38.08730409176338,21.352123881039656,-2.8802543803002365,12.795035337325658,72.48535990218981,170.03031076614056,0.2400527312775163,0.5975285288740556
2005,2,spco2_le_threshold,random,1000,19,389736,97752,97722,29.8759104428599,15.758278400199355,0.9283838181026488,9.150897264961571,46.996381945431246,132.00878634442705,0.5324099193673547,0.7299762940137189
2005,2,spco2_le_threshold,spatial_coverage,1000,19,389736,97752,97722,29.524225140592065,18.04346157006393,0.4392097699904987,11.831181349220516,54.26525777723084,114.25964341696314,0.5433536311435132,0.7381371960476714
2005,2,spco2_le_threshold,historical_density,5000,0,389736,97752,97722,33.38334334599613,18.447899634849048,-5.175277283744306,10.903201006975223,63.59877887962664,136.04944780193867,0.4161750509983861,0.7015466293200557
2005,2,spco2_le_threshold,random,5000,0,389736,97752,97722,25.856991031371184,13.357501619147309,0.9380006764780284,8.342891633782187,36.29813052110978,104.25581253750872,0.6497493408191559,0.8076429620562029
2005,2,spco2_le_threshold,spatial_coverage,5000,0,389736,97752,97722,22.38888959483832,12.72829523784482,-0.3828636398452509,8.615463877046238,35.08198093551659,72.77996630362048,0.7374040031533902,0.8591294098939343
2005,2,spco2_le_threshold,historical_density,5000,1,389736,97752,97722,35.38718293493945,19.106122161323743,-5.248556913783597,10.781259713193007,72.46795585168476,152.85198738208828,0.3439831809073674,0.66924148972363
2005,2,spco2_le_threshold,random,5000,1,389736,97752,97722,22.21375410327323,12.43904792136632,-0.0581752335655215,8.476073633264349,33.070732735107136,76.12765589079423,0.7414962117037993,0.8624174815207325
2005,2,spco2_le_threshold,spatial_coverage,5000,1,389736,97752,97722,27.56297621698987,13.862020411485936,0.2440697755925969,8.954875767885312,36.81780717687508,97.89318655627751,0.6020072027210401,0.7826267572025591
2005,2,spco2_le_threshold,historical_density,5000,2,389736,97752,97722,30.072230263264608,17.07488544278041,-4.309657506452243,10.990074976424154,52.77187113559586,111.84803529930828,0.526244496657288,0.7499560047115199
2005,2,spco2_le_threshold,random,5000,2,389736,97752,97722,23.24414349198991,12.873464904838636,-0.0463395220936253,8.47247742325348,35.99515364809276,79.613727653671,0.7169585194570472,0.8469690456017247
2005,2,spco2_le_threshold,spatial_coverage,5000,2,389736,97752,97722,25.51711435667445,13.870209417713056,-0.388446758715435,9.06844640273576,39.96579618532419,81.03922719350665,0.6588965502901951,0.8159429887790809
2005,2,spco2_le_threshold,historical_density,5000,3,389736,97752,97722,34.034643173454256,18.4726493403072,-5.879916218307212,10.6867001637452,63.856703837939726,139.74686412980233,0.393172302411601,0.6988375298560361
2005,2,spco2_le_threshold,random,5000,3,389736,97752,97722,24.975052161908632,13.521220821546091,1.2182707672197552,8.759560432584237,37.75306678795216,97.37525333934586,0.6732347992434435,0.821002577199179
2005,2,spco2_le_threshold,spatial_coverage,5000,3,389736,97752,97722,22.76311658774403,13.076135461422956,-0.2641981576200416,8.837100952692083,36.65001309642312,75.93534661735329,0.7285521305865371,0.8536579843150377
2005,2,spco2_le_threshold,historical_density,5000,4,389736,97752,97722,33.71670695128029,18.64191763883012,-5.603147106825494,11.087063880907325,63.34594716894773,135.48931806433532,0.4044567669296404,0.698233260447701
2005,2,spco2_le_threshold,random,5000,4,389736,97752,97722,22.625205049955664,12.46065240266006,-0.4700324545319878,8.152664411510983,34.95255737715379,75.58998944958928,0.7318313291617112,0.8567994545270817
2005,2,spco2_le_threshold,spatial_coverage,5000,4,389736,97752,97722,23.72489661621785,13.771523105190486,-1.1555033494833642,9.096112502972687,39.47294909322184,85.17974320732188,0.7051292808589755,0.8411267423964311
2005,2,spco2_le_threshold,historical_density,5000,5,389736,97752,97722,32.46689352013947,18.34529756412393,-4.918807795609896,11.33289654764215,62.16787262424508,130.16701481753552,0.4477897481734291,0.7110687379492061
2005,2,spco2_le_threshold,random,5000,5,389736,97752,97722,25.838283865486016,13.990474876562985,1.32915199498431,8.834071240797499,40.61283905830612,97.05738515445908,0.6502559602447437,0.806991883939075
2005,2,spco2_le_threshold,spatial_coverage,5000,5,389736,97752,97722,26.936888883054365,13.460645999916505,0.2204578319847865,8.776928853978859,36.19571234310997,87.3478017275563,0.6198825026233701,0.797718307727915
2005,2,spco2_le_threshold,historical_density,5000,6,389736,97752,97722,36.712688682365,19.742868080533032,-5.686122295067602,11.060780649383446,75.25097867228304,156.37155098091705,0.2939176185952178,0.6490481373336562
2005,2,spco2_le_threshold,random,5000,6,389736,97752,97722,22.938393304683032,12.778121944583717,-0.3111549711612429,8.459210570524675,35.84130168654213,76.50571815741003,0.7243557219682193,0.8511793526493692
2005,2,spco2_le_threshold,spatial_coverage,5000,6,389736,97752,97722,23.327431581785635,13.858022391477585,0.2504862943678959,9.415032430054652,38.86186969652989,78.23815551663121,0.7149265048774778,0.8464043149833949
2005,2,spco2_le_threshold,historical_density,5000,7,389736,97752,97722,31.34879963052156,17.33186703055314,-3.884281669619454,10.669983392919931,54.73426011435605,130.09532270405413,0.4851688409606299,0.725059135120369
2005,2,spco2_le_threshold,random,5000,7,389736,97752,97722,38.50554374388318,15.87531352918628,2.709125876979745,8.821908843841896,38.95562970161766,195.2172848340506,0.2232710134708941,0.5951598474547111
2005,2,spco2_le_threshold,spatial_coverage,5000,7,389736,97752,97722,24.308316105661067,14.00913681949752,-0.3841062280684735,9.251277483560417,40.84904221096929,88.74078076684651,0.6904486215508254,0.8332009403120737
2005,2,spco2_le_threshold,historical_density,5000,8,389736,97752,97722,32.84537822572864,17.975556916850536,-4.746252021204486,11.00712015186224,59.827068911963245,133.3885474535412,0.434839857074444,0.7082673758367172
2005,2,spco2_le_threshold,random,5000,8,389736,97752,97722,24.9776444260984,13.608281645091054,0.9181662134737564,8.780051511033008,36.81502817538978,106.21676975109304,0.6731669630937599,0.821782424931902
2005,2,spco2_le_threshold,spatial_coverage,5000,8,389736,97752,97722,25.243627951056617,13.804780798923773,0.6893748140203702,9.17352995193309,37.19983740001201,87.32543074926754,0.666169100019139,0.8187777986810741
2005,2,spco2_le_threshold,historical_density,5000,9,389736,97752,97722,32.38681970554015,18.19436995580536,-4.731252496125278,11.129126114488828,60.59656828131758,128.52513827024706,0.4505102458335971,0.7144991783082861
2005,2,spco2_le_threshold,random,5000,9,389736,97752,97722,23.91737955141642,13.190517698250693,-0.8366446208063355,8.40258455635032,37.92880401889649,89.65887077408173,0.7003252285603723,0.8373494136794923
2005,2,spco2_le_threshold,spatial_coverage,5000,9,389736,97752,97722,23.09800335733496,13.513098341998726,-0.0695137369737729,9.018876708262866,38.75206668324404,78.16832238511726,0.720506397183631,0.8492497731021472
2005,2,spco2_le_threshold,historical_density,5000,10,389736,97752,97722,31.97551213544152,17.571785250308157,-4.339232913348355,11.143826095005297,52.07863458613436,133.11741358395173,0.4643784895315818,0.7226113480404187
2005,2,spco2_le_threshold,random,5000,10,389736,97752,97722,44.94234662244675,16.268086522404253,2.873590054733079,8.451154964161589,39.68124502731583,194.02134162260563,-0.0581189240143866,0.489391395257568
2005,2,spco2_le_threshold,spatial_coverage,5000,10,389736,97752,97722,23.28630523379429,13.708216742412294,-0.0523435388254067,9.23836997269035,38.81798107853866,82.02807245847161,0.715930790065653,0.846237086635133
2005,2,spco2_le_threshold,historical_density,5000,11,389736,97752,97722,35.50141241177657,19.280306734165507,-6.835045684897977,11.199872002235992,69.33273146320518,149.88969873614428,0.3397411136451987,0.6785636326948671
2005,2,spco2_le_threshold,random,5000,11,389736,97752,97722,22.381050166038165,12.575219510708775,-0.5582773746897908,8.497822976730248,35.163720065447954,72.42724226785711,0.7375878659755093,0.8598313244670506
2005,2,spco2_le_threshold,spatial_coverage,5000,11,389736,97752,97722,24.78384904471565,13.67917714612724,-0.6740767975001364,9.199128551616669,38.06403465779002,80.62971666740607,0.6782189221301761,0.8242621535750079
2005,2,spco2_le_threshold,historical_density,5000,12,389736,97752,97722,37.3835296902195,20.305949522990502,-5.075208515698982,11.555758244741469,76.57552943441,163.55713100140983,0.2678777590104242,0.634632071809242
2005,2,spco2_le_threshold,random,5000,12,389736,97752,97722,23.554068110184797,12.946456174792468,-0.4735662487686228,8.333589338533471,37.09802413118692,79.58539869320654,0.7093603614025572,0.8423111882638686
2005,2,spco2_le_threshold,spatial_coverage,5000,12,389736,97752,97722,26.02052159055326,14.071479648425472,-0.0062869702244265,9.27352830903746,40.45416103395305,83.23366469726578,0.6453050644463052,0.8126395555304414
2005,2,spco2_le_threshold,historical_density,5000,13,389736,97752,97722,35.19528466524408,19.405809695377563,-5.162021933801303,11.479645246319365,67.95904047038461,147.68997256042863,0.3510788097108154,0.6735674265892387
2005,2,spco2_le_threshold,random,5000,13,389736,97752,97722,25.254400759610384,13.939846772216814,1.2630143684797277,8.778271561118686,40.09298950797605,103.83454826118884,0.6658841121601853,0.8167786760064941
2005,2,spco2_le_threshold,spatial_coverage,5000,13,389736,97752,97722,23.877991601769768,13.027383211757677,-0.2627153720157645,8.915576385433951,35.907565209946114,72.94310998112816,0.7013114449240303,0.8393403501997614
2005,2,spco2_le_threshold,historical_density,5000,14,389736,97752,97722,34.3541999317756,18.640055489780508,-5.050079818840238,11.1596848874253,60.61301534377136,146.42393337048657,0.3817236002928424,0.6891285542899549
2005,2,spco2_le_threshold,random,5000,14,389736,97752,97722,22.9689099093896,12.627196939369416,-0.4075616111708978,8.28207737538736,34.465753168503255,77.33353188299745,0.7236218150441002,0.8508355010198014
2005,2,spco2_le_threshold,spatial_coverage,5000,14,389736,97752,97722,32.404900326118124,14.212636687690296,1.1910995071568196,8.714016479648876,37.30866412141977,103.58192399077996,0.4498965462428268,0.7090858755649426
2005,2,spco2_le_threshold,historical_density,5000,15,389736,97752,97722,33.59722572828357,18.51806145291488,-6.009114299700502,11.122454689909375,60.37391342159263,138.14243138661487,0.4086701176861587,0.7031750747123506
2005,2,spco2_le_threshold,random,5000,15,389736,97752,97722,23.343332179600463,13.17721284886393,-0.0947268495606712,8.651309824926159,37.68824260926933,80.95725716366684,0.7145377450751376,0.8455709366671245
2005,2,spco2_le_threshold,spatial_coverage,5000,15,389736,97752,97722,22.709164510784877,13.213430437820175,-0.6722879648684094,8.887622470535035,36.21583859531995,76.22178133770426,0.7298373518459152,0.8546651481586499
2005,2,spco2_le_threshold,historical_density,5000,16,389736,97752,97722,32.61755060987563,17.96955656990151,-4.835762690096644,10.909956899546811,58.60381179273585,134.4043811089502,0.4426529823717731,0.7115266439537072
2005,2,spco2_le_threshold,random,5000,16,389736,97752,97722,22.580972797486837,12.819775931676862,0.1282515246804937,8.50325133496321,35.718911996215354,80.64742032668208,0.7328788431636144,0.8570218436637396
2005,2,spco2_le_threshold,spatial_coverage,5000,16,389736,97752,97722,25.277455870583864,13.741163868176152,0.2169154299878198,9.095434283909212,37.640536471349016,86.05614110650264,0.6652737951645804,0.8179659311286146
2005,2,spco2_le_threshold,historical_density,5000,17,389736,97752,97722,32.13259338247175,17.979870384706516,-4.23948848475646,11.081628971183989,58.210535508815845,131.3467564242041,0.4591030302515497,0.7104075562905846
2005,2,spco2_le_threshold,random,5000,17,389736,97752,97722,24.194347902754345,13.244483057642384,0.1999997627234392,8.453060389493118,36.68240684067858,95.37690742200894,0.6933444463621523,0.8332238587695563
2005,2,spco2_le_threshold,spatial_coverage,5000,17,389736,97752,97722,27.88168898715405,14.410569551985184,-0.3115712305452834,9.272047445405349,40.158001536505424,96.2785739570441,0.5927499478220337,0.7834447062985372
2005,2,spco2_le_threshold,historical_density,5000,18,389736,97752,97722,32.061327984396655,17.939178580736908,-4.671803111883963,10.83528066688865,59.9754667753015,130.0460036943614,0.4614996305718031,0.7136366681337848
2005,2,spco2_le_threshold,random,5000,18,389736,97752,97722,22.49366120487623,12.645037711993526,0.2817975514870444,8.436398989748938,34.586088628921644,78.43517374331826,0.7349405509485039,0.8584946090735852
2005,2,spco2_le_threshold,spatial_coverage,5000,18,389736,97752,97722,23.944774709056727,13.81715826126282,0.1289408443757622,9.111382275590046,40.409477094242014,83.05642046071135,0.6996383356439467,0.8365595439375157
2005,2,spco2_le_threshold,historical_density,5000,19,389736,97752,97722,32.99648377653202,18.45812470033019,-5.394733028228544,11.21249359909794,60.86055153842945,135.0771274287267,0.429627843787528,0.7058096892502032
2005,2,spco2_le_threshold,random,5000,19,389736,97752,97722,31.62002451673589,14.462306166135583,1.4828650817913134,8.393442768735127,36.98751669488696,153.25485502377447,0.4762218270835622,0.7004951087574289
2005,2,spco2_le_threshold,spatial_coverage,5000,19,389736,97752,97722,25.99722307798521,14.048121740173643,0.1924240752868109,8.966022738539436,41.119064254223474,89.43486269395494,0.6459399606142896,0.8082107713142145
2005,3,all,historical_density,1000,0,391500,95988,95988,49.400384491568886,19.407294935004877,-2.577462923777245,12.472816528118813,59.54583706263732,99.87602157312786,0.1395039541444817,0.4631796458224973
2005,3,all,random,1000,0,391500,95988,95988,42.44822943084463,14.18654424659307,1.1765223549363872,9.439228946853945,39.27540576740962,71.51884580383772,0.3646582707636342,0.6045559012942623
2005,3,all,spatial_coverage,1000,0,391500,95988,95988,43.439335214528505,14.262103635105158,-0.512319573595219,9.50084469978188,39.54140702906921,70.0119388976113,0.334643258876333,0.5794346774337517
2005,3,all,historical_density,1000,1,391500,95988,95988,50.3998459205956,20.74520016183747,-4.648651129079066,13.473744553863073,62.68388672428056,119.6714149604809,0.1043328661368083,0.455182817598736
2005,3,all,random,1000,1,391500,95988,95988,43.67005582419582,15.156114496287868,0.2696184066188608,10.010242851957004,41.177870490401375,78.44478572065867,0.3275566316391055,0.5753961970382807
2005,3,all,spatial_coverage,1000,1,391500,95988,95988,41.3179007548758,14.974328950601544,0.6635397186839376,10.45589479032057,40.53395389565557,71.49338352563397,0.3980440424296558,0.6310370809747423
2005,3,all,historical_density,1000,2,391500,95988,95988,53.312721303440206,20.950128989372416,-6.43891401920833,11.6836966166546,76.763821830089,147.7521708726127,-0.0021896731496269,0.4260847696860216
2005,3,all,random,1000,2,391500,95988,95988,41.857740819731255,14.0535818849831,0.2939547310483473,9.42181496207263,38.31734844889598,65.46136004632743,0.3822115425529292,0.6182650669273433
2005,3,all,spatial_coverage,1000,2,391500,95988,95988,41.99259064679739,15.260391857245253,1.3283666179216829,10.37155150739946,42.24197335453735,75.34225228290985,0.3782245686006312,0.6176939260392962
2005,3,all,historical_density,1000,3,391500,95988,95988,56.81950625277635,23.53510397114988,-8.465912510336597,12.74564746718812,90.52339781773183,169.44693865183098,-0.1383691865901144,0.3960609083461278
2005,3,all,random,1000,3,391500,95988,95988,44.12695757230836,15.861803818481423,2.1972514142916864,9.987473123540925,43.9739385347617,95.41913816307896,0.313412027967752,0.5662728516062379
2005,3,all,spatial_coverage,1000,3,391500,95988,95988,41.89963865181596,14.183474407890868,0.2565023512762561,9.825787326027664,38.65715276910184,65.71936509056793,0.380974163232346,0.6180753086009715
2005,3,all,historical_density,1000,4,391500,95988,95988,49.81095062219524,19.61560041843105,-5.315954821037207,12.10575552487282,60.53757473755151,113.27979029597056,0.1251413683969968,0.4599144786444595
2005,3,all,random,1000,4,391500,95988,95988,42.197532535573856,14.189007106402585,0.2225901749396091,9.466170432428186,38.76732867886764,69.09606484118709,0.372140696154189,0.6100530028815624
2005,3,all,spatial_coverage,1000,4,391500,95988,95988,44.28195046888977,14.84352938902351,-0.0237336749196401,10.3081953020575,37.66503634511666,66.16302837606922,0.3085803715701989,0.5633117935229178
2005,3,all,historical_density,1000,5,391500,95988,95988,52.18865699051011,22.274658273745853,-7.38248914392772,13.99535221749062,76.75209719019563,125.43463816253272,0.0396258480283234,0.444896788339389
2005,3,all,random,1000,5,391500,95988,95988,42.153533881614806,14.181566004727614,0.0566827848871788,9.855801779397211,36.93718554771042,65.46026489011659,0.3734493301213506,0.6113583333245808
2005,3,all,spatial_coverage,1000,5,391500,95988,95988,46.53389819960635,17.513471201544306,1.905686129142976,10.497515958511968,53.98386344534974,117.81565754315228,0.2364682666641459,0.5237323313001208
2005,3,all,historical_density,1000,6,391500,95988,95988,50.40116531077264,19.968058155978497,-4.42440832585787,12.583568835426036,61.32339726428791,117.28174355345566,0.104285971156686,0.4526830561078208
2005,3,all,random,1000,6,391500,95988,95988,42.19981059388952,14.13717336942605,-0.7955717614826278,9.273993416434394,40.08618194223613,67.87381444483809,0.3720729036255724,0.6103093487627625
2005,3,all,spatial_coverage,1000,6,391500,95988,95988,42.56020587971781,14.113516330974592,0.9161765346056004,9.626994891570403,37.45603418973775,68.84200994626819,0.3613018458675566,0.6015982725229568
2005,3,all,historical_density,1000,7,391500,95988,95988,49.857523308798086,20.056103702431177,-2.983867054992881,13.039184117801426,59.12099622151403,105.4796052196224,0.1235046373489826,0.4560383316446049
2005,3,all,random,1000,7,391500,95988,95988,43.24903215357514,15.191081348385348,1.2967683942308812,9.982083501487324,42.32393913247412,78.69260557460684,0.3404602020127703,0.5851004305444528
2005,3,all,spatial_coverage,1000,7,391500,95988,95988,42.45268528308163,15.131351497674272,0.2229427533860917,10.20996153560543,42.3207605739162,71.96341336946922,0.3645248782763647,0.6048748251402474
2005,3,all,historical_density,1000,8,391500,95988,95988,49.388220157185614,18.89436312165741,-4.364487026251296,11.883084009706408,57.09578860781763,105.06734162848936,0.1399276784942067,0.4732391558453396
2005,3,all,random,1000,8,391500,95988,95988,43.44002539515366,15.22046045641858,0.9817760408107148,9.69969802848624,44.79616042036592,83.87771460350464,0.3346221158281084,0.5829145998210925
2005,3,all,spatial_coverage,1000,8,391500,95988,95988,43.94348459486077,14.833851948594658,-0.513350679971411,10.173030738709002,39.5810967019186,68.75903872708854,0.3191096089456727,0.5695671612323103
2005,3,all,historical_density,1000,9,391500,95988,95988,50.370241885091694,19.450533695244022,-5.828322370122118,11.613151163040923,67.84357739351042,109.3638834745969,0.1053847572211581,0.4649251359391041
2005,3,all,random,1000,9,391500,95988,95988,42.1738484263788,14.917500082111076,0.6006467323782916,10.0404314685413,41.58512488457017,72.3913116530141,0.3728452925754668,0.6111095546084655
2005,3,all,spatial_coverage,1000,9,391500,95988,95988,43.648247594419786,16.171968902120692,0.1120755959369232,10.933501883138376,45.54148148688206,80.13688490601683,0.3282280820190759,0.5775843136074242
2005,3,all,historical_density,1000,10,391500,95988,95988,50.44349693750651,20.532346000707417,-4.89024828183496,12.659313938162144,68.18051516112716,113.24729274051334,0.1027807299649165,0.4541672480826494
2005,3,all,random,1000,10,391500,95988,95988,42.60307377689501,14.662823759394213,1.330430639054458,9.83791870088399,41.01267532767053,69.77122379319106,0.3600145665874352,0.6014587618497405
2005,3,all,spatial_coverage,1000,10,391500,95988,95988,43.43893318448459,15.52721325780606,2.0390599786014207,9.980018065587586,43.35892376585975,89.35717070591407,0.3346555745418795,0.5833902983760867
2005,3,all,historical_density,1000,11,391500,95988,95988,54.98277949303811,22.12003436815082,-6.683089450674703,12.429094903275852,76.51823446436205,170.0557933749799,-0.0659617026302612,0.4106555584690539
2005,3,all,random,1000,11,391500,95988,95988,42.38919928555959,15.210311815672933,0.1445537247993455,10.054883237417158,42.30714891403955,81.64746266698874,0.3664241035256455,0.6067140248966807
2005,3,all,spatial_coverage,1000,11,391500,95988,95988,43.733729890300616,14.301103767887687,-0.53712722830656,9.507934428761644,38.955076189574605,65.94288666617362,0.3255942609503927,0.5787849474107473
2005,3,all,historical_density,1000,12,391500,95988,95988,53.866024427609126,21.71171113159877,-6.575751174865974,12.5236242842077,76.00086302945391,162.57502889551773,-0.0230999611057634,0.4283654198870886
2005,3,all,random,1000,12,391500,95988,95988,41.86496632033402,13.745002898714503,1.018406871968068,9.270101986868838,36.491024664063374,68.72982959564763,0.3819982383440348,0.6189285716996105
2005,3,all,spatial_coverage,1000,12,391500,95988,95988,42.67470032734919,14.507891008699447,-0.5555190090757999,9.998118385081996,39.18457983449096,67.44325458798014,0.3578608025912049,0.5991552013545723
2005,3,all,historical_density,1000,13,391500,95988,95988,53.15432816183655,21.75515535675466,-4.905341367913753,12.899049182042605,74.07566446194826,148.81593768762485,0.0037565309514904,0.4345257564088413
2005,3,all,random,1000,13,391500,95988,95988,42.21508750096616,15.23752327659262,1.1916898489723573,10.0916001879078,42.22776961993449,72.77894055953195,0.3716181849845876,0.610041207531787
2005,3,all,spatial_coverage,1000,13,391500,95988,95988,45.9302950023275,15.932915022176342,1.6962666396781916,9.89730971493546,44.33558052562481,100.6921089314809,0.256147733894952,0.5351886721795568
2005,3,all,historical_density,1000,14,391500,95988,95988,52.58527642189932,21.016414415408605,-6.337998462696437,12.03555610340328,75.28406164208144,132.64642443724344,0.0249732222929816,0.4472721133946468
2005,3,all,random,1000,14,391500,95988,95988,42.735463453059786,14.753168300319889,0.9286071433627248,9.83761891215036,39.76317608981552,70.98915701500941,0.3560308582455173,0.5971800936588381
2005,3,all,spatial_coverage,1000,14,391500,95988,95988,41.65873759857044,14.17900482741827,0.1217827998427455,9.592343660891288,39.409073595672965,66.1621407569683,0.3880718513429618,0.6229599532832683
2005,3,all,historical_density,1000,15,391500,95988,95988,50.53684422994522,19.90742093664405,-5.002627464766984,11.71728821780917,69.61283809123819,126.42672857597896,0.099456991982656,0.4683062559592943
2005,3,all,random,1000,15,391500,95988,95988,41.73356805737023,13.95737111210111,-0.3501007754394217,9.673201449258327,37.11027861625816,66.07779314067037,0.3858714970739073,0.621238798294749
2005,3,all,spatial_coverage,1000,15,391500,95988,95988,42.23132295032848,15.551552234036611,-1.2809440050415584,10.27846700204762,43.585627988178246,74.97614345629377,0.3711347548395327,0.6103943792805179
2005,3,all,historical_density,1000,16,391500,95988,95988,47.73442592806112,18.187822974071924,-4.428101642775507,11.84827699146041,54.26735690812977,85.09755395258283,0.1965633688977291,0.4963145744949992
2005,3,all,random,1000,16,391500,95988,95988,42.54907616301704,14.193924548862308,0.1759200774847751,9.653435085455044,38.40446747982915,66.36555007415977,0.3616358480137889,0.6018344971130856
2005,3,all,spatial_coverage,1000,16,391500,95988,95988,41.81448733767484,14.784511951662472,1.538319403860854,9.826873073322332,39.1031048133409,84.41099580825279,0.3834876599530674,0.6218706395663368
2005,3,all,historical_density,1000,17,391500,95988,95988,48.3866447622554,18.293035310007177,-4.321928744950796,11.808042915108643,55.914614333144094,92.79120665068162,0.1744578783776956,0.4828332617273777
2005,3,all,random,1000,17,391500,95988,95988,42.16133365319904,14.453472196250328,0.6419579908309624,9.632574712534137,38.18369883136973,76.84372771633153,0.3732174442611005,0.6110596604272864
2005,3,all,spatial_coverage,1000,17,391500,95988,95988,41.75096374304049,14.530338466243808,0.0255146691790434,10.268687802868556,38.38741908008899,65.68159752194244,0.3853594194626849,0.6211781330123973
2005,3,all,historical_density,1000,18,391500,95988,95988,50.819457468232144,20.670333570674035,-5.660104419733411,12.566716330579595,67.98871999433801,115.61213162568905,0.0893567570017399,0.4561731210919285
2005,3,all,random,1000,18,391500,95988,95988,42.14543529902448,13.851651234773884,1.0927760113652358,8.927690989062341,38.47002932633493,69.23681009321028,0.3736900541818072,0.6116492502759281
2005,3,all,spatial_coverage,1000,18,391500,95988,95988,48.29324684832027,18.879711228097413,2.805682108522085,10.785116110939583,60.11530265241572,138.99113381642343,0.1776417940145356,0.4936844357377473
2005,3,all,historical_density,1000,19,391500,95988,95988,52.55324477422385,21.373120464295354,-6.488278980735467,12.3975791601367,79.29545537477927,129.3795414571041,0.0261607106601737,0.4371519937798325
2005,3,all,random,1000,19,391500,95988,95988,42.16719477418872,13.905103159197694,1.3440716026078092,9.353907266588893,36.82107636427616,64.94970025090286,0.3730431659153304,0.6114210524255009
2005,3,all,spatial_coverage,1000,19,391500,95988,95988,41.90365030075609,15.483753792785585,-0.3133654848271353,10.475030678180758,42.71618310804078,76.21272368624327,0.3808556212447105,0.6180647167230684
2005,3,all,historical_density,5000,0,391500,95988,95988,49.52595975970412,18.142066479543463,-5.1305828239949225,10.13137394520595,63.42873324559374,114.96799984499415,0.1351236497108715,0.4918008503470663
2005,3,all,random,5000,0,391500,95988,95988,41.18321354136193,12.74790026967074,1.1382983227847476,8.108251206088028,35.10846809702045,72.27424751119106,0.4019621323891494,0.6347483995395573
2005,3,all,spatial_coverage,5000,0,391500,95988,95988,38.5520766298513,12.337585897709117,-0.1863395339864227,8.359063918893526,33.04257372161898,57.95943865099438,0.4759366679246187,0.6906069288180231
2005,3,all,historical_density,5000,1,391500,95988,95988,50.39871261145196,18.33830544028014,-5.341971980982404,9.855681055273465,65.79041369885165,122.83380887406324,0.1043731462734373,0.4740296976998189
2005,3,all,random,5000,1,391500,95988,95988,40.7285593943072,11.834285540419884,0.4386752472816324,7.806754913552794,31.98370327417284,61.46036358598018,0.4150936736810455,0.6448573259132372
2005,3,all,spatial_coverage,5000,1,391500,95988,95988,38.81240640543566,12.285589902538767,-0.0674300459400627,8.363617118059807,33.3088671101083,58.652592349329794,0.4688351090381858,0.6847361172951242
2005,3,all,historical_density,5000,2,391500,95988,95988,48.611422806254005,17.493749416765265,-5.0955562329008846,10.236864585014388,57.72901784066045,114.26156717923844,0.1667700232523263,0.4965125278097348
2005,3,all,random,5000,2,391500,95988,95988,40.70486702097822,12.442769436818,0.2801131351708191,8.236315016240127,34.15001968892739,62.15957125930152,0.4157739721550382,0.6448675755156839
2005,3,all,spatial_coverage,5000,2,391500,95988,95988,39.847731210626186,13.17546685937911,-0.3460572510729974,8.778791711961162,35.97342635872785,64.00372122913609,0.44011940014799,0.6634558940453995
2005,3,all,historical_density,5000,3,391500,95988,95988,52.60608564517375,19.389100284788437,-7.093114630275374,10.053436116130598,67.84849340702269,163.54550075149567,0.0242013878244258,0.4575743709528348
2005,3,all,random,5000,3,391500,95988,95988,40.491344217187255,12.1263628969977,0.7002229311539138,7.817060778706775,33.16761575558914,64.30207641878863,0.4218871671530364,0.6496614941564005
2005,3,all,spatial_coverage,5000,3,391500,95988,95988,37.37469278483104,12.396852237428046,0.670460648670603,8.450116533246643,33.40046893593885,63.65325014333364,0.5074577570460592,0.7145658224122285
2005,3,all,historical_density,5000,4,391500,95988,95988,49.78698893926589,18.47300938350675,-6.422589680419307,10.10297039705759,64.21236208187334,136.22894807933804,0.1259828718296477,0.4917254827512647
2005,3,all,random,5000,4,391500,95988,95988,40.21845565512643,11.657562790377533,-0.2237827787477995,7.977873619214506,30.68582403074749,52.31403179412861,0.4296532107468613,0.6555085055506465
2005,3,all,spatial_coverage,5000,4,391500,95988,95988,39.47431526794519,12.794075459164732,-0.5246111161552313,8.581494200573303,34.41986903934516,66.02954985444772,0.4505635955116134,0.6715118774364947
2005,3,all,historical_density,5000,5,391500,95988,95988,49.94019966721763,18.362205472552656,-5.042345817323317,10.137166595734923,62.41363532862595,119.15648965744826,0.1205953260578549,0.4829368639092237
2005,3,all,random,5000,5,391500,95988,95988,40.19827732932236,11.985905794512078,0.497113452793329,8.044028446622832,31.958434864155155,60.70782624814135,0.4302253737551267,0.655986486085592
2005,3,all,spatial_coverage,5000,5,391500,95988,95988,39.7956302024224,13.059101190960495,-0.724061918428933,8.499973902603045,35.82556614036909,74.50942739495498,0.4415825335657127,0.6646721795766571
2005,3,all,historical_density,5000,6,391500,95988,95988,48.55812400323657,17.51087571487038,-5.254607652897787,9.926824430797552,58.115610926670485,106.78453752594083,0.1685961707551421,0.5030116915635524
2005,3,all,random,5000,6,391500,95988,95988,40.74106911821404,11.97104669793129,0.1341803897918102,7.8808128360498415,31.750819127636348,60.1186255478671,0.4147343120700035,0.6445231536677619
2005,3,all,spatial_coverage,5000,6,391500,95988,95988,38.094262242148986,12.133386559934571,0.0527860580726998,8.18514268834943,32.27329165779053,62.2774507304959,0.4883094986923944,0.7004078892438406
2005,3,all,historical_density,5000,7,391500,95988,95988,50.2308212277077,18.412035556800635,-5.699051092651262,10.101469075292217,63.54638905752164,123.91434437748792,0.1103303450293671,0.4748781021519928
2005,3,all,random,5000,7,391500,95988,95988,40.52185320181391,12.439857466775813,1.0277112529567156,8.219628137924303,34.388825830494206,62.27653547026031,0.4210156584106456,0.6495402208077108
2005,3,all,spatial_coverage,5000,7,391500,95988,95988,38.97885338838971,12.749952731098018,0.0318334518441933,8.622486205201199,33.83454611922719,64.54036729000957,0.4642695395939571,0.681560107959928
2005,3,all,historical_density,5000,8,391500,95988,95988,49.03797838462072,17.66884536226925,-5.289184816978818,10.0516494954351,61.2333505634092,116.70237752012436,0.1520830118819837,0.4962299332853613
2005,3,all,random,5000,8,391500,95988,95988,38.96143214600892,12.368394036266777,0.595768888932002,8.232430853417299,34.312063028462084,62.94273751469031,0.4647483122473667,0.6818331616968495
2005,3,all,spatial_coverage,5000,8,391500,95988,95988,38.61637590007175,12.917586281114469,0.499488664717557,8.824873916592821,35.07975433101229,65.20858923369808,0.4741870869156855,0.6893087390769661
2005,3,all,historical_density,5000,9,391500,95988,95988,50.85706013669544,18.14264318112093,-5.659061733765106,9.649464327407657,67.31855549332981,129.54616204927171,0.0880086401121631,0.4788724950134723
2005,3,all,random,5000,9,391500,95988,95988,39.494486421997976,12.311536405776772,1.116178506924652,8.071166898348622,34.6083405020597,61.76045974725466,0.4500019341934791,0.671171926049453
2005,3,all,spatial_coverage,5000,9,391500,95988,95988,38.29076970118916,12.26957872443423,-0.3982901919658813,8.401635887708494,32.64178101592262,60.24948925833655,0.4830168200528928,0.6953553165130212
2005,3,all,historical_density,5000,10,391500,95988,95988,51.04442815521948,18.59335503189424,-6.360983032849794,9.839567220224495,67.9825399974964,132.54686233708108,0.0812763284654491,0.4653221985901656
2005,3,all,random,5000,10,391500,95988,95988,40.77438504053773,12.055994895688318,0.0064520996539346,8.124878360042288,32.98931348957078,54.96747002448374,0.4137767211615505,0.6433744449622636
2005,3,all,spatial_coverage,5000,10,391500,95988,95988,39.64377878960691,12.347359876500834,0.267422881870803,8.332795412445336,33.6295326126935,59.13942572181395,0.4458360005109035,0.6677284826619214
2005,3,all,historical_density,5000,11,391500,95988,95988,49.8492398624506,18.40186669779867,-5.355747715352837,10.04582042724769,65.07234490461275,123.20612301211062,0.1237958591625975,0.4841676344889253
2005,3,all,random,5000,11,391500,95988,95988,38.46349131267424,12.12340215447435,0.8549921666738357,8.14647505227859,32.46239334446153,61.81001447149459,0.4783422960222552,0.6927521603707267
2005,3,all,spatial_coverage,5000,11,391500,95988,95988,38.95620260845042,12.0155474382844,0.1443949824210097,8.085608226043803,31.96856490710913,58.04401249130114,0.4648919892528824,0.681953090112556
2005,3,all,historical_density,5000,12,391500,95988,95988,48.22208059656009,17.21408890575218,-5.31552761345171,9.667768299497226,58.94200064881783,103.7856905541364,0.1800637073686565,0.5116734237147952
2005,3,all,random,5000,12,391500,95988,95988,39.05524106888996,11.690141841566094,-0.172278448711433,8.035111060011417,31.09367989714327,55.28290569134803,0.4621677175690016,0.6798922173652061
2005,3,all,spatial_coverage,5000,12,391500,95988,95988,39.06504946524356,12.147255844931491,-0.2818137964182033,8.420690235593526,31.923998573404063,59.18853851316108,0.4618975395097378,0.6798235885362898
2005,3,all,historical_density,5000,13,391500,95988,95988,49.654894321989936,18.03640922854364,-5.540514798556743,10.192930637892374,61.12838187988364,108.53810949358424,0.1306145959349939,0.483681550452919
2005,3,all,random,5000,13,391500,95988,95988,37.80127821455496,12.43044990890814,0.6384889018920369,8.033400710313032,33.14858202372937,67.90678671933334,0.4961500829015896,0.7045543403156137
2005,3,all,spatial_coverage,5000,13,391500,95988,95988,39.642611108736816,12.597599975855438,0.0874088351793931,8.61134669522724,33.93485304670227,63.1829527272513,0.4458686450867289,0.6677511816055541
2005,3,all,historical_density,5000,14,391500,95988,95988,47.85598170434092,17.045589875149684,-5.20917705345094,10.07587743350888,55.07954515823949,101.70469545601546,0.1924662540733522,0.5113933281285639
2005,3,all,random,5000,14,391500,95988,95988,39.36646771532216,11.75045945026794,0.3909041836761936,7.766916123543325,31.43207589619633,63.20180807400569,0.453561718494232,0.6745045777399677
2005,3,all,spatial_coverage,5000,14,391500,95988,95988,39.81664305150677,12.566960955079203,-0.5154088225708914,8.590907429364876,33.294278094918305,60.94331442847612,0.4409926678060429,0.664223777277789
2005,3,all,historical_density,5000,15,391500,95988,95988,49.02447018747473,17.58419156882412,-5.986575478411912,9.935627072455958,58.67176724818264,127.797765644188,0.152550088733736,0.4968166867000498
2005,3,all,random,5000,15,391500,95988,95988,40.03179992423506,11.770779033930973,0.1812901406452162,7.920702382287601,31.499788909946567,57.81843747448204,0.4349349380360793,0.6595242537539562
2005,3,all,spatial_coverage,5000,15,391500,95988,95988,38.34461332963014,12.973990766965432,-0.0180023645882211,8.771609231582374,34.987457624044666,63.693236174477,0.481561857312442,0.6943149270666664
2005,3,all,historical_density,5000,16,391500,95988,95988,51.445600050388165,18.810779376950915,-7.247623773042649,10.147595433240411,63.17799812416889,162.41172849162692,0.0667785875774727,0.4743173068906909
2005,3,all,random,5000,16,391500,95988,95988,40.82909954284673,11.881722436233131,-0.7057321337008859,7.972552723393278,31.702189230314847,58.387772486036575,0.4122023780869863,0.6424444308312148
2005,3,all,spatial_coverage,5000,16,391500,95988,95988,35.852684023229685,12.24365122813473,0.1535425351884861,8.326429555331146,31.230249190020672,64.21105061863645,0.546756517308763,0.7407256453052019
2005,3,all,historical_density,5000,17,391500,95988,95988,49.22537299204146,17.711276965972445,-5.67647269339696,9.890877525046193,60.46047119381046,110.38100706676506,0.1455901392721855,0.4935109767915965
2005,3,all,random,5000,17,391500,95988,95988,39.30171625272028,11.531438503547191,0.4637018259645893,7.81272871496347,29.862912666705476,55.79718452456277,0.4553578450259767,0.6751342833401216
2005,3,all,spatial_coverage,5000,17,391500,95988,95988,39.20040296221436,12.042215014560025,-0.3580450286473184,8.237125163149415,31.82145464242232,57.26823824307204,0.4581622196105367,0.6770883192006335
2005,3,all,historical_density,5000,18,391500,95988,95988,48.84822256430176,17.674936072911063,-5.345658208590294,9.996323790509363,60.691359116982895,103.02084099707108,0.1586324614143471,0.4950511812019543
2005,3,all,random,5000,18,391500,95988,95988,40.49502685605156,11.595928883421104,0.6236528102900394,7.760484019717779,31.50318958291312,57.53728683596389,0.4217820050428881,0.6496117069274043
2005,3,all,spatial_coverage,5000,18,391500,95988,95988,39.419071796388906,12.940413141640814,-0.1805682571838959,8.612300368776346,34.95586073146261,63.66069507945929,0.4521003687345916,0.6725446631802997
2005,3,all,historical_density,5000,19,391500,95988,95988,51.94493503569978,19.410838086762062,-6.6275105306217394,10.052780016021783,72.93570925771424,144.15236769798648,0.0485748318495377,0.4630404693216884
2005,3,all,random,5000,19,391500,95988,95988,40.5391964600444,11.814356225334038,1.0882008961466654,7.892847364381964,31.531705933534656,58.20890556541172,0.4205199444677789,0.6490008631837443
2005,3,all,spatial_coverage,5000,19,391500,95988,95988,38.132027603544536,12.108440544414682,-0.1022844337073772,8.23159862625377,32.223915816804954,58.56899738897747,0.4872944505337604,0.6985627472693038
2005,3,spco2_le_threshold,historical_density,1000,0,391500,95988,95961,30.777745400189183,18.885523437848995,-2.0509561126469094,12.4700764314494,59.36664105872279,99.43663593620424,0.3852995574656912,0.6912432532733328
2005,3,spco2_le_threshold,random,1000,0,391500,95988,95961,21.745844634705588,13.705571020531858,1.6618181995430628,9.43498752653818,39.18457990137199,70.87488106694586,0.6931384446513421,0.8337032823598196
2005,3,spco2_le_threshold,spatial_coverage,1000,0,391500,95988,95961,22.335172243262026,13.767104870480251,-0.0134521105442773,9.495956098716364,39.47246223665121,69.25861592560331,0.676280744998811,0.8223840175968384
2005,3,spco2_le_threshold,historical_density,1000,1,391500,95988,95961,32.88618818146524,20.23225005835145,-4.131172031273639,13.467750662987669,62.52761649215864,118.94438764148865,0.2981941315487718,0.6665900224833188
2005,3,spco2_le_threshold,random,1000,1,391500,95988,95961,23.3614527389211,14.666836710952644,0.7632364425598361,10.005657096791367,41.09172616454976,77.77851768824722,0.6458480704881754,0.8057425915366454
2005,3,spco2_le_threshold,spatial_coverage,1000,1,391500,95988,95961,21.75029044195556,14.522460703218073,1.1198079041054745,10.449955269314785,40.457465595380654,70.85240088495877,0.693012959823642,0.8333717407195165
2005,3,spco2_le_threshold,historical_density,1000,2,391500,95988,95961,36.58928821352286,20.424770196979548,-5.909472288911581,11.678011095920567,76.47663926400287,147.10217140530725,0.1312439492842717,0.6344038317067521
2005,3,spco2_le_threshold,random,1000,2,391500,95988,95961,21.21866422906344,13.581238759624004,0.7703347410650923,9.418099920160389,38.24594432646137,64.60189241132214,0.7078364713470702,0.8415881310405097
2005,3,spco2_le_threshold,spatial_coverage,1000,2,391500,95988,95961,22.926555151046788,14.80813314658683,1.7852928130668209,10.36892711385309,42.14147023924477,74.55914731337079,0.6589111451628619,0.8179652228675552
2005,3,spco2_le_threshold,historical_density,1000,3,391500,95988,95961,41.699796668443526,23.01431356288173,-7.9408821694974865,12.739958120547897,89.96947771355741,168.99452929729452,-0.1283862747160902,0.5846634941156332
2005,3,spco2_le_threshold,random,1000,3,391500,95988,95961,26.46769467115905,15.404863977628878,2.6592724286551923,9.981680341400365,43.87566222216611,93.55390328984804,0.5454076193541948,0.7509603244747656
2005,3,spco2_le_threshold,spatial_coverage,1000,3,391500,95988,95961,21.159994648127974,13.708440639882816,0.7355990132985181,9.822360721641587,38.58199621864407,65.16777957370054,0.709449901299985,0.8433745025382272
2005,3,spco2_le_threshold,historical_density,1000,4,391500,95988,95961,31.679814624244354,19.097428773930424,-4.793759766702066,12.101519473597875,60.29270587695049,112.91140093224318,0.3487388323569618,0.680673359454283
2005,3,spco2_le_threshold,random,1000,4,391500,95988,95961,21.545133737022017,13.713867437609268,0.7017847527750998,9.463557902420575,38.710091727276165,68.52668371177644,0.6987768757082846,0.8361351981799364
2005,3,spco2_le_threshold,spatial_coverage,1000,4,391500,95988,95961,23.31687717702127,14.341603165967296,0.4823623096467803,10.30381285454098,37.60507840801807,65.41426486622068,0.6471982827755283,0.8086415120987391
2005,3,spco2_le_threshold,historical_density,1000,5,391500,95988,95961,35.41238026897644,21.75862516360129,-6.862265908977201,13.990160200491689,76.54667673072277,124.6512222388409,0.1862328420698273,0.6515550613801964
2005,3,spco2_le_threshold,random,1000,5,391500,95988,95961,21.327481537604097,13.702957727155374,0.5392971974238282,9.851258236479907,36.8658857976543,64.63331672275613,0.7048321379612761,0.8397631402406799
2005,3,spco2_le_threshold,spatial_coverage,1000,5,391500,95988,95961,28.338245258860624,17.025797499458847,2.398823688919879,10.492653601942663,53.802506629251184,116.48616145541608,0.4788822938036541,0.7336375541706248
2005,3,spco2_le_threshold,historical_density,1000,6,391500,95988,95961,32.24700224524866,19.44396465365872,-3.895941395318156,12.578757831307373,61.12212846159389,116.53768960507442,0.3252100342088211,0.676356845142734
2005,3,spco2_le_threshold,random,1000,6,391500,95988,95961,21.471405342009376,13.65969110580397,-0.3143356474065668,9.265878163654122,40.01254707504671,67.31157958539798,0.7008349458224599,0.8372454523885613
2005,3,spco2_le_threshold,spatial_coverage,1000,6,391500,95988,95961,21.50877582486845,13.62822220144688,1.4056994832095056,9.623834952137372,37.36966723437763,68.33934718322952,0.6997926599016047,0.8373074548354936
2005,3,spco2_le_threshold,historical_density,1000,7,391500,95988,95961,31.54972828460333,19.53508405948139,-2.4580438940568192,13.035039217350343,58.896763410452365,105.07897374282985,0.3540763786688531,0.6797825453937429
2005,3,spco2_le_threshold,random,1000,7,391500,95988,95961,23.450292247761485,14.713592482372732,1.7788963526148835,9.978196215466994,42.24280335865092,78.09802754043746,0.6431493935386328,0.8041543016365368
2005,3,spco2_le_threshold,spatial_coverage,1000,7,391500,95988,95961,22.47149416820316,14.661959064828096,0.6966553365514445,10.205091089345215,42.226476191355175,71.26388968815363,0.6723170679305455,0.8215745202891676
2005,3,spco2_le_threshold,historical_density,1000,8,391500,95988,95961,30.735231717283156,18.372481443626924,-3.8385171597424086,11.879132931146104,56.92728677765416,104.29446970897716,0.3869965713511009,0.7031806343344192
2005,3,spco2_le_threshold,random,1000,8,391500,95988,95961,23.8296071553188,14.744154520559588,1.46264070766902,9.695789673750028,44.704792301744135,83.08168515966597,0.63151171449837,0.800073545179434
2005,3,spco2_le_threshold,spatial_coverage,1000,8,391500,95988,95961,22.762206109385204,14.33414991588608,-0.009619369386896,10.168570932275884,39.52472588474672,68.22557052325016,0.6637838093254875,0.816438131250204
2005,3,spco2_le_threshold,historical_density,1000,9,391500,95988,95961,32.42328837567481,18.929503354333217,-5.30345922519949,11.607540598918431,67.63641741774421,109.0750150445503,0.3178120588954525,0.6865221653662018
2005,3,spco2_le_threshold,random,1000,9,391500,95988,95961,22.182515649331823,14.451427857155286,1.0710852099157702,10.036843603685782,41.48905878723207,71.71805182746789,0.6806907399150761,0.8261328558497134
2005,3,spco2_le_threshold,spatial_coverage,1000,9,391500,95988,95961,24.10554832290508,15.696085355125458,0.5925408917827091,10.929665811197026,45.452517001569845,79.66696178863208,0.6229282906551354,0.7943556398278357
2005,3,spco2_le_threshold,historical_density,1000,10,391500,95988,95961,32.84025583199829,20.016713599025003,-4.370214752210889,12.65317921299834,67.94073039825395,112.4567482043378,0.3001531959682058,0.6674530339511446
2005,3,spco2_le_threshold,random,1000,10,391500,95988,95961,22.196319351510272,14.186810402597128,1.8109439267480296,9.834969150674567,40.931009893333794,69.37319439600589,0.6802932177050991,0.8268020287905218
2005,3,spco2_le_threshold,spatial_coverage,1000,10,391500,95988,95961,24.85461782575656,15.065783235575903,2.5054325230789773,9.976624583251294,43.24489575781723,87.98561338702488,0.5991294983413584,0.782583312353636
2005,3,spco2_le_threshold,historical_density,1000,11,391500,95988,95961,38.93564442926709,21.593645800466373,-6.152357477723829,12.42559750833152,76.27616210559444,169.5536222279934,0.0162502056352086,0.6115914613166555
2005,3,spco2_le_threshold,random,1000,11,391500,95988,95961,23.55044431747232,14.7533700241425,0.6058158273894044,10.04941760590657,42.20929194401879,80.67823582881672,0.6400947923743758,0.8036706010643975
2005,3,spco2_le_threshold,spatial_coverage,1000,11,391500,95988,95961,22.575636369638488,13.802601491231274,-0.0347522599673953,9.502079733934522,38.901289964225896,65.4244140942212,0.6692727934565741,0.8232083624379615
2005,3,spco2_le_threshold,historical_density,1000,12,391500,95988,95961,37.77364387320533,21.1939790774584,-6.053760401883235,12.519355778032718,75.47074969391952,162.19925739325774,0.0740923266303457,0.6279550574050253
2005,3,spco2_le_threshold,random,1000,12,391500,95988,95961,21.31339656479316,13.273322136097097,1.494241531103942,9.267119842815646,36.42975059675024,67.95102296100356,0.7052218753515724,0.84134484884708
2005,3,spco2_le_threshold,spatial_coverage,1000,12,391500,95988,95961,21.60920952575802,14.024664303385183,-0.06836660432124,9.995836612846915,39.101202658374746,66.963804855174,0.6969825206106344,0.835111837362387
2005,3,spco2_le_threshold,historical_density,1000,13,391500,95988,95961,36.86255487363859,21.240181585073547,-4.385626660042949,12.89452723144302,73.80271917140237,148.37195699264757,0.1182189032500841,0.6352482735804883
2005,3,spco2_le_threshold,random,1000,13,391500,95988,95961,23.093057526306552,14.779611666051824,1.6542240536335806,10.086103949095277,42.17328030003915,71.86421291887659,0.6539388910833135,0.8101442678367373
2005,3,spco2_le_threshold,spatial_coverage,1000,13,391500,95988,95961,27.16411679511845,15.44464953536744,2.189492348919853,9.893105070683816,44.204377007466405,99.16882798656306,0.5211702798907465,0.7524395620080728
2005,3,spco2_le_threshold,historical_density,1000,14,391500,95988,95961,35.57672950977933,20.492579756238243,-5.810033821234072,12.0316129706722,75.10944577260926,131.1695011962925,0.1786619099467735,0.6613851762770439
2005,3,spco2_le_threshold,random,1000,14,391500,95988,95961,23.1942291345228,14.284785826048893,1.4014019094708174,9.833849147429476,39.66574377410245,70.40463090146825,0.6509000338501476,0.8079697630645492
2005,3,spco2_le_threshold,spatial_coverage,1000,14,391500,95988,95961,21.31008841795489,13.712313927293977,0.5924974311279937,9.590355778692754,39.33236863836771,65.56145318673623,0.7053133758909542,0.8399947713798979
2005,3,spco2_le_threshold,historical_density,1000,15,391500,95988,95961,33.16995034198979,19.394711253646197,-4.4857241049239445,11.711516890506855,69.37537090177295,125.44843569125196,0.2860306588489605,0.6805241261174421
2005,3,spco2_le_threshold,random,1000,15,391500,95988,95961,20.852587976251883,13.48309922785058,0.1279997089621054,9.669692712358312,37.01584285785805,65.54604344012435,0.7178306455726486,0.8473259000050807
2005,3,spco2_le_threshold,spatial_coverage,1000,15,391500,95988,95961,23.03144332086741,15.093443445553095,-0.8188199768024865,10.276151020570468,43.49352325784639,74.07292163059486,0.6557830674487086,0.8119917153958349
2005,3,spco2_le_threshold,historical_density,1000,16,391500,95988,95961,28.484004673690915,17.672559575562712,-3.90896674984726,11.841655701147149,54.1369733535488,84.39472159515616,0.4735077084733471,0.7298201553730786
2005,3,spco2_le_threshold,random,1000,16,391500,95988,95961,21.53494746909133,13.708995553297491,0.6648922343850455,9.649681768250616,38.35095399799605,65.64292280029031,0.6990616373767217,0.8363551447834694
2005,3,spco2_le_threshold,spatial_coverage,1000,16,391500,95988,95961,22.713791292523684,14.333128201775844,1.994295815835199,9.824486182832745,39.02140292664404,82.87129904428515,0.6652125402553629,0.8218832888456197
2005,3,spco2_le_threshold,historical_density,1000,17,391500,95988,95961,29.251076126152476,17.772626553941546,-3.797589018206902,11.80261835563374,55.77670008668849,92.14769423569042,0.4447691143784359,0.7169488961567069
2005,3,spco2_le_threshold,random,1000,17,391500,95988,95961,22.20668600174982,13.98749608303081,1.112181419262401,9.629465570949208,38.1230735212236,75.9124307529431,0.6799945139157497,0.8251805118179326
2005,3,spco2_le_threshold,spatial_coverage,1000,17,391500,95988,95961,21.227333564188186,14.060918131450372,0.4990305014626697,10.264342798172263,38.31716710962928,64.9973726452871,0.7075976833685885,0.8418663259174713
2005,3,spco2_le_threshold,historical_density,1000,18,391500,95988,95961,33.403390569949885,20.15504302697132,-5.140590533349027,12.564123105117917,67.76919556256672,115.07410578127867,0.275945889472086,0.6687449887294957
2005,3,spco2_le_threshold,random,1000,18,391500,95988,95961,21.55624259170853,13.376195182090962,1.57243689242266,8.923620428883453,38.39285308867176,68.30404149655237,0.6984661692041823,0.836757143933647
2005,3,spco2_le_threshold,spatial_coverage,1000,18,391500,95988,95961,31.969300214211437,18.40380166593334,3.287693166294676,10.781657391760518,59.95242860317046,138.00942249683547,0.336782190002691,0.6754819698336922
2005,3,spco2_le_threshold,historical_density,1000,19,391500,95988,95961,35.74939354789314,20.85389261960643,-5.96486307297867,12.393808305602988,79.10918525415354,128.87846033010663,0.1706701867643056,0.6448994337329523
2005,3,spco2_le_threshold,random,1000,19,391500,95988,95961,21.26930606068278,13.427270670525637,1.826194664727086,9.351903984864862,36.76973332231478,64.45263512793787,0.7064402145191622,0.8417988693647926
2005,3,spco2_le_threshold,spatial_coverage,1000,19,391500,95988,95961,22.949265715318617,15.03031603277239,0.1443406809375069,10.471175775620566,42.6310177069069,75.21298970305752,0.6582350595511951,0.8142346034226392
2005,3,spco2_le_threshold,historical_density,5000,0,391500,95988,95961,31.285998426473864,17.624822287729355,-4.609677665134828,10.127589067799818,63.18807827984142,114.07916300443014,0.3648300278328475,0.7181264434215695
2005,3,spco2_le_threshold,random,5000,0,391500,95988,95961,20.899664686099797,12.28666014447473,1.60344552858638,8.105577692321958,35.02174700488655,71.3929359882951,0.7165551588709429,0.8485401831153525
2005,3,spco2_le_threshold,spatial_coverage,5000,0,391500,95988,95961,18.281148103767727,11.90325062865736,0.2514146620442174,8.354432610695937,32.98958080156115,57.31935384981115,0.7831313108406324,0.8849974977604806
2005,3,spco2_le_threshold,historical_density,5000,1,391500,95988,95961,32.260489642909214,17.814287935158294,-4.814297771538996,9.85340154604853,65.46573455912318,122.33872870851292,0.3246454506342295,0.7010160168315352
2005,3,spco2_le_threshold,random,5000,1,391500,95988,95961,18.67300436916848,11.358867615231782,0.9175463455428344,7.8038274034241795,31.903524989644723,60.88131840796429,0.7737345113112228,0.880432611259154
2005,3,spco2_le_threshold,spatial_coverage,5000,1,391500,95988,95961,18.416847608158264,11.852996780893502,0.36860082975245,8.360741536712908,33.24031932862852,58.42476985031008,0.779899763463935,0.8838946522244754
2005,3,spco2_le_threshold,historical_density,5000,2,391500,95988,95961,30.05559531763128,16.980279593468023,-4.578598000604522,10.23316724832756,57.59984001197205,112.7183302098318,0.4138070521681674,0.723068216547558
2005,3,spco2_le_threshold,random,5000,2,391500,95988,95961,19.298164875645657,11.975380951494769,0.7510813854969511,8.232575908659044,34.0786186512143,61.61519900680511,0.7583304433799651,0.8711358166081024
2005,3,spco2_le_threshold,spatial_coverage,5000,2,391500,95988,95961,20.07726264139443,12.73133130048357,0.1016880457309042,8.775018846333353,35.906249088902086,63.38468351912489,0.738423381733918,0.8604035783808096
2005,3,spco2_le_threshold,historical_density,5000,3,391500,95988,95961,36.01150493930572,18.87205082718664,-6.572605521224847,10.05010375795689,67.52440329972825,163.2220656346898,0.158464458871435,0.666374659221626
2005,3,spco2_le_threshold,random,5000,3,391500,95988,95961,19.066942783425404,11.663118196197264,1.1670765753517711,7.812612178985375,33.09651270122487,63.36688208202437,0.7640869057245188,0.8746488536766798
2005,3,spco2_le_threshold,spatial_coverage,5000,3,391500,95988,95961,18.887526791294903,11.991198041552677,1.07979151994457,8.446839106856714,33.33344958030165,62.97387771021342,0.7685058039348334,0.8771440532097114
2005,3,spco2_le_threshold,historical_density,5000,4,391500,95988,95961,32.37255418429344,17.96740502248308,-5.913594761439977,10.097488577948354,63.93273419046284,135.3608611155368,0.3199452894946323,0.7048469225711879
2005,3,spco2_le_threshold,random,5000,4,391500,95988,95961,17.82422187698986,11.186146427372211,0.2508506418154254,7.975582446959265,30.61151108886878,51.8789319740552,0.7938368318096133,0.8910326763584115
2005,3,spco2_le_threshold,spatial_coverage,5000,4,391500,95988,95961,19.73602163501852,12.357578430249973,-0.0846618979420978,8.578433026112293,34.35436912358301,65.29185067150917,0.7472395351538879,0.8668377935910155
2005,3,spco2_le_threshold,historical_density,5000,5,391500,95988,95961,31.825937193924588,17.842010116582546,-4.518402728308626,10.133754516513534,62.24784522594143,117.80534871102252,0.3427171161639677,0.7080618552352289
2005,3,spco2_le_threshold,random,5000,5,391500,95988,95961,18.48420707779118,11.524367641932775,0.96216388139807,8.041094117955197,31.88893765444521,60.01332834822607,0.778286789495674,0.8826044041087878
2005,3,spco2_le_threshold,spatial_coverage,5000,5,391500,95988,95961,20.17536553822533,12.619427452550534,-0.2809175402761764,8.496739654491591,35.749398071251164,73.88196635892504,0.7358608692282054,0.8591581714942194
2005,3,spco2_le_threshold,historical_density,5000,6,391500,95988,95961,30.073074050465816,16.997839472643253,-4.738122934334717,9.922491650093605,57.96252331957805,106.1585669456212,0.4131250567490795,0.7290293767580154
2005,3,spco2_le_threshold,random,5000,6,391500,95988,95961,18.795565950726324,11.498531425281696,0.610101641238711,7.877840188702805,31.682592980125094,59.64096429523424,0.7707545446941713,0.8786021674967175
2005,3,spco2_le_threshold,spatial_coverage,5000,6,391500,95988,95961,18.285089770175563,11.706707204735284,0.4828941672521071,8.181807934542007,32.20881061599886,61.611406407505,0.7830377810275141,0.8849830917931691
2005,3,spco2_le_threshold,historical_density,5000,7,391500,95988,95961,32.21234590854745,17.89188968598368,-5.175328241805628,10.098826151084438,63.34092027929853,123.11741458652918,0.3266596686010163,0.6987586539342436
2005,3,spco2_le_threshold,random,5000,7,391500,95988,95961,19.074683819679805,11.97179746626905,1.499560546566228,8.21732918085928,34.31931865713659,61.7292724561454,0.7638953089330882,0.8755959683630522
2005,3,spco2_le_threshold,spatial_coverage,5000,7,391500,95988,95961,19.470619927461456,12.315573679251074,0.4698088420675545,8.619887738287161,33.77090588433725,63.67657284778023,0.7539918591877842,0.8689704247191571
2005,3,spco2_le_threshold,historical_density,5000,8,391500,95988,95961,30.725126128242792,17.154217571593907,-4.771073831727319,10.047894895096988,60.990532805992814,116.2911499145909,0.3873996099476016,0.7213142848905322
2005,3,spco2_le_threshold,random,5000,8,391500,95988,95961,18.815001965928698,11.935039003532534,1.0327715743478572,8.228709653576402,34.27152230558016,62.212833891938914,0.770280185806909,0.8788569283988757
2005,3,spco2_le_threshold,spatial_coverage,5000,8,391500,95988,95961,19.80611252332487,12.496683859625012,0.9241661721642,8.822253919525622,35.0238573080436,64.6540806240082,0.7454410304020023,0.8640887025629712
2005,3,spco2_le_threshold,historical_density,5000,9,391500,95988,95961,32.991816806904694,17.618332112901182,-5.131238231336889,9.647890382159972,66.89949996066377,129.07346895020535,0.2936785677013311,0.704752347948579
2005,3,spco2_le_threshold,random,5000,9,391500,95988,95961,18.82061191687949,11.862930483231947,1.5685625091335356,8.068376218976539,34.55535378921769,61.10620041026899,0.7701431771563979,0.8788011845076539
2005,3,spco2_le_threshold,spatial_coverage,5000,9,391500,95988,95961,18.3086386009131,11.8447613073448,0.0298673819620219,8.399256836001882,32.568436681151354,59.62825548848062,0.7824785826167963,0.8849686626517683
2005,3,spco2_le_threshold,historical_density,5000,10,391500,95988,95961,33.3534959007962,18.070487336852757,-5.834673584971488,9.83569786537356,67.71840523695096,131.9808241374416,0.2781073143234523,0.6865679808346089
2005,3,spco2_le_threshold,random,5000,10,391500,95988,95961,18.409444605773505,11.5796655003117,0.4861754370369335,8.120686092184428,32.90467622177164,54.47476562548542,0.7800766748578865,0.883328292600903
2005,3,spco2_le_threshold,spatial_coverage,5000,10,391500,95988,95961,18.719336803896176,11.896798939917089,0.721533168028606,8.32981121628535,33.54803883632451,58.67284251893617,0.7726102747613005,0.8795321963118379
2005,3,spco2_le_threshold,historical_density,5000,11,391500,95988,95961,32.058257919971986,17.88831204530329,-4.838522350666816,10.042254428706258,64.83052276995807,122.85736742730136,0.3330861179134962,0.7029975496658692
2005,3,spco2_le_threshold,random,5000,11,391500,95988,95961,18.1521719964001,11.68982746880496,1.2922185092316607,8.142318706624394,32.38941569966079,61.01489682236967,0.7861805952627964,0.887280077800879
2005,3,spco2_le_threshold,spatial_coverage,5000,11,391500,95988,95961,17.860966357657507,11.57031569630722,0.5930480981370964,8.083152963631619,31.91731438204124,57.32181004159596,0.7929859484590072,0.8907686533009667
2005,3,spco2_le_threshold,historical_density,5000,12,391500,95988,95961,29.55757368173831,16.70161179938796,-4.799702676667923,9.664091518207044,58.732968982822285,102.44671246438432,0.4330725546195538,0.7400541076166947
2005,3,spco2_le_threshold,random,5000,12,391500,95988,95961,17.546692471376378,11.23829532371786,0.2828087847567615,8.032490339258459,31.040733597449787,54.75872517594724,0.8002069165892163,0.8947029540381508
2005,3,spco2_le_threshold,spatial_coverage,5000,12,391500,95988,95961,18.117920945158552,11.705902942905356,0.1628776174545105,8.41862164308992,31.857887635742145,58.34299603840048,0.786986739018289,0.887225371127557
2005,3,spco2_le_threshold,historical_density,5000,13,391500,95988,95961,30.98862900366196,17.5109519308917,-5.011541602262551,10.186578404826264,60.95918660179029,107.82042876111994,0.3768470639964966,0.7172442139669956
2005,3,spco2_le_threshold,random,5000,13,391500,95988,95961,21.31817510654582,12.050475233081045,1.022140710594903,8.030693862320447,33.07935779203109,67.30820150286922,0.7050896798584851,0.8444238881824524
2005,3,spco2_le_threshold,spatial_coverage,5000,13,391500,95988,95961,18.97228165849293,12.147928766856866,0.5406491528564691,8.60874166604043,33.86402414140565,62.676998998815634,0.7664235534095147,0.8758727334304556
2005,3,spco2_le_threshold,historical_density,5000,14,391500,95988,95961,28.71320041546273,16.529723935997012,-4.6899807702398935,10.071959106072429,54.92210371679397,101.15863907844502,0.4650008095508883,0.7455912791137802
2005,3,spco2_le_threshold,random,5000,14,391500,95988,95961,18.224590165299013,11.299624678336125,0.8451551019395036,7.763907119444468,31.365279223604148,62.4445314846469,0.7844711251972685,0.8862262328352796
2005,3,spco2_le_threshold,spatial_coverage,5000,14,391500,95988,95961,18.88906137885759,12.114625783411112,-0.0596827743219218,8.589161229667525,33.22068590628601,60.29216697213139,0.7684681851878401,0.8766792331209164
2005,3,spco2_le_threshold,historical_density,5000,15,391500,95988,95961,30.696004938293548,17.06983811357528,-5.468958867980848,9.93116819675322,58.46726482519591,127.3720444428524,0.3885603015627048,0.7223138831138992
2005,3,spco2_le_threshold,random,5000,15,391500,95988,95961,18.037506819275112,11.308410836280729,0.647021223923096,7.919318134539253,31.43941318579698,57.18798945893887,0.7888734082627892,0.8884327301182464
2005,3,spco2_le_threshold,spatial_coverage,5000,15,391500,95988,95961,19.394232279069836,12.553228364676103,0.4064053903637974,8.76951474126912,34.92378274132727,63.1813099256704,0.7559183639246578,0.870276590224928
2005,3,spco2_le_threshold,historical_density,5000,16,391500,95988,95961,34.50424675882867,18.297858468649824,-6.731449405510141,10.143104742707637,63.014644302691465,161.42714001543712,0.2274350121263033,0.6861915006362589
2005,3,spco2_le_threshold,random,5000,16,391500,95988,95961,18.475594842025032,11.402205213630555,-0.2230703863625491,7.969915689527795,31.64381832896953,57.91113810045941,0.778493344378427,0.8824630281655204
2005,3,spco2_le_threshold,spatial_coverage,5000,16,391500,95988,95961,19.49990188229792,11.877634091999775,0.5230477991212932,8.3224481735881,31.162017383441537,63.4242728678317,0.7532513572357606,0.8697706012294065
2005,3,spco2_le_threshold,historical_density,5000,17,391500,95988,95961,30.748883443397,17.193117049281277,-5.154926612374869,9.88766659893139,60.28157986113541,109.54380649419971,0.3864518926234306,0.7224561905667747
2005,3,spco2_le_threshold,random,5000,17,391500,95988,95961,17.794014803999538,11.078577503215914,0.9199378306090474,7.809744093145923,29.79414767200092,55.1637300298557,0.7945350175597548,0.8916784008629443
2005,3,spco2_le_threshold,spatial_coverage,5000,17,391500,95988,95961,17.89923160821752,11.591321105719606,0.0961363885519109,8.234195613205884,31.73468210095672,56.92458876481425,0.7920979864276484,0.8900270999276861
2005,3,spco2_le_threshold,historical_density,5000,18,391500,95988,95961,30.150236657163305,17.156306765338087,-4.823559882329136,9.99280778980318,60.59257538218327,102.55977191563282,0.4101095421356231,0.7256315850629468
2005,3,spco2_le_threshold,random,5000,18,391500,95988,95961,18.059837575541337,11.120786644220612,1.1022332035919906,7.757036385683989,31.4285915750736,56.9603129756562,0.7883503276731658,0.8883475655531193
2005,3,spco2_le_threshold,spatial_coverage,5000,18,391500,95988,95961,20.396726817309624,12.509827521870784,0.2536075274643704,8.610179889821495,34.86257887474392,62.99608124623616,0.7300328767673976,0.8574407087159284
2005,3,spco2_le_threshold,historical_density,5000,19,391500,95988,95961,34.94693685859914,18.8924896090524,-6.105565280848264,10.048010701081694,72.52445889114091,143.41559020202226,0.2074837956230047,0.6765450743355784
2005,3,spco2_le_threshold,random,5000,19,391500,95988,95961,18.319857098022386,11.34162566186278,1.564561778625436,7.889853924732563,31.460255668734877,57.6234830604468,0.7822119313301604,0.8854889805576598
2005,3,spco2_le_threshold,spatial_coverage,5000,19,391500,95988,95961,18.08060495445526,11.682703205802186,0.3268310086659058,8.228964023818776,32.170704231466004,58.23056392928917,0.7878632871768795,0.8879076054821138
2005,4,all,historical_density,1000,0,384012,103476,103476,32.86496688489051,19.248220483692684,-3.3366261276504194,13.15539347869236,56.96406033289568,107.84377187121106,0.3885706081525277,0.6778728337309113
2005,4,all,random,1000,0,384012,103476,103476,25.81665239415946,14.957154191288346,-1.3342651080606471,10.008451411226446,43.45501593942643,72.0065419895319,0.6227061133974885,0.7897925347510114
2005,4,all,spatial_coverage,1000,0,384012,103476,103476,32.353542084242875,18.63477362676196,-2.549589773507285,11.892425448423635,55.45387154420028,104.25164534620792,0.4074519373368712,0.6752417744748571
2005,4,all,historical_density,1000,1,384012,103476,103476,36.24901911826795,20.80616678965304,-6.173580687324527,12.808726364486148,67.121725955693,130.27131128821014,0.2561721546697657,0.6271558899945467
2005,4,all,random,1000,1,384012,103476,103476,26.503210147023125,15.518237550931932,-0.7830527702985112,10.622661722704263,44.482790277833146,78.97157392218242,0.6023720776023621,0.7766116454806667
2005,4,all,spatial_coverage,1000,1,384012,103476,103476,26.34797589099529,15.892139491355133,0.5666474998043517,10.864784514997892,46.14619651225037,77.13646474668845,0.6070163984635768,0.7792372420853567
2005,4,all,historical_density,1000,2,384012,103476,103476,34.97775948912911,20.00411443730676,-6.912109098858641,12.472821726462769,67.76990499668256,107.14497873161416,0.307429660768502,0.645008769784069
2005,4,all,random,1000,2,384012,103476,103476,25.89183533505868,15.21270714717372,-0.6994275621948234,10.045083489414424,44.437278391878905,77.46448768866976,0.6205054122998015,0.7884470899341307
2005,4,all,spatial_coverage,1000,2,384012,103476,103476,29.127313755577237,17.163931117070565,-0.0245961602942573,11.337687134171633,49.87517866682418,87.73405847228324,0.5197351728053621,0.7257917147052066
2005,4,all,historical_density,1000,3,384012,103476,103476,38.56620507157801,21.77749301642413,-7.627034401547852,13.228772567700249,73.08208379336943,138.8894494216724,0.1580356055085273,0.5983866238517286
2005,4,all,random,1000,3,384012,103476,103476,26.05031410035017,15.163273973246708,-2.1633140849157733,10.44804094584748,41.93952495906085,73.88175136162552,0.6158455733194095,0.7871657596202494
2005,4,all,spatial_coverage,1000,3,384012,103476,103476,26.387131344130957,15.940301052792694,-1.0770948543939531,11.06015699355467,45.22240355189878,71.06721589826428,0.6058475128822138,0.778871103882123
2005,4,all,historical_density,1000,4,384012,103476,103476,30.66723808766977,18.004775157834498,-3.8429642461038913,11.84923772889988,55.01707379996009,93.7015364659221,0.4676107918529325,0.7057834220826756
2005,4,all,random,1000,4,384012,103476,103476,26.879435062133197,16.023023596730493,-0.630071306928788,10.725554747834366,46.49991997407884,82.23568052860698,0.5910029391147698,0.7690023606651214
2005,4,all,spatial_coverage,1000,4,384012,103476,103476,29.59356608840608,18.20631975383305,1.261917821721696,12.137622257630367,51.85168090353939,98.4588790988528,0.5042365365523264,0.7207216695349995
2005,4,all,historical_density,1000,5,384012,103476,103476,33.60049826725933,20.508706157876286,-3.7118779793380927,14.036064503570316,58.76481326811815,97.06816992802186,0.3608962747109017,0.6546745213486309
2005,4,all,random,1000,5,384012,103476,103476,27.45154243913364,16.256708189556758,-1.452445340475524,10.854754668901649,47.20821459003695,82.91756224132908,0.5734073026661016,0.7580248327137322
2005,4,all,spatial_coverage,1000,5,384012,103476,103476,29.09594404734234,17.43588936254318,-1.5127678204539388,11.909930013150555,49.809759872024856,85.66312509311904,0.5207690927075422,0.7289938785088649
2005,4,all,historical_density,1000,6,384012,103476,103476,37.23175972594942,21.74029356931808,-6.334163860780145,13.663755968278023,78.42141062758904,116.5763214897558,0.2152938791557693,0.6180405689292301
2005,4,all,random,1000,6,384012,103476,103476,26.37109743182422,15.42514565148789,-1.7771385326847644,10.170043710482815,45.40880886018351,75.06435042888091,0.6063263740546284,0.7798366797442644
2005,4,all,spatial_coverage,1000,6,384012,103476,103476,29.342295237846628,17.075848872794886,0.4484707936049144,11.084390996774689,49.395229947823125,101.45765274181922,0.5126195788709318,0.7238015529710555
2005,4,all,historical_density,1000,7,384012,103476,103476,33.02153665891231,19.58656484969476,-2.8678367369500646,12.939423573828805,60.644825965077786,101.98296528231084,0.3827309920219212,0.6585701178789947
2005,4,all,random,1000,7,384012,103476,103476,26.773178812854503,16.335275474665288,-0.1021745707415566,10.899836447631884,48.404007747075866,76.79689779674355,0.5942301346531619,0.7710319598297226
2005,4,all,spatial_coverage,1000,7,384012,103476,103476,27.41910138600382,16.055245549666544,-1.893108978873745,10.913847461400591,45.0267192580811,82.89005185973525,0.5744149647421528,0.7594415600717178
2005,4,all,historical_density,1000,8,384012,103476,103476,31.83166120638729,18.714348240014488,-4.072637468841757,12.243271714981915,54.74794006366834,100.4788177222773,0.4264140280120405,0.6910597950488686
2005,4,all,random,1000,8,384012,103476,103476,26.74219009475869,15.717161423684342,-1.7857732652874534,10.512465884343214,46.01311167982922,79.38412656298564,0.5951689108050735,0.7730149006393002
2005,4,all,spatial_coverage,1000,8,384012,103476,103476,25.37383722448796,15.230249060923128,-1.6555131448323248,10.512293810871428,43.338116541892006,76.62244674799092,0.6355380346981941,0.7981818846702133
2005,4,all,historical_density,1000,9,384012,103476,103476,36.15957244709534,20.88784884509071,-5.590244705816862,13.101327865082853,67.28107408232702,117.02824104994627,0.2598385069891769,0.6411376032281967
2005,4,all,random,1000,9,384012,103476,103476,27.12016878522469,15.822123434147466,-0.5514443604681711,10.117056596707158,49.01183516912957,85.11915554137853,0.583644131993203,0.7647161974172509
2005,4,all,spatial_coverage,1000,9,384012,103476,103476,27.334047485103163,16.76916446000586,-0.7338142663960494,11.485743362483532,46.55627855647137,87.3022967924741,0.5770511944582718,0.7626715664845466
2005,4,all,historical_density,1000,10,384012,103476,103476,35.79934064210885,20.60439022128076,-7.361150351086472,12.884188625186567,65.18993228949041,115.77030802206878,0.2745124410357159,0.6370623034949008
2005,4,all,random,1000,10,384012,103476,103476,26.697444131883124,15.704852701960595,0.2007428706271381,10.467900072335992,46.54059199229965,79.51799657780043,0.5965225323200238,0.7725968300938717
2005,4,all,spatial_coverage,1000,10,384012,103476,103476,29.700846701687677,17.25143238826842,-0.0149367347334593,11.46197200778326,47.532913194147895,95.24493523863146,0.5006356044404663,0.7159901993234404
2005,4,all,historical_density,1000,11,384012,103476,103476,36.16347961342602,21.01567255422373,-5.665247778229417,13.41130381538764,74.57622983688121,119.8737441820316,0.2596785443507523,0.6290889751140799
2005,4,all,random,1000,11,384012,103476,103476,25.975347923761248,15.173289136160824,-0.5512295875468436,10.342743087125797,42.403352531518834,77.00158554575088,0.6180533893919131,0.7862844916322489
2005,4,all,spatial_coverage,1000,11,384012,103476,103476,26.38773429619676,16.289170662192145,-0.1926922549605207,11.254780039658328,46.775996366933214,75.52590676535702,0.6058294997250815,0.7789706985737204
2005,4,all,historical_density,1000,12,384012,103476,103476,37.58521184635224,21.291621175900307,-5.404390967004576,13.318225130707418,69.4594532797725,143.02883333775816,0.2003242641884527,0.6182506633221946
2005,4,all,random,1000,12,384012,103476,103476,26.20026210257151,15.207774137373866,-1.9687634917611931,10.238525343369956,43.68459623473183,78.56774529077978,0.611410388912245,0.7833557927501955
2005,4,all,spatial_coverage,1000,12,384012,103476,103476,26.460858105553555,15.922955198784488,-1.3666297331130255,10.868039596168842,46.03226118933706,76.14028856580144,0.6036418784114349,0.777635443374618
2005,4,all,historical_density,1000,13,384012,103476,103476,31.822413342307584,18.57391536747017,-4.385728992153481,12.62479924332206,53.88378199084202,96.70632660334722,0.4267472606723198,0.6807690113244501
2005,4,all,random,1000,13,384012,103476,103476,26.633977632587428,15.636539797017656,-0.6642731398337309,10.49096229924504,44.36175551859907,82.82686192478066,0.5984385857678405,0.7737526831778764
2005,4,all,spatial_coverage,1000,13,384012,103476,103476,27.019992530071733,16.524005771660317,-1.5684206348143888,11.53843351526561,47.37648762067562,77.50838091646553,0.5867143149164945,0.767094769278316
2005,4,all,historical_density,1000,14,384012,103476,103476,33.04723072879706,19.585758879909093,-1.6285836699003746,12.127822332614612,61.0114228772063,118.36815818451396,0.3817700238157452,0.6493815106453444
2005,4,all,random,1000,14,384012,103476,103476,27.07835619823029,16.7017143487307,0.4943417974128712,11.294034263680912,48.651245908890274,83.0688664431894,0.5849269776841652,0.7649090549764173
2005,4,all,spatial_coverage,1000,14,384012,103476,103476,25.838798052464053,15.597848737018992,-1.445095003897148,10.513181430107949,45.87946965970988,74.59779847063145,0.6220585464684047,0.7894560067978877
2005,4,all,historical_density,1000,15,384012,103476,103476,35.05856625446692,20.387601962078392,-6.242803949376822,12.82182928061016,66.30576219608633,122.01697463139432,0.304225967046587,0.6520466206621723
2005,4,all,random,1000,15,384012,103476,103476,26.484466797009336,16.00103635550966,0.769246817815408,10.771404728289356,46.81285561073581,77.66119951208303,0.6029342920590981,0.7769003304845962
2005,4,all,spatial_coverage,1000,15,384012,103476,103476,25.83722722122538,15.45422879269196,-1.0126391556579135,10.55543833611253,44.43899458457048,77.4107169180002,0.6221044978469774,0.7891873622264591
2005,4,all,historical_density,1000,16,384012,103476,103476,33.862718036473794,19.567198024850697,-6.374237950817516,12.28523011115169,62.152273010582405,109.71906860083531,0.3508821640368631,0.6607237216791592
2005,4,all,random,1000,16,384012,103476,103476,26.13178436696791,15.468172883065186,-2.258389647956401,10.551709985329753,43.65734446966664,70.57618207210157,0.6134389917229719,0.7854771680191226
2005,4,all,spatial_coverage,1000,16,384012,103476,103476,26.444133929168437,16.15234625692558,-0.8109038878645621,11.13434956114716,47.63522958689994,77.42039952723435,0.6041427441284155,0.7781769753150062
2005,4,all,historical_density,1000,17,384012,103476,103476,37.20173411789321,21.247449184632284,-7.797675987194252,12.862525263621876,74.20735287977647,122.51119893961072,0.2165590236497767,0.6287414580640484
2005,4,all,random,1000,17,384012,103476,103476,26.525934239722485,15.927378671757037,-0.4931393756769962,10.547442099015823,46.53014254621412,85.87169763190283,0.6016899257137189,0.7758576384618648
2005,4,all,spatial_coverage,1000,17,384012,103476,103476,27.39876426035112,16.655751227422506,0.9197965044237908,11.127722700581558,48.76258823952108,85.57249400336217,0.5750460551914214,0.7595145033941129
2005,4,all,historical_density,1000,18,384012,103476,103476,35.82552035350439,21.0786560563878,-4.50925000418772,13.455148021758106,68.00379852279232,116.36824578601733,0.2734509689922324,0.6303449437644175
2005,4,all,random,1000,18,384012,103476,103476,26.198098109864357,15.71811033297224,-1.0609597091292484,10.933963443903052,44.27216606101051,71.81046428909542,0.6114745768470213,0.7823851534776177
2005,4,all,spatial_coverage,1000,18,384012,103476,103476,26.03606111783565,15.710884055617177,0.7474011803377361,10.628775661212645,43.98184526412024,81.59546749557886,0.6162658253312936,0.785940394630734
2005,4,all,historical_density,1000,19,384012,103476,103476,32.721875463157176,19.08118996166088,-1.486916646825868,12.398583466812283,60.46155504711628,107.4860163982556,0.393883246282302,0.662642781033515
2005,4,all,random,1000,19,384012,103476,103476,27.12450300807648,15.950943976300438,0.1377508288006486,10.845144151478875,45.87418693884179,82.20388578888742,0.583511041131437,0.763886643948266
2005,4,all,spatial_coverage,1000,19,384012,103476,103476,25.78064496771175,15.387931665599154,-2.007028818592452,10.647520779162846,43.84708744130042,79.05061847428807,0.6237578305333905,0.7913145855608291
2005,4,all,historical_density,5000,0,384012,103476,103476,33.26585540762086,17.893160254161412,-7.35553071503638,10.18314175509326,64.59928153569174,119.04621170236342,0.3735631389994458,0.6972451357800323
2005,4,all,random,5000,0,384012,103476,103476,22.3998081415098,12.429506610682097,-0.765372686660889,8.176340348021427,35.92838494546771,63.30295737130673,0.7159671897484812,0.8475028038517168
2005,4,all,spatial_coverage,5000,0,384012,103476,103476,31.712258193199663,13.68503588665892,-0.0138447376650115,8.679597673020027,37.63795003100975,64.50032560093986,0.4307090876542279,0.6942172067368945
2005,4,all,historical_density,5000,1,384012,103476,103476,32.292650201476285,17.616535747550735,-6.583467172252477,10.392687512592005,59.7486578902914,103.87005312393651,0.4096802814916859,0.7065814951388814
2005,4,all,random,5000,1,384012,103476,103476,22.72730519341513,12.709455145948324,-0.3619097894115504,8.433362412914619,36.89867363766804,64.46313834851799,0.7076010548640758,0.8431421609046748
2005,4,all,spatial_coverage,5000,1,384012,103476,103476,23.336389779958974,13.616473770814352,-0.4618830307661607,8.984961281343004,40.84252752067442,70.14118680461942,0.6917186488207163,0.8317719176457713
2005,4,all,historical_density,5000,2,384012,103476,103476,33.58132750416372,18.310548989278,-7.737182265665134,10.659111374125018,65.06963975624375,110.55894477880764,0.361625347880845,0.6886561273888364
2005,4,all,random,5000,2,384012,103476,103476,22.3857861282257,12.517927057314786,-0.7145745103447492,8.2776424369207,36.87270081484368,64.50190747191164,0.7163226807641373,0.848684010953811
2005,4,all,spatial_coverage,5000,2,384012,103476,103476,23.08385687962596,13.560364921538348,-0.3950595994804096,9.251887924555206,39.15298114336031,67.09422326895158,0.6983546327275287,0.8360686246332459
2005,4,all,historical_density,5000,3,384012,103476,103476,31.512841954378832,17.64151715252033,-6.183866263664365,10.919998375665244,58.53085267319624,100.54555486925044,0.4378463220608416,0.7159080210044675
2005,4,all,random,5000,3,384012,103476,103476,22.904584651450214,12.726154019688767,-0.7817168964588804,8.523757464781426,37.22851923451776,62.00231736272055,0.7030216737943655,0.8402521009959625
2005,4,all,spatial_coverage,5000,3,384012,103476,103476,27.6638040331143,14.590395799332294,-0.993204060956254,9.732234408218062,41.06663261754106,70.46458676733944,0.5667847735430014,0.7591304567299785
2005,4,all,historical_density,5000,4,384012,103476,103476,31.11799522860591,17.336699385025035,-6.847892000649725,10.16712498231388,60.49755154883421,103.13447709938026,0.451845311040716,0.724351899738857
2005,4,all,random,5000,4,384012,103476,103476,23.04933109270327,13.237859438798385,-0.1142924225417893,8.731982224572192,39.30855884400182,67.00756878690136,0.6992562806090661,0.8367558340148014
2005,4,all,spatial_coverage,5000,4,384012,103476,103476,25.42683180547316,14.287082111205216,-0.196491504175245,9.408639880128275,41.45465714787567,73.404852419442,0.634014049291931,0.7982945061690145
2005,4,all,historical_density,5000,5,384012,103476,103476,32.85336735615903,18.314281121877304,-7.752001462205458,10.715589428855822,64.15643666726395,103.8105186264843,0.3890021339914477,0.6998979669557145
2005,4,all,random,5000,5,384012,103476,103476,23.421474886160595,13.03567543394762,-1.4298632556499822,8.403762718355637,38.77623647875008,64.47747471712051,0.6894665464456211,0.8317556057443781
2005,4,all,spatial_coverage,5000,5,384012,103476,103476,28.302926281150068,14.445548289023789,-0.0632096881056211,9.372236849406818,40.07459733350203,70.80839796631172,0.5465362302594493,0.7601405305632019
2005,4,all,historical_density,5000,6,384012,103476,103476,32.6979488630306,17.907516786449115,-7.519176967894797,10.468810200263905,64.19996098361732,104.77811855722216,0.3947693208647937,0.7035948560273533
2005,4,all,random,5000,6,384012,103476,103476,22.779459799049743,12.8339488846665,-0.7722887313127851,8.602292113304344,36.97776980772426,63.75161038865157,0.7062575212307344,0.8416384494365545
2005,4,all,spatial_coverage,5000,6,384012,103476,103476,24.568037537929214,13.987228760635418,0.0875067588386629,9.31437047616501,39.90248996523481,71.82312410260774,0.6583189856539902,0.8120440871116473
2005,4,all,historical_density,5000,7,384012,103476,103476,32.652971692318744,17.98478590376193,-6.995997873161876,10.377757888945382,63.82696668646955,106.7750764848083,0.3964332075864794,0.7014965464422392
2005,4,all,random,5000,7,384012,103476,103476,22.73792709457684,12.898319147206104,-0.7773062578416601,8.549261157286821,37.41652299286169,66.02273370642992,0.7073276781091811,0.8417660948580297
2005,4,all,spatial_coverage,5000,7,384012,103476,103476,26.2959513999125,14.454061070505254,-0.3683473191278,9.520312620774009,40.75800430811766,72.50454373935203,0.6085667708866556,0.7822646920093658
2005,4,all,historical_density,5000,8,384012,103476,103476,32.956255467845644,18.24644192092508,-7.623231068995267,10.40564984458902,66.45184772746077,108.73768357681686,0.3851691720054955,0.6999933825450126
2005,4,all,random,5000,8,384012,103476,103476,22.53399492443336,12.434205620919377,-1.2720250911468065,8.19787324240636,36.62749367724625,64.34032151506955,0.7125539811404316,0.8459307672882135
2005,4,all,spatial_coverage,5000,8,384012,103476,103476,27.6391153769129,14.280953785988206,0.1362284784876693,9.1438227006347,39.91581679482614,77.48710058570569,0.5675576773096633,0.7617687388294903
2005,4,all,historical_density,5000,9,384012,103476,103476,30.166964106592506,17.15922552617183,-5.659359330430652,10.507386820469492,56.14110953205783,90.37989185803052,0.4848388229381426,0.7319485478760929
2005,4,all,random,5000,9,384012,103476,103476,23.479964063108387,12.9817014899691,-0.498521847170842,8.375247614504218,38.2329077521986,70.6922276917393,0.6879136532357764,0.8297787043988333
2005,4,all,spatial_coverage,5000,9,384012,103476,103476,24.70656035445602,13.993708187887904,-0.8136972882937629,9.252461620727187,40.12140774203998,71.29412994561105,0.6544550995528484,0.8098252198735569
2005,4,all,historical_density,5000,10,384012,103476,103476,30.766760547058457,17.154750548626627,-6.406118436396858,10.561977113051114,54.99359745618571,94.00726019489196,0.4641497265215419,0.7217366569340098
2005,4,all,random,5000,10,384012,103476,103476,22.633095109619376,12.668229862564116,-1.1836452293115682,8.273157374464517,37.5923936333093,66.29997309421168,0.7100201568740712,0.8435114469062603
2005,4,all,spatial_coverage,5000,10,384012,103476,103476,26.08299463955246,14.385660774084432,0.3991492627268968,9.53552816593148,40.35710683868817,73.5536416541327,0.6148811128845229,0.7853932176552123
2005,4,all,historical_density,5000,11,384012,103476,103476,31.714917709947763,17.218895574868636,-6.39201186841225,10.45603082972886,57.02582593304264,98.65901902697188,0.4306135976267837,0.7104897610933435
2005,4,all,random,5000,11,384012,103476,103476,22.78788038960632,12.86740193606505,-0.833489571686354,8.419483816040525,38.32141663537443,65.22104988652013,0.7060403130672952,0.8414126313235368
2005,4,all,spatial_coverage,5000,11,384012,103476,103476,23.19510077923055,13.397896957840686,-0.8909028284075423,8.931231987120697,39.24735154505152,67.59271324951052,0.695440296285454,0.8348195003578115
2005,4,all,historical_density,5000,12,384012,103476,103476,30.76034720857981,16.84234275362138,-5.944303039058506,10.295164204588502,52.697008055202446,94.77001629036896,0.4643730994693389,0.7210571285446531
2005,4,all,random,5000,12,384012,103476,103476,23.55470910091862,12.899960162673358,-0.836804177169511,8.46834182367212,37.93684259500381,70.63987692221313,0.6859235279846709,0.8286258851654684
2005,4,all,spatial_coverage,5000,12,384012,103476,103476,25.480359113663305,14.294556053974716,-0.650182191864153,9.366975008013526,41.30698389893905,74.96756560962045,0.6324715163384174,0.7967322278150688
2005,4,all,historical_density,5000,13,384012,103476,103476,32.888320835440304,18.32988753255019,-7.552072888352997,10.782815979647864,66.03171954180226,106.16114201886045,0.3877013320454117,0.6982021551412778
2005,4,all,random,5000,13,384012,103476,103476,22.648298180653924,12.866427084239312,-0.3333226558623106,8.522243093269651,37.57917630109314,67.31569296059091,0.7096304563230623,0.8429990943968447
2005,4,all,spatial_coverage,5000,13,384012,103476,103476,24.67484249351224,13.86280671993167,-0.3931271399569738,9.267673789611848,38.89825501633173,68.22700837687788,0.655341739364279,0.8102468292642983
2005,4,all,historical_density,5000,14,384012,103476,103476,31.0551437602188,17.675641933750356,-6.032287579026753,10.77813490414232,60.7651506673076,95.01237788346116,0.454057377326532,0.7192570899334786
2005,4,all,random,5000,14,384012,103476,103476,22.774008757470902,13.02334224370342,-1.4635505816624472,8.836484198703971,37.40216509957696,63.6711728343692,0.7063980874160972,0.8421384718302436
2005,4,all,spatial_coverage,5000,14,384012,103476,103476,32.35446912908723,14.804419832435556,-0.4998970222184521,9.654967946667682,40.6745452792576,70.46413619792418,0.4074179796023477,0.6868344636234642
2005,4,all,historical_density,5000,15,384012,103476,103476,31.300672937101503,17.369891360613295,-6.5123201748878285,10.401348877616044,58.63607173416287,103.1155377011848,0.4453905530069372,0.7166815988052012
2005,4,all,random,5000,15,384012,103476,103476,23.60930083561672,13.178998118941625,-1.2888712079907514,8.55626008500488,39.15171125422761,69.63264951222631,0.6844659978907413,0.8282409430917826
2005,4,all,spatial_coverage,5000,15,384012,103476,103476,24.691857247152686,13.57652101931128,-0.1647895922274121,9.071717276010872,39.19479225516007,66.98575400946898,0.65486625124089,0.8097430805381454
2005,4,all,historical_density,5000,16,384012,103476,103476,30.11244625494657,16.658203124067516,-5.937691147453277,10.27695902582181,54.34353692214101,89.39260478910134,0.486699142884972,0.7316996083549837
2005,4,all,random,5000,16,384012,103476,103476,23.41928653077947,13.268403103699349,-0.5297378549181085,8.588573452117288,39.9969025831946,70.23126857181951,0.6895245723223531,0.8308020798726353
2005,4,all,spatial_coverage,5000,16,384012,103476,103476,24.08354704743539,14.065408700430416,-0.5410290069053543,9.237401023156169,40.74739337082573,73.60850185339856,0.671662252173443,0.8197882837935394
2005,4,all,historical_density,5000,17,384012,103476,103476,33.21504244935392,17.992439266091694,-7.257543001025228,10.583198592785834,64.28210867977653,107.718262546655,0.3754754180603062,0.6919265453979259
2005,4,all,random,5000,17,384012,103476,103476,22.396616587125585,12.525907457459272,-1.271739559638151,8.246419971430953,36.81054310846315,65.19046240060283,0.716048122725674,0.8477676667607773
2005,4,all,spatial_coverage,5000,17,384012,103476,103476,26.232894178756577,14.569319106613111,0.1669563386333959,9.635770273282134,40.205684136362,78.02235708130237,0.6104418197863459,0.7854752333274359
2005,4,all,historical_density,5000,18,384012,103476,103476,32.74666239653314,17.861638531641773,-7.124139539392165,10.40101634899824,62.21237312908295,107.49290214042836,0.392964627428058,0.6940503998706079
2005,4,all,random,5000,18,384012,103476,103476,22.69193608889401,12.475361768446724,-1.1623757278066809,8.251359568357685,36.59861802476395,64.78651955263393,0.7085104316284812,0.8428065993649421
2005,4,all,spatial_coverage,5000,18,384012,103476,103476,23.612284761433152,13.706762671360323,-0.3274727667948581,9.05971004662166,39.83880289620325,69.73914371358684,0.684386233601207,0.8274251117762883
2005,4,all,historical_density,5000,19,384012,103476,103476,31.7789736028294,17.668627562830086,-6.181134198579203,10.588628604077796,61.56045633553961,105.024616867959,0.428311249736497,0.7105068898117021
2005,4,all,random,5000,19,384012,103476,103476,23.109867409632805,12.89897644778433,-1.234885609683458,8.568205897641008,37.60518119376346,63.99899705981886,0.6976744711524352,0.836355868623136
2005,4,all,spatial_coverage,5000,19,384012,103476,103476,23.347454724836258,13.535713623132564,-0.4425607893166691,8.951956098303697,39.56505767328561,71.38001253540233,0.6914262364227652,0.8317818994079818
2005,4,spco2_le_threshold,historical_density,1000,0,384012,103476,103464,30.832854140693325,19.133595028561714,-3.2201552080847438,13.154384676022175,56.88672369978655,107.12921072475802,0.4221969335898119,0.7046713470315322
2005,4,spco2_le_threshold,random,1000,0,384012,103476,103464,23.282532778011877,14.843124683502122,-1.2186555853030423,10.007966530538624,43.41528371774975,71.63739417607269,0.6705323095383813,0.8194397401549371
2005,4,spco2_le_threshold,spatial_coverage,1000,0,384012,103476,103464,30.820246950660845,18.53377617109504,-2.446726720084241,11.89103463096032,55.3893111944105,103.43003380035806,0.4226693506913124,0.6911918762345891
2005,4,spco2_le_threshold,historical_density,1000,1,384012,103476,103464,34.26129272365352,20.685618800933195,-6.051335576579358,12.807314786147655,67.03856343116098,129.58692251128346,0.2865560223203903,0.6550240425490971
2005,4,spco2_le_threshold,random,1000,1,384012,103476,103464,23.892214230767788,15.400338488997445,-0.663444686700763,10.622228481728255,44.43810016194743,78.68421327606625,0.6530513628353103,0.8086683094356968
2005,4,spco2_le_threshold,spatial_coverage,1000,1,384012,103476,103464,23.738427927880856,15.774522824808749,0.686173095484481,10.863759943610006,46.10366324036321,76.98912790417428,0.6575033763964776,0.8110423946839738
2005,4,spco2_le_threshold,historical_density,1000,2,384012,103476,103464,32.86842967878621,19.882331843682778,-6.7888080634185535,12.47210849726872,67.68199635406926,106.6610416820784,0.343385760167885,0.6745926318191178
2005,4,spco2_le_threshold,random,1000,2,384012,103476,103464,23.47906135324335,15.101321966476636,-0.5863590969251372,10.044443614631746,44.39572494348671,77.32933234272807,0.6649467408200268,0.8161091218549519
2005,4,spco2_le_threshold,spatial_coverage,1000,2,384012,103476,103464,27.493071881251,17.06562805952536,0.07569475795111,11.3351218950734,49.81682312404108,87.5543325414094,0.5405916118319448,0.7415371132317572
2005,4,spco2_le_threshold,historical_density,1000,3,384012,103476,103464,36.72368036779408,21.658378413924577,-7.506278595311939,13.226874783007446,73.03190687723641,137.8566313554782,0.1803191611389692,0.6244303372439084
2005,4,spco2_le_threshold,random,1000,3,384012,103476,103464,23.5133183925332,15.048537690366024,-2.0470700358685,10.446309471830546,41.89745778402014,73.64818022655928,0.6639683110685887,0.8172194841505402
2005,4,spco2_le_threshold,spatial_coverage,1000,3,384012,103476,103464,23.89621896661873,15.826221418838674,-0.961291350549141,11.05835562738318,45.20642419431797,70.83241072588261,0.6529350442656883,0.8084605223121186
2005,4,spco2_le_threshold,historical_density,1000,4,384012,103476,103464,28.396308033045912,17.886657160306765,-3.723203728173498,11.84798212043711,54.92752362282824,93.236441976304,0.5099096596709197,0.735400174113016
2005,4,spco2_le_threshold,random,1000,4,384012,103476,103464,24.533212561649297,15.910054325171409,-0.5153167242713718,10.723659390796229,46.450174546331326,81.8482432957612,0.6341852363784544,0.7965487051487842
2005,4,spco2_le_threshold,spatial_coverage,1000,4,384012,103476,103464,27.971232761113328,18.10989509205495,1.3606004558467637,12.135812363319246,51.80630685596722,98.0854084288617,0.5244725411366562,0.737009810455159
2005,4,spco2_le_threshold,historical_density,1000,5,384012,103476,103464,31.44873893021132,20.38827821185561,-3.589501897365368,14.034758043873213,58.71532179521102,96.66445841812283,0.3988832135720374,0.6840628007267213
2005,4,spco2_le_threshold,random,1000,5,384012,103476,103464,25.09281278989893,16.143278736471263,-1.3372988538886257,10.851335100590518,47.16562547924796,82.64209405266256,0.6173065065560599,0.7863811298325445
2005,4,spco2_le_threshold,spatial_coverage,1000,5,384012,103476,103464,27.12110219201023,17.327638720449034,-1.40267037697472,11.908031777919348,49.7645156406855,85.4120682089901,0.5529387215564145,0.7515445936411761
2005,4,spco2_le_threshold,historical_density,1000,6,384012,103476,103464,35.2617681877735,21.61847140885724,-6.210554860872708,13.661694227450454,78.19358911600868,116.38596394685172,0.2442806235842655,0.6461585157827583
2005,4,spco2_le_threshold,random,1000,6,384012,103476,103464,23.9671155792484,15.31252230066323,-1.6629322536394149,10.168371515444534,45.386030328717695,74.84169520597888,0.650872606641353,0.8078268284042147
2005,4,spco2_le_threshold,spatial_coverage,1000,6,384012,103476,103464,27.2680035103032,16.964698845856773,0.5616533326824883,11.082659015578315,49.325805657053415,101.01515419708316,0.5480825949984942,0.7486119047943692
2005,4,spco2_le_threshold,historical_density,1000,7,384012,103476,103464,30.848848606259253,19.466743749208423,-2.746076558742469,12.937979474938686,60.59156002081511,101.61496946102277,0.4215973103276202,0.6879910454425106
2005,4,spco2_le_threshold,random,1000,7,384012,103476,103464,24.58335816897165,16.227014029074294,0.0079696283757547,10.898459170554077,48.38709507027391,76.60095518434638,0.6326882656160364,0.7956618306931562
2005,4,spco2_le_threshold,spatial_coverage,1000,7,384012,103476,103464,24.85063834747776,15.936210708495684,-1.7724315795295118,10.912757610146116,44.99602220842259,82.56660132342053,0.6246577235612487,0.7916657391082507
2005,4,spco2_le_threshold,historical_density,1000,8,384012,103476,103464,29.638573186373147,18.596347796221824,-3.952938844723049,12.24206180806135,54.69177514725866,100.1247804008373,0.4660913330357495,0.720145472237528
2005,4,spco2_le_threshold,random,1000,8,384012,103476,103464,24.160860491935587,15.599527520350128,-1.6665235665277698,10.511038527579814,45.97423102948318,78.99758741371868,0.6452052532808388,0.8048199730083789
2005,4,spco2_le_threshold,spatial_coverage,1000,8,384012,103476,103464,22.975256094722383,15.120008103484386,-1.5436977573406825,10.511062613025189,43.30191466989704,76.45375258236116,0.6791713769233224,0.825007549338414
2005,4,spco2_le_threshold,historical_density,1000,9,384012,103476,103464,34.149540820948296,20.76696131971874,-5.4675829280511,13.10017948494226,67.18891727663181,116.6814996375632,0.2912025892137786,0.6696403482063371
2005,4,spco2_le_threshold,random,1000,9,384012,103476,103464,24.773871185775985,15.709495310546902,-0.4370451073067541,10.115635188624111,48.96210419595915,84.85545887685011,0.6269731132595973,0.7925442815582424
2005,4,spco2_le_threshold,spatial_coverage,1000,9,384012,103476,103464,25.34983485929838,16.664140503080613,-0.6269304915406682,11.484121802502044,46.52046915085832,86.67447510556987,0.609426607114802,0.7842397895611468
2005,4,spco2_le_threshold,historical_density,1000,10,384012,103476,103464,33.81461597466519,20.4854700902364,-7.240694237686494,12.88272684085078,65.03354581396717,115.56008184979808,0.3050376058380907,0.6646804274991226
2005,4,spco2_le_threshold,random,1000,10,384012,103476,103464,24.46057178040628,15.59534823436416,0.3120921069051552,10.466138141087214,46.50317796790379,79.1052329117815,0.6363483228343212,0.7979343264177612
2005,4,spco2_le_threshold,spatial_coverage,1000,10,384012,103476,103464,27.62113325666074,17.13956292243488,0.0989318607281888,11.46068315680273,47.49758074351856,94.86446068997068,0.5363018409621803,0.7411805595400194
2005,4,spco2_le_threshold,historical_density,1000,11,384012,103476,103464,34.17756113650018,20.89585883258904,-5.5436536779382655,13.410233623479996,74.49248292076807,119.42197466182589,0.2900389498395586,0.6568940958382454
2005,4,spco2_le_threshold,random,1000,11,384012,103476,103464,23.344300130916643,15.056349790924902,-0.4325943411802526,10.341604237085136,42.36552624476257,76.70926698095911,0.6687818692825991,0.8178611707628829
2005,4,spco2_le_threshold,spatial_coverage,1000,11,384012,103476,103464,24.070162601799968,16.177955241155807,-0.0796099261989163,11.25316917744189,46.74008989713138,75.22588093422988,0.6478639943510655,0.8055889200980846
2005,4,spco2_le_threshold,historical_density,1000,12,384012,103476,103464,35.60715207090368,21.169583003673555,-5.280510156154661,13.315652569043834,69.39358544075516,141.7223063287885,0.2294037980672858,0.6467959509656872
2005,4,spco2_le_threshold,random,1000,12,384012,103476,103464,23.618926801890325,15.091474741708344,-1.8509286042555408,10.237576360489385,43.64795283754364,78.26779957041802,0.660943007112817,0.8143198237571101
2005,4,spco2_le_threshold,spatial_coverage,1000,12,384012,103476,103464,23.96772747417417,15.80808345839126,-1.2500697155839071,10.866375305831667,46.00108070721318,75.89300433571968,0.6508547795476604,0.8073675590677408
2005,4,spco2_le_threshold,historical_density,1000,13,384012,103476,103464,29.53920627182689,18.45339944882572,-4.263567494017578,12.62341000599278,53.83752542527071,96.17017989565136,0.469665319103243,0.7115372125050121
2005,4,spco2_le_threshold,random,1000,13,384012,103476,103464,24.247888131082085,15.52378678718198,-0.5497836110167077,10.487593080171736,44.31945360034833,82.57970063039556,0.642644702200738,0.8017692258304117
2005,4,spco2_le_threshold,spatial_coverage,1000,13,384012,103476,103464,24.61968275318582,16.409359249463858,-1.4520395283988548,11.537192025927254,47.3513447765714,77.09381136145561,0.6316019776163289,0.7957338519647198
2005,4,spco2_le_threshold,historical_density,1000,14,384012,103476,103464,31.001579442999944,19.469142786658907,-1.5098848608986235,12.125689074299231,60.97662926646468,118.09766585685504,0.4158558571673879,0.6761171918754305
2005,4,spco2_le_threshold,random,1000,14,384012,103476,103464,24.93006041466947,16.59427311037603,0.6037774751257129,11.29224968688979,48.61685729980572,82.82815446110857,0.6222547191915153,0.7889725856948894
2005,4,spco2_le_threshold,spatial_coverage,1000,14,384012,103476,103464,23.463468158051683,15.48703844272976,-1.3326432396783017,10.512651646896728,45.84174167563838,74.43487207721937,0.6653916321975653,0.8163778102753783
2005,4,spco2_le_threshold,historical_density,1000,15,384012,103476,103464,33.13912743923741,20.271327410602545,-6.124888850694673,12.81980792561194,66.24282167029509,121.77816475965083,0.3325257380834993,0.6780932429212619
2005,4,spco2_le_threshold,random,1000,15,384012,103476,103464,24.118294174979763,15.8893026521008,0.882925578423682,10.769819225507971,46.78395905792032,77.38481407450439,0.6464542983731542,0.8045109545200616
2005,4,spco2_le_threshold,spatial_coverage,1000,15,384012,103476,103464,23.350474003847854,15.340548175378249,-0.8972835685417164,10.554137636427726,44.39825534574107,77.12134974544807,0.6686066514309159,0.8180606998697141
2005,4,spco2_le_threshold,historical_density,1000,16,384012,103476,103464,31.732877129277828,19.446859337695248,-6.2523691128764,12.284132520924828,62.09194748608546,109.32509887235835,0.3879720079779447,0.6899891932835289
2005,4,spco2_le_threshold,random,1000,16,384012,103476,103464,23.725447542689903,15.356738988254182,-2.145423651169623,10.550074615796632,43.62206701434242,70.08822276216928,0.6578778344380762,0.8132268239513569
2005,4,spco2_le_threshold,spatial_coverage,1000,16,384012,103476,103464,24.04756261672621,16.0392474177944,-0.6960257118777745,11.131786911253698,47.6014475809392,77.18408956569161,0.6485249398136986,0.8061890741639656
2005,4,spco2_le_threshold,historical_density,1000,17,384012,103476,103464,35.28312148620733,21.12825430647973,-7.676921172461161,12.858292242058496,74.13468083468288,122.2875458781778,0.2433650717988814,0.6560004510857192
2005,4,spco2_le_threshold,random,1000,17,384012,103476,103464,24.4024388112124,15.821309638358422,-0.3852802426151829,10.545481104414137,46.47970747386108,85.50559232915226,0.6380747772364765,0.7990202895235746
2005,4,spco2_le_threshold,spatial_coverage,1000,17,384012,103476,103464,25.17477131366229,16.54542901368604,1.0321571718521922,11.126596375915112,48.71342460586148,85.33364836051955,0.6148025053946495,0.7854890013291996
2005,4,spco2_le_threshold,historical_density,1000,18,384012,103476,103464,33.87136328266837,20.960382140853277,-4.389054329658504,13.4532777524785,67.94686997908198,115.7412953827931,0.3027030924648138,0.6572917166606457
2005,4,spco2_le_threshold,random,1000,18,384012,103476,103464,23.73475026416681,15.604924723226624,-0.9460741283068688,10.9324035798509,44.22267627356715,71.60293924286736,0.657609490401851,0.811279745829752
2005,4,spco2_le_threshold,spatial_coverage,1000,18,384012,103476,103464,24.05495762209359,15.60903469381204,0.8511594130818599,10.626537615867475,43.953608259395686,81.33867364056508,0.6483087383100885,0.8065490438779743
2005,4,spco2_le_threshold,historical_density,1000,19,384012,103476,103464,30.55604523369576,18.962325659522342,-1.3660117191578955,12.396585071931042,60.37867346031265,107.1049755673016,0.432525077794363,0.691753484989959
2005,4,spco2_le_threshold,random,1000,19,384012,103476,103464,24.706278029708702,15.836576547312852,0.2539842627528734,10.843543099940348,45.84776493309025,81.81876899738613,0.6290058732826833,0.7931238657932469
2005,4,spco2_le_threshold,spatial_coverage,1000,19,384012,103476,103464,23.39945262168939,15.276720403894284,-1.894265608053552,10.646240563693908,43.801676461982254,78.80295770616489,0.6672149699620267,0.8182360353523775
2005,4,spco2_le_threshold,historical_density,5000,0,384012,103476,103464,31.2285809927572,17.776695479141075,-7.23784376076075,10.181317943961432,64.44948021930419,118.87798489715613,0.4072700302692373,0.7249678720308183
2005,4,spco2_le_threshold,random,5000,0,384012,103476,103464,19.75580778667889,12.321992781557224,-0.6565060236315854,8.174389686056458,35.90502827052598,63.05669563983122,0.7627850972570643,0.8745513566785588
2005,4,spco2_le_threshold,spatial_coverage,5000,0,384012,103476,103464,30.51621020765632,13.602127698238812,0.0663363079891454,8.678940244220797,37.61130682950099,64.33079368765196,0.4340037143877722,0.7018242091939586
2005,4,spco2_le_threshold,historical_density,5000,1,384012,103476,103464,30.07497056118439,17.49683473166081,-6.462486514913319,10.390449468727551,59.62077361919066,103.52693421621804,0.4502530769633832,0.7367969828073404
2005,4,spco2_le_threshold,random,5000,1,384012,103476,103464,20.006446906020926,12.59901402508125,-0.2500365709619518,8.431847907020313,36.88332270099143,64.17771078750782,0.7567278926473461,0.8717842999298957
2005,4,spco2_le_threshold,spatial_coverage,5000,1,384012,103476,103464,20.96870557514909,13.51041140525076,-0.3542949645832159,8.984562556152099,40.80344312861692,69.84949785230866,0.732763589969089,0.8560956243010038
2005,4,spco2_le_threshold,historical_density,5000,2,384012,103476,103464,31.466624479230404,18.191352056644757,-7.616759008893218,10.657320305469568,64.97223306194279,110.23635530493496,0.3981992840180892,0.7178769373032965
2005,4,spco2_le_threshold,random,5000,2,384012,103476,103464,19.74650207689059,12.409864218713016,-0.6051426909326103,8.276806952480655,36.84869067796209,63.986771505164114,0.7630085184576103,0.8756155360660062
2005,4,spco2_le_threshold,spatial_coverage,5000,2,384012,103476,103464,20.88878271817863,13.459911728010177,-0.2930794626302667,9.24955710908796,39.13774637019748,66.78445869146213,0.7347968669780904,0.8573890282254251
2005,4,spco2_le_threshold,historical_density,5000,3,384012,103476,103464,29.37011160721774,17.525448395951198,-6.066468621582725,10.917710888893197,58.4686803370722,100.1276981681858,0.4757196518216723,0.7441996129340572
2005,4,spco2_le_threshold,random,5000,3,384012,103476,103464,20.161396694112096,12.614769417731528,-0.668946950367657,8.52316543489917,37.19986479953148,61.8374720103724,0.7529450185304194,0.8694523700124567
2005,4,spco2_le_threshold,spatial_coverage,5000,3,384012,103476,103464,25.932103745631533,14.490055021513353,-0.8912862486049093,9.73078316198297,41.05054891088309,70.20969515501766,0.5912781209807048,0.7765435261049286
2005,4,spco2_le_threshold,historical_density,5000,4,384012,103476,103464,29.01272600161193,17.221992118803197,-6.731968217681846,10.166142299157428,60.41798321399853,102.7263335199259,0.4884012690694801,0.7517294387280511
2005,4,spco2_le_threshold,random,5000,4,384012,103476,103464,20.594939955631364,13.131779149942002,-0.006690031271086,8.730605527635305,39.26082511772119,66.78737152231295,0.7422056198070408,0.8619081913063291
2005,4,spco2_le_threshold,spatial_coverage,5000,4,384012,103476,103464,23.93159400982578,14.206135414922384,-0.1139105477895329,9.40615983976977,41.40367311451806,72.99905534180148,0.6519067204672488,0.8104007994367448
2005,4,spco2_le_threshold,historical_density,5000,5,384012,103476,103464,30.761335198810407,18.19693673241848,-7.63343203451192,10.71405689569906,64.05914935849349,103.48127424274274,0.4248743332852773,0.7282550451036371
2005,4,spco2_le_threshold,random,5000,5,384012,103476,103464,20.58165273086371,12.920969164266356,-1.313810916358615,8.401783754412577,38.75232838169363,64.1564572259256,0.7425381545858074,0.8631192055685856
2005,4,spco2_le_threshold,spatial_coverage,5000,5,384012,103476,103464,27.2755980121698,14.373276611710152,0.0107300869348668,9.369288016740429,40.04336412124959,70.4575013921834,0.5478308299203822,0.7657596428534609
2005,4,spco2_le_threshold,historical_density,5000,6,384012,103476,103464,30.596525542731467,17.79051246494325,-7.400967782109352,10.466231703225873,64.13506282848886,104.10270484374112,0.4310205129019565,0.7320490252750357
2005,4,spco2_le_threshold,random,5000,6,384012,103476,103464,20.099077092307667,12.723980383587088,-0.6609212902944538,8.600764327967795,36.94911294879553,63.63934809693603,0.7544699696971153,0.8697304536502732
2005,4,spco2_le_threshold,spatial_coverage,5000,6,384012,103476,103464,22.41813025574328,13.8844473723161,0.1919205683502189,9.313429212192688,39.86575009802602,71.46725574775175,0.694542240531723,0.8344040501467521
2005,4,spco2_le_threshold,historical_density,5000,7,384012,103476,103464,30.60434470606676,17.86931630337618,-6.879253767089442,10.376951489001272,63.77041319453714,106.37692622125029,0.4307296620981498,0.7288982622505465
2005,4,spco2_le_threshold,random,5000,7,384012,103476,103464,20.10384816950805,12.789742752833265,-0.6673240396588698,8.547764447421287,37.38975281419805,65.75249471930836,0.7543533890440306,0.8691451519816477
2005,4,spco2_le_threshold,spatial_coverage,5000,7,384012,103476,103464,24.2204290594641,14.34849391289834,-0.2611464670472841,9.516855470433429,40.73423599743907,72.22093348751443,0.6434536046988424,0.8047986497218003
2005,4,spco2_le_threshold,historical_density,5000,8,384012,103476,103464,30.930572772367046,18.130071639117297,-7.505628682008649,10.402537023005776,66.35109194386945,108.41746989246704,0.4185286648310233,0.7272374827164276
2005,4,spco2_le_threshold,random,5000,8,384012,103476,103464,19.753296417248087,12.322717397482563,-1.1592422515501954,8.196350838189375,36.586871372051256,64.07455426577035,0.7628454032082737,0.8751115493107413
2005,4,spco2_le_threshold,spatial_coverage,5000,8,384012,103476,103464,25.921581224964186,14.18139025915927,0.2374641442941602,9.142308992682588,39.8825270429908,77.01024956556753,0.5916097494434382,0.7792945824723437
2005,4,spco2_le_threshold,historical_density,5000,9,384012,103476,103464,27.90368588173287,17.041834380030753,-5.540634402545694,10.506052471546468,56.05322881797276,90.05707007654401,0.5267664416519668,0.7612511238575168
2005,4,spco2_le_threshold,random,5000,9,384012,103476,103464,21.077022684239324,12.87632110615449,-0.3916936345876406,8.373818123719275,38.20515593644594,70.48126999801124,0.7299955565759578,0.8546345662862707
2005,4,spco2_le_threshold,spatial_coverage,5000,9,384012,103476,103464,22.960788257946803,13.900880708804907,-0.7193411603010494,9.251053166420377,40.09334627538797,70.9275131157488,0.6795753101515154,0.8257238428001968
2005,4,spco2_le_threshold,historical_density,5000,10,384012,103476,103464,28.48616734252445,17.036273125921365,-6.286394361857658,10.559630677164336,54.96374921018448,93.53405277212616,0.5068029980669815,0.7518110994473571
2005,4,spco2_le_threshold,random,5000,10,384012,103476,103464,20.08763883906714,12.560838109342198,-1.0749214667376132,8.272793022861208,37.565812143618885,66.04854564243011,0.7547493492448398,0.8694722034862202
2005,4,spco2_le_threshold,spatial_coverage,5000,10,384012,103476,103464,24.213449611198783,14.284825262538856,0.5016995515905907,9.534689070826005,40.31935895104039,73.09050831664162,0.6436590625432779,0.8041221555106222
2005,4,spco2_le_threshold,historical_density,5000,11,384012,103476,103464,29.472839239125573,17.09946511682388,-6.271325682728148,10.455239446511598,56.938981555717255,98.10840723205212,0.4720456945104923,0.7406419521257437
2005,4,spco2_le_threshold,random,5000,11,384012,103476,103464,20.19807760994539,12.758875843829504,-0.7235677577662369,8.418679865616582,38.2846923102125,64.85771201579963,0.7520452349647028,0.8681842087941267
2005,4,spco2_le_threshold,spatial_coverage,5000,11,384012,103476,103464,20.782832789556075,13.292578571317952,-0.784133851055601,8.929780723229811,39.2212940245166,67.39423265793471,0.7374803162591945,0.8594395561071505
2005,4,spco2_le_threshold,historical_density,5000,12,384012,103476,103464,28.39026201163945,16.72128468149273,-5.821980986447996,10.293488718176064,52.63393324073498,94.251830070744,0.5101183333647179,0.7527199173165011
2005,4,spco2_le_threshold,random,5000,12,384012,103476,103464,20.74904405621199,12.785395923091489,-0.7208408241585657,8.467255721579278,37.90920359846284,70.30126147084258,0.7383332314598003,0.8596625522204727
2005,4,spco2_le_threshold,spatial_coverage,5000,12,384012,103476,103464,23.20061763018085,14.185267428809135,-0.5393110598716074,9.365556427845036,41.29064885516773,74.75519179299644,0.6728465695949617,0.8219138189047589
2005,4,spco2_le_threshold,historical_density,5000,13,384012,103476,103464,30.768493579154416,18.21142967363537,-7.432364992944995,10.781036021798483,65.94539515235395,105.58135390001436,0.4246066305171655,0.7270586677284189
2005,4,spco2_le_threshold,random,5000,13,384012,103476,103464,20.03064538830884,12.758420986450568,-0.2238629389099888,8.520976044962936,37.53423394742435,67.06838603105906,0.756139044866311,0.8700512886159167
2005,4,spco2_le_threshold,spatial_coverage,5000,13,384012,103476,103464,22.53600713361327,13.759128608251178,-0.2878867829065003,9.26667511157359,38.8748283083828,67.967629657483,0.6913215375269806,0.8324445870863975
2005,4,spco2_le_threshold,historical_density,5000,14,384012,103476,103464,28.873275853387728,17.559097991339343,-5.914393212775012,10.776418752164034,60.70515802050267,94.6599329203559,0.4933074653611455,0.7478268113233321
2005,4,spco2_le_threshold,random,5000,14,384012,103476,103464,20.18725503327239,12.91533205648725,-1.3541996624047483,8.835174083674929,37.38133212309633,63.48699312855919,0.7523108830690406,0.8688161882700721
2005,4,spco2_le_threshold,spatial_coverage,5000,14,384012,103476,103464,31.11047356487144,14.718763597544202,-0.413593561718229,9.65394389815532,40.64840583656159,70.09223364114742,0.411744996975768,0.696841237553392
2005,4,spco2_le_threshold,historical_density,5000,15,384012,103476,103464,29.09615334010609,17.25232693554277,-6.393496462971359,10.399348346248187,58.58004597692965,102.56197453489033,0.4854547905841162,0.7458566425474683
2005,4,spco2_le_threshold,random,5000,15,384012,103476,103464,20.91111871344196,13.066664679389474,-1.1751587233317875,8.555089454058589,39.11082075703869,69.30391193957789,0.7342294099856048,0.8577085057159121
2005,4,spco2_le_threshold,spatial_coverage,5000,15,384012,103476,103464,22.52183956517885,13.471017416318112,-0.057730464828413,9.070679645955837,39.17485616260039,66.45822877491013,0.691709525387666,0.8324412494030711
2005,4,spco2_le_threshold,historical_density,5000,16,384012,103476,103464,27.84905927133469,16.542146917764523,-5.820391550756338,10.275220921801065,54.27293963743773,89.02502712464111,0.5286175118752265,0.7609264818956215
2005,4,spco2_le_threshold,random,5000,16,384012,103476,103464,20.97115202918888,13.161312488211442,-0.4211697788353565,8.587896583407002,39.97295127487312,69.87565494361156,0.7327012284912713,0.8562723757545105
2005,4,spco2_le_threshold,spatial_coverage,5000,16,384012,103476,103464,22.313651525794867,13.977678504046452,-0.4517302209025646,9.235660769966556,40.71969580441535,73.1200140677899,0.6973827514810128,0.8355912069706715
2005,4,spco2_le_threshold,historical_density,5000,17,384012,103476,103464,31.021245210236028,17.87164263041856,-7.135501306634273,10.581790468336948,64.22282284291376,107.39327899491006,0.4151145216271265,0.7223235710525864
2005,4,spco2_le_threshold,random,5000,17,384012,103476,103464,19.73428487837863,12.417657391919729,-1.1621842090257906,8.244215619361313,36.779553088842846,64.95337013694565,0.7633016819027909,0.8750566257153409
2005,4,spco2_le_threshold,spatial_coverage,5000,17,384012,103476,103464,24.55854787516073,14.473168195460904,0.2648163979467328,9.634648712504005,40.17842113842765,77.44738219261787,0.6334292964686015,0.8014639935774641
2005,4,spco2_le_threshold,historical_density,5000,18,384012,103476,103464,30.70585480847895,17.746219798128966,-7.007475445291065,10.397161079957783,62.13739173950975,107.0749863060119,0.426947027584944,0.7211991455039786
2005,4,spco2_le_threshold,random,5000,18,384012,103476,103464,19.82401322797272,12.362182569603528,-1.0478844220230248,8.249894717979629,36.55115018797672,64.47283038732758,0.7611443365969172,0.8734735753396607
2005,4,spco2_le_threshold,spatial_coverage,5000,18,384012,103476,103464,21.213618142732983,13.599931042800998,-0.2190893764743871,9.058620220975172,39.80873000777461,69.48817627143532,0.7264845397422233,0.8524092562013432
2005,4,spco2_le_threshold,historical_density,5000,19,384012,103476,103464,29.59625636296275,17.55080018243303,-6.061974471468597,10.587542692296182,61.39635624734428,104.81895612088084,0.4676148334887697,0.7396812407618445
2005,4,spco2_le_threshold,random,5000,19,384012,103476,103464,20.347417619568848,12.786599149466742,-1.1211554824586454,8.566692840020295,37.5614969210592,63.853322000577954,0.7483650370935357,0.8660957723819158
2005,4,spco2_le_threshold,spatial_coverage,5000,19,384012,103476,103464,21.011728915506843,13.432065970999016,-0.3373945622777833,8.950934319849239,39.521754637049725,71.1225615809466,0.7316658399815381,0.8555077458927767
2010,0,all,historical_density,1000,0,391248,96240,96240,38.40263989461256,19.846411537577065,-2.3042615273129194,12.490077002627942,52.52102651539578,176.88006387061287,0.218028679691032,0.5700322875978581
2010,0,all,random,1000,0,391248,96240,96240,30.59263766585916,15.904235821206838,0.3526832043776249,9.68426982052756,47.99515936800199,103.1687684728278,0.5037477242856939,0.7099081074659492
2010,0,all,spatial_coverage,1000,0,391248,96240,96240,45.23216520143678,17.764777920778936,3.320989141473784,10.157889303692912,49.36887824290472,116.93717049380456,-0.0848343295091862,0.4263924627286833
2010,0,all,historical_density,1000,1,391248,96240,96240,37.48653666562115,19.89441302683876,-3.022624541884182,12.62183864530408,55.63186944769457,162.36080755284794,0.2548918701184326,0.5797778703873019
2010,0,all,random,1000,1,391248,96240,96240,29.822544749996517,15.822560157531354,-0.9916216607788017,10.154435441056478,47.41355733222732,99.16946555507,0.5284170844024052,0.7274549502487453
2010,0,all,spatial_coverage,1000,1,391248,96240,96240,30.76637421792085,16.978241061985987,0.5091230319496747,10.863754079284632,51.57661897668125,104.8974654133178,0.4980952548739158,0.7070374237123155
2010,0,all,historical_density,1000,2,391248,96240,96240,36.91519082488815,20.587367580879047,-1.4152373986777491,13.21538407378273,60.87825716313728,135.58727069648222,0.2774317062731938,0.5903375821675582
2010,0,all,random,1000,2,391248,96240,96240,29.94831252608482,15.686533001597043,0.7564720460564943,9.98247979880503,45.46266385616671,103.05984853865098,0.524431174004635,0.7246341510594919
2010,0,all,spatial_coverage,1000,2,391248,96240,96240,30.42685004698182,16.986898345446757,1.256843739384773,11.311955474729928,48.96161214022701,102.36522563333791,0.5091117310466148,0.7166919119850668
2010,0,all,historical_density,1000,3,391248,96240,96240,39.43032491397846,21.716728876984,-3.058758534973613,13.25214454689197,67.70186129653227,155.49130275990376,0.1756163366883695,0.5749185518240103
2010,0,all,random,1000,3,391248,96240,96240,31.68441045913056,16.04709248285377,-0.0816514882168688,9.55870299559939,49.3225360099607,118.75557328996224,0.4676957583433033,0.684472876850405
2010,0,all,spatial_coverage,1000,3,391248,96240,96240,39.55901355813668,18.035915930044908,1.7652717485111404,10.925814045392483,49.26686671058332,127.95903132106484,0.1702264781457627,0.5450345523724521
2010,0,all,historical_density,1000,4,391248,96240,96240,38.60865804714871,20.744480052464738,-1.6737859438227498,13.217442838397346,57.46438958589272,171.09647284275582,0.209616111517772,0.559058749003028
2010,0,all,random,1000,4,391248,96240,96240,29.447147154476536,15.222135011941852,0.0948989875518042,9.582645121632764,43.77036210370954,103.91415249171278,0.5402146614301473,0.7351918012275807
2010,0,all,spatial_coverage,1000,4,391248,96240,96240,30.475652355415264,15.933801884960143,1.6306989176377449,10.088135095055776,45.74140214722026,106.61928670119175,0.5075357747554023,0.7152177466868238
2010,0,all,historical_density,1000,5,391248,96240,96240,34.97855652971471,19.096076244911178,-0.7931577641152034,12.185773057762702,57.24222698909008,140.1736705086331,0.3512573775920076,0.6203351014304673
2010,0,all,random,1000,5,391248,96240,96240,29.851100737213656,16.158121587718316,0.6780745140818867,10.40857648756105,47.89414762436665,99.60865144472082,0.527513542258681,0.7264843663326976
2010,0,all,spatial_coverage,1000,5,391248,96240,96240,31.818284362212516,17.039101792590174,1.9762754776064448,10.86329059835552,49.01707278627053,105.44432666277434,0.4631880402683733,0.684916378391499
2010,0,all,historical_density,1000,6,391248,96240,96240,39.42637650630672,20.938906408086165,-3.8006906286974096,12.741145511576548,61.35239184742126,164.85016815797334,0.1757814299162736,0.5670881076143672
2010,0,all,random,1000,6,391248,96240,96240,29.84737589878253,15.466671129161847,-1.6919705198419566,9.530532896030678,46.11303459214616,110.2642374841406,0.5276314491947467,0.7274555865160864
2010,0,all,spatial_coverage,1000,6,391248,96240,96240,29.53006614196292,16.248646903669773,-0.2778672548419019,10.482262644318013,48.844680493058064,96.41559228467231,0.537621635237292,0.7340342233352526
2010,0,all,historical_density,1000,7,391248,96240,96240,36.726095135085416,20.181829824609625,-2.709317821428668,12.865493304963849,60.928288517743255,144.7358119715634,0.2848153657391843,0.599627063794258
2010,0,all,random,1000,7,391248,96240,96240,29.558923044085237,15.591857797022302,-0.7871334081584953,9.836780252487188,44.19511335714879,101.29021527358177,0.5367175176187056,0.7329350324430283
2010,0,all,spatial_coverage,1000,7,391248,96240,96240,29.70392874906896,16.713072041388177,0.1631652776615368,10.824240124907732,49.85922655611452,105.73848974317563,0.5321609659343756,0.7299596563447595
2010,0,all,historical_density,1000,8,391248,96240,96240,41.574746713818215,21.6251738994862,-4.739742106950149,12.32064598381652,73.13755790977062,175.60629305135615,0.0835096649896228,0.5405116242491164
2010,0,all,random,1000,8,391248,96240,96240,43.039881221224334,20.17530078605261,1.5010841672609168,10.907042710919796,61.74869883521051,167.35332592252473,0.0177754302169801,0.4332113665504563
2010,0,all,spatial_coverage,1000,8,391248,96240,96240,32.2011633859576,16.898459086269696,3.414725035759357,10.562909055151522,49.19711944913783,140.70955482925947,0.450191068885437,0.6817339045578541
2010,0,all,historical_density,1000,9,391248,96240,96240,36.76656434682164,20.15641598423405,-4.035960350124215,12.181872790479332,64.35017101881823,138.4920312392651,0.2832383451113462,0.6028963365648169
2010,0,all,random,1000,9,391248,96240,96240,30.273076843445622,15.5054998836046,-0.7974413641658595,9.519407535567808,45.53164330572315,107.5585830703324,0.5140609594352865,0.7172155642717237
2010,0,all,spatial_coverage,1000,9,391248,96240,96240,29.501545100655893,16.492968485653684,0.6746002725895227,10.658110542763666,51.3950254408008,95.52905311233074,0.5385143622583572,0.7347576533041066
2010,0,all,historical_density,1000,10,391248,96240,96240,38.95095688067252,20.96835602037753,-3.2741681256145974,13.7449303715714,59.87376686327831,157.30364095390067,0.1955391238973797,0.575225688387036
2010,0,all,random,1000,10,391248,96240,96240,30.46833550886643,16.402280923966973,-0.2549302946642534,10.485191875618028,48.28455182158415,102.64213778191834,0.50777221613304,0.7131768940543731
2010,0,all,spatial_coverage,1000,10,391248,96240,96240,31.59058990899673,16.841467980772432,-0.0471635945542459,10.5864799812351,49.74595425430249,119.74524956589616,0.4708434979370791,0.6911099848410098
2010,0,all,historical_density,1000,11,391248,96240,96240,36.55066730904968,20.31952181411143,-0.8354708492954295,12.607400823282743,63.25512537631144,136.8140656036516,0.2916314259726106,0.6048790335517278
2010,0,all,random,1000,11,391248,96240,96240,30.59119400681133,15.981703006649507,-0.8549301927043335,10.015036919916838,46.561217697766125,108.5435676194394,0.5037945592262993,0.7100645779262107
2010,0,all,spatial_coverage,1000,11,391248,96240,96240,29.463545928770323,16.727233881276277,1.0150667489028269,10.967431817446055,48.327030540776505,106.7570817443346,0.5397024206078318,0.7351809424994739
2010,0,all,historical_density,1000,12,391248,96240,96240,35.85286294936335,18.852323707829864,-2.7853589706150776,11.73808215022794,54.712509047213416,132.18772348272114,0.3184207703954553,0.6135695251592788
2010,0,all,random,1000,12,391248,96240,96240,31.74042094687213,16.47089723079792,1.119721727636168,10.338106881746484,47.95679758871705,107.92302529373823,0.4658121207851643,0.683793365216383
2010,0,all,spatial_coverage,1000,12,391248,96240,96240,30.61835928862293,16.629615206598565,0.6224043140808286,10.5164934262462,49.206865949704735,105.6465501365618,0.5029128972929064,0.7099254398146444
2010,0,all,historical_density,1000,13,391248,96240,96240,35.18448628584533,19.29622749649978,-0.8737078616520539,12.299458487768874,57.73963560021209,135.6366395853261,0.3435961884291976,0.6257828117241625
2010,0,all,random,1000,13,391248,96240,96240,30.95059163963993,15.67244292011903,-0.5804026302293469,9.536943454946169,46.246680713889226,107.38893854143186,0.4920668289044096,0.7018090411529155
2010,0,all,spatial_coverage,1000,13,391248,96240,96240,29.53274088082833,16.58447715989107,0.53771619563835,10.999137295336736,46.632569278660064,100.97867747889724,0.5375378699394529,0.7333148552429328
2010,0,all,historical_density,1000,14,391248,96240,96240,35.891399551265486,19.423575087007386,-1.1886082164127874,12.186819226178102,56.41751114265958,135.82496759707303,0.3169547863038527,0.6105665210182109
2010,0,all,random,1000,14,391248,96240,96240,32.81739199612527,16.186539711483967,1.052237352460918,9.91583017502714,46.440015905896864,110.00401801896346,0.4289465040802085,0.6576293944295301
2010,0,all,spatial_coverage,1000,14,391248,96240,96240,30.47471964374915,16.751456395851854,0.816177796077798,10.821079861654963,47.328609242472254,107.05676140574346,0.5075659181691536,0.7139996247657038
2010,0,all,historical_density,1000,15,391248,96240,96240,37.77951376858415,20.176801025312795,-3.5554983040700203,11.758067228432251,66.1509910925664,150.0637519596567,0.2431995291204478,0.5907741576917265
2010,0,all,random,1000,15,391248,96240,96240,31.438483199576893,16.215872774648954,2.536208764717847,9.896821239733868,48.23757981452063,107.95412982005696,0.4759269409230839,0.6923515210257263
2010,0,all,spatial_coverage,1000,15,391248,96240,96240,32.93005858587659,17.643449207356042,-0.0914704214364353,10.934794023985036,53.21331185988922,115.97611149811428,0.4250187640790771,0.6541207112132083
2010,0,all,historical_density,1000,16,391248,96240,96240,36.33421353949579,19.156999914462823,-2.5436177293888376,12.110250763490512,54.029963333769246,145.5276791302099,0.2999965284738747,0.607225708353447
2010,0,all,random,1000,16,391248,96240,96240,30.27425191744689,15.838400951383631,1.251428764449649,9.962244842767149,45.76437855260197,107.31387759017576,0.514023234468121,0.7175332192922733
2010,0,all,spatial_coverage,1000,16,391248,96240,96240,28.548827205702924,15.366252351604023,0.4880089744391294,10.337640271233424,42.7648008797693,92.17439179676958,0.5678393606805547,0.7536463349971678
2010,0,all,historical_density,1000,17,391248,96240,96240,37.85860829139494,21.05019434640575,-2.7143651448973007,13.575120383744746,64.01466347979542,143.21377765607158,0.2400273637978178,0.5916447032992358
2010,0,all,random,1000,17,391248,96240,96240,31.097389890573396,16.13376366608262,0.1809599306194797,9.868920597600948,47.85290214664391,108.54736961116852,0.4872371617169644,0.6980380495517976
2010,0,all,spatial_coverage,1000,17,391248,96240,96240,30.29809515746301,16.175264226399094,0.5398172003755192,10.347711776341724,46.81157571313098,96.01480109699445,0.5132574468534775,0.716590756587476
2010,0,all,historical_density,1000,18,391248,96240,96240,36.45174325630165,20.124318109383665,-2.4434759772698422,12.565767452292022,59.72605590648835,142.87720868257526,0.29546062347156,0.6106510500379724
2010,0,all,random,1000,18,391248,96240,96240,30.558724061478,15.68483837304086,0.6020172635269888,9.909578377370678,44.54936060128371,107.20595287295038,0.5048473597740972,0.7108494891260975
2010,0,all,spatial_coverage,1000,18,391248,96240,96240,31.022096885101664,16.269786315884065,2.1127450793796765,10.167680291772314,48.796389764267126,113.62571002307848,0.4897171587286645,0.7015147459015701
2010,0,all,historical_density,1000,19,391248,96240,96240,40.17724674180974,22.0136158816249,-2.4326288666563625,12.8832842848212,70.32594257706005,169.231390355589,0.1440882081054112,0.5598365091649756
2010,0,all,random,1000,19,391248,96240,96240,30.557927303740342,16.065690496056693,0.7239898250401082,9.75131343414506,48.02599809078164,106.12220160551664,0.5048731796711263,0.7108957659805208
2010,0,all,spatial_coverage,1000,19,391248,96240,96240,30.095725306420185,16.92615076525468,1.1782522810838454,10.977554739259377,49.480641498140805,100.40733551563804,0.5197379239628759,0.7276376102124368
2010,0,all,historical_density,5000,0,391248,96240,96240,36.21014278755801,18.254644955185935,-3.431687765344983,10.526038198423294,56.70178170037431,159.78323994515537,0.3047689820363447,0.6237267158646369
2010,0,all,random,5000,0,391248,96240,96240,25.92827065529434,12.812151994285918,-0.0873448051316782,8.208116515472739,36.70662552959866,77.93852728604877,0.6435359243806238,0.8024831250468646
2010,0,all,spatial_coverage,5000,0,391248,96240,96240,33.96255474700375,15.125195576095155,1.7902716203138385,9.181620015528267,41.03528764809971,113.7783649782084,0.3883973361588689,0.6571419503050033
2010,0,all,historical_density,5000,1,391248,96240,96240,35.116748440793685,17.987766539635068,-2.768548498646335,10.395253651496091,56.00585035440339,147.54339580703947,0.3461211978009239,0.6360341044431879
2010,0,all,random,5000,1,391248,96240,96240,26.595089094566728,12.854205951168309,-0.2801489348620247,8.19808874131192,37.06724919519112,84.0279238696188,0.6249652034071178,0.7917308000689488
2010,0,all,spatial_coverage,5000,1,391248,96240,96240,27.23727160186992,14.0342305623039,0.0408610676575707,9.058010734819732,39.18879956195955,91.47847619804016,0.6066348616571848,0.778941693266364
2010,0,all,historical_density,5000,2,391248,96240,96240,34.67330252278854,17.595455834904723,-3.2375337958293344,10.425731098841652,54.094840946253214,143.19416345748184,0.3625309809603776,0.652596689561699
2010,0,all,random,5000,2,391248,96240,96240,26.902935987549675,13.275431760165356,0.4261361840953077,8.461785783195268,37.79211684540822,87.22260140502,0.6162326512131271,0.7853926474722586
2010,0,all,spatial_coverage,5000,2,391248,96240,96240,32.46101056772434,14.68530341102336,1.0351632787206873,9.095537604676082,39.94067093121474,98.55130979958456,0.4412819043863477,0.6855938622653382
2010,0,all,historical_density,5000,3,391248,96240,96240,38.08338270288731,18.554118645778285,-3.831196349095144,10.44920206429714,59.959717798453646,160.78145833744725,0.2309763440269028,0.6035414078792927
2010,0,all,random,5000,3,391248,96240,96240,28.722642640074216,13.839897553685576,1.130728406952889,8.273339230969867,39.77989052207244,118.87476568471423,0.5625610453393497,0.7507319118427132
2010,0,all,spatial_coverage,5000,3,391248,96240,96240,33.9460099351908,14.796192553808543,1.3698598911991742,8.913322514063054,41.17227115660446,108.9550349374804,0.3889930738093926,0.6714108426988702
2010,0,all,historical_density,5000,4,391248,96240,96240,37.05510835554317,18.862177145794963,-3.1109807256852364,11.159071234919054,57.58159042027141,164.2485774923779,0.2719439075737354,0.6024624165391018
2010,0,all,random,5000,4,391248,96240,96240,26.666278223211386,13.098485348167571,0.5804810483242612,7.991995564016236,38.77385747289192,88.62193009828829,0.6229547470314475,0.7899551780117606
2010,0,all,spatial_coverage,5000,4,391248,96240,96240,28.337105681870845,14.738826059546254,0.5458503385244435,9.794747312533048,40.85623964906986,90.85376642186829,0.5742255025316567,0.7579457497811519
2010,0,all,historical_density,5000,5,391248,96240,96240,35.252302591303,18.051652954934543,-3.3909353159675115,10.573936858603844,55.507249278297664,137.1844248550728,0.3410633800141198,0.6450905096751143
2010,0,all,random,5000,5,391248,96240,96240,26.430048795781826,13.380744747873193,1.0424400430788676,8.38829608322078,40.10480861026046,89.38657184315694,0.6296054437233431,0.7947327744441911
2010,0,all,spatial_coverage,5000,5,391248,96240,96240,28.367804723236627,14.053279427042066,0.2605602478667034,8.966863537313372,41.21727317947816,85.06334065561977,0.5733024760780197,0.7575893390302247
2010,0,all,historical_density,5000,6,391248,96240,96240,36.20836813411694,18.03209089987624,-3.8273533774883046,9.88293960835236,57.64285174300615,157.1235399004624,0.3048371266935795,0.6313842545129779
2010,0,all,random,5000,6,391248,96240,96240,31.88804534751573,14.269404855106464,1.4578790456603825,8.308007996311943,38.27646794066782,153.51735109723427,0.4608315597363572,0.6957095722815356
2010,0,all,spatial_coverage,5000,6,391248,96240,96240,26.180791766200624,13.47543717116479,0.1274032212268252,8.6953044038205,39.064743163242845,87.04842552546242,0.6365587493855117,0.7988416045892042
2010,0,all,historical_density,5000,7,391248,96240,96240,38.14487936405995,18.50351559780976,-3.8875854365228495,10.587484348170053,53.565198846165416,177.23703933954678,0.2284907155201796,0.5986777295476232
2010,0,all,random,5000,7,391248,96240,96240,27.257253628543086,13.198370709395784,-0.123520575174211,8.103943854501608,39.1769536017004,89.14616887749892,0.6060574825389518,0.7793531216244303
2010,0,all,spatial_coverage,5000,7,391248,96240,96240,28.532938320108627,14.126705797931065,0.9167750419246692,9.026272918648033,38.29877448225575,89.76410456963919,0.5683202659109705,0.7544320872547284
2010,0,all,historical_density,5000,8,391248,96240,96240,33.67957002147493,17.048098927866384,-2.773330681464376,10.3379613111112,50.937090972708816,141.3016104008682,0.3985469355550012,0.6604056132794944
2010,0,all,random,5000,8,391248,96240,96240,30.595643210221592,14.439372591948702,0.6365979405760276,8.554536672339026,40.91253848135071,131.347764573327,0.5036502118376464,0.7125380551150924
2010,0,all,spatial_coverage,5000,8,391248,96240,96240,27.536452974510983,14.00605622065586,1.1034904419687004,9.188697356433863,38.48177745161557,89.0955774892303,0.597945747772799,0.773927474569483
2010,0,all,historical_density,5000,9,391248,96240,96240,37.56345185944971,18.85349241103877,-4.675332634758568,10.52947041879304,60.36648487567893,162.4122764919314,0.2518310949149739,0.6127992069512352
2010,0,all,random,5000,9,391248,96240,96240,26.117151032117068,12.917396081820392,-0.0546703643881875,8.219528426310944,37.90910529223408,83.72250805010255,0.6383235207635187,0.8001793773814513
2010,0,all,spatial_coverage,5000,9,391248,96240,96240,28.42421397618599,14.166689571848847,0.1127155171223571,9.048495362463882,38.56205346846456,98.22638384469236,0.5716038166273554,0.7561893856420373
2010,0,all,historical_density,5000,10,391248,96240,96240,36.57683611989224,18.350104830808,-4.121581040643505,10.187390138343346,58.581413603971896,154.61321761944038,0.2906167359262606,0.6260400905513928
2010,0,all,random,5000,10,391248,96240,96240,25.61728774847961,13.26746809679869,0.6469722449395766,8.469831646951604,38.18774269724598,84.51601833875033,0.6520354841608638,0.8080842597137338
2010,0,all,spatial_coverage,5000,10,391248,96240,96240,30.731417329006124,14.087556564530416,0.6861635998166825,8.67388747009096,39.22532560748849,104.6432076278161,0.4992351396668355,0.7160788258295759
2010,0,all,historical_density,5000,11,391248,96240,96240,38.47392360640553,18.4614157984508,-4.2917034389413855,10.551453139223897,54.39285722790922,187.05907250502764,0.2151229652457306,0.600336299540019
2010,0,all,random,5000,11,391248,96240,96240,28.25672261188404,13.054118499186318,0.1994723088974528,8.036033298856239,36.64823221266121,98.55868488615604,0.5766376415114393,0.7594213036255034
2010,0,all,spatial_coverage,5000,11,391248,96240,96240,26.729118082993665,13.90679067372669,1.104617293141172,9.066231870364703,40.29345273134372,89.25147045525745,0.6211756170151829,0.7885573898384811
2010,0,all,historical_density,5000,12,391248,96240,96240,37.36426700714816,18.607286650153625,-4.132166647433684,10.576322054679196,54.91309656237939,168.53410460441236,0.259744574461082,0.6100579041139369
2010,0,all,random,5000,12,391248,96240,96240,27.72625648155337,13.654735750000478,0.1854457817768503,8.560931458010373,39.02322175759684,104.34711692572304,0.5923840796239095,0.7700527648310616
2010,0,all,spatial_coverage,5000,12,391248,96240,96240,29.61406184228756,14.438733019996182,0.7423822958388092,9.283047157611634,39.13667495212716,100.02484542046932,0.5349875043323578,0.734586670807438
2010,0,all,historical_density,5000,13,391248,96240,96240,36.68213026436948,18.194250721598163,-4.012278428089009,10.582651441521849,53.76275444069228,160.68826601807376,0.2865266383170849,0.6204817184957795
2010,0,all,random,5000,13,391248,96240,96240,25.94084354254652,12.782099181318822,0.4872934007326144,8.280081721003597,36.49476869197391,81.43576476860565,0.6431901343105304,0.8037170558688619
2010,0,all,spatial_coverage,5000,13,391248,96240,96240,29.774590833330148,14.45349029709243,0.8161297294380828,9.348673466788997,38.523626066067656,94.35454217592712,0.5299324524871074,0.7355663590715349
2010,0,all,historical_density,5000,14,391248,96240,96240,36.87129409044741,17.93047762723542,-2.902563221720393,10.769571062752732,50.54254442653493,174.27947242964618,0.2791491309566534,0.6117173930572677
2010,0,all,random,5000,14,391248,96240,96240,27.78133580469052,13.819651432299834,0.4567271681503187,8.48966948952338,42.26693916708352,95.02188782582122,0.5907629802069138,0.76885895656746
2010,0,all,spatial_coverage,5000,14,391248,96240,96240,28.071326115116964,13.944558674664034,1.4379342325711832,8.758370808119878,39.6661535436325,92.05440041675637,0.5821749012524958,0.7645638149581333
2010,0,all,historical_density,5000,15,391248,96240,96240,38.00090827769424,19.06052610251217,-5.160080716583182,10.430097268084836,65.98898691445886,149.82266570017347,0.2343035750792884,0.6174648147451096
2010,0,all,random,5000,15,391248,96240,96240,26.496526111945933,12.957366613100744,0.210590355545202,8.135079082732517,37.28414019080732,83.14674699871813,0.6277398548925981,0.7930830421818931
2010,0,all,spatial_coverage,5000,15,391248,96240,96240,32.04862890327839,14.422493081132547,1.3678115558051092,8.97749560695189,41.07298512867618,90.34724585184514,0.455387538914238,0.7013976504060107
2010,0,all,historical_density,5000,16,391248,96240,96240,38.49736024591803,18.68094185661189,-5.082633177071702,10.163470557505748,59.49596955294973,167.56097574929078,0.2141664481515268,0.6012001129723117
2010,0,all,random,5000,16,391248,96240,96240,26.42746960256289,12.957515105083594,0.7211858384887504,8.148520555848336,37.089642341730816,86.75614235220024,0.6296777305755199,0.7950430433135848
2010,0,all,spatial_coverage,5000,16,391248,96240,96240,27.90534953980584,14.578785614421594,0.3688778636148768,9.444792932239864,42.69154365638949,87.95658095725611,0.5871012206698588,0.7663187350204158
2010,0,all,historical_density,5000,17,391248,96240,96240,35.12882092555598,17.56587569912124,-3.470237392556005,10.58770343325304,51.37851197395252,149.04718240186685,0.3456715377884418,0.6426875481010667
2010,0,all,random,5000,17,391248,96240,96240,26.26662173891996,12.73821291611331,0.3746679264332243,8.059307522575779,36.22788658960789,89.87433502922671,0.6341718631764806,0.7998518607668171
2010,0,all,spatial_coverage,5000,17,391248,96240,96240,30.5130947163007,14.293383620284963,-0.2107583809291511,9.089503124698268,38.57652156783207,104.04742398555948,0.5063249491354067,0.718950775579723
2010,0,all,historical_density,5000,18,391248,96240,96240,36.98905755858265,18.28461678752758,-4.374580675560227,10.47575463150244,57.955263730661606,162.4419655422696,0.2745371168873909,0.6237078001102021
2010,0,all,random,5000,18,391248,96240,96240,27.84281077648017,13.36404762986668,0.8032147319233601,8.186056556819153,38.82778085609994,102.30442435460428,0.5889498442765538,0.7676800848515252
2010,0,all,spatial_coverage,5000,18,391248,96240,96240,27.070097612887704,13.949704720759792,1.1668774838790887,8.973301729294576,39.90649089942242,91.3292100191458,0.6114487513636027,0.7825817794890866
2010,0,all,historical_density,5000,19,391248,96240,96240,37.924677907002085,17.986840965969876,-3.9398392345317217,10.256453865204548,51.22688158951775,180.06756074972554,0.2373724900131941,0.6000175172037432
2010,0,all,random,5000,19,391248,96240,96240,25.963837078088638,12.785256454723246,0.9281405732703788,8.017345491765923,36.533546416863146,84.5975252094524,0.6425573132226499,0.803249787515605
2010,0,all,spatial_coverage,5000,19,391248,96240,96240,30.08759054455125,14.991845171585243,1.3620408767623375,9.738244582230152,42.532184513948046,87.49441257721276,0.5199975149569045,0.7337567994207037
2010,0,spco2_le_threshold,historical_density,1000,0,391248,96240,96223,35.614590474061174,19.667645327902363,-2.1223960944777,12.487238359000004,52.44030633855107,175.8865802878837,0.2554363739399539,0.60680799972223
2010,0,spco2_le_threshold,random,1000,0,391248,96240,96223,27.183221247233952,15.73028526756138,0.5295059156510419,9.682616559924668,47.91826875465989,101.99768154997368,0.5662417519765823,0.7526351101663109
2010,0,spco2_le_threshold,spatial_coverage,1000,0,391248,96240,96223,43.24583982409692,17.600727169787632,3.4887651768571586,10.15625582195628,49.29062304214244,115.38792563149345,-0.0978286923704532,0.4470075228078108
2010,0,spco2_le_threshold,historical_density,1000,1,391248,96240,96223,34.729686799117125,19.7183297224276,-2.843560449051903,12.619712670419233,55.50494535386312,161.45640078638465,0.2919765534840105,0.615016304683217
2010,0,spco2_le_threshold,random,1000,1,391248,96240,96223,26.431894040520504,15.650764018017664,-0.8172052958050329,10.15140719458384,47.3289113936646,98.5177817412512,0.5898880013887604,0.7684193403469
2010,0,spco2_le_threshold,spatial_coverage,1000,1,391248,96240,96223,27.560388856201687,16.8092306670173,0.6812229708901438,10.861568604996592,51.52678924932089,103.7133896349473,0.5541214419528799,0.7457146498516573
2010,0,spco2_le_threshold,historical_density,1000,2,391248,96240,96223,34.10617913628044,20.411808217155745,-1.2362908384099918,13.21122336814409,60.79410330887826,134.1790613890521,0.3171708642304114,0.6264671354135292
2010,0,spco2_le_threshold,random,1000,2,391248,96240,96223,26.66819260188912,15.517201346954105,0.9287087346914112,9.981738099271354,45.40299902041003,102.4000807248407,0.5825225017328275,0.7638617807693536
2010,0,spco2_le_threshold,spatial_coverage,1000,2,391248,96240,96223,27.199745389979,16.817518941702232,1.429446318622085,11.30910771063543,48.87712679137975,101.47710669212812,0.5657142455690352,0.7555275897829179
2010,0,spco2_le_threshold,historical_density,1000,3,391248,96240,96223,36.82307764647273,21.541096923356992,-2.879830222931117,13.246589306091948,67.57896411185372,154.58395629036008,0.2040494747074315,0.6092210943383858
2010,0,spco2_le_threshold,random,1000,3,391248,96240,96223,28.447241163493423,15.87359851164735,0.0946631443377611,9.557339414520923,49.25126849155773,117.67394237847964,0.5249643368549286,0.7249779435889551
2010,0,spco2_le_threshold,spatial_coverage,1000,3,391248,96240,96223,37.14802516592172,17.86741488176408,1.937271130771741,10.92461748332704,49.19161846569043,125.07271903343133,0.1899396627526637,0.5744737263097861
2010,0,spco2_le_threshold,historical_density,1000,4,391248,96240,96223,35.99874097383749,20.5707458862138,-1.496682502036367,13.215422665354822,57.38783229680849,169.4093157870769,0.2392875393418322,0.5918404867715891
2010,0,spco2_le_threshold,random,1000,4,391248,96240,96223,26.040570082461837,15.051965660703706,0.2677744441700697,9.580239926985712,43.709632158541645,103.12939588163442,0.6019415188988593,0.7761466538582189
2010,0,spco2_le_threshold,spatial_coverage,1000,4,391248,96240,96223,27.294152961755348,15.76641536226815,1.8011886122703773,10.085097371650534,45.66262875832006,105.13568143242608,0.562694289599688,0.7532455680895681
2010,0,spco2_le_threshold,historical_density,1000,5,391248,96240,96223,32.04575093557884,18.921715363249955,-0.6155632520935292,12.183480546269834,57.14840912923201,138.691031039678,0.3971811665637196,0.6574924119663427
2010,0,spco2_le_threshold,random,1000,5,391248,96240,96223,26.75744384117709,15.992966847744754,0.8462037542656974,10.406770603451946,47.80979324654812,98.5865608304569,0.5797234568275857,0.7617098164145837
2010,0,spco2_le_threshold,spatial_coverage,1000,5,391248,96240,96223,28.89201444743764,16.874091932194606,2.144644840549156,10.86175066475289,48.9569435130757,104.32689694534092,0.5099938249981135,0.719138695108769
2010,0,spco2_le_threshold,historical_density,1000,6,391248,96240,96223,36.75836162036565,20.76145123373471,-3.620207595432288,12.73788035162238,61.25789529018229,163.41172379184445,0.2068447592714026,0.6023353080535804
2010,0,spco2_le_threshold,random,1000,6,391248,96240,96223,26.439727394240823,15.2941684469203,-1.5170342207898884,9.528646124493491,46.05910020507565,109.25830271595063,0.5896448838595356,0.7687704314039139
2010,0,spco2_le_threshold,spatial_coverage,1000,6,391248,96240,96223,26.245308855167742,16.080248442479164,-0.1066471891073688,10.479495705046816,48.78908812211986,95.82015403352575,0.5956576022636728,0.7726246387959522
2010,0,spco2_le_threshold,historical_density,1000,7,391248,96240,96223,33.83324093370002,20.003725704911115,-2.528126781720866,12.861035542059426,60.83767708807099,143.4839501844869,0.3280559553501393,0.6375254843953343
2010,0,spco2_le_threshold,random,1000,7,391248,96240,96223,26.094592243828817,15.419172391183718,-0.611832408183265,9.832944141148914,44.14219158769284,100.20227784296166,0.6002882305993726,0.7751052292613113
2010,0,spco2_le_threshold,spatial_coverage,1000,7,391248,96240,96223,27.057568703570077,16.560757540839223,0.3184613526201799,10.822347187810408,49.79859918174829,104.78599942616604,0.5702425184013347,0.7561545540493917
2010,0,spco2_le_threshold,historical_density,1000,8,391248,96240,96223,38.76994384732829,21.43980723644164,-4.551392245081264,12.317332480469076,72.98863297564938,175.00847453175746,0.1176594264825204,0.580048444254848
2010,0,spco2_le_threshold,random,1000,8,391248,96240,96223,40.89582697957484,20.008909844328706,1.6713047395742409,10.903773886460726,61.66596314189137,165.159591158213,0.018243250304598,0.4552159349984944
2010,0,spco2_le_threshold,spatial_coverage,1000,8,391248,96240,96223,29.21905446499918,16.732368716874706,3.5844041950494314,10.559830698612586,49.09932096585258,139.3628550762449,0.4988378978947935,0.7179810958965207
2010,0,spco2_le_threshold,historical_density,1000,9,391248,96240,96223,34.06846571685481,19.984231472952967,-3.86092779060331,12.18043512431842,64.25638172457359,137.57114202059208,0.3186801264528891,0.6366508528457184
2010,0,spco2_le_threshold,random,1000,9,391248,96240,96223,26.753749792151865,15.32961089048375,-0.618953855151402,9.516096274243182,45.40829960081584,106.49164165128812,0.5798394929479018,0.7616520156846729
2010,0,spco2_le_threshold,spatial_coverage,1000,9,391248,96240,96223,26.271078161541254,16.326021043152537,0.8445807598813151,10.65615640389899,51.32484946333529,95.07962795662262,0.5948631945081742,0.7723768913416127
2010,0,spco2_le_threshold,historical_density,1000,10,391248,96240,96223,36.2577482848214,20.79082414949101,-3.093510170587994,13.74189464348808,59.75917594577997,156.14981034888038,0.228301660984553,0.6107429175953984
2010,0,spco2_le_threshold,random,1000,10,391248,96240,96223,27.36018338329156,16.23507709075137,-0.0848736615910454,10.481971494596564,48.20569297606312,101.58697327879251,0.560575857242791,0.7493630031888976
2010,0,spco2_le_threshold,spatial_coverage,1000,10,391248,96240,96223,28.305631639081557,16.667625688189744,0.1296457971062671,10.584286070639225,49.68868970076948,118.69924072661406,0.5296819923193818,0.7323366918948057
2010,0,spco2_le_threshold,historical_density,1000,11,391248,96240,96223,33.71913571379342,20.14431819256588,-0.6568249232447021,12.605891009549737,63.1396489494486,135.22349257428647,0.33258067891784,0.6415659590489138
2010,0,spco2_le_threshold,random,1000,11,391248,96240,96223,27.23456624127329,15.80835006222906,-0.678904756906179,10.013247619217168,46.49927176405456,107.16338476787308,0.5646015969685216,0.7516201205398284
2010,0,spco2_le_threshold,spatial_coverage,1000,11,391248,96240,96223,26.633347793168127,16.569931753261617,1.175503461275836,10.964794243748486,48.26102807670748,106.31698851990032,0.5836127458482687,0.7645165507234384
2010,0,spco2_le_threshold,historical_density,1000,12,391248,96240,96223,32.993513621143144,18.677804504007028,-2.608001168946275,11.73406402169428,54.646688644720086,130.91350003755943,0.3609967866915449,0.6499421506092631
2010,0,spco2_le_threshold,random,1000,12,391248,96240,96223,28.666158976343585,16.301565392707072,1.292161352038951,10.33569124885895,47.91500303804848,106.40708180403786,0.5176248613954441,0.7209172792535564
2010,0,spco2_le_threshold,spatial_coverage,1000,12,391248,96240,96223,27.608154795942777,16.465206079682552,0.7898614059517015,10.513065841075443,49.119200013160125,104.91594692776285,0.5525745650593457,0.7443644507199279
2010,0,spco2_le_threshold,historical_density,1000,13,391248,96240,96223,32.34172310375479,19.123942397678157,-0.6981680021828375,12.296024755951294,57.63614619375498,134.5478649456011,0.385994565049704,0.6614697800421984
2010,0,spco2_le_threshold,random,1000,13,391248,96240,96223,27.69886425999757,15.500813927371889,-0.4061072824015269,9.533670451527428,46.15731035956005,105.11816391876287,0.5496296094103437,0.7417397614889683
2010,0,spco2_le_threshold,spatial_coverage,1000,13,391248,96240,96223,26.33008009667628,16.417689242190352,0.7075291415240509,10.9963182316921,46.58001984816493,100.33103405058998,0.5930413661021396,0.7703130818707062
2010,0,spco2_le_threshold,historical_density,1000,14,391248,96240,96223,33.09304701101833,19.25026564988298,-1.0120771541384714,12.183883027444892,56.35371037745048,133.24176756772945,0.3571355373080866,0.6457026091130731
2010,0,spco2_le_threshold,random,1000,14,391248,96240,96223,29.998193200750887,16.02137006273396,1.22045262658206,9.915015137100454,46.357593777594175,107.17834611998153,0.4717541401373711,0.6900091830283848
2010,0,spco2_le_threshold,spatial_coverage,1000,14,391248,96240,96223,27.467518365684704,16.587268544008136,0.9834693734472496,10.817500529232632,47.25379446323297,106.26047984770685,0.5571213410137501,0.7483565546663191
2010,0,spco2_le_threshold,historical_density,1000,15,391248,96240,96223,34.98804694628037,19.99968849112559,-3.375449235517214,11.75564932604459,65.9343784351157,149.0753021639981,0.2814031527843756,0.6275162686071047
2010,0,spco2_le_threshold,random,1000,15,391248,96240,96223,28.34998263746993,16.04783156451158,2.707562960172341,9.894565048019103,48.18825518164584,106.41324852610155,0.5282069915065419,0.7297373443622679
2010,0,spco2_le_threshold,spatial_coverage,1000,15,391248,96240,96223,30.195008048604777,17.481268877991965,0.0738108675668195,10.929485263364144,53.14700952450014,114.49203613304516,0.4647998756154644,0.6843980790083399
2010,0,spco2_le_threshold,historical_density,1000,16,391248,96240,96223,33.58873060731494,18.98438079491072,-2.368063474815513,12.106962356319173,53.96488538710079,143.1769886331233,0.3377330404354464,0.6416265153551132
2010,0,spco2_le_threshold,random,1000,16,391248,96240,96223,26.987154655170464,15.668098139462964,1.4247508867760317,9.95918851566887,45.66127954046939,105.38443001946598,0.5724763916064124,0.7574110322776519
2010,0,spco2_le_threshold,spatial_coverage,1000,16,391248,96240,96223,25.31554578583507,15.202117718862285,0.6549446260905181,10.335557648109784,42.68116903533857,90.88502680641268,0.6237985231616244,0.790002504419485
2010,0,spco2_le_threshold,historical_density,1000,17,391248,96240,96223,35.10506335939895,20.87442852359049,-2.5353598772879087,13.57165995575707,63.85865284346362,142.1681578060169,0.2765884662220246,0.6277861941045177
2010,0,spco2_le_threshold,random,1000,17,391248,96240,96223,28.10552186129168,15.968105795732331,0.3495001711010656,9.866480980075096,47.76116044399214,106.95813194349762,0.5363084159377284,0.7323895641502297
2010,0,spco2_le_threshold,spatial_coverage,1000,17,391248,96240,96223,27.25532344130209,16.01035570019632,0.7076788291032072,10.344225887691492,46.75132038651137,95.11429987067312,0.5639376542606211,0.7511882944997761
2010,0,spco2_le_threshold,historical_density,1000,18,391248,96240,96223,33.51349895421843,19.946019618513542,-2.262053760094721,12.562456510777622,59.645495515032685,142.25489878457697,0.3406963939339014,0.6494864088208928
2010,0,spco2_le_threshold,random,1000,18,391248,96240,96223,27.12165720499445,15.510161900574552,0.7795711826102353,9.90572291638125,44.48319138270693,106.2785816538189,0.568204261982705,0.7541087100800804
2010,0,spco2_le_threshold,spatial_coverage,1000,18,391248,96240,96223,27.94446930187371,16.103370703170803,2.2824083879008006,10.165118712298463,48.72467050994841,112.30854167846414,0.5416073569584936,0.7380441674962076
2010,0,spco2_le_threshold,historical_density,1000,19,391248,96240,96223,37.763098820109406,21.842423537696675,-2.257977092246295,12.877896164968831,70.19449799428712,168.2672276252178,0.1628926475772693,0.5903248023831165
2010,0,spco2_le_threshold,random,1000,19,391248,96240,96223,27.28510802091845,15.894864781104422,0.8977818221230391,9.747363012491633,47.96620906701752,104.26303330498436,0.5629840768591061,0.7507486032317521
2010,0,spco2_le_threshold,spatial_coverage,1000,19,391248,96240,96223,26.979680632283436,16.760765463393447,1.3468361410007177,10.975154224326443,49.40892579502539,99.84080218839412,0.5727131619370912,0.7642032454569989
2010,0,spco2_le_threshold,historical_density,5000,0,391248,96240,96223,33.30879413101439,18.0783530009009,-3.2527769956808044,10.523151801276924,56.543158642277966,158.8530165696816,0.348726020660292,0.6617990328281489
2010,0,spco2_le_threshold,random,5000,0,391248,96240,96223,22.13315745359043,12.643939251267527,0.0831160669433364,8.206640153987337,36.63088059348439,77.13373429798595,0.7124372332869986,0.8443492771100723
2010,0,spco2_le_threshold,spatial_coverage,5000,0,391248,96240,96223,31.383079431293464,14.967469237753749,1.9509864639225836,9.180006566356951,40.97773228932174,110.81619031336172,0.4218546748267163,0.6868836111875146
2010,0,spco2_le_threshold,historical_density,5000,1,391248,96240,96223,32.248776492935704,17.814932339164855,-2.593025474228656,10.39070998447636,55.86304114291607,146.54764850878604,0.3895186641161559,0.672356551080734
2010,0,spco2_le_threshold,random,5000,1,391248,96240,96223,22.930660627268235,12.686291205373742,-0.1100126934865991,8.196607809622378,36.99477195157243,83.03548674672216,0.6913409323836857,0.8326700051399121
2010,0,spco2_le_threshold,spatial_coverage,5000,1,391248,96240,96223,24.017486738149508,13.875579592923552,0.2019987248122483,9.056743631488246,39.13404042465553,89.8745686538945,0.6613890287933164,0.813289964757798
2010,0,spco2_le_threshold,historical_density,5000,2,391248,96240,96223,31.55900860916051,17.41758799621966,-3.0571293008909404,10.424284879774348,53.955940603162325,142.16967073483107,0.4153545016744084,0.6936742865759995
2010,0,spco2_le_threshold,random,5000,2,391248,96240,96223,23.309339679364776,13.10854445277875,0.5954441877297169,8.460130488599248,37.71741857420669,86.34760549017294,0.6810623075227651,0.8257160007359733
2010,0,spco2_le_threshold,spatial_coverage,5000,2,391248,96240,96223,29.93357875193172,14.534490644258028,1.188753426504339,9.093019461137146,39.87768207976829,97.17596581143177,0.4740273140774503,0.7129660769140609
2010,0,spco2_le_threshold,historical_density,5000,3,391248,96240,96223,35.35793901045738,18.37773299547028,-3.6522095568663566,10.44817482650592,59.84076103197978,159.21009232242176,0.2661288905957736,0.6396553202168279
2010,0,spco2_le_threshold,random,5000,3,391248,96240,96223,25.494316825485612,13.676380456642674,1.2968904084503483,8.271307107647146,39.71298820651764,117.18368829456294,0.6184665114743274,0.7873708578496095
2010,0,spco2_le_threshold,spatial_coverage,5000,3,391248,96240,96223,31.14047148038688,14.62924974188414,1.5396588070858837,8.910933666170706,41.06391107158694,107.10310022125196,0.4307588679538296,0.7066487486322638
2010,0,spco2_le_threshold,historical_density,5000,4,391248,96240,96223,34.20873353351737,18.685728977397968,-2.931749747158209,11.15559747780901,57.45903965661718,163.60845112493234,0.3130582714368943,0.6398528497799322
2010,0,spco2_le_threshold,random,5000,4,391248,96240,96223,23.305717767409455,12.937759546603576,0.7436235530542419,7.989809837482312,38.71361112817041,88.09964788666471,0.6811614158209767,0.8259441077776558
2010,0,spco2_le_threshold,spatial_coverage,5000,4,391248,96240,96223,25.281569461192227,14.580420182082534,0.7069566046558101,9.791858041303954,40.80405792192374,89.3051971494284,0.6248076553533279,0.7908122150351888
2010,0,spco2_le_threshold,historical_density,5000,5,391248,96240,96223,32.35998230164081,17.87762414654309,-3.2143163555348355,10.571380628028235,55.377421849176365,136.0907465909056,0.3853010700571162,0.6823751794006707
2010,0,spco2_le_threshold,random,5000,5,391248,96240,96223,23.26702458585429,13.224555762987206,1.2011772143802262,8.385757192428855,40.04674045514663,88.41023667658342,0.6822192367584545,0.8270554153466316
2010,0,spco2_le_threshold,spatial_coverage,5000,5,391248,96240,96223,24.755004194936365,13.881006168575205,0.4353623744261566,8.96515440172783,41.14273332039802,84.58513361146933,0.6402739285621624,0.8005505183669992
2010,0,spco2_le_threshold,historical_density,5000,6,391248,96240,96223,33.300218758180776,17.855592981051334,-3.648345865968505,9.881105413896876,57.513703824659096,156.38888139940272,0.3490613193953497,0.669822805498075
2010,0,spco2_le_threshold,random,5000,6,391248,96240,96223,29.02390192020607,14.108002721007429,1.6220597651944308,8.305567745934013,38.22132941778072,151.45792494571353,0.5055100131011809,0.7294504343338404
2010,0,spco2_le_threshold,spatial_coverage,5000,6,391248,96240,96223,22.58981789399001,13.311573307739684,0.2936703384131994,8.693120051709059,39.00841630823527,86.0893301312485,0.7004485914382039,0.8378780172118123
2010,0,spco2_le_threshold,historical_density,5000,7,391248,96240,96223,35.21658466395212,18.32265698426905,-3.7041445836761295,10.583944045448789,53.41655950671937,176.4714051375948,0.2719849170384453,0.6388478884257932
2010,0,spco2_le_threshold,random,5000,7,391248,96240,96223,23.632448714626605,13.030237554024904,0.046922552368414,8.102146867037561,39.10496189519377,88.0500821026419,0.6721589330456351,0.8207859730033783
2010,0,spco2_le_threshold,spatial_coverage,5000,7,391248,96240,96223,25.62200468415036,13.969750984543266,1.0763876312524967,9.024333637449216,38.24235852952822,88.55416340873941,0.6146351325738144,0.7849744036017543
2010,0,spco2_le_threshold,historical_density,5000,8,391248,96240,96223,30.546491964294336,16.871859207208285,-2.5945689955777014,10.334823041407333,50.84021241876478,140.21753896197262,0.4522673998088647,0.7007293623960229
2010,0,spco2_le_threshold,random,5000,8,391248,96240,96223,27.484931809652856,14.27255965131836,0.8060743971958211,8.552348661003407,40.83759268240208,129.42930102417404,0.5565596239199351,0.7491723669412624
2010,0,spco2_le_threshold,spatial_coverage,5000,8,391248,96240,96223,24.136394303076333,13.841804553103543,1.2704115575039787,9.187396963505364,38.44255983308594,88.06073639429488,0.6580278881360282,0.8120847506818148
2010,0,spco2_le_threshold,historical_density,5000,9,391248,96240,96223,34.754720354745864,18.676552655734287,-4.49588798232765,10.526749520173894,60.25017967586429,161.95506185732123,0.2909554828136951,0.6503142610222805
2010,0,spco2_le_threshold,random,5000,9,391248,96240,96223,22.43021152814904,12.751157876557572,0.1138403364026904,8.217843333434871,37.85421564818691,83.0394655242593,0.7046665459304888,0.8406718366297878
2010,0,spco2_le_threshold,spatial_coverage,5000,9,391248,96240,96223,25.26535898740497,14.00531800411159,0.2766098692927772,9.045168001309264,38.48556155750232,96.56524955599596,0.625288645727111,0.791028625741525
2010,0,spco2_le_threshold,historical_density,5000,10,391248,96240,96223,33.723823229320544,18.174337304426,-3.943299719176826,10.18361226272907,58.430843745384166,153.89219713126002,0.3323951014512982,0.6636792794659884
2010,0,spco2_le_threshold,random,5000,10,391248,96240,96223,22.93623913388236,13.125422984863722,0.7914756619139858,8.468108420815383,38.13349767222609,83.83471871112914,0.6911907346966308,0.8317022669431923
2010,0,spco2_le_threshold,spatial_coverage,5000,10,391248,96240,96223,27.813332234803152,13.928915386246096,0.8474148946302533,8.672339891392767,39.14174212141058,102.91336628384848,0.5458995279422292,0.7494809123044451
2010,0,spco2_le_threshold,historical_density,5000,11,391248,96240,96223,35.69816218670849,18.282791092267765,-4.110575328061848,10.54876625826006,54.20272242379006,185.3545546124803,0.2519379502190131,0.6377842063270918
2010,0,spco2_le_threshold,random,5000,11,391248,96240,96223,24.711802810806752,12.884846300668164,0.371086058227134,8.033080195797993,36.58642995998788,96.12528396842332,0.6415283903765987,0.8010289385173406
2010,0,spco2_le_threshold,spatial_coverage,5000,11,391248,96240,96223,23.67648899245943,13.751988706797816,1.2620713696014096,9.063174953899818,40.22813026848875,88.40662705532596,0.6709358972932731,0.8197280349419415
2010,0,spco2_le_threshold,historical_density,5000,12,391248,96240,96223,34.44298303894687,18.42806758207259,-3.950390217390891,10.570805795556282,54.85196929242105,167.85088340045863,0.3036181845896719,0.6495156999899169
2010,0,spco2_le_threshold,random,5000,12,391248,96240,96223,24.38217781244721,13.49187243388934,0.3507542834053819,8.55944639797815,38.93967816785205,103.38538721868524,0.6510277492219139,0.8072199623113032
2010,0,spco2_le_threshold,spatial_coverage,5000,12,391248,96240,96223,26.58790948757076,14.275928015291925,0.9078693927701734,9.279471003163508,39.09270649714324,98.46125246919448,0.585032303922754,0.7687055027517997
2010,0,spco2_le_threshold,historical_density,5000,13,391248,96240,96223,33.8672578569235,18.018359254114568,-3.833881389910364,10.580591784656576,53.66094228705498,159.05130297016706,0.3267040919679832,0.6572163809478385
2010,0,spco2_le_threshold,random,5000,13,391248,96240,96223,22.16193828535128,12.614684076884595,0.6570528477241802,8.277873596629945,36.45538966870898,80.75740291672317,0.7116888830650601,0.8454896201520209
2010,0,spco2_le_threshold,spatial_coverage,5000,13,391248,96240,96223,26.5897308220914,14.288712892200795,0.9836048629439884,9.345918987038488,38.475935332288905,92.73185031954516,0.5849754494433119,0.7730395283421586
2010,0,spco2_le_threshold,historical_density,5000,14,391248,96240,96223,34.09231664448642,17.75523625846573,-2.7246668271783405,10.767967615254406,50.493213535469,172.9579396452589,0.3177258246426598,0.6477335607005575
2010,0,spco2_le_threshold,random,5000,14,391248,96240,96223,24.38579989777881,13.655000621283154,0.6239002289015467,8.48756473989829,42.19926470055222,93.87875292651847,0.6509240586354974,0.807087999752211
2010,0,spco2_le_threshold,spatial_coverage,5000,14,391248,96240,96223,24.905923665127315,13.784636207031063,1.6005743704017483,8.757526479302953,39.6004772450568,91.05184654185028,0.6358744013545655,0.7994932655687492
2010,0,spco2_le_threshold,historical_density,5000,15,391248,96240,96223,35.29026512491057,18.885161518430085,-4.9822602999916015,10.42713421696891,65.84319190026233,148.39552582545582,0.2689354106215867,0.6536985596721964
2010,0,spco2_le_threshold,random,5000,15,391248,96240,96223,22.783624947265256,12.78917784695153,0.3811055433240344,8.132756982790056,37.22981628261228,82.51514952866795,0.695286600728936,0.834706920022598
2010,0,spco2_le_threshold,spatial_coverage,5000,15,391248,96240,96223,29.24591996769361,14.26224376582751,1.530850590603699,8.975492376163231,40.97867901518105,89.48358095496052,0.4979158857499481,0.7347037039968864
2010,0,spco2_le_threshold,historical_density,5000,16,391248,96240,96223,35.48098577163781,18.496078369616274,-4.895367236945833,10.16175482051824,59.36837349507567,167.21722038157154,0.2610122129883763,0.6435137879284281
2010,0,spco2_le_threshold,random,5000,16,391248,96240,96223,22.86537019426928,12.793998153340745,0.8871194464992368,8.146695500247176,36.9984629515251,85.69477973035517,0.69309611898149,0.8340891142932372
2010,0,spco2_le_threshold,spatial_coverage,5000,16,391248,96240,96223,24.64268622441949,14.416093250678694,0.5342110749630952,9.441482640265749,42.61352037493836,87.34986906853088,0.643530808866771,0.8023235264118341
2010,0,spco2_le_threshold,historical_density,5000,17,391248,96240,96223,32.099703852510864,17.38860372164217,-3.2904750972609063,10.585347005596873,51.29649100976903,148.0421793602014,0.3951496202644801,0.6824122066264874
2010,0,spco2_le_threshold,random,5000,17,391248,96240,96223,22.54529215360753,12.57020841041068,0.5449891233045304,8.058323333231442,36.15700767436685,88.82791609513993,0.7016282913900538,0.8413488576169319
2010,0,spco2_le_threshold,spatial_coverage,5000,17,391248,96240,96223,27.634977769618803,14.13578976850419,-0.0506765103891523,9.086866096125618,38.49370759285249,102.53655505896744,0.5517047415790635,0.7512042450778211
2010,0,spco2_le_threshold,historical_density,5000,18,391248,96240,96223,34.07808792510073,18.106127355796232,-4.193633716897658,10.473795259030451,57.80460448364672,161.64217993785738,0.3182952117014247,0.6629128547708172
2010,0,spco2_le_threshold,random,5000,18,391248,96240,96223,24.316018566117386,13.196056868702762,0.973708464935488,8.184959302560458,38.785941401966994,100.94553076715566,0.6529190009251129,0.8084123887763635
2010,0,spco2_le_threshold,spatial_coverage,5000,18,391248,96240,96223,23.524202200029308,13.785276677677318,1.3339762179343928,8.969707031077292,39.840625045233104,89.87927689219353,0.6751553536967017,0.8224784107521085
2010,0,spco2_le_threshold,historical_density,5000,19,391248,96240,96223,35.00628619785763,17.805874207875043,-3.756390751387428,10.25490432797585,51.11056664182384,178.8631777091946,0.2806537491409503,0.6396810599149527
2010,0,spco2_le_threshold,random,5000,19,391248,96240,96223,22.403395176418776,12.622063508862578,1.0937563052578152,8.01553148527455,36.45908183709939,83.64481999267444,0.7053722933149569,0.8415244225176355
2010,0,spco2_le_threshold,spatial_coverage,5000,19,391248,96240,96223,27.06662892615988,14.833109507796078,1.5236658296281482,9.736418327654462,42.47226099315368,87.08629951713718,0.5699546617658968,0.7688666205590634
2010,1,all,historical_density,1000,0,393456,94032,94032,31.37408121542064,18.27333872372008,0.3414602060794509,12.310105880145729,51.2716251043111,99.14447148850246,0.3136834484471027,0.6434563827257892
2010,1,all,random,1000,0,393456,94032,94032,23.360167682314977,14.167326811600994,1.334563316653084,9.329726370148537,42.21206564588741,86.61318402520587,0.6195177934649962,0.7879109080892169
2010,1,all,spatial_coverage,1000,0,393456,94032,94032,25.95364940310503,15.294587963683494,1.2165156096085443,9.897537123135209,44.06915642408833,99.76895339227806,0.5303446141092019,0.7380105342917163
2010,1,all,historical_density,1000,1,393456,94032,94032,29.810079415137636,18.72115525937749,1.091899777662603,12.464053753709608,54.41235910571682,95.3710045683881,0.3804038566774942,0.6513684763318486
2010,1,all,random,1000,1,393456,94032,94032,26.8453276405032,14.684943000708614,-0.8074026997306366,8.880347918968397,43.64578001659024,121.67368816466,0.4975187539227904,0.7180376081151414
2010,1,all,spatial_coverage,1000,1,393456,94032,94032,37.07975530844691,17.783343197031677,4.854898858785831,10.842282282888789,50.6889217041318,113.8876719750969,0.0413586477957046,0.5769884677221343
2010,1,all,historical_density,1000,2,393456,94032,94032,32.10783653737777,19.42287736825252,-0.4692811865247659,12.480658276387487,57.23735473518233,125.89691692347073,0.2812058623982489,0.6335748415543986
2010,1,all,random,1000,2,393456,94032,94032,24.61447955278945,14.342386320906428,0.1679339776517709,9.061017015324808,42.57195466591939,99.94114189492788,0.5775612442113448,0.7642808137041293
2010,1,all,spatial_coverage,1000,2,393456,94032,94032,32.086215528275666,17.20774704170833,1.467845794948056,9.912069895668935,53.30241737261607,141.04985303186254,0.2821735901365663,0.6401494140254096
2010,1,all,historical_density,1000,3,393456,94032,94032,30.532691366077668,17.889853816172405,-1.5851462668158485,11.437920625458474,55.0887519211913,102.70250440739947,0.3500011095260772,0.6532619691575193
2010,1,all,random,1000,3,393456,94032,94032,22.044233938823304,13.423434496077242,0.1703852296356361,8.644696862333973,40.75467856888778,77.520691650951,0.6611773286197814,0.8134443792624954
2010,1,all,spatial_coverage,1000,3,393456,94032,94032,28.29904825248123,16.290121790790398,0.6855928425070835,10.360137789221085,46.81271284065079,117.526897322419,0.4416248281397581,0.6926932361467856
2010,1,all,historical_density,1000,4,393456,94032,94032,34.65931624118668,19.64567007701755,-2.30785863287735,12.688371589428217,57.86090182047143,135.42134419429576,0.162427477839729,0.5932486866231874
2010,1,all,random,1000,4,393456,94032,94032,25.04388176974198,14.671782777161075,0.5014607602730775,9.239768227493386,46.1293758205066,92.19228202554,0.562693704530551,0.7532636831568236
2010,1,all,spatial_coverage,1000,4,393456,94032,94032,24.429953612713785,15.114355666083542,0.5569497559720167,10.343965800215472,43.76336232534955,93.5512232227143,0.5838712475038481,0.7698919722301732
2010,1,all,historical_density,1000,5,393456,94032,94032,29.70098592460231,17.7031759184768,-0.8160782795523495,11.71694027340058,52.068468631526,101.55519305133824,0.3849305284205989,0.6620044822259762
2010,1,all,random,1000,5,393456,94032,94032,25.633267454136163,14.844596086225392,1.1257720098860196,9.259437221754752,45.09455967533391,101.45770052269238,0.5418682639003298,0.7409548748585032
2010,1,all,spatial_coverage,1000,5,393456,94032,94032,28.22914901398575,16.609731201225323,1.1495713808229922,11.107137506786188,47.275514069975856,116.35635261704088,0.4443798180959212,0.6871111354677697
2010,1,all,historical_density,1000,6,393456,94032,94032,32.459056561790185,19.69446716768184,2.0163188057258257,12.944461296571204,55.65180237284748,125.01439467111496,0.2653944160910513,0.6140737610668437
2010,1,all,random,1000,6,393456,94032,94032,41.8576573749719,20.71649916446089,4.985671050413345,10.084737285774423,77.9320623931825,177.25797586660636,-0.2216091509637672,0.5342303814884778
2010,1,all,spatial_coverage,1000,6,393456,94032,94032,27.5818164857066,15.683424034026304,0.4391408390130384,10.460736003677852,43.0913781043783,115.57697095925607,0.4695698899429673,0.7159869205469017
2010,1,all,historical_density,1000,7,393456,94032,94032,33.49138929120016,19.301565437752156,-1.6390258708371483,11.93035496540665,60.26898379207258,137.5154540437077,0.2179243460745579,0.6069760699372462
2010,1,all,random,1000,7,393456,94032,94032,25.882535472259715,14.992382371242329,-1.2149083368904268,9.434783308221624,44.7411792038532,100.4915213400665,0.5329148332587571,0.7382081239034258
2010,1,all,spatial_coverage,1000,7,393456,94032,94032,24.009430821784694,14.772011811669218,2.3406566114655023,9.89126611539541,43.970071001991855,84.7408564073007,0.5980739370306235,0.7789920214563557
2010,1,all,historical_density,1000,8,393456,94032,94032,31.58994491740978,17.803538502921814,-2.49512612230146,11.337837627082166,53.7484902653999,114.5939354624509,0.3042068047768278,0.6250713422738072
2010,1,all,random,1000,8,393456,94032,94032,24.8574968417412,14.419242041185518,0.2551654568951517,9.14484734429186,42.67069989436343,94.07174678269412,0.5691786417192681,0.7559820665370248
2010,1,all,spatial_coverage,1000,8,393456,94032,94032,24.85271826022153,15.11580988042387,2.231127958404678,9.638061379019431,46.13123997126164,98.46162273694183,0.5693442671731392,0.7670423500652614
2010,1,all,historical_density,1000,9,393456,94032,94032,33.57825220775581,19.92389484023057,0.8845741867905431,12.214792309817284,60.55912733632884,136.19445863881705,0.2138623188282608,0.6126991109405554
2010,1,all,random,1000,9,393456,94032,94032,28.012126940275863,15.311764128227338,-1.0542630418134462,9.650020561076389,45.32343860847504,107.10459437827154,0.4528900523324258,0.69063620635619
2010,1,all,spatial_coverage,1000,9,393456,94032,94032,25.154623654824587,14.665832276847528,0.0526457314412657,9.431706561181272,43.17999922808672,102.6861416034208,0.5588176923006904,0.7550366994029606
2010,1,all,historical_density,1000,10,393456,94032,94032,29.367180106509142,18.273184615481085,1.1001707351532526,12.241230954156263,52.49763599565448,95.24687496834744,0.3986782215279488,0.6555499053795937
2010,1,all,random,1000,10,393456,94032,94032,27.272230020230516,14.92260678995324,-1.051058288810268,9.136137737637624,44.89769252740667,100.81596390025112,0.4814104726604999,0.7097140713037798
2010,1,all,spatial_coverage,1000,10,393456,94032,94032,34.35467830159597,18.461871024000896,4.966031111011948,11.405785709971298,54.23589822675631,124.22804248146434,0.1770864525084067,0.6198538100826998
2010,1,all,historical_density,1000,11,393456,94032,94032,34.055818645148925,20.37377081737325,-0.969886665916614,12.40244333191896,63.405922061547365,125.42570641410792,0.1913416250378419,0.5780025237461861
2010,1,all,random,1000,11,393456,94032,94032,23.01599956334518,13.753231008556323,1.1767024206419272,8.985264785596428,40.81106853578756,84.5840624343759,0.6306465830607798,0.7962377810248099
2010,1,all,spatial_coverage,1000,11,393456,94032,94032,27.16588528861932,16.600067554863454,-0.0984796007692171,10.973443812100498,49.75781342962371,92.05949960875854,0.4854469405363613,0.7134289231489197
2010,1,all,historical_density,1000,12,393456,94032,94032,33.646221147632865,18.73830881608126,-1.336391741819152,11.315503565496243,58.22378361985783,141.2137866218123,0.2106765053551099,0.5965650665664829
2010,1,all,random,1000,12,393456,94032,94032,23.44049423112809,14.23071254210762,0.2341214465031092,9.408505012870194,42.41512454965425,88.59330377317103,0.6168966333951211,0.7854534471041433
2010,1,all,spatial_coverage,1000,12,393456,94032,94032,28.917791233873963,16.110809390047066,0.8078146635415795,9.917020259511077,47.567985481227744,122.98947827686612,0.4169407683192907,0.693052420717189
2010,1,all,historical_density,1000,13,393456,94032,94032,32.561557907452936,20.363956827266488,0.4896085896655298,13.374538091242812,61.33568948317885,112.22693679219957,0.2607475187713267,0.6076491055813015
2010,1,all,random,1000,13,393456,94032,94032,28.460653213136744,15.385099666926042,0.6847428844195922,9.666033040197306,43.32643329873841,115.4523038992551,0.4352292879823564,0.6883805236454913
2010,1,all,spatial_coverage,1000,13,393456,94032,94032,25.438126225447224,15.737909552125844,2.0609111734002714,10.249548236205412,47.40410971971898,90.82639867455018,0.5488170538579968,0.7507434075844032
2010,1,all,historical_density,1000,14,393456,94032,94032,30.84483539911143,17.867229903298256,0.3713369194914591,11.128123385245855,54.030625301661054,122.05803272976549,0.3366429427437873,0.6407903799537404
2010,1,all,random,1000,14,393456,94032,94032,25.08665948127357,15.32367519828272,3.0823447469945475,9.721817184362976,48.400034839602185,93.43428573875062,0.5611984938832502,0.754462904406743
2010,1,all,spatial_coverage,1000,14,393456,94032,94032,24.20694897259525,15.02154984909668,1.2684081083040477,10.004489290893588,45.13660785019501,92.91237557712311,0.5914336928456275,0.7774808552220526
2010,1,all,historical_density,1000,15,393456,94032,94032,33.19128137425639,19.49376539432436,-0.5499879550854083,11.810581985270062,59.55028567193602,132.5873296424082,0.2318775158121202,0.6057921219059957
2010,1,all,random,1000,15,393456,94032,94032,23.147827521218037,13.57948827807948,0.152343758870639,8.794344150689028,41.17394856949983,88.34031877639792,0.6264033999870309,0.7918941150276655
2010,1,all,spatial_coverage,1000,15,393456,94032,94032,25.384927806934275,15.648943672823036,2.020303114715248,10.346463157973886,46.85870698338004,91.73677947244602,0.550702186530093,0.7574648133511163
2010,1,all,historical_density,1000,16,393456,94032,94032,34.05254738533086,18.473369009116404,-6.336825558326152,10.776683208016609,62.43724302324926,132.03075715893291,0.1914969702742232,0.612939683007193
2010,1,all,random,1000,16,393456,94032,94032,25.844811887892675,14.854744235091625,0.5259124857660044,9.55011410184639,43.84545139860344,99.33043393076817,0.5342753866803914,0.7358293255764431
2010,1,all,spatial_coverage,1000,16,393456,94032,94032,28.766925636260424,15.88845081889442,1.5541001218220152,9.834430022763684,48.39044291955462,110.78542729269488,0.4230085985676659,0.6977244830230525
2010,1,all,historical_density,1000,17,393456,94032,94032,33.20695667486725,19.64487656243249,1.136003001081532,12.461590463571724,58.780788580266126,137.00932686462775,0.2311518195718875,0.5836199182782416
2010,1,all,random,1000,17,393456,94032,94032,25.135273402207,15.038237594742158,0.9193657961117108,9.882097418917,43.37218451702529,96.32707464236331,0.5594961922593584,0.7536019384131663
2010,1,all,spatial_coverage,1000,17,393456,94032,94032,26.9641745442255,15.72867224065589,-0.4423673853199763,9.909339324127927,48.18525569313106,106.5516526125196,0.4930598379760804,0.7146021602591764
2010,1,all,historical_density,1000,18,393456,94032,94032,33.72951704748364,19.344975403656505,-2.8565181785416995,11.770642190472614,60.09630147408371,136.17039859565728,0.2067635075833489,0.5927532387756554
2010,1,all,random,1000,18,393456,94032,94032,24.685503374650438,13.948214758375473,0.1685492921533275,8.922494587533947,40.85402337290295,92.87105383563026,0.5751198762153265,0.7618772760837808
2010,1,all,spatial_coverage,1000,18,393456,94032,94032,24.916186720415563,15.156681749072971,0.9503829870260916,10.176337479378446,43.35934319201773,95.80614661935394,0.567141855565458,0.759360316573921
2010,1,all,historical_density,1000,19,393456,94032,94032,32.260551667318985,18.625936182082004,0.300313389190599,12.06634169245089,53.939667610172776,115.35984632719794,0.2743519722363127,0.6129808597039679
2010,1,all,random,1000,19,393456,94032,94032,26.69033231039953,15.622158896243484,0.0690412897842447,10.056092579414582,46.92460374786961,99.10832429698236,0.5033042980974851,0.7178044004812988
2010,1,all,spatial_coverage,1000,19,393456,94032,94032,23.64925810091004,14.554798578269176,2.125670541961837,9.63892839971038,43.47176590031133,89.52371252127408,0.6100423164140041,0.7837543197073171
2010,1,all,historical_density,5000,0,393456,94032,94032,31.381491934500744,16.140879396289048,-1.7506225210450068,9.68437576526523,49.204842061564925,119.57153026951627,0.3133591871684997,0.6595949795438393
2010,1,all,random,5000,0,393456,94032,94032,24.33844479894044,12.697588733564176,0.2380310514463051,7.847177967439791,36.27513521971292,96.398407838192,0.586982848191085,0.7751862421014569
2010,1,all,spatial_coverage,5000,0,393456,94032,94032,21.46001234843201,12.904956296615314,1.8245402592762063,8.807544416257542,36.90758451836557,79.69067394559421,0.6788984700377623,0.8264282183975733
2010,1,all,historical_density,5000,1,393456,94032,94032,31.175944003162797,16.79094889550739,-1.967392657138776,9.677501319185469,53.85943273249548,136.72212914517118,0.3223246866545391,0.6595555256473917
2010,1,all,random,5000,1,393456,94032,94032,21.862951316110788,12.155288942114232,0.3281725094666884,7.800114363761878,35.375286875025736,83.04917497918365,0.666727088746746,0.8168745287985076
2010,1,all,spatial_coverage,5000,1,393456,94032,94032,27.03903015248573,13.330484108249362,1.7918652478385193,8.586082321911903,37.291656560773255,82.44096378160091,0.4902412842582497,0.7348466855388963
2010,1,all,historical_density,5000,2,393456,94032,94032,31.57949038543033,16.55716730766291,-1.822458965395779,9.771540355395274,50.7688640721584,146.99324357427224,0.3046672670252464,0.6447157339862091
2010,1,all,random,5000,2,393456,94032,94032,22.438132164419017,12.609820574687497,0.1957946327727643,7.973337783621702,37.828855217161,85.08179849812616,0.6489606163786661,0.8072343413196785
2010,1,all,spatial_coverage,5000,2,393456,94032,94032,21.602903066228443,12.718163057812236,2.091840048112845,8.588944379896304,36.44161374434536,70.16469784503383,0.674608148056556,0.8254855951749
2010,1,all,historical_density,5000,3,393456,94032,94032,30.00439718884253,15.832138775186657,-2.35346332668263,9.442567357340124,48.80400199921044,104.91126170075609,0.3722998223343922,0.6793537556069775
2010,1,all,random,5000,3,393456,94032,94032,21.179752531143,12.109670979145964,0.8266653316820477,7.8678735564738815,34.90463755524541,85.52750808464359,0.6872306391439864,0.8297596827166541
2010,1,all,spatial_coverage,5000,3,393456,94032,94032,32.074464976313166,13.868147539844056,2.8014356881535987,8.86592574852861,37.37870703085829,82.54691456054847,0.2826992558713288,0.6742200027009593
2010,1,all,historical_density,5000,4,393456,94032,94032,31.262239610335502,16.833014988108747,-2.3878292940666648,10.100228557009784,54.243006044050354,111.99565534169147,0.3185678579882006,0.6623344072031796
2010,1,all,random,5000,4,393456,94032,94032,20.868174690950465,11.94374763437733,0.719008403503465,7.641821010775203,35.31379652590831,79.64182046148748,0.6963653245316783,0.8360110933960595
2010,1,all,spatial_coverage,5000,4,393456,94032,94032,22.3818119200618,13.384461458180713,2.407209239377359,9.283154224097444,38.48829172535937,73.7245311827549,0.6507206391249687,0.8110916793755467
2010,1,all,historical_density,5000,5,393456,94032,94032,29.818725979541085,16.24669219949488,-1.9035412653477295,9.509549367165391,51.608882014675736,118.36471950521587,0.3800443705553645,0.6723794450158148
2010,1,all,random,5000,5,393456,94032,94032,21.80548669214174,12.142732524668707,0.6958066917566507,7.733638601183344,36.468420061804416,84.42010375637653,0.6684767366744924,0.8182159605641236
2010,1,all,spatial_coverage,5000,5,393456,94032,94032,23.32515428050468,13.44998895777686,2.0469655593875133,9.068006166486072,37.67672183456112,81.88714463101584,0.6206575106736942,0.7950284375108031
2010,1,all,historical_density,5000,6,393456,94032,94032,30.109380581082487,16.437247809503962,-2.669337706681876,9.51215192812802,55.210781415254736,112.11870788811416,0.3678995752591586,0.6791421843160593
2010,1,all,random,5000,6,393456,94032,94032,30.22913964958836,14.027766059173858,3.7186573771118834,8.340456223266017,41.63767682088415,102.18588965106802,0.3628612580801812,0.7047549873989363
2010,1,all,spatial_coverage,5000,6,393456,94032,94032,22.69501491359589,12.868377310893154,1.9090285441354928,8.571926991193521,36.74771232944675,76.26969959070281,0.6408768640766673,0.8038801572718489
2010,1,all,historical_density,5000,7,393456,94032,94032,33.952808535933634,16.805353462112148,-3.110088649571675,9.423320479317852,50.20389175462268,162.8720798488541,0.1962261945647035,0.615081181411415
2010,1,all,random,5000,7,393456,94032,94032,19.94930256574693,11.518286221686626,0.5920743696344388,7.497306835939639,34.9071707701926,73.35676965358122,0.7225160460728244,0.8503017835218206
2010,1,all,spatial_coverage,5000,7,393456,94032,94032,22.44409751311125,12.309829692482843,1.601533386105415,8.514658297311598,33.54119718965568,66.16144435861655,0.6487739385683016,0.8122361988535579
2010,1,all,historical_density,5000,8,393456,94032,94032,31.291906200033758,16.889767225529653,-2.8778624357612004,9.707514300428867,59.90256325811863,123.45861875926772,0.3172739417502279,0.6632843894704112
2010,1,all,random,5000,8,393456,94032,94032,22.927792785222792,12.79985669668237,0.8715748963328817,7.822164007869844,38.378146266772205,97.40430274415075,0.6334721866877183,0.79920487897378
2010,1,all,spatial_coverage,5000,8,393456,94032,94032,24.05175497687925,13.861404935469231,2.900546497861836,9.484632267220178,38.476704867595416,81.07781227036024,0.596655646449388,0.7835688451844828
2010,1,all,historical_density,5000,9,393456,94032,94032,30.570979796465583,16.578592822307847,-2.277883517307646,9.610154652358318,53.40916229353568,131.40692695921757,0.3483698716131022,0.6756651232910351
2010,1,all,random,5000,9,393456,94032,94032,22.439752102286835,12.577023373802806,1.0701962685604836,7.958169081362257,37.77575467366439,89.43871079809645,0.6489099274430679,0.8062218962642702
2010,1,all,spatial_coverage,5000,9,393456,94032,94032,22.601734723196312,13.061219806403772,1.80961529272661,8.637480099200673,37.59083812520285,77.9431823971136,0.6438229058668781,0.807020324365999
2010,1,all,historical_density,5000,10,393456,94032,94032,29.687493697884744,16.242284723305854,-2.15772999728359,9.288204236748072,57.16914376819606,108.44178486756164,0.3854892150493104,0.689716939617452
2010,1,all,random,5000,10,393456,94032,94032,20.664236273118163,12.135629466398951,0.818203954832305,8.02678199466692,35.731050971070225,79.55557592248623,0.7022709870884682,0.8385566990901506
2010,1,all,spatial_coverage,5000,10,393456,94032,94032,26.7929523369403,13.846123499281008,2.5452288066329403,8.863707020543274,39.17340402837601,85.05968612656727,0.4994775256904253,0.7376252306334546
2010,1,all,historical_density,5000,11,393456,94032,94032,32.20773330457757,16.805432976975826,-3.0355124565125817,9.472921217215202,52.54018790429959,149.30875366589743,0.276726151413335,0.6352527372290285
2010,1,all,random,5000,11,393456,94032,94032,21.73343570493576,11.983223878629472,0.4263808922823306,7.589294474661557,36.1443738230431,76.34543803133329,0.6706639948644946,0.8203495154620514
2010,1,all,spatial_coverage,5000,11,393456,94032,94032,21.19677127009089,12.767908576041476,2.35518234375152,8.578495838932923,36.95403244576372,75.02405401370115,0.6867277929763391,0.8317599448633292
2010,1,all,historical_density,5000,12,393456,94032,94032,30.08776143001653,16.31511988142939,-2.6004789199145977,9.528041986838844,55.20702167079297,111.40707648163364,0.3688069714435087,0.6832298764633461
2010,1,all,random,5000,12,393456,94032,94032,21.29188535906374,12.310263810651858,1.5639338091010433,8.031262644212433,36.846412860953976,81.20515905735482,0.6839100570296932,0.8295722659201938
2010,1,all,spatial_coverage,5000,12,393456,94032,94032,22.48661333952716,13.09395128924357,2.043471557618463,8.865027573875494,36.72607742051029,76.28072235495691,0.6474420240444458,0.8086889258568917
2010,1,all,historical_density,5000,13,393456,94032,94032,32.366449392295344,16.680059501280542,-2.848747629727732,9.59807489674941,50.79409336279915,151.01448217203878,0.2695801630002328,0.6341028996055097
2010,1,all,random,5000,13,393456,94032,94032,23.681543249714974,12.49784374535506,0.7995216176104397,7.775069671994828,36.82792568911374,101.38282580475136,0.6089768761877901,0.7861542654203775
2010,1,all,spatial_coverage,5000,13,393456,94032,94032,22.06583483731364,13.167976502251806,1.761197037111055,8.86060341129587,38.38831914516829,75.4090868471965,0.6605129861896916,0.8152386897013885
2010,1,all,historical_density,5000,14,393456,94032,94032,34.35750555693754,16.962328865069274,-3.3186940395406275,9.251871961952247,52.13514246886387,168.43060557364322,0.1769510018174205,0.6125540446607758
2010,1,all,random,5000,14,393456,94032,94032,28.26458705966748,13.450994162424372,2.223584968633562,7.944827420668957,38.297930682927785,108.47745550040872,0.4429839239043465,0.7129082143142389
2010,1,all,spatial_coverage,5000,14,393456,94032,94032,19.763874086114736,12.344038527432811,1.3766456413598984,8.641734523086285,35.994157228330145,65.64517001373997,0.7276504910586646,0.8538012416914743
2010,1,all,historical_density,5000,15,393456,94032,94032,30.60332999801633,16.781630676657894,-2.2921744332783924,9.539479160014082,57.74866513845007,121.26877080652532,0.3469900323178797,0.6680765481100577
2010,1,all,random,5000,15,393456,94032,94032,22.86295659864431,12.27299646408694,0.0939877250692188,7.728608728230256,34.5120053348621,99.38052954596594,0.6355422215238071,0.8007878651969123
2010,1,all,spatial_coverage,5000,15,393456,94032,94032,21.410076456048994,12.852528305933246,2.012365934931881,8.670156512210895,36.847201975270494,72.97103504656394,0.6803910913498863,0.8279110832024035
2010,1,all,historical_density,5000,16,393456,94032,94032,31.010475404322648,15.662101449625748,-1.325728577902298,9.237745256689806,47.60713319854251,118.8099691678765,0.3294992187169324,0.6621040896331354
2010,1,all,random,5000,16,393456,94032,94032,25.430377685522966,12.676087480310816,2.216071939890362,7.68233674597235,36.84370056297055,96.00476751442892,0.5490918757212275,0.7614458667522002
2010,1,all,spatial_coverage,5000,16,393456,94032,94032,25.124218478437108,12.688608268280488,1.80062153854837,8.362387927419377,35.54410594075918,69.45858674342576,0.5598835892882554,0.7696368632117068
2010,1,all,historical_density,5000,17,393456,94032,94032,29.565996922860187,15.647716298485262,-1.643299253634822,9.360119865748374,49.59182760895786,100.2290273734066,0.3905087228074519,0.6891286270286046
2010,1,all,random,5000,17,393456,94032,94032,23.723141085017,12.91306624395494,1.8214420308340376,8.097844359143522,37.70500846976906,94.54224427849152,0.6076019656838347,0.789809998676433
2010,1,all,spatial_coverage,5000,17,393456,94032,94032,23.99895513122187,13.36285342178418,2.4484471547417628,9.021755315416698,37.93873999542399,75.09259050639142,0.5984245937831931,0.7857697133357959
2010,1,all,historical_density,5000,18,393456,94032,94032,32.250903538729084,16.52182378795841,-2.3197971833168523,9.359968490289448,50.54250672280304,148.39760402465944,0.2747859448876502,0.6369297323573568
2010,1,all,random,5000,18,393456,94032,94032,21.15299053099299,11.790737992319562,0.8446402301023433,7.598024936407086,34.30191223004076,78.06298633146443,0.6880205487936193,0.8302359257485702
2010,1,all,spatial_coverage,5000,18,393456,94032,94032,24.126745613433037,13.416935221120616,2.267370958210281,8.92835565540949,38.954989429326375,79.58843419221104,0.5941365618102094,0.7837929610975233
2010,1,all,historical_density,5000,19,393456,94032,94032,31.076396061269808,16.229879414124667,-1.7180896946010973,9.831815367686971,48.75026244595037,113.82900563202108,0.3266455487602162,0.6589306652954782
2010,1,all,random,5000,19,393456,94032,94032,23.89965914812748,12.492441104068028,0.7128370047631992,7.677428512189522,36.666548145520586,88.72533272498377,0.6017407659441179,0.7849925846895879
2010,1,all,spatial_coverage,5000,19,393456,94032,94032,22.10925450130305,12.74039819501128,1.3127906303626218,8.571105480319886,35.54574310399005,75.58533160270304,0.6591756323327125,0.8143277464538377
2010,1,spco2_le_threshold,historical_density,1000,0,393456,94032,94030,30.865342010237235,18.24801664054034,0.3671782224492346,12.309906118470934,51.25573730593966,98.99284202960956,0.3230626841319783,0.6512612372991177
2010,1,spco2_le_threshold,random,1000,0,393456,94032,94030,22.762292564073057,14.144184270005477,1.3580355804676405,9.329451797606282,42.20846807300712,86.56927287672227,0.6318385855417636,0.7957376065071863
2010,1,spco2_le_threshold,spatial_coverage,1000,0,393456,94032,94030,25.40755456369874,15.271664567498986,1.2397901937878038,9.897493490596815,44.06213533689737,99.604712217438,0.5412965552095632,0.7455227527717491
2010,1,spco2_le_threshold,historical_density,1000,1,393456,94032,94030,29.291612102442123,18.696293166082963,1.117183290823914,12.46387753111577,54.40970871500414,95.3528528097248,0.3903328200232796,0.6590769254388639
2010,1,spco2_le_threshold,random,1000,1,393456,94032,94030,26.31748537892824,14.661592218427373,-0.783756744838503,8.880259683203434,43.636942579518575,121.56675505996267,0.5078527661634353,0.7253326856312717
2010,1,spco2_le_threshold,spatial_coverage,1000,1,393456,94032,94030,36.83445702972347,17.76735909806083,4.871364468807533,10.842004253619962,50.68469260037443,113.65294366258054,0.0359161393815058,0.57924138581953
2010,1,spco2_le_threshold,historical_density,1000,2,393456,94032,94030,31.627001956422344,19.398166297981938,-0.4441669769118094,12.480412092617684,57.22221662706563,125.73691993704462,0.289241080152799,0.640906019403604
2010,1,spco2_le_threshold,random,1000,2,393456,94032,94030,24.0259714805501,14.3190169581006,0.1916119721772344,9.060650314707573,42.56575311526639,99.87974089766728,0.5898259487420721,0.7722708823258267
2010,1,spco2_le_threshold,spatial_coverage,1000,2,393456,94032,94030,31.70193224912229,17.18721194946942,1.4887781134517009,9.911438966078263,53.27630435187392,141.00226855812932,0.285869248556192,0.6453306252450253
2010,1,spco2_le_threshold,historical_density,1000,3,393456,94032,94030,30.01749278126974,17.86470055125158,-1.55964620390397,11.437819541187508,55.080970899194256,102.59871527385774,0.3597418763731527,0.6610142352591691
2010,1,spco2_le_threshold,random,1000,3,393456,94032,94030,21.391138869750293,13.399997002701236,0.1941118609405068,8.644050789360165,40.74802139884689,77.4979754078036,0.6748572444055438,0.8218378922875337
2010,1,spco2_le_threshold,spatial_coverage,1000,3,393456,94032,94030,27.81565386642496,16.267920592880845,0.7081551105992018,10.359916400865842,46.80771824223672,117.39926748405529,0.4502252184808466,0.6993635183018153
2010,1,spco2_le_threshold,historical_density,1000,4,393456,94032,94030,34.2020030762375,19.620472156917685,-2.282291940865457,12.687461580879926,57.85656630562429,135.35071193861003,0.1687926952031199,0.600358182901217
2010,1,spco2_le_threshold,random,1000,4,393456,94032,94030,24.49458639542128,14.648762455118783,0.5248038142846846,9.239272810470368,46.12167891944779,92.1140479089051,0.573669416172419,0.7605725380635988
2010,1,spco2_le_threshold,spatial_coverage,1000,4,393456,94032,94030,23.826758697244767,15.090709482746082,0.5809292649592047,10.343714076886158,43.75398912467459,93.359804935002,0.5965997147758395,0.7781252106641204
2010,1,spco2_le_threshold,historical_density,1000,5,393456,94032,94030,29.16684706916872,17.67806591843429,-0.7906090941936887,11.716272112465164,52.06088857764202,101.43578356045585,0.3955154060377512,0.6700421982896807
2010,1,spco2_le_threshold,random,1000,5,393456,94032,94030,25.085296666917497,14.821637898919985,1.1490698838466682,9.259144562853464,45.08696828121134,101.40416623812489,0.552858735344842,0.7484067916263221
2010,1,spco2_le_threshold,spatial_coverage,1000,5,393456,94032,94030,27.753746941491205,16.587234826077772,1.172445492917941,11.10682039614258,47.26372988308363,116.24069232189748,0.4526696687926033,0.6935502749992751
2010,1,spco2_le_threshold,historical_density,1000,6,393456,94032,94030,32.00910320160749,19.670459922631704,2.040787835014464,12.94442203007577,55.619984600542416,124.94154076215472,0.2719632853608409,0.6207165073940861
2010,1,spco2_le_threshold,random,1000,6,393456,94032,94030,41.60455950056661,20.69785744583128,5.0048594492559655,10.08399092344007,77.9281612934092,177.03264417432658,-0.2299518897940129,0.5375276177074533
2010,1,spco2_le_threshold,spatial_coverage,1000,6,393456,94032,94030,27.08328521073632,15.660901453217386,0.4620063436733449,10.460675759250876,43.06774453891558,115.4587093908683,0.478794542750277,0.7229314819804592
2010,1,spco2_le_threshold,historical_density,1000,7,393456,94032,94030,33.01815307585765,19.27648926768865,-1.6135740219569443,11.9302236498514,60.25369922665876,137.47071975154603,0.2253387700134397,0.614296873951158
2010,1,spco2_le_threshold,random,1000,7,393456,94032,94030,25.31085774811376,14.96847675015412,-1.1907096715815588,9.434532325626805,44.729852816449,100.46554580664846,0.5447814052142945,0.7461912595074859
2010,1,spco2_le_threshold,spatial_coverage,1000,7,393456,94032,94030,23.5022997601189,14.75137635536949,2.361656050928542,9.89052186187044,43.96470641089833,84.70214185426897,0.6075114513739754,0.7852622521262937
2010,1,spco2_le_threshold,historical_density,1000,8,393456,94032,94030,31.08155168796428,17.77823515527471,-2.4694971676697643,11.337825113743063,53.74271919338504,114.43651352319056,0.3135456652497831,0.632833824899304
2010,1,spco2_le_threshold,random,1000,8,393456,94032,94030,24.28469186586736,14.395787444898811,0.2789321750046359,9.144774676234022,42.6628668169119,93.97360050223703,0.5809445796690611,0.7637247752518839
2010,1,spco2_le_threshold,spatial_coverage,1000,8,393456,94032,94030,24.325727388728648,15.094100978825075,2.253205826032163,9.637917068987631,46.11294097024511,98.3465231135981,0.5795271692983649,0.7739759980436205
2010,1,spco2_le_threshold,historical_density,1000,9,393456,94032,94030,33.13155731372761,19.89963868277704,0.9092729363748256,12.214113760369573,60.534390229814406,136.16910679413667,0.2200083246135266,0.6195303717145807
2010,1,spco2_le_threshold,random,1000,9,393456,94032,94030,27.485467841934845,15.28791670948314,-1.0301123687655898,9.649339485116428,45.31866990954278,106.98544382656014,0.463199965404507,0.6981537029620042
2010,1,spco2_le_threshold,spatial_coverage,1000,9,393456,94032,94030,24.58204874951376,14.642507393343202,0.0762836741396425,9.431127783760644,43.158936507191385,102.48128814380836,0.570619399533143,0.7628632229537927
2010,1,spco2_le_threshold,historical_density,1000,10,393456,94032,94030,28.825413346546657,18.24796639836496,1.1258010198084694,12.24121209027274,52.49174445788687,94.99173593499135,0.4095850373761084,0.6637297982384913
2010,1,spco2_le_threshold,random,1000,10,393456,94032,94030,26.73856838963629,14.898877751107827,-1.0270342047983927,9.1356750436629,44.88690641188583,100.80099637829947,0.4919779416948998,0.7172333049503193
2010,1,spco2_le_threshold,spatial_coverage,1000,10,393456,94032,94030,34.04050369324401,18.44427957649701,4.984120865484569,11.405596918779594,54.216977894226034,123.79419041508557,0.1766239635672976,0.6236444982089675
2010,1,spco2_le_threshold,historical_density,1000,11,393456,94032,94030,33.5827966297992,20.348456916821267,-0.944160048483819,12.40227353269276,63.38270831474187,125.35750355142424,0.1986172558002168,0.5852964173726097
2010,1,spco2_le_threshold,random,1000,11,393456,94032,94030,22.40390969073337,13.73011661622708,1.2001343697813207,8.985004132748998,40.802246965545656,84.50485198868085,0.6433404193965103,0.8042096578073986
2010,1,spco2_le_threshold,spatial_coverage,1000,11,393456,94032,94030,26.714142609832795,16.579843910406883,-0.0779049707132808,10.973062081757805,49.75624145582773,92.05098196240334,0.4929056777645907,0.7191067349476177
2010,1,spco2_le_threshold,historical_density,1000,12,393456,94032,94030,33.20332408971626,18.71383081040694,-1.3115436007183836,11.315226147598024,58.202794727484246,141.0804771651479,0.2166255609143368,0.6031298420490675
2010,1,spco2_le_threshold,random,1000,12,393456,94032,94030,22.815416659578588,14.20699255305842,0.2581490997868849,9.40844668266388,42.41195357003092,88.51100579685425,0.630118102841985,0.7938333502856817
2010,1,spco2_le_threshold,spatial_coverage,1000,12,393456,94032,94030,28.488547997741097,16.09050552442984,0.8284783850357309,9.916775662641754,47.55754037337652,122.8980972024495,0.4233040556442506,0.6987188702838811
2010,1,spco2_le_threshold,historical_density,1000,13,393456,94032,94030,32.07042151888043,20.338739595129454,0.515269373124843,13.374382491665472,61.3275226592137,112.03298426919424,0.269171283020848,0.6152014997294717
2010,1,spco2_le_threshold,random,1000,13,393456,94032,94030,27.97764911285144,15.362499779771044,0.7076845740323474,9.665629940417377,43.3197860133998,115.27550791421052,0.443802918146872,0.6950784331327092
2010,1,spco2_le_threshold,spatial_coverage,1000,13,393456,94032,94030,24.919438607738037,15.715707644700617,2.0834916583162046,10.249402906076568,47.3983499410128,90.75463666277024,0.5587519733285953,0.7576013602190317
2010,1,spco2_le_threshold,historical_density,1000,14,393456,94032,94030,30.390434587374333,17.84353095197685,0.3954238016184127,11.12747385364588,54.02273187175568,122.0061753058371,0.3437337216728644,0.6472129645328372
2010,1,spco2_le_threshold,random,1000,14,393456,94032,94030,24.529345900172817,15.3009760639118,3.1054353738666984,9.721665250059743,48.39402625756556,93.39475256603548,0.5724585727367357,0.7620343277019238
2010,1,spco2_le_threshold,spatial_coverage,1000,14,393456,94032,94030,23.659845488058316,14.99959826121743,1.290706180453367,10.00414536580456,45.13598135598281,92.82649512920511,0.6022317853591082,0.7846081114345492
2010,1,spco2_le_threshold,historical_density,1000,15,393456,94032,94030,32.75638298183529,19.469676887497343,-0.525496517758789,11.809634873168648,59.54517832136179,132.48562787441816,0.2375732098673446,0.6121280346387928
2010,1,spco2_le_threshold,random,1000,15,393456,94032,94030,22.52715786431594,13.555978156700316,0.1761459536739662,8.794216483751882,41.16981242329935,88.23900663784364,0.6394055212302491,0.8000529758216802
2010,1,spco2_le_threshold,spatial_coverage,1000,15,393456,94032,94030,24.848135622090822,15.626488437130163,2.043134171886106,10.34641478108793,46.8516691258656,91.6764355049678,0.5612734819417292,0.7647270558465447
2010,1,spco2_le_threshold,historical_density,1000,16,393456,94032,94030,33.57474376210816,18.447882990162576,-6.311081397429311,10.776502503707915,62.424975388663775,131.8954736803123,0.1990015391903979,0.6204858532803637
2010,1,spco2_le_threshold,random,1000,16,393456,94032,94030,25.33605318485467,14.832345986181975,0.5486378782834556,9.549926587506375,43.81964868205772,99.23896475285788,0.5438746686677132,0.7424689713687663
2010,1,spco2_le_threshold,spatial_coverage,1000,16,393456,94032,94030,28.343032234599864,15.868734352421988,1.57418758799541,9.834253803222763,48.385204928608296,110.6665816827102,0.4291803838089199,0.7032462043473338
2010,1,spco2_le_threshold,historical_density,1000,17,393456,94032,94030,32.78478403986715,19.62131698732877,1.1600045814934232,12.461275045208026,58.77488697959586,136.95945755110893,0.236250529348218,0.58953980869695
2010,1,spco2_le_threshold,random,1000,17,393456,94032,94030,24.58211692584537,15.015673974440553,0.9422688315657348,9.881952552654925,43.35978708310184,96.25630612373284,0.5706170178248406,0.7610330617596694
2010,1,spco2_le_threshold,spatial_coverage,1000,17,393456,94032,94030,26.469627109861676,15.706406345955822,-0.4197763538581259,9.90847182267379,48.179978347767694,106.50758632238396,0.5021460992153277,0.7211901355427341
2010,1,spco2_le_threshold,historical_density,1000,18,393456,94032,94030,33.29028463015518,19.320654647001795,-2.831846715575708,11.770523128613377,60.09073608634798,136.0733977078518,0.2125168233617187,0.5992220265199384
2010,1,spco2_le_threshold,random,1000,18,393456,94032,94030,24.119595170669324,13.925209774313942,0.1918545370688523,8.922221744151017,40.84297392487706,92.85851484725475,0.586623012269586,0.7694305047117016
2010,1,spco2_le_threshold,spatial_coverage,1000,18,393456,94032,94030,24.35713168752413,15.13368207740644,0.9737252528590804,10.175914790790443,43.35635420414038,95.6353421296204,0.5784408151067237,0.7668684572188827
2010,1,spco2_le_threshold,historical_density,1000,19,393456,94032,94030,31.784971156622028,18.601118551074887,0.3255335778829511,12.066279603174904,53.92759642987609,115.17239400607164,0.282123211757576,0.6201014851517911
2010,1,spco2_le_threshold,random,1000,19,393456,94032,94030,26.126714485457462,15.598199387687677,0.0933345471475834,10.0556684252507,46.91959702540272,98.99366477829452,0.5149618861677261,0.7258509655501779
2010,1,spco2_le_threshold,spatial_coverage,1000,19,393456,94032,94030,23.098332700851703,14.533091415690448,2.1477324949078955,9.63855495168346,43.4638475730211,89.48118242253865,0.6208879987356536,0.7907521416421032
2010,1,spco2_le_threshold,historical_density,5000,0,393456,94032,94030,30.873142037603728,16.11558201215045,-1.725019058912681,9.684300130706674,49.19778553449712,119.38980810686591,0.3227205011902051,0.6674457907047621
2010,1,spco2_le_threshold,random,5000,0,393456,94032,94030,23.74461641498864,12.674099899349194,0.261795023804114,7.846979807513492,36.266415406261125,96.1081288545113,0.5993763494224313,0.78321523653725
2010,1,spco2_le_threshold,spatial_coverage,5000,0,393456,94032,94030,20.838802967078266,12.883552764581236,1.846257084866721,8.807072827356592,36.9024775573254,79.64986776584873,0.6914313470836309,0.8340563022636599
2010,1,spco2_le_threshold,historical_density,5000,1,393456,94032,94030,30.681244320117216,16.766357202923597,-1.9424856703672075,9.6770646064507,53.8321626675712,136.67381407007602,0.3311138463506025,0.6670921049784251
2010,1,spco2_le_threshold,random,5000,1,393456,94032,94030,21.202702205672352,12.131805023833936,0.3519219485690958,7.799440696242669,35.36719465716632,82.94339865300364,0.6805604428229004,0.825294552415842
2010,1,spco2_le_threshold,spatial_coverage,5000,1,393456,94032,94030,26.67160902448721,13.315825080076138,1.8059318279623813,8.586035115878701,37.287958724260506,82.42169952265641,0.4945191578979352,0.7385619616023057
2010,1,spco2_le_threshold,historical_density,5000,2,393456,94032,94030,31.103754560062328,16.532782739580647,-1.797760992903385,9.771041138807815,50.75552047249547,146.97114715319742,0.312564588005798,0.6518510191059147
2010,1,spco2_le_threshold,random,5000,2,393456,94032,94030,21.840973839246114,12.587811541216489,0.2180760392142589,7.97315227988318,37.8242268159382,85.03149399079649,0.6610385840941695,0.8147228046482208
2010,1,spco2_le_threshold,spatial_coverage,5000,2,393456,94032,94030,20.987110968508727,12.696362927379369,2.1139551844609743,8.58889395186722,36.436039993739975,70.13745640069784,0.687023603826314,0.8330988892351129
2010,1,spco2_le_threshold,historical_density,5000,3,393456,94032,94030,29.47230489328321,15.806836498337288,-2.327874361001006,9.442198885944322,48.796382645190704,104.81967361697554,0.382787844588212,0.687443555048756
2010,1,spco2_le_threshold,random,5000,3,393456,94032,94030,20.58917218080293,12.088507529584575,0.8481039346266287,7.867565320059896,34.901585002529394,85.49177797346147,0.6987798372863501,0.8367466069468366
2010,1,spco2_le_threshold,spatial_coverage,5000,3,393456,94032,94030,31.733875857847963,13.8506981689692,2.819239617854956,8.865648148292792,37.37045445218834,82.42217530690274,0.2844293737856229,0.6786076037533828
2010,1,spco2_le_threshold,historical_density,5000,4,393456,94032,94030,30.74944931212609,16.807646207248915,-2.362153266887702,10.100094365211303,54.23891939446722,111.88010894824382,0.3281366474546506,0.670251581229859
2010,1,spco2_le_threshold,random,5000,4,393456,94032,94030,20.18831833595046,11.920437396337352,0.7425879759268943,7.641675509299944,35.3092258833406,79.56537862528357,0.7103946661924447,0.8443805265824196
2010,1,spco2_le_threshold,spatial_coverage,5000,4,393456,94032,94030,21.70430642339361,13.360296866733105,2.43170971662094,9.282827661467394,38.48594224915345,73.51510397788726,0.6652673373054221,0.8200581174464037
2010,1,spco2_le_threshold,historical_density,5000,5,393456,94032,94030,29.291358674615225,16.221702316483775,-1.8782463062771892,9.509524660504468,51.60082383169215,118.336712416861,0.3903433695252754,0.6803154485887799
2010,1,spco2_le_threshold,random,5000,5,393456,94032,94030,21.149342290839463,12.1193931059436,0.7194191837395782,7.733442358306632,36.46727073570999,84.24089946675362,0.6821662588042585,0.8265479772771709
2010,1,spco2_le_threshold,spatial_coverage,5000,5,393456,94032,94030,22.83426381454231,13.432487951307888,2.064796183096028,9.06747740649766,37.67431546100197,81.84426099522277,0.6295067529902474,0.8007911340547885
2010,1,spco2_le_threshold,historical_density,5000,6,393456,94032,94030,29.603349320357367,16.41260648299283,-2.64440353937307,9.511988064815853,55.20716704325141,111.9749248586611,0.3772869494778842,0.6867206843156599
2010,1,spco2_le_threshold,random,5000,6,393456,94032,94030,29.85318874031886,14.010358284835249,3.736442614460943,8.340165228880295,41.62293619664868,102.07436360722618,0.366731740188509,0.709671474572618
2010,1,spco2_le_threshold,spatial_coverage,5000,6,393456,94032,94030,22.113382419712096,12.846109148540124,1.9316110190665312,8.571857205397635,36.74290240139519,76.1803222350402,0.6525305548347756,0.8112171227697199
2010,1,spco2_le_threshold,historical_density,5000,7,393456,94032,94030,33.482119410193306,16.77998524906851,-3.0844291408817,9.423072063419852,50.18329362264783,162.4761194042648,0.203414953349111,0.6224540447413233
2010,1,spco2_le_threshold,random,5000,7,393456,94032,94030,19.244618166138267,11.495462767186154,0.6151554091735435,7.497241197263122,34.89764313424716,73.28590459563256,0.7368369778966262,0.8587051423985981
2010,1,spco2_le_threshold,spatial_coverage,5000,7,393456,94032,94030,21.910472335904142,12.290674963016397,1.6209840075867272,8.514395392776805,33.53824726191053,66.08708605819714,0.6588779854906599,0.8186555240057671
2010,1,spco2_le_threshold,historical_density,5000,8,393456,94032,94030,30.79741847929552,16.86498853264515,-2.8527857123589944,9.707407617660976,59.885649099048734,123.4213011855514,0.3260387975994882,0.6708461156328615
2010,1,spco2_le_threshold,random,5000,8,393456,94032,94030,22.30614071137919,12.776447087610544,0.8952752941230512,7.8220943037282495,38.375141235782806,97.31583123840846,0.6464464984774898,0.8073183164653255
2010,1,spco2_le_threshold,spatial_coverage,5000,8,393456,94032,94030,23.572392497898964,13.843513185444186,2.9187947713673283,9.48459319118021,38.465911185701735,80.99925498613258,0.605166862061532,0.7893093880158919
2010,1,spco2_le_threshold,historical_density,5000,9,393456,94032,94030,30.072610693363583,16.55409441119861,-2.25308093286426,9.60988090784079,53.3824923082611,131.3237322815914,0.3573884426219897,0.6832064776845426
2010,1,spco2_le_threshold,random,5000,9,393456,94032,94030,21.811570082855788,12.553877811845243,1.0936321042528616,7.958112551052494,37.7597871741664,89.33136789175322,0.6619506340817205,0.8142957921727024
2010,1,spco2_le_threshold,spatial_coverage,5000,9,393456,94032,94030,22.04628535468265,13.038948886400869,1.83220251252956,8.637322248635911,37.58358841981112,77.89193855247767,0.6546359595382557,0.8138842232171983
2010,1,spco2_le_threshold,historical_density,5000,10,393456,94032,94030,29.15410912977162,16.217102454583113,-2.132248152792986,9.287849174607176,57.15889533330044,108.4228213019096,0.3960432798070994,0.6977968862559057
2010,1,spco2_le_threshold,random,5000,10,393456,94032,94030,20.000298805818428,12.112997820574115,0.8411111262005039,8.026041076063109,35.72391805427367,79.48129541941631,0.7157638997215168,0.8465882841386092
2010,1,spco2_le_threshold,spatial_coverage,5000,10,393456,94032,94030,26.367962098337465,13.829148027347866,2.5625529194744265,8.863425606038675,39.16999977729989,85.03713676653197,0.5059630870526515,0.7427202677079393
2010,1,spco2_le_threshold,historical_density,5000,11,393456,94032,94030,31.71862604028821,16.78059502752235,-3.0103816235002325,9.472531526508275,52.53294216295584,149.22168536933583,0.2851169481351232,0.6427840569260825
2010,1,spco2_le_threshold,random,5000,11,393456,94032,94030,21.05286226675175,11.959719601183396,0.4501491196331378,7.589215064539388,36.13721861836694,76.30062075592507,0.685059461154638,0.8290596997391343
2010,1,spco2_le_threshold,spatial_coverage,5000,11,393456,94032,94030,20.583261047944127,12.74680461796024,2.3766079670655498,8.578322511463227,36.9446456571464,74.87885177862324,0.6989527725348796,0.8391870380124609
2010,1,spco2_le_threshold,historical_density,5000,12,393456,94032,94030,29.564423418504443,16.289980807174594,-2.575048137886505,9.527706050762248,55.19474769554995,111.3803096047965,0.3789235028467921,0.6911705110969393
2010,1,spco2_le_threshold,random,5000,12,393456,94032,94030,20.66323724682496,12.288273361264045,1.586219360001558,8.030830402933361,36.84234155338007,81.12159707706795,0.6966087914053929,0.8372759935632709
2010,1,spco2_le_threshold,spatial_coverage,5000,12,393456,94032,94030,21.94016271918705,13.073970664090089,2.0637741528420688,8.865010159449497,36.71914482425704,76.25484420527258,0.6579528657267066,0.8153177058070674
2010,1,spco2_le_threshold,historical_density,5000,13,393456,94032,94030,31.903531578182164,16.65564957295542,-2.824043512061517,9.59761806009226,50.78306940849602,150.84042566155998,0.2767577507665282,0.6410721749570393
2010,1,spco2_le_threshold,random,5000,13,393456,94032,94030,23.09819883657441,12.474918017136918,0.8227301782302211,7.774878407728181,36.81439433467375,101.30622269384008,0.6208923929408685,0.7938029374432563
2010,1,spco2_le_threshold,spatial_coverage,5000,13,393456,94032,94030,21.484313371112567,13.146398283853452,1.7830927961568444,8.860384121860704,38.38426655141324,75.37681060122682,0.6720185930277958,0.8223754191365591
2010,1,spco2_le_threshold,historical_density,5000,14,393456,94032,94030,33.8981924592414,16.937162774915947,-3.2932377519008518,9.25184740579556,52.10885616117577,168.2148388861457,0.1834940572636749,0.6197583954777948
2010,1,spco2_le_threshold,random,5000,14,393456,94032,94030,27.81413831285972,13.430077945332435,2.244834581006389,7.944495327232602,38.29380023140926,108.31156584392537,0.4502851265049497,0.7190606005912237
2010,1,spco2_le_threshold,spatial_coverage,5000,14,393456,94032,94030,19.10185859190281,12.32285862735598,1.398117377747884,8.641592732324199,35.9870234268227,65.57592840066064,0.7407268648425553,0.8614647640041212
2010,1,spco2_le_threshold,historical_density,5000,15,393456,94032,94030,30.09575657629983,16.756851192770647,-2.2670867614459524,9.539043345541188,57.740596277187045,121.24229504557844,0.3563988686890772,0.6757734629504847
2010,1,spco2_le_threshold,random,5000,15,393456,94032,94030,22.2325529423027,12.24945090446094,0.1177963280683795,7.728357302362866,34.499323128653444,99.17379037900736,0.6487753906403304,0.8090204123308061
2010,1,spco2_le_threshold,spatial_coverage,5000,15,393456,94032,94030,20.859995274836617,12.832812265704536,2.032398148599728,8.669758741169517,36.83372748536637,72.86338881315899,0.6908034216721851,0.8343271263914204
2010,1,spco2_le_threshold,historical_density,5000,16,393456,94032,94030,30.50073766239496,15.636873111347748,-1.300195307732951,9.237576919116949,47.59371478643382,118.65671909204052,0.3389611965567314,0.6699037391259091
2010,1,spco2_le_threshold,random,5000,16,393456,94032,94030,24.932150832763988,12.6548720697746,2.2376041037908285,7.682196715924249,36.829907732004365,95.89774640170258,0.5583016682454368,0.7680121560606233
2010,1,spco2_le_threshold,spatial_coverage,5000,16,393456,94032,94030,24.681456447185408,12.671282711362537,1.8182552785952584,8.362221896267187,35.54089670735692,69.31703342469683,0.5671396210948638,0.7749337912982538
2010,1,spco2_le_threshold,historical_density,5000,17,393456,94032,94030,29.02503494930897,15.622400071889707,-1.6176851557844565,9.359793535942543,49.574928759548506,100.07580430162643,0.401379244800544,0.6973355592850131
2010,1,spco2_le_threshold,random,5000,17,393456,94032,94030,23.195525448937254,12.892122342005054,1.8426993329386567,8.097436067029236,37.688981662503366,94.5334693850654,0.6176908451010128,0.7964961274764083
2010,1,spco2_le_threshold,spatial_coverage,5000,17,393456,94032,94030,23.534143539606276,13.346293377202846,2.465343502642815,9.021529422750715,37.93605153530049,75.07243215880906,0.6064471482169196,0.7911735586191808
2010,1,spco2_le_threshold,historical_density,5000,18,393456,94032,94030,31.78137958649008,16.497229334780933,-2.294900655767269,9.359506499969257,50.52583986251295,148.36654388714985,0.2822854368009452,0.6440334214034282
2010,1,spco2_le_threshold,random,5000,18,393456,94032,94030,20.471328040634692,11.767422623612095,0.8682243508723942,7.5979373860206465,34.29799142790319,77.94816944211145,0.7022180955515571,0.8387534162382619
2010,1,spco2_le_threshold,spatial_coverage,5000,18,393456,94032,94030,23.66978798954275,13.400133675473052,2.2845061060311767,8.92830747387822,38.940077418513454,79.52686714393285,0.6018974093780518,0.7891045010940033
2010,1,spco2_le_threshold,historical_density,5000,19,393456,94032,94030,30.569778315200622,16.204712970304524,-1.6926145878070191,9.83151702307461,48.74056821332917,113.45121311356218,0.3359651900912095,0.6666601326051405
2010,1,spco2_le_threshold,random,5000,19,393456,94032,94030,23.364267443910705,12.471161888839998,0.7343970937146969,7.677168471350939,36.66308872021656,88.65113054012684,0.6121081939958389,0.7918291758228784
2010,1,spco2_le_threshold,spatial_coverage,5000,19,393456,94032,94030,21.532690291372116,12.71956389793418,1.3339238360609182,8.570809198466037,35.53330146391292,75.5333628422155,0.6705398774727596,0.8213724260252758
2010,2,all,historical_density,1000,0,389736,97752,97752,46.7004198039256,24.66141312027178,-0.9714793267576672,14.503191405342704,81.52023981561753,138.22391764934744,0.1211196363479848,0.4897752621656085
2010,2,all,random,1000,0,389736,97752,97752,47.51829124755061,20.190195336604745,5.108657333375101,10.570216484746794,57.20918595493051,226.4258368176221,0.0900661478142179,0.4440467617217151
2010,2,all,spatial_coverage,1000,0,389736,97752,97752,36.62221926935,16.546803723921297,-1.2258627717649595,10.968250970522831,46.36654789756464,83.4239619120263,0.4595226365330801,0.6785329448424328
2010,2,all,historical_density,1000,1,389736,97752,97752,43.62231445783051,21.73571887392574,-2.812812450905031,13.462721426521938,70.32111046142975,132.09344821672607,0.2331585134563479,0.5396141166337545
2010,2,all,random,1000,1,389736,97752,97752,36.39684842808383,15.908920817972778,-0.9760276374971052,9.866658986354196,47.20528460935471,90.16182055478804,0.466154295761455,0.6835631261454658
2010,2,all,spatial_coverage,1000,1,389736,97752,97752,36.32800711506224,16.877466286609646,1.2785016965549998,11.491428858349138,46.21499061274283,91.43964053097584,0.4681718267059414,0.6848258040659906
2010,2,all,historical_density,1000,2,389736,97752,97752,48.31674897305584,23.88958002037999,-2.774301780552217,14.321974583338717,79.15187478834402,166.6676556114608,0.0592296925470638,0.4915614206709994
2010,2,all,random,1000,2,389736,97752,97752,39.15769273269433,15.965526675883256,-0.3497056656401375,9.653510210457114,42.477030566375845,150.1228058155985,0.3820940451691336,0.6183307013974654
2010,2,all,spatial_coverage,1000,2,389736,97752,97752,37.19943154537633,17.670417047346305,-0.954377808813043,11.05332663621067,50.33201080163118,111.90188393172664,0.4423511654060731,0.6654483803756102
2010,2,all,historical_density,1000,3,389736,97752,97752,52.66494684408018,25.014066668437223,-9.17139020909689,13.061161599140036,100.64051249711454,191.18850903042136,-0.1177160635649663,0.4768478583212292
2010,2,all,random,1000,3,389736,97752,97752,38.913865612624576,16.797385557318403,1.160970536832055,9.989732637600866,45.48087084612939,160.65457239140312,0.3897652406444387,0.6248469750070563
2010,2,all,spatial_coverage,1000,3,389736,97752,97752,37.199562162683016,16.34792065092868,-2.060348682910721,10.523938921520738,45.26017420913113,90.49788929780804,0.4423472492861913,0.66799287775455
2010,2,all,historical_density,1000,4,389736,97752,97752,45.006176672034776,21.656327656579656,-4.13586575943518,13.036724280468007,73.08513267781532,148.76003185898512,0.1837326347440556,0.5383970483939847
2010,2,all,random,1000,4,389736,97752,97752,37.86947323154335,15.998316964383877,-1.119713338716381,10.151643724005368,44.331281806882345,104.3218732320634,0.4220813359445263,0.650251203050081
2010,2,all,spatial_coverage,1000,4,389736,97752,97752,36.28846162117341,16.266859992702997,-0.8107437406615919,10.078796178036924,48.85819036912184,103.81310267715492,0.4693290584062712,0.6852840824048186
2010,2,all,historical_density,1000,5,389736,97752,97752,42.62762387654177,22.157800592327558,-0.2842641842256964,15.254250459576951,61.51874168858202,124.48222494044582,0.2677313482637207,0.5434083870767703
2010,2,all,random,1000,5,389736,97752,97752,38.62856745370008,16.198038382374964,0.2142031100280652,9.671868262265347,44.47309596963477,142.9441350367703,0.398680348160679,0.6317015730302845
2010,2,all,spatial_coverage,1000,5,389736,97752,97752,37.898270869510405,18.13212048089572,0.751410963422051,10.928869356876618,55.693177128833305,118.77714376550256,0.4212020514462592,0.6557078836881419
2010,2,all,historical_density,1000,6,389736,97752,97752,46.99187141684311,23.950511206805785,-2.483193115084936,14.060421774979543,86.79726812957632,141.43033256872417,0.1101154353373196,0.4878466848881225
2010,2,all,random,1000,6,389736,97752,97752,37.13633506214802,16.42134946644012,0.5419033217885302,10.268012526554998,47.72661729436475,109.92856666657522,0.4442412932100349,0.6674313554076284
2010,2,all,spatial_coverage,1000,6,389736,97752,97752,38.33040988774864,17.890500217318145,0.5721009936512357,11.0210050800722,55.06501230504499,110.15373530614018,0.407927187554808,0.639737542239669
2010,2,all,historical_density,1000,7,389736,97752,97752,47.22205563861291,23.89147812922122,-2.6628261027658744,13.814781887577311,82.75827174947851,149.50154657937028,0.1013760910270182,0.4974417947629443
2010,2,all,random,1000,7,389736,97752,97752,37.06184275741021,15.820284040627204,-0.7485681472846756,9.837925362640192,44.17473928188879,109.97336263281282,0.4464686656583886,0.6687699240024289
2010,2,all,spatial_coverage,1000,7,389736,97752,97752,36.068514005576425,15.84990834567822,-0.652969450589299,10.71782695328045,43.82728142352259,82.20585042471734,0.4757424514500274,0.6899281304666486
2010,2,all,historical_density,1000,8,389736,97752,97752,45.02564751027838,22.317208668973947,-1.5035476833002763,13.34905551290339,71.35405900587824,141.75153649133625,0.1830262051400152,0.515640465269579
2010,2,all,random,1000,8,389736,97752,97752,37.40830992665092,16.620880111228463,1.0416218366677428,10.017604782450434,47.911402124764976,122.05528647534828,0.4360710795855272,0.6615362378002416
2010,2,all,spatial_coverage,1000,8,389736,97752,97752,36.15138964742401,16.810440159390684,-1.4494889902119283,11.401756441844752,47.13680117967954,87.51566435526162,0.4733304808943226,0.6886065881973764
2010,2,all,historical_density,1000,9,389736,97752,97752,46.311149409097816,22.48164794072867,-5.034849627008094,12.252995266911142,87.41689426003131,140.2893588223094,0.1357103501652806,0.5200345321795359
2010,2,all,random,1000,9,389736,97752,97752,38.52928835612446,16.209137936840595,-1.7612032041120451,9.468015646338444,47.248000385738656,131.76752600252772,0.4017672737672529,0.6348368874403242
2010,2,all,spatial_coverage,1000,9,389736,97752,97752,36.51823698799412,16.093923478287472,-1.731383943149953,10.669538863003195,45.58964471382553,80.4175833818194,0.462587458127243,0.681247035921543
2010,2,all,historical_density,1000,10,389736,97752,97752,47.05582003409097,23.174201640751505,-4.84310332342015,13.514119715204856,88.73978771578271,151.39944465490132,0.1076917988057988,0.5165678543390921
2010,2,all,random,1000,10,389736,97752,97752,51.16562888434761,21.208477085988783,5.132684453072438,11.02939604693995,61.89662675485325,244.30566491933004,-0.0549814542690161,0.3938180481099259
2010,2,all,spatial_coverage,1000,10,389736,97752,97752,36.792563514821886,15.45894215953274,-2.642855304357545,9.752183873807468,44.61026374185039,87.2580405501596,0.4544830004439099,0.6784252780919615
2010,2,all,historical_density,1000,11,389736,97752,97752,46.90388055965052,23.05832673259913,-4.970643724672791,13.620390063790666,78.30895545850508,155.62301279711002,0.1134448791113732,0.5117406672380764
2010,2,all,random,1000,11,389736,97752,97752,38.3092479186283,16.18660459081276,1.1347979269116024,9.490029657355564,45.974081265646426,147.66891975643415,0.4085807661574541,0.6412273052409868
2010,2,all,spatial_coverage,1000,11,389736,97752,97752,36.35096811401218,16.914220925835078,-0.0768814723272155,10.729993649331703,48.880573256792594,103.5189849174058,0.4674993337091158,0.6839726838204097
2010,2,all,historical_density,1000,12,389736,97752,97752,45.41703521701272,22.913896018346104,-3.2223085844520214,13.930209586508,81.87406496103395,138.61640017994517,0.1687613026018023,0.5248175517593693
2010,2,all,random,1000,12,389736,97752,97752,37.311764750619886,16.22934963008202,-0.2471743081839751,10.168554125320751,46.76814663412802,108.524050190983,0.4389781534600968,0.6631595293360291
2010,2,all,spatial_coverage,1000,12,389736,97752,97752,38.129190026457344,17.391357554126454,-0.589456721459963,10.881905452079252,50.873300015062014,106.74251334752036,0.4141271785491218,0.6478066999452179
2010,2,all,historical_density,1000,13,389736,97752,97752,46.23234652512656,23.15866708093815,-2.0325042084835974,13.13610258959369,81.96390286346507,153.14501349780886,0.1386491919456701,0.5061346355144866
2010,2,all,random,1000,13,389736,97752,97752,38.99344262104266,17.51295779390006,2.219944969442468,10.714546422271866,49.88191509269776,139.52555322786782,0.3872668865006887,0.6254537681418354
2010,2,all,spatial_coverage,1000,13,389736,97752,97752,37.440974164964295,16.91917996501135,-1.4259926179202236,11.285377272946732,47.11724655567098,90.55787128359692,0.4350858251958324,0.6644423083102314
2010,2,all,historical_density,1000,14,389736,97752,97752,48.152798014320126,22.86961464293952,-4.061234074057985,12.674324781734754,81.60931550507993,165.01596158122243,0.0656034039047589,0.4945196594676018
2010,2,all,random,1000,14,389736,97752,97752,37.10444544929465,16.1653306398785,3.083503498936535,9.752441556722914,45.610729987653926,123.74406446176312,0.4451953626127694,0.6704132257953482
2010,2,all,spatial_coverage,1000,14,389736,97752,97752,36.92224736253238,17.173999297311457,1.83055845551093,10.8006200264509,51.63861750673733,111.11313133618732,0.4506306229643829,0.6723174218966735
2010,2,all,historical_density,1000,15,389736,97752,97752,50.81919403734619,25.095530231092923,-6.35911128909005,14.009817134505797,89.31781674882487,181.1289383614352,-0.0407435749183282,0.4693987626423336
2010,2,all,random,1000,15,389736,97752,97752,37.4926192984325,16.166754773898003,-0.519822040718029,9.797700195376535,46.77637974179315,126.14087605723834,0.4335262936781487,0.6586769470413543
2010,2,all,spatial_coverage,1000,15,389736,97752,97752,36.15431051386864,15.301830721934571,-0.9747417502717748,9.940893972755816,42.625314395828,90.54606902663616,0.4732453724940191,0.6882638992165929
2010,2,all,historical_density,1000,16,389736,97752,97752,42.2862500792457,21.31380107356343,-0.3429978685778079,13.747152836020009,59.87842408118927,135.3777361662232,0.2794128056782365,0.5554855840398856
2010,2,all,random,1000,16,389736,97752,97752,37.69003656105053,16.72243199497831,-0.77721815403973,10.324542184652728,49.227968590975856,110.44109156989676,0.4275450570914469,0.654103785277464
2010,2,all,spatial_coverage,1000,16,389736,97752,97752,41.37427654817287,18.76455101498149,1.0063441025491655,10.836034519438044,54.75021380814335,157.8643304043815,0.3101589753787808,0.5846636944812965
2010,2,all,historical_density,1000,17,389736,97752,97752,45.25439885207884,22.130518550056188,-1.6327607341705717,13.078604863312648,72.69568535550357,148.65257081751776,0.1747039003726692,0.5155633316487233
2010,2,all,random,1000,17,389736,97752,97752,38.88015440706849,17.541638908051233,-0.2886903832432844,10.303036272109694,56.15912531918335,116.06552040304264,0.39082207930081,0.6255172530933157
2010,2,all,spatial_coverage,1000,17,389736,97752,97752,37.58282633153857,17.562966843950992,1.2550057211743149,11.226834736539132,51.25581370283646,107.32256964941752,0.4307971493084328,0.6580495131233396
2010,2,all,historical_density,1000,18,389736,97752,97752,46.51054893250267,22.976097275881056,-4.462475757575145,12.933293094747512,86.30698591378335,143.84847051344883,0.12825167285285,0.526200348628165
2010,2,all,random,1000,18,389736,97752,97752,40.65516734950453,17.142480041454125,-0.7194028704930375,9.551712410677624,50.394236594069945,139.8492917542777,0.3339302683038153,0.5811706556981372
2010,2,all,spatial_coverage,1000,18,389736,97752,97752,36.4943553974621,16.363321072572987,-1.2167166149437376,9.630418853101132,49.757659552579526,110.84189823738942,0.4632901245624147,0.6817422705135335
2010,2,all,historical_density,1000,19,389736,97752,97752,45.518651806452006,23.14845872353192,-0.1448715398748201,13.340115490191664,75.5089418333985,145.3907741502766,0.1650374956441378,0.5135258144388452
2010,2,all,random,1000,19,389736,97752,97752,39.04916899153463,16.441094402747947,0.3722738756414722,9.603480246387846,48.66491276344405,139.4945490285235,0.3855142948259117,0.6213097831224585
2010,2,all,spatial_coverage,1000,19,389736,97752,97752,40.73686682146355,18.788496891959326,2.9737964954042937,11.038417574586049,55.91690652760938,147.61764598127536,0.3312505487553729,0.5870993345171337
2010,2,all,historical_density,5000,0,389736,97752,97752,42.10967764083888,19.196506029779243,-5.430258822028347,10.527891961740297,67.74338408473584,133.29917096153048,0.2854180765073112,0.5994588659231087
2010,2,all,random,5000,0,389736,97752,97752,34.03151085751822,13.337614816352866,0.7791560687125981,8.22972829040259,35.75366027676458,100.6452547986426,0.5332861887148393,0.7314855089919162
2010,2,all,spatial_coverage,5000,0,389736,97752,97752,33.10445349289617,13.464120387610224,-1.084360474383909,8.6378895775469,36.99349545273429,76.7064911699866,0.5583674880936218,0.7476382289104397
2010,2,all,historical_density,5000,1,389736,97752,97752,42.92829445773605,19.232981942788754,-5.561352969423901,10.579833542897203,63.78840410627902,147.92922985333632,0.2573649190488988,0.5860638752000917
2010,2,all,random,5000,1,389736,97752,97752,34.31827128030216,12.988472635476027,-0.461379710750172,7.983955703682767,34.796043637719265,95.34367188328076,0.5253876902362844,0.726560173135259
2010,2,all,spatial_coverage,5000,1,389736,97752,97752,34.87972694322352,14.19304669171412,-0.1868407598611398,8.69526462918364,37.966073100934736,109.00257383415392,0.5097310998331226,0.7151012764991567
2010,2,all,historical_density,5000,2,389736,97752,97752,41.46228516470602,18.067396843310288,-4.252930903133861,10.542117344050098,55.65435678000931,126.51296538698544,0.3072210859220401,0.6024442097472794
2010,2,all,random,5000,2,389736,97752,97752,34.38166363596272,12.737649821261376,-1.212396032639064,7.881952463393873,34.50201559450389,80.97372128574443,0.5236326729103109,0.7245624565100514
2010,2,all,spatial_coverage,5000,2,389736,97752,97752,33.803825640952354,13.39347266008313,-1.297342013749494,8.52164331517551,37.40104552659012,75.74113539178231,0.5395103237886765,0.735311477071821
2010,2,all,historical_density,5000,3,389736,97752,97752,43.25012992513347,19.73244178281009,-5.92027314559302,10.472299646373784,73.03755520765243,136.9177416441049,0.2461880375887504,0.5783781656724486
2010,2,all,random,5000,3,389736,97752,97752,35.410638094665536,13.868122656264736,0.3295819183253315,8.624711171916346,36.16872855162887,108.83291349289846,0.4946925541837792,0.703408471852526
2010,2,all,spatial_coverage,5000,3,389736,97752,97752,33.48590913808346,13.718789771308613,-0.7170923983809854,9.198795700171983,36.85536265879479,73.17854076897001,0.5481311736429139,0.7405709996896938
2010,2,all,historical_density,5000,4,389736,97752,97752,42.90315992772186,19.105766783148336,-5.3805564488162485,10.605422331025522,61.36134741277364,152.1434821150719,0.2582342906163614,0.5790117316005777
2010,2,all,random,5000,4,389736,97752,97752,33.81462043474653,12.51953187634341,-0.9120860572738774,7.826059680379842,34.417218639371455,73.63494482082226,0.5392161745497577,0.7347924862292551
2010,2,all,spatial_coverage,5000,4,389736,97752,97752,33.70677575593155,14.293523931817532,-0.7414791525334269,8.917840226030393,40.43671503628642,92.37553366946828,0.5421506354520702,0.7369663743376852
2010,2,all,historical_density,5000,5,389736,97752,97752,45.73334627444312,20.877297027581424,-6.914946027804182,10.787708984604675,85.9409582831399,149.75279351140736,0.157142508465812,0.546862440611366
2010,2,all,random,5000,5,389736,97752,97752,36.85222426438673,14.575231740151567,0.9833879460717548,8.274395252301133,41.48563371567413,121.8966667810366,0.45271240675188,0.6743969273828659
2010,2,all,spatial_coverage,5000,5,389736,97752,97752,33.90414810342038,13.639870527170556,-0.3517986744943323,8.594683320129803,36.18268995213507,84.64339906187892,0.5367729998659154,0.7336425915912576
2010,2,all,historical_density,5000,6,389736,97752,97752,42.75625027332775,19.28667652402921,-4.749160278524233,10.367492312642725,69.93104806000765,139.8614878552643,0.2633055241323466,0.5794343285950269
2010,2,all,random,5000,6,389736,97752,97752,33.651828566597835,13.07401429065086,-0.6137078919983627,8.475271082842767,35.35128721598717,76.46237909244566,0.5436421474608468,0.738069532917701
2010,2,all,spatial_coverage,5000,6,389736,97752,97752,33.3674763320483,13.913730367406025,-0.3207561214711433,9.149974601163962,38.24908356149215,74.0066908186612,0.5513218563334625,0.7425831623979106
2010,2,all,historical_density,5000,7,389736,97752,97752,45.68468916464133,21.028086217952627,-6.233314018979828,11.072729879572364,88.36435682970395,153.83361224519004,0.1589350382680892,0.5480848075232936
2010,2,all,random,5000,7,389736,97752,97752,35.46640451164368,13.325142421200466,0.3194542627348072,7.860029001533718,35.40143945145845,125.62454236950455,0.493099734837516,0.7023205147421916
2010,2,all,spatial_coverage,5000,7,389736,97752,97752,35.89063575834757,14.92881152928216,-0.3450674473509374,9.16920902117215,43.10209995947897,95.80768639500748,0.4809006381442909,0.6987796887208774
2010,2,all,historical_density,5000,8,389736,97752,97752,43.906890888351015,18.948235484140252,-5.445286109000714,10.628172447528756,58.60074841301522,160.08446321447474,0.22312067723255,0.5723925325196683
2010,2,all,random,5000,8,389736,97752,97752,33.43110367839386,12.681777511300742,-0.3486664722989712,8.062359025350844,34.69389921135518,72.1012920460493,0.5496090855998758,0.7420164472501556
2010,2,all,spatial_coverage,5000,8,389736,97752,97752,34.2392283065814,14.527092251706392,-0.4070957221587734,9.648842810072352,38.72576730506968,83.33089180978449,0.5275714579089971,0.7271869983584083
2010,2,all,historical_density,5000,9,389736,97752,97752,43.754971978548575,19.363532985195494,-6.235697650403503,10.405575618188578,64.54795841088914,157.57428505937588,0.2284874192970971,0.5816168188151699
2010,2,all,random,5000,9,389736,97752,97752,34.487457719066015,13.06099278551354,-1.47573988823395,7.929363815119018,36.77607313019086,79.28585952135684,0.5206965508006547,0.7222129306307782
2010,2,all,spatial_coverage,5000,9,389736,97752,97752,33.66873318568207,14.342884128342297,-0.7604537791944506,9.376885461731405,39.7678268954558,82.3867608427252,0.543183539792125,0.7372485555133607
2010,2,all,historical_density,5000,10,389736,97752,97752,44.09747061633181,20.50513071280984,-5.560189056299557,10.938782468375535,74.65135029655023,143.81504112508253,0.2163618850778168,0.5661431951602532
2010,2,all,random,5000,10,389736,97752,97752,37.13785336259644,14.155736532166646,0.8735294955540565,8.101292070926831,37.51499112842416,130.40526499257643,0.4441958484486351,0.667959387881819
2010,2,all,spatial_coverage,5000,10,389736,97752,97752,34.08081154695346,13.89711407439254,-1.1587772041953168,8.93812804942641,38.99798961838988,80.81178297841961,0.531932973496138,0.7301114442969416
2010,2,all,historical_density,5000,11,389736,97752,97752,41.79266773863149,18.83496396079615,-4.813240750055618,10.570422722560636,63.201538721171936,133.1282301132355,0.2961366038830303,0.6008957082774398
2010,2,all,random,5000,11,389736,97752,97752,34.589274794605785,13.064495257345609,-1.650012844760842,8.183475436976977,35.870555006160124,84.71958525363083,0.5178622848642918,0.7204047252524601
2010,2,all,spatial_coverage,5000,11,389736,97752,97752,32.5114495906531,13.611423681371408,-0.5945550526277831,8.954733380248484,36.71513923330238,80.94785310256184,0.5740478056567386,0.7596206723702704
2010,2,all,historical_density,5000,12,389736,97752,97752,42.35541500531564,19.43832030558588,-4.373600344402551,10.97902624461898,64.87988157185919,136.56960636413763,0.2770536407268775,0.5887374073522443
2010,2,all,random,5000,12,389736,97752,97752,34.13097120491486,12.885051484866608,-1.060217695801555,8.0489952623754,35.55108989169483,79.13800613438914,0.5305541706894571,0.7290449904854738
2010,2,all,spatial_coverage,5000,12,389736,97752,97752,33.61999331454839,14.113278396186972,-0.2027821915747463,9.057189219854225,39.32973231316762,83.34855130765094,0.5445051849761404,0.7379625831552009
2010,2,all,historical_density,5000,13,389736,97752,97752,44.13685986579595,20.030840426875752,-6.606155343160371,10.453955833453762,77.58285912590519,144.65723160837337,0.2149613193574739,0.5753842283429444
2010,2,all,random,5000,13,389736,97752,97752,36.2102421494982,14.56836400430804,0.7319462616574182,8.6635970021118,41.02179373845931,109.30921974526272,0.4716143062728545,0.6876711786638882
2010,2,all,spatial_coverage,5000,13,389736,97752,97752,32.75070608517351,13.01110603506711,-1.134242908771849,8.615764230837499,35.057916216327925,66.92134655127796,0.5677554488323975,0.753839677829466
2010,2,all,historical_density,5000,14,389736,97752,97752,45.04732470400436,20.373671336533693,-6.25749696181082,10.763625659725818,69.66860141323788,169.53714733032288,0.1822393663808824,0.5564333654485374
2010,2,all,random,5000,14,389736,97752,97752,33.38474944978584,12.802845584539014,-0.9315617968029288,8.228913762147755,34.91875041102174,75.1131869975914,0.5508572076864889,0.74263520905634
2010,2,all,spatial_coverage,5000,14,389736,97752,97752,34.669084119872046,14.113351912419445,-0.771430430612313,8.661725739613615,38.30814434017795,103.02570096525484,0.5156348037629364,0.7186422293054099
2010,2,all,historical_density,5000,15,389736,97752,97752,45.84175281504487,20.53119288602461,-6.834078903397868,10.766452697233149,72.71024960562929,174.8172582815724,0.153141945823051,0.5516044155140903
2010,2,all,random,5000,15,389736,97752,97752,33.77666273477994,13.144396678686537,-0.1867971235523925,8.25563871913215,36.65789572321922,80.51774625833416,0.5402500751134551,0.7355407086737431
2010,2,all,spatial_coverage,5000,15,389736,97752,97752,32.32403762432508,12.669583204013165,-1.0980738420735825,8.228604908408585,34.80952545603438,68.30466083072082,0.5789444469231841,0.7613130971389565
2010,2,all,historical_density,5000,16,389736,97752,97752,42.475724583126926,18.80233248668851,-4.933533269003351,10.25010364355208,62.885051401458895,153.9246718238992,0.2729407829088031,0.5887039070110647
2010,2,all,random,5000,16,389736,97752,97752,33.94366813269948,12.730650619794446,-0.6729624341971332,8.11590667137142,34.3862862067568,73.78070928412477,0.5356924586832457,0.7322473090137117
2010,2,all,spatial_coverage,5000,16,389736,97752,97752,32.62233301468261,13.342186503622308,-0.2877799320262278,8.640748841722314,36.15193428934073,70.39141349985096,0.571137349102226,0.7557586068736933
2010,2,all,historical_density,5000,17,389736,97752,97752,44.04707308581574,18.403543208158737,-5.616226547267051,10.153815797049162,53.74192592513021,172.11117563836086,0.2181520493388574,0.5655443739789836
2010,2,all,random,5000,17,389736,97752,97752,34.00453998195811,13.895300704509394,0.3301952666590287,8.613001497673366,39.02350305898917,93.0168760376724,0.534025661736989,0.731802530018835
2010,2,all,spatial_coverage,5000,17,389736,97752,97752,34.54440933443389,14.578054241796666,-1.002237143214591,9.226628970829609,39.68150769698422,94.46754015123751,0.5191122273204372,0.7231891450813901
2010,2,all,historical_density,5000,18,389736,97752,97752,42.91145269383916,19.04056221875921,-4.468066293524505,10.546090531228458,64.0064019910592,146.36998470438044,0.2579475106195256,0.5736194543790408
2010,2,all,random,5000,18,389736,97752,97752,35.00651091405725,13.552478238312164,0.0664748412927372,8.251253042556812,36.31133789313539,104.86339539495432,0.5061604751421837,0.7124459847500259
2010,2,all,spatial_coverage,5000,18,389736,97752,97752,33.99734611701231,14.677176265234282,-0.3804338062166115,9.374262883015888,41.333152977585584,90.99395134872728,0.5342228002293798,0.7310498491191841
2010,2,all,historical_density,5000,19,389736,97752,97752,41.50070125041231,18.48113752419692,-4.603928058241752,10.368029266552156,65.12576816398409,133.3787234193332,0.3059367291476268,0.6015793281942146
2010,2,all,random,5000,19,389736,97752,97752,35.43862552597262,13.691774175355686,0.0548800509506429,8.141801497576012,37.61761763413183,114.939514185404,0.4938934809683236,0.702783653746529
2010,2,all,spatial_coverage,5000,19,389736,97752,97752,33.289431932368984,13.983398631819565,-0.6813646860190761,8.776485797634706,40.3504247160338,85.36630054020975,0.5534182609265577,0.7441660365597424
2010,2,spco2_le_threshold,historical_density,1000,0,389736,97752,97713,38.91096411277381,24.207121002271943,-0.5077318914720345,14.493794289401931,81.23695652588883,136.65839881740155,0.1876373355222913,0.578146148451949
2010,2,spco2_le_threshold,random,1000,0,389736,97752,97713,41.50899472190201,19.79676681163757,5.512183340295838,10.563420678752609,56.972237384848896,221.29782468610696,0.0755351493651883,0.487193270443461
2010,2,spco2_le_threshold,spatial_coverage,1000,0,389736,97752,97713,25.97112850774369,16.0880868356417,-0.7610308660656332,10.962884966708486,46.24739503892564,82.34084731165231,0.638100807173416,0.7990103191342443
2010,2,spco2_le_threshold,historical_density,1000,1,389736,97752,97713,34.91250162164613,21.272052562668154,-2.341593476741813,13.455904276892907,70.03438362316993,129.91983582665898,0.3460148154532207,0.6415560192651183
2010,2,spco2_le_threshold,random,1000,1,389736,97752,97713,25.93292111305585,15.456076295089634,-0.5172229779480263,9.857552872639246,47.08670244015846,88.5378876224693,0.6391648390533108,0.800730531208092
2010,2,spco2_le_threshold,spatial_coverage,1000,1,389736,97752,97713,26.043758877290063,16.42846423586136,1.734750303558276,11.486361028947556,46.1014450159164,89.93454067475759,0.6360738158553307,0.7989002581207779
2010,2,spco2_le_threshold,historical_density,1000,2,389736,97752,97713,40.37969815218442,23.41783000276019,-2.29412406291959,14.317701311330836,78.6998122521218,165.95415468506008,0.1251529968612397,0.5879350588017822
2010,2,spco2_le_threshold,random,1000,2,389736,97752,97713,30.221293628655555,15.526276149579564,0.0957775729884223,9.648029709166508,42.26384384389622,143.2384707135456,0.5099593885930114,0.7142775822181799
2010,2,spco2_le_threshold,spatial_coverage,1000,2,389736,97752,97713,28.457583841302,17.254497711099525,-0.5317866322757931,11.048087586337031,50.1672607598242,109.92736053628562,0.5654877546313712,0.7525098777015254
2010,2,spco2_le_threshold,historical_density,1000,3,389736,97752,97713,45.14855662337854,24.53026602895733,-8.68126631291713,13.055290224606892,100.16952150120063,189.85448253589735,-0.0936886710503257,0.5740306245433544
2010,2,spco2_le_threshold,random,1000,3,389736,97752,97713,30.240079252555308,16.36861999989776,1.596903778058047,9.9843807311575,45.35364000592644,154.87703054597966,0.5093499785603162,0.7146776317789701
2010,2,spco2_le_threshold,spatial_coverage,1000,3,389736,97752,97713,26.69180194248848,15.886971137292596,-1.5936965984114724,10.520159645043575,45.10924794978902,88.88271035769029,0.617737443964808,0.787656117890429
2010,2,spco2_le_threshold,historical_density,1000,4,389736,97752,97713,36.286572065417296,21.181766350934748,-3.654311545845692,13.029741647659192,72.47133127930842,147.1338905562901,0.2935232755407321,0.6446693502956385
2010,2,spco2_le_threshold,random,1000,4,389736,97752,97713,27.39079772840444,15.531113456722869,-0.6465713628740538,10.147337843532055,44.13179942673726,103.06743406774662,0.5974541684933634,0.773117390946686
2010,2,spco2_le_threshold,spatial_coverage,1000,4,389736,97752,97713,26.626181583534795,15.833886532320443,-0.3716013106042832,10.073102816145308,48.636994283608274,102.2456828964094,0.6196146774397138,0.7872051762523797
2010,2,spco2_le_threshold,historical_density,1000,5,389736,97752,97713,33.65390276965797,21.69471446185236,0.1875522883730286,15.246088333857813,61.28509071574055,120.8281571951776,0.3923173409053585,0.6486152239241609
2010,2,spco2_le_threshold,random,1000,5,389736,97752,97713,29.40597438478064,15.755649586013847,0.6631424924750036,9.66688434151979,44.32233972376851,136.75337003940385,0.5360436519622369,0.732748359943901
2010,2,spco2_le_threshold,spatial_coverage,1000,5,389736,97752,97713,29.910225599268287,17.731690224276747,1.1593781672878465,10.924375686132578,55.51446320726806,116.45444229340892,0.519995455005456,0.7328244347518215
2010,2,spco2_le_threshold,historical_density,1000,6,389736,97752,97713,39.27383469597268,23.494876388642748,-2.0189900879264027,14.052093424161969,86.19747791176826,139.63416901625988,0.1724150431971356,0.5753188439841824
2010,2,spco2_le_threshold,random,1000,6,389736,97752,97713,27.1663074556069,15.97297530903258,0.9970479893507128,10.2633196051367,47.51947114293995,108.16683149624296,0.6040255218114803,0.7789671150647338
2010,2,spco2_le_threshold,spatial_coverage,1000,6,389736,97752,97713,28.785531659628813,17.44401841328091,1.0259517398684028,11.015179065875316,54.84525456555775,108.65680855268587,0.55541533105817,0.7463126518539482
2010,2,spco2_le_threshold,historical_density,1000,7,389736,97752,97713,39.35843544323101,23.42927615658273,-2.192151179455199,13.807831737577146,82.3371125437208,148.27829505488853,0.1688457601826625,0.5896897394677953
2010,2,spco2_le_threshold,random,1000,7,389736,97752,97713,26.75736361796129,15.364701846191632,-0.2869704081432812,9.831844720290007,44.0031789344334,108.28407345283276,0.6158572747158821,0.7849142078851173
2010,2,spco2_le_threshold,spatial_coverage,1000,7,389736,97752,97713,25.24021818806481,15.391597772033276,-0.1885933522249385,10.711996382495215,43.701546148537545,80.85017508731097,0.6581841620491116,0.8117428583265516
2010,2,spco2_le_threshold,historical_density,1000,8,389736,97752,97713,36.379039425803256,21.844684410370537,-1.022716108593162,13.342657142141832,70.99603092754231,140.65523671819952,0.2899181253271607,0.6192280418425335
2010,2,spco2_le_threshold,random,1000,8,389736,97752,97713,28.305763995237317,16.191725891952895,1.4778256560576046,10.011572471993643,47.75867903816902,118.91199321879591,0.5701115916814232,0.7565088054439054
2010,2,spco2_le_threshold,spatial_coverage,1000,8,389736,97752,97713,25.92180667688599,16.365240065748107,-0.9981579099493728,11.397079303568944,46.96496529491576,86.12604224565504,0.6394740691576231,0.8000184664749809
2010,2,spco2_le_threshold,historical_density,1000,9,389736,97752,97713,38.07165802007152,22.013629710755403,-4.559867890293293,12.247411025658325,87.01973263408094,139.5522123242044,0.2223045579982462,0.6190008323971105
2010,2,spco2_le_threshold,random,1000,9,389736,97752,97713,28.851036083797727,15.755750785974923,-1.3020494771042357,9.46417542444567,47.0709812193944,127.50423606230444,0.5533896329801766,0.7446336793286942
2010,2,spco2_le_threshold,spatial_coverage,1000,9,389736,97752,97713,25.58230482204959,15.62886426386689,-1.2605922362066733,10.664488257824589,45.446452219042136,79.15586646400881,0.6488559523815994,0.8060452974532324
2010,2,spco2_le_threshold,historical_density,1000,10,389736,97752,97713,39.04205377688282,22.709287056318484,-4.37087228330185,13.508532213444424,88.11103348215703,150.77204220374318,0.1821544730060433,0.6131012149407186
2010,2,spco2_le_threshold,random,1000,10,389736,97752,97713,46.17410174624465,20.84191695207102,5.509758083659256,11.022841310697856,61.65500051176233,236.6161222311972,-0.1439390441757551,0.4138785209012086
2010,2,spco2_le_threshold,spatial_coverage,1000,10,389736,97752,97713,25.72648513324023,14.988173375149978,-2.166971260108116,9.7481177893805,44.477444195045855,86.26963882655873,0.6448867457962905,0.8055630132072324
2010,2,spco2_le_threshold,historical_density,1000,11,389736,97752,97713,38.52137000063568,22.581231128480507,-4.486328818748783,13.614621792306307,77.77000505113628,154.3674067600855,0.2038233791912563,0.6147108745773798
2010,2,spco2_le_threshold,random,1000,11,389736,97752,97713,29.25687318700568,15.750788233211807,1.5775277422734588,9.48532638620918,45.788837704406056,143.00734312531017,0.5407366486185484,0.7379935057226092
2010,2,spco2_le_threshold,spatial_coverage,1000,11,389736,97752,97713,27.00166955836849,16.48939340126507,0.354666306852587,10.72511238728191,48.70604057146426,101.8168026301172,0.608810482776758,0.7804021958656365
2010,2,spco2_le_threshold,historical_density,1000,12,389736,97752,97713,37.10946818230836,22.450150069936253,-2.7507031709769088,13.923363839633566,81.37268563010414,136.5812182357639,0.2611174107798258,0.6231160243543549
2010,2,spco2_le_threshold,random,1000,12,389736,97752,97713,27.13766713521935,15.7742302549646,0.2143240015435173,10.165707184792725,46.62836116684754,106.7428832961276,0.6048600009066426,0.7791198341220676
2010,2,spco2_le_threshold,spatial_coverage,1000,12,389736,97752,97713,28.64353414885329,16.947216819601575,-0.1386098768732288,10.87722462843675,50.69817811830968,105.06750464009654,0.5597907380360988,0.7523202397341116
2010,2,spco2_le_threshold,historical_density,1000,13,389736,97752,97713,38.30489044369662,22.701358718645,-1.5667638018153311,13.126928532101772,81.5024045258265,150.24062884461185,0.2127468243047905,0.5976351174601223
2010,2,spco2_le_threshold,random,1000,13,389736,97752,97713,30.15530963347588,17.078744395670427,2.662034322844597,10.708515929486964,49.64974977519286,133.73530569988282,0.5120969236982729,0.7199343520196262
2010,2,spco2_le_threshold,spatial_coverage,1000,13,389736,97752,97713,26.8636369827229,16.453747481581953,-0.954376368701868,11.280511198271086,46.90339682621561,88.59898792345054,0.6127997828015446,0.7859237595230095
2010,2,spco2_le_threshold,historical_density,1000,14,389736,97752,97713,39.69756244714487,22.382077815906605,-3.566190294601276,12.668882278549065,81.13562857418228,164.3575161466522,0.1544609819742378,0.6008805671791787
2010,2,spco2_le_threshold,random,1000,14,389736,97752,97713,27.521827172083444,15.728202877831231,3.528314010785916,9.748159436256856,45.478155847725134,121.05672480190772,0.593593637234368,0.7751981217102136
2010,2,spco2_le_threshold,spatial_coverage,1000,14,389736,97752,97713,27.81398772818643,16.750630036293952,2.261512968770818,10.79488214003328,51.44556756615904,109.49117244424215,0.5849193486900959,0.7667195514034935
2010,2,spco2_le_threshold,historical_density,1000,15,389736,97752,97713,42.87334349253688,24.607306613110783,-5.863409440588552,14.001658934571369,88.73693448608228,178.61849794810783,0.0137643912586656,0.5699376035567854
2010,2,spco2_le_threshold,random,1000,15,389736,97752,97713,27.84203717002188,15.724370852201432,-0.0711929891350172,9.7943914710209,46.6276920893763,123.1086949462631,0.5840817376743753,0.764565011098129
2010,2,spco2_le_threshold,spatial_coverage,1000,15,389736,97752,97713,25.311661244759787,14.84161109560772,-0.5088037807368055,9.936979334688315,42.41506594313673,89.05003541546512,0.6562463872380164,0.810200689443432
2010,2,spco2_le_threshold,historical_density,1000,16,389736,97752,97713,33.68388833192124,20.86379022674773,0.1153830142105252,13.741487934685097,59.74468697341872,132.63520725838725,0.3912339703323908,0.6521383893925704
2010,2,spco2_le_threshold,random,1000,16,389736,97752,97713,27.82567845875819,16.272144349320687,-0.3205663261361742,10.318253829290596,49.02810530053311,108.64427510211176,0.5845703432957503,0.7648544522259504
2010,2,spco2_le_threshold,spatial_coverage,1000,16,389736,97752,97713,34.470266730461546,18.373060866388485,1.405725370129242,10.831863368967618,54.50550803985779,154.71698640081885,0.3624778769508333,0.6446512465900655
2010,2,spco2_le_threshold,historical_density,1000,17,389736,97752,97713,36.87878392779861,21.66633370267989,-1.1603946565094607,13.072351092707834,72.38866444835652,144.42365102019758,0.2702751166863215,0.6140660227132765
2010,2,spco2_le_threshold,random,1000,17,389736,97752,97713,29.64326248438328,17.099383837792935,0.1604508228666158,10.297738205144412,55.88892205600081,115.02907560027964,0.5285257575882967,0.727219945327751
2010,2,spco2_le_threshold,spatial_coverage,1000,17,389736,97752,97713,28.290983452060864,17.129076876327783,1.6964064696561578,11.220295671351153,51.0302696708046,104.93534663979784,0.5705604278433851,0.7578530075058205
2010,2,spco2_le_threshold,historical_density,1000,18,389736,97752,97713,38.52129833370558,22.5154885132904,-3.994477689168329,12.926467750666347,85.79374260010376,142.27873485298466,0.203826341675776,0.6217093865534241
2010,2,spco2_le_threshold,random,1000,18,389736,97752,97713,31.87532520951933,16.697216002608247,-0.2675839207379953,9.54739841610052,50.125171141631945,136.59529708576602,0.454850998623418,0.6773572275114342
2010,2,spco2_le_threshold,spatial_coverage,1000,18,389736,97752,97713,27.029099593296475,15.93339185938888,-0.7807419669265229,9.62487433775368,49.58783843599075,108.67662837852728,0.6080152880660024,0.7804971054697009
2010,2,spco2_le_threshold,historical_density,1000,19,389736,97752,97713,37.33505549722036,22.688476504868,0.3242920558849037,13.334182307973094,75.1546505057185,143.75403164279962,0.252106817174482,0.6090990071941841
2010,2,spco2_le_threshold,random,1000,19,389736,97752,97713,29.646239474107983,15.989780452425828,0.8302985130047948,9.59734961422498,48.488155869837215,134.29598744073692,0.528431055161102,0.7280876167055356
2010,2,spco2_le_threshold,spatial_coverage,1000,19,389736,97752,97713,32.53480046788298,18.36072781955028,3.410251509725952,11.031654910394709,55.651460924356336,144.2902728563355,0.4320602481957645,0.67268118579833
2010,2,spco2_le_threshold,historical_density,5000,0,389736,97752,97713,33.34200978845538,18.73966244480172,-4.967920741527171,10.520325858929423,67.17155671752747,132.40972206213985,0.4035287417612193,0.7022947154301353
2010,2,spco2_le_threshold,random,5000,0,389736,97752,97713,23.498185421437626,12.904661470450348,1.217743813973622,8.223466323561468,35.61123292766467,98.77891519426376,0.7037389040944032,0.8404674395546693
2010,2,spco2_le_threshold,spatial_coverage,5000,0,389736,97752,97713,22.498598893416972,13.042514483030793,-0.6578134602631078,8.634221534886649,36.88787486723528,75.44267011225116,0.7284080342945092,0.8537711071096925
2010,2,spco2_le_threshold,historical_density,5000,1,389736,97752,97713,33.997940819291976,18.767420146604294,-5.090334442508008,10.568779260892596,63.48483508678009,146.7206026539837,0.3798293640488569,0.6934620693359892
2010,2,spco2_le_threshold,random,5000,1,389736,97752,97713,23.513052651406536,12.545699262753027,-0.0136064237469446,7.9784475900681855,34.65783115428296,92.2854119116652,0.70336389852292,0.8408402006459258
2010,2,spco2_le_threshold,spatial_coverage,5000,1,389736,97752,97713,26.599448004578885,13.815009323312404,0.195315305273641,8.689818885902241,37.84396831611086,104.75208805990802,0.6203781332122462,0.7905750285282791
2010,2,spco2_le_threshold,historical_density,5000,2,389736,97752,97713,31.696158525616607,17.5891774615873,-3.769197780438157,10.536401678560878,55.47127000020439,123.8747789902572,0.4609621856574463,0.7210403612149722
2010,2,spco2_le_threshold,random,5000,2,389736,97752,97713,22.710819689128066,12.277129743449864,-0.7472759026568462,7.876193952160236,34.37977296395321,79.79528268828068,0.7232602204623919,0.8519971272034785
2010,2,spco2_le_threshold,spatial_coverage,5000,2,389736,97752,97713,22.960635173588525,12.961282474274086,-0.8615503746515571,8.51814948216969,37.25970129192233,73.70913083618737,0.7171385468265068,0.8473914024288487
2010,2,spco2_le_threshold,historical_density,5000,3,389736,97752,97713,34.63237130519858,19.272092877186537,-5.454411415914825,10.467059410131128,72.48496260974275,135.80087847582075,0.3564675808200823,0.680391792957233
2010,2,spco2_le_threshold,random,5000,3,389736,97752,97713,25.15690240440147,13.43192830672929,0.7714429701256649,8.62130441452814,36.07622548253218,106.00874096389076,0.6604370468224838,0.8128768656566846
2010,2,spco2_le_threshold,spatial_coverage,5000,3,389736,97752,97713,22.31421987242544,13.278986526179592,-0.272099811019668,9.194735794760843,36.720682147747766,72.13262792702183,0.7328412589411449,0.856126387292641
2010,2,spco2_le_threshold,historical_density,5000,4,389736,97752,97713,33.897710853200785,18.63725819246138,-4.906569741573268,10.601397819353965,61.10455186367362,149.7481958090804,0.3834806472298567,0.687145571650234
2010,2,spco2_le_threshold,random,5000,4,389736,97752,97713,22.112061648821424,12.06320608721242,-0.4511274108266273,7.822552630105122,34.31276828148731,72.06606862081398,0.7376600417149509,0.8596205476150265
2010,2,spco2_le_threshold,spatial_coverage,5000,4,389736,97752,97713,24.64764063861494,13.897425076397,-0.3399712957886889,8.913923780936614,40.25080411788152,90.35819946208106,0.6740457268680577,0.8228541097693645
2010,2,spco2_le_threshold,historical_density,5000,5,389736,97752,97713,37.54516428804647,20.41359171957204,-6.445667953745335,10.781939908712443,85.21704511413668,148.8489990899984,0.2436653622460258,0.6457432101144472
2010,2,spco2_le_threshold,random,5000,5,389736,97752,97713,28.1565036070901,14.163691849281106,1.401137718613671,8.269979286950786,41.33207411567339,119.31728805455494,0.5746333657069407,0.7609665266205432
2010,2,spco2_le_threshold,spatial_coverage,5000,5,389736,97752,97713,24.96558693938585,13.24492397986548,0.044106153426125,8.589484346352606,36.08220309878766,82.26319946782276,0.6655820859515515,0.8179058866379917
2010,2,spco2_le_threshold,historical_density,5000,6,389736,97752,97713,34.00949650595693,18.826718685509697,-4.283400109367296,10.36265249108311,69.46339625584716,139.2985685315009,0.379407708189773,0.6822891309470392
2010,2,spco2_le_threshold,random,5000,6,389736,97752,97713,22.204571064679683,12.625477327340752,-0.1601976707845196,8.46997788069001,35.238019385148824,75.12542155923745,0.7354603659752597,0.8586607920615985
2010,2,spco2_le_threshold,spatial_coverage,5000,6,389736,97752,97713,22.42257924213624,13.477835409426126,0.1205641739315287,9.14544310179889,38.12631428760608,72.88200919254923,0.7302402769227325,0.8546163804714232
2010,2,spco2_le_threshold,historical_density,5000,7,389736,97752,97713,37.58761868255741,20.56760502487752,-5.766927817197996,11.067449492014532,87.79559543904665,152.95078158080193,0.2419539363499707,0.6452796217049507
2010,2,spco2_le_threshold,random,5000,7,389736,97752,97713,25.60864268466334,12.89288158975594,0.7571610355655718,7.8566057046682545,35.26094249657772,121.07673105309094,0.6481325504432123,0.805306369088901
2010,2,spco2_le_threshold,spatial_coverage,5000,7,389736,97752,97713,26.21449166837928,14.50045504752633,0.0891098158689256,9.16491087041834,42.97265971739497,93.903686569937,0.6312866576641463,0.8009238548256302
2010,2,spco2_le_threshold,historical_density,5000,8,389736,97752,97713,34.80832029318388,18.470354438571675,-4.962015657461274,10.62286237583703,58.43960792204346,158.74463950292042,0.3499120663113501,0.6848561715462528
2010,2,spco2_le_threshold,random,5000,8,389736,97752,97713,22.00672738515146,12.234112562004952,0.1039209676635787,8.059360135348015,34.57829329270754,70.76085713118162,0.7401534834207808,0.8613019929941733
2010,2,spco2_le_threshold,spatial_coverage,5000,8,389736,97752,97713,24.15467708067897,14.109157797131418,0.0155744076748523,9.644894117969727,38.63019443829356,82.10235170810947,0.686953794600202,0.8297131008679512
2010,2,spco2_le_threshold,historical_density,5000,9,389736,97752,97713,34.97227848703161,18.895788946200813,-5.762713923976679,10.401592117007226,64.28149620876584,156.1752413820084,0.3437734033504278,0.6886778772116963
2010,2,spco2_le_threshold,random,5000,9,389736,97752,97713,22.980755875739128,12.602463957119546,-1.0125870603414897,7.926134848253014,36.63875270591632,77.97027749407222,0.716642579296232,0.8470812386797152
2010,2,spco2_le_threshold,spatial_coverage,5000,9,389736,97752,97713,23.5539822326697,13.920683323153185,-0.3328318449476155,9.37095513202695,39.601459554696085,81.13062912525305,0.7023302804050949,0.8383781333064514
2010,2,spco2_le_threshold,historical_density,5000,10,389736,97752,97713,35.56028433033722,20.04215702155567,-5.091250419494603,10.931643462612158,74.16398868584265,142.26739644217687,0.3215209818150568,0.6683907769895023
2010,2,spco2_le_threshold,random,5000,10,389736,97752,97713,28.32370454292848,13.74170754999629,1.2935570794977802,8.097244927302768,37.38143875725654,126.5073376466641,0.5695664816740704,0.7571891347250385
2010,2,spco2_le_threshold,spatial_coverage,5000,10,389736,97752,97713,23.107374996024628,13.455358139263284,-0.7119370413999621,8.934255493820785,38.87827122556515,79.69242694749597,0.7135114978882799,0.8452143671831355
2010,2,spco2_le_threshold,historical_density,5000,11,389736,97752,97713,32.62824377611437,18.37043839318453,-4.343118719279237,10.564962292517125,62.85089681460616,131.49857458227982,0.4287931999873889,0.7098960802565422
2010,2,spco2_le_threshold,random,5000,11,389736,97752,97713,23.065513912919872,12.604158339629262,-1.185120086838067,8.180666500070515,35.7707042146977,82.98986862236676,0.7145485569271596,0.8460111263749412
2010,2,spco2_le_threshold,spatial_coverage,5000,11,389736,97752,97713,22.568910065525028,13.202005831227073,-0.1799418049772722,8.95100919206402,36.62932585095485,78.3814126176177,0.726707858363546,0.8536948472194738
2010,2,spco2_le_threshold,historical_density,5000,12,389736,97752,97713,33.39163887450049,18.97523759896989,-3.9045048853535618,10.975272588254713,64.46479880167496,135.56060362992446,0.4017517430202472,0.6951097317571633
2010,2,spco2_le_threshold,random,5000,12,389736,97752,97713,22.5587404683628,12.427935847703926,-0.5983824356841632,8.044742278544959,35.39921979738814,77.78052413256832,0.7269540948727415,0.8535950643161876
2010,2,spco2_le_threshold,spatial_coverage,5000,12,389736,97752,97713,23.448484393961348,13.69523967181599,0.2192042569130875,9.0539431921527,39.13032968412408,82.18451956442429,0.7049908228042405,0.8396618939544014
2010,2,spco2_le_threshold,historical_density,5000,13,389736,97752,97713,35.683842469442524,19.56937818748439,-6.139334935272856,10.44838346143314,77.06365154558891,143.52945319728107,0.3167978898837186,0.6771251004955384
2010,2,spco2_le_threshold,random,5000,13,389736,97752,97713,26.273032578473323,14.128361974990424,1.178055074109036,8.660761486806564,40.87831347181432,107.22872073826692,0.6296380339968004,0.7949280776949362
2010,2,spco2_le_threshold,spatial_coverage,5000,13,389736,97752,97713,21.670981441335545,12.57921581475374,-0.6976122991354038,8.609960497749512,34.956954151725114,65.72942161555054,0.7480217052501541,0.8650353257425778
2010,2,spco2_le_threshold,historical_density,5000,14,389736,97752,97713,36.840892256926416,19.913288689964613,-5.791480153967247,10.75845244159018,69.36173388783267,167.43993131003512,0.2717738803222222,0.6545980065568993
2010,2,spco2_le_threshold,random,5000,14,389736,97752,97713,21.97875660090194,12.359639827893622,-0.4836178777050314,8.224918499759383,34.8026286984723,73.888560138238,0.7408135990120778,0.8608948512309317
2010,2,spco2_le_threshold,spatial_coverage,5000,14,389736,97752,97713,25.29354040457432,13.698665778111144,-0.3550411409107115,8.65730215387606,38.19601925242541,98.36002961452108,0.65673840350551,0.8111996149369972
2010,2,spco2_le_threshold,historical_density,5000,15,389736,97752,97713,37.68232280348384,20.067972042791386,-6.365391157650936,10.76060112395396,72.09715883157426,173.1155726395708,0.2381292446998768,0.650954142174449
2010,2,spco2_le_threshold,random,5000,15,389736,97752,97713,22.53893958085217,12.698785322377995,0.2639859743120335,8.248590907172627,36.52705641555584,78.95924437291352,0.7274332154571275,0.8537211880742019
2010,2,spco2_le_threshold,spatial_coverage,5000,15,389736,97752,97713,21.12999317339096,12.239882494779348,-0.6637546187718781,8.226066227898059,34.725795456168434,67.1322459279226,0.76044530574765,0.8722437732809126
2010,2,spco2_le_threshold,historical_density,5000,16,389736,97752,97713,33.68962786423475,18.34340028284208,-4.469065638248629,10.245615842426162,62.56204640336343,152.16685332449364,0.3910264925052898,0.6921679350632294
2010,2,spco2_le_threshold,random,5000,16,389736,97752,97713,22.10191598645669,12.27154074056689,-0.2090399932916178,8.111779271007038,34.31361453709783,72.31617942561405,0.7379007250190075,0.8597876672099019
2010,2,spco2_le_threshold,spatial_coverage,5000,16,389736,97752,97713,23.227561631137068,12.95190614278472,0.1046277767425238,8.636087050844026,36.03029676030635,69.15070675609587,0.7105235658035292,0.8431132318431115
2010,2,spco2_le_threshold,historical_density,5000,17,389736,97752,97713,34.94537274770636,17.923902131198915,-5.131481693432359,10.14799931323023,53.41680440504948,169.9207716223619,0.3447827439273099,0.6780146126437024
2010,2,spco2_le_threshold,random,5000,17,389736,97752,97713,23.978815267294028,13.472690632731194,0.758483133028282,8.607649749141899,38.87842162243514,91.19429477697828,0.691495562039103,0.8324336379868388
2010,2,spco2_le_threshold,spatial_coverage,5000,17,389736,97752,97713,25.972409176214125,14.194832762947533,-0.6169712537743264,9.220733932440623,39.5816887165928,90.91905816623957,0.6380651148997589,0.8035065127405842
2010,2,spco2_le_threshold,historical_density,5000,18,389736,97752,97713,33.782706573394044,18.56950735887248,-3.991195141628692,10.540256231426213,63.54606752546193,143.5577082481382,0.387656863714759,0.683732883246554
2010,2,spco2_le_threshold,random,5000,18,389736,97752,97713,24.5108879992131,13.110348478511137,0.5140403073979877,8.246926622887997,36.1793795636132,100.75256178766328,0.6776526805453972,0.824592923956824
2010,2,spco2_le_threshold,spatial_coverage,5000,18,389736,97752,97713,24.250518334603505,14.2604499692883,0.0419987207928038,9.368281362116136,41.20733626677059,89.64050782629639,0.6844646482206739,0.8273243713595687
2010,2,spco2_le_threshold,historical_density,5000,19,389736,97752,97713,32.250986652566006,18.016966249637942,-4.134218000008421,10.363104404617388,64.70005470167453,132.52322630262347,0.4419257514395163,0.7110973951993833
2010,2,spco2_le_threshold,random,5000,19,389736,97752,97713,25.75715540456204,13.267241464099891,0.4848994376214337,8.139039820826781,37.47986705350767,111.5816475620184,0.644039532350954,0.8026022484079857
2010,2,spco2_le_threshold,spatial_coverage,5000,19,389736,97752,97713,23.471197579169857,13.576269763441628,-0.2701782753523581,8.77349451345708,40.120793943794624,83.91168888427995,0.7044190294885313,0.8397942975642382
2010,3,all,historical_density,1000,0,391500,95988,95988,44.69667059379896,19.485812116131783,-2.5211061088513955,12.307974947806628,61.47202537761947,104.36655747767075,0.1501264089367354,0.4977717466467241
2010,3,all,random,1000,0,391500,95988,95988,37.53978678282599,15.097106233736143,-0.8410740196625419,9.755113890995176,44.19853837184301,74.67703114762855,0.4005022065100794,0.6339770961569038
2010,3,all,spatial_coverage,1000,0,391500,95988,95988,38.16561983964501,14.996684160140404,-1.5653377645958362,9.752201988450537,44.32016054598351,75.78794354877992,0.3803469011951235,0.6207295356604531
2010,3,all,historical_density,1000,1,391500,95988,95988,46.64617463821234,20.858529968449567,-6.397048018389862,13.013155428503694,65.98514819075787,137.82099715552025,0.074372916185024,0.486534891465243
2010,3,all,random,1000,1,391500,95988,95988,37.47570827575047,14.997203437130848,-1.014489144334447,10.186614533511031,41.6217708243622,74.77197649696882,0.4025470842640947,0.6360148772537885
2010,3,all,spatial_coverage,1000,1,391500,95988,95988,36.67778845618847,15.600345476487307,-0.8388149362134067,10.679408654709476,43.657740410601626,70.61403812795272,0.4277177599267756,0.656453710016023
2010,3,all,historical_density,1000,2,391500,95988,95988,47.242021665543206,20.31437263808478,-6.1472479002471365,11.95130842906417,68.44312389058295,136.95200248422142,0.0505744066534578,0.4873446815160841
2010,3,all,random,1000,2,391500,95988,95988,36.88628786231601,14.815776181326012,0.3360075705671618,10.093263021417355,40.36288447409213,69.07764860799799,0.4211928488953739,0.6493023950932109
2010,3,all,spatial_coverage,1000,2,391500,95988,95988,38.433588145623006,15.7971302148778,-0.3265311237072924,10.73900610748666,44.05269687256727,80.81612783761264,0.371614942037169,0.6164357863555588
2010,3,all,historical_density,1000,3,391500,95988,95988,46.58530077532706,20.417670323808984,-6.416085131604339,12.001871271295755,71.26353789351799,128.16032609927618,0.0767872504864168,0.4809119174059163
2010,3,all,random,1000,3,391500,95988,95988,47.73860307503478,18.71963731759956,2.73420912695898,10.316259678897351,52.80378402191232,211.27538319507292,0.0305098547831236,0.4458162526056971
2010,3,all,spatial_coverage,1000,3,391500,95988,95988,37.0218046944691,15.345648460265144,-1.2603426684130852,10.69366045088023,42.46159507901798,70.72129902328233,0.4169320678134892,0.6477435938060283
2010,3,all,historical_density,1000,4,391500,95988,95988,43.18824346280431,18.782091456013557,-4.2096545573440505,11.794611675791828,60.588513507067496,98.03338867705486,0.2065216754357931,0.524142950727087
2010,3,all,random,1000,4,391500,95988,95988,36.9514289812881,15.144850493394642,0.0894908484616903,10.194158214024526,42.612640082313874,71.22092889931788,0.4191466989352631,0.6474295127640741
2010,3,all,spatial_coverage,1000,4,391500,95988,95988,39.60749512199698,15.521012676790294,-1.1012962427061457,10.45201872974198,43.21577816205011,79.53233230781737,0.3326422003980385,0.5928239061522532
2010,3,all,historical_density,1000,5,391500,95988,95988,46.17383952777986,21.159601840394963,-7.903090118855068,13.91173078227817,69.08425803320786,112.54943621770204,0.0930236466418003,0.4948359222856778
2010,3,all,random,1000,5,391500,95988,95988,37.50292209123962,15.265146917059916,-1.2658593698080165,10.096370178135942,43.64350396825932,74.58794315379357,0.4016790618801324,0.6366552364361818
2010,3,all,spatial_coverage,1000,5,391500,95988,95988,37.568866839642936,15.901363148288668,-0.0326385900297491,10.735778155856709,45.97795951830653,77.51324923371291,0.3995730492738824,0.6361751673932801
2010,3,all,historical_density,1000,6,391500,95988,95988,44.64977091355062,19.98951772227873,-2.6812776858817013,13.332184436247276,61.6699094759305,96.28446836635138,0.1519089975485029,0.4970172027264436
2010,3,all,random,1000,6,391500,95988,95988,36.08437652097738,14.628555753454195,-0.8837076367813962,10.026353581202956,41.3085604991087,65.33547587941452,0.4460859293009286,0.6681930362871614
2010,3,all,spatial_coverage,1000,6,391500,95988,95988,37.1437300715408,14.360624939747256,-0.034897651188628,9.49914338391892,41.0228414935054,73.30497426047287,0.4130852623367811,0.6433813093660862
2010,3,all,historical_density,1000,7,391500,95988,95988,43.55762474827025,19.22420185635488,-3.705575580704196,12.91631171816195,55.467249078856845,94.58585427620088,0.1928906768671198,0.5108900917510647
2010,3,all,random,1000,7,391500,95988,95988,37.04664628590789,14.789166412492737,0.464592612049698,9.91736846307731,40.479617938815394,76.0758482256582,0.4161493293727895,0.6452421547037965
2010,3,all,spatial_coverage,1000,7,391500,95988,95988,36.55336017692836,15.298622242525129,-1.3317057480119414,10.50254947255246,43.29817714025885,69.66494598784165,0.4315940737248985,0.6591458750240006
2010,3,all,historical_density,1000,8,391500,95988,95988,43.79508450008019,18.842457544451687,-3.47901597839067,11.75965889639278,60.0991339735357,97.00496919912274,0.1840665778146678,0.5186076822997485
2010,3,all,random,1000,8,391500,95988,95988,39.33697934799618,16.405993261975386,0.5185706254399121,10.193099973843148,49.24873041144853,95.63040912635957,0.3417270620489755,0.5966520193343593
2010,3,all,spatial_coverage,1000,8,391500,95988,95988,38.0493973472096,15.214495158447813,-1.731071461464016,10.60304721452934,41.71047062985025,69.28716890575696,0.3841151079390358,0.6256863101480014
2010,3,all,historical_density,1000,9,391500,95988,95988,43.75747321573963,19.171338077979904,-3.8424678434614936,12.441484335842034,58.57609759392324,89.58778963306062,0.1854674257278152,0.5159645169028141
2010,3,all,random,1000,9,391500,95988,95988,36.21246779778989,14.741568312079211,0.814222975328021,9.821907257650537,42.23187461755855,71.68753892947745,0.4421464131827323,0.6651549302232742
2010,3,all,spatial_coverage,1000,9,391500,95988,95988,38.48454263921308,16.14393362680035,1.0370977681297302,10.971939007307212,44.94022822951402,79.87781388742398,0.3699476364817099,0.6129420727640519
2010,3,all,historical_density,1000,10,391500,95988,95988,47.88347235446842,20.72925619703185,-7.813838304097996,12.259502820735833,67.63851223764806,156.4838011996432,0.024616827505458,0.4746878820116296
2010,3,all,random,1000,10,391500,95988,95988,37.47939879533997,15.18259044074849,-0.4511056691133839,9.858478705739117,43.69280777132772,76.80836109392993,0.402429406954817,0.6366002109209083
2010,3,all,spatial_coverage,1000,10,391500,95988,95988,37.13771950872909,15.523318107097191,0.0504853193470769,10.410867930732364,44.509927994215104,73.36276693150971,0.4132751949292002,0.6438895492348848
2010,3,all,historical_density,1000,11,391500,95988,95988,45.45102612818579,20.15326009214138,-5.264291843657163,12.204564411422808,70.03398032050494,115.1885446700194,0.1211973236627064,0.4927001777448092
2010,3,all,random,1000,11,391500,95988,95988,36.44752836714958,16.099146009052937,-0.6423166373256005,10.70792664122635,46.60675326454866,78.74647134239738,0.4348806851063875,0.660644923256183
2010,3,all,spatial_coverage,1000,11,391500,95988,95988,38.25804272196867,15.09299877890694,-1.6410713658389084,10.038170779988375,42.81518806246271,68.28515041867628,0.3773421304562018,0.6232343936868252
2010,3,all,historical_density,1000,12,391500,95988,95988,47.98638195594121,21.089432371147197,-5.858121978113336,12.259883635300213,73.94534715245439,139.50818445378687,0.0204197987038031,0.4734889241361535
2010,3,all,random,1000,12,391500,95988,95988,36.71029329463097,14.365542718054446,0.0980225785305992,9.548295362283625,40.22307660385052,68.1741347205039,0.4267029667612162,0.6533960940197872
2010,3,all,spatial_coverage,1000,12,391500,95988,95988,37.25386760504068,14.562848073105252,-0.232543745610206,9.910551182570345,41.85357720659877,70.47145237990117,0.409599496217365,0.6404472957883681
2010,3,all,historical_density,1000,13,391500,95988,95988,47.17292449125707,21.1014161690066,-6.633164338711048,12.905429095172847,68.15871532119213,140.94317876583108,0.0533496752594196,0.4978196865130698
2010,3,all,random,1000,13,391500,95988,95988,37.36028925770091,16.25190893401839,0.7844504687828345,10.152409520177798,49.26362196073392,89.33023356843911,0.4062215306328492,0.6401788143548394
2010,3,all,spatial_coverage,1000,13,391500,95988,95988,40.9214438386123,17.55989539290586,0.9526489971636004,11.756527257140531,45.46773051352597,111.9224597652486,0.2876295715293048,0.5749663672261396
2010,3,all,historical_density,1000,14,391500,95988,95988,44.32217202532666,18.40463868184575,-4.515132722736289,11.232432162000975,58.65791751654661,94.5276332849862,0.1643083635513696,0.519787281178515
2010,3,all,random,1000,14,391500,95988,95988,37.450333767731244,15.464438382945067,-0.2335204854206489,10.255299558771668,42.44613355924031,73.18203992031549,0.4033558717221691,0.6355646800195665
2010,3,all,spatial_coverage,1000,14,391500,95988,95988,36.48857666685469,14.87076090739382,-1.5140179775496632,10.020535677054,42.64884496309162,71.55352974223204,0.4336070596656168,0.6592494303157791
2010,3,all,historical_density,1000,15,391500,95988,95988,44.771766274627,19.33098189105165,-3.96969386531216,12.09989445660591,61.51200964142811,108.85661271189716,0.1472682340795138,0.5021705382094405
2010,3,all,random,1000,15,391500,95988,95988,36.99849528942933,14.280213080491704,-0.8093207466826834,9.21971782152474,41.26599750340272,71.11045911453476,0.4176660508370267,0.6464874942598313
2010,3,all,spatial_coverage,1000,15,391500,95988,95988,38.33153653175315,16.28850686839162,-1.2779188691583074,10.55534816628102,47.25990420557403,83.4648723944838,0.3749475775856657,0.6179218616018548
2010,3,all,historical_density,1000,16,391500,95988,95988,42.35963572198912,17.488254333505015,-1.9022259737665843,11.572903362754005,48.10564946826508,83.46470530385162,0.2366768758612385,0.5330441401645036
2010,3,all,random,1000,16,391500,95988,95988,36.64371779171117,14.71468051232494,-0.2666110345710727,10.451564630634152,39.781620272641874,66.85622001173657,0.4287804728638432,0.6550270978800143
2010,3,all,spatial_coverage,1000,16,391500,95988,95988,36.59909449696936,16.146613642989237,1.1480225170456424,11.10437916813791,44.27854116349511,79.06096206975813,0.430170843638191,0.6568156052385574
2010,3,all,historical_density,1000,17,391500,95988,95988,45.45133031095877,19.40887585998484,-6.398527970937884,11.358030438425573,69.99084790675946,113.94074139008964,0.1211855607806647,0.5040085988968045
2010,3,all,random,1000,17,391500,95988,95988,36.59396122535686,14.759485888381317,-0.6386110440899939,9.60610030346274,42.25336046852451,77.63398159509887,0.4303306772483285,0.6561393986028909
2010,3,all,spatial_coverage,1000,17,391500,95988,95988,36.26589700888751,14.470635937162134,-1.597998192370131,10.05080251014212,39.44382537976819,67.19213994293779,0.4404990432538997,0.6646516646098103
2010,3,all,historical_density,1000,18,391500,95988,95988,43.66541907794285,19.242416322986784,-4.5773253414080735,12.7285429407018,57.97814976375052,95.54140340809316,0.1888909425875999,0.5145751309855676
2010,3,all,random,1000,18,391500,95988,95988,36.31872291215139,14.129842866473052,0.4293807002221959,9.46479041322371,38.54796354703701,71.12016104209249,0.4388678871539601,0.6631678857070675
2010,3,all,spatial_coverage,1000,18,391500,95988,95988,38.56258173503805,17.458261313869937,0.790652885501387,11.439637858415864,51.26505809500928,92.02191641108908,0.3673898007561148,0.6174632743741599
2010,3,all,historical_density,1000,19,391500,95988,95988,44.9447042779537,19.69924759301938,-4.600525807299421,12.385295525396202,64.30394040981376,109.79653272452018,0.1406678895409481,0.5027208132017136
2010,3,all,random,1000,19,391500,95988,95988,36.45253099237866,14.094595478435174,-0.7956459860242062,9.559392969582577,39.4579799616193,71.6780362031329,0.434725542945314,0.6597109341661391
2010,3,all,spatial_coverage,1000,19,391500,95988,95988,39.36875139818564,16.736832713975716,-1.0324542618161223,10.751631432947647,49.07005753282973,95.70914497250828,0.3406632728384258,0.6000601639474795
2010,3,all,historical_density,5000,0,391500,95988,95988,44.721267389521415,17.423917171099717,-5.750269335245422,9.74247499940364,61.64458942639405,129.00261079610718,0.1491907724043479,0.5186877505163372
2010,3,all,random,5000,0,391500,95988,95988,37.57797302847461,13.98966421301298,0.8304990730087988,8.750852356856967,38.32413832621835,83.53092308470593,0.3992819431378984,0.6384878187612194
2010,3,all,spatial_coverage,5000,0,391500,95988,95988,33.07562542243388,12.896735412339922,-1.4953931281104866,8.899085932993842,35.784738996480705,61.33412291849579,0.5346067118231356,0.731939917228081
2010,3,all,historical_density,5000,1,391500,95988,95988,44.9081172440664,17.334365140097166,-4.848697085290328,9.842322856106447,58.525890992234594,103.88784843143468,0.1420663909478415,0.5172270018396604
2010,3,all,random,5000,1,391500,95988,95988,34.48798369282837,12.154494584990273,-0.3344803588587209,8.180913261474444,33.66592700878946,59.47744655160455,0.4940127252400611,0.7031876758544826
2010,3,all,spatial_coverage,5000,1,391500,95988,95988,32.66786623123306,12.990121108124786,-0.993675230953112,8.94512017561783,35.67264586555118,64.54684574796667,0.5460107985330969,0.7394127040734902
2010,3,all,historical_density,5000,2,391500,95988,95988,45.17797769928721,17.79663381553888,-5.457931785200667,9.745804583877714,62.84128214023908,133.1919231978116,0.1317244751879212,0.5111882958316459
2010,3,all,random,5000,2,391500,95988,95988,34.58605217053829,12.047794117436084,-0.5545947108391935,8.238904413930669,32.99374764896561,58.75933709178554,0.4911310286578021,0.7012826227194763
2010,3,all,spatial_coverage,5000,2,391500,95988,95988,33.74774405437545,13.038489482338132,-0.7531236373533932,9.291361159958312,35.73130878918451,60.76472193698137,0.5155003371006022,0.7183132777792633
2010,3,all,historical_density,5000,3,391500,95988,95988,45.184563160059504,17.75060257734223,-5.677681173053434,9.955207773793065,60.18962417939326,141.6936824383587,0.1314713248059428,0.5138168293291914
2010,3,all,random,5000,3,391500,95988,95988,35.55629967782832,12.985140078585903,0.278905703279997,8.659871961019064,35.64232809317106,70.0152935492696,0.4621798102979622,0.6801739393759068
2010,3,all,spatial_coverage,5000,3,391500,95988,95988,33.301360987822775,13.07197658640657,-0.7963532936484096,9.028343396346344,36.05889480302008,66.32385453106502,0.5282325731753907,0.7269817576802095
2010,3,all,historical_density,5000,4,391500,95988,95988,44.17611009998602,16.99535662681293,-5.227508061985052,9.794032131194598,56.915091547765314,99.14929468451304,0.1698072638736322,0.5251434241744869
2010,3,all,random,5000,4,391500,95988,95988,34.468723606610574,11.922929878392036,-0.3470585344808207,8.148981955512994,32.20722912923455,57.8140072782566,0.4945777125955197,0.7032998582310861
2010,3,all,spatial_coverage,5000,4,391500,95988,95988,30.93154107919094,12.421271899177308,-0.6071909071461672,8.58877622381749,34.659322173630095,63.13448749514672,0.592988104841714,0.7703382505444674
2010,3,all,historical_density,5000,5,391500,95988,95988,43.172777081380175,16.79657783760588,-3.980208155248078,9.966217648456194,54.17498125521352,110.03456516578908,0.2070898875229725,0.5339444736586076
2010,3,all,random,5000,5,391500,95988,95988,34.17236554104177,12.372211809828608,-0.4982862828218133,8.486377771686534,34.09015707796716,61.668267554057714,0.5032314737232177,0.7094867781160976
2010,3,all,spatial_coverage,5000,5,391500,95988,95988,33.35056254524892,13.267138347392306,-0.9975936364581298,9.197295239483624,36.63109498348808,64.70096139013899,0.5268375047054052,0.7261775804545993
2010,3,all,historical_density,5000,6,391500,95988,95988,43.6290331492308,16.600872142611834,-4.852544263441427,9.321705930943097,55.31350704376215,125.60153693799056,0.190242156456494,0.5335659147675271
2010,3,all,random,5000,6,391500,95988,95988,34.734935240938164,12.14303344625067,-0.2741738119406581,8.182953662138345,33.551277644394524,60.84183856257147,0.4867405280400745,0.6985567568473383
2010,3,all,spatial_coverage,5000,6,391500,95988,95988,33.567053263348015,12.664561758241252,-0.7757872979599184,8.741634309789475,35.26258704089048,60.51719898662395,0.5206746245000473,0.7217570756783575
2010,3,all,historical_density,5000,7,391500,95988,95988,43.97851245117298,17.156691967989293,-5.079627469173347,9.803860304398029,60.85501499564251,109.87402186595966,0.1772174795549383,0.5274140600236442
2010,3,all,random,5000,7,391500,95988,95988,34.64528639569043,12.45401342171211,0.0244076809673027,8.470001412979968,34.44071973645855,61.67353951429909,0.4893864947053092,0.6997162899574887
2010,3,all,spatial_coverage,5000,7,391500,95988,95988,33.22658839675493,12.993855212000838,-0.9595632341478676,8.937516085430701,36.26743532199441,61.09051229098962,0.5303487431757261,0.7285348283832601
2010,3,all,historical_density,5000,8,391500,95988,95988,43.11016398296264,16.529724449607357,-5.035302012830202,9.570674111679494,55.37804573109902,112.91593882775364,0.2093881208671777,0.5427160978596893
2010,3,all,random,5000,8,391500,95988,95988,33.27188445964847,12.586483432482142,-0.3888777403114953,8.674052432369251,35.10478328427746,60.50618289252533,0.5290673685708289,0.7274153969086903
2010,3,all,spatial_coverage,5000,8,391500,95988,95988,32.09602708537332,12.857713934131072,-0.4914879018412829,8.861250863566852,35.340231853387564,62.41189002792751,0.5617655231589966,0.749623298656754
2010,3,all,historical_density,5000,9,391500,95988,95988,43.02736820297565,16.733393051635606,-3.725385028332614,10.023826892013544,56.93877506446484,93.3719521519126,0.2124220442755501,0.533881575663665
2010,3,all,random,5000,9,391500,95988,95988,33.00277126658282,12.566331795726049,-0.1932931622492749,8.64538116386521,34.56764816925363,60.93564938593136,0.5366546545789286,0.7329460558488782
2010,3,all,spatial_coverage,5000,9,391500,95988,95988,32.62885062749049,12.094930193748452,-0.5317341141703017,8.646293137934919,32.474515547347295,53.91279235149974,0.5470945598932878,0.7398687040669297
2010,3,all,historical_density,5000,10,391500,95988,95988,43.65382516240594,16.92455345081435,-5.21377040091136,9.633736204548685,61.68330804106667,103.33376794627976,0.1893216120578265,0.5322714579706331
2010,3,all,random,5000,10,391500,95988,95988,34.208517099871514,12.231543540877537,-0.3835234984005954,8.41590951436001,33.40225327065655,59.419409775687726,0.502179837064811,0.7087010057542451
2010,3,all,spatial_coverage,5000,10,391500,95988,95988,34.03145651510904,12.336069290249991,-0.8785929998538013,8.34400441418407,34.23656225339087,60.7387151583068,0.5073198561339518,0.7125496273784713
2010,3,all,historical_density,5000,11,391500,95988,95988,43.18357876204621,16.65418057715883,-4.01131891164998,9.742723897406108,54.98013796694441,96.3008951334325,0.2066930711100413,0.5313517101316977
2010,3,all,random,5000,11,391500,95988,95988,32.69738661135022,12.136660694449786,0.0130747185920654,8.003277640583434,34.19713495045894,65.96165702069872,0.545189931382295,0.7387139795931242
2010,3,all,spatial_coverage,5000,11,391500,95988,95988,33.79755235271346,12.469224455166266,-0.6577429800899965,8.53990027092729,34.46651640040425,63.79734936495216,0.5140691355362875,0.7173008755312233
2010,3,all,historical_density,5000,12,391500,95988,95988,43.34850954107429,16.660094880447016,-4.877134845684219,9.601410594003028,52.94099242920586,132.64297762948368,0.2006217545054935,0.536632109801365
2010,3,all,random,5000,12,391500,95988,95988,34.70605449702302,12.09520904092844,-0.3161748656433087,8.21348140326657,32.99666487031743,57.98402503020429,0.4875936836751506,0.6988461874764011
2010,3,all,spatial_coverage,5000,12,391500,95988,95988,33.80576565006814,11.956787856314053,-0.6923704379923037,8.381356692305502,32.56607632173646,58.27505073298848,0.5138329302875134,0.7169636441228957
2010,3,all,historical_density,5000,13,391500,95988,95988,44.41151914882884,17.00832176627345,-5.089451856075804,9.784046270181818,56.26479440958409,101.65243643464004,0.1609356993048709,0.5223171744804228
2010,3,all,random,5000,13,391500,95988,95988,32.77220529760686,12.440772325344144,0.3469248123415815,7.992075258488001,34.45991316785125,66.67283057665742,0.5431061425903834,0.7370895158463464
2010,3,all,spatial_coverage,5000,13,391500,95988,95988,34.3391837205389,13.083996111481149,-0.2571525948234541,8.892981245323313,36.4587678008413,65.24678221039618,0.4983695162977468,0.7063426972476933
2010,3,all,historical_density,5000,14,391500,95988,95988,42.6029592057481,16.210344261649144,-3.3072885075862697,9.670530781906422,51.63508537981271,103.91377377140364,0.2278822821738099,0.5442330535771804
2010,3,all,random,5000,14,391500,95988,95988,33.56108766677288,12.096883830092487,-0.3276471897320627,8.198647884805212,33.55180047287572,60.13705863362667,0.520844982481828,0.7217927270877351
2010,3,all,spatial_coverage,5000,14,391500,95988,95988,33.1605798944111,12.865070945047195,-1.1133504355512462,9.033554844359884,35.30417267221664,61.154078066856826,0.5322129238845852,0.7300337809382188
2010,3,all,historical_density,5000,15,391500,95988,95988,42.17614349748471,16.014680713357446,-4.121929136137034,9.728390213968057,52.000320888925245,92.74513429258508,0.243275634015352,0.5522401854212984
2010,3,all,random,5000,15,391500,95988,95988,33.59248691724134,11.919340399782778,-0.4372518058452511,8.122560264867786,33.52890942247246,58.96995219374762,0.5199479825665296,0.7211389421289206
2010,3,all,spatial_coverage,5000,15,391500,95988,95988,33.386382895576475,13.465269563166238,-0.8122829416737142,9.421580648520774,36.48378715759931,64.85532672330842,0.5258205534428948,0.7253370664331635
2010,3,all,historical_density,5000,16,391500,95988,95988,43.62311174775612,16.688815156711,-4.152976543239351,9.699600606075563,56.6588648269442,98.32902431597512,0.1904619447743645,0.5274552615125668
2010,3,all,random,5000,16,391500,95988,95988,34.4317963505966,12.207864650016944,-0.6718251324446621,8.215767347092651,33.435968776542914,62.77530109523392,0.4956600770527813,0.7041827525628153
2010,3,all,spatial_coverage,5000,16,391500,95988,95988,30.90094277533842,12.424176356662294,-0.3526980816190967,8.482397981709568,34.365426765286536,59.05921437672644,0.5937929605555698,0.7713133407204965
2010,3,all,historical_density,5000,17,391500,95988,95988,45.83239734861655,18.15018073137894,-6.350580352010296,9.966349982412908,63.66098086951177,144.26310529511204,0.106387706844533,0.5107145798762912
2010,3,all,random,5000,17,391500,95988,95988,32.73637033127754,11.860383303306063,-0.0240494906552024,7.979233771120789,31.63360516325484,58.591128551744426,0.544104783017063,0.7382238067258106
2010,3,all,spatial_coverage,5000,17,391500,95988,95988,33.697483375775974,12.991261526093362,-1.1380196626202428,9.285651765387088,34.84636759644329,58.195082112273816,0.5169423978533667,0.7193761377714744
2010,3,all,historical_density,5000,18,391500,95988,95988,44.64427981583965,17.515825039872286,-5.148076242229077,9.995709677894324,59.10802420485904,129.35920407641677,0.1521175838013543,0.5172899613532305
2010,3,all,random,5000,18,391500,95988,95988,35.13347103491603,12.227632097954215,-0.1783426775771348,8.444057819698202,33.046458548683255,58.43089018841025,0.4748950618958796,0.689821339451606
2010,3,all,spatial_coverage,5000,18,391500,95988,95988,34.2934182476587,12.946222685728277,-1.6332503398396812,8.924556545340863,36.08683742878986,64.58242685010171,0.4997057191790368,0.7077180315500634
2010,3,all,historical_density,5000,19,391500,95988,95988,43.01900745048941,16.45850933014068,-4.4791034958160685,9.623305812982268,56.88930419207109,94.71106409983192,0.2127280869120198,0.5385489852987398
2010,3,all,random,5000,19,391500,95988,95988,34.378143562130404,11.648620605680048,-0.1331746422292655,7.835273374973269,32.34182581813128,58.32533669041586,0.4972306114862516,0.7052361557762216
2010,3,all,spatial_coverage,5000,19,391500,95988,95988,33.73304576100483,12.647468661263536,-0.7620938788419007,8.67902924824645,35.28273998965168,60.911869466427305,0.5159222774462049,0.7185381633857678
2010,3,spco2_le_threshold,historical_density,1000,0,391500,95988,95965,31.494831268422715,19.06270210673995,-2.093930156270197,12.303167863550584,61.266214151791566,103.67537319765512,0.347215746886771,0.6747186077897213
2010,3,spco2_le_threshold,random,1000,0,391500,95988,95965,23.47298444762568,14.715853908364704,-0.4564049408817996,9.753738802798637,44.13787125202845,74.245225755281,0.6374000669247291,0.7990660613520636
2010,3,spco2_le_threshold,spatial_coverage,1000,0,391500,95988,95965,23.54126731875738,14.602342456217809,-1.1677769603022992,9.749882298045009,44.23862178645855,75.31270414693071,0.6352873933503815,0.7991829586241974
2010,3,spco2_le_threshold,historical_density,1000,1,391500,95988,95965,34.57662491153678,20.442218600819103,-5.977270657065329,13.010353346315751,65.69868212504316,136.67859030317825,0.213214595160204,0.6481582153055772
2010,3,spco2_le_threshold,random,1000,1,391500,95988,95965,22.917051811452424,14.609745796703931,-0.6236802567993746,10.183958368042966,41.54404540514808,74.29246013985033,0.6543722606271224,0.8096382888345625
2010,3,spco2_le_threshold,spatial_coverage,1000,1,391500,95988,95965,22.96993886212964,15.232492191231929,-0.4674237444043203,10.676647992252413,43.57945010620573,70.13920590357179,0.6527751682998664,0.8112628370954167
2010,3,spco2_le_threshold,historical_density,1000,2,391500,95988,95965,34.92197365771189,19.88948591526789,-5.718965732539193,11.947666859275955,68.19957682462676,135.79000034084157,0.1974193988337044,0.6565474867471216
2010,3,spco2_le_threshold,random,1000,2,391500,95988,95965,22.61185794975538,14.438030520319138,0.7173846703933311,10.09066428161725,40.31769937188329,68.5411027544025,0.663516638052432,0.8149288743798019
2010,3,spco2_le_threshold,spatial_coverage,1000,2,391500,95988,95965,24.159134683546363,15.405790126406355,0.068516814283216,10.736518209403243,43.97365659495528,80.37957804485825,0.6158915622561585,0.7899165912910772
2010,3,spco2_le_threshold,historical_density,1000,3,391500,95988,95965,34.24432476203358,19.99632958394137,-5.99138862182665,11.99915957698778,70.94697292449807,127.88447932079973,0.2282647959997726,0.6471107211484327
2010,3,spco2_le_threshold,random,1000,3,391500,95988,95965,37.92483230201702,18.344115061597638,3.114873241640886,10.313384301190126,52.65822669914001,207.8334242188864,0.053461167977558,0.5581924713596607
2010,3,spco2_le_threshold,spatial_coverage,1000,3,391500,95988,95965,22.77760012181404,14.966642624865276,-0.8779609977273035,10.690879539230025,42.39519335830427,70.17017548447716,0.6585657954313497,0.8132215022520374
2010,3,spco2_le_threshold,historical_density,1000,4,391500,95988,95965,30.07790385885912,18.370690340747423,-3.794760855732181,11.7905280588746,60.49572028718469,97.65070461433623,0.4046309816508275,0.6946483850136533
2010,3,spco2_le_threshold,random,1000,4,391500,95988,95965,22.80322022576381,14.768895055579296,0.4690975117328023,10.191443431992807,42.5562445100893,70.68645481468397,0.657797277292641,0.8111370188095046
2010,3,spco2_le_threshold,spatial_coverage,1000,4,391500,95988,95965,24.97589681041905,15.114477713987396,-0.6913052961801819,10.448374035528955,43.14012903078617,78.48758884338963,0.5894809829314995,0.7781994541074934
2010,3,spco2_le_threshold,historical_density,1000,5,391500,95988,95965,33.75862748393999,20.739705770378304,-7.480016851218495,13.907959846445747,68.91932407801667,111.98044579412868,0.2500010416993223,0.6626863936626738
2010,3,spco2_le_threshold,random,1000,5,391500,95988,95965,23.445163278549487,14.884113563313145,-0.881470796829368,10.091687522114228,43.55790608766894,73.87114221284916,0.6382590949476671,0.8013504576303588
2010,3,spco2_le_threshold,spatial_coverage,1000,5,391500,95988,95965,23.71488070338645,15.5229386001624,0.3495892266302553,10.730712219503062,45.88924171904779,77.13175648707501,0.629888153511933,0.7979806287694621
2010,3,spco2_le_threshold,historical_density,1000,6,391500,95988,95965,31.30630491040991,19.56412597786024,-2.251737663228049,13.327698982313166,61.52972861627855,95.81067155989436,0.3550074191419985,0.6765473565670173
2010,3,spco2_le_threshold,random,1000,6,391500,95988,95965,21.61051051533051,14.255119492994712,-0.506977138769851,10.023536352815256,41.24045743617727,64.98094048945427,0.6926585395464521,0.8324385845103984
2010,3,spco2_le_threshold,spatial_coverage,1000,6,391500,95988,95965,22.504977361368613,13.974450549216265,0.3547101966198805,9.496156040003598,40.97019029195887,72.39483945796711,0.6666900654165407,0.8167967155695386
2010,3,spco2_le_threshold,historical_density,1000,7,391500,95988,95965,29.954679821474222,18.801845916499644,-3.2795002806203364,12.912204866010654,55.36565274749536,94.23864495270496,0.409499239431632,0.6922042711002209
2010,3,spco2_le_threshold,random,1000,7,391500,95988,95965,22.80718160928124,14.409708796510062,0.8477061073379986,9.912784135137883,40.39876828019373,75.37537329139667,0.657678371808305,0.8112725250407333
2010,3,spco2_le_threshold,spatial_coverage,1000,7,391500,95988,95965,22.512156755292207,14.927041967322992,-0.956778011971232,10.500554134583012,43.23210202366487,69.32240530017296,0.6664773706891018,0.8188330768424672
2010,3,spco2_le_threshold,historical_density,1000,8,391500,95988,95965,30.303429675158306,18.420275244165587,-3.053151511105982,11.756877464230117,59.954139374060944,96.49541951374256,0.3956692886706578,0.6988220592125897
2010,3,spco2_le_threshold,random,1000,8,391500,95988,95965,26.273014440825367,16.025337292828265,0.9032829168858956,10.19046814777721,49.16597544271204,95.0111634401027,0.5457332952091514,0.7519007737884938
2010,3,spco2_le_threshold,spatial_coverage,1000,8,391500,95988,95965,23.139604725285228,14.82191872245579,-1.335263443697068,10.599323208060524,41.650409902294456,68.69581526647104,0.6476267195747221,0.8081663975263964
2010,3,spco2_le_threshold,historical_density,1000,9,391500,95988,95965,30.213401696519348,18.747966129631173,-3.415422013849866,12.436052281601404,58.44149626625408,89.11369456348497,0.3992547478079714,0.6969630006817197
2010,3,spco2_le_threshold,random,1000,9,391500,95988,95965,22.05147798321767,14.371881730527306,1.1876378244734282,9.817829200013476,42.168973785459904,71.0714455939951,0.6799878234734709,0.8251763881917364
2010,3,spco2_le_threshold,spatial_coverage,1000,9,391500,95988,95965,24.41087538881988,15.755979055198145,1.4291701297812596,10.970191728377756,44.85077806096663,79.23730846420152,0.6078449562756586,0.7835450755546705
2010,3,spco2_le_threshold,historical_density,1000,10,391500,95988,95965,35.835583611479024,20.30557061870027,-7.387057278347687,12.25626759139459,67.47025447726578,155.37740259187706,0.1548767279812803,0.6398128920819788
2010,3,spco2_le_threshold,random,1000,10,391500,95988,95965,23.59816351041832,14.805146772232932,-0.0701312951349226,9.857122186562435,43.59786600959399,76.03827207575132,0.6335223367767991,0.7981153838287173
2010,3,spco2_le_threshold,spatial_coverage,1000,10,391500,95988,95965,23.188721456735408,15.147551475556789,0.429984535463191,10.407117913953584,44.441201131799886,73.0450279660513,0.6461292184215066,0.8049393906622809
2010,3,spco2_le_threshold,historical_density,1000,11,391500,95988,95965,32.909346734938566,19.73613468675128,-4.843597988626927,12.200175670988244,69.80561029895858,114.40540706844814,0.2872624818422209,0.6592222655299012
2010,3,spco2_le_threshold,random,1000,11,391500,95988,95965,24.006112227223717,15.749262664098062,-0.2887287430501424,10.7034574511772,46.52838734307493,78.10619419048803,0.6207419902030403,0.7915395004875657
2010,3,spco2_le_threshold,spatial_coverage,1000,11,391500,95988,95965,23.38361597719576,14.693215886897358,-1.2380644407912331,10.0347352631386,42.76503734153839,68.0814802301917,0.6401558574244238,0.8060118145889354
2010,3,spco2_le_threshold,historical_density,1000,12,391500,95988,95965,36.1786211018096,20.67080452042589,-5.435843628365928,12.255526331074291,73.65881337915862,139.21144806499416,0.1386193369072317,0.6337938232372737
2010,3,spco2_le_threshold,random,1000,12,391500,95988,95965,22.398219758816587,13.98770849818821,0.4793232914080519,9.545796017238615,40.17297417050906,67.45661594898024,0.6698448315779746,0.818628799594459
2010,3,spco2_le_threshold,spatial_coverage,1000,12,391500,95988,95965,22.270519783426675,14.173525623097202,0.1602132586575453,9.907648195239972,41.791868016809,69.99387558612213,0.6735987567278261,0.8207522257500091
2010,3,spco2_le_threshold,historical_density,1000,13,391500,95988,95965,35.2058670617706,20.683507790123954,-6.21178834359231,12.901835387783253,67.88976042546254,140.2831187702377,0.1843174208061379,0.6612787500068228
2010,3,spco2_le_threshold,random,1000,13,391500,95988,95965,25.573814464080293,15.909053367289214,1.1313891519217898,10.148518060287245,49.16786168378467,88.70908148851646,0.5695902331942675,0.7624521496205847
2010,3,spco2_le_threshold,spatial_coverage,1000,13,391500,95988,95965,28.35543211889559,17.175688837820097,1.3412924669679758,11.753636748736367,45.3928530860108,110.73202530149544,0.4708684742353322,0.7286670705649829
2010,3,spco2_le_threshold,historical_density,1000,14,391500,95988,95965,30.81459923240693,17.978744590057335,-4.085909723147533,11.230422364937963,58.49972838632466,93.91446452791564,0.3751091793950037,0.7026387193287575
2010,3,spco2_le_threshold,random,1000,14,391500,95988,95965,23.825745390046382,15.091612513975706,0.1429557885051366,10.253005310056608,42.39076785268992,72.41027237170817,0.6264195933765999,0.7919734763461033
2010,3,spco2_le_threshold,spatial_coverage,1000,14,391500,95988,95965,22.39690708454668,14.4979081140751,-1.1379639641258386,10.017141437266956,42.56773154166999,71.16619426039973,0.669883528715495,0.819019488727605
2010,3,spco2_le_threshold,historical_density,1000,15,391500,95988,95965,31.67613376398903,18.90892113328109,-3.543951456683563,12.09822529946092,61.36994790273891,108.38464900197644,0.3396785060742642,0.6776429668659735
2010,3,spco2_le_threshold,random,1000,15,391500,95988,95965,22.42501463201005,13.896890402530843,-0.4227694903476472,9.216046700447803,41.199975094841534,70.49944631931321,0.6690544332822362,0.8181277958120643
2010,3,spco2_le_threshold,spatial_coverage,1000,15,391500,95988,95965,24.815195045838102,15.90795625749548,-0.8937706599296279,10.552405625540644,47.155618523224206,82.67487678089267,0.5947467712048873,0.776730139129675
2010,3,spco2_le_threshold,historical_density,1000,16,391500,95988,95965,28.30248775018644,17.06782680905114,-1.478062934778516,11.570827276340252,48.02531722491105,82.65134637681349,0.4728425849137068,0.7191479063367711
2010,3,spco2_le_threshold,random,1000,16,391500,95988,95965,21.996613905623843,14.33392651059739,0.1176057462737457,10.44880386462819,39.71515348650096,66.32850274339371,0.6815782231531703,0.8256283348419197
2010,3,spco2_le_threshold,spatial_coverage,1000,16,391500,95988,95965,24.38823127136164,15.802341484217568,1.4964396936017237,11.10152748443329,44.19836804849167,78.46228309137521,0.6085721638073088,0.7836974090842764
2010,3,spco2_le_threshold,historical_density,1000,17,391500,95988,95965,32.58578244204441,18.98585509677194,-5.972389008366385,11.355733020392108,69.73229170578485,113.63484910541796,0.301208835993189,0.6783143750474796
2010,3,spco2_le_threshold,random,1000,17,391500,95988,95965,22.954132346185904,14.392593938301086,-0.2683347338636789,9.601490921794776,42.19132052513884,76.91576650272422,0.6532528819302328,0.8083641504465804
2010,3,spco2_le_threshold,spatial_coverage,1000,17,391500,95988,95965,21.70068593422901,14.094212885875184,-1.2184899468130777,10.047875396179506,39.37971152789785,66.55944151266878,0.6900882654044095,0.8313883089675587
2010,3,spco2_le_threshold,historical_density,1000,18,391500,95988,95965,30.323722377879683,18.82380342345928,-4.155197649064688,12.72419182213008,57.861035171566726,95.03393351144844,0.3948596371076701,0.6913001747992521
2010,3,spco2_le_threshold,random,1000,18,391500,95988,95965,21.760935757041075,13.752046200496013,0.8106667856962829,9.462997834420548,38.4792643417126,70.41622308723313,0.6883649975024839,0.8305008001058627
2010,3,spco2_le_threshold,spatial_coverage,1000,18,391500,95988,95965,26.14059928819981,17.09224943889593,1.161038490758159,11.436439177205386,51.148955230497,91.37444549949724,0.5503007355857379,0.7583227094984255
2010,3,spco2_le_threshold,historical_density,1000,19,391500,95988,95965,31.96239232641568,19.278207956446085,-4.175867449306111,12.381128857228193,64.15241919908942,109.3345864089438,0.3276898722343521,0.6767837357352574
2010,3,spco2_le_threshold,random,1000,19,391500,95988,95965,21.74399634970233,13.715521665081406,-0.4133848039597042,9.55671957318441,39.40740424185472,71.16656321148557,0.6888499819415992,0.8300864731606054
2010,3,spco2_le_threshold,spatial_coverage,1000,19,391500,95988,95965,26.280426409567717,16.358164197448293,-0.65002186570344,10.7485253822598,48.95833351864913,95.15906728357469,0.545476949629656,0.7561050857737235
2010,3,spco2_le_threshold,historical_density,5000,0,391500,95988,95965,31.5189920616687,16.999363097258396,-5.322917429900693,9.739527429564475,61.455130102597366,128.17403461045444,0.3462138151866144,0.6975438128336278
2010,3,spco2_le_threshold,random,5000,0,391500,95988,95965,26.31559299093212,13.648665101353586,1.1750501437738927,8.747691422051844,38.253867595496,82.32148557722023,0.5442597154859425,0.7534875383068638
2010,3,spco2_le_threshold,spatial_coverage,5000,0,391500,95988,95965,19.09332963058441,12.555048264226844,-1.150973412159786,8.895347557441369,35.742268428907465,60.93072860677492,0.7600866371372579,0.8725433264036943
2010,3,spco2_le_threshold,historical_density,5000,1,391500,95988,95965,31.511213616292,16.90535813545885,-4.4166976316835305,9.838616940554571,58.38019059509696,102.59203797635637,0.3465364658988581,0.7002259787511264
2010,3,spco2_le_threshold,random,5000,1,391500,95988,95965,18.741622502311973,11.779185496254136,0.0436616411179855,8.178310369897815,33.625217428706826,59.09887745062871,0.7688438409393575,0.877134252365891
2010,3,spco2_le_threshold,spatial_coverage,5000,1,391500,95988,95965,19.597262969051343,12.667602769439574,-0.6682816955276816,8.942521023922268,35.5719287976108,64.04968064220013,0.7472553693171768,0.8674121357580429
2010,3,spco2_le_threshold,historical_density,5000,2,391500,95988,95965,32.25984625568638,17.37439672597383,-5.032737470119047,9.741755846239188,62.691376265308136,132.73172414472074,0.315118107434859,0.6858272141437293
2010,3,spco2_le_threshold,random,5000,2,391500,95988,95965,18.85437628055065,11.671575664415377,-0.1756216745188294,8.234966782519848,32.94435083976276,58.18774324630195,0.7660541003073105,0.8756230417649072
2010,3,spco2_le_threshold,spatial_coverage,5000,2,391500,95988,95965,19.321087950388684,12.688375674892256,-0.4000653875125306,9.288427137283009,35.67054105795116,60.13034882228805,0.7543287970250363,0.8695733787808407
2010,3,spco2_le_threshold,historical_density,5000,3,391500,95988,95965,32.49852282986608,17.33165160870469,-5.255836678731542,9.951014780421303,59.993962628774376,140.69714369487926,0.3049463312436948,0.6842908834126922
2010,3,spco2_le_threshold,random,5000,3,391500,95988,95965,20.689126713994828,12.6108394948956,0.6563852902838264,8.655684983429126,35.558752066086065,69.43386753465315,0.7183074140779108,0.8480202175369271
2010,3,spco2_le_threshold,spatial_coverage,5000,3,391500,95988,95965,19.59958940578921,12.731540963403232,-0.4529755632545288,9.02572677866118,35.99945889961952,65.71576235704532,0.7471953579476157,0.8652923885808462
2010,3,spco2_le_threshold,historical_density,5000,4,391500,95988,95965,30.52605095268773,16.567178860868694,-4.7965098873815,9.791734784616269,56.80542831189063,98.5192913707304,0.3867573564133358,0.7105249121224193
2010,3,spco2_le_threshold,random,5000,4,391500,95988,95965,18.530608194571204,11.545907456239544,0.0327382850135177,8.146666220706265,32.16196592578768,57.23594393806293,0.7740197708476125,0.8797908607911386
2010,3,spco2_le_threshold,spatial_coverage,5000,4,391500,95988,95965,18.74740828133374,12.1156402609249,-0.2987277796756405,8.586688726481839,34.589061254686705,62.6636031785381,0.7687010971726652,0.8782943388907303
2010,3,spco2_le_threshold,historical_density,5000,5,391500,95988,95965,29.37085937673832,16.373109546544047,-3.553668155722807,9.961327146708356,54.07151263500577,109.12147719287636,0.4322927957883175,0.7182975943487313
2010,3,spco2_le_threshold,random,5000,5,391500,95988,95965,18.9390917929762,12.005442130795002,-0.1286707715877051,8.484483528948203,34.028528139217,61.21331030577011,0.7639470699831521,0.8740474548822489
2010,3,spco2_le_threshold,spatial_coverage,5000,5,391500,95988,95965,20.00411744034002,12.927880176568603,-0.655394815101927,9.195047835588468,36.57277257655839,64.16756259548744,0.7366520823469425,0.8599744334133627
2010,3,spco2_le_threshold,historical_density,5000,6,391500,95988,95965,30.231794435568798,16.18154601410674,-4.430402404813672,9.317928179672322,55.13836230643437,123.61091996910228,0.3985231046797748,0.7123940549167092
2010,3,spco2_le_threshold,random,5000,6,391500,95988,95965,18.99254642199324,11.766085536985717,0.1056187153786818,8.18061734821714,33.455496317234115,60.32682524892874,0.7626126946133123,0.8741038113493748
2010,3,spco2_le_threshold,spatial_coverage,5000,6,391500,95988,95965,19.170928432234764,12.313432143054014,-0.4218082917177469,8.738978347068837,35.207407417523974,60.12742465879454,0.7581325703241041,0.8712170354529826
2010,3,spco2_le_threshold,historical_density,5000,7,391500,95988,95965,30.37117555641897,16.730963781593992,-4.6510047641152745,9.80228624792528,60.68639866473323,109.36698627019258,0.3929642034381959,0.7113049069388039
2010,3,spco2_le_threshold,random,5000,7,391500,95988,95965,19.13842991857554,12.079101169810684,0.402310644955025,8.467072146500414,34.384735559593224,61.33727461414973,0.7589519014886321,0.8714083709851204
2010,3,spco2_le_threshold,spatial_coverage,5000,7,391500,95988,95965,19.72815983317211,12.655362220916984,-0.6181859757218491,8.93432080890392,36.19420639232566,60.585964015558325,0.7438677567097064,0.8638564156207167
2010,3,spco2_le_threshold,historical_density,5000,8,391500,95988,95965,29.59477875225157,16.112240271827854,-4.615062958626524,9.56752026850063,55.2112573600636,111.431865236866,0.4236035561500639,0.7221237341254069
2010,3,spco2_le_threshold,random,5000,8,391500,95988,95965,18.918107414990143,12.240074112995194,-0.0395450119679889,8.67094426459073,35.05272256046167,60.28141623080764,0.7644698701029476,0.8748533778979756
2010,3,spco2_le_threshold,spatial_coverage,5000,8,391500,95988,95965,19.34639896942653,12.534801909391811,-0.1656120548882765,8.85792278215115,35.28593945759914,61.75077358660688,0.7536847068487104,0.8694819314058847
2010,3,spco2_le_threshold,historical_density,5000,9,391500,95988,95965,28.80390627883648,16.304688771011104,-3.2935631091468025,10.022385220409262,56.78898328387227,92.8203392733356,0.4539984496335857,0.7255642237164048
2010,3,spco2_le_threshold,random,5000,9,391500,95988,95965,18.79953760889785,12.222493874434637,0.1535102140368726,8.643732910162612,34.50597331546067,60.48207788346912,0.7674130023424546,0.8760462183406774
2010,3,spco2_le_threshold,spatial_coverage,5000,9,391500,95988,95965,17.747627659128863,11.747864481414329,-0.1818970423839774,8.643430654267775,32.43439235899456,53.47737588002711,0.792713167586617,0.8904309404534652
2010,3,spco2_le_threshold,historical_density,5000,10,391500,95988,95965,29.87031518598014,16.49839582240006,-4.784806040770422,9.63026245273079,61.47262123343637,103.01586742844074,0.4128207390207055,0.7184377878070879
2010,3,spco2_le_threshold,random,5000,10,391500,95988,95965,18.537307187663465,11.860505070027251,-0.0096454041357643,8.411425888068436,33.35499041678844,58.836253723118,0.7738563532617417,0.879715055826939
2010,3,spco2_le_threshold,spatial_coverage,5000,10,391500,95988,95965,18.81643854756379,11.97233116821466,-0.5121088563035499,8.341036440763787,34.18213483327376,60.12773279680007,0.7669946191208296,0.8761296981444381
2010,3,spco2_le_threshold,historical_density,5000,11,391500,95988,95965,29.196889883283,16.227955452751818,-3.5820636635696865,9.740512865952384,54.879387702481374,95.53141806043192,0.4389981655410684,0.7191818631853588
2010,3,spco2_le_threshold,random,5000,11,391500,95988,95965,19.20759445303528,11.802962010155635,0.3496853386388344,8.001303339376477,34.10011245340862,65.29115509337974,0.7572065017780811,0.8704012534349871
2010,3,spco2_le_threshold,spatial_coverage,5000,11,391500,95988,95965,18.963032136853126,12.111132017907533,-0.2968196766412238,8.536617970094937,34.40786141132513,63.43408168286037,0.7633499177934597,0.8745199819354299
2010,3,spco2_le_threshold,historical_density,5000,12,391500,95988,95965,30.13452134472923,16.246246492468607,-4.460462427269717,9.598765198245133,52.808380073146246,131.46213286493744,0.4023874727453448,0.7109843257186997
2010,3,spco2_le_threshold,random,5000,12,391500,95988,95965,18.63591350190161,11.71458495984901,0.0672723049586712,8.209566483078902,32.914713345772306,57.34176806184257,0.7714440827197035,0.878662512256944
2010,3,spco2_le_threshold,spatial_coverage,5000,12,391500,95988,95965,18.11803110823304,11.589029066000831,-0.3219118967217417,8.378261896246443,32.49982613398088,57.73998474790192,0.7839704805563321,0.8854804126413802
2010,3,spco2_le_threshold,historical_density,5000,13,391500,95988,95965,30.81483230273139,16.579770232833713,-4.658043718583189,9.781495983721529,56.1584931053162,100.83721504649532,0.3750997264693949,0.7074532118949055
2010,3,spco2_le_threshold,random,5000,13,391500,95988,95965,21.39295153708683,12.138674238367978,0.6520877358119573,7.989530208594829,34.38834519968114,66.08988603712834,0.6988155732160053,0.8379520474268403
2010,3,spco2_le_threshold,spatial_coverage,5000,13,391500,95988,95965,19.639979235553227,12.722943703596176,0.1069740317962958,8.890726619504676,36.42424389312161,64.79560438130551,0.7461523506553991,0.8648243548448176
2010,3,spco2_le_threshold,historical_density,5000,14,391500,95988,95965,28.581494632407367,15.788160392600831,-2.88201215396188,9.66761829179751,51.49949979847971,103.19134872671728,0.4623978840356809,0.7306550566420632
2010,3,spco2_le_threshold,random,5000,14,391500,95988,95965,18.543139752553994,11.737398949484426,0.0346584322163667,8.19610077424477,33.43941251447555,59.60740203395125,0.7737140235279745,0.879628952820528
2010,3,spco2_le_threshold,spatial_coverage,5000,14,391500,95988,95965,18.888259630842985,12.520364856459324,-0.7658278037265859,9.031254889453749,35.24291519643455,60.68822912236698,0.7652124926643759,0.8750897541257593
2010,3,spco2_le_threshold,historical_density,5000,15,391500,95988,95965,27.767513411731716,15.5892286026656,-3.693626681191802,9.726614535258136,51.89958738427126,92.3635725454719,0.4925829242096898,0.744354002966416
2010,3,spco2_le_threshold,random,5000,15,391500,95988,95965,18.2219268314527,11.55784528397777,-0.0730047696769819,8.118736515155547,33.47011686204359,58.56371649898642,0.7814857849705524,0.8841779946248727
2010,3,spco2_le_threshold,spatial_coverage,5000,15,391500,95988,95965,19.99425854427488,13.12553595792096,-0.4695167860997314,9.419905188068697,36.41957527465895,64.3297220145584,0.7369115969161211,0.859296009523859
2010,3,spco2_le_threshold,historical_density,5000,16,391500,95988,95965,29.70231027251702,16.26071760253351,-3.721874515679792,9.698157850944426,56.48701178939757,97.30090758633284,0.4194073167502193,0.7156338248293322
2010,3,spco2_le_threshold,random,5000,16,391500,95988,95965,19.064507347190208,11.836918549492085,-0.2981141811001879,8.21363053434294,33.36819494480706,62.24235340683158,0.76081041155702,0.8723275707257867
2010,3,spco2_le_threshold,spatial_coverage,5000,16,391500,95988,95965,19.167998377855703,12.122635598465406,-0.0482641436136754,8.480165329385159,34.2965091950052,58.42033853630627,0.7582064979449653,0.8715114957392706
2010,3,spco2_le_threshold,historical_density,5000,17,391500,95988,95965,33.27915114468296,17.72978376451434,-5.927355366506339,9.963846875692411,63.4651449739219,143.57139399802136,0.2711543302430472,0.6812649713003649
2010,3,spco2_le_threshold,random,5000,17,391500,95988,95965,18.6407945956186,11.518857559221244,0.3203130759971249,7.976761008224514,31.585542736722616,58.20068605378117,0.7713243409157601,0.8782904737799653
2010,3,spco2_le_threshold,spatial_coverage,5000,17,391500,95988,95965,19.10953598578862,12.63729606849221,-0.7812133300869827,9.28303347840398,34.804042497736205,57.59725879615722,0.7596791889483603,0.8720092321273113
2010,3,spco2_le_threshold,historical_density,5000,18,391500,95988,95965,31.471349740251654,17.09228328655587,-4.721570301736649,9.991658551064404,58.95648197933701,128.8224638665032,0.3481887737005505,0.6950231101723987
2010,3,spco2_le_threshold,random,5000,18,391500,95988,95965,19.00269802211479,11.84316063217733,0.2090166499896602,8.442495983679692,32.99380980593567,57.9294085964877,0.7623588576621901,0.8734347243755165
2010,3,spco2_le_threshold,spatial_coverage,5000,18,391500,95988,95965,19.89593318910966,12.58406187108426,-1.2683781370442,8.923133415512666,36.00543792962433,63.908654939386565,0.7394928033868138,0.8609174048273925
2010,3,spco2_le_threshold,historical_density,5000,19,391500,95988,95965,28.8834706314742,16.031013734938647,-4.048736787873041,9.620516930170195,56.76521860129235,94.13895299238855,0.4509778690748806,0.7287807241070836
2010,3,spco2_le_threshold,random,5000,19,391500,95988,95965,18.36276528092927,11.271401850084528,0.2468040285140604,7.833248501981814,32.296839726414944,57.702270024940496,0.7780949103077449,0.8821611735335395
2010,3,spco2_le_threshold,spatial_coverage,5000,19,391500,95988,95965,18.894710038520103,12.2882716895371,-0.400048330863748,8.677744384002551,35.20631444354435,60.10015262149826,0.7650521037488558,0.8753209266860732
2010,4,all,historical_density,1000,0,384012,103476,103476,35.48232910774996,19.93064833786585,0.7178528155985491,13.260682227042167,56.61645229201304,119.34948077241144,0.3225432594130503,0.63485748524279
2010,4,all,random,1000,0,384012,103476,103476,28.167373323930285,15.81156886162151,-0.3990752095635621,10.716601277322953,45.15467616698108,82.05543875030287,0.5730765321717475,0.7571520209938056
2010,4,all,spatial_coverage,1000,0,384012,103476,103476,29.05618716508786,16.422535988121606,-2.0933969399510315,10.86983661156549,47.85094142920592,86.92614167731742,0.5457085351288166,0.7431736841799219
2010,4,all,historical_density,1000,1,384012,103476,103476,34.688792947719165,19.99104451037575,-1.9172503569418955,13.103067236855908,59.71413376418441,111.04018354157786,0.352506064656174,0.6359483240750183
2010,4,all,random,1000,1,384012,103476,103476,28.215602832345223,16.183505995175075,0.0997215991183244,10.796760238103587,48.39766119393438,83.71658155400839,0.571613283426651,0.7560549639131677
2010,4,all,spatial_coverage,1000,1,384012,103476,103476,27.894249014354777,16.205920453981122,0.3773972061153127,11.062616455641574,46.90969413358288,81.38450866167194,0.5813156999491861,0.7628751146775593
2010,4,all,historical_density,1000,2,384012,103476,103476,34.45205527312413,19.528855267515965,-4.088414990418,12.69070628712575,59.945429240707554,93.96439944467272,0.3613137016978665,0.653808483503149
2010,4,all,random,1000,2,384012,103476,103476,28.500111509486068,16.87816957284895,0.0671319924667649,11.261967209981009,50.1673144574727,78.56472216363176,0.562930554321758,0.7507579302266075
2010,4,all,spatial_coverage,1000,2,384012,103476,103476,30.337264467271183,18.33814732787321,0.1598355832369246,12.50628184916394,53.69187224113303,91.1246048306527,0.5047663299688379,0.716488979917876
2010,4,all,historical_density,1000,3,384012,103476,103476,35.754135090579496,20.922900155680583,-2.86182172682742,13.645638091982336,62.76688790500207,100.140145349249,0.312124435553234,0.6271002932973021
2010,4,all,random,1000,3,384012,103476,103476,28.866151812190665,16.349844009833628,-2.1457081283637147,11.00800990855558,46.53139456611015,85.70008783181734,0.5516314817860251,0.7451072503859019
2010,4,all,spatial_coverage,1000,3,384012,103476,103476,28.28669560640197,17.071004641787233,-0.2969406226013831,12.136527163657831,48.10131617268601,80.28073105922627,0.5694518149588341,0.7546828766157554
2010,4,all,historical_density,1000,4,384012,103476,103476,33.43990340874284,19.23709767953125,-3.8870436140041376,12.89070677490011,56.62602791349228,114.9517010544382,0.3982898224509625,0.660938859837049
2010,4,all,random,1000,4,384012,103476,103476,28.801855884691097,16.76757704060643,0.5693697136355549,11.347722521998575,49.837560720274624,87.82198832616909,0.5536266326570305,0.7441808203292735
2010,4,all,spatial_coverage,1000,4,384012,103476,103476,29.27377371694781,17.3036745934579,0.447775134916831,11.252492387632856,51.732846260854245,88.04303655390457,0.538879158502943,0.7401207755591894
2010,4,all,historical_density,1000,5,384012,103476,103476,36.67573798642345,22.42595577630189,-1.8951534756158064,14.775620130579595,71.25612908355042,113.08357444704215,0.276205878327617,0.6115337456729603
2010,4,all,random,1000,5,384012,103476,103476,28.234275081459124,15.81924153113462,-1.8886556521843707,10.521508015605775,46.80165049181791,82.56411434383874,0.571046108571783,0.758199449360178
2010,4,all,spatial_coverage,1000,5,384012,103476,103476,28.39377943669485,16.426880625339674,-1.0263209846357526,11.09684733622464,49.96082846972144,81.78482272309014,0.566185826036758,0.7529163430449467
2010,4,all,historical_density,1000,6,384012,103476,103476,36.23083476514575,20.59140362877901,-2.7473875573682736,13.091033124073306,63.54997149794015,133.02864766414302,0.2936596609214579,0.6240111037392878
2010,4,all,random,1000,6,384012,103476,103476,28.4606216633662,16.53212617174998,-0.8573227576137422,11.272415670272352,49.27414370497101,82.49434776421418,0.5641409248515039,0.7517069878907359
2010,4,all,spatial_coverage,1000,6,384012,103476,103476,30.446706483615284,17.18582354081799,2.1214392572131384,11.03861833570673,51.48563020342726,106.10894682428628,0.5011867630712682,0.7199365303262988
2010,4,all,historical_density,1000,7,384012,103476,103476,34.35515665740984,20.371737128124845,-2.0445842552231097,13.23762181544339,61.38181213404688,96.9242866823854,0.3649013417362741,0.6489966441108171
2010,4,all,random,1000,7,384012,103476,103476,28.47297344035391,16.71538279213389,1.6004972219347746,11.256314820316137,49.43789938107709,82.74032417646644,0.563762521147324,0.7518587565988878
2010,4,all,spatial_coverage,1000,7,384012,103476,103476,28.29069025558088,16.31052334154258,-0.8057921150157942,11.541239830785829,46.19788199209047,77.58269321957007,0.569330202281326,0.7547725808165975
2010,4,all,historical_density,1000,8,384012,103476,103476,34.35847110020427,19.574950892305964,-2.0484547096195347,12.52729844786822,60.70598746119735,119.4450534024043,0.3647787924646545,0.6465423988904926
2010,4,all,random,1000,8,384012,103476,103476,28.276758995557294,15.70859194248195,0.5141553040559904,9.992556916446858,49.46184671303193,84.78016667805683,0.5697542496014898,0.75524253475485
2010,4,all,spatial_coverage,1000,8,384012,103476,103476,27.447795422710715,15.976930191489089,-0.3990179971300089,10.595620409685893,47.7032039283514,78.56177392794793,0.5946107154689543,0.7712134465586873
2010,4,all,historical_density,1000,9,384012,103476,103476,33.70329517554799,18.867977528897367,-2.423665877880709,12.284523817803915,55.223487128770586,94.95759201321276,0.3887736664990734,0.6624108224173714
2010,4,all,random,1000,9,384012,103476,103476,28.394138287766904,16.13973791175454,-0.890184406613902,10.6274706197552,47.65473241961138,84.17256477576946,0.566174860559937,0.752764604726411
2010,4,all,spatial_coverage,1000,9,384012,103476,103476,28.84933245813141,16.974493615785185,0.0919932949783022,11.602965369076344,48.12153471427658,84.7447386528209,0.5521538286427635,0.749477968863744
2010,4,all,historical_density,1000,10,384012,103476,103476,34.347543005795195,19.92646476122982,-3.155752736469698,12.814246718066414,61.20431241970523,103.64567086255768,0.3651828065638113,0.6409383819654646
2010,4,all,random,1000,10,384012,103476,103476,28.290447036815237,16.4180524453047,0.2632212128680921,10.933120234913076,49.089853109514,79.913004779826,0.5693376072986935,0.7546785725680946
2010,4,all,spatial_coverage,1000,10,384012,103476,103476,29.121112929526056,17.480867531419914,1.5420770380379354,12.376196209510397,48.84349522149087,86.72042158925758,0.5436760472557902,0.7386793429224782
2010,4,all,historical_density,1000,11,384012,103476,103476,35.49639582946462,20.21953948948026,-4.200957346282676,13.21558559805925,63.90500411021142,117.64182381111117,0.3220060069465954,0.6442009884059572
2010,4,all,random,1000,11,384012,103476,103476,27.621456402353896,15.861630195667278,-1.9197025103647716,10.7516698889996,46.74457175475001,80.79908632735464,0.5894647276776797,0.7692019702013547
2010,4,all,spatial_coverage,1000,11,384012,103476,103476,29.13259803262319,17.14241365388537,0.0831790355243104,11.429248782959291,51.00626751859217,87.72363085006819,0.5433160362120617,0.7382278960307226
2010,4,all,historical_density,1000,12,384012,103476,103476,32.03330797194266,17.94965759781633,-1.9639445768119856,12.33016901792007,50.57888222089966,89.95035015478159,0.4478451300213021,0.6862703120509634
2010,4,all,random,1000,12,384012,103476,103476,28.970313309563785,16.46681026141856,-2.334238247273801,10.960804177936978,49.20528088353905,84.84851711822604,0.5483898305731287,0.7426230937694978
2010,4,all,spatial_coverage,1000,12,384012,103476,103476,27.795492678392552,15.634831414571964,-1.022683285982346,10.301209102769777,46.86842415023162,81.63712444206752,0.584275057913832,0.7655157848549402
2010,4,all,historical_density,1000,13,384012,103476,103476,36.03515916882221,20.50953595015445,-4.423897563517564,12.902707618869073,64.91899625929607,125.88843950562917,0.3012686677707544,0.6265525161815426
2010,4,all,random,1000,13,384012,103476,103476,27.088967945581675,15.530294196706622,-0.4152096697054462,10.534762033605489,44.6742651198788,76.86543995739656,0.6051408126774172,0.7783198531695986
2010,4,all,spatial_coverage,1000,13,384012,103476,103476,28.420049916619664,16.649924254189045,0.256679203347313,11.26316001261543,48.83737216662155,85.6390870741545,0.565382707965846,0.7526626197134354
2010,4,all,historical_density,1000,14,384012,103476,103476,37.04345965761814,21.98920796323895,-4.481466868292662,13.561640038488632,74.13177018441027,106.46647675801768,0.2616191748803009,0.6094391122267685
2010,4,all,random,1000,14,384012,103476,103476,28.67741240703265,16.93060702469718,-0.0345184882220505,11.213318198946295,49.91781622082118,85.4763070052639,0.5574755687390203,0.7467261419952116
2010,4,all,spatial_coverage,1000,14,384012,103476,103476,26.858923106461575,15.713901728011496,-0.817155170308141,10.830829593045223,46.26276582455459,77.47534205963551,0.611818780086002,0.7833958112061686
2010,4,all,historical_density,1000,15,384012,103476,103476,35.41592375536004,20.789123801433742,-3.751267172793266,13.309169638441093,66.0581035944419,96.82183986572848,0.3250766138039916,0.6395115022770868
2010,4,all,random,1000,15,384012,103476,103476,29.135562232928333,16.95243686324631,0.4652927570501952,11.205864465827432,51.29384086528333,83.90570726046805,0.5432230975999983,0.7372058307526025
2010,4,all,spatial_coverage,1000,15,384012,103476,103476,28.48076849607573,17.12403409867564,0.6166874960576418,11.76096615197318,50.28899586807961,84.01977465471003,0.5635236306822918,0.7509189649414622
2010,4,all,historical_density,1000,16,384012,103476,103476,36.75880404525436,21.30822067223556,-6.621313156970618,13.302357609622817,71.46964841509218,117.07978707094122,0.2729235552603951,0.6171816292923015
2010,4,all,random,1000,16,384012,103476,103476,28.48011119490462,16.09921567975938,-1.318427649599593,10.555247467979768,48.478348121865,84.03128371348339,0.563543777127297,0.7515814784727474
2010,4,all,spatial_coverage,1000,16,384012,103476,103476,27.04548029727208,15.66592059537837,-0.664348405367957,10.953239262896318,46.45125979138683,76.87776830991878,0.6064075803338607,0.7792959323877231
2010,4,all,historical_density,1000,17,384012,103476,103476,35.88824465373039,20.644777781718275,-5.032119632927119,13.318317074216251,66.73702535206672,109.35275723430286,0.306954476779367,0.6305720823367333
2010,4,all,random,1000,17,384012,103476,103476,27.74514755022456,15.83566786237356,-0.7115124298305957,10.224675953221862,49.20946127162729,81.07925111377294,0.5857796738634162,0.7663267727786215
2010,4,all,spatial_coverage,1000,17,384012,103476,103476,31.0181110438306,17.921874622289735,0.4359207936111798,11.598286767785169,54.291983998569975,97.85577495865309,0.4822882503446666,0.7027452405111302
2010,4,all,historical_density,1000,18,384012,103476,103476,37.46143922574495,21.98781621143712,-2.701658473143392,14.80084427472454,63.93290207782079,134.99632119413454,0.2448621385477046,0.606516862586148
2010,4,all,random,1000,18,384012,103476,103476,28.2094087042422,16.254202998786404,-1.1957848244887868,10.968198246487816,47.90457111953285,78.101255515673,0.5718013489419201,0.7567732807753563
2010,4,all,spatial_coverage,1000,18,384012,103476,103476,26.82285926086415,15.856794894523995,0.4216384494071289,11.009801729592368,46.03403136018494,76.59864053857338,0.612860512771404,0.7831225909693281
2010,4,all,historical_density,1000,19,384012,103476,103476,35.40504262531236,20.890966964663733,-1.2502969065527645,13.807883599388816,64.59918822463713,118.01406214840364,0.3254912747920714,0.6187067101836232
2010,4,all,random,1000,19,384012,103476,103476,28.877740856612142,16.43507316834536,-0.2362387213515451,10.876361468672542,49.76127758867156,89.80927120131366,0.5512713918250323,0.742659183532554
2010,4,all,spatial_coverage,1000,19,384012,103476,103476,27.66478061752524,15.38850089853111,-2.02526469125973,10.519214778843777,44.55219032251769,91.35213933042182,0.5881758696996626,0.7687998402900443
2010,4,all,historical_density,5000,0,384012,103476,103476,30.598846329921702,16.38876418037602,-3.597755037489056,10.665893322751884,50.61784732506312,83.61003918933707,0.4961892454640283,0.7210296410145424
2010,4,all,random,5000,0,384012,103476,103476,23.90483064834579,12.399874627705934,-0.9782375530241564,8.315780148910932,36.17340926182342,64.72482257782038,0.6925116462061822,0.8336640520215287
2010,4,all,spatial_coverage,5000,0,384012,103476,103476,29.225262486116165,13.806158170917149,0.0809019633760908,9.023097424451976,39.2478174392829,67.39046846389571,0.5404061911898006,0.7431753163742422
2010,4,all,historical_density,5000,1,384012,103476,103476,32.70294899787689,17.018746805839474,-3.9478652238891696,10.546745664445297,51.15590583189976,108.98797798833937,0.4245187703980927,0.6897905002650966
2010,4,all,random,5000,1,384012,103476,103476,24.150301040575023,12.572994944137353,-0.2321911269299129,8.375852516715895,37.68228345346338,64.29142475537824,0.6861642410979297,0.8290508922439224
2010,4,all,spatial_coverage,5000,1,384012,103476,103476,24.870336819942413,13.981640693047137,-0.2989685865259153,9.573349638803734,41.65302462868503,69.6705227025284,0.6671713812144853,0.8168644165217571
2010,4,all,historical_density,5000,2,384012,103476,103476,32.61366288832845,17.248273579210824,-4.523367495255054,10.476985078161364,54.43240485466437,105.2006798175907,0.4276568566594844,0.6909308929845774
2010,4,all,random,5000,2,384012,103476,103476,23.98581584869373,12.82508751820248,-0.7197431310445844,8.461332516498857,38.03376998664106,65.71397204680439,0.6904246882998373,0.832667180474916
2010,4,all,spatial_coverage,5000,2,384012,103476,103476,25.00594682405595,14.308190292853574,-0.0434300170278451,9.88157870776837,41.62197568495246,74.98858287141894,0.6635318693122761,0.8147753372488032
2010,4,all,historical_density,5000,3,384012,103476,103476,32.978832865519706,17.82971030991209,-4.836312117694176,10.959750225706388,56.68797959865421,110.93021324255945,0.4147682328139548,0.6898925907194081
2010,4,all,random,5000,3,384012,103476,103476,24.037034274724864,12.88758358737184,-0.6701365330898182,8.71641391853558,38.00929617441966,65.15523899662827,0.6891011653127804,0.8328399206658931
2010,4,all,spatial_coverage,5000,3,384012,103476,103476,26.37867883024953,14.396817022437656,-0.2690185606482141,9.911566978431525,40.57432389785062,67.73081062830397,0.625576232231982,0.7914750233644015
2010,4,all,historical_density,5000,4,384012,103476,103476,31.697722548197707,16.75664910551711,-4.824934976948322,10.536937513243345,51.50445055485771,86.39517175656336,0.459353434897063,0.7050814141069
2010,4,all,random,5000,4,384012,103476,103476,23.956957553138107,12.98766423346516,-0.3868393240312647,8.564123980075834,39.18672104767839,67.21741801429809,0.6911691650841412,0.8327014677632716
2010,4,all,spatial_coverage,5000,4,384012,103476,103476,27.16989859906958,13.998751888183786,-0.1258957287664973,9.21411051829216,39.06524299455568,76.11414336298827,0.6027779357959624,0.7784099588348865
2010,4,all,historical_density,5000,5,384012,103476,103476,34.1562690347143,18.422830192737145,-5.886037175953271,10.732902521212084,64.61017149788222,112.5446346618744,0.3722334368569218,0.6721337845921299
2010,4,all,random,5000,5,384012,103476,103476,25.4261365328972,13.08241254741271,-0.4086971759097456,8.550324351757212,37.800696368658336,67.58833084134365,0.6521291180802149,0.8076096838191495
2010,4,all,spatial_coverage,5000,5,384012,103476,103476,29.138417019450124,15.50666413361374,0.132385617299422,10.706055851960343,43.26317755955148,77.80518166799308,0.5431335805747985,0.7467983698194319
2010,4,all,historical_density,5000,6,384012,103476,103476,36.85465237564442,19.498475116032647,-6.623565046309495,11.045281684881443,73.97604648314794,132.002262876479,0.2691269181289738,0.6434877237876019
2010,4,all,random,5000,6,384012,103476,103476,24.001094941953703,13.09650274202112,-0.5483123340804782,8.884926740728417,38.54858835705426,64.45850230127809,0.6900301604158953,0.8314621894568297
2010,4,all,spatial_coverage,5000,6,384012,103476,103476,26.042695710875343,14.763950242834971,0.0005275788353804,10.045788711793053,42.87509623810786,74.14271870081843,0.635053500869142,0.7969791937633671
2010,4,all,historical_density,5000,7,384012,103476,103476,31.553241697296865,16.920016508993985,-3.954903766323052,10.425801230635528,53.378109484679314,91.76060554774656,0.4642708262145036,0.7055536370573118
2010,4,all,random,5000,7,384012,103476,103476,23.47910489691505,12.638083636084366,-0.0696778959588174,8.706625753348192,36.46524594061563,61.48689734260162,0.7033663600360567,0.8399608135992971
2010,4,all,spatial_coverage,5000,7,384012,103476,103476,26.64958007866003,14.566852850951191,0.6795621362599611,9.780175024795112,42.40578752262853,75.41955806068388,0.6178462997021901,0.7869482952345038
2010,4,all,historical_density,5000,8,384012,103476,103476,33.212342434150564,18.128166282106765,-5.173101739497038,10.964853128640982,59.73585461476911,103.8665440726812,0.4064513208798795,0.6864174656565101
2010,4,all,random,5000,8,384012,103476,103476,24.086115293007232,12.980254989287763,-0.6931860140012269,8.823658101981295,38.256558895054766,70.20390926683294,0.687830225640037,0.8319048257006157
2010,4,all,spatial_coverage,5000,8,384012,103476,103476,26.96842666207233,14.647674767804489,0.2941474398672947,9.865746401163136,41.8662293210147,78.89316843966294,0.6086471060473924,0.7830948067343166
2010,4,all,historical_density,5000,9,384012,103476,103476,32.20904461917715,17.18752568270991,-4.127327226225468,10.77283704898585,53.021080582723,88.68701583425842,0.4417702024842835,0.6948295676889646
2010,4,all,random,5000,9,384012,103476,103476,24.710366596620485,13.19608484882793,-0.9373685634350524,8.631873766247452,40.146446158037264,69.80049100273338,0.6714392313786124,0.8210449948737668
2010,4,all,spatial_coverage,5000,9,384012,103476,103476,26.570936959373,14.813659469543577,0.5250791836750098,10.056067362905225,42.5414404799489,79.27735646606519,0.620098448855078,0.7887974183164974
2010,4,all,historical_density,5000,10,384012,103476,103476,34.59249007472624,18.340099396191537,-5.833960516929273,11.090758212627122,55.513408634383936,137.2726244447613,0.3560962138288712,0.6629993636178789
2010,4,all,random,5000,10,384012,103476,103476,23.81993852898077,12.951498106884456,-0.9970458948178592,8.693504816779694,38.59297354424112,66.5896717704837,0.6946917066825317,0.8354558052455205
2010,4,all,spatial_coverage,5000,10,384012,103476,103476,25.63767352348349,14.151188284127926,-0.5258687654286103,9.621828885814637,41.33976904275603,72.38832172356385,0.6463166997149152,0.8042604344801433
2010,4,all,historical_density,5000,11,384012,103476,103476,34.9055208373006,18.485749839028017,-6.17386582976941,10.572459390493634,65.67303880815702,123.5678276362534,0.34438999271988,0.6717878639508131
2010,4,all,random,5000,11,384012,103476,103476,23.727238467553075,12.9008872306956,-1.051056355420482,8.796685790509514,37.232885799211786,67.47035395527104,0.6970634194281449,0.8364416523917863
2010,4,all,spatial_coverage,5000,11,384012,103476,103476,24.39539463912735,14.00372058534454,-0.5093669388209744,9.798811492872574,40.364962446941774,68.12116920048129,0.6797618820470275,0.8255351377690379
2010,4,all,historical_density,5000,12,384012,103476,103476,34.05096581593222,17.930116216578316,-5.363422733898244,10.839520638064188,56.12559717938073,135.52960120546774,0.376098258161865,0.6720723567880496
2010,4,all,random,5000,12,384012,103476,103476,24.348412221559716,13.071166237488152,-0.5757214780766451,8.752176918879627,38.898900829144765,70.3893402267944,0.6809941698034395,0.8264441176773599
2010,4,all,spatial_coverage,5000,12,384012,103476,103476,25.603355662424097,14.299062100682002,-0.4363553189731434,9.610830603702992,41.57212749810455,76.29011975462745,0.6472629268199244,0.8046220020931375
2010,4,all,historical_density,5000,13,384012,103476,103476,31.355711634367676,16.819923929994868,-3.980153322596269,10.810004277834937,50.89498458609359,84.98301746915067,0.4709573899773016,0.708675720820612
2010,4,all,random,5000,13,384012,103476,103476,24.95321034250442,13.20662642842438,-0.3421020921417027,8.616437648491285,39.23276196702835,72.22472494978466,0.6649495668436924,0.8158740646156065
2010,4,all,spatial_coverage,5000,13,384012,103476,103476,24.05698644863371,13.671916996129424,-0.7889091525184011,9.390655404752408,40.1170629573687,66.10128678691366,0.6885848219052124,0.8303298669221688
2010,4,all,historical_density,5000,14,384012,103476,103476,34.23519087344555,18.56820369603063,-5.3118228759181125,10.851083416139318,65.56813199556017,112.22391835065253,0.3693290370571981,0.6728473497003852
2010,4,all,random,5000,14,384012,103476,103476,24.294262463092576,13.329795307034953,-1.380871620319881,8.949742735228597,39.36624506311122,67.13934812018294,0.6824115008478637,0.82813608394162
2010,4,all,spatial_coverage,5000,14,384012,103476,103476,25.931259591566263,14.191364162848316,-0.6499103112174466,9.567786889698112,40.45253661240287,70.28266533882062,0.6381700148320908,0.799785232261106
2010,4,all,historical_density,5000,15,384012,103476,103476,32.151181359734046,17.30958656980336,-3.918102838955891,11.037454759418525,52.959940122966856,86.30250698437214,0.4437741105020348,0.6961000135758179
2010,4,all,random,5000,15,384012,103476,103476,25.011526480142525,13.210098007060967,-0.6203869977590525,8.756899823733647,39.03160649883279,71.4893972457553,0.6633816981614682,0.8155917055409093
2010,4,all,spatial_coverage,5000,15,384012,103476,103476,26.29635962079269,14.098622070315312,0.4424878833440024,9.467420705131673,39.70058685882006,76.18228746907508,0.6279094935499099,0.7932353297428532
2010,4,all,historical_density,5000,16,384012,103476,103476,31.1335151720482,17.00716122792473,-3.895342456619376,11.046930041062096,53.34229540582078,86.5139499902654,0.4784287492367471,0.7126497706080912
2010,4,all,random,5000,16,384012,103476,103476,23.88420695778899,13.010349149296768,-0.7557488140267437,8.7538578850492,38.82692419227652,66.81224890830795,0.6930419832911578,0.8342131965513746
2010,4,all,spatial_coverage,5000,16,384012,103476,103476,24.849149175278047,14.636370558676669,0.0870201540556178,10.083064340411084,43.57300388264564,72.76024834075558,0.6677382292420636,0.8172980019591221
2010,4,all,historical_density,5000,17,384012,103476,103476,32.38270266232611,17.224762455269484,-5.128246420548963,11.0084205540806,53.14199070188003,85.08730080136664,0.4357344799814089,0.697858517806546
2010,4,all,random,5000,17,384012,103476,103476,23.826598630028723,12.614534826844034,-1.1093308008576643,8.53900420647156,37.110168344272125,65.38276695005077,0.6945209532315211,0.8368509417104277
2010,4,all,spatial_coverage,5000,17,384012,103476,103476,28.53979583254072,15.111983012544108,0.6030464953144152,10.008208762710638,41.80941834401615,82.47317509851547,0.5617125323669478,0.7586064380517884
2010,4,all,historical_density,5000,18,384012,103476,103476,32.32736595906911,17.545939098429525,-4.675452702019674,10.897545684590284,54.124398820583934,106.00395312014231,0.4376613058626126,0.6921616810281151
2010,4,all,random,5000,18,384012,103476,103476,27.18300800589562,13.759036211573584,0.0106999930649813,9.052238147401994,39.60000038034045,72.43837440916192,0.6023945260540057,0.7770792030413894
2010,4,all,spatial_coverage,5000,18,384012,103476,103476,25.56526129788488,14.385214071889546,-0.2767609416207467,9.943368872449383,42.30483418391488,72.43554674609072,0.6483117970056738,0.8052056192355177
2010,4,all,historical_density,5000,19,384012,103476,103476,34.13942097449608,17.61544495460594,-4.936953048835972,11.051924261013454,53.95319125278132,109.88179294625586,0.372852593493008,0.6719026947438671
2010,4,all,random,5000,19,384012,103476,103476,24.368431648802407,12.81636095404396,-0.2882672781436381,8.623599221093826,37.61525634680768,67.46992556304266,0.680469376697055,0.8257292110647384
2010,4,all,spatial_coverage,5000,19,384012,103476,103476,24.36212186155507,13.785143258308556,-0.5778985991950499,9.39133185807546,40.55266090808495,70.24245263070841,0.6806348292181492,0.8256104359326618
2010,4,spco2_le_threshold,historical_density,1000,0,384012,103476,103462,32.321844794406466,19.776453330315874,0.8748418829593584,13.25899494719809,56.5423212203654,118.69538283799604,0.3736575703760012,0.6772631513656023
2010,4,spco2_le_threshold,random,1000,0,384012,103476,103462,24.377460145439567,15.65890329805656,-0.2443240985403323,10.714023657802642,45.118068799640334,81.73391743210195,0.6437158832640316,0.8024762575897952
2010,4,spco2_le_threshold,spatial_coverage,1000,0,384012,103476,103462,25.91336016776637,16.278574520048377,-1.9474965189610352,10.868523555287029,47.79310766086282,86.55672600770292,0.5974062631991813,0.7779712282603717
2010,4,spco2_le_threshold,historical_density,1000,1,384012,103476,103462,31.36606022652764,19.832551609977305,-1.756311794192556,13.101106399738969,59.62811766019522,110.8039307025977,0.4101528360034863,0.6805070298378596
2010,4,spco2_le_threshold,random,1000,1,384012,103476,103462,24.421804841826287,16.029874006074152,0.2555569593731029,10.795654741328208,48.326221103190335,83.32517586746621,0.6424184813983405,0.8015458233495396
2010,4,spco2_le_threshold,spatial_coverage,1000,1,384012,103476,103462,24.07612355365116,16.053747363365538,0.5318142746864876,11.061416360490256,46.86218259261654,81.08147712326206,0.6524696975195641,0.8081630412457445
2010,4,spco2_le_threshold,historical_density,1000,2,384012,103476,103462,31.03533284014911,19.369596747804117,-3.927067141639638,12.687739904402662,59.906911610278925,93.46446353960134,0.4225260919196576,0.7001048727170553
2010,4,spco2_le_threshold,random,1000,2,384012,103476,103462,24.95863851664956,16.72918812336698,0.2184064018945535,11.2593362471396,50.14214294208406,78.38749472605443,0.6265251738577144,0.7920325340205407
2010,4,spco2_le_threshold,spatial_coverage,1000,2,384012,103476,103462,27.250866710529017,18.19191223274544,0.3085737399791612,12.50383793218714,53.62363202711098,90.67278398483784,0.5547743356207031,0.7517890022872472
2010,4,spco2_le_threshold,historical_density,1000,3,384012,103476,103462,32.51085634313287,20.764581519278245,-2.701059148707312,13.642689400519828,62.70897725301887,99.8218000120284,0.3663107062442796,0.6711638917004759
2010,4,spco2_le_threshold,random,1000,3,384012,103476,103462,25.187599091052352,16.197380121063023,-1.9913222015275351,11.00618232740581,46.47949971212217,85.47208606045403,0.619641526532235,0.7895838047839714
2010,4,spco2_le_threshold,spatial_coverage,1000,3,384012,103476,103462,24.663511176504382,16.921537926461035,-0.1452041184032463,12.134071643054028,48.06482010929079,79.9968333888197,0.6353053771182042,0.7970961387641237
2010,4,spco2_le_threshold,historical_density,1000,4,384012,103476,103462,30.058279275286804,19.080040160928544,-3.727908996979624,12.888489346700736,56.566832841627935,114.36597935755658,0.4583137870078181,0.7053899784975697
2010,4,spco2_le_threshold,random,1000,4,384012,103476,103462,25.291464396017265,16.61670684296254,0.7225858668434139,11.345434978727866,49.81246465323716,87.27443853035221,0.6164981142823369,0.7853762753384521
2010,4,spco2_le_threshold,spatial_coverage,1000,4,384012,103476,103462,26.790085004706334,17.18052526856956,0.5733265039972135,11.250506206377535,51.67339570445464,87.63962547256045,0.5697035779873245,0.7633258094589452
2010,4,spco2_le_threshold,historical_density,1000,5,384012,103476,103462,33.62880809639541,22.27020521279459,-1.736624778762839,14.772871913425888,71.2017588489473,112.8972252291847,0.3219800051067258,0.6525009136421561
2010,4,spco2_le_threshold,random,1000,5,384012,103476,103462,24.373629621004905,15.665207646614784,-1.732736745121909,10.519841546541386,46.72293858482398,82.283772982328,0.6438278430647726,0.8051214304460854
2010,4,spco2_le_threshold,spatial_coverage,1000,5,384012,103476,103462,24.5831886432902,16.271973334901322,-0.8693297615944181,11.095597259291653,49.921956991391234,81.4551557896987,0.6376769369220039,0.798867418643421
2010,4,spco2_le_threshold,historical_density,1000,6,384012,103476,103462,32.99567533025155,20.430997050983848,-2.584566409731046,13.089068527669356,63.510759379589096,132.58375151490196,0.3472699682401449,0.6684928458087106
2010,4,spco2_le_threshold,random,1000,6,384012,103476,103462,24.97036374089124,16.384295591819516,-0.7073711356794664,11.270444012610056,49.23145264591787,82.14618842415908,0.6261741847845724,0.7919193892981309
2010,4,spco2_le_threshold,spatial_coverage,1000,6,384012,103476,103462,27.198739090215295,17.03812802498985,2.2717473426723767,11.036501194662977,51.41878152542043,105.12209518402074,0.5564760324548419,0.7589492281396178
2010,4,spco2_le_threshold,historical_density,1000,7,384012,103476,103462,31.027804272384863,20.215933726779937,-1.886300908195527,13.23556312784703,61.31351808322156,96.63694880207572,0.4228062258016282,0.6934178475148307
2010,4,spco2_le_threshold,random,1000,7,384012,103476,103462,25.13668399489413,16.57115043139883,1.7472080029613155,11.253258837481638,49.41658095231494,82.38453836488627,0.6211777122272154,0.7893570237943408
2010,4,spco2_le_threshold,spatial_coverage,1000,7,384012,103476,103462,24.294543069483616,16.154628578061086,-0.6477993229134424,11.540533266658542,46.14603517268351,77.42978881498186,0.6461354786692453,0.8040064064084623
2010,4,spco2_le_threshold,historical_density,1000,8,384012,103476,103462,31.16087321761653,19.420937091181617,-1.8920693039779968,12.525398116386214,60.65103775877223,119.03159912430483,0.4178447875887398,0.6883193360334635
2010,4,spco2_le_threshold,random,1000,8,384012,103476,103462,24.44734523858408,15.554239539616534,0.6707028941539331,9.98993730441282,49.41505718019933,84.42061449908627,0.6416701706605659,0.801706570550693
2010,4,spco2_le_threshold,spatial_coverage,1000,8,384012,103476,103462,23.743438924385984,15.827339912802154,-0.2473197873116338,10.594219989123758,47.66387960218167,78.31842343675986,0.6620077099891404,0.8137100860629602
2010,4,spco2_le_threshold,historical_density,1000,9,384012,103476,103462,30.22331384867253,18.708634885446617,-2.2620980661255223,12.282500429647172,55.15625841209839,94.7841150810385,0.45234921607371,0.7091143830624891
2010,4,spco2_le_threshold,random,1000,9,384012,103476,103462,24.53243430923019,15.98509192423294,-0.7334749199421636,10.625821753560842,47.60245396574481,83.8381350372153,0.639171493437514,0.7997900967469427
2010,4,spco2_le_threshold,spatial_coverage,1000,9,384012,103476,103462,26.02286821677525,16.837834929833825,0.2309613391167333,11.600341516263171,48.08990277525189,84.21173441226136,0.5939964074951962,0.7790357154170587
2010,4,spco2_le_threshold,historical_density,1000,10,384012,103476,103462,31.032216096240816,19.768814099954767,-2.9958327398991096,12.812339217799092,61.15497711164191,103.41172406951505,0.4226420724969887,0.6849822961261953
2010,4,spco2_le_threshold,random,1000,10,384012,103476,103462,24.890479051995573,16.27282131783382,0.4107095732478106,10.930760375922262,49.0333087343101,79.68745945559805,0.6285622309314493,0.7929451611047771
2010,4,spco2_le_threshold,spatial_coverage,1000,10,384012,103476,103462,25.82825175231768,17.335913759457114,1.689604907002267,12.373585652753718,48.80416431926548,86.46232327984136,0.6000464339218861,0.776349530347971
2010,4,spco2_le_threshold,historical_density,1000,11,384012,103476,103462,32.17618544574546,20.05913165637444,-4.038381952623176,13.21318042607882,63.83230002848549,117.26458716159205,0.37929011144193,0.6898189186113933
2010,4,spco2_le_threshold,random,1000,11,384012,103476,103462,23.794919088832497,15.709246863662504,-1.7654326210965172,10.74941200495391,46.67577883938236,80.48981558933589,0.6605404615568313,0.8139999878603577
2010,4,spco2_le_threshold,spatial_coverage,1000,11,384012,103476,103462,25.69321437170557,16.993309181054133,0.2346143960017543,11.427392039114778,50.95238714385918,87.18457853673277,0.6042176411828108,0.7785495317346866
2010,4,spco2_le_threshold,historical_density,1000,12,384012,103476,103462,28.384019152178716,17.790979443914093,-1.8031033100538807,12.328711158037748,50.516764515375954,89.25305138385944,0.516977530456781,0.7343102068760377
2010,4,spco2_le_threshold,random,1000,12,384012,103476,103462,25.163170607834083,16.310441288687855,-2.175956920169529,10.958759934410123,49.1472970171666,84.31532667077461,0.6203789588519423,0.7894811557239043
2010,4,spco2_le_threshold,spatial_coverage,1000,12,384012,103476,103462,23.796934617392832,15.478986928984437,-0.8648615519963732,10.298530832319784,46.82241792430078,81.36220606207367,0.6604829518532563,0.8140918951891017
2010,4,spco2_le_threshold,historical_density,1000,13,384012,103476,103462,32.826282518163026,20.35045455616277,-4.262639535231044,12.90034668101049,64.85187358103612,125.4594111810876,0.3539547206347535,0.6702799040773422
2010,4,spco2_le_threshold,random,1000,13,384012,103476,103462,23.43202334968201,15.38242196855501,-0.2652921381247672,10.530674501464432,44.63120912162781,76.62177425747657,0.6708156844177593,0.8193708766963692
2010,4,spco2_le_threshold,spatial_coverage,1000,13,384012,103476,103462,24.849207142820863,16.499762683265146,0.409128497767816,11.2601172274436,48.78157029122243,85.2287597647008,0.6297930016398541,0.7944279829797459
2010,4,spco2_le_threshold,historical_density,1000,14,384012,103476,103462,34.02229238932461,21.83375486041393,-4.323644698802302,13.558865571017492,74.07097328199524,106.18649643009928,0.3060204118713235,0.6501153314812503
2010,4,spco2_le_threshold,random,1000,14,384012,103476,103462,25.20635339610594,16.781970102069934,0.1164047350712406,11.211278277307656,49.86422376981118,85.06071528005265,0.6190748973342042,0.7869256046854494
2010,4,spco2_le_threshold,spatial_coverage,1000,14,384012,103476,103462,23.12938257969573,15.565528484373862,-0.666766167727052,10.829946849413602,46.17707375837221,77.13724107642258,0.6792640572299479,0.8252979600543873
2010,4,spco2_le_threshold,historical_density,1000,15,384012,103476,103462,32.20969196415697,20.633057617920063,-3.5928955052100737,13.306820664052085,65.9848790915296,96.5435874070888,0.3779966917353725,0.6826364015803253
2010,4,spco2_le_threshold,random,1000,15,384012,103476,103462,25.435276537839087,16.79848206518554,0.6216044418392723,11.203642204356044,51.23755822824984,83.55417378312592,0.6121243833025569,0.7827116009189007
2010,4,spco2_le_threshold,spatial_coverage,1000,15,384012,103476,103462,25.047548575188213,16.977335119650853,0.7657870675929762,11.760252496845084,50.24208092570836,83.74493876780029,0.6238595787096937,0.7902161547135457
2010,4,spco2_le_threshold,historical_density,1000,16,384012,103476,103462,33.60398730690894,21.149341174813628,-6.460446295055312,13.300084444972413,71.37937120679568,116.67761007551807,0.3229805033064766,0.6605263478273008
2010,4,spco2_le_threshold,random,1000,16,384012,103476,103462,24.81225377634655,15.948630701146506,-1.165842603015656,10.553763733367845,48.45015836001926,83.465303639969,0.6308932558825868,0.7951270974301246
2010,4,spco2_le_threshold,spatial_coverage,1000,16,384012,103476,103462,23.225191685244468,15.515169803393237,-0.5115676699189411,10.951320753402456,46.40561035452808,76.69220839273302,0.6766013774883204,0.823123489728935
2010,4,spco2_le_threshold,historical_density,1000,17,384012,103476,103462,32.60293428415201,20.48456685390216,-4.869796072317487,13.316176539447866,66.6480349473531,109.10447767106298,0.3627161264421338,0.6756864214133275
2010,4,spco2_le_threshold,random,1000,17,384012,103476,103462,24.087709966616387,15.686511520423522,-0.5603095570184515,10.22219350403276,49.16858975785979,80.80109194941976,0.6521351255123453,0.8084804349961494
2010,4,spco2_le_threshold,spatial_coverage,1000,17,384012,103476,103462,28.046749112986408,17.779044261002007,0.5812352469889756,11.595893343309513,54.23989874499787,97.4618088967176,0.5283882564735285,0.7365203523440909
2010,4,spco2_le_threshold,historical_density,1000,18,384012,103476,103462,34.35733767097487,21.82892405746368,-2.540156605378065,14.79960722297875,63.90008038048178,134.26325366019285,0.292284743248838,0.6494145399148195
2010,4,spco2_le_threshold,random,1000,18,384012,103476,103462,24.47655152334325,16.10260446108927,-1.042148651191722,10.966899195600718,47.847298330229535,77.71978275603578,0.6408134940535715,0.8010470229342973
2010,4,spco2_le_threshold,spatial_coverage,1000,18,384012,103476,103462,23.165366802284098,15.709561804522444,0.5710742618267168,11.008134234016552,46.00486532487231,76.30865411381289,0.678265292003023,0.8239615138511255
2010,4,spco2_le_threshold,historical_density,1000,19,384012,103476,103462,32.26689143204459,20.735396926316547,-1.09206918344389,13.805860048210548,64.50971976786262,117.65339902313734,0.3757855654036501,0.6600766073008204
2010,4,spco2_le_threshold,random,1000,19,384012,103476,103462,25.36930184535704,16.2855497709326,-0.0845233724758526,10.873470619654796,49.727218540362536,89.43888245974385,0.6141339377509833,0.7838394464536945
2010,4,spco2_le_threshold,spatial_coverage,1000,19,384012,103476,103462,23.922085024475077,15.237630954674112,-1.87258649599737,10.5177697538131,44.51185821666145,90.82538779491,0.6569024547146618,0.812223018368411
2010,4,spco2_le_threshold,historical_density,5000,0,384012,103476,103462,26.823657625608146,16.231156366014904,-3.438416402846096,10.663650939168036,50.54558948039745,83.28465823448359,0.5686244302031921,0.7694082470958448
2010,4,spco2_le_threshold,random,5000,0,384012,103476,103462,19.38334753201117,12.248358702584673,-0.8251761047248622,8.314643688917442,36.151453434752895,64.359875584317,0.7747436116507506,0.8817784553217529
2010,4,spco2_le_threshold,spatial_coverage,5000,0,384012,103476,103462,26.756273072144683,13.676623523118163,0.2123157440149573,9.021430670904806,39.1961276298848,67.11198647268733,0.5707890521328173,0.7666401788958792
2010,4,spco2_le_threshold,historical_density,5000,1,384012,103476,103462,29.104616248167236,16.859091791861786,-3.786441518583772,10.543842904121504,51.08780264301988,107.9590363471947,0.4921408208698936,0.7376713469910013
2010,4,spco2_le_threshold,random,5000,1,384012,103476,103462,19.518423029644573,12.418971472083513,-0.0764977542996253,8.373901802793426,37.640898241954815,63.96779437842133,0.771593213122358,0.8793190390918979
2010,4,spco2_le_threshold,spatial_coverage,5000,1,384012,103476,103462,21.078583749245507,13.837205962278889,-0.1526823797617309,9.571351731545832,41.61376488190194,69.4798364300244,0.733619513983264,0.8566147560369968
2010,4,spco2_le_threshold,historical_density,5000,2,384012,103476,103462,29.03441818789888,17.08936176895496,-4.362733809477978,10.475844945317164,54.32739943012828,104.89544219436912,0.4945876997824419,0.7383763172155876
2010,4,spco2_le_threshold,random,5000,2,384012,103476,103462,19.64191444778461,12.675474296290403,-0.5684918698386617,8.460267179266424,38.00580230616188,65.40125271012434,0.7686938490340054,0.8785119225362574
2010,4,spco2_le_threshold,spatial_coverage,5000,2,384012,103476,103462,21.55065497215996,14.169588040648154,0.0971024766561986,9.879665438618645,41.559794340373664,74.73218349844656,0.7215543103658882,0.8494959004708778
2010,4,spco2_le_threshold,historical_density,5000,3,384012,103476,103462,29.482916508364305,17.671824253342578,-4.676667854491394,10.95693491064506,56.62520160854152,110.22732562019765,0.4788527663609485,0.7363319461739779
2010,4,spco2_le_threshold,random,5000,3,384012,103476,103462,19.708345591211703,12.73843350243416,-0.5193332396431204,8.715321615153897,37.97798816977081,64.80943644068388,0.7671265968419025,0.8786382251612646
2010,4,spco2_le_threshold,spatial_coverage,5000,3,384012,103476,103462,23.543692429665214,14.265608119962936,-0.1358979497349849,9.910867956472655,40.54159186588013,67.50177066013755,0.6676706464264963,0.8183479714756653
2010,4,spco2_le_threshold,historical_density,5000,4,384012,103476,103462,27.98357534050684,16.59811606970943,-4.6647873966914775,10.535758607352877,51.44701962062586,86.00818101534148,0.530510423199908,0.7538505346139363
2010,4,spco2_le_threshold,random,5000,4,384012,103476,103462,19.986131909224213,12.843533269895572,-0.2410032750319317,8.562441235415093,39.14251571940866,67.06914144068186,0.7605156982908972,0.8731769278441297
2010,4,spco2_le_threshold,spatial_coverage,5000,4,384012,103476,103462,24.699630963805717,13.883332477579437,-0.0085991073385378,9.213182880724958,39.03420816990866,75.5342737252552,0.6342364021585534,0.7999280030183252
2010,4,spco2_le_threshold,historical_density,5000,5,384012,103476,103462,30.768938270551697,18.26430611307301,-5.725816675359376,10.730662469723796,64.522066937528,112.08532204632084,0.4323971432011209,0.7178899650011226
2010,4,spco2_le_threshold,random,5000,5,384012,103476,103462,21.55761902314976,12.937536035691767,-0.2621057155583761,8.548837409383424,37.7645728409887,67.38940794071594,0.7213743229555045,0.8493632853678235
2010,4,spco2_le_threshold,spatial_coverage,5000,5,384012,103476,103462,26.76746634258368,15.381444074822811,0.2597218800735795,10.703323480479554,43.2420181903239,77.42743335997876,0.5704298631593359,0.7688486065107313
2010,4,spco2_le_threshold,historical_density,5000,6,384012,103476,103462,33.734556397644724,19.340657698970983,-6.464005455880061,11.042850616889638,73.71003068471512,131.74830275300616,0.3177091314779245,0.6869955245407665
2010,4,spco2_le_threshold,random,5000,6,384012,103476,103462,19.719907769479804,12.947258321506991,-0.397369950394254,8.883179517912424,38.50794140335002,64.17806762861345,0.7668532797750554,0.8764362208783738
2010,4,spco2_le_threshold,spatial_coverage,5000,6,384012,103476,103462,22.86408086008348,14.629434673858825,0.1370410087605098,10.043839159095512,42.83801014494321,73.7831957498315,0.6865797545896648,0.8289230209607465
2010,4,spco2_le_threshold,historical_density,5000,7,384012,103476,103462,27.85161165317348,16.761595408837355,-3.794728286989551,10.423132886736395,53.315801941188745,91.41630373828274,0.5349279782340173,0.753895984258014
2010,4,spco2_le_threshold,random,5000,7,384012,103476,103462,19.04601924940958,12.488603858822058,0.0815025799209692,8.705472544802063,36.44871301948932,61.265388435239,0.7825156607458243,0.8859332954358123
2010,4,spco2_le_threshold,spatial_coverage,5000,7,384012,103476,103462,23.86870708776366,14.438748420102884,0.8097296415686592,9.77857032559885,42.35984801027177,75.08682699400364,0.6584318704808538,0.8133196237392074
2010,4,spco2_le_threshold,historical_density,5000,8,384012,103476,103462,29.77317256543124,17.971019675742117,-5.014202113631549,10.962876620677235,59.59148882364626,103.59180397722824,0.4685409818825224,0.7320585533968161
2010,4,spco2_le_threshold,random,5000,8,384012,103476,103462,20.012887531072657,12.834568779805256,-0.5458371750929025,8.822511883934453,38.22160257211205,69.93694189700759,0.7598740693485071,0.874055453369842
2010,4,spco2_le_threshold,spatial_coverage,5000,8,384012,103476,103462,24.10841499876408,14.516635107115642,0.4272089589283703,9.864555423331126,41.812820774414256,78.30142503510486,0.6515368412451703,0.811639756779211
2010,4,spco2_le_threshold,historical_density,5000,9,384012,103476,103462,28.540000882220628,17.027771884527898,-3.965806182306949,10.771434456666212,52.96184072467291,88.243588551438,0.5116541335565579,0.7434131595153517
2010,4,spco2_le_threshold,random,5000,9,384012,103476,103462,20.57068751017761,13.047718601391203,-0.7873435231275537,8.630240295599975,40.12240976144118,69.43091138646635,0.7463019288429298,0.8654549175326958
2010,4,spco2_le_threshold,spatial_coverage,5000,9,384012,103476,103462,23.89641239931257,14.68693129618054,0.6538829243105234,10.05524858388057,42.50700600787444,78.77179530448846,0.6576384681750047,0.8135999723841456
2010,4,spco2_le_threshold,historical_density,5000,10,384012,103476,103462,31.22099805163044,18.18115884704604,-5.673327694830326,11.088982952269106,55.45089074971931,137.0461014329042,0.4155960859302455,0.7088192422226783
2010,4,spco2_le_threshold,random,5000,10,384012,103476,103462,19.69624686270554,12.805006857123178,-0.8489370237949706,8.691153474336488,38.54277558037855,66.31029603305525,0.7674124257321154,0.8777900343375296
2010,4,spco2_le_threshold,spatial_coverage,5000,10,384012,103476,103462,22.58139017998141,14.018654614830671,-0.3914913808227243,9.620962732688753,41.30973636354479,72.1367473683738,0.6942820762512473,0.8333146129836484
2010,4,spco2_le_threshold,historical_density,5000,11,384012,103476,103462,31.60963934106307,18.32725648182878,-6.013706485288565,10.570582292601443,65.58722019605604,123.26721615702353,0.4009561237273459,0.7168764606233305
2010,4,spco2_le_threshold,random,5000,11,384012,103476,103462,19.746931339397005,12.756601432773904,-0.9051670931132756,8.794855722119564,37.20735532598957,67.11478023980567,0.7662138474057895,0.8765785578078277
2010,4,spco2_le_threshold,spatial_coverage,5000,11,384012,103476,103462,20.683879582086977,13.863235083559642,-0.3670554434243998,9.796558631321917,40.33238047501115,67.78681580315916,0.7435022539973957,0.8629991117951893
2010,4,spco2_le_threshold,historical_density,5000,12,384012,103476,103462,30.648700515661663,17.77115029398618,-5.2027563443834,10.837798628938458,56.067596860174056,134.67382991381413,0.4368245917798046,0.7179501968749751
2010,4,spco2_le_threshold,random,5000,12,384012,103476,103462,20.115711353546544,12.922377451971611,-0.4252418666855657,8.750957544494213,38.86613398823554,70.13519276240861,0.7574002539262401,0.8714886207079952
2010,4,spco2_le_threshold,spatial_coverage,5000,12,384012,103476,103462,22.11009391233059,14.157782348917989,-0.2931997297524396,9.609268163341085,41.51847639200371,75.92268414658247,0.7069101854530386,0.8408102337945291
2010,4,spco2_le_threshold,historical_density,5000,13,384012,103476,103462,27.60562857436453,16.66084263075248,-3.819334604895864,10.808253609163046,50.84835205273899,84.64435614085184,0.5431066548800643,0.7576420872588508
2010,4,spco2_le_threshold,random,5000,13,384012,103476,103462,21.121281909568907,13.06308896847527,-0.1968238641743057,8.614838646921243,39.20500158824826,71.8603683228456,0.7325392254069185,0.856186963490153
2010,4,spco2_le_threshold,spatial_coverage,5000,13,384012,103476,103462,20.556915409293364,13.535677126996546,-0.6509260142643893,9.38832041485412,40.09118555035516,65.63174508562379,0.7466415174759914,0.8643324839049724
2010,4,spco2_le_threshold,historical_density,5000,14,384012,103476,103462,30.87785378568857,18.410570082368103,-5.152395470027701,10.849212211868776,65.46841534825282,111.68472263357135,0.4283716436417039,0.7181555030721124
2010,4,spco2_le_threshold,random,5000,14,384012,103476,103462,20.21454796448968,13.182760388680215,-1.2322198287980513,8.947254363774817,39.321445879390055,66.82918162071012,0.755010416207305,0.8707778993679329
2010,4,spco2_le_threshold,spatial_coverage,5000,14,384012,103476,103462,23.328913115021592,14.068381296702729,-0.5250950780779593,9.56617995452848,40.398330456239,69.95386945529273,0.6737063944314443,0.8228006072554004
2010,4,spco2_le_threshold,historical_density,5000,15,384012,103476,103462,28.496615547967327,17.150466341448425,-3.757170536871162,11.0357883660148,52.8913915828562,85.92312124349792,0.5131377316051164,0.7443353846375335
2010,4,spco2_le_threshold,random,5000,15,384012,103476,103462,20.741246284072044,13.058348675092844,-0.466934084242819,8.756240021223107,38.97441172126271,71.27466717584855,0.742077488888101,0.8626538822570565
2010,4,spco2_le_threshold,spatial_coverage,5000,15,384012,103476,103462,23.02747800587185,13.959997143050158,0.5830804464498615,9.466351790251508,39.66608482191613,75.78948867352916,0.6820840597132947,0.8272684368532778
2010,4,spco2_le_threshold,historical_density,5000,16,384012,103476,103462,27.40113392159881,16.84978017665624,-3.7361871745917807,11.045535458724489,53.29463036898692,86.14929377813694,0.5498506553613529,0.7610132153195219
2010,4,spco2_le_threshold,random,5000,16,384012,103476,103462,19.797514044712624,12.865212895532476,-0.6089543243430451,8.753274339834064,38.79547580026557,66.47306910167603,0.7650146046781964,0.8761658556310394
2010,4,spco2_le_threshold,spatial_coverage,5000,16,384012,103476,103462,21.684480419278024,14.507809494869646,0.2175735190938027,10.08185924044551,43.54724597258063,72.42293018181063,0.7180853840261795,0.8474212849399355
2010,4,spco2_le_threshold,historical_density,5000,17,384012,103476,103462,28.73511901700457,17.065224799668727,-4.967071920266232,11.00524213536147,53.07798167132557,84.57733129610904,0.5049540040946064,0.7462992458148905
2010,4,spco2_le_threshold,random,5000,17,384012,103476,103462,19.37763462322442,12.46431924976086,-0.9575583927025644,8.536760418789584,37.06172703557418,65.07623809523922,0.7748763729869286,0.8838879071998602
2010,4,spco2_le_threshold,spatial_coverage,5000,17,384012,103476,103462,26.203719223992227,14.991715453573072,0.7254405394984765,10.007576092929042,41.78951096595586,81.66572245504871,0.588333595637377,0.7800759510134146
2010,4,spco2_le_threshold,historical_density,5000,18,384012,103476,103462,28.7826119581298,17.388572780125422,-4.51634480893884,10.895704224956576,54.06666055659297,105.03822915106994,0.5033162437093487,0.7386179810736363
2010,4,spco2_le_threshold,random,5000,18,384012,103476,103462,23.399709706193477,13.611058263140896,0.1605411986052543,9.050326219885337,39.55940424555288,71.84379196073941,0.671722973553265,0.8205306636812555
2010,4,spco2_le_threshold,spatial_coverage,5000,18,384012,103476,103462,21.942434571666126,14.242225947518266,-0.1318637265318737,9.940417212088107,42.25356088313734,72.15151358737084,0.7113382928574992,0.8434526076816976
2010,4,spco2_le_threshold,historical_density,5000,19,384012,103476,103462,30.6051232283428,17.453852243049848,-4.773644742310899,11.050706861942388,53.8959657482917,108.48479452723068,0.4384249343138974,0.720229551689945
2010,4,spco2_le_threshold,random,5000,19,384012,103476,103462,19.913068987131144,12.663022799818645,-0.1332338801431894,8.622363885322216,37.552569796946166,67.21217308670838,0.7622634542308349,0.8740471372753732
2010,4,spco2_le_threshold,spatial_coverage,5000,19,384012,103476,103462,20.67538259471817,13.644062089709934,-0.4350302872469138,9.38989627064396,40.52708045074852,70.00677275193375,0.7437129504903774,0.8627356184335336
2014,0,all,historical_density,1000,0,391248,96240,96240,41.55093381596337,21.67064370904819,-5.782395229960437,12.4178627156806,68.65780256782449,183.8192956813713,0.0713272927635471,0.5575910554714486
2014,0,all,random,1000,0,391248,96240,96240,30.24585463503629,15.771762497668131,0.9322366995489192,9.745531247965689,45.57323230493807,109.7345124193864,0.5079232720026523,0.7131291498149355
2014,0,all,spatial_coverage,1000,0,391248,96240,96240,29.55269764212508,16.525235211205434,2.670455224574488,10.838991597821376,48.93462401021157,115.9222197050961,0.5302190886346712,0.7320776862910856
2014,0,all,historical_density,1000,1,391248,96240,96240,35.9846767653212,20.21572110710797,-0.8945302906554858,13.087430804046392,58.313944099295774,144.04588891255912,0.3034756285214928,0.6051246506887445
2014,0,all,random,1000,1,391248,96240,96240,30.10082942850792,16.10487037388602,-0.2962383974881193,9.95040530470746,49.52457392086821,107.179887212023,0.5126308552552359,0.7167714682926276
2014,0,all,spatial_coverage,1000,1,391248,96240,96240,30.30386913699806,16.913628156116076,0.0195926635835613,11.06923494311485,48.9562641639683,113.32911041315356,0.5060337591966632,0.7128263974777511
2014,0,all,historical_density,1000,2,391248,96240,96240,35.97340197528253,19.877687096757803,-1.855976727990476,12.65088001213698,58.04555662344678,151.04825433456878,0.3039120329283847,0.6130395774504456
2014,0,all,random,1000,2,391248,96240,96240,29.78183725298863,15.781345504779868,0.5900928840229576,9.832188854887733,45.43991434038041,107.7475727262528,0.5229058655957635,0.7233985114579238
2014,0,all,spatial_coverage,1000,2,391248,96240,96240,29.68452532946888,16.918769213613448,1.423036208022869,11.371214328415247,47.29424789107259,97.73562961384448,0.5260185747062196,0.7264926134401333
2014,0,all,historical_density,1000,3,391248,96240,96240,38.63555952833146,21.4734545936386,-3.0433538730321343,13.15644087829375,66.96901431473535,152.21731614012006,0.1970740070538479,0.5872981817036158
2014,0,all,random,1000,3,391248,96240,96240,33.50141388989778,17.81983560761012,2.1037389004016545,10.722869822093145,53.3494500835193,137.28153476697136,0.3962913787966077,0.6446352564838228
2014,0,all,spatial_coverage,1000,3,391248,96240,96240,33.96955634487185,17.301809354080905,1.3271072743499737,11.015216928974295,47.04688519018008,131.635708120903,0.379301272782568,0.6392654234992949
2014,0,all,historical_density,1000,4,391248,96240,96240,34.036988705828655,19.92665033820372,0.7517208447168217,13.6273890986391,55.87683748392316,128.80206607826557,0.3768345509225357,0.6400863937317205
2014,0,all,random,1000,4,391248,96240,96240,30.451063380266078,16.278276012260008,-0.2067625528809414,10.15436459586627,47.772952329066015,115.2059162608899,0.5012234446801436,0.7082479772032658
2014,0,all,spatial_coverage,1000,4,391248,96240,96240,31.551265037717148,16.782585536047822,1.8436692825342933,10.69812558784662,47.12812061700898,131.17913840973833,0.4645305985943243,0.6887164355574708
2014,0,all,historical_density,1000,5,391248,96240,96240,35.25119049612106,19.168476920587413,-2.7861151617919684,12.210455569755652,54.49709788027968,157.21128052782967,0.3315811604627711,0.6206167463772514
2014,0,all,random,1000,5,391248,96240,96240,29.37153307485049,16.013542806211543,-0.0820134567173323,10.375608294110831,45.83259352898347,104.53873989293628,0.5359611560547668,0.732103644396466
2014,0,all,spatial_coverage,1000,5,391248,96240,96240,30.01926175910809,16.831061292350494,1.4427516015954358,11.3972969913967,46.24867666985583,100.67720411259738,0.5152686365809078,0.7189521640193896
2014,0,all,historical_density,1000,6,391248,96240,96240,34.47269549304559,19.557481071439536,-2.3872192410708424,13.388477908499112,52.93632688680895,128.28540741308308,0.360778179867483,0.6422918519577616
2014,0,all,random,1000,6,391248,96240,96240,29.80280069942432,15.629597380064912,-1.0765662530047495,9.941214883231195,44.23458784801661,118.4116572419613,0.5222339757261549,0.7231498740793364
2014,0,all,spatial_coverage,1000,6,391248,96240,96240,28.58174910126169,16.05839755955402,0.732356067957138,10.94938773532354,45.79165108079592,100.6113740028989,0.5605811226335525,0.749136331089036
2014,0,all,historical_density,1000,7,391248,96240,96240,38.456663282156505,20.456172775334053,-5.420402233159707,12.202846530440326,65.60597130635327,164.20718678238157,0.2044924523886433,0.5988013103287395
2014,0,all,random,1000,7,391248,96240,96240,30.34314999850764,16.271645549796165,-0.7646478806314749,10.433170260426609,47.67929291685039,117.70945620863633,0.5047523389872783,0.7109100467444642
2014,0,all,spatial_coverage,1000,7,391248,96240,96240,29.15052729178178,16.272670713701693,1.1694222190008692,10.805344108011838,46.0696593224796,98.80542660572635,0.5429181936610166,0.7383834357530761
2014,0,all,historical_density,1000,8,391248,96240,96240,36.750397806930486,20.07983660783099,-3.958785882623725,11.92084947454893,65.3598493597694,142.95226600802246,0.2735174382332265,0.6230405397365696
2014,0,all,random,1000,8,391248,96240,96240,36.993237413394965,17.97341957684815,1.4314830748436551,10.915070280810909,49.53727123626063,130.4027642468549,0.2638848018197309,0.5463778740567691
2014,0,all,spatial_coverage,1000,8,391248,96240,96240,31.74384575488923,16.879919305020895,1.7411356216327898,10.701985956800542,49.02141947303307,127.84506730898823,0.4579739173737658,0.6832184690832253
2014,0,all,historical_density,1000,9,391248,96240,96240,35.642111505113824,19.489900032390207,-4.380108138855836,12.11547449359037,60.42211936103452,138.4002652488396,0.3166739864468746,0.6303458974940851
2014,0,all,random,1000,9,391248,96240,96240,29.592064123164125,15.762635339689272,0.9336806464204618,10.28407045754409,45.3259311634703,107.00471992274588,0.5289666859585085,0.7277945240416479
2014,0,all,spatial_coverage,1000,9,391248,96240,96240,30.32356670622785,17.746204077653655,1.3882222005908185,11.89730814778926,50.10833167212644,111.83969148718884,0.5053913926118062,0.7193070928672605
2014,0,all,historical_density,1000,10,391248,96240,96240,35.52803021406298,19.718412276307088,-3.556076295175058,12.624297595878602,56.99467797416858,128.86466007637296,0.3210412898410218,0.6187865969295725
2014,0,all,random,1000,10,391248,96240,96240,30.06972288501842,16.358315422094776,2.24727020594809,10.484798908085253,46.786540633505616,104.7281428024201,0.5136376405388301,0.7190581010211505
2014,0,all,spatial_coverage,1000,10,391248,96240,96240,31.00953009063895,17.066025676964642,-0.1356816592973103,10.850980217058265,49.88394153220924,117.52576828882746,0.4827607475654346,0.6979439443436335
2014,0,all,historical_density,1000,11,391248,96240,96240,35.505616882997785,19.78763761271299,-1.1643637748372626,12.280032037000552,63.1004932549446,131.6893775637471,0.3218976799142148,0.6277705237312798
2014,0,all,random,1000,11,391248,96240,96240,30.02748412653206,16.31126741182396,0.0237816282513885,10.552115356801975,46.22194668266946,103.1781965780419,0.5150030614149805,0.7176407783263568
2014,0,all,spatial_coverage,1000,11,391248,96240,96240,28.790429315489828,16.607832354503287,1.3961492034016636,10.949358986815383,49.83939728178514,98.39913225538696,0.554141154485823,0.7452036955289969
2014,0,all,historical_density,1000,12,391248,96240,96240,34.77069861711596,19.0623308807717,-3.338304991148667,11.955828039137115,57.238056859608136,123.9008075475922,0.3496787602679229,0.6316171102573876
2014,0,all,random,1000,12,391248,96240,96240,30.64377753131963,15.582908054887609,1.2557681208316476,9.697798004774,44.5651385071488,109.8423554330964,0.4948903023330834,0.7041053703623845
2014,0,all,spatial_coverage,1000,12,391248,96240,96240,29.867033714285444,16.603384230005584,1.9064312318850531,10.899770020341151,48.74579062979891,110.1614108201561,0.5201723290202083,0.7227174474270341
2014,0,all,historical_density,1000,13,391248,96240,96240,33.64774775173965,18.513105898001893,-2.1838405840860413,12.064792367012586,53.36103927263428,143.10962469242526,0.3910058732363136,0.6590405434322302
2014,0,all,random,1000,13,391248,96240,96240,30.935912911693336,15.99400931621465,1.1323815419703724,10.155286469746812,45.71429516915515,112.09688212479998,0.485213702894268,0.6972808441305716
2014,0,all,spatial_coverage,1000,13,391248,96240,96240,28.070853343026723,15.99506178953068,0.2091304620713748,10.719494872301937,47.164147481838526,99.3003928753481,0.576149855496506,0.7593112556004334
2014,0,all,historical_density,1000,14,391248,96240,96240,34.69682115835657,19.62174459787571,-0.7719090154043128,12.699418172358463,58.56351221647786,120.28800463461457,0.3524393053671624,0.6321747591121779
2014,0,all,random,1000,14,391248,96240,96240,32.324993828899764,16.554380406573774,1.4644888987033562,10.480770368948072,44.933791329804784,113.25956403188856,0.4379460472665754,0.6651570782742054
2014,0,all,spatial_coverage,1000,14,391248,96240,96240,29.148546211913143,15.85964459081516,1.0245843125763354,10.249942455694992,45.0355466876603,107.48157696114752,0.5429803184237163,0.7372977915064682
2014,0,all,historical_density,1000,15,391248,96240,96240,37.47187044744055,21.078410128598296,-4.523684025364423,13.24028765752493,66.38430090939968,155.7946089197311,0.2447132795999417,0.6056066969032378
2014,0,all,random,1000,15,391248,96240,96240,30.567727929271918,16.042947606975037,1.272929910581043,10.254252819963028,45.59223658700155,111.20549395036436,0.4973942838094662,0.7060119174686998
2014,0,all,spatial_coverage,1000,15,391248,96240,96240,30.156067901719812,16.547152624540363,1.297563239541946,10.776842939282515,45.66158774550086,110.91436269075828,0.5108404574487526,0.7155215321586966
2014,0,all,historical_density,1000,16,391248,96240,96240,36.35009348194816,20.03954144773564,-3.66682457445272,12.40616383196749,62.95868793489114,136.64322794426326,0.2892576903101421,0.605635018648219
2014,0,all,random,1000,16,391248,96240,96240,30.67133997876714,16.195338551287712,2.017114359537385,10.526774992336556,45.49912692524678,109.8866222058105,0.4939812551009773,0.704397738332727
2014,0,all,spatial_coverage,1000,16,391248,96240,96240,28.33344516396646,15.78995256132489,0.0009105853326893,10.518555142225154,45.54508429733232,93.33528916689762,0.5681828612733946,0.7539188566718543
2014,0,all,historical_density,1000,17,391248,96240,96240,38.06325631044,21.20955205085841,-3.4873857305360865,13.258941973937027,64.85663535285846,157.1572310638463,0.2206850924430429,0.6042776318404371
2014,0,all,random,1000,17,391248,96240,96240,31.11905151598384,16.615787037817185,1.7203504711043036,10.877974551607508,45.597995424508895,109.92769293636754,0.4791006586906509,0.6935180021778069
2014,0,all,spatial_coverage,1000,17,391248,96240,96240,29.110754064718776,15.710820152737572,0.0387227263881892,10.36993233684032,44.45853602149006,92.79528578226268,0.5441646353514265,0.7381461488352762
2014,0,all,historical_density,1000,18,391248,96240,96240,37.4597789433684,20.76851966738693,-2.878455850700334,12.540234597838378,66.40706301400616,156.83442591374208,0.2452006360564226,0.6116610982908295
2014,0,all,random,1000,18,391248,96240,96240,30.55301117792434,15.899640340449722,1.537817715475074,10.378042115909096,43.352731542392846,113.43565517069288,0.4978781236814882,0.7067533070680349
2014,0,all,spatial_coverage,1000,18,391248,96240,96240,29.08266227546756,15.782935165318731,0.8853065128581266,10.40358800730445,45.20699875310953,99.0842849091798,0.545043970353467,0.7385928905926485
2014,0,all,historical_density,1000,19,391248,96240,96240,38.82534952762126,21.258975497240986,-2.5353903023757547,12.571651639458535,75.15496230502967,157.42720619720205,0.1891661826202816,0.5966097240644348
2014,0,all,random,1000,19,391248,96240,96240,30.207929121796408,16.10525485364119,0.4247987473711541,9.948009872127583,46.409619740405375,113.83152740707908,0.5091565360191239,0.7138230383250034
2014,0,all,spatial_coverage,1000,19,391248,96240,96240,29.851709187903484,16.808338834840942,1.4625435771683015,11.054317568909768,47.77228871588869,108.67776158584222,0.5206645938669746,0.7278620038490266
2014,0,all,historical_density,5000,0,391248,96240,96240,34.84889589451119,17.959309987879823,-4.346420798891328,10.436062463287982,62.41888860316724,147.78565424282334,0.3467504018790096,0.6577665440458647
2014,0,all,random,5000,0,391248,96240,96240,25.598342789212037,13.119787859726118,0.1888607037089341,8.747684263723642,35.94378094564501,79.93067914967254,0.6475278513254448,0.8048835231638185
2014,0,all,spatial_coverage,5000,0,391248,96240,96240,26.226518915460463,13.935829708027915,1.2679104481686083,9.326040758098571,39.54479634045776,86.46948754578499,0.6300164587596435,0.7948988403606576
2014,0,all,historical_density,5000,1,391248,96240,96240,34.00739517381001,17.597175242664406,-3.591766712869446,10.417707939989754,57.325788539002566,151.152082826027,0.3779177048852088,0.6676240587973298
2014,0,all,random,5000,1,391248,96240,96240,26.1574986258131,13.101091013583078,0.554935765870632,8.390708377905014,37.04379500488604,91.05707784977564,0.6319612665512467,0.795380303014106
2014,0,all,spatial_coverage,5000,1,391248,96240,96240,25.830863313727992,13.73541798362544,0.5322046704589461,9.24462217294206,37.704974962809615,90.37434583385804,0.6410954635280849,0.8008892161200925
2014,0,all,historical_density,5000,2,391248,96240,96240,33.01549625961849,17.608882389050347,-3.541942219428463,11.055045202156805,54.6509308557007,130.0964763111926,0.4136772248140955,0.6865072491293137
2014,0,all,random,5000,2,391248,96240,96240,26.432399609619104,13.54205865727738,0.2820145277099807,8.726209240867263,38.528851898652775,92.61867814853312,0.6241848461737006,0.790683835970166
2014,0,all,spatial_coverage,5000,2,391248,96240,96240,28.872861395515137,14.552790291641744,1.0283975008105737,9.31129313315526,41.05311702245682,98.11103643883276,0.5515843543147818,0.74575591742425
2014,0,all,historical_density,5000,3,391248,96240,96240,35.98256686143099,18.97593138596986,-4.714367386694716,11.15973455394706,68.26789483603352,136.79772879338807,0.3035573053089092,0.6539415545598578
2014,0,all,random,5000,3,391248,96240,96240,28.94267403044204,14.428446623458,1.4338182929227288,9.009125562946965,40.2242130078054,124.800261804041,0.5494132550168243,0.7432030724727265
2014,0,all,spatial_coverage,5000,3,391248,96240,96240,26.868925317758872,14.106587926385677,0.3437781174311057,9.451816380854837,38.777511862632,87.65464777979153,0.6116693251178513,0.7828116427258338
2014,0,all,historical_density,5000,4,391248,96240,96240,33.393781142074616,18.044239675932094,-3.6444852931561367,11.410964818927482,52.92832955573763,135.59699672156455,0.4001643160166149,0.6757278756728287
2014,0,all,random,5000,4,391248,96240,96240,25.98671286960257,13.315863913970407,0.836149436256511,8.593861665074911,38.94565175380472,82.47740610423385,0.6367515240210765,0.7983931305007149
2014,0,all,spatial_coverage,5000,4,391248,96240,96240,27.515347524104826,14.592832398753856,0.8804343110240554,9.57307684320432,40.98803332286345,92.78912551446798,0.5927593612770596,0.7709828525592499
2014,0,all,historical_density,5000,5,391248,96240,96240,33.93313406799812,17.75433383624279,-3.598165574465152,10.63688301770918,56.30126297917671,137.53051335468484,0.3806315898980739,0.6688979198360169
2014,0,all,random,5000,5,391248,96240,96240,26.131508763624904,13.525551482772734,1.000358361566097,8.744835863891012,38.87771690071637,88.56131962157446,0.6326922633573013,0.7966920673763982
2014,0,all,spatial_coverage,5000,5,391248,96240,96240,25.74436863199145,13.61338088944365,0.7752770631426298,9.112918763647144,37.87276877976565,84.02942049078105,0.6434950240039833,0.803305270295147
2014,0,all,historical_density,5000,6,391248,96240,96240,34.04220581823026,18.013646939704753,-3.5778590840797784,10.715113496913348,58.25909029655048,135.87346765855693,0.3766435015096041,0.6690590852114114
2014,0,all,random,5000,6,391248,96240,96240,26.66573545275779,13.507231808280896,0.8690232503044247,8.664466665967439,38.82626829551077,88.3288692350972,0.6175204342973459,0.7862909836387878
2014,0,all,spatial_coverage,5000,6,391248,96240,96240,25.71316806923052,13.677847898112791,1.231133261600779,9.002386117906752,38.70819076001143,87.04519435787562,0.6443586237879079,0.8041479714902466
2014,0,all,historical_density,5000,7,391248,96240,96240,37.544742934986985,18.519052264561324,-5.004643479704842,10.803358532305907,57.066621225238265,174.7731612515798,0.2417727730313499,0.6234551009536755
2014,0,all,random,5000,7,391248,96240,96240,26.490465439352715,13.152109958493858,0.2301449062607213,8.401527930436941,37.31010334751392,86.74704738837055,0.622531875728032,0.7894810000925133
2014,0,all,spatial_coverage,5000,7,391248,96240,96240,26.617792626817536,14.18522268578666,1.1671979651785689,9.458030120639933,38.4708076893166,94.02714771838102,0.6188945322983224,0.7872656368239469
2014,0,all,historical_density,5000,8,391248,96240,96240,34.959787551753394,18.005079791808043,-4.553840400872915,10.51683463032046,60.22924928263669,150.05074866936772,0.3425864142883988,0.6556912113100246
2014,0,all,random,5000,8,391248,96240,96240,27.89659334704624,14.077926968536614,1.094957891744261,8.915597753420116,38.972846956066014,107.08231976880924,0.581395928127904,0.762916074760416
2014,0,all,spatial_coverage,5000,8,391248,96240,96240,25.012040353131898,13.369303379230436,0.5141440020901831,8.963264588168585,37.252883177587805,82.59889831366914,0.6634889370052879,0.8148020791336249
2014,0,all,historical_density,5000,9,391248,96240,96240,35.0743470875377,18.40375225377261,-4.1139488801366895,11.267482440960803,55.4340889592866,150.20057071880078,0.3382708050212734,0.6528517410428558
2014,0,all,random,5000,9,391248,96240,96240,26.101711402151626,13.48486069849031,-0.2388897041352772,8.753963640374053,39.44673304177686,85.89631975128262,0.6335294566020118,0.796365488480971
2014,0,all,spatial_coverage,5000,9,391248,96240,96240,27.74616452399517,14.422521501389769,0.8156942003984942,9.278332298584417,40.03135587262535,103.2163007940987,0.5858982942705109,0.7658132228804176
2014,0,all,historical_density,5000,10,391248,96240,96240,36.31142678277031,18.499713366885768,-4.929386750397581,10.445827454279057,62.74232858159281,162.00461011894862,0.2907689624803032,0.6399248154992119
2014,0,all,random,5000,10,391248,96240,96240,25.775732127656024,13.334460504474064,0.8635368672638146,8.503064623304482,38.07164285724093,94.04959137196178,0.6426258589221685,0.8023330356622167
2014,0,all,spatial_coverage,5000,10,391248,96240,96240,26.472938569421025,13.3857128855145,0.494747462043072,8.672616588434124,36.39895358567474,95.2739374049012,0.6230311984837864,0.7894606296053227
2014,0,all,historical_density,5000,11,391248,96240,96240,36.58552549679341,17.978686016786437,-4.446752797573996,10.725154137686417,53.58895729667278,169.60626044656365,0.280021214493279,0.634009559040471
2014,0,all,random,5000,11,391248,96240,96240,26.417994278820508,13.270398209719898,0.1859745530896096,8.593654686103633,37.25352389164286,86.43829974038108,0.6245943637717108,0.7906349901601664
2014,0,all,spatial_coverage,5000,11,391248,96240,96240,24.458474225402696,13.309476555355884,1.2025479220743294,8.954023051101558,37.06976651272411,82.96377768110267,0.6782194218309077,0.8244805913944837
2014,0,all,historical_density,5000,12,391248,96240,96240,35.932416914107804,18.532889843345167,-5.024465322026718,10.838605793727936,61.03199191362096,161.190515108401,0.3054972572586251,0.6441120435500634
2014,0,all,random,5000,12,391248,96240,96240,27.09022608889254,13.706530628166982,0.9100124508092952,8.84950543510979,38.5971962609489,92.49725836221288,0.6052461591561669,0.7785478617547619
2014,0,all,spatial_coverage,5000,12,391248,96240,96240,26.489934858733356,13.852670086389836,0.7636412212605989,9.029299467431542,38.32395657358572,89.41547489259393,0.6225469962827035,0.7894120340186538
2014,0,all,historical_density,5000,13,391248,96240,96240,36.312194311459976,18.597337138170207,-5.046767056641539,10.959268760752591,61.58275592558448,145.71550025749994,0.2907389795812409,0.6412641115461858
2014,0,all,random,5000,13,391248,96240,96240,26.54201642387728,13.586356083296414,0.8808271763798877,9.051592492004062,37.23770082840487,85.36143750164412,0.6210613249640429,0.7885421163474499
2014,0,all,spatial_coverage,5000,13,391248,96240,96240,26.53009873894583,13.883854928804086,1.0185692296559656,9.052893663509366,38.71608126924146,94.01109582037354,0.6214015446203057,0.7887597036215863
2014,0,all,historical_density,5000,14,391248,96240,96240,35.383569985556306,17.704117448500675,-3.2967979221726877,10.751729057797434,51.58737780147112,152.72953198876786,0.3265514812895961,0.650105546258895
2014,0,all,random,5000,14,391248,96240,96240,27.578346121396585,13.8096093912033,0.7536479423225092,8.649540242217341,39.60979819026248,97.3338273285255,0.5908924061719014,0.7689488483302573
2014,0,all,spatial_coverage,5000,14,391248,96240,96240,27.078725864022125,14.19163004187602,1.6711903872139535,9.395068652035292,39.43787394181589,93.89645619485358,0.6055812463809196,0.78011589039566
2014,0,all,historical_density,5000,15,391248,96240,96240,34.98979950432484,18.187321105239956,-3.843679028248249,10.58867610943355,59.65856012420716,148.71767034653726,0.3414571892179017,0.6536000530240497
2014,0,all,random,5000,15,391248,96240,96240,27.586988007529747,13.609895784289392,0.3535198533223627,8.649440448898929,37.71470296501818,96.156782876592,0.5906359720000733,0.7686210249788877
2014,0,all,spatial_coverage,5000,15,391248,96240,96240,27.395452348673366,13.9751827881265,1.3784771975337895,9.275288063578673,38.03185523853799,91.23002688641252,0.5963006438533927,0.7762361793051317
2014,0,all,historical_density,5000,16,391248,96240,96240,34.65049011984478,17.929391650654406,-4.222160485039777,10.960525348035134,55.66940544489795,148.79211017762344,0.3541675402531062,0.6642103350800552
2014,0,all,random,5000,16,391248,96240,96240,27.343712545727143,13.68360053141767,1.3197902052435706,8.862266035063243,37.798299118088565,86.04944638587077,0.5978240792530558,0.7738203162526003
2014,0,all,spatial_coverage,5000,16,391248,96240,96240,24.537287344038344,13.534449709443953,0.3471950201327095,9.110413649078708,38.12436155389655,79.02287625913972,0.6761423183643269,0.8226587705313654
2014,0,all,historical_density,5000,17,391248,96240,96240,35.2706809743626,17.964263312079716,-4.33656736651958,10.78256507574099,54.804454364726965,155.04612132714678,0.3308418149701233,0.6535935363618719
2014,0,all,random,5000,17,391248,96240,96240,26.98746510147765,13.747965812316307,0.5329567964971175,8.89539038500422,38.1075736846452,88.33694224042793,0.6082353078216118,0.7817677942434114
2014,0,all,spatial_coverage,5000,17,391248,96240,96240,26.47333049449888,14.096912379894704,0.6123543123153754,9.421747508256232,39.03183363661257,89.13382342208804,0.6230200365479743,0.7894699290686055
2014,0,all,historical_density,5000,18,391248,96240,96240,35.2724523060351,18.50679630293087,-4.193387731309039,11.212625474537475,59.7659815604748,144.5457792415598,0.3307746015896122,0.6541262436865162
2014,0,all,random,5000,18,391248,96240,96240,27.458248248390365,13.749399615010285,1.2516150433896345,8.89878258700864,37.62398951431329,98.40733668531756,0.5944478021205384,0.771676381387483
2014,0,all,spatial_coverage,5000,18,391248,96240,96240,25.373314832526063,13.674776075491833,1.153719013591977,9.162603370130428,38.38985520817481,83.43030000847939,0.6536975838861463,0.8097391768352558
2014,0,all,historical_density,5000,19,391248,96240,96240,35.300309901683896,17.895247016373222,-3.3561265825928968,10.7803394067503,56.21418865758974,155.95131916143214,0.3297170979970243,0.6472176372402368
2014,0,all,random,5000,19,391248,96240,96240,25.59076572864619,13.03033069717748,0.5222879249153322,8.60359456823781,35.96348141165924,82.73957945359005,0.6477364826090245,0.8057777866016841
2014,0,all,spatial_coverage,5000,19,391248,96240,96240,27.40012535022373,14.185234775042517,0.4919371377247902,9.468709103870708,38.058920321746434,88.73568036911824,0.59616290941574,0.7723200583704128
2014,0,spco2_le_threshold,historical_density,1000,0,391248,96240,96224,39.45998916845457,21.51296913152487,-5.622078775403683,12.415432307101838,68.51424204360046,182.95485365115408,0.0922431330059549,0.5867513599589318
2014,0,spco2_le_threshold,random,1000,0,391248,96240,96224,27.87246917151596,15.62999238770658,1.0767843284990344,9.743669898650978,45.4771031876288,108.38560094124152,0.5470956342197812,0.740198476238393
2014,0,spco2_le_threshold,spatial_coverage,1000,0,391248,96240,96224,27.42148707554733,16.39310953271166,2.805772737194599,10.836954442712624,48.87402298351611,114.52073285408768,0.5616332298558389,0.7543154792647477
2014,0,spco2_le_threshold,historical_density,1000,1,391248,96240,96224,33.74622477706836,20.06472061093384,-0.740317092316985,13.084748499609844,58.25073980252698,142.8786588935643,0.3360948929950407,0.6338479116021559
2014,0,spco2_le_threshold,random,1000,1,391248,96240,96224,27.428059140662302,15.95468354644239,-0.1434229315382682,9.948298549805171,49.44256836160026,106.13888286239808,0.5614230793130123,0.7499120579786794
2014,0,spco2_le_threshold,spatial_coverage,1000,1,391248,96240,96224,27.80822327791589,16.767302746099794,0.1687337072579185,11.066498766179052,48.887044364733576,112.79085597311948,0.5491811122603223,0.742570947788196
2014,0,spco2_le_threshold,historical_density,1000,2,391248,96240,96224,33.82574593958721,19.729448696559015,-1.7047417015248516,12.647659275784918,57.95857917413126,150.2291727907608,0.3329622931284577,0.6399825431644465
2014,0,spco2_le_threshold,random,1000,2,391248,96240,96224,27.256076037642835,15.636420062351457,0.7377405476666647,9.83047491548325,45.38888013388094,106.10976772635324,0.5669058836572862,0.7532918233221932
2014,0,spco2_le_threshold,spatial_coverage,1000,2,391248,96240,96224,27.232600821295197,16.776400847907848,1.5684544249791588,11.369682227744391,47.23778834969076,97.02909381519584,0.5676515962638491,0.7549201624515453
2014,0,spco2_le_threshold,historical_density,1000,3,391248,96240,96224,36.55813345011941,21.32295163543441,-2.8897863819512257,13.15368199383613,66.85489111588204,151.09608449127856,0.2208453852871937,0.6146125082778829
2014,0,spco2_le_threshold,random,1000,3,391248,96240,96224,31.466878507658848,17.68211847851458,2.244768895228485,10.720592873386124,53.24832389622309,135.75475707332063,0.4227513230128843,0.6670984135862148
2014,0,spco2_le_threshold,spatial_coverage,1000,3,391248,96240,96224,31.739490274235287,17.1555980506364,1.4764161695185276,11.012579948367431,46.97845804815914,129.61624161983391,0.4127060658957943,0.6666292684407659
2014,0,spco2_le_threshold,historical_density,1000,4,391248,96240,96224,31.771670350949663,19.779612130920185,0.9021974243287382,13.62571692740633,55.83207527511565,127.45434819551052,0.4115145694700667,0.6682456012179414
2014,0,spco2_le_threshold,random,1000,4,391248,96240,96224,27.932898243101285,16.131403978243288,-0.057218168771206,10.152310683452043,47.71050635865023,114.46513131835692,0.5451296613818891,0.7386372324537491
2014,0,spco2_le_threshold,spatial_coverage,1000,4,391248,96240,96224,29.44534046303089,16.64696441618732,1.9823875515166105,10.69553736928151,47.05458535981464,129.35693354774477,0.494537687426209,0.7116165460281598
2014,0,spco2_le_threshold,historical_density,1000,5,391248,96240,96224,32.98351576395513,19.01811006085552,-2.633024264521204,12.208411377550505,54.41215886938776,156.12899464980117,0.3657660126084674,0.6493579087872339
2014,0,spco2_le_threshold,random,1000,5,391248,96240,96224,26.84127859793354,15.870130349414854,0.0640480737989289,10.374294033928804,45.77093377999196,103.0314518716099,0.5799876899844276,0.761576410228449
2014,0,spco2_le_threshold,spatial_coverage,1000,5,391248,96240,96224,27.63553329988811,16.689441358571834,1.587410080916822,11.39505590353619,46.21665740018074,99.55311321760207,0.554762926790895,0.7461055708030555
2014,0,spco2_le_threshold,historical_density,1000,6,391248,96240,96224,32.121087030142434,19.407032527122038,-2.233915648228173,13.386180666470864,52.89639857360858,126.64357028051109,0.3984993683781646,0.6725026625615095
2014,0,spco2_le_threshold,random,1000,6,391248,96240,96224,27.165471111167168,15.480899033671506,-0.925448047760818,9.939756388587456,44.18078984346986,116.75761174572536,0.5697804895795895,0.7552671638434351
2014,0,spco2_le_threshold,spatial_coverage,1000,6,391248,96240,96224,26.10295303012613,15.918258171650956,0.8752874002611852,10.94784089726889,45.710674711731976,99.71646839645284,0.6027765277906997,0.7768404314419126
2014,0,spco2_le_threshold,historical_density,1000,7,391248,96240,96224,36.30940632324367,20.30306662291286,-5.264795952613772,12.200849356032393,65.40794362805244,163.7821105374643,0.2314114405897726,0.6276832317194136
2014,0,spco2_le_threshold,random,1000,7,391248,96240,96224,27.760360240396917,16.12295479083261,-0.6133786385170735,10.431484872453552,47.60622836072101,116.34283121895808,0.5507316602157399,0.7425653043140484
2014,0,spco2_le_threshold,spatial_coverage,1000,7,391248,96240,96224,26.7993387787555,16.134508718675917,1.3104844622695264,10.802137357486544,45.991807305798176,97.97744307668886,0.5812992130743891,0.7644234648030133
2014,0,spco2_le_threshold,historical_density,1000,8,391248,96240,96224,34.57830432116095,19.92973701401972,-3.806005701728115,11.917889193337343,65.23187949463643,142.13871531489815,0.3029514888857864,0.6514702266130673
2014,0,spco2_le_threshold,random,1000,8,391248,96240,96224,34.97115989611278,17.827721445994086,1.5804078273557978,10.913434484405885,49.45001280843151,128.31574049240487,0.2870227156818132,0.5696618013877779
2014,0,spco2_le_threshold,spatial_coverage,1000,8,391248,96240,96224,29.263764937893924,16.73085120616164,1.8933000049826776,10.700654154167635,48.94701469319383,126.7481902217083,0.5007523619859389,0.7142215629714267
2014,0,spco2_le_threshold,historical_density,1000,9,391248,96240,96224,33.38078224405948,19.339285501301138,-4.2269811714692045,12.11388855658916,60.32107655268644,137.06767247600663,0.350396077044098,0.6595727465265075
2014,0,spco2_le_threshold,random,1000,9,391248,96240,96224,27.024070997491165,15.616710567060805,1.0823816604832706,10.28280234019985,45.27238667040204,105.38892743110117,0.5742475400514488,0.7584359642128919
2014,0,spco2_le_threshold,spatial_coverage,1000,9,391248,96240,96224,28.119698691756557,17.610807222822014,1.526800702625357,11.895406542475456,50.04703435598875,110.65543181717818,0.5390254540959731,0.7438324756974856
2014,0,spco2_le_threshold,historical_density,1000,10,391248,96240,96224,33.28939875196315,19.568708028427974,-3.4036845953536257,12.619181903713468,56.92344242755995,126.54423270814834,0.3539479302101042,0.6471189355364787
2014,0,spco2_le_threshold,random,1000,10,391248,96240,96224,27.64486499209112,16.215589088463567,2.3930902518553303,10.48386288987112,46.732382277105685,103.8339731736344,0.5544621895655384,0.747406617246508
2014,0,spco2_le_threshold,spatial_coverage,1000,10,391248,96240,96224,28.572706704448134,16.91988835397316,0.0132708190013996,10.847850054251296,49.85471513154353,116.40889379702617,0.524053227636573,0.7271133009557282
2014,0,spco2_le_threshold,historical_density,1000,11,391248,96240,96224,33.24154206737929,19.63745233236648,-1.011081841042489,12.27843090307212,62.93852508673673,130.8716324101051,0.3558041179194162,0.657117371054222
2014,0,spco2_le_threshold,random,1000,11,391248,96240,96224,27.497519449465447,16.16574026463908,0.172024945878582,10.549219361108925,46.17973888064793,101.94595036017164,0.5591989144795416,0.7478093774327503
2014,0,spco2_le_threshold,spatial_coverage,1000,11,391248,96240,96224,26.48564681570729,16.47406236049947,1.5329128757489925,10.946046426234176,49.76673346410353,97.59023001801756,0.5910438096524333,0.7698782797706489
2014,0,spco2_le_threshold,historical_density,1000,12,391248,96240,96224,32.41389038103445,18.91054565722412,-3.183905197283557,11.954052334641574,57.15422509156526,122.67248557016276,0.3874832948891212,0.6619674719057239
2014,0,spco2_le_threshold,random,1000,12,391248,96240,96224,28.24926807786897,15.439566876166174,1.4019092124522683,9.69615075982702,44.5189962660136,108.32295502792856,0.5347675282369099,0.7320875448560638
2014,0,spco2_le_threshold,spatial_coverage,1000,12,391248,96240,96224,27.507728746126705,16.46343842774686,2.0494548218827053,10.898003138649926,48.68139782678763,109.35065963872609,0.5588715318957893,0.7494140670565409
2014,0,spco2_le_threshold,historical_density,1000,13,391248,96240,96224,31.30381097958517,18.36372822631986,-2.0317477036720573,12.063016202536318,53.20258278672704,142.10847885741194,0.4287186523388149,0.68861366627378
2014,0,spco2_le_threshold,random,1000,13,391248,96240,96224,28.502065463875507,15.848693204222103,1.280545407680609,10.152891286401996,45.65137274605172,110.58474973135364,0.5264037160982507,0.7264050362674438
2014,0,spco2_le_threshold,spatial_coverage,1000,13,391248,96240,96224,25.51505693612879,15.853730886325378,0.3531557770245322,10.718141700311037,47.08358033549039,98.60201972492528,0.620467734273959,0.7880702636484251
2014,0,spco2_le_threshold,historical_density,1000,14,391248,96240,96224,32.475016209189455,19.47528822811317,-0.6223183198049761,12.69777062313301,58.49084092294941,118.58952659413892,0.3851709594683559,0.6597705344079987
2014,0,spco2_le_threshold,random,1000,14,391248,96240,96224,30.14101288443641,16.413441931089515,1.608423528046159,10.4775298337307,44.88527436310919,110.29391253036258,0.4703715514886208,0.6897966716092521
2014,0,spco2_le_threshold,spatial_coverage,1000,14,391248,96240,96224,26.641128549622323,15.716897106592326,1.1701392841459273,10.248395098743856,44.98760715998691,106.3952531783375,0.5862282313268263,0.7662353091094886
2014,0,spco2_le_threshold,historical_density,1000,15,391248,96240,96224,35.38692723878008,20.92961023203856,-4.372131430749604,13.236760840857926,66.25703120490219,154.73012483167577,0.2699689607858652,0.6324170722172089
2014,0,spco2_le_threshold,random,1000,15,391248,96240,96224,28.16336619868205,15.899531485201424,1.419225293664523,10.25200539494736,45.517401728446366,109.98131941018325,0.5375926336959833,0.7341283928319965
2014,0,spco2_le_threshold,spatial_coverage,1000,15,391248,96240,96224,27.85676237032688,16.408236320300375,1.4394467396356243,10.774901388764276,45.60658371946698,110.04464176627556,0.5476059352213443,0.7410722017290158
2014,0,spco2_le_threshold,historical_density,1000,16,391248,96240,96224,34.14186728648902,19.88924700100841,-3.5138076939254823,12.40410677460136,62.82228752453535,134.4783904447063,0.3204363203784584,0.6338495409579425
2014,0,spco2_le_threshold,random,1000,16,391248,96240,96224,28.258072635192104,16.05169481953829,2.1637864339723447,10.52587639329218,45.42747814207259,108.68943032792784,0.5344774814796787,0.7329476238637338
2014,0,spco2_le_threshold,spatial_coverage,1000,16,391248,96240,96224,25.76558215153658,15.647516782380556,0.1459720482056374,10.516157512592343,45.48348642676923,92.35392422673505,0.6129781020432672,0.7831187060251649
2014,0,spco2_le_threshold,historical_density,1000,17,391248,96240,96224,35.96600388572548,21.05937622189265,-3.334263083093387,13.256358236232302,64.65613707410935,156.52793655276602,0.2458808084595538,0.6320188002209295
2014,0,spco2_le_threshold,random,1000,17,391248,96240,96224,28.75904469118485,16.4722406622034,1.8669457555157156,10.87675112555064,45.54048280219802,108.3912950755644,0.5178251756729833,0.7211979702495037
2014,0,spco2_le_threshold,spatial_coverage,1000,17,391248,96240,96224,26.64143383769737,15.569502299252369,0.1826593931223315,10.36850227098276,44.41439098587156,91.7275746955224,0.5862187482217622,0.7660773609148152
2014,0,spco2_le_threshold,historical_density,1000,18,391248,96240,96224,35.2801803317022,20.616272853686628,-2.7232343007485045,12.535777608207468,66.33714960569337,155.88517539966742,0.2743666874814019,0.640755991041222
2014,0,spco2_le_threshold,random,1000,18,391248,96240,96224,28.15228771158985,15.756210387574315,1.6841471459121595,10.375230195261963,43.31196178199483,111.93967949929478,0.537956352041467,0.7348649654386419
2014,0,spco2_le_threshold,spatial_coverage,1000,18,391248,96240,96224,26.581862495955846,15.640351409059765,1.0306618423924845,10.400868776770524,45.16054460487839,98.07875440370688,0.5880671431582485,0.7672824026999445
2014,0,spco2_le_threshold,historical_density,1000,19,391248,96240,96224,36.83157516331145,21.11132052557629,-2.3846219976224527,12.568804790956564,75.03992815705358,155.53024905373326,0.2091462018839038,0.6227173937673177
2014,0,spco2_le_threshold,random,1000,19,391248,96240,96224,27.6912842573674,15.959018947534036,0.5737832490222037,9.943783951469726,46.36214478100448,112.7940280122584,0.5529647034108324,0.7439381239213171
2014,0,spco2_le_threshold,spatial_coverage,1000,19,391248,96240,96224,27.39719628657668,16.665509803916002,1.6084106663592912,11.04933580487716,47.713937145835565,108.02474073069088,0.562409523161367,0.7567851348684047
2014,0,spco2_le_threshold,historical_density,5000,0,391248,96240,96224,32.538086860648,17.808102467158783,-4.192949744883127,10.433435854071265,62.31101198630496,146.96832219882583,0.3827804865289543,0.6879351831322298
2014,0,spco2_le_threshold,random,5000,0,391248,96240,96224,22.817329068385536,12.979929177728586,0.3309323302630725,8.746016573178366,35.88602566160757,79.09129982489088,0.6964814553777583,0.8347232581583446
2014,0,spco2_le_threshold,spatial_coverage,5000,0,391248,96240,96224,23.82446328006678,13.804512517582165,1.4017556965053135,9.32443827189914,39.47566423022783,85.67797522620944,0.6690961114474494,0.8196579316796736
2014,0,spco2_le_threshold,historical_density,5000,1,391248,96240,96224,31.66758064660976,17.44722478833107,-3.439487457649878,10.415769522867237,57.247346247719456,149.68557006517892,0.415364221197566,0.6977121896275912
2014,0,spco2_le_threshold,random,5000,1,391248,96240,96224,23.439642487374247,12.961501104919778,0.6967963806828283,8.38849787651867,36.96393610136042,90.42444316352328,0.6796995224333631,0.8248674854958157
2014,0,spco2_le_threshold,spatial_coverage,5000,1,391248,96240,96224,23.496031228358053,13.60724967766644,0.6627453779234458,9.242141102288883,37.66377019526684,89.21372910513706,0.6781565752013669,0.8236722812408691
2014,0,spco2_le_threshold,historical_density,5000,2,391248,96240,96224,30.697922333201696,17.461981930639865,-3.392702728731714,11.054147393524744,54.53836866982276,128.9692614689476,0.4506190633129725,0.7155658529964158
2014,0,spco2_le_threshold,random,5000,2,391248,96240,96224,23.61114232568209,13.39835701332004,0.4280148203512242,8.724351496990494,38.4800621678805,91.37393235887887,0.6749953177887762,0.8222422092547526
2014,0,spco2_le_threshold,spatial_coverage,5000,2,391248,96240,96224,26.6398952695122,14.419377698277914,1.1644009135612434,9.30943794072465,40.97434777486887,97.34470716260276,0.5862665393647217,0.7695814933592582
2014,0,spco2_le_threshold,historical_density,5000,3,391248,96240,96224,33.77715009337677,18.826476128993427,-4.562540735637922,11.158227099490231,68.13440981698098,136.15327587816176,0.3348775193080833,0.6831520901272654
2014,0,spco2_le_threshold,random,5000,3,391248,96240,96224,26.627775622369985,14.292226940200573,1.5726755327010071,9.00619890581416,40.1229855801372,123.56549375707966,0.5866429044285262,0.7684617032253837
2014,0,spco2_le_threshold,spatial_coverage,5000,3,391248,96240,96224,24.14754474954288,13.964696608890955,0.4880722227615133,9.45048479682228,38.718103263352496,86.58333015501726,0.6600605411986175,0.8132882885198365
2014,0,spco2_le_threshold,historical_density,5000,4,391248,96240,96224,31.115655224785623,17.897639683810752,-3.4954909288394527,11.408793396954366,52.84532874940384,134.75981562994784,0.4355655395814964,0.7041246954221326
2014,0,spco2_le_threshold,random,5000,4,391248,96240,96224,23.271916677673342,13.17646742701549,0.9778991013541324,8.591973739368427,38.874096216979694,81.31936167517775,0.6842670363610343,0.8276746808687347
2014,0,spco2_le_threshold,spatial_coverage,5000,4,391248,96240,96224,25.22403855040529,14.4626763110857,1.0131632731035478,9.57003884789728,40.94988423811823,91.5473485813162,0.6290760615085291,0.7947150374285807
2014,0,spco2_le_threshold,historical_density,5000,5,391248,96240,96224,31.58364271904216,17.604446708870853,-3.445924578077292,10.63518312530826,56.19768420500515,136.3698097513989,0.4184593789695821,0.6990935262538812
2014,0,spco2_le_threshold,random,5000,5,391248,96240,96224,23.45920232310588,13.386536956886218,1.1417882366119636,8.742344004388315,38.82959673943211,87.71439742944848,0.6791647328146262,0.8253733242773919
2014,0,spco2_le_threshold,spatial_coverage,5000,5,391248,96240,96224,22.96176213493495,13.472791085635563,0.9182593940462588,9.110531237686246,37.80343014912648,83.25786293187817,0.6926267657204273,0.8333707154034999
2014,0,spco2_le_threshold,historical_density,5000,6,391248,96240,96224,31.81552780714847,17.867184262920016,-3.428996043501291,10.713567550596023,58.16473993876043,134.19491065877244,0.4098887633766023,0.6970855329559169
2014,0,spco2_le_threshold,random,5000,6,391248,96240,96224,24.12598525494445,13.37098396852764,1.0076615548163437,8.662789253199492,38.76335565401365,87.46946127275211,0.6606672820730723,0.8132987661838738
2014,0,spco2_le_threshold,spatial_coverage,5000,6,391248,96240,96224,23.14447215075857,13.543414012288787,1.3680461931779762,8.99998908512589,38.62244242543546,86.57686428609793,0.6877156787226228,0.8306426660624852
2014,0,spco2_le_threshold,historical_density,5000,7,391248,96240,96224,35.301911377887606,18.364380289223952,-4.847724346272214,10.801840079825126,56.980712874429166,172.8938025534802,0.2734724954837459,0.6539915416213236
2014,0,spco2_le_threshold,random,5000,7,391248,96240,96224,23.669734695351465,13.007770918335494,0.376709130134541,8.398846152810222,37.26652174626314,85.77778076314718,0.6733802817942482,0.8211001247373404
2014,0,spco2_le_threshold,spatial_coverage,5000,7,391248,96240,96224,24.172934346905794,14.052389114530392,1.3025843167226572,9.45616465981513,38.42071249469598,93.21113442236262,0.6593453162339795,0.8128364429061491
2014,0,spco2_le_threshold,historical_density,5000,8,391248,96240,96224,32.71692753138367,17.855712390865865,-4.402236345559113,10.513532164583635,60.11559677437743,149.29261160744522,0.3759769331056612,0.6846102755584943
2014,0,spco2_le_threshold,random,5000,8,391248,96240,96224,25.41281832392221,13.938803515760208,1.236604271833652,8.913870931208152,38.91839848869014,105.62157273246378,0.6235032055163813,0.7901944832918084
2014,0,spco2_le_threshold,spatial_coverage,5000,8,391248,96240,96224,22.50918892350979,13.239213621604373,0.646542281063321,8.961171587747685,37.20083676840932,81.48970985688266,0.704623927110584,0.8396166623135238
2014,0,spco2_le_threshold,historical_density,5000,9,391248,96240,96224,32.79967866992884,18.253521866494065,-3.961342403171811,11.265159263960015,55.34684030836183,149.60696188111208,0.3728162497460832,0.6824520805357062
2014,0,spco2_le_threshold,random,5000,9,391248,96240,96224,23.302943288601043,13.342566874096244,-0.0943933571282501,8.752953584150191,39.40770481514931,84.6208244805777,0.6834245914386623,0.8270571030480592
2014,0,spco2_le_threshold,spatial_coverage,5000,9,391248,96240,96224,25.34709559677799,14.286826194592129,0.9539232976354076,9.27574042993291,39.97119041470469,101.72605629301704,0.6254480822123862,0.7914586161563081
2014,0,spco2_le_threshold,historical_density,5000,10,391248,96240,96224,34.10727943068919,18.349024508782,-4.776441436255155,10.444191009455608,62.64799921618368,161.19592064086197,0.3218125043180669,0.6690658068727019
2014,0,spco2_le_threshold,random,5000,10,391248,96240,96224,23.15719051287098,13.199253230767477,1.0011049652756436,8.501913351447314,38.00724849761412,92.97156079369697,0.6873723711430122,0.829744496400861
2014,0,spco2_le_threshold,spatial_coverage,5000,10,391248,96240,96224,24.084091627718557,13.254624234182492,0.6281441380421188,8.670731245689836,36.35444264216439,93.75721377183405,0.6618447291817859,0.8138511034284924
2014,0,spco2_le_threshold,historical_density,5000,11,391248,96240,96224,34.31440931187297,17.825247986564825,-4.291064695317267,10.72375593548398,53.51039211728762,168.5724646361511,0.3135503716454482,0.6644486881713471
2014,0,spco2_le_threshold,random,5000,11,391248,96240,96224,23.66089241829128,13.127968775491546,0.3306414952598993,8.590770175531361,37.18251770675317,85.70750113759051,0.6736242661594101,0.8210563317193001
2014,0,spco2_le_threshold,spatial_coverage,5000,11,391248,96240,96224,22.002969812495817,13.182713444694937,1.331724073054101,8.952473112381995,37.01195252838488,82.16034505815632,0.7177602197100649,0.8480513701125287
2014,0,spco2_le_threshold,historical_density,5000,12,391248,96240,96224,33.708749280697724,18.3820729668053,-4.8714022824470575,10.836614608002918,60.90105787693255,159.5445812475029,0.3375686198347286,0.6733529273519491
2014,0,spco2_le_threshold,random,5000,12,391248,96240,96224,24.44901184654748,13.565750150543389,1.0532233479671385,8.84734082183445,38.55323137083823,91.39039354381504,0.65151969235034,0.8077984358507748
2014,0,spco2_le_threshold,spatial_coverage,5000,12,391248,96240,96224,23.92710608308288,13.716500780667442,0.902240907978614,9.027304485647932,38.268060791736666,88.52551782386394,0.6662387066320137,0.8168494999436545
2014,0,spco2_le_threshold,historical_density,5000,13,391248,96240,96224,34.07149494091137,18.445784205906264,-4.892960953429555,10.957172573550736,61.45412404428365,144.62141229508762,0.3232348319218002,0.6710459476311588
2014,0,spco2_le_threshold,random,5000,13,391248,96240,96224,23.719680201728327,13.442192469773104,1.0273963740833918,9.05075628933713,37.17951233679018,84.28018171410545,0.6720004270002222,0.8203300526533792
2014,0,spco2_le_threshold,spatial_coverage,5000,13,391248,96240,96224,24.097830781269,13.75159582126421,1.1533062926595028,9.051192065511117,38.64258535271112,93.08219556236926,0.6614588070183529,0.8140373524591702
2014,0,spco2_le_threshold,historical_density,5000,14,391248,96240,96224,33.10753975197284,17.553232184537183,-3.143517028091753,10.749333183872096,51.49942060246236,149.77835506411495,0.3609873760699382,0.6799273958302314
2014,0,spco2_le_threshold,random,5000,14,391248,96240,96224,24.863229627057336,13.665272621954294,0.9004062708221848,8.647833591875752,39.56281169720003,96.2989380094889,0.6396116848226507,0.8001149013687702
2014,0,spco2_le_threshold,spatial_coverage,5000,14,391248,96240,96224,24.76933225855037,14.060930357521206,1.8045277204595376,9.39368545041873,39.37156414397391,93.1198634388639,0.6423285978334667,0.8040507428538114
2014,0,spco2_le_threshold,historical_density,5000,15,391248,96240,96224,32.72395359014104,18.03772800416748,-3.691700885260744,10.586759974786162,59.524597741981744,147.43959769541692,0.3757088826590692,0.6829414735982249
2014,0,spco2_le_threshold,random,5000,15,391248,96240,96224,25.072639202430917,13.471287263103251,0.494450192871918,8.648351851531174,37.624342803993294,94.93356934332998,0.6335154067816414,0.7960425736618211
2014,0,spco2_le_threshold,spatial_coverage,5000,15,391248,96240,96224,25.054494168263677,13.842658140321536,1.513554831701518,9.27306822310743,37.96298349438917,90.54547102424804,0.6340456636213163,0.8012602211359681
2014,0,spco2_le_threshold,historical_density,5000,16,391248,96240,96224,32.44066743884345,17.782244719007902,-4.0727343330464825,10.9588979696409,55.52462142383796,147.53750524862767,0.3864708789396183,0.6924386949915359
2014,0,spco2_le_threshold,random,5000,16,391248,96240,96224,24.781658951394256,13.5439592816425,1.461926199072058,8.861495207813846,37.73453349885107,85.05393317164258,0.6419725121276179,0.8020140102222505
2014,0,spco2_le_threshold,spatial_coverage,5000,16,391248,96240,96224,21.875304407247175,13.400850240084903,0.4831027110962762,9.107908569057912,38.086888561924205,78.3254631647647,0.7210259354967707,0.8494043293779955
2014,0,spco2_le_threshold,historical_density,5000,17,391248,96240,96224,33.04544928387768,17.814443610431137,-4.184481669535852,10.779725481723917,54.72145106261276,153.82957776275825,0.3633819597896548,0.6824700984899155
2014,0,spco2_le_threshold,random,5000,17,391248,96240,96224,24.220474216557925,13.603895591637912,0.679401630179971,8.893765999882277,38.06684295148028,87.37753436836636,0.6580040968586769,0.8131443005513891
2014,0,spco2_le_threshold,spatial_coverage,5000,17,391248,96240,96224,24.006866790974705,13.963622657748788,0.7480898719558386,9.419523331994952,38.9933644868875,87.77035121648572,0.6640098196634205,0.8150682987635189
2014,0,spco2_le_threshold,historical_density,5000,18,391248,96240,96224,33.053309780412185,18.35769679221273,-4.041908205863332,11.209409151563932,59.63114182005005,143.238663947689,0.3630790600456872,0.6829116606465118
2014,0,spco2_le_threshold,random,5000,18,391248,96240,96224,24.872454086332084,13.608761588330518,1.3947474190315536,8.896254299154606,37.56427048761869,97.50017592882834,0.6393442212570868,0.8003832417275331
2014,0,spco2_le_threshold,spatial_coverage,5000,18,391248,96240,96224,22.76088788416903,13.539782156084692,1.2911785956344817,9.1609002951449,38.29837177016544,82.64581968747567,0.6979811715272703,0.8366056226024087
2014,0,spco2_le_threshold,historical_density,5000,19,391248,96240,96224,33.060315564980314,17.74550608213397,-3.2039681025548794,10.779351016695188,56.08305034012485,154.82578897652985,0.3628090354215048,0.6762136549820249
2014,0,spco2_le_threshold,random,5000,19,391248,96240,96224,22.753618947898808,12.888906405646267,0.6659657280232179,8.602032824224068,35.89264696678813,81.88805768191708,0.6981740466973814,0.8365285561734213
2014,0,spco2_le_threshold,spatial_coverage,5000,19,391248,96240,96224,25.022355277382644,14.05178000878202,0.6278324048021764,9.467451319494243,37.98241733977471,88.00212713297368,0.6349839242705213,0.7972616266274375
2014,1,all,historical_density,1000,0,393456,94032,94032,31.059366030310617,18.946189293178406,-1.8135999927004305,12.20834401446558,57.82822458739999,129.4620617772384,0.3211511690764267,0.6631540733632161
2014,1,all,random,1000,0,393456,94032,94032,22.119045551234542,13.990096833201251,1.4426180323836109,9.307298638521049,42.864756199719054,81.05034216609356,0.6557129664785832,0.8107415677642535
2014,1,all,spatial_coverage,1000,0,393456,94032,94032,24.45345750916968,14.97922729856054,1.777818456657773,10.068795856182533,42.38499679546921,99.31136761157669,0.5792070574316797,0.7659595791142184
2014,1,all,historical_density,1000,1,393456,94032,94032,27.83454608978502,18.377008266192167,-0.8231184998430718,12.700331504117344,54.4689329779402,94.092938648539,0.4547995725793681,0.6985773186952645
2014,1,all,random,1000,1,393456,94032,94032,26.120811731828315,15.32313965014069,0.4787741450486516,9.773314730680028,46.049074204741565,111.49157877134098,0.5198673513716241,0.7358496056698662
2014,1,all,spatial_coverage,1000,1,393456,94032,94032,27.86407638928689,16.210280950297108,3.525344673413882,10.387933820909184,50.5436535947669,101.96367073027,0.4536421279959881,0.7120085222328655
2014,1,all,historical_density,1000,2,393456,94032,94032,28.69431651742096,18.51348975611177,0.1447711422065314,12.561864345921832,54.47012012617286,109.32008905786532,0.4205984271539346,0.7012421127451438
2014,1,all,random,1000,2,393456,94032,94032,23.406215014952043,14.19881804897635,0.3271495692348719,9.591923724519916,40.00021714771683,88.79959983491246,0.6144770103342418,0.7874119463356075
2014,1,all,spatial_coverage,1000,2,393456,94032,94032,27.291814296368344,15.903476320301806,0.6355253135943865,10.036133181612,49.62978696622021,117.2231680925247,0.4758534691018963,0.7201727153933069
2014,1,all,historical_density,1000,3,393456,94032,94032,31.676498451126417,19.193465888716588,-3.835689303989264,11.954707533493377,62.072909822173415,129.81952701269435,0.2939064615539597,0.6642693887581002
2014,1,all,random,1000,3,393456,94032,94032,21.550061078836464,14.177609196210664,0.0738628851117012,9.866453225928524,41.37088521524539,77.46149679555936,0.6731978451349839,0.8208879208570999
2014,1,all,spatial_coverage,1000,3,393456,94032,94032,25.86565993538792,15.455397025866048,1.7221826789815675,10.128050532560565,42.8456271656702,119.980292888877,0.5292015464666164,0.7417713852124042
2014,1,all,historical_density,1000,4,393456,94032,94032,29.72160308634302,17.722127505611528,-1.1543466001329996,11.57726014489836,52.33859540627084,100.0201400095814,0.3783694338276843,0.6810321984199961
2014,1,all,random,1000,4,393456,94032,94032,24.417715571363125,14.866783256621398,1.0690739139966037,9.827136482900272,43.634725026669685,96.70235007660148,0.5804362466980881,0.7663791286605044
2014,1,all,spatial_coverage,1000,4,393456,94032,94032,23.958775860565503,14.784608926435434,0.8436181124976491,9.78101039953927,45.164001915773255,86.04190610829662,0.5960597313723576,0.781003529197305
2014,1,all,historical_density,1000,5,393456,94032,94032,28.76055875466525,18.390997556989284,-0.9336568963948032,12.356777793680862,53.70584028815525,110.42886554977056,0.4179201853864562,0.696699743996873
2014,1,all,random,1000,5,393456,94032,94032,23.84833150463569,14.30824129800666,1.0685898141800667,9.539059130326876,40.31117423970768,94.3303914629507,0.5997752880843701,0.776308983425483
2014,1,all,spatial_coverage,1000,5,393456,94032,94032,26.107417896202872,15.908136677367724,1.0791441551519323,10.515504107107631,46.30928728783632,101.83644136725576,0.5203596154782146,0.7322117411698799
2014,1,all,historical_density,1000,6,393456,94032,94032,30.99957724337341,18.9380056264571,-0.1177128460867925,12.73921370927826,56.35285335724325,114.60747036379792,0.323762200021613,0.6554853121620619
2014,1,all,random,1000,6,393456,94032,94032,23.33884505402991,14.765641411475862,2.9092231530391426,9.420596606664049,47.6849048259286,87.47570485006773,0.6166931132152543,0.7920342126023672
2014,1,all,spatial_coverage,1000,6,393456,94032,94032,25.39062841817186,15.90807605736032,0.8710311575420453,10.719248172004685,45.211116432965404,97.09663087920887,0.5463354958623434,0.7477436247268502
2014,1,all,historical_density,1000,7,393456,94032,94032,31.84939084242092,19.586482376615105,-2.8125577958242114,12.48205070044699,63.70575765773782,128.41312125113234,0.2861776176659936,0.6565793380647363
2014,1,all,random,1000,7,393456,94032,94032,23.673635287564814,14.513060705780047,1.2230596614272748,9.43357208675718,44.712171077583015,90.79249938039958,0.6056173453254963,0.7821270120198726
2014,1,all,spatial_coverage,1000,7,393456,94032,94032,22.954445663922098,14.97258287843638,2.674145670808522,10.25741469313718,44.17323577131139,79.15156364810979,0.6292155441173493,0.7981489309239532
2014,1,all,historical_density,1000,8,393456,94032,94032,28.216349089522986,17.64497165921588,-2.1336996874294933,11.976929382374324,52.0374615307048,98.27940125203187,0.4397400990323686,0.6942198683781546
2014,1,all,random,1000,8,393456,94032,94032,23.60995087586813,14.357451441778872,0.1771681873507444,9.313610720603153,42.63502298184681,89.42833237191293,0.607736347730274,0.7806198730354384
2014,1,all,spatial_coverage,1000,8,393456,94032,94032,22.95513634727797,14.501325876691295,1.74607872865461,9.40501922936926,43.24556198263697,89.33103725335522,0.629193230487223,0.7985274112785183
2014,1,all,historical_density,1000,9,393456,94032,94032,29.328864389028457,18.547447069391232,-0.918081476428644,11.988247444182235,57.25768027332177,103.82652631670486,0.3946892377315715,0.6931654415179621
2014,1,all,random,1000,9,393456,94032,94032,25.04267329097081,14.442206404555634,0.6878715926244321,8.813736788370278,45.26907361903207,100.56057597448392,0.5586844034888583,0.7504612835295873
2014,1,all,spatial_coverage,1000,9,393456,94032,94032,23.98809930426769,14.51688998833968,1.3080993738438649,9.573012988317345,41.47947213592531,102.83212065089658,0.5950703512498173,0.7765518837863917
2014,1,all,historical_density,1000,10,393456,94032,94032,27.412449281986284,17.884155765650032,-1.2379173501090568,12.491352479447812,52.43023006743551,94.90742919604004,0.4712095745100848,0.715118239295163
2014,1,all,random,1000,10,393456,94032,94032,25.906333451954566,14.114368913492685,-0.4939194881786314,8.768975334995787,41.40188416696329,101.3790300460938,0.5277197296806131,0.7347333581819478
2014,1,all,spatial_coverage,1000,10,393456,94032,94032,25.22592411490536,15.68399486942574,2.2412416440562977,10.41051470310029,45.463022081185095,100.32938990527867,0.5522020814257731,0.7586197046496986
2014,1,all,historical_density,1000,11,393456,94032,94032,31.93792545587742,20.34519133021376,-0.2051744945180635,13.323081416668344,60.549862678864834,122.26248996058172,0.2822035493660079,0.6248787692375775
2014,1,all,random,1000,11,393456,94032,94032,22.572481596962422,14.119370965700623,1.307798362222074,9.411023943151092,42.12917832326851,83.2852108406294,0.641452650881019,0.8021428454414128
2014,1,all,spatial_coverage,1000,11,393456,94032,94032,24.82757352703671,15.067574860909076,1.7762199162872052,9.720623303727592,44.90154954150954,101.65060494803078,0.5662330545789278,0.7632889270303613
2014,1,all,historical_density,1000,12,393456,94032,94032,33.75603946993085,19.930561391089597,-3.1248598021741105,12.475551330902109,62.06082652033409,144.07969692531236,0.1981541741670942,0.6270595119929546
2014,1,all,random,1000,12,393456,94032,94032,22.505966905030903,14.182624073569652,0.9392803726064206,9.218669780825422,44.01640714745178,85.3188452932357,0.6435626119629746,0.8027176032966991
2014,1,all,spatial_coverage,1000,12,393456,94032,94032,28.08145688585469,16.235121970278016,2.5111015185400136,10.179366958246815,51.18441390343363,113.6460128414997,0.445084096211772,0.7127902103298784
2014,1,all,historical_density,1000,13,393456,94032,94032,35.54424868419325,21.10527524528585,-2.4928587520588352,13.068190833136384,64.59450923805908,156.197659278926,0.1109491976433658,0.5936704181221041
2014,1,all,random,1000,13,393456,94032,94032,29.12010671971272,16.00440114864241,0.4706654196523599,10.105938001205176,46.09089171557603,122.1161769693516,0.4032755605152505,0.6726958915417194
2014,1,all,spatial_coverage,1000,13,393456,94032,94032,24.897198844568177,16.050049447227142,2.561832241577963,10.32717761964517,48.51845187101677,91.2890613692538,0.5637967706901323,0.7666794074046598
2014,1,all,historical_density,1000,14,393456,94032,94032,28.30952727818254,17.89957257374886,-0.5802950677951094,11.654687352175555,53.79436778824165,111.30178465664574,0.4360337230860992,0.7077428642358164
2014,1,all,random,1000,14,393456,94032,94032,22.41621668403192,14.71292964015583,2.446221912406182,9.86830286241613,43.66910434404663,80.33723677136615,0.6463997749515678,0.8070217800478142
2014,1,all,spatial_coverage,1000,14,393456,94032,94032,22.395317339440712,14.292301923463508,1.1056096473820598,9.66854820958909,42.08500248991398,87.7216168274973,0.6470588128332992,0.8065888500729698
2014,1,all,historical_density,1000,15,393456,94032,94032,30.98015921283658,19.139871687694416,-0.9600743536692964,12.184972653410654,58.47092749449416,128.15827172083502,0.3246091208344646,0.6531064914459862
2014,1,all,random,1000,15,393456,94032,94032,22.12503113768459,13.906144578304165,0.6971375053460633,9.188734841137006,42.03819475836504,83.3343219888911,0.6555266077474302,0.8098788426089748
2014,1,all,spatial_coverage,1000,15,393456,94032,94032,23.84903370313412,15.684278933497616,2.3731941705518955,10.738547221149927,46.86400727464988,82.36499935346393,0.5997517190284667,0.7805263524493312
2014,1,all,historical_density,1000,16,393456,94032,94032,32.712385812205625,18.916065484275688,-5.301643331623531,11.847929927522529,62.62782140359497,140.07338784096848,0.2469698931452868,0.6552892182960557
2014,1,all,random,1000,16,393456,94032,94032,24.72702148817854,14.649581981240212,0.4630209071967136,9.339246731422406,44.142728729741535,91.1986795188548,0.5697394647141867,0.7589893621311412
2014,1,all,spatial_coverage,1000,16,393456,94032,94032,25.918460085752702,15.94466828470079,2.182837753348718,10.27803483518801,48.56420351172677,100.95834494957536,0.527277481816428,0.7433301295506674
2014,1,all,historical_density,1000,17,393456,94032,94032,32.20633502936209,19.211009796573965,-1.228508273759555,12.379608261073685,56.94410961097525,133.04595085058136,0.2700879834380542,0.6407353140433496
2014,1,all,random,1000,17,393456,94032,94032,24.39853263664151,15.188251405001076,1.6676905639108073,10.103800317497758,44.646554251462895,93.76175808514924,0.5810952192845076,0.7689735826859591
2014,1,all,spatial_coverage,1000,17,393456,94032,94032,26.211175555448268,15.336563842169443,-0.0043725295022561,9.80303459795246,46.59754986967882,113.41627516577762,0.516539608765732,0.7312150994290086
2014,1,all,historical_density,1000,18,393456,94032,94032,31.133066451294408,18.334660231184177,-2.2748607991546743,11.69185206253988,53.87996516161623,130.7223763448668,0.317925681209019,0.6581187171342379
2014,1,all,random,1000,18,393456,94032,94032,24.31567426720696,14.254199959846805,0.5840672343584811,9.06715007452911,42.9155291339568,94.68283397195306,0.5839356220031771,0.7682994972464956
2014,1,all,spatial_coverage,1000,18,393456,94032,94032,21.132004818324948,13.917959483055364,2.556443220602832,9.574852900496069,41.991376678037625,71.90398389795274,0.685754329614688,0.8314149937155568
2014,1,all,historical_density,1000,19,393456,94032,94032,27.8761001120482,17.839224524203317,-0.0604763052845589,12.666856773311906,50.57524374853931,88.40979178639402,0.4531705047596324,0.6981464570812491
2014,1,all,random,1000,19,393456,94032,94032,24.588322973362605,15.124245207069904,1.6374342486078828,10.209561207161984,43.73389123490533,92.70389730963409,0.5745527519843328,0.7627750845009132
2014,1,all,spatial_coverage,1000,19,393456,94032,94032,23.526826950833847,15.05128785532908,2.3941191022372164,10.182887479102106,44.431773564845855,87.5473095038778,0.6104935830584994,0.7865144688077436
2014,1,all,historical_density,5000,0,393456,94032,94032,26.75978649878971,15.818273589102311,-2.143992551713278,9.954570708266232,50.569480675984735,94.14373097831538,0.4960897540139946,0.741689833117375
2014,1,all,random,5000,0,393456,94032,94032,19.83353175878592,11.93547781309118,0.583613674531936,7.981180473916453,34.50269968913567,77.81129653909079,0.7231860244719236,0.8508424607657555
2014,1,all,spatial_coverage,5000,0,393456,94032,94032,18.656010814714243,12.08851441190381,1.5605269894164129,8.578796689302266,34.45750367624136,65.13884598020718,0.7550793122036007,0.8703191153101134
2014,1,all,historical_density,5000,1,393456,94032,94032,31.347235609084315,17.131427000980917,-3.757863505684755,10.012527676291713,55.84439276717484,151.27405647179967,0.3085092150492901,0.6793674431355046
2014,1,all,random,5000,1,393456,94032,94032,19.583318830455266,11.864203472456948,1.0843768672976002,7.889743075578622,36.08361239109539,74.5398572883408,0.7301263456287164,0.8549685341773752
2014,1,all,spatial_coverage,5000,1,393456,94032,94032,20.884332214151613,12.546704111975435,2.0107024735412424,8.793684852134504,35.75856362550705,64.8595615733276,0.6930772457319293,0.8353791833184852
2014,1,all,historical_density,5000,2,393456,94032,94032,27.16340822305224,15.483775643971978,-1.6341940184441648,9.791275275264752,46.14186057143724,117.9892782296909,0.4807740117811386,0.727171382274347
2014,1,all,random,5000,2,393456,94032,94032,19.86901700187108,12.190945294248444,0.2614008285992173,8.118219401338337,36.54180886359083,78.235256356641,0.7221946126959837,0.8499341428525841
2014,1,all,spatial_coverage,5000,2,393456,94032,94032,19.69308915146874,12.327773922809124,2.427116069031031,8.465015142152424,35.96681152516235,71.46175710403165,0.727092422326785,0.8553798915068395
2014,1,all,historical_density,5000,3,393456,94032,94032,26.137999199226776,15.4559573019938,-1.8569243754255988,9.885651782223135,48.36320854538459,88.3268673155296,0.5192352899088561,0.7519743577844232
2014,1,all,random,5000,3,393456,94032,94032,20.023962918403107,11.865417651005943,1.3151562621584942,7.9154017254349185,34.665913568384944,73.36885315715638,0.7178448605168903,0.8479946010663663
2014,1,all,spatial_coverage,5000,3,393456,94032,94032,20.65667363593265,12.728168443636433,2.1983397414006727,8.884634829225945,36.377160928232726,69.77325135804743,0.6997322590363413,0.8402028670611319
2014,1,all,historical_density,5000,4,393456,94032,94032,26.65128732818281,15.798293820014448,-1.3209572668939895,9.996176373822893,51.08702019826063,101.33716151420433,0.5001677390570681,0.7419909391149299
2014,1,all,random,5000,4,393456,94032,94032,21.50764375031178,12.285829289239642,1.0153189982744764,7.96082288759149,34.86315521349541,85.72929616405565,0.674483078791067,0.8273965643173669
2014,1,all,spatial_coverage,5000,4,393456,94032,94032,19.36546325625118,12.771153004255394,2.5837899206591506,9.088806382678255,37.91892188706961,68.20123889139735,0.7360973922108773,0.8608690426899518
2014,1,all,historical_density,5000,5,393456,94032,94032,27.4969680993894,16.144603497659958,-2.548560907511631,9.880749265817316,53.59592597700899,108.42245069009935,0.4679437853133088,0.726889028064483
2014,1,all,random,5000,5,393456,94032,94032,19.919618702369565,12.054993392339597,1.3835986712077892,8.051942837179809,36.33245721907909,73.31536912148327,0.7207778012375178,0.8499522205853445
2014,1,all,spatial_coverage,5000,5,393456,94032,94032,20.55268346585252,12.64261243022766,2.0886472846307504,8.74246604185771,36.35854066340556,66.67166332689125,0.7027478749638891,0.8415418246276837
2014,1,all,historical_density,5000,6,393456,94032,94032,30.01908814218264,16.823141588667067,-3.667140101888832,9.884612657501949,55.405345825897705,128.1898634088816,0.3658632934895924,0.7069499593824081
2014,1,all,random,5000,6,393456,94032,94032,19.909699071875544,12.557183222598209,2.757962545677855,8.57571991652864,36.973499691635766,71.42691650294667,0.7210558277828005,0.8527820770695148
2014,1,all,spatial_coverage,5000,6,393456,94032,94032,18.206325446102426,11.889640170132942,1.8100927820593549,8.235392168337114,35.28473430129215,63.92217728421883,0.7667441717611563,0.8776085247928809
2014,1,all,historical_density,5000,7,393456,94032,94032,26.227153508367127,15.262881143392155,-1.7840230130822528,9.82156193504801,47.09654668601084,83.8922039423461,0.5159500082125037,0.747662436910676
2014,1,all,random,5000,7,393456,94032,94032,19.147701367962423,11.697071168056492,1.4041004642931227,7.769989534972552,35.23988014678113,74.96377129123374,0.7419991173673869,0.8623274448898991
2014,1,all,spatial_coverage,5000,7,393456,94032,94032,19.732341202115396,12.50815807564703,2.4526204669308536,8.721038387466422,36.18012944709042,66.70694379186628,0.7260034253004198,0.8545460311218117
2014,1,all,historical_density,5000,8,393456,94032,94032,28.887566447324325,16.680380760563512,-2.970615265841165,10.193777759807348,54.475398045341855,120.7208983484912,0.4127678619856005,0.7091101656966021
2014,1,all,random,5000,8,393456,94032,94032,19.22470262031046,11.715218695415686,1.079537655629159,7.861413063569955,34.03494886063271,75.48296136310648,0.7399198770037003,0.8606635102661502
2014,1,all,spatial_coverage,5000,8,393456,94032,94032,20.73446179371207,13.299845547770014,2.358436773133847,9.30999715257937,38.21754506535989,70.34845387012153,0.6974665260520229,0.837792668513762
2014,1,all,historical_density,5000,9,393456,94032,94032,28.867777713640194,16.703410983575885,-2.6083105643890603,9.875573791600177,55.27620244929622,117.36723261053372,0.4135721249692161,0.7175765429875821
2014,1,all,random,5000,9,393456,94032,94032,20.689044126138675,12.490757476736224,1.5809488173867257,8.345312472691035,37.02599466619789,78.19126877689413,0.6987904394614618,0.8370157828608933
2014,1,all,spatial_coverage,5000,9,393456,94032,94032,18.694897860784813,11.898999826920948,1.5906765376576983,8.105082234893956,35.541120620626785,66.81260384606574,0.754057210700076,0.8694844236552177
2014,1,all,historical_density,5000,10,393456,94032,94032,30.70341220011548,16.899816993783684,-3.017684863866525,10.069659602425643,53.24065156237326,149.70186709766935,0.3366218131454489,0.690200486730795
2014,1,all,random,5000,10,393456,94032,94032,18.96922973081576,11.648956540856757,1.0276529513770716,7.813822892345485,34.77376063587742,76.02593143902041,0.7467862453161267,0.8646326771065325
2014,1,all,spatial_coverage,5000,10,393456,94032,94032,19.66404515344417,12.688472849179352,2.6040150630126937,8.980215877739141,36.5462434708993,65.38807609796656,0.7278968143737063,0.855990467101148
2014,1,all,historical_density,5000,11,393456,94032,94032,29.09799161524675,16.656242989543255,-3.132833880552975,10.186662257597137,53.1375323380268,130.2995078349082,0.4041815745207738,0.7113899972045311
2014,1,all,random,5000,11,393456,94032,94032,22.35514291356787,12.531611274948537,0.751121305887009,7.941197659420112,37.05294486431521,87.2939623782403,0.6483239426346397,0.8094251093688177
2014,1,all,spatial_coverage,5000,11,393456,94032,94032,19.981414778355347,13.06127571473191,2.7598533781024277,9.15263654185418,38.3481867456635,67.95243419806185,0.7190426675416619,0.8511746120496214
2014,1,all,historical_density,5000,12,393456,94032,94032,29.156552949781243,16.39460664789639,-2.856053310487784,9.862519508078776,52.36149736776198,126.83552225313925,0.4017809254608724,0.712268034150286
2014,1,all,random,5000,12,393456,94032,94032,19.59379770354282,12.42343840824764,1.8062692759055288,8.424960570547341,37.08517567647349,71.8551311771718,0.7298374540051303,0.8558763995474217
2014,1,all,spatial_coverage,5000,12,393456,94032,94032,22.19640114834271,12.914075370333924,1.5580902846977245,8.720368464590422,37.6729870765472,70.85789354935191,0.6533006472709099,0.8121639530803002
2014,1,all,historical_density,5000,13,393456,94032,94032,28.90240302121681,16.330049910338573,-2.5517599534156146,9.912741417703272,50.895137654616974,129.45918798985667,0.4121645054941618,0.7053724022486624
2014,1,all,random,5000,13,393456,94032,94032,18.06281318445029,11.592397664674523,1.3848988866273322,8.067157212809235,34.06691275764788,64.04398919855684,0.7704069797340037,0.8791240810368682
2014,1,all,spatial_coverage,5000,13,393456,94032,94032,19.33118332764383,12.443574189993118,2.0272406161216274,8.826172106469329,35.68108008185256,65.36660829424484,0.7370308638776708,0.8602423588935896
2014,1,all,historical_density,5000,14,393456,94032,94032,26.79550526234898,15.768742132861112,-1.601383408451708,9.80193293289676,51.1368394300548,98.47990286180372,0.4947436249309548,0.7375422973863475
2014,1,all,random,5000,14,393456,94032,94032,21.5208787361334,12.702209712743562,1.4502724996413434,8.138892834141501,38.50682758683583,92.27493201464208,0.6740823340659108,0.8232882514831964
2014,1,all,spatial_coverage,5000,14,393456,94032,94032,18.87170332880479,12.1357826007361,1.9500176177681083,8.568273313682226,35.00313740600656,66.20008030236107,0.7493832452553075,0.8672529225306165
2014,1,all,historical_density,5000,15,393456,94032,94032,26.19832794396932,15.419745879180883,-2.397934832668169,9.6586358637592,49.09612613742183,102.6628729437566,0.5170134363510417,0.7509445279857699
2014,1,all,random,5000,15,393456,94032,94032,22.244179061708238,12.074667941508809,0.2398735784497822,7.678399825024286,34.53198315870608,94.94570711966772,0.6518064952047583,0.8129693402630974
2014,1,all,spatial_coverage,5000,15,393456,94032,94032,20.15239944218915,12.494985091793938,2.401590539686748,8.700920396513482,36.84423526384302,66.85379844804913,0.714213686553705,0.8478899562032396
2014,1,all,historical_density,5000,16,393456,94032,94032,26.83103184314652,15.057449206446002,-2.0525595373990075,9.411879803137452,47.34499174402677,84.4541135695766,0.4934029574793991,0.7453487918588132
2014,1,all,random,5000,16,393456,94032,94032,19.371631202784823,11.867510738634438,1.3300569645829543,8.12328304366946,34.239855105261306,74.24234501466607,0.7359292582114486,0.8586015397098449
2014,1,all,spatial_coverage,5000,16,393456,94032,94032,20.419732053997343,12.15945685430493,1.1971337447978958,8.278102352843291,35.69702642085041,66.27451298363509,0.7065811715534064,0.8426047726002807
2014,1,all,historical_density,5000,17,393456,94032,94032,26.74593010236895,15.682695040586866,-1.5218955559609144,9.916798193416696,49.8566396824799,100.82636383080414,0.4966114750948125,0.7445370923244471
2014,1,all,random,5000,17,393456,94032,94032,21.492944646696976,12.53089327579087,0.921547483394531,8.208069030816375,36.69612735858869,91.41800499814774,0.6749278668816143,0.8240760219428975
2014,1,all,spatial_coverage,5000,17,393456,94032,94032,21.76817516615952,13.269676099486382,2.262600041550612,9.188422426821404,37.82811852848369,69.46897870337122,0.6665490587126377,0.8208722198822191
2014,1,all,historical_density,5000,18,393456,94032,94032,27.784682204994866,15.882586117877665,-2.1834400657823148,9.764353611625497,51.40709278120856,95.22944288991194,0.4567512092509175,0.719033760004673
2014,1,all,random,5000,18,393456,94032,94032,19.859268331411084,11.677158407375186,0.7995175555194151,7.69137013516962,33.918241691504264,73.37854245598946,0.7224671544910364,0.8502779638900763
2014,1,all,spatial_coverage,5000,18,393456,94032,94032,19.12303749214428,12.263762748189109,2.007671854620405,8.518169543197189,35.5483181901869,64.37123601405645,0.7426633436752641,0.8635425045243731
2014,1,all,historical_density,5000,19,393456,94032,94032,27.00231555739039,15.575414062551,-1.6077491090221867,9.666216133961823,50.84435158331368,92.98140481316352,0.486914292399947,0.7350957626643255
2014,1,all,random,5000,19,393456,94032,94032,22.527891792976614,13.065620830507662,1.5498003494596158,8.424578431028834,38.74178526997834,96.36173919652605,0.6428678045490197,0.8091866415471164
2014,1,all,spatial_coverage,5000,19,393456,94032,94032,19.80655617050122,12.46922204178728,1.6083369786780957,8.533792199196114,36.82002984406542,67.48472685408352,0.7239385018262217,0.8521420780078784
2014,1,spco2_le_threshold,historical_density,1000,0,393456,94032,94031,30.91022188137424,18.936471099019297,-1.8036995970407492,12.20827103371812,57.81713409067024,129.4103924988051,0.3248043982829229,0.6656458108119927
2014,1,spco2_le_threshold,random,1000,0,393456,94032,94031,21.97845566783383,13.982122349154888,1.4507566401217975,9.307211353756998,42.86135633289817,81.02024352671883,0.658634438201551,0.8125544183618408
2014,1,spco2_le_threshold,spatial_coverage,1000,0,393456,94032,94031,24.35069130752493,14.9720786901156,1.785145272776301,10.068713457852596,42.38356182815343,99.27779778764042,0.5809672666064813,0.7671775818556607
2014,1,spco2_le_threshold,historical_density,1000,1,393456,94032,94031,27.660348628659264,18.367059990090105,-0.8129835417981797,12.700327404603115,54.462280583851765,94.04284166740658,0.4593195597693555,0.70148614599688
2014,1,spco2_le_threshold,random,1000,1,393456,94032,94031,25.998483270079763,15.315063608794132,0.4870182364403526,9.773011472439464,46.04340573296926,111.47713281330424,0.5223372395230179,0.7375617579042433
2014,1,spco2_le_threshold,spatial_coverage,1000,1,393456,94032,94031,27.840701127484067,16.206720312585805,3.5291151953721225,10.387801292395352,50.53735910085521,101.94998271650772,0.4522458258289715,0.7115854003160061
2014,1,spco2_le_threshold,historical_density,1000,2,393456,94032,94031,28.547997905406064,18.50424386584652,0.1542154591704042,12.561732295662352,54.46841735872346,109.25704869262182,0.4240607560683195,0.7035753877437522
2014,1,spco2_le_threshold,random,1000,2,393456,94032,94031,23.269683760864844,14.190732880591051,0.3353892182448423,9.59191268973848,39.99726956311639,88.7983744243625,0.6173459432863965,0.789234589543628
2014,1,spco2_le_threshold,spatial_coverage,1000,2,393456,94032,94031,27.22787614115255,15.897549883649578,0.6416276390666174,10.036124567601917,49.62374963361884,117.11629993670384,0.4760945790710521,0.7207163277521023
2014,1,spco2_le_threshold,historical_density,1000,3,393456,94032,94031,31.521741123101098,19.1834657977386,-3.8255258862723847,11.954554276620286,62.06791315481749,129.79307031235297,0.2978243652715934,0.6668866635487101
2014,1,spco2_le_threshold,random,1000,3,393456,94032,94031,21.41251436888857,14.169829187807109,0.0817944549373569,9.86629241085052,41.36697471234893,77.44447612238025,0.6759882988585163,0.8225866888066523
2014,1,spco2_le_threshold,spatial_coverage,1000,3,393456,94032,94031,25.78433153270901,15.448871974616408,1.7288904101953115,10.127912916014168,42.84297182434571,119.94339823172834,0.5301739285873733,0.742621031142867
2014,1,spco2_le_threshold,historical_density,1000,4,393456,94032,94031,29.545063540027236,17.711762741649114,-1.143805641289052,11.577183430730544,52.335882785093816,99.9974329674862,0.383127775307163,0.6840210436069486
2014,1,spco2_le_threshold,random,1000,4,393456,94032,94031,24.298185533508995,14.859067737305416,1.0769589078174877,9.827037961691415,43.63282616265241,96.64771483971174,0.5827723831342935,0.7679357599662973
2014,1,spco2_le_threshold,spatial_coverage,1000,4,393456,94032,94031,23.839711318854235,14.776982287716322,0.8514109541396129,9.780913723649403,45.162448769423264,85.99535786710145,0.598368891652472,0.7825417459154849
2014,1,spco2_le_threshold,historical_density,1000,5,393456,94032,94031,28.600333637504576,18.38130202157951,-0.9237757058217256,12.356122578067527,53.69921000057937,110.38153467104335,0.4219471345644955,0.6993143815307235
2014,1,spco2_le_threshold,random,1000,5,393456,94032,94031,23.719766904296563,14.30032487166486,1.07666976990167,9.53890940065179,40.303320366562446,94.29866845198458,0.6024001670660315,0.7780103563583561
2014,1,spco2_le_threshold,spatial_coverage,1000,5,393456,94032,94031,26.002901915371137,15.900690215347511,1.0867712733475794,10.515428699131633,46.29887430491644,101.7952376828116,0.5221748606916152,0.7335407337241728
2014,1,spco2_le_threshold,historical_density,1000,6,393456,94032,94031,30.83469130574637,18.92778892994532,-0.1072959997012397,12.739162031792205,56.34673872580049,114.5764531958782,0.328100110928412,0.6583172874743912
2014,1,spco2_le_threshold,random,1000,6,393456,94032,94031,23.251385632521355,14.759210894587891,2.9158416384115964,9.420510556827082,47.68190442546262,87.45340479263234,0.6179475071200418,0.7929329112507986
2014,1,spco2_le_threshold,spatial_coverage,1000,6,393456,94032,94031,25.30199550267952,15.90132747665503,0.877958180539928,10.719230551009671,45.210027368977904,97.06422844331988,0.5475871749010754,0.7487081023753532
2014,1,spco2_le_threshold,historical_density,1000,7,393456,94032,94031,31.70025244826971,19.576645377686617,-2.8025424097193614,12.481865397790957,63.688068364864,128.36080471916046,0.2898488395549439,0.6590959066624957
2014,1,spco2_le_threshold,random,1000,7,393456,94032,94031,23.54028548989192,14.505028494684469,1.2312592228686674,9.433523086561763,44.70993240411457,90.74189693649105,0.6083944748930277,0.7839143281620297
2014,1,spco2_le_threshold,spatial_coverage,1000,7,393456,94032,94031,22.888115798265407,14.967050261085609,2.6798659574231456,10.257332525293291,44.16901812882,79.0770737392328,0.629792303317551,0.7986133533642436
2014,1,spco2_le_threshold,historical_density,1000,8,393456,94032,94031,28.04947271400925,17.63516207340029,-2.1237251424837065,11.976873456993417,52.0340393694982,98.22528317687028,0.4440000369428993,0.6969826938330287
2014,1,spco2_le_threshold,random,1000,8,393456,94032,94031,23.50576050855251,14.350374381533744,0.1843998202328657,9.3134718536611,42.63398333026055,89.36530694400453,0.609542316441508,0.7818045922214192
2014,1,spco2_le_threshold,spatial_coverage,1000,8,393456,94032,94031,22.87378639146969,14.49517866535321,1.7523987277393491,9.40500500704485,43.2443165058809,89.28272749723365,0.6302557050360377,0.7993057728054453
2014,1,spco2_le_threshold,historical_density,1000,9,393456,94032,94031,29.17561092505338,18.53787451913849,-0.9083214415634582,11.988172672567089,57.25371685557482,103.76750712301732,0.3984589396663478,0.6956594581003847
2014,1,spco2_le_threshold,random,1000,9,393456,94032,94031,24.929600397712488,14.434603518741108,0.6956353836510392,8.813542914190009,45.26630817163482,100.51357403080344,0.5608064091790782,0.7519043016403084
2014,1,spco2_le_threshold,spatial_coverage,1000,9,393456,94032,94031,23.863372789804437,14.509073349613695,1.3160843080188165,9.572974908815922,41.47270721572707,102.80790698500503,0.5975712394710953,0.7781925636462336
2014,1,spco2_le_threshold,historical_density,1000,10,393456,94032,94031,27.222355328007165,17.873832386672742,-1.2274169418710346,12.491204983558076,52.41475781058304,94.903206209505,0.4763070150822341,0.7182689569308722
2014,1,spco2_le_threshold,random,1000,10,393456,94032,94031,25.78150093647778,14.106230772000451,-0.485636496058148,8.768802147892245,41.40050089678161,101.2930789456292,0.5302770776574232,0.7364751786387947
2014,1,spco2_le_threshold,spatial_coverage,1000,10,393456,94032,94031,25.170537383047133,15.678706685019266,2.2467204596005192,10.410471159525173,45.45414286940141,100.2783889617282,0.5522760414791199,0.7589416859087562
2014,1,spco2_le_threshold,historical_density,1000,11,393456,94032,94031,31.788238354684317,20.335329975599187,-0.1950989550406711,13.32267494240864,60.5467560309595,122.17922035408152,0.285901236508895,0.6274590665691604
2014,1,spco2_le_threshold,random,1000,11,393456,94032,94031,22.449024820118016,14.111829046705797,1.3155043459330895,9.410917836030931,42.12774723034485,83.26565651686862,0.6438603564337475,0.8036626263551503
2014,1,spco2_le_threshold,spatial_coverage,1000,11,393456,94032,94031,24.785118484463403,15.06299486199048,1.7809790454370775,9.720331155366296,44.89753851020629,101.62285728081766,0.565882435103584,0.7633029866126039
2014,1,spco2_le_threshold,historical_density,1000,12,393456,94032,94031,33.61517344487928,19.92072066792004,-3.114840353886362,12.475145075112096,62.05831354485693,143.88479253851446,0.2014611088890471,0.6294770465757197
2014,1,spco2_le_threshold,random,1000,12,393456,94032,94031,22.372815312022816,14.174799477631476,0.9472657868326744,9.218649231445852,44.01149910453682,85.31492293568793,0.6462742838105053,0.8044134593598607
2014,1,spco2_le_threshold,spatial_coverage,1000,12,393456,94032,94031,28.05680543154744,16.231446697503607,2.51497615347678,10.179237751234382,51.17869448941812,113.6140879293837,0.4437092989581154,0.7124529238492183
2014,1,spco2_le_threshold,historical_density,1000,13,393456,94032,94031,35.41426974892122,21.09558865310589,-2.482974220725909,13.067791778132516,64.5906772992598,156.1862506216174,0.1136975671346069,0.5959168338692418
2014,1,spco2_le_threshold,random,1000,13,393456,94032,94031,29.03505473200501,15.99731202461309,0.4779297525656482,10.105753342165713,46.08903250617215,122.0727196092172,0.4042409373176554,0.6737040371209492
2014,1,spco2_le_threshold,spatial_coverage,1000,13,393456,94032,94031,24.807876459959136,16.04334364042602,2.568735981844521,10.327097592779126,48.51317351807009,91.2346559689168,0.5650848457995488,0.7677036261418952
2014,1,spco2_le_threshold,historical_density,1000,14,393456,94032,94031,28.157068731617176,17.890189866216605,-0.5707281733723025,11.654527141216874,53.79171723793039,111.27072648133412,0.4397262937751762,0.7101729668187617
2014,1,spco2_le_threshold,random,1000,14,393456,94032,94031,22.300598900270817,14.705667259643947,2.4536667769026272,9.86814883928497,43.668088051998325,80.31442124572108,0.6485541555239944,0.8083730548180115
2014,1,spco2_le_threshold,spatial_coverage,1000,14,393456,94032,94031,22.292479578102892,14.285458928456237,1.112616395955399,9.668487340329875,42.08227137919576,87.69188173786807,0.6488100215291578,0.807724461849709
2014,1,spco2_le_threshold,historical_density,1000,15,393456,94032,94031,30.83298600247672,19.130233702735374,-0.9502430303714776,12.18483250131544,58.460755381319984,128.10819040289536,0.328174427313323,0.6555713631296112
2014,1,spco2_le_threshold,random,1000,15,393456,94032,94031,21.998498581153825,13.898583377139742,0.7048540093583074,9.188652521024778,42.03504693626735,83.31604001479491,0.6580115482060873,0.8114159414415282
2014,1,spco2_le_threshold,spatial_coverage,1000,15,393456,94032,94031,23.7345999901156,15.67683175911912,2.380833382376597,10.73852272193136,46.85389939082728,82.34940031255799,0.6019027358306556,0.7819654699793275
2014,1,spco2_le_threshold,historical_density,1000,16,393456,94032,94031,32.558224726197324,18.905916276248995,-5.291349337067367,11.847831836387456,62.62180468003666,140.058486998902,0.2508879338411417,0.6579331726910786
2014,1,spco2_le_threshold,random,1000,16,393456,94032,94031,24.61349931280761,14.642015263874567,0.470748343930319,9.339076422651829,44.13692076720554,91.1806696065415,0.5718735266828714,0.7604321270360128
2014,1,spco2_le_threshold,spatial_coverage,1000,16,393456,94032,94031,25.874021611879986,15.939882776204048,2.1878160440772545,10.277915277101329,48.55671609874619,100.90772023549832,0.5268996899901426,0.7433939651486723
2014,1,spco2_le_threshold,historical_density,1000,17,393456,94032,94031,32.080822102833885,19.201944363427614,-1.2192516004740748,12.379578312630883,56.94153533513651,132.93536854436385,0.2726953948346591,0.6427867192740587
2014,1,spco2_le_threshold,random,1000,17,393456,94032,94031,24.290984432597533,15.180945928818726,1.6751752995072755,10.103579857770512,44.6442154210462,93.72058736004216,0.5830196487546676,0.7702987590413919
2014,1,spco2_le_threshold,spatial_coverage,1000,17,393456,94032,94031,26.127514468557887,15.329897273926148,0.0024570933859224,9.80287514114309,46.59357540818806,113.37025495097392,0.517584166664907,0.7320960716972207
2014,1,spco2_le_threshold,historical_density,1000,18,393456,94032,94031,30.98593501290758,18.324990736092488,-2.265020511458079,11.69181477515366,53.87543234918999,130.61307643363332,0.3214926276296881,0.660576188036862
2014,1,spco2_le_threshold,random,1000,18,393456,94032,94031,24.19884549723923,14.246583428805362,0.591841567265204,9.06704699010902,42.91314145880924,94.64916819700798,0.5861769731860205,0.7697923613489781
2014,1,spco2_le_threshold,spatial_coverage,1000,18,393456,94032,94031,20.983271533163958,13.909942558426266,2.564635347055836,9.574699628711642,41.98350493105042,71.90048064783312,0.6888485990169628,0.8333011357476046
2014,1,spco2_le_threshold,historical_density,1000,19,393456,94032,94031,27.69281865360681,17.82900267988891,-0.0500653877047481,12.666679830757856,50.56780925615715,88.36958016756142,0.458049423090085,0.7012508973750331
2014,1,spco2_le_threshold,random,1000,19,393456,94032,94031,24.451217887702715,15.11594601821364,1.64591169441617,10.209507998303764,43.7317190219928,92.67846801294924,0.5775003525123207,0.7647069935730598
2014,1,spco2_le_threshold,spatial_coverage,1000,19,393456,94032,94031,23.45767875891049,15.045564564317504,2.4000279214996607,10.18261403395462,44.43135580767847,87.48846133670946,0.6111380688783752,0.7870385970854631
2014,1,spco2_le_threshold,historical_density,5000,0,393456,94032,94031,26.57349457201929,15.808158643102685,-2.1337321825974738,9.954308906509029,50.564229576444745,94.12899114639649,0.50097454370829,0.7446401461081988
2014,1,spco2_le_threshold,random,5000,0,393456,94032,94031,19.666231347213262,11.927218883693326,0.5920057418469438,7.981008856497056,34.498316036927974,77.78530302421439,0.7266823694911932,0.8528939638748168
2014,1,spco2_le_threshold,spatial_coverage,5000,0,393456,94032,94031,18.527655065049803,12.081515809592691,1.5676707464254662,8.578531261737908,34.452112292142886,65.1123870381274,0.7574136986565534,0.8716600175149052
2014,1,spco2_le_threshold,historical_density,5000,1,393456,94032,94031,31.206656178266343,17.12193286553586,-3.748227145191626,10.01225257338058,55.83779921033437,151.15352978473064,0.3117918177860518,0.6816855010316358
2014,1,spco2_le_threshold,random,5000,1,393456,94032,94031,19.42902910758769,11.856326124534233,1.0923919206615,7.889637643959645,36.08142789631378,74.52066891942664,0.7332357933135836,0.8567942955361313
2014,1,spco2_le_threshold,spatial_coverage,5000,1,393456,94032,94031,20.847413904467903,12.542783658499529,2.014777741988656,8.79366114954803,35.752838348538376,64.84863016715384,0.6928646976518322,0.83533716456741
2014,1,spco2_le_threshold,historical_density,5000,2,393456,94032,94031,27.003743226365177,15.474345547540011,-1.6246166346109636,9.79127115295455,46.1355306714857,117.90331783983792,0.484684389340397,0.7296724056414894
2014,1,spco2_le_threshold,random,5000,2,393456,94032,94031,19.751083677548618,12.184022564842186,0.2684559860996439,8.11807368365396,36.53990183842666,78.21910207318906,0.7243187575696868,0.851192276857687
2014,1,spco2_le_threshold,spatial_coverage,5000,2,393456,94032,94031,19.569910293286725,12.320730232761566,2.434316674244775,8.464973108008337,35.964348822553944,71.454333443976,0.7293531172895156,0.8567368537985901
2014,1,spco2_le_threshold,historical_density,5000,3,393456,94032,94031,25.94818490288314,15.445863979232666,-1.846686429796192,9.885631504604987,48.3589316701154,88.32154881614994,0.5241836869383663,0.7549423568916341
2014,1,spco2_le_threshold,random,5000,3,393456,94032,94031,19.95943703995712,11.860301440356022,1.3204126454526854,7.915339201484699,34.66255283108072,73.3253318227871,0.718471779634656,0.8483813955554331
2014,1,spco2_le_threshold,spatial_coverage,5000,3,393456,94032,94031,20.61986629328305,12.724278201844992,2.202388723481856,8.884632930366763,36.375059469186766,69.76142301920632,0.6995328143443371,0.8401854838849365
2014,1,spco2_le_threshold,historical_density,5000,4,393456,94032,94031,26.47656305540744,15.788522004080196,-1.311031487516267,9.995936732080622,51.08509913178327,101.29419690314124,0.5046084709476426,0.7447257992816334
2014,1,spco2_le_threshold,random,5000,4,393456,94032,94031,21.36651488005793,12.277934916095557,1.0233548263460608,7.960676540659392,34.8572040672816,85.68206533502685,0.6773789214816074,0.829174996704805
2014,1,spco2_le_threshold,spatial_coverage,5000,4,393456,94032,94031,19.245247264877623,12.764259945007812,2.590846276510246,9.088703316217789,37.91859416265586,68.17972103840808,0.738258642722144,0.8621609210770094
2014,1,spco2_le_threshold,historical_density,5000,5,393456,94032,94031,27.323521364359152,16.1347150864328,-2.5385279052178,9.880553687526856,53.59224347676749,108.40333746352556,0.4724073974921977,0.7296605478236718
2014,1,spco2_le_threshold,random,5000,5,393456,94032,94031,19.73881870192722,12.046386668429845,1.3923483117308224,8.051834301697454,36.33103111412356,73.30914765352851,0.7246610348787392,0.8522377129783033
2014,1,spco2_le_threshold,spatial_coverage,5000,5,393456,94032,94031,20.518390703508132,12.638870511664882,2.092545867056669,8.742062621380398,36.357014497317806,66.66595080545487,0.7024828878046512,0.8414769640241473
2014,1,spco2_le_threshold,historical_density,5000,6,393456,94032,94031,29.85814040050996,16.813191801926806,-3.657050403826915,9.88447877822125,55.38852361262627,128.16740310868204,0.3699850267534903,0.709589183567106
2014,1,spco2_le_threshold,random,5000,6,393456,94032,94031,19.82229013650318,12.551235752149209,2.7640728894959383,8.575652368002181,36.97171262664597,71.4113749906415,0.7223274065255536,0.85358654422966
2014,1,spco2_le_threshold,spatial_coverage,5000,6,393456,94032,94031,18.09464090592389,11.88319746938672,1.816681176597539,8.235358002489477,35.2825317332275,63.918447210222666,0.7686202768365401,0.8786669253676709
2014,1,spco2_le_threshold,historical_density,5000,7,393456,94032,94031,26.04034293592487,15.252849483375224,-1.77384800823085,9.82142823298517,47.08945268528936,83.87982285536768,0.5207978497086423,0.7505960934521267
2014,1,spco2_le_threshold,random,5000,7,393456,94032,94031,18.9913526243786,11.689229595721118,1.4120813648461317,7.769969867113673,35.23888355836141,74.93219200766652,0.7451191804892334,0.8641479619423577
2014,1,spco2_le_threshold,spatial_coverage,5000,7,393456,94032,94031,19.698496989684795,12.504518005043154,2.456419642282553,8.720512608879403,36.17907390192286,66.69130943487386,0.7257847899700549,0.8544320999937665
2014,1,spco2_le_threshold,historical_density,5000,8,393456,94032,94031,28.72792255279832,16.670663064737155,-2.9607517695288568,10.193760488537464,54.47004397878143,120.7169533175369,0.4167781285633976,0.7116885243093917
2014,1,spco2_le_threshold,random,5000,8,393456,94032,94031,19.06944618628568,11.707389038745688,1.087503381854418,7.861332591445603,34.03293613795566,75.44336758974164,0.7430187007818907,0.8624709465079214
2014,1,spco2_le_threshold,spatial_coverage,5000,8,393456,94032,94031,20.70266889500956,13.296237460138707,2.3622113833196354,9.309729572355934,38.20904432063398,70.32163373214439,0.6971148143219126,0.837636300687444
2014,1,spco2_le_threshold,historical_density,5000,9,393456,94032,94031,28.717965699159716,16.694005251148383,-2.598754933519348,9.875526958980004,55.27131321254973,117.34854311317014,0.4171823379846776,0.7199580554764138
2014,1,spco2_le_threshold,random,5000,9,393456,94032,94031,20.54796558381879,12.483021515640347,1.5888344281331843,8.345143953487707,37.02553378022336,78.12773169753777,0.7016245968691175,0.8387216095431416
2014,1,spco2_le_threshold,spatial_coverage,5000,9,393456,94032,94031,18.578067250408385,11.892318284311967,1.5975015401508093,8.105018783507774,35.53610890826525,66.77023228082604,0.7560917890031355,0.8706582573771263
2014,1,spco2_le_threshold,historical_density,5000,10,393456,94032,94031,30.55150259980381,16.890043550730983,-3.0077637872447878,10.069415999612374,53.23830784209048,149.65115993854343,0.3403850213858946,0.6927083718733837
2014,1,spco2_le_threshold,random,5000,10,393456,94032,94031,18.84335555557052,11.641962957561168,1.034781347760816,7.813704627438256,34.772534420931464,76.01354103996663,0.7490762061083371,0.8659682324152789
2014,1,spco2_le_threshold,spatial_coverage,5000,10,393456,94032,94031,19.59756511989671,12.683335052940924,2.60931549165865,8.9800592066033,36.54343423585184,65.37471224780268,0.7285876583861951,0.8564086426107007
2014,1,spco2_le_threshold,historical_density,5000,11,393456,94032,94031,28.957814353277648,16.64711191422931,-3.123558986614222,10.186547499227231,53.13264469018728,130.25161861742373,0.407406452123912,0.7136015959747091
2014,1,spco2_le_threshold,random,5000,11,393456,94032,94031,22.24565819022588,12.524534321647783,0.7583395182680753,7.941129193781137,37.04961347859066,87.23604580155956,0.6502836964635532,0.8106994263100544
2014,1,spco2_le_threshold,spatial_coverage,5000,11,393456,94032,94031,19.89385597473068,13.05531742314129,2.7659799240888643,9.152569622166766,38.34302977623295,67.93044271327142,0.7203187844953911,0.8519621548645062
2014,1,spco2_le_threshold,historical_density,5000,12,393456,94032,94031,28.99308831599801,16.38472196590174,-2.84602464881263,9.862377155711158,52.33923493041772,126.81773673618864,0.4059618780500605,0.71491997791934
2014,1,spco2_le_threshold,random,5000,12,393456,94032,94031,19.46349101948045,12.4162106105539,1.81364840356156,8.424922645111963,37.07930280383098,71.84353435338767,0.7322886170361054,0.8573328894164943
2014,1,spco2_le_threshold,spatial_coverage,5000,12,393456,94032,94031,22.15420280950453,12.909745163162494,1.5625744003212074,8.720263633129719,37.67015700264204,70.8449241215308,0.6531532625562892,0.8121991532083944
2014,1,spco2_le_threshold,historical_density,5000,13,393456,94032,94031,28.76273683835652,16.32096367970091,-2.5425271935486813,9.912525372245398,50.88898227534224,129.38082134131966,0.4153637028708469,0.7075681690811247
2014,1,spco2_le_threshold,random,5000,13,393456,94032,94031,17.88847893318854,11.58435449817117,1.3930800639627656,8.067019149500823,34.066186867920294,64.03864094408235,0.7738627079923776,0.8811067983691999
2014,1,spco2_le_threshold,spatial_coverage,5000,13,393456,94032,94031,19.19513100569957,12.436237553998309,2.0347311462024944,8.82601314109587,35.67759507948517,65.34422470946967,0.73962006125622,0.8617625011031066
2014,1,spco2_le_threshold,historical_density,5000,14,393456,94032,94031,26.626420385197985,15.759104547657596,-1.5915951563540336,9.80177375169734,51.13341938674918,98.4648793869816,0.4989847693175401,0.7401880943274666
2014,1,spco2_le_threshold,random,5000,14,393456,94032,94031,21.43028444324904,12.695907893767854,1.4567248273026183,8.138837066468682,38.50495994009489,92.1718545670169,0.6754502862680019,0.824180610543684
2014,1,spco2_le_threshold,spatial_coverage,5000,14,393456,94032,94031,18.78748398538824,12.130100472882129,1.9558495451585975,8.567811480500666,35.000698259497426,66.18068591632982,0.7505620053887848,0.8679394691244654
2014,1,spco2_le_threshold,historical_density,5000,15,393456,94032,94031,26.025401426626928,15.410105834533242,-2.3881563037861087,9.65855250693005,49.09178540109804,102.55915337398856,0.5213476081551598,0.7536107643661302
2014,1,spco2_le_threshold,random,5000,15,393456,94032,94031,22.109326657982617,12.066817347783218,0.2478551347464403,7.678350554657754,34.528926749297455,94.84907079104497,0.65455700362405,0.8146857990554353
2014,1,spco2_le_threshold,spatial_coverage,5000,15,393456,94032,94031,20.12784132057952,12.491867443928426,2.4048666095155644,8.700724167729447,36.84251304229923,66.82214844512802,0.7137010472238328,0.8476428241344123
2014,1,spco2_le_threshold,historical_density,5000,16,393456,94032,94031,26.63837490668448,15.047138757628188,-2.042110784302086,9.411790250510649,47.34051385919332,84.45019599124764,0.4985347845437764,0.7483981722538078
2014,1,spco2_le_threshold,random,5000,16,393456,94032,94031,19.23688368181265,11.86019591936802,1.3375121372190415,8.123174854803494,34.235387256915175,74.21776053787487,0.7384860879594402,0.860102267285341
2014,1,spco2_le_threshold,spatial_coverage,5000,16,393456,94032,94031,20.3873703881366,12.15583232795491,1.2009003156927929,8.277999142618171,35.69444961100211,66.26624838008073,0.7062703514903481,0.8425047218331215
2014,1,spco2_le_threshold,historical_density,5000,17,393456,94032,94031,26.56469525545311,15.672721235058251,-1.51177115329429,9.916558496830136,49.84241242191189,100.81985058777228,0.5013049749159753,0.7473830779893327
2014,1,spco2_le_threshold,random,5000,17,393456,94032,94031,21.41175849687545,12.5249358850712,0.9276479380054607,8.208016618950865,36.68690372748662,91.3861757223614,0.6760111739912402,0.8248128620250397
2014,1,spco2_le_threshold,spatial_coverage,5000,17,393456,94032,94031,21.75287412493376,13.267145987028291,2.265295336513847,9.188421562564711,37.82710961577064,69.43643467946177,0.6656058639467874,0.8204075749324644
2014,1,spco2_le_threshold,historical_density,5000,18,393456,94032,94031,27.616806362779776,15.87280530513678,-2.173513565491024,9.764331452450731,51.401684655775085,95.2161886508678,0.4610204726403624,0.7217253161392965
2014,1,spco2_le_threshold,random,5000,18,393456,94032,94031,19.713814921277184,11.669455785999046,0.8073528637324807,7.691095522837031,33.91673185950194,73.33062741894322,0.7253581540707859,0.8519836489193751
2014,1,spco2_le_threshold,spatial_coverage,5000,18,393456,94032,94031,19.031257505265334,12.257787249313472,2.013799127215378,8.517837674420662,35.544381659332885,64.3408599912426,0.7440469372791589,0.8643463930320989
2014,1,spco2_le_threshold,historical_density,5000,19,393456,94032,94031,26.8149603607861,15.565220529800907,-1.59740703307939,9.666214163672407,50.84367684457945,92.95515531842102,0.4918643351362278,0.7380932299077639
2014,1,spco2_le_threshold,random,5000,19,393456,94032,94031,22.42909851447792,13.058882915600387,1.5566936963114597,8.424475420646218,38.73168295739754,96.31292837955888,0.6444923124238399,0.8103005664981779
2014,1,spco2_le_threshold,spatial_coverage,5000,19,393456,94032,94031,19.741610496184663,12.464124004964264,1.6135847273942188,8.533665027529764,36.81930877791086,67.44682792917021,0.7245831432770409,0.8525590083127783
2014,2,all,historical_density,1000,0,389736,97752,97752,40.054818097739066,22.77028361857121,0.0833221012338928,14.448206402512795,69.47408709150368,139.2549349903671,0.2990362741510126,0.5942788512755925
2014,2,all,random,1000,0,389736,97752,97752,38.982468584765854,18.90030511963453,2.803206022979684,11.032565354595732,53.56929899521371,171.45743158664737,0.3360663326569919,0.5953052145022272
2014,2,all,spatial_coverage,1000,0,389736,97752,97752,31.337792133323305,17.382612236094698,-1.36107779575542,11.829074218114243,50.20820205551149,83.37433765340151,0.5709352783247768,0.7561439937851936
2014,2,all,historical_density,1000,1,389736,97752,97752,40.2402526149471,22.572216214657438,-2.1226536291088984,13.495931564034947,75.51855417497673,141.16554640961425,0.292531001860957,0.5897933806887463
2014,2,all,random,1000,1,389736,97752,97752,32.092583696937005,17.015846378459596,-1.1193383907162933,10.943084861358445,51.35033906923162,99.74514348026187,0.5500177513047755,0.7433668548108756
2014,2,all,spatial_coverage,1000,1,389736,97752,97752,32.33130838258704,18.025180841575647,1.1495117898456977,11.990915699934476,52.602866788295856,107.47676027126226,0.5432983542392829,0.7378203367155645
2014,2,all,historical_density,1000,2,389736,97752,97752,42.39010237598553,23.83792835204722,-3.0159596137047138,14.516375739515809,80.95557225484389,138.38055859946442,0.2149181313388609,0.5843822826666258
2014,2,all,random,1000,2,389736,97752,97752,35.53741809168605,17.093689196183437,0.7583360292490267,10.438499889055096,46.75376409636188,168.25560276080114,0.4482304115105718,0.6696934718926664
2014,2,all,spatial_coverage,1000,2,389736,97752,97752,34.15414758909693,18.37550414294278,-0.1910840512901051,11.34871637318568,57.46914168598587,134.28956828496874,0.4903489559416665,0.7032214809561314
2014,2,all,historical_density,1000,3,389736,97752,97752,43.875543408987305,23.374189316885484,-6.115447818924324,13.482279745821812,76.81459937192965,171.3724950947868,0.1589321479565233,0.5752516207178381
2014,2,all,random,1000,3,389736,97752,97752,35.29398030388325,17.43986555880823,-0.2674022460507565,10.25835215505117,51.81751569466548,163.84463709589184,0.4557639641197258,0.675150548072357
2014,2,all,spatial_coverage,1000,3,389736,97752,97752,32.536692908003324,17.27202528962004,-0.2725416637015589,11.42354502537586,49.331568549780656,95.46278291381893,0.5374775331328625,0.7334740421621007
2014,2,all,historical_density,1000,4,389736,97752,97752,41.57475190339477,23.303842567190824,-2.475106529917172,14.833083131987848,71.88512420704517,153.57179841608152,0.2448289212564609,0.5832166506060155
2014,2,all,random,1000,4,389736,97752,97752,33.01404471332938,17.420455612306995,-0.6179716925362323,11.24244235445505,50.67782565521313,109.96240509933033,0.5238064737712622,0.724600922198809
2014,2,all,spatial_coverage,1000,4,389736,97752,97752,34.32754766838857,18.4676050653666,-0.5414850966497762,11.709083319514292,56.410224230555976,129.61387346555185,0.4851608383494398,0.6990693172169877
2014,2,all,historical_density,1000,5,389736,97752,97752,38.54821108149324,22.07681400065907,-0.9144662864126936,14.381346193498956,67.72590476195049,128.51282695154327,0.3507761384490605,0.6099767153966827
2014,2,all,random,1000,5,389736,97752,97752,33.97840870470877,16.757390903087565,-0.457676537888277,10.293657878056932,45.47034359893942,152.58836780673062,0.4955802431639687,0.7055694504961986
2014,2,all,spatial_coverage,1000,5,389736,97752,97752,33.311272353110915,18.45961847411443,0.2190477315445579,11.461428550321898,57.18083335802461,114.57161553872992,0.5151934718457043,0.7186437935199764
2014,2,all,historical_density,1000,6,389736,97752,97752,43.09658981932986,24.699602988593558,-2.0035410300778427,14.902726912410344,83.17328955675175,152.15168766807747,0.1885311945352441,0.5599828878685379
2014,2,all,random,1000,6,389736,97752,97752,33.064094324621294,17.04882238686729,-0.2066311838815731,10.52240158803872,51.94516010030969,120.0913892628804,0.5223615513540316,0.7247346823730045
2014,2,all,spatial_coverage,1000,6,389736,97752,97752,32.038717479587,17.687012621824348,0.6868085323966002,11.488350118776625,52.80281258776546,108.3297566608432,0.5515270407929644,0.7428898903428357
2014,2,all,historical_density,1000,7,389736,97752,97752,42.60794063036856,23.356657725112616,-1.4485781996448546,13.483831802925238,79.37136491840053,163.03291009102077,0.2068284932735862,0.5568777979929218
2014,2,all,random,1000,7,389736,97752,97752,32.29916755897491,17.00416474827624,-0.4437694776959958,10.964336410939609,48.01615830173817,115.2439635603566,0.5442059247417641,0.738868568314167
2014,2,all,spatial_coverage,1000,7,389736,97752,97752,32.357885005917524,17.288067340749855,-1.4949778944790708,11.261218811137551,49.59491065803126,99.17264343310126,0.542547220009103,0.7373720774594055
2014,2,all,historical_density,1000,8,389736,97752,97752,41.01236531431018,23.282555088236712,-1.7674640460133486,14.049655854582198,73.6398321288093,138.89238902331985,0.2651213149423013,0.5917930712667631
2014,2,all,random,1000,8,389736,97752,97752,35.497129758009486,18.13823610712949,0.2551423270422626,11.00900589366634,53.486000318386765,148.6534542085929,0.449480771138113,0.6706923188763941
2014,2,all,spatial_coverage,1000,8,389736,97752,97752,31.52915375933089,17.02677390208461,-1.3048937013252295,11.160286348259376,51.966880441336336,95.1052864434168,0.565679183014399,0.753370298946307
2014,2,all,historical_density,1000,9,389736,97752,97752,42.02142501052296,22.672638840849064,-5.969528033184561,12.3976740863817,86.08805887041476,146.84660226658548,0.2285148543636961,0.5971800194855192
2014,2,all,random,1000,9,389736,97752,97752,35.20764342906084,17.880400483840937,-1.03821166661134,10.621946653863546,54.068182303297846,154.97240590640783,0.4584233506228174,0.6781395360727801
2014,2,all,spatial_coverage,1000,9,389736,97752,97752,30.991258756307467,16.70261332818292,-2.9354802755029787,11.38185698539914,49.07822065139494,86.29610966721663,0.5803720098871724,0.7648571130243161
2014,2,all,historical_density,1000,10,389736,97752,97752,44.57254009347145,24.675945431242624,-6.006086435258606,14.166374890167988,87.81192023480533,162.2038664599127,0.131997881270741,0.5573152058149689
2014,2,all,random,1000,10,389736,97752,97752,40.33320873290921,19.69714185408621,2.5645043129955614,11.28983443088211,57.78515411389328,176.86590970508135,0.2892586799832697,0.5551028366792965
2014,2,all,spatial_coverage,1000,10,389736,97752,97752,32.29229296936527,17.285095582531646,-2.8305911365472,11.054180978735303,51.53218171903214,100.76837314733322,0.5443999274974305,0.7406419745772999
2014,2,all,historical_density,1000,11,389736,97752,97752,44.18945564893581,24.534379089259136,-5.859697288159266,14.517467952018166,85.42461217693156,165.2024525623067,0.1468540763148487,0.5639072925667361
2014,2,all,random,1000,11,389736,97752,97752,34.73322422999787,17.249404499049035,0.2584222001685585,10.57763074876263,47.90881568694323,158.26734126137814,0.4729203889913422,0.6891569161922722
2014,2,all,spatial_coverage,1000,11,389736,97752,97752,32.705285060236534,18.10460891667529,0.2227885538086256,11.7008535013523,54.77123948341768,105.3475227326997,0.5326719013550915,0.7298591409898881
2014,2,all,historical_density,1000,12,389736,97752,97752,38.191731653947286,21.980307498589923,-1.4297156296122917,14.469485955821682,64.95289069870289,127.74184459541118,0.3627281762818686,0.6227661913720945
2014,2,all,random,1000,12,389736,97752,97752,32.09430692787663,16.80531684097677,-0.1313166856196918,10.556977217046438,51.482310429476215,106.6705801983879,0.5499694258624257,0.7431422045425
2014,2,all,spatial_coverage,1000,12,389736,97752,97752,31.523161899127807,16.814187584999626,-0.9313621289990556,11.167150761111005,47.9438189535135,96.6781026125429,0.5658442456327615,0.7524801064499064
2014,2,all,historical_density,1000,13,389736,97752,97752,41.73688677392498,23.6081586422155,-2.8771028971327963,13.996801525993533,79.56780252715839,145.28980533089768,0.2389273436495796,0.573277617060881
2014,2,all,random,1000,13,389736,97752,97752,35.85708456675685,18.116687176163538,2.1594289907905795,10.930500872591466,51.73346783931024,155.98029031193937,0.4382592010849417,0.6636128386214323
2014,2,all,spatial_coverage,1000,13,389736,97752,97752,34.288276341803495,18.48813574203407,-0.6375983054060849,12.207991067530088,53.62643202612541,109.246264318072,0.4863381349006807,0.7005313933171269
2014,2,all,historical_density,1000,14,389736,97752,97752,39.86505207185221,21.98866369238105,-1.8768024840481687,13.798084806948822,67.25391210504381,131.87627954763653,0.3056623934220727,0.6091163974966812
2014,2,all,random,1000,14,389736,97752,97752,32.15992679528228,16.952842006814002,0.7547686300264101,10.650466381977168,49.48819377551715,108.7306006298038,0.548127283822321,0.7418591426576916
2014,2,all,spatial_coverage,1000,14,389736,97752,97752,31.76280861547621,17.212304232408385,1.1617980968819286,11.117767657130656,51.47089731743189,109.27916897084692,0.5592180394731754,0.7491946333075347
2014,2,all,historical_density,1000,15,389736,97752,97752,50.52673538643825,27.046738626726484,-7.014459433539226,14.211631884068169,104.13400854417937,197.1227968398042,-0.1153944880716968,0.5056525054615394
2014,2,all,random,1000,15,389736,97752,97752,33.75815598797016,17.599081375300116,0.0784925413107716,10.789175155955746,52.68300084290769,124.7382589306923,0.5020984848286898,0.7091088988443918
2014,2,all,spatial_coverage,1000,15,389736,97752,97752,32.00074014918743,16.60658976288479,-1.7686817206380352,10.66739154308584,50.00419461814264,100.52478714685807,0.5525896121252629,0.7442826967855637
2014,2,all,historical_density,1000,16,389736,97752,97752,40.86269507754618,23.14861050575494,-2.855874747581049,14.350668032988152,76.74123312380158,147.85122747253638,0.270475249959303,0.5836729142757868
2014,2,all,random,1000,16,389736,97752,97752,33.33029047329837,17.258106970982134,-1.1815258511990523,10.750238705069904,51.62962375001346,116.03655450162051,0.5146397409223504,0.7198444854926211
2014,2,all,spatial_coverage,1000,16,389736,97752,97752,33.89198907521213,17.58938768005082,0.1467015621382837,10.734345104164449,53.05990532535062,124.32941802511095,0.4981428313004402,0.7061693524546939
2014,2,all,historical_density,1000,17,389736,97752,97752,39.6526870427745,21.432272252708028,-1.8365355446138345,12.738614511626537,70.74134046488817,150.15462367839294,0.3130402981293975,0.6046129885896986
2014,2,all,random,1000,17,389736,97752,97752,34.328256948832966,17.24307283118316,-0.805075136881809,10.11141522179716,55.90267936140221,121.51755740273428,0.4851395627765125,0.6968755402496446
2014,2,all,spatial_coverage,1000,17,389736,97752,97752,34.396554536839595,18.398878407615097,0.8585675278864454,11.477046121857144,55.92168291627376,132.47730133575408,0.4830888495130783,0.6953382776956223
2014,2,all,historical_density,1000,18,389736,97752,97752,43.98404615330549,23.98026063393344,-5.112377282123612,13.75563401255954,86.57654064983666,161.41214911310212,0.1547671392888621,0.5632492929113131
2014,2,all,random,1000,18,389736,97752,97752,34.20414974568064,17.03619660803396,-0.3739212869892762,9.808198403539391,54.509753172827175,133.5914644153518,0.4888555908705549,0.6992276496764469
2014,2,all,spatial_coverage,1000,18,389736,97752,97752,33.338827588544305,17.03574685115231,-0.5399074321652021,10.05443134244078,52.5438195242489,129.81531376128774,0.5143910717946601,0.7189646560967318
2014,2,all,historical_density,1000,19,389736,97752,97752,42.43922923631382,23.740760130119316,-3.369509656731559,13.872943280511675,82.73836967544338,149.28756505743596,0.2130973781834759,0.5750556660300008
2014,2,all,random,1000,19,389736,97752,97752,34.84568949212087,17.20548163025403,1.1742325769978117,10.257478838394404,49.849778304544216,156.31307158867125,0.4695015231380218,0.6873616864092196
2014,2,all,spatial_coverage,1000,19,389736,97752,97752,34.02086433507651,18.637283210046867,1.547940700266865,11.91266703771663,56.49727172110381,125.51096997482726,0.4943189222988756,0.7045599206268917
2014,2,all,historical_density,5000,0,389736,97752,97752,38.2360593591423,20.022127640492165,-5.42869842583474,11.802369441702211,66.53328494305732,148.99743513671345,0.3612480029582336,0.655425767677486
2014,2,all,random,5000,0,389736,97752,97752,28.60613781040684,13.735541270595462,0.7566407570776387,8.541853695688928,39.85614955874258,93.76498814874672,0.6424766016843144,0.8038844033540818
2014,2,all,spatial_coverage,5000,0,389736,97752,97752,28.598572947082115,14.213802454905634,-1.3193364567343533,9.589673158138709,39.50560396970588,78.81020386430039,0.6426656700615403,0.8021974668896058
2014,2,all,historical_density,5000,1,389736,97752,97752,39.15139172510989,19.284099240423654,-5.63718335357295,10.959042200341912,62.10791195033013,165.96270117937252,0.3302998041285976,0.6433953275024822
2014,2,all,random,5000,1,389736,97752,97752,28.386810069560863,13.928066457744611,-0.6513086386731369,8.927280468918951,40.45218109438482,87.1374135979202,0.6479379603964616,0.8094477909338285
2014,2,all,spatial_coverage,5000,1,389736,97752,97752,28.92502378267083,14.433339141373104,-0.7779131938677197,9.480433962788595,41.32321172205305,84.34351305000767,0.6344612132312026,0.7976749610989123
2014,2,all,historical_density,5000,2,389736,97752,97752,34.666736101101854,17.905585076623513,-4.163677373226521,10.948394932443932,57.92405547346868,104.50686972112062,0.4749363835246073,0.7088861343620965
2014,2,all,random,5000,2,389736,97752,97752,29.047543641176237,14.135935956187392,-0.5018817372566783,8.723478223611181,43.6423997499308,89.01837834893465,0.6313579755677763,0.7965908685721819
2014,2,all,spatial_coverage,5000,2,389736,97752,97752,29.587990336841308,14.340282809425425,-0.7642498030150999,9.176078529952008,41.07683394083908,85.88773333148482,0.6175127585651654,0.786206300949435
2014,2,all,historical_density,5000,3,389736,97752,97752,41.63786263121467,20.888925009025364,-6.7004988047665055,11.549855923982776,69.53501490335675,181.1536423499765,0.2425344724454816,0.6185350602041162
2014,2,all,random,5000,3,389736,97752,97752,28.58879965620023,13.917825616656993,-0.7273704602968548,8.877853066390884,41.26314114589729,85.83468658375219,0.6429098595614371,0.8045729703850288
2014,2,all,spatial_coverage,5000,3,389736,97752,97752,28.28356196891001,13.887504869139295,-0.7487923407687853,9.234505853360474,38.70335967839921,79.82666138090144,0.6504943329821204,0.8067767459016854
2014,2,all,historical_density,5000,4,389736,97752,97752,40.55805440248666,20.05512404335051,-6.6793403203177935,11.452169462924276,64.28791668571176,175.63306458019946,0.2813122481653384,0.6340365607029937
2014,2,all,random,5000,4,389736,97752,97752,28.795213745124645,13.632631816951466,-1.3970301962966931,8.800947767962526,38.878954761938765,83.83377658961442,0.6377347890334026,0.8005916673576167
2014,2,all,spatial_coverage,5000,4,389736,97752,97752,28.432084449641984,14.93220981692659,-1.2051754047612853,9.72813127429427,43.82115809914271,87.98421907759817,0.6468140509826774,0.804889264845871
2014,2,all,historical_density,5000,5,389736,97752,97752,41.85885180343064,21.53082807893056,-6.144209464271239,11.281264263581988,86.64521940955218,156.57430198152858,0.23447277679756,0.604186060261215
2014,2,all,random,5000,5,389736,97752,97752,29.29549410564621,14.30767765339152,0.0236484164753909,8.969383450394076,42.55223169312826,94.5418232231972,0.625037642276695,0.7935359155280555
2014,2,all,spatial_coverage,5000,5,389736,97752,97752,27.6457169844366,13.833342492626238,-0.7741367667621067,9.190496925512464,39.47745980686118,79.62672137774268,0.6660805379064927,0.8164869568680136
2014,2,all,historical_density,5000,6,389736,97752,97752,42.066124328450464,20.53623086924675,-6.742002327175166,11.204889913067376,69.76052666934696,186.5987586420445,0.2268726824940798,0.6121760157421142
2014,2,all,random,5000,6,389736,97752,97752,28.690876839007128,14.038460509308528,-0.6562457393599919,9.057834815379609,41.86305638516301,87.45770949776042,0.6403553046132411,0.8004647810812704
2014,2,all,spatial_coverage,5000,6,389736,97752,97752,27.31389046204777,13.560157466700598,-0.3882159761421714,9.01010799120246,38.82264221142482,72.20206907427408,0.6740483802869537,0.8216883541972565
2014,2,all,historical_density,5000,7,389736,97752,97752,42.78266355507909,21.22539145671838,-6.832385662363389,10.766474764910669,87.1439583487732,172.38787378857634,0.2003100184288433,0.6019340566971436
2014,2,all,random,5000,7,389736,97752,97752,30.156182388563675,14.146809088507572,0.3764655553876983,8.737441084748468,39.00408074230531,127.09528463009153,0.6026815438371207,0.7766276870218208
2014,2,all,spatial_coverage,5000,7,389736,97752,97752,29.15022276407933,14.646365753094674,-0.6544890997872289,9.604789354896326,41.67704384006528,87.93695417829333,0.6287471702783902,0.7931308976957073
2014,2,all,historical_density,5000,8,389736,97752,97752,35.45070146010453,17.8890837174151,-3.640355496410192,10.89570750037518,55.20384793843047,113.956427410387,0.4509199272395059,0.6916515940735573
2014,2,all,random,5000,8,389736,97752,97752,29.677610545519,14.55252849229043,-0.5361900034513415,9.020291523079322,43.755733396663615,96.974373801414,0.6151921886399094,0.7870329843005018
2014,2,all,spatial_coverage,5000,8,389736,97752,97752,28.20476192125297,14.874105048395672,0.0227633824747575,9.884060421337267,42.36415613962703,91.52744307537684,0.6524391161428418,0.8085853307896429
2014,2,all,historical_density,5000,9,389736,97752,97752,37.72771174020996,19.64543595148776,-6.1295363839461885,11.532660740005696,63.71217321037997,136.18192401194997,0.3781194886049538,0.6674471052061995
2014,2,all,random,5000,9,389736,97752,97752,29.080781324690133,13.848027189354909,-1.0699317154625942,8.686909055386565,41.08185939864441,87.58217532106235,0.6305138548232958,0.7952372609258826
2014,2,all,spatial_coverage,5000,9,389736,97752,97752,27.422853379948904,14.53248728379334,-0.5915839093630572,9.473987743127168,43.04743400713431,82.92246376017435,0.6714425645652717,0.8208450469960149
2014,2,all,historical_density,5000,10,389736,97752,97752,38.99191230236657,20.339517574809395,-4.9118163880614825,11.79532324009972,69.34255482403314,146.1429766238311,0.3357446105209185,0.6349365065311624
2014,2,all,random,5000,10,389736,97752,97752,31.579496596618995,14.863397292881857,0.9447316466144404,9.131394899432337,40.78906140881656,123.20046581380898,0.5642911090847057,0.7519463889799288
2014,2,all,spatial_coverage,5000,10,389736,97752,97752,28.51779201272037,14.547799025668784,-0.9020584950074644,9.637414248321877,42.60794712516046,81.17771652025198,0.6446815072311287,0.8032238653097601
2014,2,all,historical_density,5000,11,389736,97752,97752,37.19239259197397,18.96960569021555,-4.9776534123982055,11.040411367948394,60.16641482813971,135.22221686404663,0.395642032977099,0.6694019341048039
2014,2,all,random,5000,11,389736,97752,97752,28.757144407577563,13.79429777535933,-1.5532396337178596,9.127229097463411,39.648094567393535,76.32239696852785,0.6386920370152644,0.8003629912724682
2014,2,all,spatial_coverage,5000,11,389736,97752,97752,27.993050485156967,13.9321971365183,-0.9473148543218768,9.211899250138543,40.45357275315156,78.9419208646024,0.6576372773637892,0.8113346584858261
2014,2,all,historical_density,5000,12,389736,97752,97752,39.809935540817314,20.184640896958346,-5.419229413387575,11.497124065034257,67.45574625743588,163.52402919260155,0.3075810175296343,0.6334247472647406
2014,2,all,random,5000,12,389736,97752,97752,28.96773248676812,13.647598391871192,-0.9994107259161124,8.699027572836286,39.08469676450675,84.83091085005759,0.6333809573551292,0.7962977291638699
2014,2,all,spatial_coverage,5000,12,389736,97752,97752,28.967818675756227,15.000680098257698,-0.4343268015769391,9.849508243377926,43.25497754286607,86.0982062507282,0.6333787757158635,0.7968834386864357
2014,2,all,historical_density,5000,13,389736,97752,97752,43.05673820801465,21.74815149041007,-7.866996162265887,11.443054294465924,79.49353980407702,176.57243226988757,0.1900312384069757,0.6056315221137465
2014,2,all,random,5000,13,389736,97752,97752,30.36624711493628,14.880337433181666,0.2946835980885691,9.174438302438318,43.70300739100061,96.81408123356223,0.5971269091407072,0.7740128068084018
2014,2,all,spatial_coverage,5000,13,389736,97752,97752,28.041065810163737,13.831171621407426,-0.9732970137157752,8.98514680893257,39.894468237893285,80.27193393322787,0.656461788777303,0.8108094507471993
2014,2,all,historical_density,5000,14,389736,97752,97752,39.07106391637653,19.838265208490007,-5.608785153116724,10.949151084367683,68.60724486472918,155.3632983552302,0.3330450634970826,0.6428763594994187
2014,2,all,random,5000,14,389736,97752,97752,28.0270976059482,13.753307492657122,-0.7157857140732947,8.959868317929875,39.15732277416248,81.26296608937578,0.6568039595597661,0.8110676316844873
2014,2,all,spatial_coverage,5000,14,389736,97752,97752,27.583948679508307,14.01344121704412,-1.1726116849572092,9.201176307307776,40.44084083768591,82.61937303889432,0.6675710109102548,0.817840214989003
2014,2,all,historical_density,5000,15,389736,97752,97752,43.269411011633935,21.09027755966146,-7.0901651502479,11.182712678083275,71.7311320639355,190.25984147642612,0.182010020003013,0.603381764653707
2014,2,all,random,5000,15,389736,97752,97752,30.035032658330994,14.852019586288296,0.4959893368975048,9.06412437774972,44.49003890346377,105.42945741281602,0.6058675130764235,0.7789954578775438
2014,2,all,spatial_coverage,5000,15,389736,97752,97752,27.62763051282812,13.62267903429523,-1.1796779458110114,9.249561163837145,37.884257972248136,72.60271800095371,0.6665173107569059,0.8175245240832474
2014,2,all,historical_density,5000,16,389736,97752,97752,36.47225844855619,18.515549355940173,-4.898119500293396,10.92425749091214,59.543558014234165,130.1747489028034,0.4188191041793884,0.680080433824525
2014,2,all,random,5000,16,389736,97752,97752,28.560835118925475,13.8856878052391,-1.1839846792030058,8.863425575256741,40.02619268113504,85.422776022838,0.6436081034022182,0.8049598109404411
2014,2,all,spatial_coverage,5000,16,389736,97752,97752,27.478790413015613,13.898642222480625,-0.4135306416927288,9.15133006371184,39.80030410041785,75.54157345156035,0.6701008170744788,0.8200292924232753
2014,2,all,historical_density,5000,17,389736,97752,97752,35.44139945071859,18.021334615128087,-4.828387958917783,10.9639097515404,54.79899783708191,119.94831592465196,0.4512080387683708,0.6941626467581944
2014,2,all,random,5000,17,389736,97752,97752,28.293002831486945,13.862417175719155,-0.3122932014704066,8.898199092092398,41.06015670526968,88.49015659292444,0.6502609687634431,0.8106419485033722
2014,2,all,spatial_coverage,5000,17,389736,97752,97752,29.18137846432251,14.547286142023,-0.812734854123227,9.343333034195098,41.73793700649781,85.16427352144451,0.6279531576100932,0.7927933061280918
2014,2,all,historical_density,5000,18,389736,97752,97752,39.378045953325305,19.82396466652042,-5.154211881977914,11.41050711076872,61.89791955709232,165.4401753172251,0.322523337198317,0.6343793768312188
2014,2,all,random,5000,18,389736,97752,97752,28.673083501700525,13.939432798465866,0.135662194092129,8.775631408280333,41.23968997097932,94.77019034545768,0.6408012509032718,0.8037473278783835
2014,2,all,spatial_coverage,5000,18,389736,97752,97752,28.91277723667628,14.562714633928952,-1.1863677206323493,9.153565155134828,43.401965206085904,88.61708716513682,0.6347706781380538,0.7971141183785321
2014,2,all,historical_density,5000,19,389736,97752,97752,38.00374506279711,19.15519024153854,-5.222041619479648,11.011510310803176,65.5194545702081,149.6227118546512,0.3689862702486995,0.6550897611145025
2014,2,all,random,5000,19,389736,97752,97752,30.755476601102384,14.499843498506785,0.0144204599263176,8.792476369948588,41.100068907317166,109.51073696724652,0.5867327983175215,0.7670222088793365
2014,2,all,spatial_coverage,5000,19,389736,97752,97752,27.89606875083977,14.202336385018809,-0.7310523201704772,9.216025877771898,42.88374790527409,81.7895031584984,0.660005394762069,0.8125920359276502
2014,2,spco2_le_threshold,historical_density,1000,0,389736,97752,97735,36.51510336822768,22.580758078056714,0.2768227918710308,14.44484580775844,69.4004744809859,137.2248575076224,0.3450595063991442,0.6350687610100496
2014,2,spco2_le_threshold,random,1000,0,389736,97752,97735,36.02791194316314,18.72947404071666,2.9778122048742244,11.02973659813398,53.46632500947973,167.9219859966563,0.3624195980318048,0.6212892653383959
2014,2,spco2_le_threshold,spatial_coverage,1000,0,389736,97752,97735,26.646804507897183,17.190212132287368,-1.1658909104932806,11.82560842647689,50.151802362145766,83.07188930261658,0.6512236362442398,0.8074029506800907
2014,2,spco2_le_threshold,historical_density,1000,1,389736,97752,97735,36.6202178720803,22.37901894496992,-1.9258993679244365,13.492625519051558,75.39432421088158,140.1546820276545,0.3412833794003956,0.632168116274393
2014,2,spco2_le_threshold,random,1000,1,389736,97752,97735,27.57273464368865,16.82230274591881,-0.9230297237887316,10.940477117843386,51.22720343338033,99.13738454542758,0.6265637644160669,0.7936091186372686
2014,2,spco2_le_threshold,spatial_coverage,1000,1,389736,97752,97735,28.28518922758225,17.84272577456414,1.3353020978121746,11.987263634476278,52.54879564794066,106.60581790061178,0.607015925623422,0.7799718906578423
2014,2,spco2_le_threshold,historical_density,1000,2,389736,97752,97735,38.72310997177439,23.63201885031952,-2.806428344252532,14.509972142073195,80.73039856946023,137.58981801771927,0.263458481055715,0.6301637241520052
2014,2,spco2_le_threshold,random,1000,2,389736,97752,97735,31.97804253237071,16.912388195929168,0.9427422060401772,10.43632732594972,46.63855635282966,166.0796707262615,0.4977030678920391,0.7057912163196874
2014,2,spco2_le_threshold,spatial_coverage,1000,2,389736,97752,97735,30.42319825102466,18.197545069322523,-0.0099619844580183,11.343845675846753,57.4260385499716,132.79473569179444,0.5453611871741195,0.7419376570408187
2014,2,spco2_le_threshold,historical_density,1000,3,389736,97752,97735,40.20620004834756,23.16453881306408,-5.902795334180366,13.478619746982533,76.69143347794571,170.4254118232948,0.2059591742041084,0.6223337984367071
2014,2,spco2_le_threshold,random,1000,3,389736,97752,97735,31.679394984139563,17.258998106965215,-0.0835478204898704,10.256179739968616,51.743388877138045,162.15352441324225,0.5070413046388064,0.7120749375028128
2014,2,spco2_le_threshold,spatial_coverage,1000,3,389736,97752,97735,27.780440829791928,17.073770737182883,-0.0713302255874104,11.419913106584602,49.25981069027704,94.55518361904292,0.6209163618658853,0.7880785363734937
2014,2,spco2_le_threshold,historical_density,1000,4,389736,97752,97735,37.762876078791415,23.0976817793818,-2.2653227972814887,14.83018383902902,71.75034415501928,153.1181966460486,0.2995342564983574,0.6308301608253961
2014,2,spco2_le_threshold,random,1000,4,389736,97752,97735,28.766728184406464,17.229316628105778,-0.4239100887347083,11.239873335340349,50.61426193349188,108.99914920928966,0.5935213743919303,0.7713883676365578
2014,2,spco2_le_threshold,spatial_coverage,1000,4,389736,97752,97735,30.66572214150646,18.290291281900902,-0.3610532486271857,11.70610744297352,56.32138930903578,128.09459322940216,0.5380838289990273,0.7365513632034962
2014,2,spco2_le_threshold,historical_density,1000,5,389736,97752,97735,34.783423625423794,21.88464136464183,-0.7186126772421101,14.373817705118483,67.59774280653431,127.13300632013396,0.4057058899355718,0.6536757472346386
2014,2,spco2_le_threshold,random,1000,5,389736,97752,97735,30.09871627120777,16.572540996580546,-0.2699914633840369,10.29116716647968,45.3829540513657,150.82419645843342,0.5550074705295462,0.7465351462720403
2014,2,spco2_le_threshold,spatial_coverage,1000,5,389736,97752,97735,29.25143189830303,18.27562711970034,0.4062880482085724,11.459492154422662,57.08151429560929,113.6989518404486,0.57970808618046,0.762315286454333
2014,2,spco2_le_threshold,historical_density,1000,6,389736,97752,97735,39.95823039816322,24.514014849133822,-1.8140051436155549,14.898206499049593,83.02587595545369,151.55234285426985,0.215723382032541,0.5953806479276428
2014,2,spco2_le_threshold,random,1000,6,389736,97752,97735,28.82595956618442,16.85806227497198,-0.0129415457116378,10.517453070795284,51.86473613552143,119.33678516325313,0.5918457526574876,0.7716482149823294
2014,2,spco2_le_threshold,spatial_coverage,1000,6,389736,97752,97735,27.92877071768533,17.505496374725038,0.8715207170783681,11.485504239498423,52.746600235456285,107.43844116973288,0.6168574235213897,0.7857222402288039
2014,2,spco2_le_threshold,historical_density,1000,7,389736,97752,97735,39.25663948557068,23.16152674064941,-1.249636529634686,13.478273487703063,79.24656656790962,162.23536527055148,0.2430224262727893,0.5959274310626851
2014,2,spco2_le_threshold,random,1000,7,389736,97752,97735,28.165206874621912,16.818007784181578,-0.2547320028365164,10.96265773074225,47.95230852775919,114.0302067086695,0.6103428363111283,0.7823859903016052
2014,2,spco2_le_threshold,spatial_coverage,1000,7,389736,97752,97735,27.688127657500637,17.09206722696825,-1.2962307349043891,11.258976486951326,49.50296142594326,98.3245665360866,0.6234315322314482,0.7904584259312459
2014,2,spco2_le_threshold,historical_density,1000,8,389736,97752,97735,37.25075001320519,23.079188876170846,-1.5603555047131483,14.046508422459452,73.56436214079595,137.72360952942546,0.3184043396529743,0.6380444103060299
2014,2,spco2_le_threshold,random,1000,8,389736,97752,97735,31.91066709026809,17.95687263038887,0.439705143153437,11.006622873944307,53.40579597906929,147.37424643322316,0.4998174453431619,0.7072052892104661
2014,2,spco2_le_threshold,spatial_coverage,1000,8,389736,97752,97735,27.08286637694096,16.838380521727547,-1.11376566129238,11.157754994552135,51.89998656067272,94.58839273133916,0.6397151271227519,0.8011201251127483
2014,2,spco2_le_threshold,historical_density,1000,9,389736,97752,97735,38.53463901173737,22.475859941498133,-5.769843799166109,12.39350688533409,85.9497154787086,146.1191188282765,0.2706107406168234,0.6394208300032601
2014,2,spco2_le_threshold,random,1000,9,389736,97752,97735,31.51285680383396,17.696483789231557,-0.851365446142313,10.619729334832073,53.927675373945135,152.6893077491965,0.5122106365749838,0.7166026666976784
2014,2,spco2_le_threshold,spatial_coverage,1000,9,389736,97752,97735,26.126213717360443,16.507225244657768,-2.737697540502969,11.380768322073152,49.03186870888764,85.98916673111538,0.6647183969626833,0.8184930377167705
2014,2,spco2_le_threshold,historical_density,1000,10,389736,97752,97735,41.28683467650217,24.4798566473098,-5.806750220999575,14.164050578965371,87.59983388780599,161.7847691562132,0.1627021992696845,0.5972276462117303
2014,2,spco2_le_threshold,random,1000,10,389736,97752,97735,37.49667320597303,19.52453622308102,2.7409821288356704,11.286508381744966,57.67488446953206,174.314686355033,0.3093750728035632,0.5778508752126001
2014,2,spco2_le_threshold,spatial_coverage,1000,10,389736,97752,97735,27.738291551872184,17.0911389328763,-2.634120274218996,11.050907544416532,51.408890979957,100.09881057967372,0.6220658022581669,0.7911490831808015
2014,2,spco2_le_threshold,historical_density,1000,11,389736,97752,97735,40.76393546015299,24.33342523167184,-5.655495161368323,14.514245884385788,85.2597460960574,164.12193874883778,0.1837767064062491,0.6063774864335044
2014,2,spco2_le_threshold,random,1000,11,389736,97752,97735,30.975230870643617,17.06553795525079,0.445334050703252,10.576032692998352,47.85162587496258,156.96613300599577,0.5287125467019127,0.7285929219020822
2014,2,spco2_le_threshold,spatial_coverage,1000,11,389736,97752,97735,28.621556014587902,17.922382349999694,0.4082029831434378,11.698789149514596,54.658437060983616,104.67002387564894,0.5976136359352119,0.7731079165552063
2014,2,spco2_le_threshold,historical_density,1000,12,389736,97752,97735,34.42176732571389,21.78755325425417,-1.2333868207728096,14.466442013330663,64.88130835123611,126.52212361098486,0.4179998409909078,0.666308467350041
2014,2,spco2_le_threshold,random,1000,12,389736,97752,97735,27.65993603134445,16.613435249199046,0.0634651773264072,10.55442868286184,51.37031663754213,106.26942996037332,0.6241979742988434,0.7919533980091216
2014,2,spco2_le_threshold,spatial_coverage,1000,12,389736,97752,97735,26.8959804212048,16.622393859397945,-0.7368057489465429,11.165313434011807,47.89532509335159,96.06115976476426,0.6446702798171787,0.8030877156375847
2014,2,spco2_le_threshold,historical_density,1000,13,389736,97752,97735,38.29433369203751,23.41640980577222,-2.6817481063469883,13.992053612872668,79.35297105794966,144.63367855848605,0.2796794437459358,0.6134556558126882
2014,2,spco2_le_threshold,random,1000,13,389736,97752,97735,32.393885435233386,17.937793355232376,2.341849633994608,10.92702282200804,51.63869975036311,152.45268571472545,0.4845543749218428,0.6980454545855879
2014,2,spco2_le_threshold,spatial_coverage,1000,13,389736,97752,97735,30.03211262085108,18.295840022620208,-0.442197668240931,12.20557823428561,53.55108675830115,108.68457768941822,0.5569746862976647,0.7489635977633287
2014,2,spco2_le_threshold,historical_density,1000,14,389736,97752,97735,35.901212231260246,21.783045247128467,-1.6676857869866963,13.793087007987936,67.14295181204776,131.11118398342143,0.3668960834444502,0.6581729264711191
2014,2,spco2_le_threshold,random,1000,14,389736,97752,97735,27.875637723781576,16.76680305354038,0.9438876404016496,10.6484301415976,49.42146703531829,108.05792242765474,0.618313853369043,0.7881327430618281
2014,2,spco2_le_threshold,spatial_coverage,1000,14,389736,97752,97735,27.7200911664867,17.031747899248323,1.3455504165319714,11.115286607710004,51.389335845680655,108.67701879356352,0.6225616000161851,0.7904658928435597
2014,2,spco2_le_threshold,historical_density,1000,15,389736,97752,97735,47.58801575410502,26.84576498944126,-6.810001386919739,14.206918597949482,103.87989069197516,196.7365782119687,-0.1123769148189279,0.5428662859536612
2014,2,spco2_le_threshold,random,1000,15,389736,97752,97735,29.65341785595701,17.410044197969874,0.270604551163466,10.78562562640576,52.578723930485225,124.06275336662192,0.5680770419042676,0.7543848871297124
2014,2,spco2_le_threshold,spatial_coverage,1000,15,389736,97752,97735,27.622254165640182,16.417893193552572,-1.577404249513029,10.666069548833718,49.92366799272817,99.67739567525476,0.6252212070024955,0.7914884031683834
2014,2,spco2_le_threshold,historical_density,1000,16,389736,97752,97735,37.281959058330585,22.95417561895714,-2.6579101477030918,14.347892636073198,76.58290660181596,146.8240584858993,0.3172617661134908,0.6258271326479534
2014,2,spco2_le_threshold,random,1000,16,389736,97752,97735,29.119517518685484,17.066776134614855,-0.9873986585721312,10.747873424657882,51.52179590282085,115.04637568933676,0.5834902964596458,0.7665860700200289
2014,2,spco2_le_threshold,spatial_coverage,1000,16,389736,97752,97735,29.91355225847617,17.403759552479574,0.3354147003722104,10.732786268090024,52.96523442573029,122.44798697554953,0.5604657202572862,0.7490503209123136
2014,2,spco2_le_threshold,historical_density,1000,17,389736,97752,97735,35.93484279668185,21.237685775213716,-1.638540589869427,12.735377795574324,70.64214846272391,148.801086759597,0.3657094040058055,0.6485772007841412
2014,2,spco2_le_threshold,random,1000,17,389736,97752,97735,29.917251405563047,17.045273037384685,-0.6044161221204947,10.108116150527168,55.79190356472719,120.6746534424156,0.5603570068241926,0.748707762053892
2014,2,spco2_le_threshold,spatial_coverage,1000,17,389736,97752,97735,30.50909045795499,18.214649175109933,1.0461463954343644,11.474540870439682,55.84312050567766,130.70009955773722,0.5427904479329788,0.7371748646198389
2014,2,spco2_le_threshold,historical_density,1000,18,389736,97752,97735,40.61358432733413,23.78251113634437,-4.911345909904367,13.75316497081775,86.3628076544794,161.0491926414114,0.1897866158471922,0.6044078149275173
2014,2,spco2_le_threshold,random,1000,18,389736,97752,97735,30.16756662226175,16.846830149539365,-0.1816565967408774,9.806254746197451,54.438161229514414,132.1843218317848,0.5529693149186867,0.7436410731813167
2014,2,spco2_le_threshold,spatial_coverage,1000,18,389736,97752,97735,29.153792165207975,16.84719705103003,-0.3484883501058169,10.050891744234718,52.45832829860096,128.6134876221415,0.5825092277070731,0.7652408711138199
2014,2,spco2_le_threshold,historical_density,1000,19,389736,97752,97735,39.07120768035147,23.54849949443559,-3.173705651138919,13.869359504328427,82.63511028797093,148.98088869208985,0.2501568219264999,0.6147460893615846
2014,2,spco2_le_threshold,random,1000,19,389736,97752,97735,31.11287971308043,17.0209154044643,1.3619957654060824,10.255247520794626,49.777111643992285,154.8589383629221,0.5245145916767013,0.7265319993477364
2014,2,spco2_le_threshold,spatial_coverage,1000,19,389736,97752,97735,30.2167310731807,18.45642489070745,1.732310032104115,11.909822721116312,56.44308194210304,123.7427734836238,0.5515110649130847,0.7445258855639817
2014,2,spco2_le_threshold,historical_density,5000,0,389736,97752,97735,34.26616961935495,19.822100276965465,-5.226132685097734,11.800133389602763,66.34389153542611,148.48563359385076,0.4232496129313433,0.7033544796869153
2014,2,spco2_le_threshold,random,5000,0,389736,97752,97735,23.799168688425564,13.54952422265986,0.9451785713146736,8.539364082788438,39.80614652913484,93.29417268461268,0.7217851234826784,0.8521469025263818
2014,2,spco2_le_threshold,spatial_coverage,5000,0,389736,97752,97735,23.46723346286716,14.021230665847677,-1.1245218076777406,9.588782925734392,39.4688499690164,77.95299818561308,0.7294917207235698,0.8544858923540612
2014,2,spco2_le_threshold,historical_density,5000,1,389736,97752,97735,34.98560249303741,19.075281295102396,-5.425991667318797,10.956354856970163,61.990520300731184,164.88525246923206,0.3987771351012932,0.6956375287818402
2014,2,spco2_le_threshold,random,5000,1,389736,97752,97735,23.425283227552747,13.740324164118588,-0.4612569893104325,8.924609200106943,40.39235241196605,86.55227910028465,0.7304579823152588,0.8595161373667994
2014,2,spco2_le_threshold,spatial_coverage,5000,1,389736,97752,97735,24.42210195279728,14.257421553017233,-0.5996203843412573,9.47772660215071,41.25939123924313,83.72022144489655,0.7070302005120024,0.8420593119653423
2014,2,spco2_le_threshold,historical_density,5000,2,389736,97752,97735,30.111459301775163,17.70408484495976,-3.959786877778475,10.946952374638895,57.830873162780016,103.80725690095883,0.5546305937393068,0.762546496807608
2014,2,spco2_le_threshold,random,5000,2,389736,97752,97735,24.20603756620037,13.947369425869084,-0.3109437031605857,8.721622097722161,43.549877303233885,88.35884515308798,0.7121911263346853,0.846104545520996
2014,2,spco2_le_threshold,spatial_coverage,5000,2,389736,97752,97735,24.69079050474859,14.149973238930905,-0.5715788209371262,9.173413774544828,41.003442209913096,85.1817183102046,0.7005483136105015,0.8372294958230414
2014,2,spco2_le_threshold,historical_density,5000,3,389736,97752,97735,37.88116798277618,20.68375281039149,-6.492858675038628,11.548145354431824,69.3511677363639,180.47531111933344,0.2951389766185359,0.6659666259068173
2014,2,spco2_le_threshold,random,5000,3,389736,97752,97735,23.599254489586706,13.7295896527747,-0.5368401521401658,8.875858332707196,41.213917861764735,85.53850878455555,0.7264395299664255,0.8553667991076579
2014,2,spco2_le_threshold,spatial_coverage,5000,3,389736,97752,97735,22.88094897652899,13.69250638501544,-0.5515085124695314,9.232578044092122,38.65605407648594,79.14899719718828,0.7428391578651381,0.8622017889440869
2014,2,spco2_le_threshold,historical_density,5000,4,389736,97752,97735,36.53357046222753,19.84596032174837,-6.467850018439489,11.447996510605437,64.144133450501,174.67835093785075,0.3443968816242525,0.685258245641884
2014,2,spco2_le_threshold,random,5000,4,389736,97752,97735,23.602591574917664,13.43878456558731,-1.2010546876291055,8.799020239495007,38.79794091114824,83.30879820370876,0.726362158100577,0.8546210763631377
2014,2,spco2_le_threshold,spatial_coverage,5000,4,389736,97752,97735,24.48747148758052,14.76117823200503,-1.0317561431117697,9.72393520340944,43.76403437298587,87.44295196781427,0.7054597435346825,0.8408642384775777
2014,2,spco2_le_threshold,historical_density,5000,5,389736,97752,97735,38.37873676591124,21.335604907595133,-5.946309948571462,11.279508710065556,86.41678982475877,156.19171369210883,0.2765006826228077,0.6463620914771879
2014,2,spco2_le_threshold,random,5000,5,389736,97752,97735,24.72431285894428,14.123996159091805,0.2098226978338631,8.966815958601217,42.48084365936253,94.00736900331488,0.699734638572963,0.8395116077116247
2014,2,spco2_le_threshold,spatial_coverage,5000,5,389736,97752,97735,22.94882993779773,13.652656731252389,-0.5911794906050178,9.188581192915592,39.436174316325626,78.76558038486516,0.7413110552465177,0.86121481956408
2014,2,spco2_le_threshold,historical_density,5000,6,389736,97752,97735,38.221699199742986,20.328054383025687,-6.531426476497,11.202822857846456,69.53850830926385,185.70781448413925,0.2824093776007018,0.6614445513615468
2014,2,spco2_le_threshold,random,5000,6,389736,97752,97735,23.71181041859081,13.85088576494915,-0.4663432961098442,9.056509599522087,41.79851915220125,86.85948539013125,0.7238238303156812,0.85102347913189
2014,2,spco2_le_threshold,spatial_coverage,5000,6,389736,97752,97735,21.888708513039116,13.368745712679306,-0.1945130981086082,9.007805247371664,38.774554946748495,71.31829949474483,0.7646592951839568,0.8753187260997817
2014,2,spco2_le_threshold,historical_density,5000,7,389736,97752,97735,39.35268753541099,21.028905760667257,-6.633396450698572,10.76408247296166,86.87994355864797,171.89633290116927,0.2393137459194159,0.6442736817884375
2014,2,spco2_le_threshold,random,5000,7,389736,97752,97735,25.98928746803618,13.967254466403048,0.5585463520350804,8.736301488639697,38.93194403548867,125.778483865668,0.6682235776065883,0.817699334405699
2014,2,spco2_le_threshold,spatial_coverage,5000,7,389736,97752,97735,24.286500885063877,14.459247839748356,-0.464937443123714,9.602918082880478,41.64563458117008,87.34226395219066,0.7102745344948997,0.8428924253334632
2014,2,spco2_le_threshold,historical_density,5000,8,389736,97752,97735,30.77938873593112,17.681271306965765,-3.430064665950041,10.894307241677325,55.06979651365272,112.82523620051174,0.5346531747212395,0.7483507033297924
2014,2,spco2_le_threshold,random,5000,8,389736,97752,97735,25.039754933853548,14.36531694946549,-0.3465404624240146,9.017804594506517,43.70930580758652,96.65543291539684,0.6920239658894878,0.8347020183540907
2014,2,spco2_le_threshold,spatial_coverage,5000,8,389736,97752,97735,24.42690427754663,14.707367988621012,0.1920915995965797,9.881174211659925,42.30556578554891,90.8907854989593,0.7069149709178835,0.8411801562350479
2014,2,spco2_le_threshold,historical_density,5000,9,389736,97752,97735,33.50293538326203,19.44033359327196,-5.922083073741358,11.530582760699588,63.63351736137472,135.15580836203756,0.4486562022314844,0.7193411137951651
2014,2,spco2_le_threshold,random,5000,9,389736,97752,97735,24.04228421403154,13.656611930882452,-0.8762938384496332,8.684995132973995,40.99954094770621,87.11990202591834,0.7160719971377333,0.8475852079885299
2014,2,spco2_le_threshold,spatial_coverage,5000,9,389736,97752,97735,23.692378866414668,14.369959842597217,-0.4266315911283614,9.472364188264637,42.941573444624446,82.36131707506439,0.724276291148597,0.8517590493813376
2014,2,spco2_le_threshold,historical_density,5000,10,389736,97752,97735,35.18001889206461,20.14256625132455,-4.712181574320591,11.79189752071585,69.06274421044441,145.8879046950479,0.3920765296775785,0.6805249417582925
2014,2,spco2_le_threshold,random,5000,10,389736,97752,97735,27.770270979732796,14.687313303905071,1.1235652973497674,9.128548360202217,40.70199526687485,121.20770085738631,0.6211938605653555,0.7888244644696506
2014,2,spco2_le_threshold,spatial_coverage,5000,10,389736,97752,97735,23.630773778954616,14.365383952581327,-0.7172698854282602,9.635068107357595,42.545462627352485,80.3569520590985,0.7257083043507098,0.8521385854714685
2014,2,spco2_le_threshold,historical_density,5000,11,389736,97752,97735,32.9254607081034,18.764234397881555,-4.769848363592909,11.038315591117964,60.07354396442943,134.3128890820041,0.4674989174224161,0.7213642656991119
2014,2,spco2_le_threshold,random,5000,11,389736,97752,97735,23.270351262766223,13.595287963260386,-1.3521006152096662,9.12623578442168,39.59914379507971,75.92479487521231,0.734011627663818,0.8582328980395382
2014,2,spco2_le_threshold,spatial_coverage,5000,11,389736,97752,97735,23.13305151559762,13.745948903476569,-0.7588080342970018,9.208722191366292,40.412819749139736,78.28090239474399,0.7371411376389932,0.8588685471505558
2014,2,spco2_le_threshold,historical_density,5000,12,389736,97752,97735,35.81368122055228,19.979310164696408,-5.211330389365051,11.49308070597965,67.2788909582282,162.96484766192262,0.3699794707121644,0.6832844105716108
2014,2,spco2_le_threshold,random,5000,12,389736,97752,97735,23.72946054674875,13.452087623629575,-0.8016999352636789,8.695904564930515,39.05539958363898,84.06685739135682,0.7234125281914147,0.8510793097310395
2014,2,spco2_le_threshold,spatial_coverage,5000,12,389736,97752,97735,24.17250114311632,14.813527524748046,-0.2446405604349816,9.846469371024623,43.1957076736944,85.68940631317221,0.7129880674992537,0.845391075205103
2014,2,spco2_le_threshold,historical_density,5000,13,389736,97752,97735,39.4828061936547,21.54572226289172,-7.662152450268294,11.4399691586745,79.36593240458498,176.26950298914358,0.2342750500899991,0.6510351988888375
2014,2,spco2_le_threshold,random,5000,13,389736,97752,97735,25.73016734658997,14.690881122522883,0.4867794478841118,9.172367298055178,43.62583321492302,95.85683532043436,0.6748063956487846,0.8229925329004288
2014,2,spco2_le_threshold,spatial_coverage,5000,13,389736,97752,97735,22.895893662117388,13.642829017007038,-0.7827179140134887,8.982179049680724,39.81907157368321,79.44439912286101,0.742503119091233,0.862302725459297
2014,2,spco2_le_threshold,historical_density,5000,14,389736,97752,97735,35.08715745497831,19.63545322672499,-5.403498099361719,10.94717091398195,68.44403892072566,154.4434860091708,0.395281652497665,0.6918428447169379
2014,2,spco2_le_threshold,random,5000,14,389736,97752,97735,22.966517955413877,13.565472408541574,-0.5256828868745492,8.958415603997935,39.11254438666874,80.52067578408766,0.740912127893511,0.8614226573925634
2014,2,spco2_le_threshold,spatial_coverage,5000,14,389736,97752,97735,23.272059369676544,13.839397534018635,-0.996334471445764,9.199412292711829,40.38086605207429,82.11677937235122,0.7339725776944823,0.8572079657540894
2014,2,spco2_le_threshold,historical_density,5000,15,389736,97752,97735,39.65468321636069,20.885569580462725,-6.883021995206739,11.178561551564428,71.59140697007913,189.95236357325768,0.2275938132899707,0.6496890537197562
2014,2,spco2_le_threshold,random,5000,15,389736,97752,97735,25.892187645490548,14.67485192863361,0.6758266231570347,9.06101439017334,44.42156883499532,104.28762135893774,0.6706980779921405,0.8194731312670311
2014,2,spco2_le_threshold,spatial_coverage,5000,15,389736,97752,97735,22.09073937488469,13.428822940202476,-0.9836575194063532,9.248436326846274,37.83324655646027,72.21398581511347,0.7602948980342322,0.8733325925836071
2014,2,spco2_le_threshold,historical_density,5000,16,389736,97752,97735,32.09197701265189,18.310180596964027,-4.690382129176809,10.92111242128533,59.43432651017554,128.73252043434292,0.4941174268844476,0.7331515709789609
2014,2,spco2_le_threshold,random,5000,16,389736,97752,97735,23.496221318356657,13.694777357103735,-0.9908649001918776,8.860581950996107,39.94052812020867,84.85330962421995,0.7288230182971058,0.8567119144273457
2014,2,spco2_le_threshold,spatial_coverage,5000,16,389736,97752,97735,22.939229915771133,13.72085779964164,-0.2334006221189666,9.149120135192106,39.75380450710042,74.88038048413394,0.7415274410177063,0.8622962802076342
2014,2,spco2_le_threshold,historical_density,5000,17,389736,97752,97735,30.911394327142787,17.816577757199852,-4.621336323344331,10.962210355805496,54.72670530277118,118.48715937720004,0.530653088215778,0.7485235307876694
2014,2,spco2_le_threshold,random,5000,17,389736,97752,97735,23.279232139323398,13.675685412401556,-0.1232045331795405,8.896152777582643,40.963193914837454,88.17319985363171,0.733808565782238,0.8613235952856769
2014,2,spco2_le_threshold,spatial_coverage,5000,17,389736,97752,97735,24.65221657544575,14.366051567539976,-0.6291112954288729,9.340692750367282,41.6624893190145,84.47076006733384,0.7014832375213235,0.8378794737497588
2014,2,spco2_le_threshold,historical_density,5000,18,389736,97752,97735,35.30401447936244,19.61715986082331,-4.944855423368976,11.405905394926831,61.78203265568586,164.96718954738878,0.38778360022031,0.6851559097892563
2014,2,spco2_le_threshold,random,5000,18,389736,97752,97735,23.912554499042287,13.75424378032252,0.3232994305285486,8.771134642937852,41.15472010803027,93.86994318959576,0.7191278234959783,0.8514213403787657
2014,2,spco2_le_threshold,spatial_coverage,5000,18,389736,97752,97735,24.42172527402041,14.38186495645394,-1.0031913649200008,9.152343374181044,43.33579694945569,87.76322162706262,0.707039237789375,0.8411514849718577
2014,2,spco2_le_threshold,historical_density,5000,19,389736,97752,97735,33.9123542125601,18.9526776987088,-5.017105548470899,11.008107355455934,65.38655325350548,148.57708140493602,0.4350985967958303,0.7048457666753514
2014,2,spco2_le_threshold,random,5000,19,389736,97752,97735,27.200951005296705,14.33095024337916,0.1858383222805576,8.790567988408611,41.04897636423269,108.16949755951504,0.6365665051498524,0.798378512682514
2014,2,spco2_le_threshold,spatial_coverage,5000,19,389736,97752,97735,23.334751022554656,14.022067523055304,-0.5484402666266576,9.213173179837668,42.840292688017904,81.26171198964047,0.7325373662903916,0.8560808001035493
2014,3,all,historical_density,1000,0,391500,95988,95988,39.38822089227728,20.40763496978684,-5.9536415572169945,12.73453024623862,65.35364862762029,141.96375544580033,0.1624168361563077,0.585413951895391
2014,3,all,random,1000,0,391500,95988,95988,27.93002988561326,14.461288805848213,0.1569627694100633,9.940907972000304,40.8167562424632,71.06245939724566,0.5788488312617082,0.7612638507399009
2014,3,all,spatial_coverage,1000,0,391500,95988,95988,29.245846142622984,14.573456154982695,-1.0383844537063265,9.9693396938749,41.69476101158538,70.48645313131975,0.5382322575662672,0.735080229359428
2014,3,all,historical_density,1000,1,391500,95988,95988,40.728009600538,22.53805672071373,-7.486185866238589,14.42465974194488,77.86217405536516,137.596565993154,0.1044670243379295,0.5598232950049757
2014,3,all,random,1000,1,391500,95988,95988,29.09178607854057,14.6532053515697,-0.945386469078608,9.516492574015018,42.65478125916107,81.8925524604338,0.5430844060421538,0.738306377167845
2014,3,all,spatial_coverage,1000,1,391500,95988,95988,28.627961049773862,15.334996892257712,-1.5164324259721145,10.55889845596883,43.8178681097443,76.25290699537172,0.5575379320873624,0.7490210964270184
2014,3,all,historical_density,1000,2,391500,95988,95988,43.397122283320776,22.257328728655573,-7.922734507920136,12.538659658711822,76.7785458455679,164.95543181603406,-0.0167567708416018,0.55498766502536
2014,3,all,random,1000,2,391500,95988,95988,28.032133775207416,14.956506431884684,-0.0976299307172519,10.279141209695496,41.96145045219089,73.79151653943323,0.5757639958808762,0.7588974542716902
2014,3,all,spatial_coverage,1000,2,391500,95988,95988,28.53045464714553,15.429843092541503,-0.9753809054704276,10.380651409818595,45.265696896383496,78.80234853547287,0.5605468374341627,0.7526744301025234
2014,3,all,historical_density,1000,3,391500,95988,95988,39.96325534205644,21.47570510740842,-7.10173889739082,12.976259825833608,74.60122020086357,123.79483706805154,0.1377823173349872,0.5702283664746549
2014,3,all,random,1000,3,391500,95988,95988,29.66714947565845,14.970228396857516,-0.128798684390964,9.523002466646346,44.72888738252357,89.44454344758068,0.5248323682599085,0.7253224638286655
2014,3,all,spatial_coverage,1000,3,391500,95988,95988,28.73641382069575,15.11901068578437,-1.2575892642110076,10.264864487968993,43.74342073232012,75.58301679682685,0.5541791786246584,0.7477767842025511
2014,3,all,historical_density,1000,4,391500,95988,95988,36.87628656860068,19.564074862039323,-5.231416278313217,12.456019327880142,64.81751194389098,104.67749171010676,0.2658419385445205,0.6125713544148371
2014,3,all,random,1000,4,391500,95988,95988,27.44097123218696,14.317544688163675,-0.4492510194124726,9.863619649179869,40.02848049342377,69.86290711302019,0.5934685336853887,0.7705474367767362
2014,3,all,spatial_coverage,1000,4,391500,95988,95988,29.60644257257289,15.293794071106856,-0.7201792032030697,11.142716718328757,40.61541128425549,70.34720491504974,0.5267750181348256,0.7306995671971884
2014,3,all,historical_density,1000,5,391500,95988,95988,39.234352082547495,21.01839360553713,-8.567035653618401,13.423512768028644,70.76608948648897,115.57753716011148,0.1689480372533228,0.5856455570075336
2014,3,all,random,1000,5,391500,95988,95988,27.65673845146421,14.55464746135872,-1.7494412966765187,10.02067707338952,39.921859069113616,68.39876073874835,0.5870503192883008,0.7673286916702641
2014,3,all,spatial_coverage,1000,5,391500,95988,95988,29.080871031520328,15.681081743704423,0.9681326719296924,10.63984948118886,45.351484179632585,78.00327803374482,0.5434272051804521,0.7405610435168628
2014,3,all,historical_density,1000,6,391500,95988,95988,35.15882703390722,18.664844388213133,-3.825576174049754,12.470779986273698,55.0714002909364,84.70607062928696,0.3326341723394177,0.6243391096542914
2014,3,all,random,1000,6,391500,95988,95988,28.049933771446856,14.907783871576765,-1.9197789670337504,10.4213016294745,41.96292715255019,73.0123523401137,0.5752250574716383,0.7600240723551419
2014,3,all,spatial_coverage,1000,6,391500,95988,95988,28.869219902483632,14.648880570934235,0.7127344928026212,9.6280024708677,41.8056971136702,74.96405921436846,0.5500489115819271,0.7423923959391644
2014,3,all,historical_density,1000,7,391500,95988,95988,34.10629400139908,18.14557643702754,-3.218470728562533,12.478655945163723,52.71664870052828,84.44141855108104,0.3719933069860791,0.6379568405007232
2014,3,all,random,1000,7,391500,95988,95988,28.11855750836166,14.6882362759261,0.6324238069678279,10.065208804041587,41.064041343882856,75.46014438800398,0.5731441041815238,0.7572058687426034
2014,3,all,spatial_coverage,1000,7,391500,95988,95988,28.689270591867707,15.555334773722944,-1.2655320212894037,10.372810758030994,46.49745983444934,74.44987317304344,0.555640752303435,0.7483482553849318
2014,3,all,historical_density,1000,8,391500,95988,95988,33.977961976583124,17.668657957400374,-2.5903008573373434,11.934491606223588,51.93771464892564,85.05678451579696,0.3767104272835656,0.6464379784857666
2014,3,all,random,1000,8,391500,95988,95988,30.963113199163217,16.28693106391666,0.2315609948052902,10.786088179570072,47.64796477463635,88.46766559126965,0.4824117001525487,0.7040969589258119
2014,3,all,spatial_coverage,1000,8,391500,95988,95988,28.88757257669776,15.232975626586128,-1.2903616547190346,10.650806054931875,42.424382460702176,71.29574341294868,0.5494766459936926,0.7451888631643577
2014,3,all,historical_density,1000,9,391500,95988,95988,38.04019174416239,19.965770118626388,-6.109771480701812,12.370786538414904,68.37734777851152,108.6578287136749,0.2187669565471947,0.617093141204294
2014,3,all,random,1000,9,391500,95988,95988,28.00228440361344,15.211971646140087,-0.0239451576804653,10.268348532010208,43.88722385732694,76.34904820935188,0.5766669907213899,0.759390470442783
2014,3,all,spatial_coverage,1000,9,391500,95988,95988,31.753674672828488,16.75559295966996,0.2984981909979991,10.919896768835656,48.260956747028686,89.28630770837489,0.4556437778647239,0.6839258207815083
2014,3,all,historical_density,1000,10,391500,95988,95988,42.97491660184575,21.652609839091383,-8.84563548366655,12.089664303059294,76.08986687075695,171.50462793477004,0.0029308145221388,0.5443838340267182
2014,3,all,random,1000,10,391500,95988,95988,28.84202681382116,15.036529447157015,-0.3344080947653012,9.726115980373152,46.11324321259199,78.52969235272927,0.5508961667067626,0.7425469655141932
2014,3,all,spatial_coverage,1000,10,391500,95988,95988,29.376144947507644,15.309242828867584,-0.6279364040848311,10.690286121377396,42.42322027098955,74.68233238975735,0.5341084707402013,0.7346062763187485
2014,3,all,historical_density,1000,11,391500,95988,95988,38.72586467050949,20.45280471537607,-6.629908796849719,12.472544510069326,71.03987963308478,118.14888449998588,0.1903497461961029,0.5966889891031547
2014,3,all,random,1000,11,391500,95988,95988,28.559310312104337,15.706593122683742,-1.2978931678906205,10.622988682712418,45.47142129148785,73.6068342349999,0.5596574631841216,0.7512956734773473
2014,3,all,spatial_coverage,1000,11,391500,95988,95988,29.924934159455923,14.940704204164492,-2.6190031712965647,10.105210513752212,42.68570328426064,66.9734946890953,0.5165388101772781,0.727672436768513
2014,3,all,historical_density,1000,12,391500,95988,95988,45.58455281404094,23.21304663638117,-9.988688866770843,13.16486758822208,87.35419745567819,174.56412784553655,-0.1218391884672731,0.5346519626505494
2014,3,all,random,1000,12,391500,95988,95988,28.300428335031352,14.270991468451223,-0.3174219132706599,9.719600116083456,39.96862113029439,69.11720168526035,0.5676044388872383,0.7539570473904712
2014,3,all,spatial_coverage,1000,12,391500,95988,95988,28.48804089695749,14.789340280609805,-0.856683422742392,10.166284724601695,41.270692799758656,75.89400660174536,0.5618524599699186,0.7500229464909597
2014,3,all,historical_density,1000,13,391500,95988,95988,45.8448148223359,24.02111118433732,-8.97238858311927,13.88974552020096,95.43321037261543,167.51184913073004,-0.1346858920067044,0.5466284686859304
2014,3,all,random,1000,13,391500,95988,95988,29.016603929829014,15.552461732254416,0.5942437746477044,10.011872910676544,45.697874907218015,86.53461602836681,0.5454429761274109,0.7393621596216138
2014,3,all,spatial_coverage,1000,13,391500,95988,95988,28.62551622454065,15.74180034637606,-0.26446152147348,11.016882830228669,43.71007208995649,77.74447139797442,0.5576135013000032,0.747233871057846
2014,3,all,historical_density,1000,14,391500,95988,95988,37.03080774584623,19.804608307026765,-4.184853952552449,12.548370866210377,65.77638319614006,95.17912530745338,0.2596764237270003,0.6088644092353436
2014,3,all,random,1000,14,391500,95988,95988,28.09425581204801,14.458615491283194,-0.4446036683272922,10.030469671498253,39.829986800255966,69.60084602658152,0.5738816128344404,0.7576246874312587
2014,3,all,spatial_coverage,1000,14,391500,95988,95988,27.629001143510276,14.916938052855768,-0.9793366150188738,9.97852368942111,42.33742919993312,77.05199674005651,0.5878782092973271,0.7671864877529029
2014,3,all,historical_density,1000,15,391500,95988,95988,38.13460573854996,20.04502743646288,-6.638075693517796,12.783240550937649,65.8944426476586,109.3533285858512,0.2148841756032882,0.5982971139687391
2014,3,all,random,1000,15,391500,95988,95988,28.50163121766926,14.788145570228345,-0.9636994538067404,10.162995642319004,42.23616009248468,71.46639374736006,0.5614343205876484,0.7496985622148173
2014,3,all,spatial_coverage,1000,15,391500,95988,95988,29.688379713873143,16.86183484388912,-1.0022278637297628,11.15502242387845,49.54785466414265,77.93691240760771,0.5241520513623945,0.7275751950082852
2014,3,all,historical_density,1000,16,391500,95988,95988,37.75418268515121,19.6576971913039,-6.77112748262618,12.143063217004254,64.89688875559008,97.23306834448796,0.2304703544658979,0.6083912079441958
2014,3,all,random,1000,16,391500,95988,95988,28.411932478003106,14.774059282205489,-1.533007276595305,10.091123909686615,42.477558226482735,73.8197423201055,0.564190435561305,0.7520539777121986
2014,3,all,spatial_coverage,1000,16,391500,95988,95988,28.8662713450582,15.259037939949064,0.42495168646403,10.020049666468395,43.33801396910996,92.33518291819853,0.55014081838618,0.7467651810491127
2014,3,all,historical_density,1000,17,391500,95988,95988,40.05302859401832,20.95485821366337,-8.28148916464928,12.47295738476214,72.86045943200935,135.77506829722265,0.1339042035687883,0.5854817405642134
2014,3,all,random,1000,17,391500,95988,95988,27.65917334723323,14.205967953722856,0.090258821060025,9.642488317189986,39.77997514670161,73.31231240863387,0.5869776040117884,0.766733212862699
2014,3,all,spatial_coverage,1000,17,391500,95988,95988,27.95464744829305,15.122458720736876,-2.49732458288998,10.225839568565618,44.64284943261743,75.65481157320943,0.5781060977669668,0.7630158522317122
2014,3,all,historical_density,1000,18,391500,95988,95988,37.947158554633134,20.197287409881323,-6.413096639220694,13.033527058323584,67.09682093346255,103.89259483488026,0.2225835369915566,0.5991336614556944
2014,3,all,random,1000,18,391500,95988,95988,28.19629315025577,14.662394715649429,0.0961865776463279,9.734530736755543,42.43834911287384,73.05957078453164,0.5707806981733974,0.7555225694184106
2014,3,all,spatial_coverage,1000,18,391500,95988,95988,27.92748755986603,15.0722016019956,-1.218492593405421,9.981153589974667,44.44801967341522,77.98547833316766,0.5789254981850056,0.7622185573974174
2014,3,all,historical_density,1000,19,391500,95988,95988,40.42594282915185,21.04074416042964,-7.710177771380777,12.285078468514286,78.40028401987388,132.4380103932875,0.1177015335073063,0.5797856208458669
2014,3,all,random,1000,19,391500,95988,95988,28.346298838928345,14.833511007184876,1.0094125438547317,10.14308892267016,40.58043633909916,78.04045313159811,0.5662016137367876,0.7529978436624278
2014,3,all,spatial_coverage,1000,19,391500,95988,95988,28.90777182637548,15.793529222405787,-2.3011690780848166,10.88180012338168,46.56165277243086,79.67450494046442,0.5488463808305297,0.744812361700269
2014,3,all,historical_density,5000,0,391500,95988,95988,39.68728993145991,18.85529570346322,-7.365027896347678,10.3553724909099,69.93897611758487,153.33638388537548,0.1496492537089843,0.6040923802409776
2014,3,all,random,5000,0,391500,95988,95988,26.37826191319138,12.844952812065282,-0.1680497084565829,8.566983229407953,37.03483482331183,70.84607349935345,0.6243463943924876,0.7907192473918191
2014,3,all,spatial_coverage,5000,0,391500,95988,95988,23.92196362705701,12.012824057186286,-1.149281396753205,8.359988326634067,33.94057195255237,59.97783167995246,0.6910495295605564,0.8317763886257937
2014,3,all,historical_density,5000,1,391500,95988,95988,35.947025169771806,17.409821637468678,-5.93553769385023,10.259860061937871,59.9517074136371,100.45977071823977,0.3023764691321483,0.6398357309176618
2014,3,all,random,5000,1,391500,95988,95988,25.012969888832785,12.056347184565542,-0.674098485455261,8.304755575635483,34.22343031129594,56.7952099381674,0.6622263786729112,0.8139280658263669
2014,3,all,spatial_coverage,5000,1,391500,95988,95988,25.034823886579208,13.180902294544737,-0.8304800269681105,8.850509127643107,37.67405383765713,70.6923666910474,0.6616358907209433,0.81421911472833
2014,3,all,historical_density,5000,2,391500,95988,95988,37.53705996233295,17.947212656387837,-6.310681957556708,10.228319490774282,62.16908918850008,143.76610127110214,0.2392959689127414,0.6219411827612582
2014,3,all,random,5000,2,391500,95988,95988,25.034761262382958,12.285809842863852,-0.7397240370115813,8.136978320907815,34.99177653294516,66.24206480814482,0.6616375835432278,0.8137552237268187
2014,3,all,spatial_coverage,5000,2,391500,95988,95988,25.292662007095696,12.864969755785769,-0.9591080983646948,8.694819703913879,37.35581120550583,64.84366969969864,0.6546302546633642,0.8098853843234467
2014,3,all,historical_density,5000,3,391500,95988,95988,39.91080574815645,19.105977404423363,-7.547670899738994,10.546261488440932,69.1398954716997,164.96723434620174,0.1400440595570758,0.6034426593987741
2014,3,all,random,5000,3,391500,95988,95988,24.8567962399939,12.089540091576312,-0.1631014620662023,8.062139632090037,35.27782689096306,62.865180991947824,0.6664311298250161,0.8167147096395384
2014,3,all,spatial_coverage,5000,3,391500,95988,95988,24.579541233744067,12.909642112161128,-0.954857802086962,8.810261384750277,37.77314989534298,64.27744979668087,0.6738309453733136,0.821292177434415
2014,3,all,historical_density,5000,4,391500,95988,95988,36.00147109076676,17.30823643796702,-5.507992248914928,10.462513472059785,58.06199514883301,96.6614151314293,0.3002616059354701,0.6316248289202959
2014,3,all,random,5000,4,391500,95988,95988,24.263133375962948,11.59202203651012,-0.8506252507477388,8.046235025893623,32.70113022613336,54.10959621303435,0.6821743231361643,0.826867994808327
2014,3,all,spatial_coverage,5000,4,391500,95988,95988,23.335259767505978,12.167406775616902,-1.1021331054828192,8.5457463169339,34.136003726618824,58.35828616028041,0.7060181699743421,0.8406449925324838
2014,3,all,historical_density,5000,5,391500,95988,95988,38.99240842135472,18.66567568093969,-6.447285246451559,10.638053870516105,65.8805090476849,152.54316894193096,0.1791660114941656,0.5999052502628787
2014,3,all,random,5000,5,391500,95988,95988,24.579094709126636,11.934669123247758,-0.6490737924004598,8.201514759395451,33.37805201063855,58.62838467590869,0.67384279597606,0.8215058802645183
2014,3,all,spatial_coverage,5000,5,391500,95988,95988,23.76026120983733,12.344192662116296,-1.5364738096688155,8.781006145909629,34.25743922606679,56.96688003541741,0.6952121636135724,0.8345991487023211
2014,3,all,historical_density,5000,6,391500,95988,95988,39.03007320842234,18.33125031182573,-7.4534352259086365,10.19368120516964,62.81012893330381,158.55304876032213,0.1775794734684475,0.6090261896076352
2014,3,all,random,5000,6,391500,95988,95988,26.45584760244116,12.418146868160829,-0.9613585524876046,8.318420618373011,35.5599241883408,61.11807720739956,0.6221333444027863,0.790219316733239
2014,3,all,spatial_coverage,5000,6,391500,95988,95988,23.693509086187632,12.082830648307542,-0.7479809676081012,8.405607485065588,33.955781893312235,57.69203615269839,0.696922301072944,0.8351901191154651
2014,3,all,historical_density,5000,7,391500,95988,95988,37.749994246498765,18.43225735868401,-6.377488377928206,10.736580436749108,68.06550656624657,127.12148518193575,0.2306410878096432,0.6152219925118224
2014,3,all,random,5000,7,391500,95988,95988,25.95443969767678,12.214441679747784,-0.5353765024936729,8.087416651575523,34.57339122744529,65.46009021722553,0.6363207480878768,0.798065202221461
2014,3,all,spatial_coverage,5000,7,391500,95988,95988,24.29411737961713,12.110789493789664,-1.2278377346690077,8.390032897675837,34.414291370115315,59.54113596208073,0.6813620785333391,0.8261229897536964
2014,3,all,historical_density,5000,8,391500,95988,95988,36.92598238076683,17.946198240636328,-6.26015417948319,10.399016188759475,64.89838315045597,120.46292085363632,0.2638618495232282,0.6317301247446444
2014,3,all,random,5000,8,391500,95988,95988,24.317567725725358,12.3144227073664,-1.0268400366174493,8.501193136898507,35.274899153166295,61.629223834098205,0.6807466393511121,0.8254293350458534
2014,3,all,spatial_coverage,5000,8,391500,95988,95988,24.203452429874535,12.288352019410745,-1.2368921159874626,8.595062517931751,34.50812512490358,60.57805799192622,0.6837359358488393,0.8274293891202511
2014,3,all,historical_density,5000,9,391500,95988,95988,35.953760999954255,17.534028194320992,-5.313465305536752,10.412557717606743,62.40762031743245,110.5329202653606,0.3021150002693298,0.6438366264667972
2014,3,all,random,5000,9,391500,95988,95988,24.107376603363956,11.887007702577147,-0.2272864918934038,8.217995776292469,33.75352649429564,58.35711861703812,0.686241778684357,0.8287371089910436
2014,3,all,spatial_coverage,5000,9,391500,95988,95988,24.242635055016105,12.412592093042964,-0.2431829815098371,8.684301554637983,34.4470088506822,60.25291663532941,0.682711116189809,0.8264802484562047
2014,3,all,historical_density,5000,10,391500,95988,95988,37.27417941980189,18.112792222675388,-6.723513077513703,10.305152396402434,67.8586962179243,121.1178211263504,0.2499134256850409,0.6268274760401518
2014,3,all,random,5000,10,391500,95988,95988,25.76237962212476,12.17148126829976,-1.036115194642298,8.330565517539753,35.16923593168089,56.9667265417426,0.6416832086586977,0.8014672150930083
2014,3,all,spatial_coverage,5000,10,391500,95988,95988,23.75569183237428,11.496156249457004,-0.6253507088356692,7.8687010371609745,33.159876519527856,56.14505692857326,0.6953293809070111,0.834256055082248
2014,3,all,historical_density,5000,11,391500,95988,95988,36.97000254409067,18.010812662729116,-5.89500375689648,10.34475617824799,64.18605969728591,108.40982578179576,0.2621056748850504,0.6263285774184769
2014,3,all,random,5000,11,391500,95988,95988,24.369254331041308,12.03814697746792,-0.5586833220697681,8.065071337063927,34.92128952949232,63.27478063464839,0.6793880611354568,0.8243992905759238
2014,3,all,spatial_coverage,5000,11,391500,95988,95988,24.770327528822683,12.225604649070284,-1.2181328476738156,8.518096719350922,34.29567610397433,61.32463761261123,0.6687478485070085,0.8183259824098073
2014,3,all,historical_density,5000,12,391500,95988,95988,37.32006747154318,17.97823341539727,-6.174029384004231,10.449217186663134,61.10964175971359,142.2940259756909,0.2480654333633404,0.6248695143122447
2014,3,all,random,5000,12,391500,95988,95988,24.932820527561063,11.787983987694288,-1.550446769335302,8.02937592973683,33.93233500479176,55.32447050455748,0.6643875747252822,0.8161482380439301
2014,3,all,spatial_coverage,5000,12,391500,95988,95988,24.30994385813653,12.004876323868071,-1.2429874829584195,8.328425327063172,33.883328461038666,57.457571057042216,0.6809467879712263,0.8258168603154759
2014,3,all,historical_density,5000,13,391500,95988,95988,36.820672453603365,17.475464431058786,-6.18899005182899,10.039563887967176,62.164063259863575,103.91397032998348,0.2680546755949684,0.6300599783732511
2014,3,all,random,5000,13,391500,95988,95988,23.63582072453442,11.785429931405066,-0.3223350898081051,7.925960352139526,33.90175319745083,61.48053570780567,0.6983963563486577,0.8363829998329478
2014,3,all,spatial_coverage,5000,13,391500,95988,95988,24.913597707346188,12.593719737035665,-1.208469668857513,8.706632416377829,35.550643801572065,64.03131381874806,0.6649048792423677,0.8159328400572914
2014,3,all,historical_density,5000,14,391500,95988,95988,35.62547973352711,17.418435211702878,-5.177453177339843,10.372194713006737,57.55048066257739,106.29285830424996,0.3148011080536281,0.6427547289200269
2014,3,all,random,5000,14,391500,95988,95988,24.32570498124388,11.556617414200163,-0.3630544023422555,7.662120983671372,33.07813063142999,58.9112907338829,0.6805329435693936,0.8256376105457992
2014,3,all,spatial_coverage,5000,14,391500,95988,95988,25.79718831729836,13.086525219729433,-1.6753794808241118,9.038692416511168,36.73959816050841,63.35983698694185,0.6407142790605966,0.8017066707488272
2014,3,all,historical_density,5000,15,391500,95988,95988,35.39684391940167,17.000909645617618,-5.652582790668829,10.00544725980933,58.80550028067683,107.06148008649971,0.3235677717571278,0.6513882923097184
2014,3,all,random,5000,15,391500,95988,95988,24.518360130116363,11.819026872506225,-0.7879604567988201,7.880463894553998,33.93048499167898,59.99039213961285,0.6754526637774239,0.8220901953801548
2014,3,all,spatial_coverage,5000,15,391500,95988,95988,25.06136931462716,12.56297435121312,-0.4991942369135069,8.760831538078122,35.337684650556675,60.67397410576995,0.6609179482136811,0.8130515174620233
2014,3,all,historical_density,5000,16,391500,95988,95988,36.899296829579576,17.824169613816117,-6.488149651473728,10.006111727231795,66.67408535533446,117.9604326229202,0.2649254450083881,0.6334912700627402
2014,3,all,random,5000,16,391500,95988,95988,25.26727287558848,12.084311138775496,-1.8043887940736896,8.284821380926502,34.42169528563719,61.0367966418785,0.6553232807148888,0.8106103099272118
2014,3,all,spatial_coverage,5000,16,391500,95988,95988,23.414874761462773,12.04685529658994,-0.4015224760189895,8.187700585625663,33.42220351736999,63.64992498485016,0.7040087397011973,0.8391047433015582
2014,3,all,historical_density,5000,17,391500,95988,95988,39.17715063168093,18.41542651363347,-7.150139259924948,10.07748420847139,63.234663162282125,154.99219152567852,0.1713695236344298,0.6064064570743395
2014,3,all,random,5000,17,391500,95988,95988,24.48126281680008,11.563205217030369,-0.1462262471888974,7.845282950193678,31.95205688905011,59.33138489297972,0.6764340284172612,0.8226872209707029
2014,3,all,spatial_coverage,5000,17,391500,95988,95988,24.745197653532376,12.63408621703529,-1.3789446165680932,8.813561824843617,36.177721809438594,59.01833780195826,0.6694196282942946,0.8188594968258441
2014,3,all,historical_density,5000,18,391500,95988,95988,39.0320929557889,18.767079189856403,-7.027161093882435,10.657061156222936,65.63973635536179,151.82687976203505,0.1774943532247305,0.6117130806073929
2014,3,all,random,5000,18,391500,95988,95988,24.86836290200888,11.83454352521952,-0.8105095559292423,8.022345043405323,34.234561111375804,58.76891157611967,0.6661206170756726,0.8166198641171898
2014,3,all,spatial_coverage,5000,18,391500,95988,95988,23.872371020039346,11.878625187599004,-0.8745627675711911,8.177382745815407,34.069255380627425,58.43616463467337,0.6923291718044946,0.832664900264791
2014,3,all,historical_density,5000,19,391500,95988,95988,37.778541090052826,18.50082477148586,-6.661952065130563,10.647885289917184,68.42115738882235,123.54823379159116,0.2294770572898405,0.620543805456755
2014,3,all,random,5000,19,391500,95988,95988,25.175937307356808,12.116391285400764,-0.7600263513450627,8.221934328135347,34.76651566740233,60.68759535489396,0.6578106362218622,0.8113054602718844
2014,3,all,spatial_coverage,5000,19,391500,95988,95988,24.17245439380848,12.12583571013333,-0.7769668547568166,8.375844341999056,33.84514260281898,58.03073306391649,0.6845455134945053,0.8278878102506328
2014,3,spco2_le_threshold,historical_density,1000,0,391500,95988,95972,34.39947104131053,20.1806011967772,-5.724198082475588,12.731444217575644,65.28595639414911,141.40405693615207,0.2488771589194598,0.6602849597064997
2014,3,spco2_le_threshold,random,1000,0,391500,95988,95972,22.31232259120421,14.266085923452753,0.3546027378848413,9.938712011372845,40.750353133465126,70.4308998754054,0.6839927835733067,0.827490372691508
2014,3,spco2_le_threshold,spatial_coverage,1000,0,391500,95988,95972,23.04651133589534,14.362105014485268,-0.8247768097785175,9.967778966735525,41.65835761158534,70.0358605960328,0.6628541435334859,0.81477463681678
2014,3,spco2_le_threshold,historical_density,1000,1,391500,95988,95972,36.088947774286254,22.31564076983808,-7.261260538318884,14.422817057903671,77.74474572364466,137.14253709420473,0.1732848825886563,0.6291098859969357
2014,3,spco2_le_threshold,random,1000,1,391500,95988,95972,23.488756030781094,14.452787347370975,-0.7426831618527533,9.515292642859125,42.5856364809061,81.40091584962937,0.6497908620469051,0.8071069775732135
2014,3,spco2_le_threshold,spatial_coverage,1000,1,391500,95988,95972,23.243006241956486,15.14155102065108,-1.320682788356016,10.556770389120857,43.764329138921866,75.78781679141889,0.6570806140148125,0.8128749666901155
2014,3,spco2_le_threshold,historical_density,1000,2,391500,95988,95972,38.98889456166909,22.03249730809468,-7.695513291298605,12.535186641218845,76.54275570738477,164.47785233052616,0.0350844980176463,0.6231869169402002
2014,3,spco2_le_threshold,random,1000,2,391500,95988,95972,22.76825789932548,14.768159509172998,0.0931941939285267,10.276755625286398,41.92460763567864,73.22628723696931,0.6709460989245245,0.8192940343803543
2014,3,spco2_le_threshold,spatial_coverage,1000,2,391500,95988,95972,23.60483728632448,15.245209577168652,-0.7883376102139324,10.379364422588251,45.20396188350684,78.36837942451778,0.6463208469390544,0.8088900433372945
2014,3,spco2_le_threshold,historical_density,1000,3,391500,95988,95972,35.01013985087213,21.247557336191825,-6.871194766200894,12.973156540755724,74.51842829227482,123.51050806876216,0.2219721718220628,0.6450036462222523
2014,3,spco2_le_threshold,random,1000,3,391500,95988,95972,24.562758936279856,14.776723957962412,0.0671800477917593,9.521110809080142,44.64555915136531,88.94645679743793,0.6170326657763907,0.7864560338349686
2014,3,spco2_le_threshold,spatial_coverage,1000,3,391500,95988,95972,23.16719719122085,14.92095864482692,-1.057226312334278,10.263224766403312,43.68904399805993,75.26952964870215,0.659313887811803,0.8150551842308839
2014,3,spco2_le_threshold,historical_density,1000,4,391500,95988,95972,31.71867409795956,19.342012300422123,-5.006964243335671,12.45310735704291,64.76784706014288,104.23307312031837,0.3613873910911966,0.6874925971351433
2014,3,spco2_le_threshold,random,1000,4,391500,95988,95972,21.912524144115164,14.126680296946285,-0.2560745715671036,9.860719371335191,39.98311491720194,69.38244444688334,0.6952159364606563,0.8339132350749321
2014,3,spco2_le_threshold,spatial_coverage,1000,4,391500,95988,95972,23.506788503395573,15.08300759431516,-0.5069630819537575,11.1397101512309,40.58818115363646,69.99686456383952,0.6492529399221911,0.8091008058558777
2014,3,spco2_le_threshold,historical_density,1000,5,391500,95988,95972,34.16369442149731,20.7898157561594,-8.336381972464416,13.420426648139454,70.68738225995904,114.80328578411734,0.2591383798198191,0.6623335669427846
2014,3,spco2_le_threshold,random,1000,5,391500,95988,95972,22.092980353266935,14.361328324435204,-1.5539873360686465,10.0179950084445,39.86698463739895,67.84973154956658,0.6901752895840618,0.8317504081798294
2014,3,spco2_le_threshold,spatial_coverage,1000,5,391500,95988,95972,23.79016478363385,15.48635135815216,1.1656387361241682,10.63763628538956,45.28287346494799,77.23805388115811,0.6407453979422969,0.8041947495491029
2014,3,spco2_le_threshold,historical_density,1000,6,391500,95988,95972,29.406266530272067,18.436511938637,-3.5947697915408163,12.467754235792285,55.01734703430209,84.40074233530339,0.4511075991515,0.7085070129142252
2014,3,spco2_le_threshold,random,1000,6,391500,95988,95972,22.42174328059432,14.712242834423597,-1.7220726308509455,10.419598155345824,41.90513287069056,72.66771182671982,0.680885754913191,0.8265357725616727
2014,3,spco2_le_threshold,spatial_coverage,1000,6,391500,95988,95972,23.106585759047512,14.4460116341427,0.9181644457344909,9.625903046552397,41.75429309238881,74.58556895367224,0.661094203385278,0.8137101906365307
2014,3,spco2_le_threshold,historical_density,1000,7,391500,95988,95972,28.2917944563776,17.919945667585814,-2.9903513823344983,12.476807905883703,52.64312146346911,83.98847349408366,0.4919242953239813,0.7219182009420821
2014,3,spco2_le_threshold,random,1000,7,391500,95988,95972,22.60385349838858,14.493801322579866,0.8294129486328069,10.061835670912046,41.00362292947299,75.09009941329323,0.6756809886454185,0.8222637808684208
2014,3,spco2_le_threshold,spatial_coverage,1000,7,391500,95988,95972,23.48798703183347,15.365097301313222,-1.0729122202417547,10.369964398653993,46.45370421944404,74.0780487467486,0.6498137926822866,0.8092946000275354
2014,3,spco2_le_threshold,historical_density,1000,8,391500,95988,95972,28.057788000804955,17.441373142824794,-2.36050225005555,11.9324900630792,51.846388068639314,84.58138461620744,0.5002943053960336,0.7315649876825856
2014,3,spco2_le_threshold,random,1000,8,391500,95988,95972,25.835946509182683,16.088409812914342,0.4328361310339183,10.78198552761097,47.54613556041902,87.76339877201313,0.5763022154374053,0.7686361559259413
2014,3,spco2_le_threshold,spatial_coverage,1000,8,391500,95988,95972,22.9963814859154,15.028179294305328,-1.0832408754792286,10.648437140043256,42.35700072372824,71.01636481488782,0.6643192407616785,0.8181598699263158
2014,3,spco2_le_threshold,historical_density,1000,9,391500,95988,95972,32.70024841357578,19.735289644096525,-5.876980999313633,12.36872997797505,68.27843962060967,108.34117892614832,0.3212504674662274,0.6971599171983818
2014,3,spco2_le_threshold,random,1000,9,391500,95988,95972,22.893235326447737,15.027033661576317,0.1635249031536301,10.266218218993371,43.84242460047517,75.76775193119565,0.6673237596122128,0.816958930509533
2014,3,spco2_le_threshold,spatial_coverage,1000,9,391500,95988,95972,26.654183630041413,16.554748379819536,0.5021859486337243,10.91705382379118,48.19914269620028,88.6862423771292,0.5490398040198239,0.74935078515319
2014,3,spco2_le_threshold,historical_density,1000,10,391500,95988,95972,38.4094010754208,21.42446455633298,-8.615355082439352,12.087170296679034,76.0349439365534,170.764979480928,0.0635544933372022,0.6147732021804669
2014,3,spco2_le_threshold,random,1000,10,391500,95988,95972,23.54368837603327,14.843835431337045,-0.1392630104916306,9.723668123982634,46.04373259243461,78.14445527003112,0.6481509025145684,0.8053846074186717
2014,3,spco2_le_threshold,spatial_coverage,1000,10,391500,95988,95972,23.733530187077665,15.110668266493498,-0.4269142434237791,10.68738160288484,42.36805012022168,74.1856942404497,0.642453836838777,0.8046683959405403
2014,3,spco2_le_threshold,historical_density,1000,11,391500,95988,95972,33.73427036577112,20.22824900904022,-6.4030486023850735,12.469825938907093,70.92660301831725,117.61783648078412,0.2776459994713205,0.6709950340216696
2014,3,spco2_le_threshold,random,1000,11,391500,95988,95972,23.63787206398232,15.521679966256404,-1.110577860843554,10.620796200948348,45.42503664910196,73.43770050226627,0.6453302120389437,0.8072707917960418
2014,3,spco2_le_threshold,spatial_coverage,1000,11,391500,95988,95972,23.741167994662447,14.725379309337349,-2.4016240604842816,10.102690102053543,42.62815024608,66.67147670054769,0.6422236723253031,0.8080869609826641
2014,3,spco2_le_threshold,historical_density,1000,12,391500,95988,95972,41.36575597994125,22.987455616131744,-9.760893143854869,13.161326094800728,87.15218566913317,174.2085966090624,-0.0861489110380726,0.601065921747416
2014,3,spco2_le_threshold,random,1000,12,391500,95988,95972,22.69254144240575,14.074000195195286,-0.1181043665924433,9.718096458419891,39.9212998444992,68.79804080848916,0.6731310151550178,0.8209008259742665
2014,3,spco2_le_threshold,spatial_coverage,1000,12,391500,95988,95972,22.86859827317359,14.591704353187698,-0.6567247083644457,10.164320696344134,41.19629397352187,75.60161799934305,0.6680394078726267,0.817622228793984
2014,3,spco2_le_threshold,historical_density,1000,13,391500,95988,95972,41.579191457869015,23.792791546332023,-8.741560092931879,13.88790272030988,95.10962983445386,167.16356924542413,-0.0973862630888113,0.6147731947626086
2014,3,spco2_le_threshold,random,1000,13,391500,95988,95972,24.689081885682256,15.37898815011966,0.7704092595052366,10.010210596996243,45.6536283980898,85.83454445935938,0.6130834381717728,0.7848739488806216
2014,3,spco2_le_threshold,spatial_coverage,1000,13,391500,95988,95972,23.316766276085826,15.550682718633968,-0.0707635846704274,11.015111554777462,43.6586579535887,77.41989741779945,0.6549006998242557,0.809784568543802
2014,3,spco2_le_threshold,historical_density,1000,14,391500,95988,95972,31.59881513518224,19.576099504623407,-3.953741098241536,12.544434126788444,65.69085000801297,94.9295337871801,0.3662046683186206,0.6891260557426258
2014,3,spco2_le_threshold,random,1000,14,391500,95988,95972,22.695965885313505,14.267114627026508,-0.2507664539980049,10.02860861545264,39.78380583012868,69.13788013040951,0.6730323546645048,0.8204190833377402
2014,3,spco2_le_threshold,spatial_coverage,1000,14,391500,95988,95972,22.440931999615486,14.731054159765758,-0.7911291106359277,9.975349564651566,42.301131394274286,76.63853457474531,0.6803393198091787,0.8251049706580937
2014,3,spco2_le_threshold,historical_density,1000,15,391500,95988,95972,32.869478884309366,19.81589345413609,-6.406706567316889,12.781614840967393,65.78386111861816,109.05469271712634,0.3142069535063598,0.6770996981229185
2014,3,spco2_le_threshold,random,1000,15,391500,95988,95972,22.796760983143045,14.588201518990674,-0.7614506559985827,10.160075045934462,42.181710874107495,71.0633339668985,0.6701217124757542,0.818852951272383
2014,3,spco2_le_threshold,spatial_coverage,1000,15,391500,95988,95972,24.835302366986287,16.674374958593106,-0.8121239394256744,11.15349131953073,49.51029240300837,77.69885969379297,0.6084868591207735,0.7842811014959031
2014,3,spco2_le_threshold,historical_density,1000,16,391500,95988,95972,32.452282030007204,19.42920511199427,-6.540487015085206,12.139811201009593,64.80123307885376,96.8603322007542,0.3315053699695601,0.6874649926468296
2014,3,spco2_le_threshold,random,1000,16,391500,95988,95972,22.632269488920752,14.574692729337013,-1.3314332378758569,10.088245511877687,42.41488199552413,73.55151342262724,0.674865053546866,0.8222029612700585
2014,3,spco2_le_threshold,spatial_coverage,1000,16,391500,95988,95972,24.939340925663387,15.09695969538214,0.5896446919406202,10.01766399454101,43.27379497475331,91.5170657277076,0.6051997817764403,0.786471043266936
2014,3,spco2_le_threshold,historical_density,1000,17,391500,95988,95972,35.19391705531486,20.72881476547718,-8.053332872041958,12.470719858583236,72.72304940307625,135.50334293980634,0.2137825982231755,0.6590357574027811
2014,3,spco2_le_threshold,random,1000,17,391500,95988,95972,22.399136836144155,14.019544004256447,0.279066170147119,9.640685928264103,39.74552921339511,72.802951637353,0.6815289164758045,0.8260308176307999
2014,3,spco2_le_threshold,spatial_coverage,1000,17,391500,95988,95972,22.73067901712154,14.935003846189682,-2.307764905418958,10.223841423154624,44.59081714747328,75.22213665327651,0.6720314057816377,0.8225311473425004
2014,3,spco2_le_threshold,historical_density,1000,18,391500,95988,95972,32.79494976051828,19.972066186305423,-6.18557738025603,13.028725386648487,66.96865394275889,103.63016789799109,0.317313398192798,0.6754935316301472
2014,3,spco2_le_threshold,random,1000,18,391500,95988,95972,22.711543721818924,14.468308778225898,0.2927329962590869,9.731898525529516,42.39316404621098,72.65501286105248,0.6725833588788048,0.8201597187384241
2014,3,spco2_le_threshold,spatial_coverage,1000,18,391500,95988,95972,22.84880348445037,14.887628004713536,-1.03160937098126,9.979602030503171,44.39087984288396,77.67098090612659,0.6686138414936347,0.8193540306409149
2014,3,spco2_le_threshold,historical_density,1000,19,391500,95988,95972,35.63401955055111,20.81544323316631,-7.482654434849907,12.280738659388277,78.22810864283764,131.67316050259112,0.1939962403186449,0.652325291106596
2014,3,spco2_le_threshold,random,1000,19,391500,95988,95972,23.048291902512403,14.64304918157736,1.202515627087559,10.140720732058838,40.54070008669535,77.58203039621743,0.6628020459436801,0.8149061124942091
2014,3,spco2_le_threshold,spatial_coverage,1000,19,391500,95988,95972,23.65506799900893,15.601315589813348,-2.106706062731688,10.878729803762267,46.5155656303,79.23030495996584,0.6448139983120325,0.8070115095161366
2014,3,spco2_le_threshold,historical_density,5000,0,391500,95988,95972,34.82438130183672,18.63016714170152,-7.137983731233812,10.353059756245926,69.8232672512178,152.3125103757209,0.2302064665865371,0.6776217651501291
2014,3,spco2_le_threshold,random,5000,0,391500,95988,95972,21.24383174074813,12.666088325711854,0.0129282114989128,8.565859842337943,37.00310923232296,70.25395474724208,0.7135339592510785,0.8457987551508022
2014,3,spco2_le_threshold,spatial_coverage,5000,0,391500,95988,95972,18.150172487939617,11.834000375976778,-0.9686465968573428,8.358493871319183,33.905574574103305,59.61922593883348,0.7908928162201132,0.8896575351828815
2014,3,spco2_le_threshold,historical_density,5000,1,391500,95988,95972,30.354710352946896,17.18151841969801,-5.705321537481865,10.257515653025932,59.85241136820662,100.22268749154097,0.4151296221302183,0.7216577655367836
2014,3,spco2_le_threshold,random,5000,1,391500,95988,95972,18.555429157357,11.86108210543422,-0.4769358114089034,8.302833484934013,34.18276463543342,56.50692918077837,0.7814506866088478,0.8840797765646937
2014,3,spco2_le_threshold,spatial_coverage,5000,1,391500,95988,95972,20.881190704769253,13.027958419328426,-0.6754771474976311,8.849282799105367,37.62186790945142,70.27352624914411,0.7232306720291165,0.8526663489104971
2014,3,spco2_le_threshold,historical_density,5000,2,391500,95988,95972,32.45841736549473,17.725064546077633,-6.086593859633644,10.226171169113428,62.01254656548436,143.1967023279071,0.3312525787158544,0.696622036453748
2014,3,spco2_le_threshold,random,5000,2,391500,95988,95972,19.654734749568277,12.10786052862044,-0.559849813702051,8.134969873318624,34.932399744905105,65.89599610191232,0.7547879466123721,0.8694143999180408
2014,3,spco2_le_threshold,spatial_coverage,5000,2,391500,95988,95972,19.770273682533134,12.686340825376076,-0.7784942787527486,8.693171551328788,37.32625860777558,64.45193415198108,0.751896550538159,0.8682360267217606
2014,3,spco2_le_threshold,historical_density,5000,3,391500,95988,95972,35.15873390963489,18.88319424501884,-7.322960793890981,10.545384156572368,69.03251642649525,164.33769777365777,0.215353766034461,0.6752395437099398
2014,3,spco2_le_threshold,random,5000,3,391500,95988,95972,18.92773354459052,11.902808071944998,0.0256188772632719,8.059982385709333,35.23018861481379,62.59376150847642,0.7725925612558642,0.8791973649354772
2014,3,spco2_le_threshold,spatial_coverage,5000,3,391500,95988,95972,19.49195402780264,12.737455514665625,-0.7806781592348823,8.808925946706864,37.71403097765389,64.00776555150014,0.7588328247573609,0.8719456328170864
2014,3,spco2_le_threshold,historical_density,5000,4,391500,95988,95972,30.35854785178628,17.078545587906213,-5.276334117698941,10.460876985779636,57.967375523993375,96.09896779974022,0.4149817319844542,0.7144921566343485
2014,3,spco2_le_threshold,random,5000,4,391500,95988,95972,17.854004933371645,11.402290753283804,-0.6591032124202243,8.042414328949889,32.661641217190514,53.90387493778261,0.7976614000537279,0.8939262094950345
2014,3,spco2_le_threshold,spatial_coverage,5000,4,391500,95988,95972,18.385872088388098,12.005986768270771,-0.9388683478061542,8.544575314957257,34.08520159572554,58.06645272458064,0.7854265873127813,0.8869313483521869
2014,3,spco2_le_threshold,historical_density,5000,5,391500,95988,95972,33.93719808967741,18.438508701236376,-6.218081274219671,10.636174098797,65.670481494732,151.76734124411408,0.2689292527984241,0.6758406122459638
2014,3,spco2_le_threshold,random,5000,5,391500,95988,95972,18.3989639717006,11.7473857444151,-0.4599089322472766,8.200441413610662,33.333127572737425,58.32146512105521,0.7851208993128673,0.8865520556341477
2014,3,spco2_le_threshold,spatial_coverage,5000,5,391500,95988,95972,18.19807843085997,12.16862174945029,-1.3591010849989011,8.777134141638271,34.20891910922584,56.5412939546596,0.7897875157624535,0.889376987590318
2014,3,spco2_le_threshold,historical_density,5000,6,391500,95988,95972,34.19796440046966,18.10991015944316,-7.230281575408119,10.190770807728114,62.73112669853468,157.64076465265478,0.2576513014036955,0.6811812584656327
2014,3,spco2_le_threshold,random,5000,6,391500,95988,95972,19.905580695793105,12.214964368489166,-0.7562660310069653,8.316507334175753,35.507631050076725,60.75607060293844,0.7484889079686278,0.8661402191557956
2014,3,spco2_le_threshold,spatial_coverage,5000,6,391500,95988,95972,18.11557551901802,11.908412422521517,-0.5716730490482296,8.404096522255827,33.91235596584355,57.41992260835914,0.7916892361706995,0.8898968726468429
2014,3,spco2_le_threshold,historical_density,5000,7,391500,95988,95972,32.4791847270154,18.204242750116325,-6.147464055030384,10.73466024502966,67.9412034184412,126.62063054909382,0.3303965565496153,0.6936568323366975
2014,3,spco2_le_threshold,random,5000,7,391500,95988,95972,19.86574587970121,12.020909991844444,-0.3398977358294819,8.08656486355116,34.542351143086705,64.81145237397678,0.7494945428604756,0.8660511102296954
2014,3,spco2_le_threshold,spatial_coverage,5000,7,391500,95988,95972,18.30880315833437,11.925275480508596,-1.040509366908031,8.387970928743414,34.373192328128845,59.29057778108319,0.787221692153117,0.887710473304479
2014,3,spco2_le_threshold,historical_density,5000,8,391500,95988,95972,31.742131863218734,17.723743542952004,-6.035751239551352,10.397302725958582,64.667738604849,119.63226029400468,0.3604424610437742,0.7075714108686738
2014,3,spco2_le_threshold,random,5000,8,391500,95988,95972,18.804032538043508,12.139172451023285,-0.849707967633851,8.500119413860716,35.22924405618303,61.4075553687572,0.7755552621365887,0.8809587453504252
2014,3,spco2_le_threshold,spatial_coverage,5000,8,391500,95988,95972,18.40079191135105,12.10787509537193,-1.0545727445842634,8.593378022626922,34.4761118151435,60.26143742248922,0.7850782006543473,0.8864449150202977
2014,3,spco2_le_threshold,historical_density,5000,9,391500,95988,95972,30.39335314503516,17.30611089379182,-5.08351065029766,10.409249215501234,62.244632150338106,110.02391536464016,0.4136395462794872,0.7249438416984639
2014,3,spco2_le_threshold,random,5000,9,391500,95988,95972,18.128301805692296,11.70358223757874,-0.0419171730691826,8.216792676237048,33.71129179240058,57.860857810290966,0.7913964545614551,0.8897569485243831
2014,3,spco2_le_threshold,spatial_coverage,5000,9,391500,95988,95972,18.6958826768036,12.236155886067552,-0.0647179479414117,8.68228217009218,34.400515334958534,59.7414421162315,0.7781295890206892,0.8821417975743118
2014,3,spco2_le_threshold,historical_density,5000,10,391500,95988,95972,31.96084349133504,17.885540994461422,-6.494363082301835,10.30375045230116,67.69872196280619,120.7694799331024,0.3515986586413784,0.705532623425422
2014,3,spco2_le_threshold,random,5000,10,391500,95988,95972,19.11453851321031,11.970244793045785,-0.8330222835822697,8.328996863029545,35.111735596581816,56.80135601931349,0.7680816704931512,0.8766566149269688
2014,3,spco2_le_threshold,spatial_coverage,5000,10,391500,95988,95972,17.5527992295582,11.312247221682949,-0.4396293515420624,7.8673999013105345,33.09383570095958,55.8751645234457,0.8044309120203825,0.8971068075117521
2014,3,spco2_le_threshold,historical_density,5000,11,391500,95988,95972,31.501009174371923,17.781147364852742,-5.663318568401039,10.342366552427194,64.1024448732536,108.11188583907524,0.3701220953302098,0.7073116234325317
2014,3,spco2_le_threshold,random,5000,11,391500,95988,95972,18.55734992877796,11.856493974388504,-0.3751165168554977,8.062960871002645,34.89439473632196,62.963512977625406,0.781405437857264,0.8842238433059751
2014,3,spco2_le_threshold,spatial_coverage,5000,11,391500,95988,95972,18.488689788338444,12.035086656461294,-1.025779741189716,8.516537844066221,34.26209568855836,61.03312580770336,0.7830199968398334,0.8853593807164565
2014,3,spco2_le_threshold,historical_density,5000,12,391500,95988,95972,32.21953403681798,17.7563020985567,-5.950130125842209,10.447359764118744,60.987178199442354,141.06183760605217,0.3410598804573662,0.699662472500402
2014,3,spco2_le_threshold,random,5000,12,391500,95988,95972,18.333765183546877,11.591616136863804,-1.3523721644985065,8.026680115920442,33.89588978931272,55.06423438796158,0.7866410973237732,0.8877877010070618
2014,3,spco2_le_threshold,spatial_coverage,5000,12,391500,95988,95972,18.21892447423845,11.818631754751523,-1.0549487424017168,8.325025233969285,33.84835065464932,57.09482839133607,0.7893056397835003,0.8888674332711313
2014,3,spco2_le_threshold,historical_density,5000,13,391500,95988,95972,31.267076843210045,17.244441543283703,-5.956085536182575,10.038535702160914,62.044903262666026,103.53813364001884,0.3794425387486203,0.7124244196457221
2014,3,spco2_le_threshold,random,5000,13,391500,95988,95972,18.653849538473185,11.62270412051316,-0.1576982057129123,7.924539581009867,33.86409308224134,61.22721026899806,0.7791261106954328,0.8827973934720468
2014,3,spco2_le_threshold,spatial_coverage,5000,13,391500,95988,95972,19.17969559362672,12.410648521532105,-1.0235003580648,8.704776030287405,35.5087718884069,63.67144089898507,0.7664978628161249,0.8760314866751916
2014,3,spco2_le_threshold,historical_density,5000,14,391500,95988,95972,30.118676600644047,17.193352209088975,-4.950329415832203,10.370228727923006,57.44876839332683,105.52428341402384,0.4241899902498564,0.7224541637908278
2014,3,spco2_le_threshold,random,5000,14,391500,95988,95972,18.16289420493635,11.369680018115842,-0.1742508681323367,7.660899412894025,33.02511411145013,58.522567063671325,0.7905995810232719,0.8896766569889002
2014,3,spco2_le_threshold,spatial_coverage,5000,14,391500,95988,95972,19.934852544311106,12.898540952864124,-1.485492801465339,9.036938245882853,36.709257780656486,62.99137056739694,0.7477486524713686,0.8659714929290324
2014,3,spco2_le_threshold,historical_density,5000,15,391500,95988,95972,29.705757032267726,16.77234560997787,-5.422126815404197,10.00374291657053,58.655860100300245,106.74346854303,0.4398701867273543,0.7340406210520742
2014,3,spco2_le_threshold,random,5000,15,391500,95988,95972,18.421908148056108,11.63392499438725,-0.6010195312217198,7.877244997357394,33.88166466404778,59.62165553202768,0.7845846410677773,0.885981718585189
2014,3,spco2_le_threshold,spatial_coverage,5000,15,391500,95988,95972,19.08468153162113,12.374026680398895,-0.3082353494753815,8.75902504175329,35.2966367610735,60.2735911824189,0.7688056192648768,0.8768658779545746
2014,3,spco2_le_threshold,historical_density,5000,16,391500,95988,95972,31.456478123514007,17.595583402925485,-6.257673552705411,10.00525915690875,66.5188842396135,117.54668690919372,0.3719016763706363,0.714029609787159
2014,3,spco2_le_threshold,random,5000,16,391500,95988,95972,18.92754616287765,11.889891574961712,-1.608255410004882,8.282949697218896,34.37022163275348,60.60809746059321,0.7725970638323996,0.8799177289809632
2014,3,spco2_le_threshold,spatial_coverage,5000,16,391500,95988,95972,19.052318261901096,11.894559726345284,-0.2472854507131774,8.185560661944436,33.393096128724295,63.22647338742833,0.7695890603750751,0.8776920105092432
2014,3,spco2_le_threshold,historical_density,5000,17,391500,95988,95972,34.28980428418714,18.192186445178645,-6.925021095816607,10.076633104709998,63.12918098944356,154.31774086991652,0.2536587383631906,0.6797057442581355
2014,3,spco2_le_threshold,random,5000,17,391500,95988,95972,19.064005050946573,11.387722737899589,0.0311596169241393,7.843957870172403,31.91336722488429,59.01600194608286,0.769306303191857,0.8771267902452051
2014,3,spco2_le_threshold,spatial_coverage,5000,17,391500,95988,95972,18.817322107242976,12.448108956386996,-1.191090951701823,8.811626642606058,36.13611265341389,58.77093566591719,0.7752379017094958,0.8811385261944554
2014,3,spco2_le_threshold,historical_density,5000,18,391500,95988,95972,34.111103403729814,18.54312526487837,-6.801249945031449,10.654939911566686,65.43088062973527,151.1981844897785,0.2614175640855661,0.6855575560972651
2014,3,spco2_le_threshold,random,5000,18,391500,95988,95972,18.50266459345193,11.642037784284453,-0.6161659399524072,8.020798347858971,34.18556118927052,58.41759485531458,0.7826918611777287,0.8851036963292748
2014,3,spco2_le_threshold,spatial_coverage,5000,18,391500,95988,95972,18.300623000292028,11.702597206443157,-0.6967002409362427,8.17570469009624,34.0200351389547,58.1555226039736,0.7874117833721012,0.8876144220358779
2014,3,spco2_le_threshold,historical_density,5000,19,391500,95988,95972,32.53829211321118,18.27336295608089,-6.432516528605875,10.64617876354987,68.31891211348132,123.18468941484318,0.3279571774072788,0.6985403660975037
2014,3,spco2_le_threshold,random,5000,19,391500,95988,95972,18.8758270714514,11.923355586714523,-0.5650973729632355,8.220928482997948,34.75121724943043,60.43690777976421,0.7738381126944103,0.8798559914281716
2014,3,spco2_le_threshold,spatial_coverage,5000,19,391500,95988,95972,18.27829490497093,11.943100202710106,-0.5923393173489518,8.374650630352335,33.81161612155114,57.76425419316208,0.7879302131884948,0.8879140911744648
2014,4,all,historical_density,1000,0,384012,103476,103476,35.865848280417374,20.620742298833687,-2.133320841269517,13.44045116858308,64.13791435700603,108.40734479352142,0.2979869536253251,0.6362312956523372
2014,4,all,random,1000,0,384012,103476,103476,27.951495887117908,15.475607965471744,-1.6666681842835698,10.365017722999257,45.26588458811448,80.3600178361667,0.5736236775630125,0.7583827219055818
2014,4,all,spatial_coverage,1000,0,384012,103476,103476,28.034149096016773,16.422418890752727,-2.161156880512868,11.25969312536381,46.69459216219143,84.34879784364398,0.5710983403747278,0.7576824685432652
2014,4,all,historical_density,1000,1,384012,103476,103476,36.57467114157476,21.059455631537524,-5.795797673761814,13.259940681326867,64.4657154507321,129.66355387299637,0.2699647528109611,0.6204494383376019
2014,4,all,random,1000,1,384012,103476,103476,27.941331802056258,16.09157988986293,0.3585888639775439,10.793414134592524,46.59478146779371,78.9300688130925,0.573933710148343,0.7576925468877344
2014,4,all,spatial_coverage,1000,1,384012,103476,103476,28.74796391247614,16.854284748548892,-0.1129281701382086,11.488446529966753,49.37907453556829,81.94807141485096,0.5489785973539523,0.742557652490623
2014,4,all,historical_density,1000,2,384012,103476,103476,33.58412127384668,18.56147764467812,-3.722178166981057,12.396330279777205,52.8493629915918,99.1523943204646,0.384467557128279,0.6615571853709566
2014,4,all,random,1000,2,384012,103476,103476,27.368643317030457,16.09824515030173,0.5118155661962231,10.929148292114036,47.78640298595809,72.34053476240616,0.5912201230870126,0.7699369878266357
2014,4,all,spatial_coverage,1000,2,384012,103476,103476,29.44952960391819,17.445337792272007,0.9422686339811251,11.798299712625862,50.43152151912973,89.07684883778418,0.5266965243663313,0.7298472501910219
2014,4,all,historical_density,1000,3,384012,103476,103476,36.63004924002297,21.02188008690911,-4.052827558118499,13.580975884388296,67.08684567044752,108.13388354523424,0.2677523709230804,0.6222142310852489
2014,4,all,random,1000,3,384012,103476,103476,28.881192958970097,16.711087924409018,-2.977979395140632,11.418878833484255,47.38382323159382,82.32850725222924,0.5447884996032286,0.742161189068796
2014,4,all,spatial_coverage,1000,3,384012,103476,103476,28.57580349955934,16.515648380222135,-0.8110829143321981,11.326853180587989,47.52967410440644,83.55199647160295,0.5543644068790718,0.7448577988909286
2014,4,all,historical_density,1000,4,384012,103476,103476,35.06446989205422,20.825311108828625,-6.752378768761658,13.928283750763027,65.70662724460843,114.17177345681452,0.3290077186015592,0.6416134928637257
2014,4,all,random,1000,4,384012,103476,103476,28.51673285735061,16.50306700608606,0.2428057183604706,11.06310897936666,49.47968050954542,77.3424402971061,0.5562048991536281,0.7468264157436905
2014,4,all,spatial_coverage,1000,4,384012,103476,103476,29.74306642442078,17.79884436404652,0.3825386094254275,11.639955803560952,53.160263411055325,92.35000161452405,0.5172142407191302,0.7271419163377215
2014,4,all,historical_density,1000,5,384012,103476,103476,36.33554674241647,21.2832270341876,-4.202233847565669,13.858077924155197,65.45112307887048,121.71254451088436,0.2794794562646641,0.624512659122766
2014,4,all,random,1000,5,384012,103476,103476,29.57488792161691,17.03495954359099,-1.6322778543813454,11.294513120577191,50.83024009435984,93.92691244849966,0.5226585102343795,0.7239574103108147
2014,4,all,spatial_coverage,1000,5,384012,103476,103476,28.233377075495504,16.699598966075847,-1.653578585110141,11.505596549702004,49.05755270023673,78.67226021934466,0.5649805988884224,0.7526485892459134
2014,4,all,historical_density,1000,6,384012,103476,103476,38.56259367942867,21.53095711699028,-7.048435591074517,13.016608468154288,75.46835007567024,138.61799625699334,0.1884497011014957,0.6103771452628004
2014,4,all,random,1000,6,384012,103476,103476,28.34511254442089,16.21895293120139,-0.4448114319937225,10.802307934965455,47.7719554302917,83.04412499050696,0.5615305490020811,0.7496377532590733
2014,4,all,spatial_coverage,1000,6,384012,103476,103476,29.37359503385937,16.8306218455825,2.082591661876348,11.254490415452466,48.747202644867286,94.3078692500968,0.5291341701474017,0.7374255001801263
2014,4,all,historical_density,1000,7,384012,103476,103476,34.7331610237576,19.89176607081315,-2.938880049279933,12.929309578909766,59.19238390787156,115.89760979915197,0.3416276418083498,0.640651800904741
2014,4,all,random,1000,7,384012,103476,103476,27.91094967489672,16.20784436393294,1.8913224436144405,10.751910639287956,47.84027232559305,78.45327583582859,0.5748597764143516,0.7597677751010922
2014,4,all,spatial_coverage,1000,7,384012,103476,103476,28.17444649797744,16.254077561579358,-0.7825910058644873,11.153721483841167,46.44625066805514,83.42652642872602,0.5667947063505638,0.7530814658144364
2014,4,all,historical_density,1000,8,384012,103476,103476,34.74533008138908,19.711149482776964,-2.25373880767482,12.705013746883054,60.56462838943118,118.18027954045463,0.3411662283101468,0.6348520892556015
2014,4,all,random,1000,8,384012,103476,103476,28.79782644646881,15.812430400907868,-1.3093897835248944,10.31991091450064,48.692943012356906,88.88067982509834,0.5474126726562054,0.7405378786494643
2014,4,all,spatial_coverage,1000,8,384012,103476,103476,27.369207985632134,16.12245653019086,-0.5992204225773937,11.094609864739084,47.497753035893794,77.3451020518438,0.591203255057421,0.7698270720258564
2014,4,all,historical_density,1000,9,384012,103476,103476,35.85245124997906,20.247926991622197,-4.8961786965384295,13.018109400311715,64.97327253036738,113.34612433322884,0.2985113038966283,0.645757116964275
2014,4,all,random,1000,9,384012,103476,103476,27.95330529917527,16.073050931408137,-0.3071217138047039,10.8408692819211,46.61330100624315,77.64373040104282,0.5735684736889346,0.7574366820849828
2014,4,all,spatial_coverage,1000,9,384012,103476,103476,28.440306308736208,16.321108625068604,0.189703920230075,10.893068236268022,47.12754777329344,91.45216533724953,0.5585805062927836,0.752548611833378
2014,4,all,historical_density,1000,10,384012,103476,103476,34.68062455221334,19.9232631351636,-5.918934607654284,12.622307136579565,63.70654051951222,112.46589131405722,0.3436178091738604,0.6545426123406952
2014,4,all,random,1000,10,384012,103476,103476,27.618356702047983,15.828297097473296,-0.7076308691447651,10.738788163617356,45.6633236426255,74.80343042913938,0.5837266212666983,0.7644286410472588
2014,4,all,spatial_coverage,1000,10,384012,103476,103476,28.99667404073084,17.17539803005405,-0.541019335196073,11.7131589846652,49.712058529626745,85.35602727942059,0.5411409069679683,0.7380911777626441
2014,4,all,historical_density,1000,11,384012,103476,103476,36.20119640355574,21.13591039414656,-6.085087240927154,13.976826979083768,68.82431724995467,114.77517648694192,0.284797841443947,0.6340145206176452
2014,4,all,random,1000,11,384012,103476,103476,28.05668612545748,15.653739164042433,-1.5795813908481404,10.232607481921493,46.755936527387504,89.71083769240786,0.570408463562075,0.7563402882662997
2014,4,all,spatial_coverage,1000,11,384012,103476,103476,28.854972979662776,16.791275135958003,-0.1675522759169329,11.386715369032174,49.33424130037429,87.6472208358111,0.5456146578727485,0.7391007954336225
2014,4,all,historical_density,1000,12,384012,103476,103476,33.468538457629904,19.24719382383567,-4.631764363247825,12.794171422955657,58.38679152706668,101.32800938087604,0.3886970885001986,0.687089434847696
2014,4,all,random,1000,12,384012,103476,103476,28.352742587117653,15.838045185677192,-1.894780380368725,10.568610771596724,45.4640616965831,85.78786396126885,0.5612944595591745,0.7505047868608251
2014,4,all,spatial_coverage,1000,12,384012,103476,103476,29.051910134421423,16.41139508988724,0.0446739225588466,10.73830807665891,49.794596754919,89.34484556921389,0.5393910701168092,0.7349649110631759
2014,4,all,historical_density,1000,13,384012,103476,103476,35.12342432635718,20.101336514843847,-5.740474239205795,13.069648009581186,65.2881675424458,114.07810091429936,0.3267495224727494,0.6438469589864919
2014,4,all,random,1000,13,384012,103476,103476,27.01185413766062,15.477908933285072,0.2319700470782708,10.489376856966716,44.04851788918353,73.85819790418013,0.6018087054714993,0.775853840335664
2014,4,all,spatial_coverage,1000,13,384012,103476,103476,28.84930128247202,16.885690523111926,-0.0831735640465178,11.429778907533802,49.9238420637994,85.09088170792714,0.5457932671399254,0.7404711357622975
2014,4,all,historical_density,1000,14,384012,103476,103476,34.37419014218552,20.26612209883269,-5.379659012478308,13.428614292818366,63.30295890803414,103.97377061975992,0.35516601364315,0.6557792411636622
2014,4,all,random,1000,14,384012,103476,103476,29.13826769704985,17.302032893285194,0.0436591194724763,11.791667201596796,51.06464220932165,91.61249114386806,0.5366486560374921,0.7328603258944978
2014,4,all,spatial_coverage,1000,14,384012,103476,103476,26.6241788015631,15.39860803640728,-0.4791843759771331,10.54441053538642,44.298709607838006,74.82507316813022,0.613156404016739,0.7832132013046743
2014,4,all,historical_density,1000,15,384012,103476,103476,34.01939826265597,19.86962995832808,-5.2865425543365525,13.327866527032056,62.538614353300574,99.26858362562284,0.3684085761282236,0.6702913342270457
2014,4,all,random,1000,15,384012,103476,103476,28.832484890662187,16.439563785889334,0.1573608402938271,10.66411210481226,50.25862821870278,85.02972356185518,0.5463226312420447,0.7391487665566321
2014,4,all,spatial_coverage,1000,15,384012,103476,103476,28.202162769753144,16.418454417249553,-0.2833423027424026,11.388155243991122,47.70199052615497,77.71076201630164,0.5659419661596132,0.7536483079619523
2014,4,all,historical_density,1000,16,384012,103476,103476,37.27330680555404,21.29545597057541,-8.179924808533757,13.284615145826024,72.31102641462134,133.21673334957788,0.2418086638152705,0.622311698187694
2014,4,all,random,1000,16,384012,103476,103476,28.346004282298075,16.34705610191952,-0.9320137400381638,11.256896001119172,46.84748200530828,81.1149637105804,0.5615029600505634,0.7500072675482372
2014,4,all,spatial_coverage,1000,16,384012,103476,103476,28.1658364623428,16.655142445060555,-0.2228427261169744,11.606617352824712,49.45744040425012,81.86598400402788,0.5670594386561285,0.7539270832099584
2014,4,all,historical_density,1000,17,384012,103476,103476,36.33986785144823,20.36676951090883,-6.320820992482257,12.791344147172085,67.17721131192282,131.3005271138209,0.2793080740652733,0.6335002751180318
2014,4,all,random,1000,17,384012,103476,103476,27.54123448589768,15.721212941701152,-0.1131140101468503,10.544424973938789,46.3245977748021,81.77224299986618,0.5860482004917558,0.7655478754752293
2014,4,all,spatial_coverage,1000,17,384012,103476,103476,29.79079428323826,17.348906814210434,0.021749917796256,11.2893353895723,52.64796391311226,98.09869879320738,0.5156635722091943,0.7243210520467176
2014,4,all,historical_density,1000,18,384012,103476,103476,35.24968893755654,20.537735239640654,-3.596003897728462,13.840462976296491,61.14171369407643,102.08732404359844,0.3219003081483609,0.6422060254511649
2014,4,all,random,1000,18,384012,103476,103476,26.884056497201826,15.417824476909434,-1.346568822331199,10.874026230666288,43.50169964805771,69.94245164419041,0.6055676128010885,0.7790629349827669
2014,4,all,spatial_coverage,1000,18,384012,103476,103476,27.36786780990465,16.08670208520966,0.4626961484937192,11.291860427862758,44.28825856992162,85.0580682679612,0.5912432888108228,0.7712194208088566
2014,4,all,historical_density,1000,19,384012,103476,103476,35.0658538007516,20.582194251665104,-5.482826530558044,13.470183547358973,66.99439976232144,109.2532501077627,0.3289547527143471,0.6478898689290892
2014,4,all,random,1000,19,384012,103476,103476,28.18201632817653,15.88542583291999,0.4404202124313494,10.328619621317188,48.72148636692826,81.1965594304845,0.566561890344774,0.752783955213707
2014,4,all,spatial_coverage,1000,19,384012,103476,103476,27.82050449324951,15.308959665780865,-2.733686440684687,10.341523735767169,44.19646477180598,86.07093741537547,0.577610638258995,0.763193652792779
2014,4,all,historical_density,5000,0,384012,103476,103476,31.531351558678253,16.78745897942627,-4.949017034176303,10.683458402176823,51.83402048975061,91.87951018455628,0.4574145510309347,0.7159952191190373
2014,4,all,random,5000,0,384012,103476,103476,23.891671608964263,12.641051247387212,-0.2587928472331529,8.569656293913397,36.86595093126621,62.31963296491992,0.688487095080264,0.83029329336746
2014,4,all,spatial_coverage,5000,0,384012,103476,103476,24.55952015161394,13.396498702366404,-0.507333686635936,8.81542822982476,39.14081739984954,73.10354538775158,0.6708281231688917,0.8191523948579644
2014,4,all,historical_density,5000,1,384012,103476,103476,33.37790584599675,17.49655988637631,-5.647848250483664,10.625334048636631,57.87653317462991,102.3822511947887,0.3920034152827587,0.6877374597902408
2014,4,all,random,5000,1,384012,103476,103476,24.223439672399586,12.743828155162172,-0.8281394917829042,8.59934628032812,36.90055525978804,64.0323809077596,0.6797754727073376,0.8247450344946539
2014,4,all,spatial_coverage,5000,1,384012,103476,103476,24.912116448664456,13.429575881678703,-0.6842501898496032,9.069845668086572,39.4243610855047,66.93552961768792,0.6613085605703749,0.81369687813644
2014,4,all,historical_density,5000,2,384012,103476,103476,33.41613978784589,18.130221619851017,-6.874263920951271,10.986613910225005,62.210824875245606,116.91029493901048,0.3906097136992821,0.6877247607321313
2014,4,all,random,5000,2,384012,103476,103476,23.508354510575675,12.509439611376427,-0.8065892992160376,8.480461223597018,36.61036196849531,62.12396586406616,0.6984027120534884,0.8365401297228181
2014,4,all,spatial_coverage,5000,2,384012,103476,103476,24.513884767108102,13.303852384115991,-0.1180354642742426,9.162018477569518,37.51210640500331,65.59089801629115,0.6720502910763092,0.8198562725460602
2014,4,all,historical_density,5000,3,384012,103476,103476,33.29476314429684,18.24320305949815,-6.321199451502663,11.04281769082928,62.97990273407369,108.05005916603508,0.3950286212107652,0.6912362753614002
2014,4,all,random,5000,3,384012,103476,103476,23.91734655964496,12.58054554715598,-0.8559280630207172,8.36026944770785,37.25356910520532,61.79038075745756,0.6878172067501795,0.8308623622343604
2014,4,all,spatial_coverage,5000,3,384012,103476,103476,25.14794566760745,13.636277940455027,-0.415641705263328,9.4323124715346,38.579641146794486,66.57772176174142,0.6548658003874217,0.8093201157082245
2014,4,all,historical_density,5000,4,384012,103476,103476,32.095951072827155,17.313204942950982,-5.863105961244879,10.663378236084554,58.04176408628084,96.83957552348204,0.4378095449296104,0.7095534916802033
2014,4,all,random,5000,4,384012,103476,103476,24.3472152922228,12.970362115510731,-0.2742062657342713,8.634128791513518,37.60699520564475,66.91206200236894,0.6764945799190899,0.8229639528645646
2014,4,all,spatial_coverage,5000,4,384012,103476,103476,24.80801961335589,13.35777504902751,-0.3146070989240428,8.8008041185131,38.13256298820471,68.93610216167568,0.6641331335757696,0.8156625306649751
2014,4,all,historical_density,5000,5,384012,103476,103476,34.47048102059412,18.62729051781181,-7.404243418103982,10.97223320442967,68.3465275350674,115.79674523663962,0.3515482645140233,0.6816447014509558
2014,4,all,random,5000,5,384012,103476,103476,24.442797671191187,12.753700134017388,-0.9181729413702926,8.619971407367444,37.48639233168696,66.4630369253949,0.6739495567621567,0.8215011991936169
2014,4,all,spatial_coverage,5000,5,384012,103476,103476,26.011291284859468,14.98936557734926,-0.3007695956682144,10.313597682686831,42.75019065863378,75.69481264002837,0.6307616562204548,0.7968311740722279
2014,4,all,historical_density,5000,6,384012,103476,103476,36.1695287490577,19.139454397249292,-7.612488263527012,10.872742321344248,73.60163898343598,132.7033787779713,0.2860485663308989,0.6619845810130031
2014,4,all,random,5000,6,384012,103476,103476,24.844260582835297,13.190815395958754,-0.7382157457287647,8.622098294935455,39.81028098202252,71.29643644460987,0.6631511098653929,0.8145258851507972
2014,4,all,spatial_coverage,5000,6,384012,103476,103476,26.06937251200411,13.768675583801889,0.2497204796877718,9.224618493027435,39.245631950011685,78.65437305544009,0.6291108531660958,0.7962331561770777
2014,4,all,historical_density,5000,7,384012,103476,103476,34.08151303448502,18.04321810727649,-6.442353009996758,10.53122091360538,63.77402657160263,119.95743124128737,0.3661000713013318,0.6829987608352123
2014,4,all,random,5000,7,384012,103476,103476,23.868241072275406,12.920546445448895,-0.8543467679761088,8.810005542102374,37.429175779114885,62.44790900163541,0.6890977962189995,0.8310630617983608
2014,4,all,spatial_coverage,5000,7,384012,103476,103476,25.860574511031604,13.916309178611533,-0.0314609519806752,8.931243479742989,42.145476650548446,74.96871708751914,0.6350282021779062,0.7983936519254293
2014,4,all,historical_density,5000,8,384012,103476,103476,33.89191783353715,18.272708412197247,-7.244726109485372,10.662124803849508,67.55624321201236,106.91890920918487,0.3731332151542811,0.6898978344726193
2014,4,all,random,5000,8,384012,103476,103476,24.337410153733657,12.803420652486883,-1.2279912084372118,8.51974952002547,37.55115176035315,71.65735597001891,0.676755092399796,0.8241698861674015
2014,4,all,spatial_coverage,5000,8,384012,103476,103476,26.650278250604565,14.21896703154012,-0.1105193787728018,9.306185440766145,41.06409798250744,80.90254843416633,0.6123975935006152,0.7862050643037487
2014,4,all,historical_density,5000,9,384012,103476,103476,32.08350370635686,17.251114684638576,-5.474630326468602,10.627717307558695,57.65533021321261,96.74863045022626,0.4382455147921147,0.7077442690577875
2014,4,all,random,5000,9,384012,103476,103476,24.88343648485333,13.311126103717465,-0.3359247544029843,8.684392416530585,41.011330549514696,70.79764861055772,0.6620879457216096,0.8139001914756984
2014,4,all,spatial_coverage,5000,9,384012,103476,103476,24.702825644959105,13.617664458350385,0.0272025211076326,9.135264131203684,39.127712190609245,71.64598309140852,0.6669754612853068,0.8172083849983423
2014,4,all,historical_density,5000,10,384012,103476,103476,33.09081515612936,17.972737938002258,-6.170127050652754,10.929412217493365,60.10153922989875,106.18584125501754,0.4024174590902061,0.6918246008587965
2014,4,all,random,5000,10,384012,103476,103476,23.79734636746231,12.931447964957826,-0.9386235871065868,8.839466258274626,37.23982778677957,65.68747354179818,0.6909419694659782,0.8321669861641026
2014,4,all,spatial_coverage,5000,10,384012,103476,103476,25.528180812871536,13.418077390964257,-1.0450906565336775,8.856334799605946,39.20593170186957,77.42125290580744,0.644350089508517,0.8035162645914041
2014,4,all,historical_density,5000,11,384012,103476,103476,35.14380620678646,18.659838429911343,-7.086465045585368,10.860952687043351,66.09593885292742,130.39904551603493,0.3259679305626104,0.67126998545465
2014,4,all,random,5000,11,384012,103476,103476,24.18785963553357,13.12516291990998,-0.884402837829533,8.75687107620962,38.44136332341195,67.80446333332875,0.6807154905601033,0.8260070347335862
2014,4,all,spatial_coverage,5000,11,384012,103476,103476,25.99630531660786,14.234738532936682,-0.6568207311315997,9.755956228157771,40.33683342554157,76.46998374060084,0.6311869945899018,0.7962103146967935
2014,4,all,historical_density,5000,12,384012,103476,103476,34.76730820728272,18.458067473109534,-6.776512514876233,10.857013550615562,62.71887017305086,121.4293433768918,0.3403324753323045,0.6706784652125043
2014,4,all,random,5000,12,384012,103476,103476,24.30461889702105,12.748058664965956,-0.9277228709061603,8.501696850080378,37.65032046297948,68.91621609392767,0.6776255602051505,0.8240530257422884
2014,4,all,spatial_coverage,5000,12,384012,103476,103476,24.91260067063269,13.34303876252716,-0.7786781983780346,8.921345821715562,39.834779627874966,74.24698791477451,0.661295394011072,0.8134047925816609
2014,4,all,historical_density,5000,13,384012,103476,103476,33.31016656426795,17.723092257888432,-6.83533882094648,10.561461321598957,64.00463505161808,108.2745732489674,0.3944687263256156,0.6990492368852302
2014,4,all,random,5000,13,384012,103476,103476,24.58339406899861,13.18206653357052,-0.2026160608718678,8.884472810579354,38.170583961030346,72.47486633377822,0.6701878466679778,0.8187801532952292
2014,4,all,spatial_coverage,5000,13,384012,103476,103476,24.74670831638628,13.462549802140794,-0.8813053030369463,9.000827352421027,38.93550426270612,73.48675393922647,0.6657912253643231,0.8162570058426848
2014,4,all,historical_density,5000,14,384012,103476,103476,32.201431565015994,17.65939627703153,-5.8298968905743545,10.99095519879222,60.33739901424404,99.00105551300103,0.4341082950075837,0.7104716888239818
2014,4,all,random,5000,14,384012,103476,103476,24.701141834409025,13.105665364632104,-1.6143780590994292,8.940067848720986,37.996470086873785,65.7299823257986,0.6670208594214282,0.8180105007138617
2014,4,all,spatial_coverage,5000,14,384012,103476,103476,25.963941762385517,14.160495657900029,-0.0570938280182338,9.439352873358756,41.15633225012962,74.88416768516656,0.632104714993238,0.7965597980509718
2014,4,all,historical_density,5000,15,384012,103476,103476,32.96155578052751,17.763864932738752,-5.692286315265201,10.838744989935492,62.18133643101476,97.94282177137708,0.407076895983322,0.6988228760031481
2014,4,all,random,5000,15,384012,103476,103476,24.27985808326888,12.794862480375334,-0.9593420894936232,8.253027355522818,38.76129162913669,65.77742762280529,0.6782820763559538,0.8239711584634023
2014,4,all,spatial_coverage,5000,15,384012,103476,103476,24.893517357138307,13.259616008397106,0.0902048219458618,8.878020960677844,38.231795717314,73.72451486451527,0.661814097832357,0.8137905449698963
2014,4,all,historical_density,5000,16,384012,103476,103476,32.47260881573968,17.609942687630262,-6.340875614586944,10.679857558989625,60.40123977787272,100.530894386776,0.4245370988695041,0.7011944338834154
2014,4,all,random,5000,16,384012,103476,103476,24.28196008177367,12.963003692641989,-0.4897570590202256,8.476471164651201,39.12045715856122,66.23421759809683,0.678226369286751,0.824377977717244
2014,4,all,spatial_coverage,5000,16,384012,103476,103476,23.372425454809555,13.27318980936045,-0.6791101469441172,9.09590480256844,37.942659672616685,67.02346855198833,0.7018803958978668,0.8380304999517039
2014,4,all,historical_density,5000,17,384012,103476,103476,33.83485678780321,18.34444075579044,-6.111773763158743,11.099671988752846,62.96624833631445,112.80949399959808,0.375242246765858,0.6855354152691304
2014,4,all,random,5000,17,384012,103476,103476,24.54138338396526,12.709082268977316,-0.5435216878903067,8.598006463658407,36.85843677023283,66.29012965503222,0.6713141187745403,0.819798481575338
2014,4,all,spatial_coverage,5000,17,384012,103476,103476,25.77325125191378,13.635677184282596,-0.9427192962777512,9.321528864298813,37.56613676530469,71.60876106848832,0.6374888372533036,0.8021088195053412
2014,4,all,historical_density,5000,18,384012,103476,103476,32.33874667969718,17.664264419130397,-5.734657451980739,10.908038147506376,60.2611866847152,100.7233514222547,0.4292717918720008,0.7025121612755607
2014,4,all,random,5000,18,384012,103476,103476,24.71707899608777,12.954980190952368,-0.834591192580224,8.611593107719727,38.62127515036694,65.05751946131943,0.6665910449304122,0.8167023794873526
2014,4,all,spatial_coverage,5000,18,384012,103476,103476,25.45893782585051,13.683797269392944,-0.1488379977606968,9.25724939223926,39.63132165991888,72.16908134541568,0.6462768122946987,0.8056348791322194
2014,4,all,historical_density,5000,19,384012,103476,103476,34.53533417180029,18.00932169056458,-6.436237501019908,10.473132267688245,64.42252787747935,112.87870424574764,0.3491059603877143,0.6774365544564082
2014,4,all,random,5000,19,384012,103476,103476,24.20540699870971,12.764989923485146,-0.6589573297545869,8.561623565587695,37.84271111366941,65.20107959738854,0.6802520652249046,0.825478311123531
2014,4,all,spatial_coverage,5000,19,384012,103476,103476,24.60632611222468,13.5493209103419,-0.7082759133241164,9.123469418403744,40.31057448616805,70.85160047432805,0.6695722445958259,0.8184436634574529
2014,4,spco2_le_threshold,historical_density,1000,0,384012,103476,103463,32.84002187650487,20.47200338397858,-1.9822590044138055,13.437609842107136,64.10081019695772,107.7598595090014,0.345368609360318,0.6775160617445936
2014,4,spco2_le_threshold,random,1000,0,384012,103476,103463,24.31005210748006,15.33056085383232,-1.51988599617086,10.36318412305218,45.23504392920832,80.08526192850736,0.641274928721064,0.8016715687054135
2014,4,spco2_le_threshold,spatial_coverage,1000,0,384012,103476,103463,24.80477264231861,16.284829280510976,-2.021775360060384,11.257590528124638,46.67148017646249,83.7349298080359,0.6265259317222078,0.7935627661199787
2014,4,spco2_le_threshold,historical_density,1000,1,384012,103476,103463,33.547570274615026,20.90812144387976,-5.642545626062764,13.258126163142832,64.40147747641072,128.65110657423213,0.3168562589079519,0.6620855110633304
2014,4,spco2_le_threshold,random,1000,1,384012,103476,103463,24.168503627080007,15.943612160162484,0.5086235373564051,10.791922618901708,46.53953186825835,78.58158284839875,0.6454402148047487,0.8036305091455983
2014,4,spco2_le_threshold,spatial_coverage,1000,1,384012,103476,103463,25.037957965038327,16.706123903647164,0.0373362058376198,11.486225494144094,49.31519397101183,81.61029949742196,0.6194709971681347,0.788400894765854
2014,4,spco2_le_threshold,historical_density,1000,2,384012,103476,103463,30.153430004632703,18.40768757514981,-3.5665235575379084,12.393926838994446,52.81304660429455,98.79989278355497,0.4480961887559453,0.7082562360592118
2014,4,spco2_le_threshold,random,1000,2,384012,103476,103463,23.83345324588588,15.956978876898702,0.6551688735081297,10.927465845186248,47.7483017174812,72.0811306505724,0.6552026690150585,0.8105247053945762
2014,4,spco2_le_threshold,spatial_coverage,1000,2,384012,103476,103463,26.228365601782407,17.30353867650134,1.086378130115218,11.796429507581877,50.39073038972657,88.86032120934843,0.5824270010823354,0.7677779942948256
2014,4,spco2_le_threshold,historical_density,1000,3,384012,103476,103463,33.597013940206395,20.871284475913527,-3.900099806329838,13.580213928514468,66.99991379355197,107.9312741358783,0.3148410893198798,0.6640843113278881
2014,4,spco2_le_threshold,random,1000,3,384012,103476,103463,25.34936030539413,16.565492811030914,-2.830658733393736,11.416150857223954,47.35835312403151,81.86118693316755,0.6099466971333922,0.7850447577746059
2014,4,spco2_le_threshold,spatial_coverage,1000,3,384012,103476,103463,24.897770196128263,16.36826877201705,-0.661730046594172,11.325553726035537,47.48024780930218,83.30863398974736,0.6237202391365227,0.7899466757818949
2014,4,spco2_le_threshold,historical_density,1000,4,384012,103476,103463,31.952271093241887,20.674387465853247,-6.599686878969346,13.927099244457338,65.66522291114298,113.84731810826008,0.380282991818699,0.6836022399064797
2014,4,spco2_le_threshold,random,1000,4,384012,103476,103463,25.054694622698136,16.35835102477685,0.3896257981920272,11.061815547153458,49.43074665824134,76.83816670044784,0.6189620968600468,0.7878412527151608
2014,4,spco2_le_threshold,spatial_coverage,1000,4,384012,103476,103463,27.54660923068975,17.685076170170102,0.4985912719394739,11.638229217519267,53.09194218722603,91.92470781804208,0.5393975458353198,0.7460281321576652
2014,4,spco2_le_threshold,historical_density,1000,5,384012,103476,103463,33.22638442960086,21.13082417302215,-4.047684780399758,13.856794924500091,65.33701548452885,121.18192818052724,0.3298745340611092,0.6675981866041394
2014,4,spco2_le_threshold,random,1000,5,384012,103476,103463,26.12084213766001,16.889545570491286,-1.484928553077743,11.29273093581753,50.79226340931567,93.39507446465772,0.5858436732683211,0.7662793455628715
2014,4,spco2_le_threshold,spatial_coverage,1000,5,384012,103476,103463,24.596447306890656,16.55349128808228,-1.5055803929718792,11.503491914192296,49.00697891914072,78.30322295761968,0.6327729059563565,0.7963545694496507
2014,4,spco2_le_threshold,historical_density,1000,6,384012,103476,103463,35.634508725572125,21.3777040564165,-6.893362819301208,13.01562641475516,75.33267448022326,138.11755524442248,0.2292181089896502,0.6521184881123943
2014,4,spco2_le_threshold,random,1000,6,384012,103476,103463,24.99692600786592,16.07892951880702,-0.3028060179225231,10.801354485281536,47.72946167483512,82.71476708080894,0.6207171895179895,0.7881759378275752
2014,4,spco2_le_threshold,spatial_coverage,1000,6,384012,103476,103463,25.793734284887837,16.682918158607322,2.232671771104861,11.253128576875952,48.71581229597403,93.85773388659146,0.59615157420652,0.7821127611827372
2014,4,spco2_le_threshold,historical_density,1000,7,384012,103476,103463,31.47532111971953,19.739251997694467,-2.78423586667013,12.927532990735244,59.115808261823766,115.71828852875495,0.3986458806695917,0.6850760907737758
2014,4,spco2_le_threshold,random,1000,7,384012,103476,103463,24.64175667314375,16.070461435850504,2.0309795099733443,10.748723558730148,47.80882124713087,78.26682054442091,0.6314187142740707,0.7963779604947825
2014,4,spco2_le_threshold,spatial_coverage,1000,7,384012,103476,103463,24.42237753499052,16.106031718839063,-0.6326011896725775,11.151492155921574,46.41366287163613,83.02888287384646,0.6379522672481956,0.7988781201675947
2014,4,spco2_le_threshold,historical_density,1000,8,384012,103476,103463,31.53314003681595,19.559039967559865,-2.099435790058059,12.70361749149913,60.404273975828445,117.83106944616416,0.3964345240916829,0.6783381017957358
2014,4,spco2_le_threshold,random,1000,8,384012,103476,103463,25.09091410695449,15.663299693976493,-1.158436787195126,10.318731928422608,48.6397718347925,88.19018122801562,0.6178596310733329,0.7866705512412432
2014,4,spco2_le_threshold,spatial_coverage,1000,8,384012,103476,103463,23.857487754260465,15.981419295767868,-0.456232712434586,11.092870424187764,47.47109447021611,77.12117021086739,0.6545069064056911,0.8100215758108504
2014,4,spco2_le_threshold,historical_density,1000,9,384012,103476,103463,32.738217018346816,20.096857644648733,-4.743180421080044,13.016643373346083,64.89459678969502,113.04522685920176,0.3494210643861742,0.6888933981753483
2014,4,spco2_le_threshold,random,1000,9,384012,103476,103463,24.280496711175815,15.92766950715269,-0.1597593197356142,10.838641601820145,46.58218898845844,77.37421848234095,0.6421466517968553,0.8014508720412502
2014,4,spco2_le_threshold,spatial_coverage,1000,9,384012,103476,103463,25.55675691007782,16.188844809758038,0.3240422990376259,10.89140818154317,47.08821326984421,91.06588568373866,0.6035381207283383,0.7834824907894854
2014,4,spco2_le_threshold,historical_density,1000,10,384012,103476,103463,31.42934341844464,19.770501088749644,-5.764412934408923,12.620551255634894,63.66283629295581,112.13378298935868,0.4004014583711068,0.6990882875497065
2014,4,spco2_le_threshold,random,1000,10,384012,103476,103463,24.210115913326376,15.68851775199515,-0.5659516303620725,10.737475794260035,45.63016314838176,74.56979694914868,0.6442182322659659,0.802922493053987
2014,4,spco2_le_threshold,spatial_coverage,1000,10,384012,103476,103463,25.75828152331212,17.035213240710064,-0.3987444564188266,11.712277300649816,49.66453865443073,85.03658028171262,0.5972609678495807,0.7756019507910478
2014,4,spco2_le_threshold,historical_density,1000,11,384012,103476,103463,33.082737425515674,20.983462486076824,-5.930748215250246,13.975823823223209,68.74660822284821,114.60449812348932,0.3356562906013226,0.6773775539180953
2014,4,spco2_le_threshold,random,1000,11,384012,103476,103463,24.497602807658836,15.509508956156337,-1.4335827821709262,10.230482579187424,46.71320444775575,89.36512603039952,0.6357184893192256,0.7982803395475587
2014,4,spco2_le_threshold,spatial_coverage,1000,11,384012,103476,103463,25.397679866177945,16.64681891323613,-0.0210073026544767,11.385774593905978,49.28918359421664,87.2406086426982,0.6084582834769336,0.7804546882354366
2014,4,spco2_le_threshold,historical_density,1000,12,384012,103476,103463,30.05664355679975,19.094350136406124,-4.477084264898557,12.792438413544003,58.31822516405129,100.87178190935796,0.4516335031389716,0.7336254989068292
2014,4,spco2_le_threshold,random,1000,12,384012,103476,103463,24.656676108153132,15.69042012058596,-1.7454033610284474,10.5656461587414,45.436089319018166,85.54342251877218,0.6309722615870696,0.7955257715975609
2014,4,spco2_le_threshold,spatial_coverage,1000,12,384012,103476,103463,25.32352550065467,16.261670630512473,0.1964660669723409,10.736383438014514,49.74529955072413,89.10894599547552,0.6107413377738742,0.7818295788864674
2014,4,spco2_le_threshold,historical_density,1000,13,384012,103476,103463,31.954554079246986,19.949107251340266,-5.586440550839381,13.068425123875896,65.19343667848582,113.48434937192772,0.3801944312405476,0.6870794525358177
2014,4,spco2_le_threshold,random,1000,13,384012,103476,103463,23.495459518381868,15.337197102206808,0.3746558053260976,10.486836580939553,44.000342956933245,73.45099144123198,0.6649128007027683,0.8155185561787043
2014,4,spco2_le_threshold,spatial_coverage,1000,13,384012,103476,103463,25.36004938290734,16.741175015480152,0.0634531593867297,11.428481826279324,49.864788671985615,84.7779492134697,0.6096176798346593,0.7824381698896287
2014,4,spco2_le_threshold,historical_density,1000,14,384012,103476,103463,31.14419584524608,20.11599733891636,-5.227663786597113,13.426212445121678,63.230166315805945,103.45492501037556,0.4112320043641703,0.6994769583373056
2014,4,spco2_le_threshold,random,1000,14,384012,103476,103463,25.969340944969847,17.162994463494215,0.1848770143491939,11.789408450538474,51.02438644644233,91.36882792784164,0.590633964159051,0.7689747495030395
2014,4,spco2_le_threshold,spatial_coverage,1000,14,384012,103476,103463,23.04680286149233,15.257801095313472,-0.3365028274624552,10.542925304611686,44.26815438341918,74.52033438420635,0.6775879054538197,0.8233350698898158
2014,4,spco2_le_threshold,historical_density,1000,15,384012,103476,103463,30.785571607023,19.720432095361275,-5.135512344190063,13.326938605348287,62.48596977158304,99.15191643896692,0.4247132194922886,0.7139142139285375
2014,4,spco2_le_threshold,random,1000,15,384012,103476,103463,25.31479843130336,16.29418877478182,0.3048212347764658,10.66293477805408,50.21528769080052,84.68862527292926,0.6110095865201668,0.7817205593895244
2014,4,spco2_le_threshold,spatial_coverage,1000,15,384012,103476,103463,24.46427169527939,16.271277968659035,-0.1341384969566678,11.38620728077592,47.66770503785426,77.5077410206441,0.6367090881142438,0.7990745121962066
2014,4,spco2_le_threshold,historical_density,1000,16,384012,103476,103463,34.300600852543894,21.143183011785183,-8.026003899219125,13.282223503614148,72.23660846128327,132.69496650546662,0.2858434781892525,0.6638347073761491
2014,4,spco2_le_threshold,random,1000,16,384012,103476,103463,24.914471040784463,16.20555325939198,-0.7885740162032535,11.255431092567107,46.815140711661975,80.92628250326959,0.6232152704242195,0.7900260708752719
2014,4,spco2_le_threshold,spatial_coverage,1000,16,384012,103476,103463,24.621988326775018,16.51149695099434,-0.0771325335948245,11.605871825229713,49.41116873528303,81.5972766131624,0.6320098506932954,0.7958596143407303
2014,4,spco2_le_threshold,historical_density,1000,17,384012,103476,103463,33.24281762748308,20.214862966723,-6.167149591963828,12.79032975309542,67.09960143528835,130.9423042248104,0.3292115050963338,0.6765707093825583
2014,4,spco2_le_threshold,random,1000,17,384012,103476,103463,24.08962794890769,15.580846670894797,0.0292133992898397,10.54340258796185,46.27725567772672,81.44039044276435,0.6477507019713489,0.8048301432748426
2014,4,spco2_le_threshold,spatial_coverage,1000,17,384012,103476,103463,26.72202791152351,17.209551465133927,0.1632878687450884,11.288194766540528,52.601508487579856,97.53598218254432,0.5665602096152218,0.7597845035816023
2014,4,spco2_le_threshold,historical_density,1000,18,384012,103476,103463,32.08748387456482,20.386571871114448,-3.44271182128305,13.8389950355035,61.04090785826676,101.43600895567953,0.3750269675851228,0.6854496649877656
2014,4,spco2_le_threshold,random,1000,18,384012,103476,103463,23.15257906631344,15.274722948355924,-1.2016992576342405,10.871949721559533,43.472922974294775,69.75148149423107,0.6746216121095175,0.822160109979762
2014,4,spco2_le_threshold,spatial_coverage,1000,18,384012,103476,103463,23.98431921618101,15.94795570312647,0.6035219423186713,11.290431156076352,44.26132478693221,84.58312324346394,0.6508237130040759,0.80951464824826
2014,4,spco2_le_threshold,historical_density,1000,19,384012,103476,103463,31.950710755486472,20.43349764309761,-5.332232704817507,13.468585829301333,66.92858811854089,109.00609158647464,0.3803435161071014,0.6900489735211738
2014,4,spco2_le_threshold,random,1000,19,384012,103476,103463,24.670311087502405,15.74236534675455,0.5855320212782271,10.324112458035811,48.66973249988873,80.7511615318461,0.6305640089243851,0.7942244816093759
2014,4,spco2_le_threshold,spatial_coverage,1000,19,384012,103476,103463,24.001689924211927,15.160406792456024,-2.583553499587537,10.33900193710889,44.13953273788787,85.44909935895016,0.6503177461068335,0.8093062361400053
2014,4,spco2_le_threshold,historical_density,5000,0,384012,103476,103463,27.95296307904727,16.63521086314838,-4.79528143207944,10.681480521127128,51.73291289045003,91.76825056755696,0.5257081599908252,0.763258183475906
2014,4,spco2_le_threshold,random,5000,0,384012,103476,103463,19.51272945252128,12.49584310244096,-0.11202888659238,8.568504152350386,36.83560912657099,62.07105439243009,0.7688861367856608,0.8774878309698136
2014,4,spco2_le_threshold,spatial_coverage,5000,0,384012,103476,103463,21.69490312397152,13.274961637737832,-0.3841771141136771,8.814545545710985,39.1204057760512,72.69979173203804,0.7143031964261729,0.8452755748730529
2014,4,spco2_le_threshold,historical_density,5000,1,384012,103476,103463,29.946962832199876,17.34260925982293,-5.4924088477371855,10.623953462811867,57.79196210048014,101.50452667287126,0.4556283268186953,0.7345293481420075
2014,4,spco2_le_threshold,random,5000,1,384012,103476,103463,19.818093352980448,12.597109729700326,-0.6799238745459861,8.598741793066836,36.85394035927206,63.715438928357386,0.7615959160643389,0.8729279844895013
2014,4,spco2_le_threshold,spatial_coverage,5000,1,384012,103476,103463,20.73426518761344,13.282994800749291,-0.5360676742624525,9.068951769700902,39.39719576999279,66.56675094782783,0.7390440229001143,0.8600501735257449
2014,4,spco2_le_threshold,historical_density,5000,2,384012,103476,103463,30.06838753257264,17.978437704359834,-6.721065708077587,10.98533013509467,62.065093063850576,116.64257371874182,0.4512048950020234,0.7331047931082102
2014,4,spco2_le_threshold,random,5000,2,384012,103476,103463,19.47178802684622,12.37125147458378,-0.6669307135280524,8.479512002445858,36.55523632350141,61.984106150420175,0.7698549612034862,0.8780776256580243
2014,4,spco2_le_threshold,spatial_coverage,5000,2,384012,103476,103463,20.62102889657533,13.162731370808824,0.0247423308772367,9.160589113816911,37.47274830212593,65.20016980214204,0.7418865636580831,0.8614343898186175
2014,4,spco2_le_threshold,historical_density,5000,3,384012,103476,103463,29.963357567765247,18.092434778759912,-6.168933185524254,11.040930213709146,62.9038104120776,107.76064064915722,0.4550321212755525,0.7361989735504151
2014,4,spco2_le_threshold,random,5000,3,384012,103476,103463,19.672628683225856,12.437587808668592,-0.7114971406193349,8.35915755405125,37.22051642514795,61.367344339705255,0.7650828406183962,0.8762118783208406
2014,4,spco2_le_threshold,spatial_coverage,5000,3,384012,103476,103463,21.764307365826078,13.50234273473972,-0.2800453426991231,9.42996245031469,38.547270326055845,66.28655909700291,0.7124723252060192,0.8442323354315479
2014,4,spco2_le_threshold,historical_density,5000,4,384012,103476,103463,28.561529500315,17.160850343229594,-5.709312670525141,10.662522669334578,57.987420981256,96.6702362256836,0.5048316561653787,0.7567977121228872
2014,4,spco2_le_threshold,random,5000,4,384012,103476,103463,20.597177904784928,12.833130395692669,-0.13537928938926,8.632965266808696,37.57945341820544,66.77713970353304,0.7424833041224022,0.8619857314250529
2014,4,spco2_le_threshold,spatial_coverage,5000,4,384012,103476,103463,22.42608354842233,13.250289898779709,-0.2054830905013276,8.798935911823776,38.11331914465581,68.43680297430909,0.6947210757431407,0.8352627357431587
2014,4,spco2_le_threshold,historical_density,5000,5,384012,103476,103463,31.192879210755585,18.47436769404569,-7.249910432132079,10.971073531698778,68.24637370694998,115.3872439129187,0.409389888403552,0.727059613176454
2014,4,spco2_le_threshold,random,5000,5,384012,103476,103463,20.04442930010125,12.60615153175531,-0.769137219524362,8.61875969300695,37.44443562139522,66.14917099861547,0.7561193508309421,0.8701622703272791
2014,4,spco2_le_threshold,spatial_coverage,5000,5,384012,103476,103463,23.33130642085657,14.868527426461002,-0.1780858405759215,10.310023444779972,42.709856254496906,75.3063810637516,0.6695786767561467,0.8225689372984251
2014,4,spco2_le_threshold,historical_density,5000,6,384012,103476,103463,33.115757763867805,18.988157672295408,-7.459743189310697,10.871048097907815,73.45590814019906,132.31871430772404,0.3343294474490724,0.704950597916223
2014,4,spco2_le_threshold,random,5000,6,384012,103476,103463,20.69099466191495,13.045795091407042,-0.5916307871900907,8.62053636429323,39.77205564107213,71.06934645281547,0.740132069168774,0.8604406271047957
2014,4,spco2_le_threshold,spatial_coverage,5000,6,384012,103476,103463,22.521947273463997,13.629483871686173,0.3906735862036621,9.22411338856324,39.185373850474605,78.39498627461627,0.6921055745544273,0.8355066907566916
2014,4,spco2_le_threshold,historical_density,5000,7,384012,103476,103463,30.75133450342482,17.8903406123481,-6.288017880491133,10.530368661411842,63.68039263529685,119.49641229975754,0.4259920783783987,0.7288191105463961
2014,4,spco2_le_threshold,random,5000,7,384012,103476,103463,19.833203218582877,12.780762401395853,-0.7130466206222976,8.809289371772877,37.4036887193941,62.29937992498835,0.7612322456715974,0.8732860087573426
2014,4,spco2_le_threshold,spatial_coverage,5000,7,384012,103476,103463,22.735938085973203,13.785217509763088,0.1013753311448165,8.930297101737608,42.1133842485391,74.50129997329957,0.6862269011007887,0.8307104119031692
2014,4,spco2_le_threshold,historical_density,5000,8,384012,103476,103463,30.59818100472133,18.121107326102628,-7.0917393708392575,10.660047447503814,67.4615235377421,106.68704718462186,0.4316954019422738,0.735019107403717
2014,4,spco2_le_threshold,random,5000,8,384012,103476,103463,20.32594170363139,12.662330652485066,-1.0854467698170218,8.518812261615267,37.49864346264896,71.19241489374377,0.749220921391826,0.8669637302756714
2014,4,spco2_le_threshold,spatial_coverage,5000,8,384012,103476,103463,23.197321297707276,14.080601011136697,0.029619350903366,9.304434542676631,41.02212682715966,80.31730085396832,0.6733628130913119,0.8248569360236063
2014,4,spco2_le_threshold,historical_density,5000,9,384012,103476,103463,28.511884098520948,17.09807749199977,-5.320113432906218,10.62657848373641,57.573427378568624,96.3629333265622,0.5065515547130668,0.7555657618226038
2014,4,spco2_le_threshold,random,5000,9,384012,103476,103463,21.00267046944954,13.17075059548496,-0.1939189279162174,8.68358116372508,40.96651740615982,70.52352368646534,0.7322441378870591,0.8558637926848185
2014,4,spco2_le_threshold,spatial_coverage,5000,9,384012,103476,103463,21.470233861241297,13.488673657143318,0.1579077832401775,9.134115344451914,39.093991260894654,71.2476128671514,0.7201898263627481,0.8497006740173301
2014,4,spco2_le_threshold,historical_density,5000,10,384012,103476,103463,29.676485646728437,17.819775036130274,-6.015681165090606,10.927906063341991,60.05569387187292,105.66061462162676,0.4654173122166685,0.7379999363678569
2014,4,spco2_le_threshold,random,5000,10,384012,103476,103463,20.0402247455014,12.795983574330556,-0.8016523126956264,8.836629283359798,37.20029353317801,65.37061070302913,0.7562216537644983,0.8702698496374691
2014,4,spco2_le_threshold,spatial_coverage,5000,10,384012,103476,103463,21.74943945959173,13.27656856224176,-0.9020271770901744,8.855727519151799,39.17657716894497,76.93574778400662,0.7128650300381449,0.8450978044822832
2014,4,spco2_le_threshold,historical_density,5000,11,384012,103476,103463,31.999475504842504,18.508512700813736,-6.933685136210785,10.85873093481456,66.01256886355542,129.85190804997652,0.3784505721289479,0.7148405897158276
2014,4,spco2_le_threshold,random,5000,11,384012,103476,103463,20.51149172194958,12.98948880711912,-0.7471906884355691,8.755064562198243,38.40184906964745,67.44081409893174,0.7446214344296521,0.8635875912416163
2014,4,spco2_le_threshold,spatial_coverage,5000,11,384012,103476,103463,22.22354695362093,14.092408419372578,-0.5127845687246898,9.75329066575432,40.287856645639415,76.05381627491968,0.7002103044304187,0.838617182908254
2014,4,spco2_le_threshold,historical_density,5000,12,384012,103476,103463,31.58029047211535,18.30573858548729,-6.622715854093951,10.854888748132735,62.65433881360454,121.00029569276602,0.3946281926379078,0.7144993539464224
2014,4,spco2_le_threshold,random,5000,12,384012,103476,103463,19.92352096271371,12.601284225117942,-0.7794632202550307,8.500172541525728,37.59212882365309,68.66764544846814,0.7590526615992566,0.8722036294770641
2014,4,spco2_le_threshold,spatial_coverage,5000,12,384012,103476,103463,20.922008834986976,13.200224175399214,-0.6342849146403435,8.919861882118198,39.786147222764754,73.93633349666246,0.7342968437288515,0.8570554751658679
2014,4,spco2_le_threshold,historical_density,5000,13,384012,103476,103463,29.931650121857725,17.571280809689675,-6.682159339782508,10.559956777876437,63.90100158225713,107.75160064526024,0.4561848890739449,0.7450723460865265
2014,4,spco2_le_threshold,random,5000,13,384012,103476,103463,20.615615653115768,13.0412846694666,-0.0602033446165031,8.883610746419379,38.14145832586085,72.10606462869356,0.7420220610170161,0.8615044867673671
2014,4,spco2_le_threshold,spatial_coverage,5000,13,384012,103476,103463,21.18192358565605,13.326861407293055,-0.744036090133591,8.999874324640473,38.904840346447976,73.23161548335479,0.7276541605664748,0.853354359286805
2014,4,spco2_le_threshold,historical_density,5000,14,384012,103476,103463,28.71327578017071,17.507117817771366,-5.676132069116842,10.988707671323423,60.28557778428164,98.64927202388816,0.4995560590104887,0.75708029573575
2014,4,spco2_le_threshold,random,5000,14,384012,103476,103463,20.854832349360265,12.965400651200849,-1.4726694794070765,8.938181256193843,37.97067651979524,65.33128628865818,0.7360003464436073,0.8590192821037574
2014,4,spco2_le_threshold,spatial_coverage,5000,14,384012,103476,103463,22.56990580207752,14.024846678195564,0.0803272269574739,9.437895197488729,41.11446082512921,74.37679798882826,0.6907929096179546,0.8331798603810281
2014,4,spco2_le_threshold,historical_density,5000,15,384012,103476,103463,29.54940589873296,17.61222415535106,-5.539128758719478,10.83664128520644,62.09421231549865,97.7483816247136,0.4699858571743683,0.7449254976800607
2014,4,spco2_le_threshold,random,5000,15,384012,103476,103463,20.27103152901957,12.65358604871758,-0.8165785391066462,8.251717552903813,38.73131456938854,65.45300964908871,0.7505740417591857,0.8666538457263049
2014,4,spco2_le_threshold,spatial_coverage,5000,15,384012,103476,103463,20.98222153579099,13.118248782564018,0.2332494365149663,8.876338627453265,38.1783151191764,73.27603229779812,0.7327652769856969,0.8563639998385743
2014,4,spco2_le_threshold,historical_density,5000,16,384012,103476,103463,29.00160192137245,17.4581330874163,-6.187650069813577,10.677595414588213,60.29131565014762,100.31889965312604,0.4894551199623739,0.7477294345418075
2014,4,spco2_le_threshold,random,5000,16,384012,103476,103463,20.52296858933581,12.826389608934717,-0.3515757270576607,8.475894758388506,39.07669791964134,66.06562223563817,0.7443355687353045,0.8633571377915575
2014,4,spco2_le_threshold,spatial_coverage,5000,16,384012,103476,103463,20.676189852803024,13.16260295489023,-0.5669408616956357,9.094703455660865,37.90866775833241,66.82707115737766,0.7405038172423557,0.8606562704109703
2014,4,spco2_le_threshold,historical_density,5000,17,384012,103476,103463,30.495506115646226,18.19132688265297,-5.957122870305003,11.098032091960704,62.88842630003552,112.42541562583358,0.4355029950309876,0.731250482692765
2014,4,spco2_le_threshold,random,5000,17,384012,103476,103463,20.086778349072038,12.560817782715995,-0.3937286137516383,8.596525773235442,36.818149415101615,65.91985130235815,0.7550877401218046,0.8695655110173847
2014,4,spco2_le_threshold,spatial_coverage,5000,17,384012,103476,103463,22.12287362294615,13.495936861709136,-0.8013841189973512,9.32018101648913,37.54042633614218,71.27507216037424,0.7029202649235953,0.8424605592587289
2014,4,spco2_le_threshold,historical_density,5000,18,384012,103476,103463,28.905137866202768,17.512660425174666,-5.581554517432017,10.90707265588577,60.17700989850025,100.52666746519364,0.4928457825971821,0.7481775260495495
2014,4,spco2_le_threshold,random,5000,18,384012,103476,103463,20.307473046601466,12.807181859777309,-0.6852699492821932,8.610751097305297,38.57784374719732,64.85198931059118,0.7496764425862155,0.8660741728161621
2014,4,spco2_le_threshold,spatial_coverage,5000,18,384012,103476,103463,21.736151671393333,13.543456987500235,-0.0067970647122012,9.255823270679173,39.60567306659253,71.71185580314595,0.7132157722417987,0.8465211943360788
2014,4,spco2_le_threshold,historical_density,5000,19,384012,103476,103463,31.288979858614525,17.85683693446336,-6.282298600978691,10.47249146666934,64.33440207352291,112.45568456509294,0.4057451177174836,0.7222356253913687
2014,4,spco2_le_threshold,random,5000,19,384012,103476,103463,19.933967283752235,12.620223004583664,-0.5126693025949005,8.560323367502463,37.8029801240627,64.92190764185521,0.7587999278463707,0.8718253352593648
2014,4,spco2_le_threshold,spatial_coverage,5000,19,384012,103476,103463,21.149464860165388,13.416289806915833,-0.5736313482261374,9.122220765746818,40.26345014019421,70.58214313233482,0.7284881948969874,0.8537043890318322
