year,evaluation_domain,budget,seed,comparison,metric,difference_equal_weight,difference_area_weighted,difference
2005,all,500,0,spatial_coverage_minus_random,rmse,0.0732007241262309,0.1270540315937474,0.0538533074675165
2005,all,500,0,spatial_coverage_minus_random,mae,-0.0477588555531589,-0.0788619671310506,-0.031103111577891702
2005,all,500,0,spatial_coverage_minus_random,median_absolute_error,-0.0928435575333139,-0.1303794192199916,-0.037535861686677705
2005,all,500,0,spatial_coverage_minus_random,p95_absolute_error,-0.5808597557846298,-0.591111664137145,-0.010251908352515215
2005,all,500,0,spatial_coverage_minus_random,p99_absolute_error,-3.996870554561184,-2.993827071846667,1.0030434827145172
2005,all,500,0,historical_density_minus_random,rmse,7.86788954861489,7.399444485206029,-0.4684450634088613
2005,all,500,0,historical_density_minus_random,mae,4.9906165158084015,4.62289626086373,-0.36772025494467186
2005,all,500,0,historical_density_minus_random,median_absolute_error,2.84186963110227,2.651344961035761,-0.19052467006650886
2005,all,500,0,historical_density_minus_random,p95_absolute_error,19.89220045834591,18.576937569116936,-1.3152628892289755
2005,all,500,0,historical_density_minus_random,p99_absolute_error,34.49360546753421,33.023112284221924,-1.4704931833122856
2005,all,500,1,spatial_coverage_minus_random,rmse,1.448067198980354,1.5263957154032894,0.07832851642293548
2005,all,500,1,spatial_coverage_minus_random,mae,2.2743526337164184,2.375859032940792,0.10150639922437366
2005,all,500,1,spatial_coverage_minus_random,median_absolute_error,2.142404099996924,2.190005006455124,0.04760090645820014
2005,all,500,1,spatial_coverage_minus_random,p95_absolute_error,5.456551189297841,6.117107737439937,0.6605565481420967
2005,all,500,1,spatial_coverage_minus_random,p99_absolute_error,7.517682550486626,8.164751552551962,0.6470690020653365
2005,all,500,1,historical_density_minus_random,rmse,13.060337393399273,12.869774299780616,-0.19056309361865686
2005,all,500,1,historical_density_minus_random,mae,7.578040056757253,7.59119440194922,0.013154345191967565
2005,all,500,1,historical_density_minus_random,median_absolute_error,3.5683447920742424,3.632310082084871,0.06396529001062845
2005,all,500,1,historical_density_minus_random,p95_absolute_error,40.40825653702117,40.08723839264968,-0.3210181443714859
2005,all,500,1,historical_density_minus_random,p99_absolute_error,68.89554401223134,66.67339685406047,-2.22214715817087
2005,all,500,2,spatial_coverage_minus_random,rmse,-0.1091410226481386,-0.0292469108591717,0.07989411178896691
2005,all,500,2,spatial_coverage_minus_random,mae,0.1838629454482969,0.3679528610374412,0.18408991558914428
2005,all,500,2,spatial_coverage_minus_random,median_absolute_error,0.3915206685128396,0.6385012018560872,0.24698053334324754
2005,all,500,2,spatial_coverage_minus_random,p95_absolute_error,0.481376459450054,0.5126296051816155,0.031253145731561516
2005,all,500,2,spatial_coverage_minus_random,p99_absolute_error,-3.002258122069449,-2.426896858262211,0.5753612638072383
2005,all,500,2,historical_density_minus_random,rmse,9.001400468001027,9.186467261892536,0.18506679389150982
2005,all,500,2,historical_density_minus_random,mae,5.667205369339321,5.825171788281796,0.15796641894247543
2005,all,500,2,historical_density_minus_random,median_absolute_error,3.0280371893433937,3.3149540706975245,0.28691688135413074
2005,all,500,2,historical_density_minus_random,p95_absolute_error,20.60754149291303,20.445224985272752,-0.16231650764027705
2005,all,500,2,historical_density_minus_random,p99_absolute_error,44.53239946171921,46.78380363893153,2.251404177212322
2005,all,500,3,spatial_coverage_minus_random,rmse,-1.2384405547066957,-1.1934010010004528,0.04503955370624291
2005,all,500,3,spatial_coverage_minus_random,mae,0.1179890827906859,0.196395150535185,0.0784060677444991
2005,all,500,3,spatial_coverage_minus_random,median_absolute_error,0.7475622885098971,0.8220283709813145,0.0744660824714174
2005,all,500,3,spatial_coverage_minus_random,p95_absolute_error,-2.4824515699101184,-1.9673685938121963,0.5150829760979221
2005,all,500,3,spatial_coverage_minus_random,p99_absolute_error,-18.200731143105912,-19.60629591608371,-1.4055647729777974
2005,all,500,3,historical_density_minus_random,rmse,9.826695495577503,10.065714187744732,0.23901869216722815
2005,all,500,3,historical_density_minus_random,mae,5.557763131547851,5.8068842604285,0.24912112888064897
2005,all,500,3,historical_density_minus_random,median_absolute_error,2.771233210093726,2.950075175888543,0.17884196579481682
2005,all,500,3,historical_density_minus_random,p95_absolute_error,25.452701411952876,25.68023271343526,0.22753130148238299
2005,all,500,3,historical_density_minus_random,p99_absolute_error,46.01266620511905,46.7431341866065,0.7304679814874504
2005,all,500,4,spatial_coverage_minus_random,rmse,0.4566165403666922,0.4146437936251459,-0.041972746741546274
2005,all,500,4,spatial_coverage_minus_random,mae,0.813783805688967,0.7943341071657102,-0.019449698523256842
2005,all,500,4,spatial_coverage_minus_random,median_absolute_error,0.7733602453413084,0.7725672451026355,-0.0007930002386729029
2005,all,500,4,spatial_coverage_minus_random,p95_absolute_error,2.234717331645186,2.1847650818565043,-0.04995224978868151
2005,all,500,4,spatial_coverage_minus_random,p99_absolute_error,-2.110839768935179,-1.644953066819994,0.4658867021151849
2005,all,500,4,historical_density_minus_random,rmse,10.47473251972895,11.124918282423756,0.6501857626948073
2005,all,500,4,historical_density_minus_random,mae,6.256654685788551,6.668379542093582,0.41172485630503086
2005,all,500,4,historical_density_minus_random,median_absolute_error,2.943652215750092,3.1580819024133007,0.2144296866632085
2005,all,500,4,historical_density_minus_random,p95_absolute_error,29.75352307958133,32.78895674383774,3.0354336642564057
2005,all,500,4,historical_density_minus_random,p99_absolute_error,49.15750850977175,52.50720539908801,3.349696889316256
2005,all,500,5,spatial_coverage_minus_random,rmse,-0.029912557230336,-0.0783141228689103,-0.048401565638574305
2005,all,500,5,spatial_coverage_minus_random,mae,0.6292173015010754,0.6073502867781961,-0.02186701472287922
2005,all,500,5,spatial_coverage_minus_random,median_absolute_error,0.903032538416511,0.8817414163403328,-0.021291122076178226
2005,all,500,5,spatial_coverage_minus_random,p95_absolute_error,1.865188822463565,1.91924853344694,0.05405971098337492
2005,all,500,5,spatial_coverage_minus_random,p99_absolute_error,0.3991219668616992,0.3458756970099301,-0.05324626985176911
2005,all,500,5,historical_density_minus_random,rmse,7.241910000428138,7.530408006534927,0.28849800610678855
2005,all,500,5,historical_density_minus_random,mae,4.542217479161902,4.719539984794466,0.17732250563256358
2005,all,500,5,historical_density_minus_random,median_absolute_error,2.7997296449541125,2.952920000923939,0.15319035596982644
2005,all,500,5,historical_density_minus_random,p95_absolute_error,17.220918251526435,17.3688662480725,0.1479479965460655
2005,all,500,5,historical_density_minus_random,p99_absolute_error,32.14077752366788,34.4295121616437,2.2887346379758213
2005,all,500,6,spatial_coverage_minus_random,rmse,-0.1126823565902164,-0.2026573678493051,-0.0899750112590887
2005,all,500,6,spatial_coverage_minus_random,mae,0.7534765840188768,0.5479388340895568,-0.20553774992932006
2005,all,500,6,spatial_coverage_minus_random,median_absolute_error,1.1663329298615963,0.9125023114109468,-0.25383061845064947
2005,all,500,6,spatial_coverage_minus_random,p95_absolute_error,-0.1519243680201469,-0.6075723043474994,-0.45564793632735257
2005,all,500,6,spatial_coverage_minus_random,p99_absolute_error,-6.8217623183973615,-7.021501611590239,-0.1997392931928772
2005,all,500,6,historical_density_minus_random,rmse,8.128336947288656,7.698692623777955,-0.4296443235107006
2005,all,500,6,historical_density_minus_random,mae,5.176810524193851,4.688486663885136,-0.48832386030871433
2005,all,500,6,historical_density_minus_random,median_absolute_error,2.773577083974544,2.2667751848445903,-0.5068018991299539
2005,all,500,6,historical_density_minus_random,p95_absolute_error,21.51854808865823,21.747984508957902,0.22943642029967393
2005,all,500,6,historical_density_minus_random,p99_absolute_error,38.15772536512563,35.37694823292301,-2.7807771322026156
2005,all,500,7,spatial_coverage_minus_random,rmse,0.253508698262344,0.2434964063341205,-0.010012291928223505
2005,all,500,7,spatial_coverage_minus_random,mae,0.3042470937299555,0.3001723869875903,-0.004074706742365208
2005,all,500,7,spatial_coverage_minus_random,median_absolute_error,0.2861447922021227,0.2699870392336549,-0.016157752968467776
2005,all,500,7,spatial_coverage_minus_random,p95_absolute_error,1.5624211747885823,1.5111913351251758,-0.05122983966340655
2005,all,500,7,spatial_coverage_minus_random,p99_absolute_error,3.748746523405487,3.1114894451037003,-0.6372570783017868
2005,all,500,7,historical_density_minus_random,rmse,6.351532647313505,5.921392226176604,-0.4301404211369011
2005,all,500,7,historical_density_minus_random,mae,4.846385322071804,4.463785071119361,-0.3826002509524429
2005,all,500,7,historical_density_minus_random,median_absolute_error,3.352766589842304,3.052122026941845,-0.3006445629004588
2005,all,500,7,historical_density_minus_random,p95_absolute_error,16.66929993330345,15.776062565772342,-0.8932373675311069
2005,all,500,7,historical_density_minus_random,p99_absolute_error,25.898587512845666,23.294629845402795,-2.60395766744287
2005,all,500,8,spatial_coverage_minus_random,rmse,21.38741892594191,21.8642414033383,0.47682247739639294
2005,all,500,8,spatial_coverage_minus_random,mae,10.256257331769817,10.645899225239813,0.3896418934699959
2005,all,500,8,spatial_coverage_minus_random,median_absolute_error,4.158462362119536,4.374395792984302,0.2159334308647658
2005,all,500,8,spatial_coverage_minus_random,p95_absolute_error,43.721455383318016,45.42120392919248,1.6997485458744634
2005,all,500,8,spatial_coverage_minus_random,p99_absolute_error,99.050890918874,103.52829705327916,4.4774061344051574
2005,all,500,8,historical_density_minus_random,rmse,7.522129246450504,7.591911968824544,0.06978272237403971
2005,all,500,8,historical_density_minus_random,mae,4.200139756137254,4.441846599661801,0.24170684352454685
2005,all,500,8,historical_density_minus_random,median_absolute_error,2.1785430288935004,2.405763524812869,0.22722049591936866
2005,all,500,8,historical_density_minus_random,p95_absolute_error,17.00611589298498,17.43368042104087,0.42756452805588907
2005,all,500,8,historical_density_minus_random,p99_absolute_error,28.30820364843136,27.963600479942727,-0.34460316848863215
2005,all,500,9,spatial_coverage_minus_random,rmse,-0.2389755074039676,-0.2849302229927346,-0.045954715588767014
2005,all,500,9,spatial_coverage_minus_random,mae,0.225950366298349,0.198756950120547,-0.027193416177801993
2005,all,500,9,spatial_coverage_minus_random,median_absolute_error,-0.168327860946448,-0.3012573524925699,-0.1329294915461219
2005,all,500,9,spatial_coverage_minus_random,p95_absolute_error,1.9416196483571824,2.7691869019288973,0.8275672535717149
2005,all,500,9,spatial_coverage_minus_random,p99_absolute_error,4.660204631723218,3.131369492524001,-1.528835139199217
2005,all,500,9,historical_density_minus_random,rmse,8.196955935695922,7.919089827008076,-0.2778661086878458
2005,all,500,9,historical_density_minus_random,mae,6.189683465723036,6.165003739845165,-0.024679725877870595
2005,all,500,9,historical_density_minus_random,median_absolute_error,3.636946635284062,3.656880491126316,0.019933855842254378
2005,all,500,9,historical_density_minus_random,p95_absolute_error,22.53766305553673,22.622264612656465,0.08460155711973627
2005,all,500,9,historical_density_minus_random,p99_absolute_error,26.52329728973636,25.13455918441853,-1.3887381053178274
2005,all,500,10,spatial_coverage_minus_random,rmse,0.4313005245603563,0.692945693994865,0.2616451694345088
2005,all,500,10,spatial_coverage_minus_random,mae,1.5478583572127,1.6234856731816407,0.07562731596894068
2005,all,500,10,spatial_coverage_minus_random,median_absolute_error,1.75929023774097,1.6620824434232304,-0.09720779431773963
2005,all,500,10,spatial_coverage_minus_random,p95_absolute_error,4.056759336501635,5.226820583495389,1.170061246993754
2005,all,500,10,spatial_coverage_minus_random,p99_absolute_error,-13.76289985490594,-12.309669772215996,1.4532300826899451
2005,all,500,10,historical_density_minus_random,rmse,5.675527322939843,5.976021318415612,0.3004939954757697
2005,all,500,10,historical_density_minus_random,mae,4.3815524556231935,4.720960174079217,0.33940771845602313
2005,all,500,10,historical_density_minus_random,median_absolute_error,3.585288581841354,3.733450186054085,0.14816160421273095
2005,all,500,10,historical_density_minus_random,p95_absolute_error,14.704322469254258,15.291990586209243,0.5876681169549851
2005,all,500,10,historical_density_minus_random,p99_absolute_error,5.605262356768378,6.390945784603204,0.7856834278348259
2005,all,500,11,spatial_coverage_minus_random,rmse,-1.837876453540048,-1.8820596081435603,-0.0441831546035123
2005,all,500,11,spatial_coverage_minus_random,mae,-0.393257971387758,-0.5674512362939907,-0.17419326490623277
2005,all,500,11,spatial_coverage_minus_random,median_absolute_error,0.4345262233070741,0.1764265084752878,-0.2580997148317863
2005,all,500,11,spatial_coverage_minus_random,p95_absolute_error,-2.776543775345367,-3.2379618744025933,-0.4614180990572265
2005,all,500,11,spatial_coverage_minus_random,p99_absolute_error,-15.444922175302338,-15.437106666253726,0.007815509048612057
2005,all,500,11,historical_density_minus_random,rmse,6.842897969559161,6.300202146147655,-0.5426958234115054
2005,all,500,11,historical_density_minus_random,mae,3.824025951665771,3.561504907927617,-0.262521043738154
2005,all,500,11,historical_density_minus_random,median_absolute_error,1.9817275927029807,1.8194941749532347,-0.16223341774974598
2005,all,500,11,historical_density_minus_random,p95_absolute_error,17.866243111777372,14.722091798638225,-3.1441513131391474
2005,all,500,11,historical_density_minus_random,p99_absolute_error,32.61225550977561,28.472472241241974,-4.139783268533634
2005,all,500,12,spatial_coverage_minus_random,rmse,-1.0516648363447345,-0.9402380709511142,0.11142676539362029
2005,all,500,12,spatial_coverage_minus_random,mae,0.7966578553049093,0.805791690086199,0.009133834781289707
2005,all,500,12,spatial_coverage_minus_random,median_absolute_error,1.4910301531452603,1.3727245393933458,-0.1183056137519145
2005,all,500,12,spatial_coverage_minus_random,p95_absolute_error,-0.886594107349552,-0.5742463074791573,0.31234779987039474
2005,all,500,12,spatial_coverage_minus_random,p99_absolute_error,-10.206151344334074,-7.864338510060492,2.3418128342735827
2005,all,500,12,historical_density_minus_random,rmse,9.06402777143524,9.245562760662605,0.1815349892273641
2005,all,500,12,historical_density_minus_random,mae,6.341062597026513,6.612685266810534,0.27162266978402094
2005,all,500,12,historical_density_minus_random,median_absolute_error,3.574858975848884,3.8583132791264063,0.2834543032775225
2005,all,500,12,historical_density_minus_random,p95_absolute_error,25.59254327016536,26.046752075443,0.45420880527763785
2005,all,500,12,historical_density_minus_random,p99_absolute_error,41.78353337874289,42.767617074353495,0.9840836956106074
2005,all,500,13,spatial_coverage_minus_random,rmse,1.6463033977079533,1.578363586388427,-0.0679398113195262
2005,all,500,13,spatial_coverage_minus_random,mae,1.099541826906698,1.212677535178873,0.1131357082721749
2005,all,500,13,spatial_coverage_minus_random,median_absolute_error,0.6208315943408991,0.9346855694760166,0.3138539751351175
2005,all,500,13,spatial_coverage_minus_random,p95_absolute_error,0.725785455741196,0.028219116401857,-0.697566339339339
2005,all,500,13,spatial_coverage_minus_random,p99_absolute_error,17.29136170308675,15.7042937543507,-1.587067948736049
2005,all,500,13,historical_density_minus_random,rmse,6.571403238358556,6.55030730372436,-0.02109593463419568
2005,all,500,13,historical_density_minus_random,mae,4.479493872949792,4.533975084513223,0.054481211563430776
2005,all,500,13,historical_density_minus_random,median_absolute_error,3.171874041481942,3.1879135375120318,0.016039496030089584
2005,all,500,13,historical_density_minus_random,p95_absolute_error,13.100477017973487,12.329177642499047,-0.7712993754744399
2005,all,500,13,historical_density_minus_random,p99_absolute_error,19.63755433331518,19.90591137601308,0.2683570426979003
2005,all,500,14,spatial_coverage_minus_random,rmse,1.0047480845277337,1.0894562813431286,0.08470819681539488
2005,all,500,14,spatial_coverage_minus_random,mae,1.0705847657425274,1.0612767901540785,-0.009307975588448869
2005,all,500,14,spatial_coverage_minus_random,median_absolute_error,0.4081580224991228,0.2928147168135524,-0.11534330568557039
2005,all,500,14,spatial_coverage_minus_random,p95_absolute_error,4.188887416918803,4.0973850320482015,-0.09150238487060136
2005,all,500,14,spatial_coverage_minus_random,p99_absolute_error,14.968942868486865,15.09163200589181,0.12268913740494547
2005,all,500,14,historical_density_minus_random,rmse,6.807116184591585,7.1383043915840965,0.33118820699251117
2005,all,500,14,historical_density_minus_random,mae,4.54411217389686,4.7327588675683,0.1886466936714406
2005,all,500,14,historical_density_minus_random,median_absolute_error,2.666131531779257,2.7227506917333244,0.0566191599540673
2005,all,500,14,historical_density_minus_random,p95_absolute_error,14.625815644812969,15.13716471202877,0.5113490672158019
2005,all,500,14,historical_density_minus_random,p99_absolute_error,26.59646750580515,28.336793869026152,1.7403263632210013
2005,all,500,15,spatial_coverage_minus_random,rmse,-2.351065011127261,-2.21899314326253,0.13207186786473102
2005,all,500,15,spatial_coverage_minus_random,mae,-0.183956450510216,-0.0673667927528178,0.1165896577573982
2005,all,500,15,spatial_coverage_minus_random,median_absolute_error,0.5621297496513762,0.5880950656220136,0.025965315970637448
2005,all,500,15,spatial_coverage_minus_random,p95_absolute_error,-4.736791129846559,-3.869587889518108,0.8672032403284504
2005,all,500,15,spatial_coverage_minus_random,p99_absolute_error,-10.058725903671316,-11.133947529463626,-1.0752216257923095
2005,all,500,15,historical_density_minus_random,rmse,7.384406980747315,6.910741846080185,-0.47366513466712945
2005,all,500,15,historical_density_minus_random,mae,5.184353097628623,5.037264235804358,-0.1470888618242654
2005,all,500,15,historical_density_minus_random,median_absolute_error,3.3383071080326943,3.37147372608095,0.033166618048255714
2005,all,500,15,historical_density_minus_random,p95_absolute_error,22.15300020401878,20.169714965640622,-1.9832852383781585
2005,all,500,15,historical_density_minus_random,p99_absolute_error,21.666961515906664,18.930814973727337,-2.736146542179327
2005,all,500,16,spatial_coverage_minus_random,rmse,0.1660187598681055,0.1975545912045255,0.03153583133642002
2005,all,500,16,spatial_coverage_minus_random,mae,0.5603970759677317,0.5856228270888906,0.02522575112115888
2005,all,500,16,spatial_coverage_minus_random,median_absolute_error,0.5042258067473995,0.4958866555753616,-0.008339151172037873
2005,all,500,16,spatial_coverage_minus_random,p95_absolute_error,-0.3304779593641029,-0.6124789356787588,-0.28200097631465587
2005,all,500,16,spatial_coverage_minus_random,p99_absolute_error,4.467348025333976,4.903903468609983,0.43655544327600726
2005,all,500,16,historical_density_minus_random,rmse,6.02874719484652,5.813201425308069,-0.21554576953845128
2005,all,500,16,historical_density_minus_random,mae,3.9976094767349615,3.709647359459044,-0.2879621172759177
2005,all,500,16,historical_density_minus_random,median_absolute_error,2.5952958983424423,2.2630464641056847,-0.3322494342367577
2005,all,500,16,historical_density_minus_random,p95_absolute_error,14.521182931842617,14.13235714180096,-0.3888257900416576
2005,all,500,16,historical_density_minus_random,p99_absolute_error,19.19077579245804,17.98732000649312,-1.2034557859649198
2005,all,500,17,spatial_coverage_minus_random,rmse,-0.5362516052076067,-0.4061128205821518,0.13013878462545492
2005,all,500,17,spatial_coverage_minus_random,mae,0.1069112336822719,0.2500157308481405,0.1431044971658686
2005,all,500,17,spatial_coverage_minus_random,median_absolute_error,0.3289090049289029,0.5251781853505122,0.1962691804216093
2005,all,500,17,spatial_coverage_minus_random,p95_absolute_error,0.1270599291656893,-0.0047104037445251,-0.13177033291021442
2005,all,500,17,spatial_coverage_minus_random,p99_absolute_error,-3.745048401507347,-2.2118129572110234,1.5332354442963236
2005,all,500,17,historical_density_minus_random,rmse,11.271665688505957,11.228745283074096,-0.04292040543186104
2005,all,500,17,historical_density_minus_random,mae,6.35696436201356,6.393062445828214,0.03609808381465385
2005,all,500,17,historical_density_minus_random,median_absolute_error,2.617953799746971,2.666258893977897,0.048305094230926215
2005,all,500,17,historical_density_minus_random,p95_absolute_error,33.103346876579685,33.26784353912747,0.1644966625477835
2005,all,500,17,historical_density_minus_random,p99_absolute_error,54.11869210814632,53.88762100296624,-0.231071105180078
2005,all,500,18,spatial_coverage_minus_random,rmse,0.3583888911049868,0.5171078360953985,0.15871894499041167
2005,all,500,18,spatial_coverage_minus_random,mae,0.5822081471319418,0.7221055975886781,0.1398974504567363
2005,all,500,18,spatial_coverage_minus_random,median_absolute_error,0.7464826049974818,0.8433448636588423,0.09686225866136056
2005,all,500,18,spatial_coverage_minus_random,p95_absolute_error,1.4839234006416715,1.6832407033495258,0.1993173027078543
2005,all,500,18,spatial_coverage_minus_random,p99_absolute_error,-1.606968191692232,0.0995009059479343,1.7064690976401664
2005,all,500,18,historical_density_minus_random,rmse,6.898231124090263,7.11732808696982,0.21909696287955693
2005,all,500,18,historical_density_minus_random,mae,5.211813414135088,5.489673962088466,0.27786054795337733
2005,all,500,18,historical_density_minus_random,median_absolute_error,3.752857122152165,4.138741511894267,0.38588438974210204
2005,all,500,18,historical_density_minus_random,p95_absolute_error,15.529858651319763,16.089252745584325,0.5593940942645617
2005,all,500,18,historical_density_minus_random,p99_absolute_error,19.44619875872526,20.21592684087254,0.7697280821472816
2005,all,500,19,spatial_coverage_minus_random,rmse,3.1864756563134837,2.912753667144848,-0.27372198916863555
2005,all,500,19,spatial_coverage_minus_random,mae,1.1021620345647245,0.9378483669460458,-0.16431366761867872
2005,all,500,19,spatial_coverage_minus_random,median_absolute_error,0.3657430978328762,0.1859141072280863,-0.17982899060478988
2005,all,500,19,spatial_coverage_minus_random,p95_absolute_error,1.6911452984746305,1.3438016602210825,-0.34734363825354797
2005,all,500,19,spatial_coverage_minus_random,p99_absolute_error,31.05591636233187,29.098715014823327,-1.9572013475085441
2005,all,500,19,historical_density_minus_random,rmse,7.649295862630531,7.880821028729336,0.23152516609880536
2005,all,500,19,historical_density_minus_random,mae,4.495228958908211,4.70236250077701,0.2071335418687994
2005,all,500,19,historical_density_minus_random,median_absolute_error,2.409905512586363,2.5922891724579245,0.18238365987156158
2005,all,500,19,historical_density_minus_random,p95_absolute_error,19.177593561710417,18.28122340135685,-0.8963701603535661
2005,all,500,19,historical_density_minus_random,p99_absolute_error,35.451319254757706,37.30043400954301,1.8491147547853046
2005,all,1000,0,spatial_coverage_minus_random,rmse,0.1224611133353441,-0.079148084942652,-0.20160919827799612
2005,all,1000,0,spatial_coverage_minus_random,mae,1.242051274030576,1.15642855408003,-0.08562271995054593
2005,all,1000,0,spatial_coverage_minus_random,median_absolute_error,0.9773907152804496,1.0400171666571223,0.06262645137667266
2005,all,1000,0,spatial_coverage_minus_random,p95_absolute_error,3.950257442737765,3.581235714070665,-0.3690217286670996
2005,all,1000,0,spatial_coverage_minus_random,p99_absolute_error,3.350570835506062,0.7567036872004707,-2.5938671483055913
2005,all,1000,0,historical_density_minus_random,rmse,9.384164695852808,9.16043881530542,-0.22372588054738785
2005,all,1000,0,historical_density_minus_random,mae,5.789855313492945,5.602599212753196,-0.18725610073974863
2005,all,1000,0,historical_density_minus_random,median_absolute_error,2.6470033661789785,2.69217548529204,0.045172119113061626
2005,all,1000,0,historical_density_minus_random,p95_absolute_error,29.345799748925717,27.258146892234144,-2.087652856691573
2005,all,1000,0,historical_density_minus_random,p99_absolute_error,47.61968317650597,45.90755624352143,-1.712126932984546
2005,all,1000,1,spatial_coverage_minus_random,rmse,0.5326274695352069,0.4720762223167796,-0.060551247218427307
2005,all,1000,1,spatial_coverage_minus_random,mae,1.317139696380126,1.352405285405359,0.03526558902523291
2005,all,1000,1,spatial_coverage_minus_random,median_absolute_error,1.079214095277706,1.215815833852588,0.1366017385748819
2005,all,1000,1,spatial_coverage_minus_random,p95_absolute_error,4.006677084619028,4.027965657246,0.021288572626971813
2005,all,1000,1,spatial_coverage_minus_random,p99_absolute_error,1.12413756424597,0.7205803449195258,-0.40355721932644406
2005,all,1000,1,historical_density_minus_random,rmse,9.533446649663134,9.396796836834792,-0.13664981282834177
2005,all,1000,1,historical_density_minus_random,mae,6.02037847479674,6.071564508831504,0.05118603403476385
2005,all,1000,1,historical_density_minus_random,median_absolute_error,2.895795194970617,3.05373818911238,0.15794299414176294
2005,all,1000,1,historical_density_minus_random,p95_absolute_error,26.361230962332307,25.020389711295,-1.3408412510373076
2005,all,1000,1,historical_density_minus_random,p99_absolute_error,36.58762228095745,33.74706173552744,-2.8405605454300087
2005,all,1000,2,spatial_coverage_minus_random,rmse,-0.9759577290763026,-0.7636014270685507,0.2123563020077519
2005,all,1000,2,spatial_coverage_minus_random,mae,0.4118577675193595,0.4577124108975727,0.04585464337821321
2005,all,1000,2,spatial_coverage_minus_random,median_absolute_error,0.4110825944197245,0.3826394453372757,-0.028443149082448826
2005,all,1000,2,spatial_coverage_minus_random,p95_absolute_error,1.968231400538535,2.2773108641193858,0.3090794635808507
2005,all,1000,2,spatial_coverage_minus_random,p99_absolute_error,-1.5113207967579854,-0.244654833185578,1.2666659635724073
2005,all,1000,2,historical_density_minus_random,rmse,6.151217834229577,6.175436222419137,0.024218388189559903
2005,all,1000,2,historical_density_minus_random,mae,4.0328610669658005,3.933643989463031,-0.09921707750276942
2005,all,1000,2,historical_density_minus_random,median_absolute_error,2.52465457890429,2.436140809784149,-0.08851376912014075
2005,all,1000,2,historical_density_minus_random,p95_absolute_error,14.433133344648011,13.916510839957574,-0.5166225046904369
2005,all,1000,2,historical_density_minus_random,p99_absolute_error,31.044345863709225,32.632298688068374,1.5879528243591494
2005,all,1000,3,spatial_coverage_minus_random,rmse,-0.5522443794817882,-0.3568360005240514,0.19540837895773677
2005,all,1000,3,spatial_coverage_minus_random,mae,-0.0885023175118657,0.2575835448779333,0.346085862389799
2005,all,1000,3,spatial_coverage_minus_random,median_absolute_error,0.3510929666486504,0.6997486315949288,0.3486556649462784
2005,all,1000,3,spatial_coverage_minus_random,p95_absolute_error,-0.9413618141899248,-0.2650632927180041,0.6762985214719207
2005,all,1000,3,spatial_coverage_minus_random,p99_absolute_error,-7.27416845733886,-7.587067982002765,-0.312899524663905
2005,all,1000,3,historical_density_minus_random,rmse,9.52812334327847,9.541266799074617,0.013143455796146952
2005,all,1000,3,historical_density_minus_random,mae,5.857396288616886,5.843334124122629,-0.014062164494257345
2005,all,1000,3,historical_density_minus_random,median_absolute_error,2.955164128809372,3.0134850181853494,0.05832088937597746
2005,all,1000,3,historical_density_minus_random,p95_absolute_error,29.65712138923267,29.898049003681024,0.24092761444835276
2005,all,1000,3,historical_density_minus_random,p99_absolute_error,38.0004335681583,37.69742751800385,-0.30300605015445115
2005,all,1000,4,spatial_coverage_minus_random,rmse,11.540710823098763,11.450275715717709,-0.09043510738105454
2005,all,1000,4,spatial_coverage_minus_random,mae,4.887006275633798,4.796846891967091,-0.09015938366670717
2005,all,1000,4,spatial_coverage_minus_random,median_absolute_error,1.4668883434715667,1.3889041749072248,-0.07798416856434187
2005,all,1000,4,spatial_coverage_minus_random,p95_absolute_error,16.823461570640838,16.80454586132683,-0.01891570931400821
2005,all,1000,4,spatial_coverage_minus_random,p99_absolute_error,69.96610522212507,70.4743837245772,0.5082785024521286
2005,all,1000,4,historical_density_minus_random,rmse,11.468490539003184,11.022627500126331,-0.44586303887685297
2005,all,1000,4,historical_density_minus_random,mae,6.494091047047977,6.186496959098795,-0.3075940879491821
2005,all,1000,4,historical_density_minus_random,median_absolute_error,2.959127964723052,2.679756320484529,-0.27937164423852323
2005,all,1000,4,historical_density_minus_random,p95_absolute_error,26.635096649805668,25.7531614775932,-0.8819351722124686
2005,all,1000,4,historical_density_minus_random,p99_absolute_error,72.565823963296,69.01811339699142,-3.5477105663045734
2005,all,1000,5,spatial_coverage_minus_random,rmse,-0.5528446955167574,-0.5955640247509884,-0.04271932923423094
2005,all,1000,5,spatial_coverage_minus_random,mae,-0.2245342152937244,-0.2530252776468877,-0.028491062353163316
2005,all,1000,5,spatial_coverage_minus_random,median_absolute_error,0.1977476116962009,0.1877878527675989,-0.009959758928601986
2005,all,1000,5,spatial_coverage_minus_random,p95_absolute_error,-1.800351011670081,-1.654995602082522,0.14535540958755888
2005,all,1000,5,spatial_coverage_minus_random,p99_absolute_error,-3.0652532642941424,-3.052596683059108,0.012656581235034547
2005,all,1000,5,historical_density_minus_random,rmse,8.04286598625631,7.667950823225016,-0.374915163031293
2005,all,1000,5,historical_density_minus_random,mae,4.909037091980494,4.646439501987478,-0.26259758999301575
2005,all,1000,5,historical_density_minus_random,median_absolute_error,2.8008157843156027,2.6171498203299564,-0.18366596398564639
2005,all,1000,5,historical_density_minus_random,p95_absolute_error,18.7877583189308,17.98897059960848,-0.7987877193223198
2005,all,1000,5,historical_density_minus_random,p99_absolute_error,35.58665769909891,33.01314904591659,-2.5735086531823157
2005,all,1000,6,spatial_coverage_minus_random,rmse,-1.6584355291113368,-1.5671919117476172,0.09124361736371966
2005,all,1000,6,spatial_coverage_minus_random,mae,-0.2765588057049122,-0.2298179915350982,0.046740814169814016
2005,all,1000,6,spatial_coverage_minus_random,median_absolute_error,0.2606095001537483,0.2822439299169161,0.021634429763167817
2005,all,1000,6,spatial_coverage_minus_random,p95_absolute_error,-1.4403923418221185,-1.2621547219615223,0.17823761986059616
2005,all,1000,6,spatial_coverage_minus_random,p99_absolute_error,-11.661016119764994,-12.311990829279637,-0.6509747095146423
2005,all,1000,6,historical_density_minus_random,rmse,7.594955582283017,7.6621014269425665,0.06714584465954943
2005,all,1000,6,historical_density_minus_random,mae,5.058048985385005,5.177796995348842,0.11974800996383728
2005,all,1000,6,historical_density_minus_random,median_absolute_error,2.461696097858919,2.592056353272937,0.13036025541401797
2005,all,1000,6,historical_density_minus_random,p95_absolute_error,22.401228044875936,22.23430789871428,-0.16692014616165451
2005,all,1000,6,historical_density_minus_random,p99_absolute_error,40.263662080614,36.89545167629531,-3.3682104043186882
2005,all,1000,7,spatial_coverage_minus_random,rmse,-0.4711970138245931,-0.3827221334590298,0.08847488036556334
2005,all,1000,7,spatial_coverage_minus_random,mae,-0.1912542165601394,-0.0409125447809053,0.1503416717792341
2005,all,1000,7,spatial_coverage_minus_random,median_absolute_error,-0.1175572553812003,0.0725603835414574,0.1901176389226577
2005,all,1000,7,spatial_coverage_minus_random,p95_absolute_error,0.4596046145376959,0.5377014929268356,0.07809687838913965
2005,all,1000,7,spatial_coverage_minus_random,p99_absolute_error,-3.5824991848868564,-3.109087889042158,0.47341129584469854
2005,all,1000,7,historical_density_minus_random,rmse,7.170013029145746,7.215572512526901,0.045559483381154564
2005,all,1000,7,historical_density_minus_random,mae,5.107224590358589,5.048787944025486,-0.05843664633310297
2005,all,1000,7,historical_density_minus_random,median_absolute_error,3.1617194378463864,3.208203028431228,0.04648359058484175
2005,all,1000,7,historical_density_minus_random,p95_absolute_error,17.707722475424696,17.524486010778304,-0.18323646464639154
2005,all,1000,7,historical_density_minus_random,p99_absolute_error,37.83845447749309,39.759780078588,1.9213256010949138
2005,all,1000,8,spatial_coverage_minus_random,rmse,5.938110491555111,5.840720519764719,-0.09738997179039188
2005,all,1000,8,spatial_coverage_minus_random,mae,2.744347197356511,2.8754363419878537,0.1310891446313427
2005,all,1000,8,spatial_coverage_minus_random,median_absolute_error,0.9185988981818412,1.246602067855946,0.3280031696741048
2005,all,1000,8,spatial_coverage_minus_random,p95_absolute_error,10.168821971044617,9.488093624787538,-0.6807283462570783
2005,all,1000,8,spatial_coverage_minus_random,p99_absolute_error,26.574629294131,26.198731814119725,-0.3758974800112753
2005,all,1000,8,historical_density_minus_random,rmse,8.227716026220438,8.162112967809033,-0.0656030584114049
2005,all,1000,8,historical_density_minus_random,mae,4.593896986289494,4.557035534714832,-0.03686145157466125
2005,all,1000,8,historical_density_minus_random,median_absolute_error,1.977748426313923,1.9884057631358305,0.010657336821907615
2005,all,1000,8,historical_density_minus_random,p95_absolute_error,20.298316319957564,20.719693525593694,0.42137720563613
2005,all,1000,8,historical_density_minus_random,p99_absolute_error,39.694749804721184,38.38517726975648,-1.3095725349647012
2005,all,1000,9,spatial_coverage_minus_random,rmse,-0.3390285369546575,-0.4033642301578446,-0.0643356932031871
2005,all,1000,9,spatial_coverage_minus_random,mae,0.7827951238751609,0.6408901086309502,-0.14190501524421073
2005,all,1000,9,spatial_coverage_minus_random,median_absolute_error,0.5616684984926792,0.3930468425670881,-0.16862165592559109
2005,all,1000,9,spatial_coverage_minus_random,p95_absolute_error,4.057478215916525,3.585605526718126,-0.4718726891983991
2005,all,1000,9,spatial_coverage_minus_random,p99_absolute_error,2.2789653960441285,1.725280221889463,-0.5536851741546656
2005,all,1000,9,historical_density_minus_random,rmse,6.427733697548241,6.769797757722184,0.34206406017394286
2005,all,1000,9,historical_density_minus_random,mae,4.401441407628928,4.682668161132915,0.2812267535039865
2005,all,1000,9,historical_density_minus_random,median_absolute_error,2.2716442183967445,2.4037475096862693,0.1321032912895248
2005,all,1000,9,historical_density_minus_random,p95_absolute_error,16.972248636387278,18.90988767278804,1.937639036400764
2005,all,1000,9,historical_density_minus_random,p99_absolute_error,41.82146812911883,42.59906188152134,0.7775937524025096
2005,all,1000,10,spatial_coverage_minus_random,rmse,-1.3579407944672257,-1.5099067474788157,-0.15196595301159
2005,all,1000,10,spatial_coverage_minus_random,mae,0.3504446296030039,0.3368176169690304,-0.013627012633973479
2005,all,1000,10,spatial_coverage_minus_random,median_absolute_error,0.947075687196758,1.0422748325891291,0.09519914539237107
2005,all,1000,10,spatial_coverage_minus_random,p95_absolute_error,-0.0096815890360559,-0.587288886061053,-0.5776072970249971
2005,all,1000,10,spatial_coverage_minus_random,p99_absolute_error,-15.352225031483002,-17.141076508584305,-1.7888514771013035
2005,all,1000,10,historical_density_minus_random,rmse,8.168091605066838,7.795772567787658,-0.3723190372791798
2005,all,1000,10,historical_density_minus_random,mae,5.555540032514349,5.314848158713179,-0.24069187380117008
2005,all,1000,10,historical_density_minus_random,median_absolute_error,3.350630385300746,3.390279818300769,0.03964943300002277
2005,all,1000,10,historical_density_minus_random,p95_absolute_error,23.923230152030044,21.54998214233649,-2.3732480096935546
2005,all,1000,10,historical_density_minus_random,p99_absolute_error,33.798525648200794,32.97595909274362,-0.8225665554571719
2005,all,1000,11,spatial_coverage_minus_random,rmse,-13.70549863270563,-13.8325649499441,-0.1270663172384694
2005,all,1000,11,spatial_coverage_minus_random,mae,-3.1933972299239013,-3.213117513487587,-0.019720283563685825
2005,all,1000,11,spatial_coverage_minus_random,median_absolute_error,0.2103506048187,0.2045599372379456,-0.005790667580754388
2005,all,1000,11,spatial_coverage_minus_random,p95_absolute_error,-12.583479274496357,-12.939370741832905,-0.35589146733654786
2005,all,1000,11,spatial_coverage_minus_random,p99_absolute_error,-56.15614219645312,-59.20389216226114,-3.0477499658080234
2005,all,1000,11,historical_density_minus_random,rmse,-5.323958580306879,-5.368373870199264,-0.044415289892384635
2005,all,1000,11,historical_density_minus_random,mae,0.6528153372402841,0.8327968408977391,0.17998150365745502
2005,all,1000,11,historical_density_minus_random,median_absolute_error,1.5867021040798477,1.8397364042699849,0.2530343001901372
2005,all,1000,11,historical_density_minus_random,p95_absolute_error,4.425955291651853,4.758556994684334,0.3326017030324806
2005,all,1000,11,historical_density_minus_random,p99_absolute_error,-8.507970222693444,-11.11134075697123,-2.6033705342777864
2005,all,1000,12,spatial_coverage_minus_random,rmse,-1.7679141156054392,-1.6557333573780753,0.11218075822736395
2005,all,1000,12,spatial_coverage_minus_random,mae,0.0076833273744778,-0.0568057069809153,-0.0644890343553931
2005,all,1000,12,spatial_coverage_minus_random,median_absolute_error,0.7470129817708653,0.5851036950613491,-0.1619092867095162
2005,all,1000,12,spatial_coverage_minus_random,p95_absolute_error,-0.9712582511638388,-0.493771325555187,0.4774869256086518
2005,all,1000,12,spatial_coverage_minus_random,p99_absolute_error,-12.22676456354138,-9.939924630633255,2.2868399329081246
2005,all,1000,12,historical_density_minus_random,rmse,7.895167939826777,8.394241690834683,0.49907375100790574
2005,all,1000,12,historical_density_minus_random,mae,5.095168144890875,5.331943003903351,0.23677485901247586
2005,all,1000,12,historical_density_minus_random,median_absolute_error,3.0358661293339537,2.9377692338828467,-0.098096895451107
2005,all,1000,12,historical_density_minus_random,p95_absolute_error,18.549246125954248,21.422041679213574,2.8727955532593263
2005,all,1000,12,historical_density_minus_random,p99_absolute_error,45.58307862974786,49.38809091270531,3.805012282957449
2005,all,1000,13,spatial_coverage_minus_random,rmse,4.496737769396312,4.6415380397575845,0.14480027036127208
2005,all,1000,13,spatial_coverage_minus_random,mae,2.866241598488328,3.0271483707691083,0.16090677228078043
2005,all,1000,13,spatial_coverage_minus_random,median_absolute_error,1.831412610083248,1.879319885108515,0.04790727502526715
2005,all,1000,13,spatial_coverage_minus_random,p95_absolute_error,6.361754413636646,7.049907134490297,0.6881527208536511
2005,all,1000,13,spatial_coverage_minus_random,p99_absolute_error,22.78873943281576,24.486350984663886,1.6976115518481265
2005,all,1000,13,historical_density_minus_random,rmse,7.610552371045152,7.4137003664693,-0.1968520045758524
2005,all,1000,13,historical_density_minus_random,mae,5.312662582118493,5.363225386933646,0.05056280481515252
2005,all,1000,13,historical_density_minus_random,median_absolute_error,3.4265070411061918,3.637466245678184,0.21095920457199213
2005,all,1000,13,historical_density_minus_random,p95_absolute_error,18.77594063136608,17.682241759282583,-1.0936988720834968
2005,all,1000,13,historical_density_minus_random,p99_absolute_error,32.895874040284795,29.58781995784396,-3.3080540824408367
2005,all,1000,14,spatial_coverage_minus_random,rmse,3.151480340761079,3.1578689411441907,0.006388600383111509
2005,all,1000,14,spatial_coverage_minus_random,mae,2.551212444060297,2.4589732456105637,-0.09223919844973327
2005,all,1000,14,spatial_coverage_minus_random,median_absolute_error,1.1021170634909367,0.860429123583657,-0.24168793990727977
2005,all,1000,14,spatial_coverage_minus_random,p95_absolute_error,9.621111544909262,9.891163939007953,0.2700523940986912
2005,all,1000,14,spatial_coverage_minus_random,p99_absolute_error,21.683286421775264,22.96037023790214,1.2770838161268756
2005,all,1000,14,historical_density_minus_random,rmse,7.388041977176453,7.578609131067186,0.19056715389073275
2005,all,1000,14,historical_density_minus_random,mae,5.080719121865901,5.303013186564241,0.22229406469834068
2005,all,1000,14,historical_density_minus_random,median_absolute_error,2.930867160390136,2.9950863974929405,0.06421923710280453
2005,all,1000,14,historical_density_minus_random,p95_absolute_error,19.1853999713369,21.03509083349433,1.8496908621574306
2005,all,1000,14,historical_density_minus_random,p99_absolute_error,38.67779857161267,39.35236545439453,0.6745668827818605
2005,all,1000,15,spatial_coverage_minus_random,rmse,-0.2539870482785495,-0.4747686051612838,-0.22078155688273426
2005,all,1000,15,spatial_coverage_minus_random,mae,0.4285628563285755,0.2735226893225313,-0.15504016700604417
2005,all,1000,15,spatial_coverage_minus_random,median_absolute_error,0.4756913949575505,0.427335831414581,-0.04835556354296949
2005,all,1000,15,spatial_coverage_minus_random,p95_absolute_error,0.1687122151820403,-0.3715935901593141,-0.5403058053413544
2005,all,1000,15,spatial_coverage_minus_random,p99_absolute_error,4.321754851059765,3.5666091423777004,-0.7551457086820648
2005,all,1000,15,historical_density_minus_random,rmse,10.049655622439314,9.881267400545951,-0.16838822189336256
2005,all,1000,15,historical_density_minus_random,mae,5.646526856016697,5.677942173272188,0.03141531725549118
2005,all,1000,15,historical_density_minus_random,median_absolute_error,2.924461735753539,3.0678534706855487,0.14339173493200974
2005,all,1000,15,historical_density_minus_random,p95_absolute_error,24.15712038753874,23.25001623093676,-0.907104156601978
2005,all,1000,15,historical_density_minus_random,p99_absolute_error,54.15587689563321,53.075493010352645,-1.0803838852805683
2005,all,1000,16,spatial_coverage_minus_random,rmse,-0.0452139100083641,-0.0882885451765496,-0.04307463516818551
2005,all,1000,16,spatial_coverage_minus_random,mae,0.2848886895096552,0.1602204663864732,-0.12466822312318199
2005,all,1000,16,spatial_coverage_minus_random,median_absolute_error,0.3451735162922489,0.2056948652235632,-0.1394786510686857
2005,all,1000,16,spatial_coverage_minus_random,p95_absolute_error,0.7985104082030929,0.9157819156131382,0.11727150741004522
2005,all,1000,16,spatial_coverage_minus_random,p99_absolute_error,-1.2896957556915822,-1.3929776062499997,-0.10328185055841743
2005,all,1000,16,historical_density_minus_random,rmse,8.686365880725287,7.732078539682444,-0.9542873410428427
2005,all,1000,16,historical_density_minus_random,mae,4.814235603701928,4.493824842808726,-0.32041076089320164
2005,all,1000,16,historical_density_minus_random,median_absolute_error,1.9869164809552444,1.966918367098032,-0.019998113857212507
2005,all,1000,16,historical_density_minus_random,p95_absolute_error,25.55302620806966,23.020949912850163,-2.532076295219497
2005,all,1000,16,historical_density_minus_random,p99_absolute_error,37.61119095102711,33.18592393023576,-4.4252670207913525
2005,all,1000,17,spatial_coverage_minus_random,rmse,-0.9754353630478896,-0.980354312945014,-0.004918949897124381
2005,all,1000,17,spatial_coverage_minus_random,mae,0.1866664675865426,0.2136466000331225,0.026980132446579902
2005,all,1000,17,spatial_coverage_minus_random,median_absolute_error,0.5397281917938415,0.5399838343921317,0.00025564259829025104
2005,all,1000,17,spatial_coverage_minus_random,p95_absolute_error,0.7339772416287573,0.2501733294906998,-0.4838039121380575
2005,all,1000,17,spatial_coverage_minus_random,p99_absolute_error,-2.68560336305309,-4.354991817700679,-1.6693884546475886
2005,all,1000,17,historical_density_minus_random,rmse,9.484281470493944,9.454590008425477,-0.029691462068466734
2005,all,1000,17,historical_density_minus_random,mae,5.48446195506796,5.561250615351341,0.0767886602833805
2005,all,1000,17,historical_density_minus_random,median_absolute_error,2.5884833514905665,2.647290016603762,0.05880666511319532
2005,all,1000,17,historical_density_minus_random,p95_absolute_error,24.05471838321708,23.98782380004466,-0.06689458317242014
2005,all,1000,17,historical_density_minus_random,p99_absolute_error,54.932006352793536,54.13204596587714,-0.7999603869163963
2005,all,1000,18,spatial_coverage_minus_random,rmse,2.3320710512828846,2.164845012232263,-0.16722603905062172
2005,all,1000,18,spatial_coverage_minus_random,mae,1.3342529518415347,1.2206401980050838,-0.11361275383645086
2005,all,1000,18,spatial_coverage_minus_random,median_absolute_error,0.8712126179626694,0.7853232321805024,-0.08588938578216698
2005,all,1000,18,spatial_coverage_minus_random,p95_absolute_error,4.2190921539734205,3.826645028813985,-0.3924471251594355
2005,all,1000,18,spatial_coverage_minus_random,p99_absolute_error,5.947724079265328,4.588685920986578,-1.35903815827875
2005,all,1000,18,historical_density_minus_random,rmse,6.555611473467611,6.697899256103085,0.14228778263547426
2005,all,1000,18,historical_density_minus_random,mae,4.068141132964124,4.280544730778274,0.2124035978141503
2005,all,1000,18,historical_density_minus_random,median_absolute_error,2.646182162821134,2.7836060424212405,0.1374238796001066
2005,all,1000,18,historical_density_minus_random,p95_absolute_error,16.291049374938765,17.047867067074954,0.7568176921361882
2005,all,1000,18,historical_density_minus_random,p99_absolute_error,31.588282898899934,30.12815906196745,-1.4601238369324818
2005,all,1000,19,spatial_coverage_minus_random,rmse,0.652812485858373,0.5769623658618848,-0.07585011999648827
2005,all,1000,19,spatial_coverage_minus_random,mae,0.8893365197052976,0.7011758631128444,-0.18816065659245318
2005,all,1000,19,spatial_coverage_minus_random,median_absolute_error,0.6270851644746926,0.4451459617654336,-0.18193920270925906
2005,all,1000,19,spatial_coverage_minus_random,p95_absolute_error,3.155954570358759,3.053672306047112,-0.102282264311647
2005,all,1000,19,spatial_coverage_minus_random,p99_absolute_error,5.6227583982080205,3.491570860431338,-2.1311875377766825
2005,all,1000,19,historical_density_minus_random,rmse,7.646803047664573,6.760286602343083,-0.8865164453214902
2005,all,1000,19,historical_density_minus_random,mae,5.074843456253074,4.550347393244058,-0.5244960630090159
2005,all,1000,19,historical_density_minus_random,median_absolute_error,2.817478460717126,2.767304854667742,-0.050173606049384034
2005,all,1000,19,historical_density_minus_random,p95_absolute_error,19.47657628611445,16.53830051471418,-2.9382757714002707
2005,all,1000,19,historical_density_minus_random,p99_absolute_error,36.06038702374276,30.19606838787304,-5.864318635869722
2005,all,2500,0,spatial_coverage_minus_random,rmse,-1.817443902028426,-1.5565131866968294,0.26093071533159673
2005,all,2500,0,spatial_coverage_minus_random,mae,0.1477001507652602,0.398084569854241,0.2503844190889808
2005,all,2500,0,spatial_coverage_minus_random,median_absolute_error,0.6775757754547556,0.876931299114375,0.1993555236596194
2005,all,2500,0,spatial_coverage_minus_random,p95_absolute_error,-0.0726083687613154,0.4405494161971504,0.5131577849584658
2005,all,2500,0,spatial_coverage_minus_random,p99_absolute_error,-15.576012640543368,-14.165242075172316,1.4107705653710525
2005,all,2500,0,historical_density_minus_random,rmse,8.244978928409523,9.08248981975174,0.837510891342216
2005,all,2500,0,historical_density_minus_random,mae,5.595071111309036,5.960801881089276,0.36573076978024055
2005,all,2500,0,historical_density_minus_random,median_absolute_error,2.879173459845191,2.912033964853464,0.03286050500827287
2005,all,2500,0,historical_density_minus_random,p95_absolute_error,28.26152190639536,30.27606299798319,2.01454109158783
2005,all,2500,0,historical_density_minus_random,p99_absolute_error,34.57791876546909,42.75189790148437,8.173979136015276
2005,all,2500,1,spatial_coverage_minus_random,rmse,0.974965239804547,1.0538349529677902,0.0788697131632432
2005,all,2500,1,spatial_coverage_minus_random,mae,1.2026460698994104,1.231517334938374,0.028871265038963534
2005,all,2500,1,spatial_coverage_minus_random,median_absolute_error,0.6999547724498427,0.7042074593628342,0.004252686912991521
2005,all,2500,1,spatial_coverage_minus_random,p95_absolute_error,2.1726599579368653,2.0456222413009897,-0.1270377166358756
2005,all,2500,1,spatial_coverage_minus_random,p99_absolute_error,11.320247866784143,9.80125774793973,-1.518990118844414
2005,all,2500,1,historical_density_minus_random,rmse,8.771866738047908,9.242912625506452,0.47104588745854414
2005,all,2500,1,historical_density_minus_random,mae,5.589046856929455,5.656010256074113,0.0669633991446581
2005,all,2500,1,historical_density_minus_random,median_absolute_error,2.4465860327756275,2.242378923578997,-0.20420710919663065
2005,all,2500,1,historical_density_minus_random,p95_absolute_error,24.058853362670128,27.67973868786006,3.6208853251899313
2005,all,2500,1,historical_density_minus_random,p99_absolute_error,52.25857040760283,55.93843585089962,3.6798654432967908
2005,all,2500,2,spatial_coverage_minus_random,rmse,-1.147568529419484,-1.2240055733104782,-0.07643704389099426
2005,all,2500,2,spatial_coverage_minus_random,mae,1.057665941930786,1.0534209927512137,-0.004244949179572188
2005,all,2500,2,spatial_coverage_minus_random,median_absolute_error,1.0755154897340446,1.1352041328733264,0.059688643139281794
2005,all,2500,2,spatial_coverage_minus_random,p95_absolute_error,2.7633207512925253,2.6062378932824544,-0.15708285801007094
2005,all,2500,2,spatial_coverage_minus_random,p99_absolute_error,-1.578269565536715,-2.964707887070261,-1.386438321533546
2005,all,2500,2,historical_density_minus_random,rmse,7.735058185317413,7.653192992527451,-0.0818651927899623
2005,all,2500,2,historical_density_minus_random,mae,5.554710894936594,5.455653241040984,-0.09905765389560983
2005,all,2500,2,historical_density_minus_random,median_absolute_error,2.828209977100784,2.7860918960399204,-0.04211808106086368
2005,all,2500,2,historical_density_minus_random,p95_absolute_error,22.554344733918143,23.16521769994435,0.6108729660262071
2005,all,2500,2,historical_density_minus_random,p99_absolute_error,44.65331718189204,44.1361574677028,-0.5171597141892406
2005,all,2500,3,spatial_coverage_minus_random,rmse,-0.7549501987058882,-0.9113957503299196,-0.1564455516240314
2005,all,2500,3,spatial_coverage_minus_random,mae,0.140231525689737,0.0370573109567118,-0.10317421473302521
2005,all,2500,3,spatial_coverage_minus_random,median_absolute_error,0.4856905506529472,0.5116565227535261,0.025965972100578938
2005,all,2500,3,spatial_coverage_minus_random,p95_absolute_error,-0.8115188492668608,-1.4268855011144908,-0.61536665184763
2005,all,2500,3,spatial_coverage_minus_random,p99_absolute_error,-6.1784794126143225,-7.670681348290117,-1.4922019356757943
2005,all,2500,3,historical_density_minus_random,rmse,12.6223588310421,12.916135906017557,0.29377707497545735
2005,all,2500,3,historical_density_minus_random,mae,6.901688174128687,6.892804436226285,-0.008883737902401379
2005,all,2500,3,historical_density_minus_random,median_absolute_error,2.5665795453716957,2.507183040557038,-0.059396504814657636
2005,all,2500,3,historical_density_minus_random,p95_absolute_error,35.706240257373835,37.09718050637628,1.3909402490024476
2005,all,2500,3,historical_density_minus_random,p99_absolute_error,68.62817571902,66.64749700677922,-1.9806787122407883
2005,all,2500,4,spatial_coverage_minus_random,rmse,2.471072122463081,2.518566032185909,0.047493909722827965
2005,all,2500,4,spatial_coverage_minus_random,mae,1.234674407575806,1.2810257800381724,0.046351372462366314
2005,all,2500,4,spatial_coverage_minus_random,median_absolute_error,0.7323418328542459,0.8973411540475809,0.16499932119333494
2005,all,2500,4,spatial_coverage_minus_random,p95_absolute_error,2.496321499932449,2.3647649971082103,-0.13155650282423847
2005,all,2500,4,spatial_coverage_minus_random,p99_absolute_error,-4.340491398937104,-3.5871514513758456,0.7533399475612583
2005,all,2500,4,historical_density_minus_random,rmse,10.89998584757898,10.717069967695643,-0.18291587988333724
2005,all,2500,4,historical_density_minus_random,mae,6.723007735343375,6.687404121039878,-0.03560361430349701
2005,all,2500,4,historical_density_minus_random,median_absolute_error,2.6861615050409,2.8735949151727027,0.1874334101318027
2005,all,2500,4,historical_density_minus_random,p95_absolute_error,33.03349395376565,31.29982750826173,-1.7336664455039212
2005,all,2500,4,historical_density_minus_random,p99_absolute_error,56.49787978443938,55.639725128102725,-0.8581546563366516
2005,all,2500,5,spatial_coverage_minus_random,rmse,-0.9912301712508658,-0.8744399074499292,0.1167902638009366
2005,all,2500,5,spatial_coverage_minus_random,mae,0.2447750637426509,0.2648656956795605,0.020090631936909575
2005,all,2500,5,spatial_coverage_minus_random,median_absolute_error,0.3869809182553467,0.410289012306805,0.023308094051458284
2005,all,2500,5,spatial_coverage_minus_random,p95_absolute_error,0.5535851967313761,0.608373325384683,0.054788128653306956
2005,all,2500,5,spatial_coverage_minus_random,p99_absolute_error,-1.623453284812726,-0.7285070751256768,0.8949462096870493
2005,all,2500,5,historical_density_minus_random,rmse,8.326302682488357,7.668312306883013,-0.6579903756053449
2005,all,2500,5,historical_density_minus_random,mae,5.197328265987638,4.836574959935746,-0.36075330605189215
2005,all,2500,5,historical_density_minus_random,median_absolute_error,2.6202849740674026,2.479580760172013,-0.14070421389538978
2005,all,2500,5,historical_density_minus_random,p95_absolute_error,20.104400361326952,18.338816611394734,-1.765583749932219
2005,all,2500,5,historical_density_minus_random,p99_absolute_error,46.28412993772055,43.238446086722135,-3.045683850998415
2005,all,2500,6,spatial_coverage_minus_random,rmse,-1.3706430885134075,-1.3643108717894563,0.006332216723951234
2005,all,2500,6,spatial_coverage_minus_random,mae,0.5099620297499481,0.4500718947294437,-0.05989013502050439
2005,all,2500,6,spatial_coverage_minus_random,median_absolute_error,0.8251588657763307,0.8339397374951147,0.008780871718784056
2005,all,2500,6,spatial_coverage_minus_random,p95_absolute_error,0.7404278832214146,0.3995885438256721,-0.3408393393957425
2005,all,2500,6,spatial_coverage_minus_random,p99_absolute_error,-6.910486199419381,-7.487010254034601,-0.5765240546152199
2005,all,2500,6,historical_density_minus_random,rmse,7.386686122249042,7.101543948349399,-0.2851421738996427
2005,all,2500,6,historical_density_minus_random,mae,4.628864069924035,4.3956018540706,-0.23326221585343454
2005,all,2500,6,historical_density_minus_random,median_absolute_error,2.1663190375685417,2.209028192089136,0.04270915452059443
2005,all,2500,6,historical_density_minus_random,p95_absolute_error,19.04823709377265,16.494968297299273,-2.5532687964733753
2005,all,2500,6,historical_density_minus_random,p99_absolute_error,48.5094021769504,45.84782924199294,-2.661572934957462
2005,all,2500,7,spatial_coverage_minus_random,rmse,1.2651791771268606,1.2870789703018524,0.0218997931749918
2005,all,2500,7,spatial_coverage_minus_random,mae,1.0813836230910052,1.147154179923616,0.0657705568326108
2005,all,2500,7,spatial_coverage_minus_random,median_absolute_error,0.788815807770618,0.843107839408475,0.05429203163785701
2005,all,2500,7,spatial_coverage_minus_random,p95_absolute_error,2.347578251738732,2.182828635927692,-0.16474961581103997
2005,all,2500,7,spatial_coverage_minus_random,p99_absolute_error,-0.1359309903771901,0.1244721332042644,0.26040312358145445
2005,all,2500,7,historical_density_minus_random,rmse,8.638305229187935,9.118901698991175,0.4805964698032401
2005,all,2500,7,historical_density_minus_random,mae,5.572937283713232,5.8981410909974485,0.3252038072842165
2005,all,2500,7,historical_density_minus_random,median_absolute_error,2.7898382651751774,2.846350006337019,0.056511741161841655
2005,all,2500,7,historical_density_minus_random,p95_absolute_error,22.01973719677257,23.741678397317607,1.7219412005450359
2005,all,2500,7,historical_density_minus_random,p99_absolute_error,51.26632879215458,53.16701495315674,1.900686161002156
2005,all,2500,8,spatial_coverage_minus_random,rmse,-8.053673973327147,-7.637616511084271,0.41605746224287543
2005,all,2500,8,spatial_coverage_minus_random,mae,-1.5462600987297126,-1.7023280503048248,-0.15606795157511222
2005,all,2500,8,spatial_coverage_minus_random,median_absolute_error,0.330200082278651,0.2279020126915441,-0.10229806958710691
2005,all,2500,8,spatial_coverage_minus_random,p95_absolute_error,-2.993530709217346,-3.583711305194562,-0.5901805959772162
2005,all,2500,8,spatial_coverage_minus_random,p99_absolute_error,-68.85673283814944,-72.07915617851822,-3.2224233403687776
2005,all,2500,8,historical_density_minus_random,rmse,-0.0363054437077536,-0.0240867313969843,0.012218712310769299
2005,all,2500,8,historical_density_minus_random,mae,2.7188494219851016,2.5842739560310566,-0.13457546595404501
2005,all,2500,8,historical_density_minus_random,median_absolute_error,1.6491896631015095,1.541916246751299,-0.10727341635021048
2005,all,2500,8,historical_density_minus_random,p95_absolute_error,20.02630260586712,19.240238813714114,-0.7860637921530049
2005,all,2500,8,historical_density_minus_random,p99_absolute_error,-23.48484587909897,-23.902579731357847,-0.41773385225887694
2005,all,2500,9,spatial_coverage_minus_random,rmse,-1.349115203212449,-1.38318124223159,-0.03406603901914096
2005,all,2500,9,spatial_coverage_minus_random,mae,0.6974697658014861,0.7527982645468896,0.055328498745403465
2005,all,2500,9,spatial_coverage_minus_random,median_absolute_error,0.821290473029137,0.8537763270060452,0.032485853976908174
2005,all,2500,9,spatial_coverage_minus_random,p95_absolute_error,1.6752160399997038,1.7166602986084314,0.04144425860872758
2005,all,2500,9,spatial_coverage_minus_random,p99_absolute_error,-3.24780242579778,-3.3991743133541306,-0.15137188755635078
2005,all,2500,9,historical_density_minus_random,rmse,9.215036736149845,9.072325744724736,-0.14271099142510835
2005,all,2500,9,historical_density_minus_random,mae,5.685341048256738,5.611738998157689,-0.07360205009904952
2005,all,2500,9,historical_density_minus_random,median_absolute_error,2.1812161122938107,2.226861874416386,0.045645762122575206
2005,all,2500,9,historical_density_minus_random,p95_absolute_error,26.89918266819842,26.475588003045807,-0.42359466515261346
2005,all,2500,9,historical_density_minus_random,p99_absolute_error,55.63575863210643,56.92963304834451,1.2938744162380829
2005,all,2500,10,spatial_coverage_minus_random,rmse,-3.5331403124508185,-3.282227097577522,0.25091321487329665
2005,all,2500,10,spatial_coverage_minus_random,mae,-0.2400485350920416,-0.0677888147314327,0.1722597203606089
2005,all,2500,10,spatial_coverage_minus_random,median_absolute_error,0.5843208411968988,0.737035419977218,0.15271457878031924
2005,all,2500,10,spatial_coverage_minus_random,p95_absolute_error,-0.6435957713784077,0.1877003568559914,0.8312961282343991
2005,all,2500,10,spatial_coverage_minus_random,p99_absolute_error,-20.04192177903903,-20.0724276220414,-0.030505843002369915
2005,all,2500,10,historical_density_minus_random,rmse,7.7901793510233475,8.494166733273335,0.7039873822499878
2005,all,2500,10,historical_density_minus_random,mae,5.312798675057634,5.562151383983991,0.24935270892635764
2005,all,2500,10,historical_density_minus_random,median_absolute_error,2.6368625410487425,2.575141568014544,-0.06172097303419832
2005,all,2500,10,historical_density_minus_random,p95_absolute_error,24.16664340175096,26.82902323643831,2.66237983468735
2005,all,2500,10,historical_density_minus_random,p99_absolute_error,33.65581423000192,38.02951913562457,4.373704905622645
2005,all,2500,11,spatial_coverage_minus_random,rmse,-7.9173147655546785,-7.933951080635385,-0.01663631508070651
2005,all,2500,11,spatial_coverage_minus_random,mae,-1.1577395661568914,-1.0187221128778745,0.13901745327901693
2005,all,2500,11,spatial_coverage_minus_random,median_absolute_error,0.1772314538206387,0.2675096210882088,0.0902781672675701
2005,all,2500,11,spatial_coverage_minus_random,p95_absolute_error,-2.037462041708217,-1.7570938347815996,0.28036820692661735
2005,all,2500,11,spatial_coverage_minus_random,p99_absolute_error,-27.40016854704116,-27.038472682075664,0.36169586496549755
2005,all,2500,11,historical_density_minus_random,rmse,-0.2375675909652059,-0.0439897697933915,0.1935778211718144
2005,all,2500,11,historical_density_minus_random,mae,2.6459494543188318,2.762271950728437,0.11632249640960524
2005,all,2500,11,historical_density_minus_random,median_absolute_error,1.6372646687771066,1.6241608949721351,-0.013103773804971519
2005,all,2500,11,historical_density_minus_random,p95_absolute_error,17.354956640460728,17.667829427648677,0.3128727871879491
2005,all,2500,11,historical_density_minus_random,p99_absolute_error,18.857056052933928,19.86611363834612,1.0090575854121937
2005,all,2500,12,spatial_coverage_minus_random,rmse,-0.2819195173756732,-0.2434483599824339,0.038471157393239336
2005,all,2500,12,spatial_coverage_minus_random,mae,0.7287383257994016,0.6661125459135295,-0.06262577988587203
2005,all,2500,12,spatial_coverage_minus_random,median_absolute_error,0.7851564347988074,0.6941989237365931,-0.09095751106221428
2005,all,2500,12,spatial_coverage_minus_random,p95_absolute_error,1.3375615985304066,1.2703620579901838,-0.06719954054022281
2005,all,2500,12,spatial_coverage_minus_random,p99_absolute_error,1.9202066739775177,1.17240926056715,-0.7477974134103678
2005,all,2500,12,historical_density_minus_random,rmse,10.877737968778948,11.387348971253186,0.5096110024742373
2005,all,2500,12,historical_density_minus_random,mae,5.605628489378766,5.607946352005142,0.0023178626263753443
2005,all,2500,12,historical_density_minus_random,median_absolute_error,2.189414827387992,1.9111943949394856,-0.27822043244850647
2005,all,2500,12,historical_density_minus_random,p95_absolute_error,24.267310047232343,26.944215780254204,2.6769057330218615
2005,all,2500,12,historical_density_minus_random,p99_absolute_error,59.571025112283806,61.717277073224594,2.1462519609407877
2005,all,2500,13,spatial_coverage_minus_random,rmse,5.289439938161049,5.210403613906109,-0.07903632425493967
2005,all,2500,13,spatial_coverage_minus_random,mae,2.0172948481080866,1.875258495942827,-0.14203635216525967
2005,all,2500,13,spatial_coverage_minus_random,median_absolute_error,1.09030369851493,0.9072507099546384,-0.1830529885602915
2005,all,2500,13,spatial_coverage_minus_random,p95_absolute_error,3.1363315136599503,3.287668588597402,0.15133707493745163
2005,all,2500,13,spatial_coverage_minus_random,p99_absolute_error,12.964550616102828,13.522808798054696,0.5582581819518673
2005,all,2500,13,historical_density_minus_random,rmse,9.045365775946063,8.525064659768098,-0.5203011161779649
2005,all,2500,13,historical_density_minus_random,mae,6.150453061258238,6.009584289377516,-0.14086877188072222
2005,all,2500,13,historical_density_minus_random,median_absolute_error,2.8970198645395726,2.917498427768294,0.020478563228721214
2005,all,2500,13,historical_density_minus_random,p95_absolute_error,26.10122227756705,25.481485855336548,-0.6197364222305026
2005,all,2500,13,historical_density_minus_random,p99_absolute_error,57.60093620591236,55.489855063688665,-2.1110811422236964
2005,all,2500,14,spatial_coverage_minus_random,rmse,1.229061486090096,1.197423009462959,-0.031638476627136924
2005,all,2500,14,spatial_coverage_minus_random,mae,1.6489734737645438,1.7004857148758514,0.05151224111130759
2005,all,2500,14,spatial_coverage_minus_random,median_absolute_error,0.9517182676068217,0.9638116341606632,0.012093366553841522
2005,all,2500,14,spatial_coverage_minus_random,p95_absolute_error,5.157292099993729,5.485690730628136,0.3283986306344069
2005,all,2500,14,spatial_coverage_minus_random,p99_absolute_error,11.080210427165396,11.474860673053712,0.3946502458883163
2005,all,2500,14,historical_density_minus_random,rmse,7.648476966094282,7.264356694762053,-0.3841202713322298
2005,all,2500,14,historical_density_minus_random,mae,5.487471696644089,5.338101352728211,-0.14937034391587822
2005,all,2500,14,historical_density_minus_random,median_absolute_error,2.89299833112392,2.7680368106880167,-0.12496152043590314
2005,all,2500,14,historical_density_minus_random,p95_absolute_error,20.478332012056388,20.586710505206327,0.10837849314993875
2005,all,2500,14,historical_density_minus_random,p99_absolute_error,47.89521966625792,45.95385528958562,-1.941364376672304
2005,all,2500,15,spatial_coverage_minus_random,rmse,-1.805944316078285,-2.024035752814584,-0.21809143673629894
2005,all,2500,15,spatial_coverage_minus_random,mae,0.2452127494201992,0.024054133500666,-0.22115861591953317
2005,all,2500,15,spatial_coverage_minus_random,median_absolute_error,0.5242096079727503,0.3360080463630197,-0.18820156160973062
2005,all,2500,15,spatial_coverage_minus_random,p95_absolute_error,-0.2948534266096914,-0.6494384001583882,-0.3545849735486968
2005,all,2500,15,spatial_coverage_minus_random,p99_absolute_error,-2.5710622332478863,-4.667611242554358,-2.0965490093064716
2005,all,2500,15,historical_density_minus_random,rmse,8.633053168147491,8.298228745469203,-0.33482442267828816
2005,all,2500,15,historical_density_minus_random,mae,4.904855618149375,4.747260794955855,-0.15759482319352003
2005,all,2500,15,historical_density_minus_random,median_absolute_error,1.9688153087770388,2.0476716609317407,0.07885635215470188
2005,all,2500,15,historical_density_minus_random,p95_absolute_error,20.8034010549426,19.568664007784957,-1.234737047157644
2005,all,2500,15,historical_density_minus_random,p99_absolute_error,54.88479770039453,51.70186503313352,-3.1829326672610065
2005,all,2500,16,spatial_coverage_minus_random,rmse,-8.999602762347852,-9.496745247137692,-0.49714248478984047
2005,all,2500,16,spatial_coverage_minus_random,mae,-2.5763890249835484,-2.7788977622074515,-0.20250873722390317
2005,all,2500,16,spatial_coverage_minus_random,median_absolute_error,-0.0295930473051271,-0.2450474678090017,-0.2154544205038746
2005,all,2500,16,spatial_coverage_minus_random,p95_absolute_error,-7.527801041833754,-7.740722718828806,-0.2129216769950517
2005,all,2500,16,spatial_coverage_minus_random,p99_absolute_error,-62.3096517225914,-65.38653049407542,-3.0768787714840187
2005,all,2500,16,historical_density_minus_random,rmse,0.4090132981686096,-1.1422258813811157,-1.5512391795497253
2005,all,2500,16,historical_density_minus_random,mae,2.1985689194675064,1.4625568254914487,-0.7360120939760577
2005,all,2500,16,historical_density_minus_random,median_absolute_error,1.4609393431318836,1.1926063810779226,-0.26833296205396096
2005,all,2500,16,historical_density_minus_random,p95_absolute_error,16.75527876409621,11.801058729020674,-4.9542200350755365
2005,all,2500,16,historical_density_minus_random,p99_absolute_error,-3.634644060564355,-13.55862561831593,-9.923981557751574
2005,all,2500,17,spatial_coverage_minus_random,rmse,-1.277586056257913,-1.321087166610457,-0.043501110352544003
2005,all,2500,17,spatial_coverage_minus_random,mae,0.3145389195914152,0.315550024262178,0.0010111046707627636
2005,all,2500,17,spatial_coverage_minus_random,median_absolute_error,0.777842128983167,0.6850756294535643,-0.0927664995296027
2005,all,2500,17,spatial_coverage_minus_random,p95_absolute_error,-0.4441377953585927,-0.1264339458169985,0.31770384954159425
2005,all,2500,17,spatial_coverage_minus_random,p99_absolute_error,-11.165250565272489,-8.606566138446084,2.558684426826405
2005,all,2500,17,historical_density_minus_random,rmse,8.26264411811501,7.963342246066226,-0.2993018720487832
2005,all,2500,17,historical_density_minus_random,mae,4.984859976878528,4.795702098760309,-0.1891578781182197
2005,all,2500,17,historical_density_minus_random,median_absolute_error,2.1693629757506585,1.9972225297361208,-0.1721404460145377
2005,all,2500,17,historical_density_minus_random,p95_absolute_error,24.33516394313293,24.13335295624487,-0.20181098688805932
2005,all,2500,17,historical_density_minus_random,p99_absolute_error,46.15532871608228,44.65184323256298,-1.5034854835192988
2005,all,2500,18,spatial_coverage_minus_random,rmse,0.4535459275508948,0.6096553490075536,0.1561094214566588
2005,all,2500,18,spatial_coverage_minus_random,mae,0.5869901674135498,0.6498345290339334,0.06284436162038354
2005,all,2500,18,spatial_coverage_minus_random,median_absolute_error,0.4586618699126461,0.5203429550382452,0.06168108512559911
2005,all,2500,18,spatial_coverage_minus_random,p95_absolute_error,0.7553671211257296,1.0682362356718826,0.31286911454615307
2005,all,2500,18,spatial_coverage_minus_random,p99_absolute_error,2.0822192073907075,0.4887200999917382,-1.5934991073989693
2005,all,2500,18,historical_density_minus_random,rmse,10.585090348069649,10.267389575141957,-0.31770077292769194
2005,all,2500,18,historical_density_minus_random,mae,5.667756243899126,5.501416534634009,-0.16633970926511665
2005,all,2500,18,historical_density_minus_random,median_absolute_error,2.233537208900401,2.380413270670317,0.14687606176991608
2005,all,2500,18,historical_density_minus_random,p95_absolute_error,28.05292286027047,26.209448326949,-1.8434745333214693
2005,all,2500,18,historical_density_minus_random,p99_absolute_error,48.383483298732926,45.23664557466283,-3.146837724070096
2005,all,2500,19,spatial_coverage_minus_random,rmse,0.2470935563166172,0.2666847599056758,0.01959120358905861
2005,all,2500,19,spatial_coverage_minus_random,mae,0.5256714876542379,0.4742799498130203,-0.05139153784121758
2005,all,2500,19,spatial_coverage_minus_random,median_absolute_error,0.4699205209260526,0.4227316869352933,-0.047188833990759294
2005,all,2500,19,spatial_coverage_minus_random,p95_absolute_error,0.0131092051416175,-0.0517029781224351,-0.0648121832640526
2005,all,2500,19,spatial_coverage_minus_random,p99_absolute_error,1.230466056235585,-0.6832829084983985,-1.9137489647339834
2005,all,2500,19,historical_density_minus_random,rmse,9.917880783711286,9.944963185431224,0.027082401719937366
2005,all,2500,19,historical_density_minus_random,mae,6.055213550205416,6.001182155927628,-0.05403139427778747
2005,all,2500,19,historical_density_minus_random,median_absolute_error,2.4331877895504306,2.291968135995546,-0.14121965355488442
2005,all,2500,19,historical_density_minus_random,p95_absolute_error,31.11764995238729,31.79471014726861,0.6770601948813209
2005,all,2500,19,historical_density_minus_random,p99_absolute_error,60.08594308502282,60.59379292523893,0.5078498402161102
2005,all,5000,0,spatial_coverage_minus_random,rmse,-1.9775752200971797,-1.8182650432461716,0.15931017685100812
2005,all,5000,0,spatial_coverage_minus_random,mae,0.0438090698933102,0.1424454923456117,0.0986364224523015
2005,all,5000,0,spatial_coverage_minus_random,median_absolute_error,0.3513986969304028,0.4118787581570586,0.06048006122665578
2005,all,5000,0,spatial_coverage_minus_random,p95_absolute_error,0.8289327131821445,1.1149666304371737,0.28603391725502925
2005,all,5000,0,spatial_coverage_minus_random,p99_absolute_error,-9.288539996302092,-8.872235220221825,0.41630477608026695
2005,all,5000,0,historical_density_minus_random,rmse,8.561042112769425,8.564727330114092,0.003685217344667535
2005,all,5000,0,historical_density_minus_random,mae,4.585663337455793,4.615240103224847,0.029576765769053992
2005,all,5000,0,historical_density_minus_random,median_absolute_error,1.7826086826528638,1.9247389398036037,0.1421302571507399
2005,all,5000,0,historical_density_minus_random,p95_absolute_error,22.62400440394549,21.818493454447218,-0.8055109494982737
2005,all,5000,0,historical_density_minus_random,p99_absolute_error,42.05934151074911,43.12839103065444,1.0690495199053345
2005,all,5000,1,spatial_coverage_minus_random,rmse,0.2181392549103336,0.3861669123498501,0.16802765743951653
2005,all,5000,1,spatial_coverage_minus_random,mae,1.085399098329889,1.3940411528123278,0.30864205448243887
2005,all,5000,1,spatial_coverage_minus_random,median_absolute_error,0.6562147413714285,1.0054258989366929,0.34921115756526433
2005,all,5000,1,spatial_coverage_minus_random,p95_absolute_error,2.501300778361429,2.917772072030754,0.4164712936693249
2005,all,5000,1,spatial_coverage_minus_random,p99_absolute_error,5.50510591044678,5.2686191755725815,-0.23648673487419813
2005,all,5000,1,historical_density_minus_random,rmse,10.270077058277714,10.026077203055236,-0.24399985522247825
2005,all,5000,1,historical_density_minus_random,mae,5.872158809088388,5.918317998997077,0.04615918990868906
2005,all,5000,1,historical_density_minus_random,median_absolute_error,1.9352908833133424,2.1992830259412983,0.2639921426279559
2005,all,5000,1,historical_density_minus_random,p95_absolute_error,28.69114775731432,27.77029193497108,-0.9208558223432384
2005,all,5000,1,historical_density_minus_random,p99_absolute_error,64.03536818526328,62.51214594576085,-1.5232222395024309
2005,all,5000,2,spatial_coverage_minus_random,rmse,-6.544560797751228,-6.401632487540159,0.14292831021106966
2005,all,5000,2,spatial_coverage_minus_random,mae,-0.723755804497829,-0.92293970940883,-0.19918390491100102
2005,all,5000,2,spatial_coverage_minus_random,median_absolute_error,0.5596377300142592,0.4242261631915482,-0.135411566822711
2005,all,5000,2,spatial_coverage_minus_random,p95_absolute_error,-0.2401711515131879,-0.9898338906907044,-0.7496627391775165
2005,all,5000,2,spatial_coverage_minus_random,p99_absolute_error,-28.61837378781717,-27.814546318150175,0.8038274696669951
2005,all,5000,2,historical_density_minus_random,rmse,3.847612298428373,3.188481340341092,-0.6591309580872808
2005,all,5000,2,historical_density_minus_random,mae,3.8589737234125,3.418597675157038,-0.44037604825546195
2005,all,5000,2,historical_density_minus_random,median_absolute_error,1.8240404576170024,1.858005989141276,0.03396553152427351
2005,all,5000,2,historical_density_minus_random,p95_absolute_error,21.701356697718506,17.677847181062535,-4.02350951665597
2005,all,5000,2,historical_density_minus_random,p99_absolute_error,26.98801074773472,22.45113285180084,-4.5368778959338805
2005,all,5000,3,spatial_coverage_minus_random,rmse,-0.7382340772324874,-0.7564043620289915,-0.018170284796504177
2005,all,5000,3,spatial_coverage_minus_random,mae,0.1427475213310352,0.1328556256030104,-0.009891895728024791
2005,all,5000,3,spatial_coverage_minus_random,median_absolute_error,0.4479234713950291,0.4223262786535997,-0.02559719274142941
2005,all,5000,3,spatial_coverage_minus_random,p95_absolute_error,-0.4689446977419074,-0.2194658349563738,0.24947886278553358
2005,all,5000,3,spatial_coverage_minus_random,p99_absolute_error,-9.734369829049337,-10.881967157081377,-1.14759732803204
2005,all,5000,3,historical_density_minus_random,rmse,11.288154350051393,12.169749109576404,0.8815947595250115
2005,all,5000,3,historical_density_minus_random,mae,5.780972148406834,6.216595225556517,0.4356230771496836
2005,all,5000,3,historical_density_minus_random,median_absolute_error,1.8696910368422264,1.886366943675597,0.016675906833370613
2005,all,5000,3,historical_density_minus_random,p95_absolute_error,28.96841305735115,32.57606607331971,3.607653015968559
2005,all,5000,3,historical_density_minus_random,p99_absolute_error,59.7922132192635,61.97645506490893,2.184241845645431
2005,all,5000,4,spatial_coverage_minus_random,rmse,-0.2759437940954861,-0.2366271427020265,0.03931665139345958
2005,all,5000,4,spatial_coverage_minus_random,mae,0.6109855518036973,0.8075170913907161,0.19653153958701886
2005,all,5000,4,spatial_coverage_minus_random,median_absolute_error,0.5103028812764592,0.6319009384122012,0.12159805713574201
2005,all,5000,4,spatial_coverage_minus_random,p95_absolute_error,1.1130437596274128,1.7410892803651414,0.6280455207377287
2005,all,5000,4,spatial_coverage_minus_random,p99_absolute_error,-2.191376177057073,-0.9518388822612208,1.239537294795852
2005,all,5000,4,historical_density_minus_random,rmse,8.892053962837643,9.298464004823895,0.40641004198625197
2005,all,5000,4,historical_density_minus_random,mae,5.062702407690029,5.334149544539956,0.27144713684992716
2005,all,5000,4,historical_density_minus_random,median_absolute_error,2.019349217574785,2.1058847141082424,0.08653549653345749
2005,all,5000,4,historical_density_minus_random,p95_absolute_error,23.996174089575234,25.187880117312297,1.1917060277370624
2005,all,5000,4,historical_density_minus_random,p99_absolute_error,44.51201907167048,46.61939206425939,2.107372992588907
2005,all,5000,5,spatial_coverage_minus_random,rmse,0.4551597955311379,0.2734155187337492,-0.1817442767973887
2005,all,5000,5,spatial_coverage_minus_random,mae,1.2053714988668336,1.1205030851034363,-0.08486841376339727
2005,all,5000,5,spatial_coverage_minus_random,median_absolute_error,0.8575044337106021,0.8346363091716853,-0.022868124538916845
2005,all,5000,5,spatial_coverage_minus_random,p95_absolute_error,2.9950319803034304,2.555259909971557,-0.43977207033187327
2005,all,5000,5,spatial_coverage_minus_random,p99_absolute_error,3.622611296110605,2.877005703197113,-0.7456055929134919
2005,all,5000,5,historical_density_minus_random,rmse,9.245892152217513,9.828153130292542,0.5822609780750287
2005,all,5000,5,historical_density_minus_random,mae,5.301620657849359,5.457790848588846,0.15617019073948768
2005,all,5000,5,historical_density_minus_random,median_absolute_error,2.04268850001219,1.9157041935092136,-0.12698430650297632
2005,all,5000,5,historical_density_minus_random,p95_absolute_error,23.84898906263664,25.797083115247048,1.9480940526104078
2005,all,5000,5,historical_density_minus_random,p99_absolute_error,52.1212057881628,56.29909919793675,4.177893409773951
2005,all,5000,6,spatial_coverage_minus_random,rmse,-0.9481302694219842,-0.939659190107033,0.008471079314951169
2005,all,5000,6,spatial_coverage_minus_random,mae,1.228398730385914,1.2078522964744316,-0.020546433911482476
2005,all,5000,6,spatial_coverage_minus_random,median_absolute_error,0.9757835407958736,1.0340169235809356,0.05823338278506196
2005,all,5000,6,spatial_coverage_minus_random,p95_absolute_error,2.772300227529673,2.2447687884038885,-0.5275314391257844
2005,all,5000,6,spatial_coverage_minus_random,p99_absolute_error,6.281970330428109,5.704535261931476,-0.5774350684966327
2005,all,5000,6,historical_density_minus_random,rmse,10.02763919564448,10.241320401944105,0.21368120629962384
2005,all,5000,6,historical_density_minus_random,mae,6.084295947421811,6.133497535109251,0.049201587687440096
2005,all,5000,6,historical_density_minus_random,median_absolute_error,2.2965199740315256,2.277416571605528,-0.01910340242599773
2005,all,5000,6,historical_density_minus_random,p95_absolute_error,28.00385421209454,29.615682925117923,1.6118287130233817
2005,all,5000,6,historical_density_minus_random,p99_absolute_error,57.04090374804196,55.51197837321434,-1.5289253748276224
2005,all,5000,7,spatial_coverage_minus_random,rmse,-0.6306507174663807,-0.7361967932817386,-0.10554607581535791
2005,all,5000,7,spatial_coverage_minus_random,mae,0.6781483909675003,0.7162523887174217,0.03810399774992135
2005,all,5000,7,spatial_coverage_minus_random,median_absolute_error,0.6445627050752023,0.6926178924264548,0.04805518735125247
2005,all,5000,7,spatial_coverage_minus_random,p95_absolute_error,1.1297717361816808,1.1064957004898943,-0.02327603569178649
2005,all,5000,7,spatial_coverage_minus_random,p99_absolute_error,-1.5754099292676855,-1.684289471413294,-0.10887954214560858
2005,all,5000,7,historical_density_minus_random,rmse,9.118001919274068,8.727133383686887,-0.39086853558718104
2005,all,5000,7,historical_density_minus_random,mae,5.548355576047598,5.523519046589007,-0.024836529458591272
2005,all,5000,7,historical_density_minus_random,median_absolute_error,2.1897594918179664,2.347678020267864,0.15791852844989762
2005,all,5000,7,historical_density_minus_random,p95_absolute_error,25.8904801822406,24.28343539874432,-1.6070447834962813
2005,all,5000,7,historical_density_minus_random,p99_absolute_error,47.57414303232642,44.886843175879896,-2.687299856446522
2005,all,5000,8,spatial_coverage_minus_random,rmse,-4.457171012833694,-5.042273966599204,-0.5851029537655101
2005,all,5000,8,spatial_coverage_minus_random,mae,-0.119393735517864,-0.0206932429036896,0.0987004926141744
2005,all,5000,8,spatial_coverage_minus_random,median_absolute_error,0.4165945777486399,0.5454101952815051,0.12881561753286525
2005,all,5000,8,spatial_coverage_minus_random,p95_absolute_error,0.5733656356867414,0.901757740783296,0.3283921050965546
2005,all,5000,8,spatial_coverage_minus_random,p99_absolute_error,-3.615463076955777,-4.993808603980824,-1.378345527025047
2005,all,5000,8,historical_density_minus_random,rmse,6.291275712397457,5.68415769269599,-0.607118019701467
2005,all,5000,8,historical_density_minus_random,mae,4.9813732345959405,5.064101704733199,0.08272847013725837
2005,all,5000,8,historical_density_minus_random,median_absolute_error,1.8321401190451356,2.040005901821445,0.2078657827763093
2005,all,5000,8,historical_density_minus_random,p95_absolute_error,30.53957290618289,29.938799459186665,-0.6007734469962251
2005,all,5000,8,historical_density_minus_random,p99_absolute_error,55.87110790236993,53.306432725921965,-2.564675176447963
2005,all,5000,9,spatial_coverage_minus_random,rmse,-1.1207287721433374,-1.1352089291738885,-0.014480157030551055
2005,all,5000,9,spatial_coverage_minus_random,mae,0.7961386869068026,0.7492415793872382,-0.04689710751956433
2005,all,5000,9,spatial_coverage_minus_random,median_absolute_error,0.8240497976577785,0.7683029805482136,-0.05574681710956497
2005,all,5000,9,spatial_coverage_minus_random,p95_absolute_error,1.8722072381077768,1.9026086543581575,0.03040141625038073
2005,all,5000,9,spatial_coverage_minus_random,p99_absolute_error,-0.8514471637807475,-1.9468682054792692,-1.0954210416985217
2005,all,5000,9,historical_density_minus_random,rmse,10.774534194410617,10.80036063067556,0.025826436264942743
2005,all,5000,9,historical_density_minus_random,mae,5.939674665931582,5.858181704917145,-0.08149296101443682
2005,all,5000,9,historical_density_minus_random,median_absolute_error,2.035829376349909,2.002347108499066,-0.03348226785084307
2005,all,5000,9,historical_density_minus_random,p95_absolute_error,29.402617651733475,28.508807399341173,-0.8938102523923028
2005,all,5000,9,historical_density_minus_random,p99_absolute_error,64.9767852850932,67.06691270333926,2.0901274182460554
2005,all,5000,10,spatial_coverage_minus_random,rmse,-0.4999529501981605,-0.6429225352236756,-0.1429695850255151
2005,all,5000,10,spatial_coverage_minus_random,mae,0.7352742777565577,0.8038313740936864,0.0685570963371287
2005,all,5000,10,spatial_coverage_minus_random,median_absolute_error,0.7180292714750749,0.7916893313378921,0.0736600598628172
2005,all,5000,10,spatial_coverage_minus_random,p95_absolute_error,3.278429750173885,3.209134498965668,-0.06929525120821678
2005,all,5000,10,spatial_coverage_minus_random,p99_absolute_error,-12.0208848304789,-11.332630718064124,0.6882541124147767
2005,all,5000,10,historical_density_minus_random,rmse,10.763923191606658,10.591938293161537,-0.1719848984451211
2005,all,5000,10,historical_density_minus_random,mae,5.863189437215041,5.866190197235989,0.0030007600209476237
2005,all,5000,10,historical_density_minus_random,median_absolute_error,2.045988791388538,2.02614739346933,-0.019841397919208248
2005,all,5000,10,historical_density_minus_random,p95_absolute_error,30.173916339760005,30.22560393303052,0.05168759327051475
2005,all,5000,10,historical_density_minus_random,p99_absolute_error,55.0531722234801,57.4168023073377,2.3636300838576005
2005,all,5000,11,spatial_coverage_minus_random,rmse,-2.668397870907292,-2.4323747708711885,0.23602310003610372
2005,all,5000,11,spatial_coverage_minus_random,mae,-0.522194401852218,-0.3793487794341814,0.1428456224180366
2005,all,5000,11,spatial_coverage_minus_random,median_absolute_error,0.1920974725326232,0.3098865783699125,0.11778910583728933
2005,all,5000,11,spatial_coverage_minus_random,p95_absolute_error,-2.6623650476076826,-1.816045556858679,0.8463194907490035
2005,all,5000,11,spatial_coverage_minus_random,p99_absolute_error,-15.565689503630765,-15.132715738882451,0.4329737647483132
2005,all,5000,11,historical_density_minus_random,rmse,5.197540065048628,5.249564247413623,0.0520241823649954
2005,all,5000,11,historical_density_minus_random,mae,3.527771718091655,3.639951197626404,0.11217947953474905
2005,all,5000,11,historical_density_minus_random,median_absolute_error,1.2734708299817044,1.3683013942654725,0.09483056428376813
2005,all,5000,11,historical_density_minus_random,p95_absolute_error,20.571828296282185,21.83462274568293,1.2627944494007437
2005,all,5000,11,historical_density_minus_random,p99_absolute_error,31.68466693345762,31.532511152258337,-0.15215578119928352
2005,all,5000,12,spatial_coverage_minus_random,rmse,-0.5596314849038748,-0.4367590127178999,0.12287247218597491
2005,all,5000,12,spatial_coverage_minus_random,mae,0.6429385030016892,0.5783889884805458,-0.06454951452114344
2005,all,5000,12,spatial_coverage_minus_random,median_absolute_error,0.7333265754301124,0.5716540811102675,-0.16167249431984487
2005,all,5000,12,spatial_coverage_minus_random,p95_absolute_error,1.7138019574077497,1.6872395518018592,-0.026562405605890405
2005,all,5000,12,spatial_coverage_minus_random,p99_absolute_error,-1.070086218409081,-0.801659994102387,0.26842622430669394
2005,all,5000,12,historical_density_minus_random,rmse,10.615310593946774,10.263492576439187,-0.35181801750758623
2005,all,5000,12,historical_density_minus_random,mae,5.31223048740201,5.243663120609584,-0.06856736679242559
2005,all,5000,12,historical_density_minus_random,median_absolute_error,1.7003524279606663,1.6897662897738428,-0.010586138186823524
2005,all,5000,12,historical_density_minus_random,p95_absolute_error,24.299855969851794,23.55761725640587,-0.742238713445925
2005,all,5000,12,historical_density_minus_random,p99_absolute_error,69.55137877790673,68.50545429200048,-1.045924485906255
2005,all,5000,13,spatial_coverage_minus_random,rmse,1.139522741072156,1.4002071388187254,0.2606843977465694
2005,all,5000,13,spatial_coverage_minus_random,mae,0.8713853078835267,0.9838201101105212,0.11243480222699442
2005,all,5000,13,spatial_coverage_minus_random,median_absolute_error,0.4486929813939468,0.5180722857525666,0.06937930435861978
2005,all,5000,13,spatial_coverage_minus_random,p95_absolute_error,1.257041772044559,1.383267020644265,0.12622524859970596
2005,all,5000,13,spatial_coverage_minus_random,p99_absolute_error,4.481624941304133,5.23200387498521,0.7503789336810769
2005,all,5000,13,historical_density_minus_random,rmse,9.815434617561326,9.500481446120215,-0.3149531714411111
2005,all,5000,13,historical_density_minus_random,mae,5.558496218145208,5.547327191234265,-0.01116902691094257
2005,all,5000,13,historical_density_minus_random,median_absolute_error,1.8702598604893128,2.12302809346167,0.2527682329723573
2005,all,5000,13,historical_density_minus_random,p95_absolute_error,29.630381940923613,27.29871491903973,-2.3316670218838844
2005,all,5000,13,historical_density_minus_random,p99_absolute_error,51.332585419959656,50.58331688582808,-0.7492685341315735
2005,all,5000,14,spatial_coverage_minus_random,rmse,-1.138662297547146,-1.0732702188928729,0.06539207865427321
2005,all,5000,14,spatial_coverage_minus_random,mae,1.0846485182643235,1.0716199546264988,-0.013028563637824675
2005,all,5000,14,spatial_coverage_minus_random,median_absolute_error,0.7639543866391421,0.739566692469225,-0.02438769416991704
2005,all,5000,14,spatial_coverage_minus_random,p95_absolute_error,2.8364241376933883,2.6305518460062345,-0.20587229168715382
2005,all,5000,14,spatial_coverage_minus_random,p99_absolute_error,4.840359231066259,5.397129199575879,0.5567699685096201
2005,all,5000,14,historical_density_minus_random,rmse,9.560421175975089,9.318705899239864,-0.2417152767352242
2005,all,5000,14,historical_density_minus_random,mae,6.031923738312683,5.9510871026062695,-0.08083663570641342
2005,all,5000,14,historical_density_minus_random,median_absolute_error,2.2383770174244546,2.2516447724623845,0.013267755037929874
2005,all,5000,14,historical_density_minus_random,p95_absolute_error,30.400029484046065,29.06820934009937,-1.3318201439466968
2005,all,5000,14,historical_density_minus_random,p99_absolute_error,57.96276700736832,58.33929911218733,0.376532104819006
2005,all,5000,15,spatial_coverage_minus_random,rmse,-3.314522049034103,-2.9583496816647816,0.35617236736932156
2005,all,5000,15,spatial_coverage_minus_random,mae,-0.5262391117374658,-0.4163131844739851,0.10992592726348077
2005,all,5000,15,spatial_coverage_minus_random,median_absolute_error,0.3448478489247577,0.2908062409323406,-0.05404160799241714
2005,all,5000,15,spatial_coverage_minus_random,p95_absolute_error,-1.7135858573391616,-0.6370559353964254,1.0765299219427362
2005,all,5000,15,spatial_coverage_minus_random,p99_absolute_error,-17.182282365595157,-17.131446251743235,0.050836113851921994
2005,all,5000,15,historical_density_minus_random,rmse,8.499238037558527,9.037803405379895,0.5385653678213682
2005,all,5000,15,historical_density_minus_random,mae,4.781432636120853,5.07937219011516,0.2979395539943077
2005,all,5000,15,historical_density_minus_random,median_absolute_error,1.5379340429888089,1.543367756913483,0.005433713924674066
2005,all,5000,15,historical_density_minus_random,p95_absolute_error,26.91642255878758,28.601990833209527,1.6855682744219465
2005,all,5000,15,historical_density_minus_random,p99_absolute_error,45.77651692911283,46.63226344464829,0.8557465155354578
2005,all,5000,16,spatial_coverage_minus_random,rmse,-5.139500877487482,-5.275827369273518,-0.13632649178603629
2005,all,5000,16,spatial_coverage_minus_random,mae,-0.5515559119946438,-0.5743627236787319,-0.022806811684088046
2005,all,5000,16,spatial_coverage_minus_random,median_absolute_error,0.5057293079037493,0.5297113399153375,0.023982032011588217
2005,all,5000,16,spatial_coverage_minus_random,p95_absolute_error,-0.2992540654082312,-0.3440294203420144,-0.04477535493378321
2005,all,5000,16,spatial_coverage_minus_random,p99_absolute_error,-18.445771453363427,-20.131034540635568,-1.6852630872721406
2005,all,5000,16,historical_density_minus_random,rmse,6.078053062063017,5.379906996293393,-0.6981460657696239
2005,all,5000,16,historical_density_minus_random,mae,4.327308433335217,4.056756731316774,-0.2705517020184427
2005,all,5000,16,historical_density_minus_random,median_absolute_error,1.3447207378646056,1.398589250683813,0.05386851281920735
2005,all,5000,16,historical_density_minus_random,p95_absolute_error,29.172900003223997,26.07239803278966,-3.100501970434337
2005,all,5000,16,historical_density_minus_random,p99_absolute_error,41.0069982324596,36.30930249747328,-4.697695734986318
2005,all,5000,17,spatial_coverage_minus_random,rmse,-0.850303408973577,-0.79470908563788,0.05559432333569703
2005,all,5000,17,spatial_coverage_minus_random,mae,0.4281833215215869,0.4308306156103008,0.002647294088713892
2005,all,5000,17,spatial_coverage_minus_random,median_absolute_error,0.7050356848731099,0.707367005863631,0.002331320990521135
2005,all,5000,17,spatial_coverage_minus_random,p95_absolute_error,0.5110518714375125,0.7369233912022182,0.22587151976470565
2005,all,5000,17,spatial_coverage_minus_random,p99_absolute_error,-5.864822958331885,-6.281936919566988,-0.4171139612351027
2005,all,5000,17,historical_density_minus_random,rmse,10.17819821264042,10.35895703221453,0.18075881957411077
2005,all,5000,17,historical_density_minus_random,mae,5.47015077683999,5.39829601549194,-0.07185476134804958
2005,all,5000,17,historical_density_minus_random,median_absolute_error,1.939769965576346,1.6822623145228874,-0.25750765105345863
2005,all,5000,17,historical_density_minus_random,p95_absolute_error,25.82336951863894,27.18313318862045,1.3597636699815077
2005,all,5000,17,historical_density_minus_random,p99_absolute_error,52.97599980338953,55.34370410891847,2.367704305528946
2005,all,5000,18,spatial_coverage_minus_random,rmse,-0.4506881114478034,-0.4602462134304126,-0.009558101982609202
2005,all,5000,18,spatial_coverage_minus_random,mae,0.8592210242093365,0.8372483143142428,-0.0219727098950937
2005,all,5000,18,spatial_coverage_minus_random,median_absolute_error,0.9858356324175476,0.8775984680730744,-0.10823716434447317
2005,all,5000,18,spatial_coverage_minus_random,p95_absolute_error,2.1090921306273245,2.412612355572012,0.30352022494468756
2005,all,5000,18,spatial_coverage_minus_random,p99_absolute_error,-7.212424892527622,-6.450653647287084,0.7617712452405376
2005,all,5000,18,historical_density_minus_random,rmse,9.424424145740408,9.773768196654348,0.34934405091394005
2005,all,5000,18,historical_density_minus_random,mae,5.144124354010103,5.177567083508459,0.033442729498355916
2005,all,5000,18,historical_density_minus_random,median_absolute_error,2.068654040859599,1.9808986387650125,-0.08775540209458632
2005,all,5000,18,historical_density_minus_random,p95_absolute_error,21.763979664831822,22.45345399542185,0.689474330590027
2005,all,5000,18,historical_density_minus_random,p99_absolute_error,51.10510097892416,54.73148394630019,3.626382967376024
2005,all,5000,19,spatial_coverage_minus_random,rmse,-0.177794980895154,-0.1948345909296627,-0.017039610034508712
2005,all,5000,19,spatial_coverage_minus_random,mae,0.7132121397817173,0.6489795801167055,-0.06423255966501173
2005,all,5000,19,spatial_coverage_minus_random,median_absolute_error,0.7225883195499989,0.6428433562062708,-0.07974496334372816
2005,all,5000,19,spatial_coverage_minus_random,p95_absolute_error,1.2835711361541904,1.127968895498313,-0.15560224065587747
2005,all,5000,19,spatial_coverage_minus_random,p99_absolute_error,-5.520941899592387,-3.928158071143123,1.5927838284492637
2005,all,5000,19,historical_density_minus_random,rmse,10.751354564377902,10.811920622894526,0.06056605851662411
2005,all,5000,19,historical_density_minus_random,mae,5.819624702299697,5.900506767057284,0.08088206475758764
2005,all,5000,19,historical_density_minus_random,median_absolute_error,1.990459254325259,1.9815332009999624,-0.008926053325296612
2005,all,5000,19,historical_density_minus_random,p95_absolute_error,26.89386912151679,29.22777984933448,2.3339107278176883
2005,all,5000,19,historical_density_minus_random,p99_absolute_error,59.63125030418677,59.71090689273637,0.07965658854959656
2005,spco2_le_threshold,500,0,spatial_coverage_minus_random,rmse,0.0303629422255866,0.0798742453732686,0.049511303147682
2005,spco2_le_threshold,500,0,spatial_coverage_minus_random,mae,-0.0480933932741542,-0.0794573787694474,-0.031363985495293206
2005,spco2_le_threshold,500,0,spatial_coverage_minus_random,median_absolute_error,-0.0938567969312202,-0.1325888790274803,-0.038732082096260084
2005,spco2_le_threshold,500,0,spatial_coverage_minus_random,p95_absolute_error,-0.5959048931078712,-0.5989821398950781,-0.0030772467872068887
2005,spco2_le_threshold,500,0,spatial_coverage_minus_random,p99_absolute_error,-3.8666079792613033,-3.0208693909823694,0.8457385882789339
2005,spco2_le_threshold,500,0,historical_density_minus_random,rmse,8.695457881786847,8.165687107456247,-0.5297707743306006
2005,spco2_le_threshold,500,0,historical_density_minus_random,mae,4.977770244239899,4.610271314298409,-0.36749892994149036
2005,spco2_le_threshold,500,0,historical_density_minus_random,median_absolute_error,2.842329124732288,2.650895843272565,-0.19143328145972305
2005,spco2_le_threshold,500,0,historical_density_minus_random,p95_absolute_error,19.8464496951773,18.507897774910653,-1.3385519202666458
2005,spco2_le_threshold,500,0,historical_density_minus_random,p99_absolute_error,34.365359784068204,32.63146532559897,-1.733894458469237
2005,spco2_le_threshold,500,1,spatial_coverage_minus_random,rmse,2.473115683416985,2.565923124844659,0.09280744142767361
2005,spco2_le_threshold,500,1,spatial_coverage_minus_random,mae,2.286886121324951,2.3883446157494177,0.10145849442446675
2005,spco2_le_threshold,500,1,spatial_coverage_minus_random,median_absolute_error,2.142733478357002,2.1884362858565964,0.045702807499594655
2005,spco2_le_threshold,500,1,spatial_coverage_minus_random,p95_absolute_error,5.463584850989207,6.116933487338059,0.6533486363488521
2005,spco2_le_threshold,500,1,spatial_coverage_minus_random,p99_absolute_error,7.657164663764504,8.185255574338811,0.5280909105743072
2005,spco2_le_threshold,500,1,historical_density_minus_random,rmse,14.534513652557983,14.31831874572801,-0.21619490682997267
2005,spco2_le_threshold,500,1,historical_density_minus_random,mae,7.56254061425761,7.575770037631418,0.013229423373807947
2005,spco2_le_threshold,500,1,historical_density_minus_random,median_absolute_error,3.566728653893648,3.630234278487791,0.06350562459414277
2005,spco2_le_threshold,500,1,historical_density_minus_random,p95_absolute_error,40.17803702588223,39.963240656884885,-0.214796368997348
2005,spco2_le_threshold,500,1,historical_density_minus_random,p99_absolute_error,69.2050882487405,66.81018048353064,-2.394907765209851
2005,spco2_le_threshold,500,2,spatial_coverage_minus_random,rmse,-0.0912962073851701,0.0171942988976567,0.10849050628282679
2005,spco2_le_threshold,500,2,spatial_coverage_minus_random,mae,0.1844162584258377,0.3687829310149872,0.18436667258914952
2005,spco2_le_threshold,500,2,spatial_coverage_minus_random,median_absolute_error,0.3922022437465386,0.6393217289103745,0.24711948516383592
2005,spco2_le_threshold,500,2,spatial_coverage_minus_random,p95_absolute_error,0.4742625258510315,0.5210306415956296,0.046768115744598104
2005,spco2_le_threshold,500,2,spatial_coverage_minus_random,p99_absolute_error,-3.009460649803586,-2.717937755930734,0.2915228938728518
2005,spco2_le_threshold,500,2,historical_density_minus_random,rmse,9.855380249329269,10.079012246002602,0.22363199667333333
2005,spco2_le_threshold,500,2,historical_density_minus_random,mae,5.651525785888534,5.80969995534808,0.15817416945954577
2005,spco2_le_threshold,500,2,historical_density_minus_random,median_absolute_error,3.027940988388167,3.314348514262832,0.2864075258746652
2005,spco2_le_threshold,500,2,historical_density_minus_random,p95_absolute_error,20.575437210343644,20.39967696943044,-0.17576024091320264
2005,spco2_le_threshold,500,2,historical_density_minus_random,p99_absolute_error,44.744671064229806,46.82109660579542,2.0764255415656123
2005,spco2_le_threshold,500,3,spatial_coverage_minus_random,rmse,-1.192209761591151,-1.1399753557411856,0.052234405849965526
2005,spco2_le_threshold,500,3,spatial_coverage_minus_random,mae,0.1229688254620775,0.201238296776129,0.0782694713140515
2005,spco2_le_threshold,500,3,spatial_coverage_minus_random,median_absolute_error,0.7484817150652532,0.8213162424182769,0.07283452735302376
2005,spco2_le_threshold,500,3,spatial_coverage_minus_random,p95_absolute_error,-2.4788721663882782,-1.981912554388316,0.4969596119999622
2005,spco2_le_threshold,500,3,spatial_coverage_minus_random,p99_absolute_error,-18.14927557183303,-19.733247232388777,-1.583971660555747
2005,spco2_le_threshold,500,3,historical_density_minus_random,rmse,10.838152465044484,11.099579079675255,0.2614266146307713
2005,spco2_le_threshold,500,3,historical_density_minus_random,mae,5.541574317984853,5.790526290591746,0.24895197260689272
2005,spco2_le_threshold,500,3,historical_density_minus_random,median_absolute_error,2.771828866188571,2.948285215110701,0.17645634892213025
2005,spco2_le_threshold,500,3,historical_density_minus_random,p95_absolute_error,25.28290890022817,25.57489261041257,0.2919837101844003
2005,spco2_le_threshold,500,3,historical_density_minus_random,p99_absolute_error,46.222926965129176,46.86074292504512,0.6378159599159474
2005,spco2_le_threshold,500,4,spatial_coverage_minus_random,rmse,0.6710159793782431,0.6387052316419748,-0.0323107477362683
2005,spco2_le_threshold,500,4,spatial_coverage_minus_random,mae,0.8154085451547459,0.796027466762844,-0.01938107839190195
2005,spco2_le_threshold,500,4,spatial_coverage_minus_random,median_absolute_error,0.7738935145142989,0.7725266846425711,-0.0013668298717277594
2005,spco2_le_threshold,500,4,spatial_coverage_minus_random,p95_absolute_error,2.2308673318274543,2.195377776389748,-0.035489555437706155
2005,spco2_le_threshold,500,4,spatial_coverage_minus_random,p99_absolute_error,-1.9819444563502917,-1.6450990958875875,0.3368453604627042
2005,spco2_le_threshold,500,4,historical_density_minus_random,rmse,11.567532429579929,12.254750675470907,0.6872182458909784
2005,spco2_le_threshold,500,4,historical_density_minus_random,mae,6.239624365350441,6.650094884624188,0.41047051927374767
2005,spco2_le_threshold,500,4,historical_density_minus_random,median_absolute_error,2.94390264512694,3.1586516822187605,0.21474903709182058
2005,spco2_le_threshold,500,4,historical_density_minus_random,p95_absolute_error,29.70453803620903,32.66227604380791,2.957738007598877
2005,spco2_le_threshold,500,4,historical_density_minus_random,p99_absolute_error,49.48732959197245,52.90388510921044,3.4165555172379953
2005,spco2_le_threshold,500,5,spatial_coverage_minus_random,rmse,-0.4788858521427279,-0.5556249171756065,-0.07673906503287858
2005,spco2_le_threshold,500,5,spatial_coverage_minus_random,mae,0.6234987923569371,0.6010596551710705,-0.022439137185866542
2005,spco2_le_threshold,500,5,spatial_coverage_minus_random,median_absolute_error,0.9023251198599668,0.8799097394394266,-0.022415380420540143
2005,spco2_le_threshold,500,5,spatial_coverage_minus_random,p95_absolute_error,1.821165244885812,1.9250645161453548,0.10389927125954279
2005,spco2_le_threshold,500,5,spatial_coverage_minus_random,p99_absolute_error,0.4972630258773449,0.2346043491438507,-0.2626586767334942
2005,spco2_le_threshold,500,5,historical_density_minus_random,rmse,7.519221402746258,7.838848629854933,0.3196272271086755
2005,spco2_le_threshold,500,5,historical_density_minus_random,mae,4.521260300058099,4.698338115895062,0.17707781583696303
2005,spco2_le_threshold,500,5,historical_density_minus_random,median_absolute_error,2.7998839529356303,2.951472393895841,0.15158844096021085
2005,spco2_le_threshold,500,5,historical_density_minus_random,p95_absolute_error,17.182286060781706,17.306150143063952,0.1238640822822461
2005,spco2_le_threshold,500,5,historical_density_minus_random,p99_absolute_error,31.79746859268305,34.203282511235656,2.4058139185526066
2005,spco2_le_threshold,500,6,spatial_coverage_minus_random,rmse,-0.0343053769649372,-0.1798438963118869,-0.14553851934694972
2005,spco2_le_threshold,500,6,spatial_coverage_minus_random,mae,0.7560946873215304,0.5500311011590018,-0.20606358616252862
2005,spco2_le_threshold,500,6,spatial_coverage_minus_random,median_absolute_error,1.1664952028118876,0.9138079833746816,-0.25268721943720596
2005,spco2_le_threshold,500,6,spatial_coverage_minus_random,p95_absolute_error,-0.175804642702829,-0.6248638131937554,-0.44905917049092636
2005,spco2_le_threshold,500,6,spatial_coverage_minus_random,p99_absolute_error,-6.619264123236562,-7.14683919633481,-0.527575073098248
2005,spco2_le_threshold,500,6,historical_density_minus_random,rmse,8.968364626592972,8.455363202545634,-0.5130014240473386
2005,spco2_le_threshold,500,6,historical_density_minus_random,mae,5.163042674146476,4.674573143149788,-0.48846953099668866
2005,spco2_le_threshold,500,6,historical_density_minus_random,median_absolute_error,2.7737899777366977,2.266505093761197,-0.5072848839755006
2005,spco2_le_threshold,500,6,historical_density_minus_random,p95_absolute_error,21.48027514207872,21.6534245858888,0.1731494438100789
2005,spco2_le_threshold,500,6,historical_density_minus_random,p99_absolute_error,38.231936316031934,35.43056952666865,-2.8013667893632856
2005,spco2_le_threshold,500,7,spatial_coverage_minus_random,rmse,0.151283272144667,0.126972360157648,-0.024310911987018985
2005,spco2_le_threshold,500,7,spatial_coverage_minus_random,mae,0.3023486435354812,0.2981015485665956,-0.00424709496888559
2005,spco2_le_threshold,500,7,spatial_coverage_minus_random,median_absolute_error,0.2871534767559751,0.2669194924961289,-0.020233984259846183
2005,spco2_le_threshold,500,7,spatial_coverage_minus_random,p95_absolute_error,1.568861665212694,1.5426737290578956,-0.02618793615479853
2005,spco2_le_threshold,500,7,spatial_coverage_minus_random,p99_absolute_error,3.637257552362073,3.391039864524245,-0.24621768783782771
2005,spco2_le_threshold,500,7,historical_density_minus_random,rmse,6.975152182105141,6.467079021434032,-0.5080731606711089
2005,spco2_le_threshold,500,7,historical_density_minus_random,mae,4.834885878469162,4.452258286653663,-0.3826275918154991
2005,spco2_le_threshold,500,7,historical_density_minus_random,median_absolute_error,3.354116510815373,3.04973175424999,-0.304384756565383
2005,spco2_le_threshold,500,7,historical_density_minus_random,p95_absolute_error,16.67203004622698,15.772753679751403,-0.8992763664755756
2005,spco2_le_threshold,500,7,historical_density_minus_random,p99_absolute_error,25.782688107279867,23.21026113176184,-2.5724269755180273
2005,spco2_le_threshold,500,8,spatial_coverage_minus_random,rmse,24.99172991640277,25.598572646277574,0.6068427298748027
2005,spco2_le_threshold,500,8,spatial_coverage_minus_random,mae,10.29279695675168,10.683021204559315,0.39022424780763565
2005,spco2_le_threshold,500,8,spatial_coverage_minus_random,median_absolute_error,4.159473980700483,4.373599206188402,0.21412522548791912
2005,spco2_le_threshold,500,8,spatial_coverage_minus_random,p95_absolute_error,43.58558845789868,45.26435742459872,1.6787689667000407
2005,spco2_le_threshold,500,8,spatial_coverage_minus_random,p99_absolute_error,98.830100104122,103.12779225704448,4.29769215292248
2005,spco2_le_threshold,500,8,historical_density_minus_random,rmse,7.821262597946028,7.998128917235466,0.17686631928943797
2005,spco2_le_threshold,500,8,historical_density_minus_random,mae,4.177590852486002,4.420858186463182,0.2432673339771796
2005,spco2_le_threshold,500,8,historical_density_minus_random,median_absolute_error,2.179655094760278,2.405304136640069,0.22564904187979096
2005,spco2_le_threshold,500,8,historical_density_minus_random,p95_absolute_error,17.01985461147909,17.402490316835348,0.38263570535625746
2005,spco2_le_threshold,500,8,historical_density_minus_random,p99_absolute_error,28.48669110445988,28.055679692483626,-0.4310114119762538
2005,spco2_le_threshold,500,9,spatial_coverage_minus_random,rmse,0.0556906580353881,0.0002062965479758,-0.0554843614874123
2005,spco2_le_threshold,500,9,spatial_coverage_minus_random,mae,0.2315097152455258,0.2044454155105945,-0.027064299734931296
2005,spco2_le_threshold,500,9,spatial_coverage_minus_random,median_absolute_error,-0.1688930848723373,-0.3015850426533859,-0.13269195778104861
2005,spco2_le_threshold,500,9,spatial_coverage_minus_random,p95_absolute_error,1.955145919700513,2.7266337887093077,0.7714878690087947
2005,spco2_le_threshold,500,9,spatial_coverage_minus_random,p99_absolute_error,4.9046562694618245,2.9344225962188943,-1.9702336732429302
2005,spco2_le_threshold,500,9,historical_density_minus_random,rmse,9.255287272972364,8.95919752696215,-0.2960897460102139
2005,spco2_le_threshold,500,9,historical_density_minus_random,mae,6.179395566743462,6.155548355993705,-0.023847210749757153
2005,spco2_le_threshold,500,9,historical_density_minus_random,median_absolute_error,3.636116028525464,3.6569648739053378,0.020848845379873637
2005,spco2_le_threshold,500,9,historical_density_minus_random,p95_absolute_error,22.560862294778005,22.619681753347308,0.05881945856930315
2005,spco2_le_threshold,500,9,historical_density_minus_random,p99_absolute_error,26.55444445990895,24.82881714563355,-1.7256273142753997
2005,spco2_le_threshold,500,10,spatial_coverage_minus_random,rmse,0.5964210887272507,0.8803869534619473,0.28396586473469654
2005,spco2_le_threshold,500,10,spatial_coverage_minus_random,mae,1.549004016316875,1.6241104382536555,0.07510642193678052
2005,spco2_le_threshold,500,10,spatial_coverage_minus_random,median_absolute_error,1.7586632753312017,1.660314185168147,-0.0983490901630546
2005,spco2_le_threshold,500,10,spatial_coverage_minus_random,p95_absolute_error,4.057854155249018,5.223821244671626,1.1659670894226082
2005,spco2_le_threshold,500,10,spatial_coverage_minus_random,p99_absolute_error,-13.829694780005257,-12.27192762476298,1.557767155242276
2005,spco2_le_threshold,500,10,historical_density_minus_random,rmse,5.505846255388374,5.86336811678062,0.3575218613922466
2005,spco2_le_threshold,500,10,historical_density_minus_random,mae,4.357775249818147,4.697478186936891,0.33970293711874433
2005,spco2_le_threshold,500,10,historical_density_minus_random,median_absolute_error,3.5838736066675096,3.732901443298146,0.14902783663063657
2005,spco2_le_threshold,500,10,historical_density_minus_random,p95_absolute_error,14.660694362228448,15.251482267841864,0.590787905613416
2005,spco2_le_threshold,500,10,historical_density_minus_random,p99_absolute_error,5.801265434872263,5.924400869137642,0.12313543426537876
2005,spco2_le_threshold,500,11,spatial_coverage_minus_random,rmse,-1.9970568254244403,-2.1061459439083485,-0.10908911848390823
2005,spco2_le_threshold,500,11,spatial_coverage_minus_random,mae,-0.388756434850773,-0.563974775088937,-0.17521834023816402
2005,spco2_le_threshold,500,11,spatial_coverage_minus_random,median_absolute_error,0.4336162435275525,0.1759611443792437,-0.2576550991483088
2005,spco2_le_threshold,500,11,spatial_coverage_minus_random,p95_absolute_error,-2.755534736933164,-3.1799984107113275,-0.4244636737781633
2005,spco2_le_threshold,500,11,spatial_coverage_minus_random,p99_absolute_error,-15.18123322855871,-15.53132098059008,-0.350087752031369
2005,spco2_le_threshold,500,11,historical_density_minus_random,rmse,7.297890144573504,6.667860496379571,-0.6300296481939327
2005,spco2_le_threshold,500,11,historical_density_minus_random,mae,3.808421158566734,3.546054348918254,-0.2623668096484799
2005,spco2_le_threshold,500,11,historical_density_minus_random,median_absolute_error,1.980062439216596,1.8192184287545388,-0.1608440104620572
2005,spco2_le_threshold,500,11,historical_density_minus_random,p95_absolute_error,17.78539839814367,14.71538863963729,-3.07000975850638
2005,spco2_le_threshold,500,11,historical_density_minus_random,p99_absolute_error,32.745883822759154,28.60282568238084,-4.143058140378315
2005,spco2_le_threshold,500,12,spatial_coverage_minus_random,rmse,-1.3300828079706406,-1.1845776896601592,0.1455051183104814
2005,spco2_le_threshold,500,12,spatial_coverage_minus_random,mae,0.7967014506051129,0.8059063947594165,0.009204944154303618
2005,spco2_le_threshold,500,12,spatial_coverage_minus_random,median_absolute_error,1.4900658309787502,1.3734215614193204,-0.11664426955942986
2005,spco2_le_threshold,500,12,spatial_coverage_minus_random,p95_absolute_error,-0.8700894925224958,-0.5956682886808693,0.2744212038416265
2005,spco2_le_threshold,500,12,spatial_coverage_minus_random,p99_absolute_error,-9.92775454804341,-8.052421351596692,1.875333196446718
2005,spco2_le_threshold,500,12,historical_density_minus_random,rmse,9.909751958493684,10.140686853956884,0.2309348954632
2005,spco2_le_threshold,500,12,historical_density_minus_random,mae,6.325611502007746,6.59763781061652,0.2720263086087744
2005,spco2_le_threshold,500,12,historical_density_minus_random,median_absolute_error,3.574488884118267,3.85898550047682,0.28449661635855295
2005,spco2_le_threshold,500,12,historical_density_minus_random,p95_absolute_error,25.440339552479863,25.99584472410762,0.5555051716277575
2005,spco2_le_threshold,500,12,historical_density_minus_random,p99_absolute_error,41.90686257487548,42.430011459593175,0.5231488847176919
2005,spco2_le_threshold,500,13,spatial_coverage_minus_random,rmse,2.5219350310400976,2.4172205740498462,-0.10471445699025139
2005,spco2_le_threshold,500,13,spatial_coverage_minus_random,mae,1.11185699032038,1.224304932172906,0.11244794185252593
2005,spco2_le_threshold,500,13,spatial_coverage_minus_random,median_absolute_error,0.621533021917088,0.9374548517129996,0.31592182979591155
2005,spco2_le_threshold,500,13,spatial_coverage_minus_random,p95_absolute_error,0.7338443603108118,0.088812953418305,-0.6450314068925068
2005,spco2_le_threshold,500,13,spatial_coverage_minus_random,p99_absolute_error,16.69871282427995,14.958975578421416,-1.7397372458585352
2005,spco2_le_threshold,500,13,historical_density_minus_random,rmse,6.878616066160888,6.835367615010103,-0.04324845115078535
2005,spco2_le_threshold,500,13,historical_density_minus_random,mae,4.461502726862101,4.515678526721402,0.05417579985930132
2005,spco2_le_threshold,500,13,historical_density_minus_random,median_absolute_error,3.171769487366049,3.18783265629844,0.01606316893239068
2005,spco2_le_threshold,500,13,historical_density_minus_random,p95_absolute_error,13.106023771869149,12.334144111628056,-0.7718796602410922
2005,spco2_le_threshold,500,13,historical_density_minus_random,p99_absolute_error,19.67415331309344,19.81646405028229,0.14231073718884701
2005,spco2_le_threshold,500,14,spatial_coverage_minus_random,rmse,1.5791679202471194,1.676050253727393,0.09688233348027353
2005,spco2_le_threshold,500,14,spatial_coverage_minus_random,mae,1.0784979240647417,1.069038038511284,-0.009459885553457559
2005,spco2_le_threshold,500,14,spatial_coverage_minus_random,median_absolute_error,0.4077199393109083,0.2942982491551902,-0.11342169015571807
2005,spco2_le_threshold,500,14,spatial_coverage_minus_random,p95_absolute_error,4.142117873825249,4.073098050298611,-0.06901982352663794
2005,spco2_le_threshold,500,14,spatial_coverage_minus_random,p99_absolute_error,15.022064483187336,15.017989837755891,-0.004074645431444424
2005,spco2_le_threshold,500,14,historical_density_minus_random,rmse,7.308747462094914,7.673390914321381,0.364643452226467
2005,spco2_le_threshold,500,14,historical_density_minus_random,mae,4.527461190744969,4.715758928361325,0.18829773761635593
2005,spco2_le_threshold,500,14,historical_density_minus_random,median_absolute_error,2.665431071817409,2.7228950088426984,0.057463937025289624
2005,spco2_le_threshold,500,14,historical_density_minus_random,p95_absolute_error,14.60638606497868,15.031361390498496,0.42497532551981543
2005,spco2_le_threshold,500,14,historical_density_minus_random,p99_absolute_error,26.354974611799776,28.34356189304114,1.9885872812413652
2005,spco2_le_threshold,500,15,spatial_coverage_minus_random,rmse,-1.9164515158451076,-1.7553051053401667,0.16114641050494094
2005,spco2_le_threshold,500,15,spatial_coverage_minus_random,mae,-0.1657277297386983,-0.0489335689829992,0.1167941607556991
2005,spco2_le_threshold,500,15,spatial_coverage_minus_random,median_absolute_error,0.5608579347011187,0.5889762886178005,0.028118353916681826
2005,spco2_le_threshold,500,15,spatial_coverage_minus_random,p95_absolute_error,-4.7388398389287545,-3.8494106939721817,0.8894291449565728
2005,spco2_le_threshold,500,15,spatial_coverage_minus_random,p99_absolute_error,-10.749712614080224,-11.239801432960236,-0.49008881888001277
2005,spco2_le_threshold,500,15,historical_density_minus_random,rmse,8.016674481282426,7.49454109053449,-0.5221333907479355
2005,spco2_le_threshold,500,15,historical_density_minus_random,mae,5.172532018345756,5.025669062613648,-0.14686295573210817
2005,spco2_le_threshold,500,15,historical_density_minus_random,median_absolute_error,3.3360444389332717,3.3718822505664434,0.03583781163317168
2005,spco2_le_threshold,500,15,historical_density_minus_random,p95_absolute_error,21.978082023827703,20.11232851465968,-1.865753509168023
2005,spco2_le_threshold,500,15,historical_density_minus_random,p99_absolute_error,21.060123322910755,18.543460912178148,-2.516662410732607
2005,spco2_le_threshold,500,16,spatial_coverage_minus_random,rmse,0.3761905657300488,0.3691917198404653,-0.006998845889583494
2005,spco2_le_threshold,500,16,spatial_coverage_minus_random,mae,0.5644945251650455,0.589207593748668,0.024713068583622544
2005,spco2_le_threshold,500,16,spatial_coverage_minus_random,median_absolute_error,0.5040532361580006,0.4966165024038673,-0.0074367337541332845
2005,spco2_le_threshold,500,16,spatial_coverage_minus_random,p95_absolute_error,-0.3643497186061921,-0.6045566695860671,-0.24020695097987504
2005,spco2_le_threshold,500,16,spatial_coverage_minus_random,p99_absolute_error,4.396817043504157,4.801328979767646,0.40451193626348925
2005,spco2_le_threshold,500,16,historical_density_minus_random,rmse,6.28238542893703,6.005414856324169,-0.2769705726128606
2005,spco2_le_threshold,500,16,historical_density_minus_random,mae,3.979819255189355,3.691599139919603,-0.2882201152697519
2005,spco2_le_threshold,500,16,historical_density_minus_random,median_absolute_error,2.595868277799781,2.264396666793971,-0.33147161100581
2005,spco2_le_threshold,500,16,historical_density_minus_random,p95_absolute_error,14.468246834880503,14.114706319262908,-0.3535405156175955
2005,spco2_le_threshold,500,16,historical_density_minus_random,p99_absolute_error,19.18890322272378,17.505136692883553,-1.6837665298402271
2005,spco2_le_threshold,500,17,spatial_coverage_minus_random,rmse,-0.4823145844928724,-0.339728312939993,0.1425862715528794
2005,spco2_le_threshold,500,17,spatial_coverage_minus_random,mae,0.1103000371303224,0.2531229362253455,0.1428228990950231
2005,spco2_le_threshold,500,17,spatial_coverage_minus_random,median_absolute_error,0.3290700964677739,0.5254468116706903,0.19637671520291639
2005,spco2_le_threshold,500,17,spatial_coverage_minus_random,p95_absolute_error,0.1416820222656412,-0.0048833343793504,-0.1465653566449916
2005,spco2_le_threshold,500,17,spatial_coverage_minus_random,p99_absolute_error,-3.9910346640368735,-2.144233619627215,1.8468010444096583
2005,spco2_le_threshold,500,17,historical_density_minus_random,rmse,12.42384020432912,12.375288477483252,-0.04855172684586684
2005,spco2_le_threshold,500,17,historical_density_minus_random,mae,6.341489432375038,6.377351649189851,0.03586221681481305
2005,spco2_le_threshold,500,17,historical_density_minus_random,median_absolute_error,2.616122588813312,2.6659480756470373,0.04982548683372512
2005,spco2_le_threshold,500,17,historical_density_minus_random,p95_absolute_error,33.029381563555404,33.22294885529938,0.19356729174397458
2005,spco2_le_threshold,500,17,historical_density_minus_random,p99_absolute_error,53.63606744927901,53.53348252435984,-0.10258492491917082
2005,spco2_le_threshold,500,18,spatial_coverage_minus_random,rmse,0.0803401760974509,0.2509040046697599,0.17056382857230898
2005,spco2_le_threshold,500,18,spatial_coverage_minus_random,mae,0.5760685329129593,0.7154748195388674,0.13940628662590804
2005,spco2_le_threshold,500,18,spatial_coverage_minus_random,median_absolute_error,0.7463824631871319,0.8444498300595171,0.09806736687238526
2005,spco2_le_threshold,500,18,spatial_coverage_minus_random,p95_absolute_error,1.492353275724298,1.6831031441158402,0.19074986839154207
2005,spco2_le_threshold,500,18,spatial_coverage_minus_random,p99_absolute_error,-1.4681353421260468,0.2120850886292231,1.68022043075527
2005,spco2_le_threshold,500,18,historical_density_minus_random,rmse,7.314944708334881,7.566630170830514,0.25168546249563306
2005,spco2_le_threshold,500,18,historical_density_minus_random,mae,5.193632114027558,5.471269080610858,0.27763696658329984
2005,spco2_le_threshold,500,18,historical_density_minus_random,median_absolute_error,3.7538137073550217,4.139437531872602,0.38562382451758026
2005,spco2_le_threshold,500,18,historical_density_minus_random,p95_absolute_error,15.496911484130225,16.064257773843224,0.567346289712999
2005,spco2_le_threshold,500,18,historical_density_minus_random,p99_absolute_error,19.376501009352864,20.03768521240707,0.661184203054205
2005,spco2_le_threshold,500,19,spatial_coverage_minus_random,rmse,4.150342857408912,3.8852542786369817,-0.26508857877193037
2005,spco2_le_threshold,500,19,spatial_coverage_minus_random,mae,1.1118516890976515,0.948380642469452,-0.16347104662819956
2005,spco2_le_threshold,500,19,spatial_coverage_minus_random,median_absolute_error,0.365859003428767,0.1849363646933852,-0.18092263873538178
2005,spco2_le_threshold,500,19,spatial_coverage_minus_random,p95_absolute_error,1.7643835449666767,1.3512045620091513,-0.4131789829575254
2005,spco2_le_threshold,500,19,spatial_coverage_minus_random,p99_absolute_error,30.194247198016768,28.88132863637327,-1.3129185616434995
2005,spco2_le_threshold,500,19,historical_density_minus_random,rmse,8.127171496547412,8.37806157476145,0.25089007821403797
2005,spco2_le_threshold,500,19,historical_density_minus_random,mae,4.477174206927849,4.684040946727713,0.2068667397998638
2005,spco2_le_threshold,500,19,historical_density_minus_random,median_absolute_error,2.408804279182988,2.592262531178364,0.18345825199537602
2005,spco2_le_threshold,500,19,historical_density_minus_random,p95_absolute_error,19.206236840157764,18.207897674069805,-0.998339166087959
2005,spco2_le_threshold,500,19,historical_density_minus_random,p99_absolute_error,35.538246215327064,37.3152602231376,1.7770140078105356
2005,spco2_le_threshold,1000,0,spatial_coverage_minus_random,rmse,0.9989827838491472,0.7926066099518536,-0.20637617389729357
2005,spco2_le_threshold,1000,0,spatial_coverage_minus_random,mae,1.2548126661289452,1.1697596171757123,-0.08505304895323285
2005,spco2_le_threshold,1000,0,spatial_coverage_minus_random,median_absolute_error,0.97707878834575,1.0405030719309991,0.0634242835852491
2005,spco2_le_threshold,1000,0,spatial_coverage_minus_random,p95_absolute_error,3.966134751376004,3.5350741966159878,-0.43106055476001615
2005,spco2_le_threshold,1000,0,spatial_coverage_minus_random,p99_absolute_error,3.283629047915724,0.7472909300995809,-2.5363381178161433
2005,spco2_le_threshold,1000,0,historical_density_minus_random,rmse,10.641536988781976,10.372829041490084,-0.26870794729189207
2005,spco2_le_threshold,1000,0,historical_density_minus_random,mae,5.774332225954332,5.586810020174072,-0.1875222057802599
2005,spco2_le_threshold,1000,0,historical_density_minus_random,median_absolute_error,2.6462611975916275,2.691899402250499,0.04563820465887147
2005,spco2_le_threshold,1000,0,historical_density_minus_random,p95_absolute_error,29.14516785010064,27.13379552064366,-2.0113723294569823
2005,spco2_le_threshold,1000,0,historical_density_minus_random,p99_absolute_error,47.25118205307402,45.92171288019814,-1.329469172875875
2005,spco2_le_threshold,1000,1,spatial_coverage_minus_random,rmse,1.455323540948985,1.3731587059684038,-0.08216483498058125
2005,spco2_le_threshold,1000,1,spatial_coverage_minus_random,mae,1.327911863152524,1.3632677195333365,0.03535585638081251
2005,spco2_le_threshold,1000,1,spatial_coverage_minus_random,median_absolute_error,1.0793144706610749,1.2155480584317218,0.13623358777064687
2005,spco2_le_threshold,1000,1,spatial_coverage_minus_random,p95_absolute_error,3.979734305359173,4.010591876655028,0.030857571295855202
2005,spco2_le_threshold,1000,1,spatial_coverage_minus_random,p99_absolute_error,1.1614157291252385,0.9406505146837674,-0.22076521444147112
2005,spco2_le_threshold,1000,1,historical_density_minus_random,rmse,10.790311470624424,10.629548453565691,-0.16076301705873242
2005,spco2_le_threshold,1000,1,historical_density_minus_random,mae,6.004054707480401,6.055555956246964,0.051501248766562924
2005,spco2_le_threshold,1000,1,historical_density_minus_random,median_absolute_error,2.896899873737567,3.051555314227329,0.15465544048976199
2005,spco2_le_threshold,1000,1,historical_density_minus_random,p95_absolute_error,26.2910809564545,24.99870443069362,-1.2923765257608792
2005,spco2_le_threshold,1000,1,historical_density_minus_random,p99_absolute_error,36.48539738424866,34.07895542353947,-2.406441960709188
2005,spco2_le_threshold,1000,2,spatial_coverage_minus_random,rmse,-0.6733419222989134,-0.3873003285339784,0.28604159376493504
2005,spco2_le_threshold,1000,2,spatial_coverage_minus_random,mae,0.4211607407137254,0.4673877093195564,0.04622696860583103
2005,spco2_le_threshold,1000,2,spatial_coverage_minus_random,median_absolute_error,0.4102323247585389,0.3810373635460564,-0.029194961212482495
2005,spco2_le_threshold,1000,2,spatial_coverage_minus_random,p95_absolute_error,1.978113708766124,2.3007514188864704,0.32263771012034637
2005,spco2_le_threshold,1000,2,spatial_coverage_minus_random,p99_absolute_error,-1.626945512416981,-0.0773198995148192,1.5496256129021617
2005,spco2_le_threshold,1000,2,historical_density_minus_random,rmse,6.5546140135746604,6.584397954990674,0.029783941416013704
2005,spco2_le_threshold,1000,2,historical_density_minus_random,mae,4.014864210831533,3.915536623974417,-0.09932758685711596
2005,spco2_le_threshold,1000,2,historical_density_minus_random,median_absolute_error,2.524526414971888,2.435444389317752,-0.08908202565413559
2005,spco2_le_threshold,1000,2,historical_density_minus_random,p95_absolute_error,14.365239300797969,13.859245385921142,-0.5059939148768269
2005,spco2_le_threshold,1000,2,historical_density_minus_random,p99_absolute_error,30.758782957543232,32.08381239511056,1.3250294375673306
2005,spco2_le_threshold,1000,3,spatial_coverage_minus_random,rmse,-1.2232218295362571,-1.007866890620054,0.21535493891620305
2005,spco2_le_threshold,1000,3,spatial_coverage_minus_random,mae,-0.0965620922157874,0.2491618418314232,0.3457239340472106
2005,spco2_le_threshold,1000,3,spatial_coverage_minus_random,median_absolute_error,0.34990104554808,0.6990361843014341,0.3491351387533541
2005,spco2_le_threshold,1000,3,spatial_coverage_minus_random,p95_absolute_error,-0.9427627814478255,-0.3011723428385977,0.6415904386092279
2005,spco2_le_threshold,1000,3,spatial_coverage_minus_random,p99_absolute_error,-7.303620495752851,-7.084869745051051,0.2187507507017994
2005,spco2_le_threshold,1000,3,historical_density_minus_random,rmse,9.896017215336329,9.898424780124362,0.0024075647880330564
2005,spco2_le_threshold,1000,3,historical_density_minus_random,mae,5.828835399949201,5.8143110183332585,-0.014524381615942161
2005,spco2_le_threshold,1000,3,historical_density_minus_random,median_absolute_error,2.953889823438232,3.0132811389939604,0.05939131555572841
2005,spco2_le_threshold,1000,3,historical_density_minus_random,p95_absolute_error,29.559783427578797,29.82253541703747,0.26275198945867473
2005,spco2_le_threshold,1000,3,historical_density_minus_random,p99_absolute_error,38.25364350133624,37.941962326660885,-0.31168117467535694
2005,spco2_le_threshold,1000,4,spatial_coverage_minus_random,rmse,15.343019980687313,15.234776803705024,-0.10824317698228825
2005,spco2_le_threshold,1000,4,spatial_coverage_minus_random,mae,4.935247702911262,4.845608502903447,-0.08963920000781478
2005,spco2_le_threshold,1000,4,spatial_coverage_minus_random,median_absolute_error,1.46624938343993,1.3888615204680264,-0.07738786297190359
2005,spco2_le_threshold,1000,4,spatial_coverage_minus_random,p95_absolute_error,16.757003869782743,16.762461736444976,0.005457866662233357
2005,spco2_le_threshold,1000,4,spatial_coverage_minus_random,p99_absolute_error,69.99192167859475,70.52937912341508,0.5374574448203333
2005,spco2_le_threshold,1000,4,historical_density_minus_random,rmse,12.89145342260198,12.380845176715766,-0.510608245886214
2005,spco2_le_threshold,1000,4,historical_density_minus_random,mae,6.475735866808492,6.168553680495611,-0.30718218631288075
2005,spco2_le_threshold,1000,4,historical_density_minus_random,median_absolute_error,2.9585667832375577,2.6786082060597494,-0.27995857717780837
2005,spco2_le_threshold,1000,4,historical_density_minus_random,p95_absolute_error,26.499446767977236,25.66462753758849,-0.8348192303887458
2005,spco2_le_threshold,1000,4,historical_density_minus_random,p99_absolute_error,71.9364824241042,68.68213894624714,-3.254343477857063
2005,spco2_le_threshold,1000,5,spatial_coverage_minus_random,rmse,-1.0988364921445424,-1.086126275502174,0.012710216642368266
2005,spco2_le_threshold,1000,5,spatial_coverage_minus_random,mae,-0.2294219537692896,-0.2571887730064066,-0.02776681923711699
2005,spco2_le_threshold,1000,5,spatial_coverage_minus_random,median_absolute_error,0.197518070670128,0.1878338257782843,-0.00968424489184369
2005,spco2_le_threshold,1000,5,spatial_coverage_minus_random,p95_absolute_error,-1.7992945374076117,-1.660814797510298,0.13847973989731366
2005,spco2_le_threshold,1000,5,spatial_coverage_minus_random,p99_absolute_error,-3.113948395039685,-3.182636111396988,-0.06868771635730297
2005,spco2_le_threshold,1000,5,historical_density_minus_random,rmse,8.624535126102572,8.177115263329615,-0.4474198627729571
2005,spco2_le_threshold,1000,5,historical_density_minus_random,mae,4.8877956336094535,4.625090343506315,-0.26270529010313837
2005,spco2_le_threshold,1000,5,historical_density_minus_random,median_absolute_error,2.799688185309037,2.617243506383801,-0.1824446789252363
2005,spco2_le_threshold,1000,5,historical_density_minus_random,p95_absolute_error,18.677154647155422,17.945883844366094,-0.7312708027893287
2005,spco2_le_threshold,1000,5,historical_density_minus_random,p99_absolute_error,35.75373845771976,32.96516873422969,-2.7885697234900704
2005,spco2_le_threshold,1000,6,spatial_coverage_minus_random,rmse,-1.8665634267272289,-1.7948664389470572,0.07169698778017164
2005,spco2_le_threshold,1000,6,spatial_coverage_minus_random,mae,-0.2708690409631149,-0.2247547441896671,0.04611429677344783
2005,spco2_le_threshold,1000,6,spatial_coverage_minus_random,median_absolute_error,0.260509913024805,0.28312405462475,0.022614141599945015
2005,spco2_le_threshold,1000,6,spatial_coverage_minus_random,p95_absolute_error,-1.442500589537758,-1.2745581553080427,0.16794243422971533
2005,spco2_le_threshold,1000,6,spatial_coverage_minus_random,p99_absolute_error,-11.502527618223269,-11.942134612202835,-0.4396069939795666
2005,spco2_le_threshold,1000,6,historical_density_minus_random,rmse,8.641216413188438,8.68758139480844,0.0463649816200018
2005,spco2_le_threshold,1000,6,historical_density_minus_random,mae,5.046484645103663,5.165590078857322,0.119105433753659
2005,spco2_le_threshold,1000,6,historical_density_minus_random,median_absolute_error,2.461905799541256,2.591061758140853,0.12915595859959694
2005,spco2_le_threshold,1000,6,historical_density_minus_random,p95_absolute_error,22.34306273335457,22.15230070162307,-0.1907620317315022
2005,spco2_le_threshold,1000,6,historical_density_minus_random,p99_absolute_error,40.51313893766765,37.2866709202073,-3.2264680174603484
2005,spco2_le_threshold,1000,7,spatial_coverage_minus_random,rmse,-0.8318548881165491,-0.6751270974295025,0.15672779068704656
2005,spco2_le_threshold,1000,7,spatial_coverage_minus_random,mae,-0.1927083195657921,-0.0416832618346756,0.1510250577311165
2005,spco2_le_threshold,1000,7,spatial_coverage_minus_random,median_absolute_error,-0.1168405729603989,0.0737841443129241,0.190624717273323
2005,spco2_le_threshold,1000,7,spatial_coverage_minus_random,p95_absolute_error,0.4652294524027027,0.5316557029499833,0.06642625054728063
2005,spco2_le_threshold,1000,7,spatial_coverage_minus_random,p99_absolute_error,-3.204595608905919,-2.862582304947054,0.34201330395886487
2005,spco2_le_threshold,1000,7,historical_density_minus_random,rmse,8.024155148810504,8.067920587090828,0.04376543828032453
2005,spco2_le_threshold,1000,7,historical_density_minus_random,mae,5.093693039969429,5.035074008982488,-0.058619030986940324
2005,spco2_le_threshold,1000,7,historical_density_minus_random,median_absolute_error,3.1600964899852784,3.208492487028934,0.048395997043655825
2005,spco2_le_threshold,1000,7,historical_density_minus_random,p95_absolute_error,17.670616998138996,17.471547132905066,-0.19906986523393044
2005,spco2_le_threshold,1000,7,historical_density_minus_random,p99_absolute_error,38.30999178924221,39.94656224057499,1.63657045133278
2005,spco2_le_threshold,1000,8,spatial_coverage_minus_random,rmse,8.8545293036433,8.750079019686538,-0.10445028395676204
2005,spco2_le_threshold,1000,8,spatial_coverage_minus_random,mae,2.7762213116155703,2.9075827705847264,0.13136145896915608
2005,spco2_le_threshold,1000,8,spatial_coverage_minus_random,median_absolute_error,0.92024764517285,1.2465419781576088,0.32629433298475885
2005,spco2_le_threshold,1000,8,spatial_coverage_minus_random,p95_absolute_error,10.12082666073011,9.41993143747267,-0.7008952232574401
2005,spco2_le_threshold,1000,8,spatial_coverage_minus_random,p99_absolute_error,26.489256080648488,25.479932289400537,-1.009323791247951
2005,spco2_le_threshold,1000,8,historical_density_minus_random,rmse,8.915925253187318,8.833820183821615,-0.08210506936570283
2005,spco2_le_threshold,1000,8,historical_density_minus_random,mae,4.572639643364974,4.535728457373169,-0.036911185991804984
2005,spco2_le_threshold,1000,8,historical_density_minus_random,median_absolute_error,1.9796873611120132,1.9868726872804812,0.007185326168468009
2005,spco2_le_threshold,1000,8,historical_density_minus_random,p95_absolute_error,20.277657847663782,20.69637134703473,0.4187134993709485
2005,spco2_le_threshold,1000,8,historical_density_minus_random,p99_absolute_error,39.86640603075874,38.22203207578369,-1.6443739549750518
2005,spco2_le_threshold,1000,9,spatial_coverage_minus_random,rmse,-0.1090753103969603,-0.2129243688023265,-0.1038490584053662
2005,spco2_le_threshold,1000,9,spatial_coverage_minus_random,mae,0.7886943433449947,0.6464847357819572,-0.14220960756303747
2005,spco2_le_threshold,1000,9,spatial_coverage_minus_random,median_absolute_error,0.5624033273307418,0.3923342820630182,-0.17006904526772365
2005,spco2_le_threshold,1000,9,spatial_coverage_minus_random,p95_absolute_error,4.0544071450114245,3.601381305897725,-0.45302583911369965
2005,spco2_le_threshold,1000,9,spatial_coverage_minus_random,p99_absolute_error,2.4566534940563542,1.685430556337323,-0.7712229377190312
2005,spco2_le_threshold,1000,9,historical_density_minus_random,rmse,7.294082955764015,7.699971900954143,0.40588894519012797
2005,spco2_le_threshold,1000,9,historical_density_minus_random,mae,4.390404467292656,4.671573930067872,0.2811694627752157
2005,spco2_le_threshold,1000,9,historical_density_minus_random,median_absolute_error,2.271046186322792,2.403540603716749,0.13249441739395706
2005,spco2_le_threshold,1000,9,historical_density_minus_random,p95_absolute_error,16.974849799447426,18.90243482942717,1.927585029979742
2005,spco2_le_threshold,1000,9,historical_density_minus_random,p99_absolute_error,41.88258840794616,42.45866368280282,0.5760752748566631
2005,spco2_le_threshold,1000,10,spatial_coverage_minus_random,rmse,-1.911248498067749,-2.0912343194999856,-0.17998582143223651
2005,spco2_le_threshold,1000,10,spatial_coverage_minus_random,mae,0.3456402077263369,0.3321633880032291,-0.013476819723107825
2005,spco2_le_threshold,1000,10,spatial_coverage_minus_random,median_absolute_error,0.9468233584961468,1.041566091797108,0.09474273330096106
2005,spco2_le_threshold,1000,10,spatial_coverage_minus_random,p95_absolute_error,0.0049861002828208,-0.5900062153528083,-0.594992315635629
2005,spco2_le_threshold,1000,10,spatial_coverage_minus_random,p99_absolute_error,-14.672262492362307,-16.884619717086153,-2.2123572247238457
2005,spco2_le_threshold,1000,10,historical_density_minus_random,rmse,8.187237999590923,7.734603173659117,-0.45263482593180626
2005,spco2_le_threshold,1000,10,historical_density_minus_random,mae,5.525840232280096,5.284892066885318,-0.24094816539477826
2005,spco2_le_threshold,1000,10,historical_density_minus_random,median_absolute_error,3.349173763259813,3.3904028200224445,0.041229056762631444
2005,spco2_le_threshold,1000,10,historical_density_minus_random,p95_absolute_error,23.885530224022027,21.516218789190724,-2.369311434831303
2005,spco2_le_threshold,1000,10,historical_density_minus_random,p99_absolute_error,33.73180418224251,33.33950198972674,-0.39230219251577125
2005,spco2_le_threshold,1000,11,spatial_coverage_minus_random,rmse,-16.001577191438066,-16.12072292406056,-0.11914573262249206
2005,spco2_le_threshold,1000,11,spatial_coverage_minus_random,mae,-3.2070501094539168,-3.2263452106403694,-0.019295101186452612
2005,spco2_le_threshold,1000,11,spatial_coverage_minus_random,median_absolute_error,0.2101569571029529,0.2066624757079296,-0.0034944813950233133
2005,spco2_le_threshold,1000,11,spatial_coverage_minus_random,p95_absolute_error,-12.48610423578679,-12.920587601748394,-0.4344833659616043
2005,spco2_le_threshold,1000,11,spatial_coverage_minus_random,p99_absolute_error,-55.89323629379537,-58.4060091878648,-2.5127728940694283
2005,spco2_le_threshold,1000,11,historical_density_minus_random,rmse,-7.335449272595646,-7.3608433330997585,-0.025394060504112304
2005,spco2_le_threshold,1000,11,historical_density_minus_random,mae,0.6107870356770029,0.7912258212840726,0.18043878560706972
2005,spco2_le_threshold,1000,11,historical_density_minus_random,median_absolute_error,1.5867131924370028,1.8382077472331844,0.25149455479618155
2005,spco2_le_threshold,1000,11,historical_density_minus_random,p95_absolute_error,4.499846074076473,4.7437570478071365,0.24391097373066373
2005,spco2_le_threshold,1000,11,historical_density_minus_random,p99_absolute_error,-8.198657008158023,-10.155508543916454,-1.9568515357584317
2005,spco2_le_threshold,1000,12,spatial_coverage_minus_random,rmse,-2.330108419842052,-2.234009067861919,0.09609935198013275
2005,spco2_le_threshold,1000,12,spatial_coverage_minus_random,mae,0.0073234437357019,-0.058012739139631,-0.0653361828753329
2005,spco2_le_threshold,1000,12,spatial_coverage_minus_random,median_absolute_error,0.7471297627336355,0.584458639013377,-0.1626711237202585
2005,spco2_le_threshold,1000,12,spatial_coverage_minus_random,p95_absolute_error,-0.9689719224196692,-0.4914601987549076,0.47751172366476163
2005,spco2_le_threshold,1000,12,spatial_coverage_minus_random,p99_absolute_error,-11.93250961285132,-9.803672105313469,2.1288375075378507
2005,spco2_le_threshold,1000,12,historical_density_minus_random,rmse,8.491062285671646,9.031452877075566,0.54039059140392
2005,spco2_le_threshold,1000,12,historical_density_minus_random,mae,5.0752809488090485,5.311333018220809,0.2360520694117607
2005,spco2_le_threshold,1000,12,historical_density_minus_random,median_absolute_error,3.0362008683246984,2.938117559019048,-0.09808330930565035
2005,spco2_le_threshold,1000,12,historical_density_minus_random,p95_absolute_error,18.48673208622182,21.41186053560422,2.925128449382399
2005,spco2_le_threshold,1000,12,historical_density_minus_random,p99_absolute_error,45.7918215497844,49.14581128890865,3.353989739124245
2005,spco2_le_threshold,1000,13,spatial_coverage_minus_random,rmse,6.941702416783034,7.128646923601167,0.1869445068181328
2005,spco2_le_threshold,1000,13,spatial_coverage_minus_random,mae,2.897585120198821,3.0587069720524624,0.16112185185364147
2005,spco2_le_threshold,1000,13,spatial_coverage_minus_random,median_absolute_error,1.8323304995522849,1.8795265437490516,0.04719604419676671
2005,spco2_le_threshold,1000,13,spatial_coverage_minus_random,p95_absolute_error,6.366395000517215,7.04538853566055,0.6789935351433343
2005,spco2_le_threshold,1000,13,spatial_coverage_minus_random,p99_absolute_error,22.722778329504777,23.920028513602038,1.1972501840972605
2005,spco2_le_threshold,1000,13,historical_density_minus_random,rmse,8.737902853430217,8.480287070076251,-0.25761578335396607
2005,spco2_le_threshold,1000,13,historical_density_minus_random,mae,5.3010265384213024,5.351143300396419,0.05011676197511683
2005,spco2_le_threshold,1000,13,historical_density_minus_random,median_absolute_error,3.4272375484370627,3.6381850557333735,0.21094750729631073
2005,spco2_le_threshold,1000,13,historical_density_minus_random,p95_absolute_error,18.720812658930942,17.670475315435468,-1.0503373434954746
2005,spco2_le_threshold,1000,13,historical_density_minus_random,p99_absolute_error,32.732138212240685,30.04718816409796,-2.684950048142724
2005,spco2_le_threshold,1000,14,spatial_coverage_minus_random,rmse,5.079014071237157,5.096238930662317,0.017224859425159167
2005,spco2_le_threshold,1000,14,spatial_coverage_minus_random,mae,2.5752337538172068,2.4830563792792724,-0.0921773745379344
2005,spco2_le_threshold,1000,14,spatial_coverage_minus_random,median_absolute_error,1.1017938827433795,0.8602045350492347,-0.24158934769414486
2005,spco2_le_threshold,1000,14,spatial_coverage_minus_random,p95_absolute_error,9.60509555672845,9.8809347460043,0.2758391892758496
2005,spco2_le_threshold,1000,14,spatial_coverage_minus_random,p99_absolute_error,21.80339843948532,22.63366872531762,0.8302702858322988
2005,spco2_le_threshold,1000,14,historical_density_minus_random,rmse,8.39391016991005,8.660293747775668,0.26638357786561784
2005,spco2_le_threshold,1000,14,historical_density_minus_random,mae,5.0689177885996415,5.292096663732167,0.22317887513252543
2005,spco2_le_threshold,1000,14,historical_density_minus_random,median_absolute_error,2.930380536361554,2.9941543136167184,0.06377377725516453
2005,spco2_le_threshold,1000,14,historical_density_minus_random,p95_absolute_error,19.0872626542518,20.95123919375064,1.863976539498843
2005,spco2_le_threshold,1000,14,historical_density_minus_random,p99_absolute_error,38.6970221887884,39.070608371883,0.373586183094595
2005,spco2_le_threshold,1000,15,spatial_coverage_minus_random,rmse,0.7388799502441188,0.5063233963376881,-0.2325565539064307
2005,spco2_le_threshold,1000,15,spatial_coverage_minus_random,mae,0.4465355397646675,0.292419088470055,-0.1541164512946125
2005,spco2_le_threshold,1000,15,spatial_coverage_minus_random,median_absolute_error,0.4757400564272132,0.4271223420859087,-0.04861771434130446
2005,spco2_le_threshold,1000,15,spatial_coverage_minus_random,p95_absolute_error,0.1565669606031576,-0.3787583898647284,-0.535325350467886
2005,spco2_le_threshold,1000,15,spatial_coverage_minus_random,p99_absolute_error,4.56368185902204,3.397631986315403,-1.1660498727066368
2005,spco2_le_threshold,1000,15,historical_density_minus_random,rmse,11.24591442839932,11.07180029625857,-0.1741141321407511
2005,spco2_le_threshold,1000,15,historical_density_minus_random,mae,5.629786445874071,5.662022341786493,0.0322358959124216
2005,spco2_le_threshold,1000,15,historical_density_minus_random,median_absolute_error,2.924994556330205,3.0671102716218286,0.1421157152916237
2005,spco2_le_threshold,1000,15,historical_density_minus_random,p95_absolute_error,24.09805100097161,23.08544840903714,-1.012602591934467
2005,spco2_le_threshold,1000,15,historical_density_minus_random,p99_absolute_error,53.96316563456395,52.73870303606597,-1.2244625984979791
2005,spco2_le_threshold,1000,16,spatial_coverage_minus_random,rmse,-0.1143746905660947,-0.1590447569101343,-0.04467006634403961
2005,spco2_le_threshold,1000,16,spatial_coverage_minus_random,mae,0.2845164794811872,0.1600352761041819,-0.1244812033770053
2005,spco2_le_threshold,1000,16,spatial_coverage_minus_random,median_absolute_error,0.3436189578926587,0.2050290602352333,-0.13858989765742544
2005,spco2_le_threshold,1000,16,spatial_coverage_minus_random,p95_absolute_error,0.7857861428582922,0.921112326913125,0.13532618405483277
2005,spco2_le_threshold,1000,16,spatial_coverage_minus_random,p99_absolute_error,-1.1604987734082783,-1.1160016028682662,0.04449717054001212
2005,spco2_le_threshold,1000,16,historical_density_minus_random,rmse,9.579239128961728,8.529304214107064,-1.0499349148546635
2005,spco2_le_threshold,1000,16,historical_density_minus_random,mae,4.7954769290236285,4.476563124155703,-0.3189138048679254
2005,spco2_le_threshold,1000,16,historical_density_minus_random,median_absolute_error,1.9865471667819463,1.964761709086844,-0.021785457695102206
2005,spco2_le_threshold,1000,16,historical_density_minus_random,p95_absolute_error,25.523452155771665,22.91792432130078,-2.605527834470884
2005,spco2_le_threshold,1000,16,historical_density_minus_random,p99_absolute_error,37.723089776019,33.35681745234207,-4.366272323676931
2005,spco2_le_threshold,1000,17,spatial_coverage_minus_random,rmse,-0.7563310923900595,-0.764371029478216,-0.008039937088156535
2005,spco2_le_threshold,1000,17,spatial_coverage_minus_random,mae,0.1963201979641038,0.2230659761091349,0.026745778145031096
2005,spco2_le_threshold,1000,17,spatial_coverage_minus_random,median_absolute_error,0.541631031079362,0.539884520369668,-0.0017465107096938937
2005,spco2_le_threshold,1000,17,spatial_coverage_minus_random,p95_absolute_error,0.7515284112950695,0.2920763323333517,-0.45945207896171786
2005,spco2_le_threshold,1000,17,spatial_coverage_minus_random,p99_absolute_error,-2.538559283698888,-4.405804833987688,-1.8672455502887995
2005,spco2_le_threshold,1000,17,historical_density_minus_random,rmse,10.692280660818389,10.6219123952724,-0.07036826554598896
2005,spco2_le_threshold,1000,17,historical_density_minus_random,mae,5.469988533670655,5.546370536787554,0.07638200311689936
2005,spco2_le_threshold,1000,17,historical_density_minus_random,median_absolute_error,2.589752795784136,2.647225332787229,0.05747253700309285
2005,spco2_le_threshold,1000,17,historical_density_minus_random,p95_absolute_error,23.998547515658625,23.84780080519524,-0.15074671046338395
2005,spco2_le_threshold,1000,17,historical_density_minus_random,p99_absolute_error,55.084328665343406,53.70354714589686,-1.3807815194465434
2005,spco2_le_threshold,1000,18,spatial_coverage_minus_random,rmse,2.9989933402041835,2.8172563242790005,-0.181737015925183
2005,spco2_le_threshold,1000,18,spatial_coverage_minus_random,mae,1.346334829277014,1.2329549630068044,-0.11337986627020968
2005,spco2_le_threshold,1000,18,spatial_coverage_minus_random,median_absolute_error,0.8703101198604486,0.7835655984378604,-0.08674452142258815
2005,spco2_le_threshold,1000,18,spatial_coverage_minus_random,p95_absolute_error,4.20529992370647,3.825304828698776,-0.3799950950076938
2005,spco2_le_threshold,1000,18,spatial_coverage_minus_random,p99_absolute_error,5.642065914263711,4.867619965372427,-0.7744459488912838
2005,spco2_le_threshold,1000,18,historical_density_minus_random,rmse,6.4174086884776,6.601655521143545,0.184246832665945
2005,spco2_le_threshold,1000,18,historical_density_minus_random,mae,4.041645109828691,4.2544775013367975,0.2128323915081065
2005,spco2_le_threshold,1000,18,historical_density_minus_random,median_absolute_error,2.644531855783669,2.7828506484521256,0.1383187926684566
2005,spco2_le_threshold,1000,18,historical_density_minus_random,p95_absolute_error,16.236229512247405,17.001066933124235,0.7648374208768303
2005,spco2_le_threshold,1000,18,historical_density_minus_random,p99_absolute_error,31.70879546876192,30.266191315036,-1.4426041537259202
2005,spco2_le_threshold,1000,19,spatial_coverage_minus_random,rmse,1.2461725989856838,1.1698849529820876,-0.07628764600359617
2005,spco2_le_threshold,1000,19,spatial_coverage_minus_random,mae,0.8983360057235679,0.7098527661668115,-0.1884832395567564
2005,spco2_le_threshold,1000,19,spatial_coverage_minus_random,median_absolute_error,0.6272188080722572,0.4448437709387463,-0.1823750371335109
2005,spco2_le_threshold,1000,19,spatial_coverage_minus_random,p95_absolute_error,3.127072302338121,3.054479919803676,-0.07259238253444478
2005,spco2_le_threshold,1000,19,spatial_coverage_minus_random,p99_absolute_error,5.667258102421869,4.044623292870071,-1.6226348095517977
2005,spco2_le_threshold,1000,19,historical_density_minus_random,rmse,8.154740734222639,7.112333360179974,-1.0424073740426643
2005,spco2_le_threshold,1000,19,historical_density_minus_random,mae,5.0539795159384,4.529464791033941,-0.5245147249044582
2005,spco2_le_threshold,1000,19,historical_density_minus_random,median_absolute_error,2.814625363226241,2.768788166460439,-0.045837196765802
2005,spco2_le_threshold,1000,19,historical_density_minus_random,p95_absolute_error,19.395899860328008,16.509390634664207,-2.8865092256638007
2005,spco2_le_threshold,1000,19,historical_density_minus_random,p99_absolute_error,35.983979482265,30.491881052434763,-5.492098429830236
2005,spco2_le_threshold,2500,0,spatial_coverage_minus_random,rmse,-1.7119266849488923,-1.3265943099032818,0.3853323750456106
2005,spco2_le_threshold,2500,0,spatial_coverage_minus_random,mae,0.1560532899228768,0.4073109941646429,0.2512577042417661
2005,spco2_le_threshold,2500,0,spatial_coverage_minus_random,median_absolute_error,0.6770820589661355,0.8769179752424918,0.19983591627635633
2005,spco2_le_threshold,2500,0,spatial_coverage_minus_random,p95_absolute_error,-0.0309032333069652,0.4579871519945158,0.488890385301481
2005,spco2_le_threshold,2500,0,spatial_coverage_minus_random,p99_absolute_error,-15.572523610544152,-13.912084326471629,1.660439284072524
2005,spco2_le_threshold,2500,0,historical_density_minus_random,rmse,8.673166471215513,9.714015853313686,1.0408493820981732
2005,spco2_le_threshold,2500,0,historical_density_minus_random,mae,5.568575288759844,5.93479925638386,0.3662239676240162
2005,spco2_le_threshold,2500,0,historical_density_minus_random,median_absolute_error,2.8791760342140837,2.9111347547387822,0.0319587205246985
2005,spco2_le_threshold,2500,0,historical_density_minus_random,p95_absolute_error,28.2789312617259,30.186137227291297,1.907205965565396
2005,spco2_le_threshold,2500,0,historical_density_minus_random,p99_absolute_error,34.81638868854327,42.80252397820581,7.986135289662542
2005,spco2_le_threshold,2500,1,spatial_coverage_minus_random,rmse,3.978780948961049,4.059585240480509,0.08080429151945978
2005,spco2_le_threshold,2500,1,spatial_coverage_minus_random,mae,1.2458610772051717,1.2749720044574246,0.02911092725225295
2005,spco2_le_threshold,2500,1,spatial_coverage_minus_random,median_absolute_error,0.6998318643088908,0.7044067350124124,0.004574870703521583
2005,spco2_le_threshold,2500,1,spatial_coverage_minus_random,p95_absolute_error,2.209229327532679,2.068802878674312,-0.14042644885836708
2005,spco2_le_threshold,2500,1,spatial_coverage_minus_random,p99_absolute_error,11.115232930903131,10.06181749178694,-1.0534154391161916
2005,spco2_le_threshold,2500,1,historical_density_minus_random,rmse,10.72994478149252,11.27430378236297,0.5443590008704504
2005,spco2_le_threshold,2500,1,historical_density_minus_random,mae,5.580528897161344,5.647500064685413,0.06697116752406984
2005,spco2_le_threshold,2500,1,historical_density_minus_random,median_absolute_error,2.446828440208748,2.2418960156040555,-0.20493242460469263
2005,spco2_le_threshold,2500,1,historical_density_minus_random,p95_absolute_error,24.024801376332885,27.61987158270687,3.595070206373986
2005,spco2_le_threshold,2500,1,historical_density_minus_random,p99_absolute_error,51.906245523222,56.12392951335238,4.217683990130382
2005,spco2_le_threshold,2500,2,spatial_coverage_minus_random,rmse,0.0162052545084847,-0.1170426222780065,-0.1332478767864912
2005,spco2_le_threshold,2500,2,spatial_coverage_minus_random,mae,1.079605189629298,1.0751142538317673,-0.004490935797530682
2005,spco2_le_threshold,2500,2,spatial_coverage_minus_random,median_absolute_error,1.0754835943932903,1.1351364148241316,0.0596528204308413
2005,spco2_le_threshold,2500,2,spatial_coverage_minus_random,p95_absolute_error,2.76004535034269,2.629107216530425,-0.13093813381226482
2005,spco2_le_threshold,2500,2,spatial_coverage_minus_random,p99_absolute_error,-1.4602972452438363,-3.0487425159962385,-1.5884452707524022
2005,spco2_le_threshold,2500,2,historical_density_minus_random,rmse,9.298577751131482,9.180130200087753,-0.1184475510437295
2005,spco2_le_threshold,2500,2,historical_density_minus_random,mae,5.545912224473,5.446949456161992,-0.09896276831100792
2005,spco2_le_threshold,2500,2,historical_density_minus_random,median_absolute_error,2.8274134837096767,2.7849107849931727,-0.04250269871650403
2005,spco2_le_threshold,2500,2,historical_density_minus_random,p95_absolute_error,22.501872212101294,23.104449117589,0.6025769054877053
2005,spco2_le_threshold,2500,2,historical_density_minus_random,p99_absolute_error,44.91418907874001,43.88228980229711,-1.0318992764428998
2005,spco2_le_threshold,2500,3,spatial_coverage_minus_random,rmse,-0.5533321514674867,-0.7185279654039753,-0.16519581393648863
2005,spco2_le_threshold,2500,3,spatial_coverage_minus_random,mae,0.1470275797757629,0.0441242020053032,-0.10290337777045969
2005,spco2_le_threshold,2500,3,spatial_coverage_minus_random,median_absolute_error,0.4849606231746861,0.5122492464228685,0.02728862324818243
2005,spco2_le_threshold,2500,3,spatial_coverage_minus_random,p95_absolute_error,-0.8082519759000348,-1.411060067485124,-0.6028080915850891
2005,spco2_le_threshold,2500,3,spatial_coverage_minus_random,p99_absolute_error,-6.151065956143121,-7.487632518049125,-1.3365665619060039
2005,spco2_le_threshold,2500,3,historical_density_minus_random,rmse,14.162402959343895,14.535918948877658,0.37351598953376275
2005,spco2_le_threshold,2500,3,historical_density_minus_random,mae,6.876974461537088,6.868049782279252,-0.008924679257836132
2005,spco2_le_threshold,2500,3,historical_density_minus_random,median_absolute_error,2.5655703887181858,2.507214233114184,-0.05835615560400198
2005,spco2_le_threshold,2500,3,historical_density_minus_random,p95_absolute_error,35.51564890196518,36.89879834635436,1.3831494443891827
2005,spco2_le_threshold,2500,3,historical_density_minus_random,p99_absolute_error,68.44025467494517,66.44157617548969,-1.9986784994554796
2005,spco2_le_threshold,2500,4,spatial_coverage_minus_random,rmse,5.223799227135878,5.322327055363221,0.0985278282273434
2005,spco2_le_threshold,2500,4,spatial_coverage_minus_random,mae,1.2716139603483525,1.3187575462969932,0.047143585948640654
2005,spco2_le_threshold,2500,4,spatial_coverage_minus_random,median_absolute_error,0.7309027561928474,0.8961218191331568,0.1652190629403094
2005,spco2_le_threshold,2500,4,spatial_coverage_minus_random,p95_absolute_error,2.499190497900429,2.384319331066756,-0.11487116683367304
2005,spco2_le_threshold,2500,4,spatial_coverage_minus_random,p99_absolute_error,-4.062190866092905,-3.5293277782783434,0.5328630878145617
2005,spco2_le_threshold,2500,4,historical_density_minus_random,rmse,12.575392075616708,12.394491719572793,-0.18090035604391552
2005,spco2_le_threshold,2500,4,historical_density_minus_random,mae,6.706232014852713,6.671149999212304,-0.035082015640409026
2005,spco2_le_threshold,2500,4,historical_density_minus_random,median_absolute_error,2.6846497617282523,2.872335775804231,0.18768601407597885
2005,spco2_le_threshold,2500,4,historical_density_minus_random,p95_absolute_error,32.98120195443581,31.284449402209525,-1.696752552226286
2005,spco2_le_threshold,2500,4,historical_density_minus_random,p99_absolute_error,56.40470914090571,55.69467678489674,-0.7100323560089663
2005,spco2_le_threshold,2500,5,spatial_coverage_minus_random,rmse,-0.529206018095266,-0.4362315061498485,0.0929745119454175
2005,spco2_le_threshold,2500,5,spatial_coverage_minus_random,mae,0.255139073968726,0.2743498115865037,0.019210737617777696
2005,spco2_le_threshold,2500,5,spatial_coverage_minus_random,median_absolute_error,0.3865585023588949,0.4108468822602162,0.024288379901321322
2005,spco2_le_threshold,2500,5,spatial_coverage_minus_random,p95_absolute_error,0.5425219957760063,0.6042116624914513,0.06168966671544496
2005,spco2_le_threshold,2500,5,spatial_coverage_minus_random,p99_absolute_error,-1.2985301451700764,-0.6840642598448881,0.6144658853251883
2005,spco2_le_threshold,2500,5,historical_density_minus_random,rmse,9.52192009709592,8.747898563291251,-0.7740215338046692
2005,spco2_le_threshold,2500,5,historical_density_minus_random,mae,5.180465925612786,4.820322834496265,-0.3601430911165213
2005,spco2_le_threshold,2500,5,historical_density_minus_random,median_absolute_error,2.619897722265904,2.478585065396487,-0.14131265686941674
2005,spco2_le_threshold,2500,5,historical_density_minus_random,p95_absolute_error,20.080618855821456,18.28357808732393,-1.7970407684975243
2005,spco2_le_threshold,2500,5,historical_density_minus_random,p99_absolute_error,45.81815098405241,43.110161819211,-2.7079891648414076
2005,spco2_le_threshold,2500,6,spatial_coverage_minus_random,rmse,-0.9803675551766488,-1.0192343725774222,-0.03886681740077347
2005,spco2_le_threshold,2500,6,spatial_coverage_minus_random,mae,0.5221686342899936,0.461555278861459,-0.06061335542853463
2005,spco2_le_threshold,2500,6,spatial_coverage_minus_random,median_absolute_error,0.8251582277529224,0.833318855406219,0.008160627653296615
2005,spco2_le_threshold,2500,6,spatial_coverage_minus_random,p95_absolute_error,0.7486484828548683,0.4392357095543673,-0.309412773300501
2005,spco2_le_threshold,2500,6,spatial_coverage_minus_random,p99_absolute_error,-6.745209618703704,-7.3113802269066355,-0.5661706082029312
2005,spco2_le_threshold,2500,6,historical_density_minus_random,rmse,8.994660987545924,8.554432181466755,-0.44022880607916903
2005,spco2_le_threshold,2500,6,historical_density_minus_random,mae,4.621579367422209,4.386664910239789,-0.23491445718241977
2005,spco2_le_threshold,2500,6,historical_density_minus_random,median_absolute_error,2.1667911135338045,2.2080651587557725,0.04127404522196798
2005,spco2_le_threshold,2500,6,historical_density_minus_random,p95_absolute_error,19.00702540725051,16.464174989068646,-2.542850418181864
2005,spco2_le_threshold,2500,6,historical_density_minus_random,p99_absolute_error,48.70704709806972,45.4958663024812,-3.2111807955885254
2005,spco2_le_threshold,2500,7,spatial_coverage_minus_random,rmse,3.7113460360036257,3.720830983268264,0.009484947264638333
2005,spco2_le_threshold,2500,7,spatial_coverage_minus_random,mae,1.1178617471346453,1.1839762548691422,0.0661145077344969
2005,spco2_le_threshold,2500,7,spatial_coverage_minus_random,median_absolute_error,0.7884724309275839,0.8432857396331315,0.05481330870554757
2005,spco2_le_threshold,2500,7,spatial_coverage_minus_random,p95_absolute_error,2.348338844739544,2.1544604574214574,-0.1938783873180867
2005,spco2_le_threshold,2500,7,spatial_coverage_minus_random,p99_absolute_error,-0.1127434515904894,0.3340671725967894,0.4468106241872788
2005,spco2_le_threshold,2500,7,historical_density_minus_random,rmse,10.221640110808568,10.751334792903386,0.5296946820948172
2005,spco2_le_threshold,2500,7,historical_density_minus_random,mae,5.560998606776742,5.885839674907718,0.3248410681309757
2005,spco2_le_threshold,2500,7,historical_density_minus_random,median_absolute_error,2.790333419475417,2.8463659667495165,0.05603254727409945
2005,spco2_le_threshold,2500,7,historical_density_minus_random,p95_absolute_error,22.011815905489,23.674347468847387,1.6625315633583853
2005,spco2_le_threshold,2500,7,historical_density_minus_random,p99_absolute_error,50.83056849971395,53.381984051187246,2.5514155514732977
2005,spco2_le_threshold,2500,8,spatial_coverage_minus_random,rmse,-9.931472066729343,-9.48950390598714,0.4419681607422028
2005,spco2_le_threshold,2500,8,spatial_coverage_minus_random,mae,-1.5650892105082548,-1.722219459453818,-0.15713024894556327
2005,spco2_le_threshold,2500,8,spatial_coverage_minus_random,median_absolute_error,0.3293842800289042,0.2284290926165226,-0.10095518741238158
2005,spco2_le_threshold,2500,8,spatial_coverage_minus_random,p95_absolute_error,-2.9860825988474176,-3.5425621021243288,-0.5564795032769112
2005,spco2_le_threshold,2500,8,spatial_coverage_minus_random,p99_absolute_error,-66.54459492505396,-70.19114122149554,-3.646546296441585
2005,spco2_le_threshold,2500,8,historical_density_minus_random,rmse,-3.0261767953840923,-3.004538244369101,0.021638551014991236
2005,spco2_le_threshold,2500,8,historical_density_minus_random,mae,2.6496403035099583,2.5152868829909227,-0.13435342051903554
2005,spco2_le_threshold,2500,8,historical_density_minus_random,median_absolute_error,1.64908794145083,1.5419117240184903,-0.10717621743233963
2005,spco2_le_threshold,2500,8,historical_density_minus_random,p95_absolute_error,19.995068397237468,19.209055182289283,-0.7860132149481842
2005,spco2_le_threshold,2500,8,historical_density_minus_random,p99_absolute_error,-21.25340908870122,-22.113928110881744,-0.8605190221805259
2005,spco2_le_threshold,2500,9,spatial_coverage_minus_random,rmse,-0.5146232047596015,-0.5265105109052222,-0.011887306145620613
2005,spco2_le_threshold,2500,9,spatial_coverage_minus_random,mae,0.7175538349816915,0.7732169519392986,0.05566311695760717
2005,spco2_le_threshold,2500,9,spatial_coverage_minus_random,median_absolute_error,0.821261953382816,0.8521853543996372,0.030923401016821117
2005,spco2_le_threshold,2500,9,spatial_coverage_minus_random,p95_absolute_error,1.6896297714689652,1.7119822972244876,0.02235252575552238
2005,spco2_le_threshold,2500,9,spatial_coverage_minus_random,p99_absolute_error,-3.4061064185382364,-3.201161267251024,0.20494515128721247
2005,spco2_le_threshold,2500,9,historical_density_minus_random,rmse,11.056787952659636,10.86690633718218,-0.1898816154774572
2005,spco2_le_threshold,2500,9,historical_density_minus_random,mae,5.674883091578057,5.601496886759893,-0.07338620481816349
2005,spco2_le_threshold,2500,9,historical_density_minus_random,median_absolute_error,2.1806278312604377,2.2264242714839497,0.045796440223512036
2005,spco2_le_threshold,2500,9,historical_density_minus_random,p95_absolute_error,26.8059486390426,26.37395357100457,-0.4319950680380309
2005,spco2_le_threshold,2500,9,historical_density_minus_random,p99_absolute_error,55.313131352605126,56.65756625628188,1.3444349036767562
2005,spco2_le_threshold,2500,10,spatial_coverage_minus_random,rmse,-4.167359360452132,-3.790075731864743,0.3772836285873895
2005,spco2_le_threshold,2500,10,spatial_coverage_minus_random,mae,-0.2329342741001259,-0.0598176073720093,0.1731166667281166
2005,spco2_le_threshold,2500,10,spatial_coverage_minus_random,median_absolute_error,0.5832142498884139,0.7367521675936359,0.15353791770522207
2005,spco2_le_threshold,2500,10,spatial_coverage_minus_random,p95_absolute_error,-0.6397567381207168,0.1778769190715223,0.8176336571922391
2005,spco2_le_threshold,2500,10,spatial_coverage_minus_random,p99_absolute_error,-19.848551060041224,-19.80761406170421,0.040936998337013364
2005,spco2_le_threshold,2500,10,historical_density_minus_random,rmse,7.676726420508732,8.544398537399953,0.8676721168912209
2005,spco2_le_threshold,2500,10,historical_density_minus_random,mae,5.280114389439822,5.529537859187279,0.2494234697474571
2005,spco2_le_threshold,2500,10,historical_density_minus_random,median_absolute_error,2.6355218874211914,2.5752215231109403,-0.0603003643102511
2005,spco2_le_threshold,2500,10,historical_density_minus_random,p95_absolute_error,24.12363597485549,26.70671934559949,2.5830833707439993
2005,spco2_le_threshold,2500,10,historical_density_minus_random,p99_absolute_error,33.323958271340416,37.85075087150528,4.52679260016486
2005,spco2_le_threshold,2500,11,spatial_coverage_minus_random,rmse,-8.796096797012527,-8.804827947180883,-0.008731150168355128
2005,spco2_le_threshold,2500,11,spatial_coverage_minus_random,mae,-1.1527141384646455,-1.0137823836789082,0.13893175478573738
2005,spco2_le_threshold,2500,11,spatial_coverage_minus_random,median_absolute_error,0.1779454760915655,0.2658203563176187,0.08787488022605319
2005,spco2_le_threshold,2500,11,spatial_coverage_minus_random,p95_absolute_error,-2.058886197944531,-1.719552696923202,0.3393335010213292
2005,spco2_le_threshold,2500,11,spatial_coverage_minus_random,p99_absolute_error,-26.90156957981497,-26.27615664552272,0.6254129342922532
2005,spco2_le_threshold,2500,11,historical_density_minus_random,rmse,-1.82111381333668,-1.5855226934117752,0.23559111992490478
2005,spco2_le_threshold,2500,11,historical_density_minus_random,mae,2.6015302794326463,2.71805861033873,0.11652833090608361
2005,spco2_le_threshold,2500,11,historical_density_minus_random,median_absolute_error,1.6365329352559286,1.6228515813421325,-0.013681353913796102
2005,spco2_le_threshold,2500,11,historical_density_minus_random,p95_absolute_error,17.303310835270068,17.65222791832148,0.3489170830514112
2005,spco2_le_threshold,2500,11,historical_density_minus_random,p99_absolute_error,19.336431110488466,20.61319937743224,1.276768266943776
2005,spco2_le_threshold,2500,12,spatial_coverage_minus_random,rmse,0.2089453913003041,0.1835499581145008,-0.025395433185803284
2005,spco2_le_threshold,2500,12,spatial_coverage_minus_random,mae,0.7385835035281261,0.6748727709322431,-0.063710732595883
2005,spco2_le_threshold,2500,12,spatial_coverage_minus_random,median_absolute_error,0.7846109365719087,0.6929148736853676,-0.09169606288654109
2005,spco2_le_threshold,2500,12,spatial_coverage_minus_random,p95_absolute_error,1.332742749276811,1.2553377451739962,-0.0774050041028147
2005,spco2_le_threshold,2500,12,spatial_coverage_minus_random,p99_absolute_error,2.051716038932625,1.40668138120607,-0.6450346577265551
2005,spco2_le_threshold,2500,12,historical_density_minus_random,rmse,12.477548146398464,13.020657816085883,0.5431096696874196
2005,spco2_le_threshold,2500,12,historical_density_minus_random,mae,5.584738245343457,5.585795195085449,0.001056949741991886
2005,spco2_le_threshold,2500,12,historical_density_minus_random,median_absolute_error,2.189346107892732,1.9108689497784892,-0.2784771581142429
2005,spco2_le_threshold,2500,12,historical_density_minus_random,p95_absolute_error,24.117663467816293,26.88422787701932,2.7665644092030277
2005,spco2_le_threshold,2500,12,historical_density_minus_random,p99_absolute_error,59.54470690362953,61.2452629201303,1.7005560165007694
2005,spco2_le_threshold,2500,13,spatial_coverage_minus_random,rmse,9.266142671185044,9.208913384073336,-0.05722928711170816
2005,spco2_le_threshold,2500,13,spatial_coverage_minus_random,mae,2.0672069513731994,1.9255495403624248,-0.14165741101077467
2005,spco2_le_threshold,2500,13,spatial_coverage_minus_random,median_absolute_error,1.090027172133574,0.907009594728578,-0.1830175774049959
2005,spco2_le_threshold,2500,13,spatial_coverage_minus_random,p95_absolute_error,3.1297864511647333,3.298306902061221,0.1685204508964877
2005,spco2_le_threshold,2500,13,spatial_coverage_minus_random,p99_absolute_error,12.948566615385149,13.563681323653952,0.6151147082688038
2005,spco2_le_threshold,2500,13,historical_density_minus_random,rmse,10.935827146691992,10.38714585882122,-0.548681287870771
2005,spco2_le_threshold,2500,13,historical_density_minus_random,mae,6.141348986081685,6.001790574629519,-0.13955841145216574
2005,spco2_le_threshold,2500,13,historical_density_minus_random,median_absolute_error,2.897259170726869,2.916181238345274,0.01892206761840498
2005,spco2_le_threshold,2500,13,historical_density_minus_random,p95_absolute_error,26.00753713019987,25.40188380890126,-0.605653321298611
2005,spco2_le_threshold,2500,13,historical_density_minus_random,p99_absolute_error,57.56199605894789,54.93702066004117,-2.62497539890672
2005,spco2_le_threshold,2500,14,spatial_coverage_minus_random,rmse,4.91034494614145,4.901006209887708,-0.009338736253742042
2005,spco2_le_threshold,2500,14,spatial_coverage_minus_random,mae,1.705792571377977,1.757736905005194,0.051944333627217176
2005,spco2_le_threshold,2500,14,spatial_coverage_minus_random,median_absolute_error,0.9510533021985452,0.9634419463558004,0.012388644157255158
2005,spco2_le_threshold,2500,14,spatial_coverage_minus_random,p95_absolute_error,5.1483575160876,5.438578021360833,0.29022050527323273
2005,spco2_le_threshold,2500,14,spatial_coverage_minus_random,p99_absolute_error,10.80766868853246,11.568786706976582,0.7611180184441206
2005,spco2_le_threshold,2500,14,historical_density_minus_random,rmse,9.329980929477596,8.912549456637361,-0.4174314728402351
2005,spco2_le_threshold,2500,14,historical_density_minus_random,mae,5.480295323651223,5.331718260384463,-0.14857706326676023
2005,spco2_le_threshold,2500,14,historical_density_minus_random,median_absolute_error,2.891772898792538,2.76803739441678,-0.12373550437575798
2005,spco2_le_threshold,2500,14,historical_density_minus_random,p95_absolute_error,20.360605588409307,20.55367798593258,0.19307239752327376
2005,spco2_le_threshold,2500,14,historical_density_minus_random,p99_absolute_error,47.82557228944185,45.8651305313807,-1.960441758061151
2005,spco2_le_threshold,2500,15,spatial_coverage_minus_random,rmse,-0.910012244940642,-1.1989206075164065,-0.28890836257576447
2005,spco2_le_threshold,2500,15,spatial_coverage_minus_random,mae,0.2659988979279255,0.0444641942067569,-0.22153470372116862
2005,spco2_le_threshold,2500,15,spatial_coverage_minus_random,median_absolute_error,0.5239477053518726,0.3362419120749962,-0.18770579327687642
2005,spco2_le_threshold,2500,15,spatial_coverage_minus_random,p95_absolute_error,-0.278281507840866,-0.6654334086233789,-0.3871519007825128
2005,spco2_le_threshold,2500,15,spatial_coverage_minus_random,p99_absolute_error,-2.7205355823456614,-4.733207630308442,-2.0126720479627807
2005,spco2_le_threshold,2500,15,historical_density_minus_random,rmse,10.084956111634632,9.634965705021422,-0.4499904066132103
2005,spco2_le_threshold,2500,15,historical_density_minus_random,mae,4.889968287728701,4.731676650911725,-0.15829163681697622
2005,spco2_le_threshold,2500,15,historical_density_minus_random,median_absolute_error,1.9679124863971535,2.0479387944488963,0.08002630805174271
2005,spco2_le_threshold,2500,15,historical_density_minus_random,p95_absolute_error,20.757061168805173,19.51003491715955,-1.2470262516456216
2005,spco2_le_threshold,2500,15,historical_density_minus_random,p99_absolute_error,54.737656713819845,51.69308266079335,-3.044574053026494
2005,spco2_le_threshold,2500,16,spatial_coverage_minus_random,rmse,-13.29287758220562,-13.800553055101089,-0.5076754728954693
2005,spco2_le_threshold,2500,16,spatial_coverage_minus_random,mae,-2.623955713165957,-2.8260959323991117,-0.20214021923315473
2005,spco2_le_threshold,2500,16,spatial_coverage_minus_random,median_absolute_error,-0.0276901135930245,-0.2458353840962956,-0.2181452705032711
2005,spco2_le_threshold,2500,16,spatial_coverage_minus_random,p95_absolute_error,-7.468541584733629,-7.744176381114002,-0.27563479638037336
2005,spco2_le_threshold,2500,16,spatial_coverage_minus_random,p99_absolute_error,-61.50045666134926,-64.49126857520207,-2.9908119138528093
2005,spco2_le_threshold,2500,16,historical_density_minus_random,rmse,-2.604244213899353,-4.360531090003839,-1.756286876104486
2005,spco2_le_threshold,2500,16,historical_density_minus_random,mae,2.1303591332707565,1.3951079251516507,-0.7352512081191058
2005,spco2_le_threshold,2500,16,historical_density_minus_random,median_absolute_error,1.4615029769792898,1.1915190529685162,-0.26998392401077353
2005,spco2_le_threshold,2500,16,historical_density_minus_random,p95_absolute_error,16.753469135845137,11.78997078965341,-4.963498346191727
2005,spco2_le_threshold,2500,16,historical_density_minus_random,p99_absolute_error,-2.9997523668353807,-13.146802820275,-10.147050453439618
2005,spco2_le_threshold,2500,17,spatial_coverage_minus_random,rmse,-0.9955811292851422,-1.0485236788127743,-0.05294254952763211
2005,spco2_le_threshold,2500,17,spatial_coverage_minus_random,mae,0.3236134370757426,0.3247522796136888,0.0011388425379462164
2005,spco2_le_threshold,2500,17,spatial_coverage_minus_random,median_absolute_error,0.7779457352750114,0.6850470029420421,-0.0928987323329693
2005,spco2_le_threshold,2500,17,spatial_coverage_minus_random,p95_absolute_error,-0.4526487794683831,-0.1016043110844506,0.3510444683839325
2005,spco2_le_threshold,2500,17,spatial_coverage_minus_random,p99_absolute_error,-10.836483994402968,-8.425975985677297,2.410508008725671
2005,spco2_le_threshold,2500,17,historical_density_minus_random,rmse,9.16933319810563,8.833219890542988,-0.33611330756264124
2005,spco2_le_threshold,2500,17,historical_density_minus_random,mae,4.966054486839257,4.777367153178309,-0.1886873336609476
2005,spco2_le_threshold,2500,17,historical_density_minus_random,median_absolute_error,2.168963364245201,1.9977449423894316,-0.1712184218557693
2005,spco2_le_threshold,2500,17,historical_density_minus_random,p95_absolute_error,24.2245155042608,24.08574218974671,-0.13877331451408992
2005,spco2_le_threshold,2500,17,historical_density_minus_random,p99_absolute_error,46.38113622022725,44.70553118726552,-1.6756050329617267
2005,spco2_le_threshold,2500,18,spatial_coverage_minus_random,rmse,1.4036454895417805,1.577252907042407,0.17360741750062658
2005,spco2_le_threshold,2500,18,spatial_coverage_minus_random,mae,0.6072178887733557,0.670231273138203,0.06301338436484727
2005,spco2_le_threshold,2500,18,spatial_coverage_minus_random,median_absolute_error,0.4581605108749613,0.5190648446262003,0.06090433375123899
2005,spco2_le_threshold,2500,18,spatial_coverage_minus_random,p95_absolute_error,0.7737632469243252,1.071119288285864,0.2973560413615388
2005,spco2_le_threshold,2500,18,spatial_coverage_minus_random,p99_absolute_error,2.2965886942331224,0.4303338823714284,-1.866254811861694
2005,spco2_le_threshold,2500,18,historical_density_minus_random,rmse,11.777647820981478,11.360899060248745,-0.4167487607327338
2005,spco2_le_threshold,2500,18,historical_density_minus_random,mae,5.645031639812775,5.477863969237706,-0.16716767057506843
2005,spco2_le_threshold,2500,18,historical_density_minus_random,median_absolute_error,2.233325337547228,2.380239560855188,0.1469142233079599
2005,spco2_le_threshold,2500,18,historical_density_minus_random,p95_absolute_error,27.91935646294476,26.108379594415155,-1.810976868529604
2005,spco2_le_threshold,2500,18,historical_density_minus_random,p99_absolute_error,48.14448894545768,44.99735509358051,-3.1471338518771717
2005,spco2_le_threshold,2500,19,spatial_coverage_minus_random,rmse,1.185446613538172,1.1505775755373229,-0.03486903800084917
2005,spco2_le_threshold,2500,19,spatial_coverage_minus_random,mae,0.5409902382388427,0.4885822776484563,-0.05240796059038644
2005,spco2_le_threshold,2500,19,spatial_coverage_minus_random,median_absolute_error,0.4692831716864702,0.4215405370784708,-0.047742634607999435
2005,spco2_le_threshold,2500,19,spatial_coverage_minus_random,p95_absolute_error,0.0128216305251953,-0.0437917509517049,-0.0566133814769002
2005,spco2_le_threshold,2500,19,spatial_coverage_minus_random,p99_absolute_error,0.8922157259013517,-0.5889288689822791,-1.4811445948836308
2005,spco2_le_threshold,2500,19,historical_density_minus_random,rmse,11.815292573983264,11.84018032307807,0.0248877490948054
2005,spco2_le_threshold,2500,19,historical_density_minus_random,mae,6.043669867068234,5.989565851238918,-0.054104015829315344
2005,spco2_le_threshold,2500,19,historical_density_minus_random,median_absolute_error,2.4334560144549755,2.2903357771390915,-0.14312023731588397
2005,spco2_le_threshold,2500,19,historical_density_minus_random,p95_absolute_error,30.98495886769453,31.760485153523557,0.7755262858290273
2005,spco2_le_threshold,2500,19,historical_density_minus_random,p99_absolute_error,60.04309052117696,60.83259277357513,0.7895022523981723
2005,spco2_le_threshold,5000,0,spatial_coverage_minus_random,rmse,-1.4705949383660872,-1.4024874832771663,0.06810745508892091
2005,spco2_le_threshold,5000,0,spatial_coverage_minus_random,mae,0.0538883961933738,0.1514154174801838,0.09752702128681001
2005,spco2_le_threshold,5000,0,spatial_coverage_minus_random,median_absolute_error,0.3522500742007821,0.4122999550615134,0.06004988086073132
2005,spco2_le_threshold,5000,0,spatial_coverage_minus_random,p95_absolute_error,0.8427069193748942,1.115089384943186,0.2723824655682918
2005,spco2_le_threshold,5000,0,spatial_coverage_minus_random,p99_absolute_error,-9.17353011583807,-8.558295613630094,0.6152345022079757
2005,spco2_le_threshold,5000,0,historical_density_minus_random,rmse,8.380992299319516,8.341360177287129,-0.039632122032386974
2005,spco2_le_threshold,5000,0,historical_density_minus_random,mae,4.544827652922901,4.57448194948136,0.029654296558458526
2005,spco2_le_threshold,5000,0,historical_density_minus_random,median_absolute_error,1.7826239187070885,1.9236523054007648,0.14102838669367634
2005,spco2_le_threshold,5000,0,historical_density_minus_random,p95_absolute_error,22.557797749382463,21.781564964418227,-0.7762327849642361
2005,spco2_le_threshold,5000,0,historical_density_minus_random,p99_absolute_error,41.98456188958403,43.16098483675465,1.1764229471706216
2005,spco2_le_threshold,5000,1,spatial_coverage_minus_random,rmse,2.992925089754415,3.231875293021279,0.23895020326686378
2005,spco2_le_threshold,5000,1,spatial_coverage_minus_random,mae,1.1265167655820676,1.4351393957816845,0.3086226301996169
2005,spco2_le_threshold,5000,1,spatial_coverage_minus_random,median_absolute_error,0.654854556668937,1.0042888818275628,0.3494343251586258
2005,spco2_le_threshold,5000,1,spatial_coverage_minus_random,p95_absolute_error,2.483752483608757,2.92636212604371,0.4426096424349528
2005,spco2_le_threshold,5000,1,spatial_coverage_minus_random,p99_absolute_error,5.54275609313251,5.13248353634129,-0.4102725567912202
2005,spco2_le_threshold,5000,1,historical_density_minus_random,rmse,12.592840950337608,12.329151357257114,-0.26368959308049433
2005,spco2_le_threshold,5000,1,historical_density_minus_random,mae,5.860697158938772,5.907132462081657,0.0464353031428848
2005,spco2_le_threshold,5000,1,historical_density_minus_random,median_absolute_error,1.9354787321919675,2.197917918401089,0.2624391862091213
2005,spco2_le_threshold,5000,1,historical_density_minus_random,p95_absolute_error,28.62304298667376,27.69688061542557,-0.9261623712481892
2005,spco2_le_threshold,5000,1,historical_density_minus_random,p99_absolute_error,63.8633871073289,62.193943229298384,-1.6694438780305134
2005,spco2_le_threshold,5000,2,spatial_coverage_minus_random,rmse,-8.570933588639516,-8.488624054836968,0.08230953380254746
2005,spco2_le_threshold,5000,2,spatial_coverage_minus_random,mae,-0.732789031228636,-0.9326852891535876,-0.19989625792495158
2005,spco2_le_threshold,5000,2,spatial_coverage_minus_random,median_absolute_error,0.5601957220899862,0.4244443726781526,-0.13575134941183364
2005,spco2_le_threshold,5000,2,spatial_coverage_minus_random,p95_absolute_error,-0.2324512598883963,-0.9703600852177416,-0.7379088253293453
2005,spco2_le_threshold,5000,2,spatial_coverage_minus_random,p99_absolute_error,-28.05984291990307,-27.35392576223674,0.7059171576663275
2005,spco2_le_threshold,5000,2,historical_density_minus_random,rmse,2.264383764088404,1.494708671823119,-0.7696750922652851
2005,spco2_le_threshold,5000,2,historical_density_minus_random,mae,3.813114120107569,3.3733751172730067,-0.43973900283456224
2005,spco2_le_threshold,5000,2,historical_density_minus_random,median_absolute_error,1.8240663236605883,1.8587670779675705,0.03470075430698216
2005,spco2_le_threshold,5000,2,historical_density_minus_random,p95_absolute_error,21.67123846288353,17.637449968660363,-4.033788494223167
2005,spco2_le_threshold,5000,2,historical_density_minus_random,p99_absolute_error,27.497842175762543,22.98311312011252,-4.514729055650022
2005,spco2_le_threshold,5000,3,spatial_coverage_minus_random,rmse,-0.6539624297236699,-0.7548366776493403,-0.10087424792567035
2005,spco2_le_threshold,5000,3,spatial_coverage_minus_random,mae,0.1461453249750892,0.1359711716741909,-0.010174153300898298
2005,spco2_le_threshold,5000,3,spatial_coverage_minus_random,median_absolute_error,0.4483947203711409,0.4227362852804788,-0.025658435090662124
2005,spco2_le_threshold,5000,3,spatial_coverage_minus_random,p95_absolute_error,-0.4409606757092064,-0.2265839544129342,0.2143767212962722
2005,spco2_le_threshold,5000,3,spatial_coverage_minus_random,p99_absolute_error,-9.574705875244234,-10.760393032285116,-1.1856871570408813
2005,spco2_le_threshold,5000,3,historical_density_minus_random,rmse,12.873002350977451,13.852963741033651,0.9799613900562001
2005,spco2_le_threshold,5000,3,historical_density_minus_random,mae,5.754064277767212,6.188497213920623,0.43443293615341094
2005,spco2_le_threshold,5000,3,historical_density_minus_random,median_absolute_error,1.8695067650800468,1.886693116247386,0.01718635116733913
2005,spco2_le_threshold,5000,3,historical_density_minus_random,p95_absolute_error,28.942871884760432,32.48672997446761,3.543858089707175
2005,spco2_le_threshold,5000,3,historical_density_minus_random,p99_absolute_error,59.632929852357805,61.90790484775745,2.2749749953996456
2005,spco2_le_threshold,5000,4,spatial_coverage_minus_random,rmse,2.12780010405902,2.315395638838293,0.18759553477927282
2005,spco2_le_threshold,5000,4,spatial_coverage_minus_random,mae,0.646627721392111,0.8456058741246082,0.1989781527324972
2005,spco2_le_threshold,5000,4,spatial_coverage_minus_random,median_absolute_error,0.5100880341796028,0.6324902633933505,0.12240222921374766
2005,spco2_le_threshold,5000,4,spatial_coverage_minus_random,p95_absolute_error,1.1228484660473406,1.7459955408822907,0.6231470748349501
2005,spco2_le_threshold,5000,4,spatial_coverage_minus_random,p99_absolute_error,-2.089299014391294,-0.7492385537478086,1.3400604606434854
2005,spco2_le_threshold,5000,4,historical_density_minus_random,rmse,10.35394255717418,10.87407297172851,0.5201304145543286
2005,spco2_le_threshold,5000,4,historical_density_minus_random,mae,5.044573585619913,5.3159873665841495,0.2714137809642363
2005,spco2_le_threshold,5000,4,historical_density_minus_random,median_absolute_error,2.0187122853205324,2.1063095244471413,0.08759723912660888
2005,spco2_le_threshold,5000,4,historical_density_minus_random,p95_absolute_error,23.93783668423236,25.119298238842028,1.181461554609669
2005,spco2_le_threshold,5000,4,historical_density_minus_random,p99_absolute_error,44.45722516524184,46.04630902894516,1.5890838637033227
2005,spco2_le_threshold,5000,5,spatial_coverage_minus_random,rmse,3.620703697048832,3.397467103216673,-0.22323659383215944
2005,spco2_le_threshold,5000,5,spatial_coverage_minus_random,mae,1.2437725207320458,1.1595976256279863,-0.08417489510405951
2005,spco2_le_threshold,5000,5,spatial_coverage_minus_random,median_absolute_error,0.8570883462725476,0.8351652947808645,-0.021923051491683054
2005,spco2_le_threshold,5000,5,spatial_coverage_minus_random,p95_absolute_error,2.997276566485045,2.56445892472102,-0.43281764176402504
2005,spco2_le_threshold,5000,5,spatial_coverage_minus_random,p99_absolute_error,3.773560850995338,2.903782171538815,-0.8697786794565232
2005,spco2_le_threshold,5000,5,historical_density_minus_random,rmse,10.62370062358589,11.356245854390366,0.732545230804476
2005,spco2_le_threshold,5000,5,historical_density_minus_random,mae,5.280891088241081,5.437343399914351,0.15645231167327012
2005,spco2_le_threshold,5000,5,historical_density_minus_random,median_absolute_error,2.042765018053018,1.9150161155921808,-0.12774890246083714
2005,spco2_le_threshold,5000,5,historical_density_minus_random,p95_absolute_error,23.80109953758647,25.750301858210868,1.9492023206243978
2005,spco2_le_threshold,5000,5,historical_density_minus_random,p99_absolute_error,51.43309063011451,56.20475472486599,4.771664094751479
2005,spco2_le_threshold,5000,6,spatial_coverage_minus_random,rmse,1.2293697520205598,1.191990017126244,-0.037379734894315675
2005,spco2_le_threshold,5000,6,spatial_coverage_minus_random,mae,1.259600048302547,1.2385217223775855,-0.021078325924961394
2005,spco2_le_threshold,5000,6,spatial_coverage_minus_random,median_absolute_error,0.9765141232848008,1.033335788626033,0.05682166534123223
2005,spco2_le_threshold,5000,6,spatial_coverage_minus_random,p95_absolute_error,2.7893574049844254,2.2412242896793195,-0.5481331153051059
2005,spco2_le_threshold,5000,6,spatial_coverage_minus_random,p99_absolute_error,6.449466529679185,5.655522839066627,-0.7939436906125579
2005,spco2_le_threshold,5000,6,historical_density_minus_random,rmse,12.177443496125218,12.292481806985425,0.1150383108602071
2005,spco2_le_threshold,5000,6,historical_density_minus_random,mae,6.071176331320741,6.1182150072447286,0.04703867592398758
2005,spco2_le_threshold,5000,6,historical_density_minus_random,median_absolute_error,2.2963259591873,2.276026735417645,-0.020299223769655317
2005,spco2_le_threshold,5000,6,historical_density_minus_random,p95_absolute_error,27.97004515655353,29.57613589352245,1.6060907369689197
2005,spco2_le_threshold,5000,6,historical_density_minus_random,p99_absolute_error,57.0236484743496,55.2756279308705,-1.7480205434791003
2005,spco2_le_threshold,5000,7,spatial_coverage_minus_random,rmse,1.444689556115307,1.3456365958554493,-0.09905296025985777
2005,spco2_le_threshold,5000,7,spatial_coverage_minus_random,mae,0.7146788903450307,0.7520058277257569,0.03732693738072612
2005,spco2_le_threshold,5000,7,spatial_coverage_minus_random,median_absolute_error,0.6451533783870502,0.6911018990952869,0.04594852070823663
2005,spco2_le_threshold,5000,7,spatial_coverage_minus_random,p95_absolute_error,1.1287665145583894,1.117713422389702,-0.011053092168687328
2005,spco2_le_threshold,5000,7,spatial_coverage_minus_random,p99_absolute_error,-1.272893067272605,-1.4425235033755754,-0.16963043610297035
2005,spco2_le_threshold,5000,7,historical_density_minus_random,rmse,10.672367021919513,10.237144407635068,-0.4352226142844451
2005,spco2_le_threshold,5000,7,historical_density_minus_random,mae,5.531466714343093,5.507074890651026,-0.02439182369206705
2005,spco2_le_threshold,5000,7,historical_density_minus_random,median_absolute_error,2.1900499404653715,2.347533536139196,0.15748359567382453
2005,spco2_le_threshold,5000,7,historical_density_minus_random,p95_absolute_error,25.80732943882489,24.23342379589088,-1.5739056429340117
2005,spco2_le_threshold,5000,7,historical_density_minus_random,p99_absolute_error,47.67015366095039,44.82226788007343,-2.8478857808769575
2005,spco2_le_threshold,5000,8,spatial_coverage_minus_random,rmse,-4.327875045795164,-5.144736284573703,-0.8168612387785394
2005,spco2_le_threshold,5000,8,spatial_coverage_minus_random,mae,-0.1115991634516166,-0.0170505980077759,0.0945485654438407
2005,spco2_le_threshold,5000,8,spatial_coverage_minus_random,median_absolute_error,0.415560404562683,0.5459926729958227,0.13043226843313965
2005,spco2_le_threshold,5000,8,spatial_coverage_minus_random,p95_absolute_error,0.5790081620992673,0.9000999822161333,0.321091820116866
2005,spco2_le_threshold,5000,8,spatial_coverage_minus_random,p99_absolute_error,-3.412972365645416,-4.857562891817182,-1.4445905261717655
2005,spco2_le_threshold,5000,8,historical_density_minus_random,rmse,4.488888147270671,3.6489501196339234,-0.8399380276367481
2005,spco2_le_threshold,5000,8,historical_density_minus_random,mae,4.921731537073272,5.000721236309001,0.07898969923572885
2005,spco2_le_threshold,5000,8,historical_density_minus_random,median_absolute_error,1.831448716557816,2.0403514664697866,0.20890274991197066
2005,spco2_le_threshold,5000,8,historical_density_minus_random,p95_absolute_error,30.47943407874246,29.863338524090985,-0.6160955546514764
2005,spco2_le_threshold,5000,8,historical_density_minus_random,p99_absolute_error,55.98302986043272,52.84484944490795,-3.138180415524772
2005,spco2_le_threshold,5000,9,spatial_coverage_minus_random,rmse,0.1306546667898835,0.016861249807075,-0.1137934169828085
2005,spco2_le_threshold,5000,9,spatial_coverage_minus_random,mae,0.821080365484196,0.773103725999194,-0.04797663948500208
2005,spco2_le_threshold,5000,9,spatial_coverage_minus_random,median_absolute_error,0.8234951111023179,0.7692993910551991,-0.05419572004711881
2005,spco2_le_threshold,5000,9,spatial_coverage_minus_random,p95_absolute_error,1.865405474122312,1.8998098976428004,0.034404423520488336
2005,spco2_le_threshold,5000,9,spatial_coverage_minus_random,p99_absolute_error,-0.8016932770786198,-1.929915728726812,-1.1282224516481922
2005,spco2_le_threshold,5000,9,historical_density_minus_random,rmse,12.715522440446245,12.71920685144428,0.0036844109980354034
2005,spco2_le_threshold,5000,9,historical_density_minus_random,mae,5.92267822240346,5.840851904890702,-0.0818263175127587
2005,spco2_le_threshold,5000,9,historical_density_minus_random,median_absolute_error,2.035749453697008,2.0022856392319284,-0.03346381446507962
2005,spco2_le_threshold,5000,9,historical_density_minus_random,p95_absolute_error,29.21896805561859,28.377379865826278,-0.8415881897923114
2005,spco2_le_threshold,5000,9,historical_density_minus_random,p99_absolute_error,64.8158292428553,66.5786445704688,1.7628153276134952
2005,spco2_le_threshold,5000,10,spatial_coverage_minus_random,rmse,-0.3906472624311625,-0.2831946954977269,0.10745256693343558
2005,spco2_le_threshold,5000,10,spatial_coverage_minus_random,mae,0.7395187647344024,0.8121836184406206,0.07266485370621822
2005,spco2_le_threshold,5000,10,spatial_coverage_minus_random,median_absolute_error,0.7179380014800643,0.7916610335797998,0.07372303209973552
2005,spco2_le_threshold,5000,10,spatial_coverage_minus_random,p95_absolute_error,3.290494270266919,3.214126854673296,-0.07636741559362292
2005,spco2_le_threshold,5000,10,spatial_coverage_minus_random,p99_absolute_error,-11.6918812827858,-11.136315205965168,0.5555660768206323
2005,spco2_le_threshold,5000,10,historical_density_minus_random,rmse,11.708251738050862,11.600728396355066,-0.1075233416957957
2005,spco2_le_threshold,5000,10,historical_density_minus_random,mae,5.832526621258886,5.836991177051381,0.004464555792495162
2005,spco2_le_threshold,5000,10,historical_density_minus_random,median_absolute_error,2.044911465264221,2.0249164916801874,-0.01999497358403346
2005,spco2_le_threshold,5000,10,historical_density_minus_random,p95_absolute_error,30.096160448805502,30.16676244174805,0.07060199294254943
2005,spco2_le_threshold,5000,10,historical_density_minus_random,p99_absolute_error,55.2081915709462,56.84784243615727,1.639650865211074
2005,spco2_le_threshold,5000,11,spatial_coverage_minus_random,rmse,-2.411745478362615,-2.209229690635354,0.2025157877272612
2005,spco2_le_threshold,5000,11,spatial_coverage_minus_random,mae,-0.5054487935457601,-0.3638496547846817,0.14159913876107844
2005,spco2_le_threshold,5000,11,spatial_coverage_minus_random,median_absolute_error,0.19049311821135,0.3089153442417967,0.11842222603044666
2005,spco2_le_threshold,5000,11,spatial_coverage_minus_random,p95_absolute_error,-2.652053990769218,-1.809081033234449,0.8429729575347693
2005,spco2_le_threshold,5000,11,spatial_coverage_minus_random,p99_absolute_error,-15.29368282546777,-15.083809570511733,0.2098732549560367
2005,spco2_le_threshold,5000,11,historical_density_minus_random,rmse,4.06823134879469,4.123590038031164,0.055358689236474135
2005,spco2_le_threshold,5000,11,historical_density_minus_random,mae,3.4787726876190668,3.591181643168168,0.11240895554910102
2005,spco2_le_threshold,5000,11,historical_density_minus_random,median_absolute_error,1.2724831830621213,1.3668923925090724,0.09440920944695108
2005,spco2_le_threshold,5000,11,historical_density_minus_random,p95_absolute_error,20.556094621607727,21.760592679218767,1.2044980576110405
2005,spco2_le_threshold,5000,11,historical_density_minus_random,p99_absolute_error,31.92485675761172,31.62037116608441,-0.30448559152731036
2005,spco2_le_threshold,5000,12,spatial_coverage_minus_random,rmse,-0.1348276237417245,-0.0809423910381212,0.05388523270360329
2005,spco2_le_threshold,5000,12,spatial_coverage_minus_random,mae,0.6518999154391008,0.5865198989191107,-0.06538001651999004
2005,spco2_le_threshold,5000,12,spatial_coverage_minus_random,median_absolute_error,0.7338215114644981,0.572304107723653,-0.1615174037408451
2005,spco2_le_threshold,5000,12,spatial_coverage_minus_random,p95_absolute_error,1.6915453759119785,1.6872816954062806,-0.00426368050569792
2005,spco2_le_threshold,5000,12,spatial_coverage_minus_random,p99_absolute_error,-1.0848534518593311,-0.7271497411148289,0.35770371074450225
2005,spco2_le_threshold,5000,12,historical_density_minus_random,rmse,12.229631341610048,11.846304656191702,-0.38332668541834636
2005,spco2_le_threshold,5000,12,historical_density_minus_random,mae,5.28937500593752,5.221895420031299,-0.06747958590622183
2005,spco2_le_threshold,5000,12,historical_density_minus_random,median_absolute_error,1.7005831902420423,1.6894434660482889,-0.01113972419375342
2005,spco2_le_threshold,5000,12,historical_density_minus_random,p95_absolute_error,24.209876724902696,23.478712003102117,-0.7311647218005781
2005,spco2_le_threshold,5000,12,historical_density_minus_random,p99_absolute_error,69.18729873780558,68.01985802876884,-1.1674407090367396
2005,spco2_le_threshold,5000,13,spatial_coverage_minus_random,rmse,4.722730783689922,5.1239080808151485,0.4011772971252263
2005,spco2_le_threshold,5000,13,spatial_coverage_minus_random,mae,0.9157303447830448,1.0289782721145198,0.11324792733147493
2005,spco2_le_threshold,5000,13,spatial_coverage_minus_random,median_absolute_error,0.4481110311545535,0.5178383942296989,0.06972736307514543
2005,spco2_le_threshold,5000,13,spatial_coverage_minus_random,p95_absolute_error,1.267511918808065,1.3987026127628504,0.13119069395478533
2005,spco2_le_threshold,5000,13,spatial_coverage_minus_random,p99_absolute_error,4.06805795850314,5.130620005228401,1.0625620467252617
2005,spco2_le_threshold,5000,13,historical_density_minus_random,rmse,11.293207505970834,11.035421860013486,-0.2577856459573482
2005,spco2_le_threshold,5000,13,historical_density_minus_random,mae,5.537061821108734,5.527385597819837,-0.00967622328889739
2005,spco2_le_threshold,5000,13,historical_density_minus_random,median_absolute_error,1.8697670095384356,2.123434467260239,0.25366745772180344
2005,spco2_le_threshold,5000,13,historical_density_minus_random,p95_absolute_error,29.569952719219465,27.24524471404262,-2.324708005176845
2005,spco2_le_threshold,5000,13,historical_density_minus_random,p99_absolute_error,50.9385333608215,50.27236371448669,-0.666169646334815
2005,spco2_le_threshold,5000,14,spatial_coverage_minus_random,rmse,1.924053166027747,1.8311308250224947,-0.09292234100525221
2005,spco2_le_threshold,5000,14,spatial_coverage_minus_random,mae,1.137353535592581,1.1219453502029904,-0.015408185389590656
2005,spco2_le_threshold,5000,14,spatial_coverage_minus_random,median_absolute_error,0.7646626564092855,0.7395938257413945,-0.025068830667891007
2005,spco2_le_threshold,5000,14,spatial_coverage_minus_random,p95_absolute_error,2.84341026519024,2.5934256400798965,-0.24998462511034347
2005,spco2_le_threshold,5000,14,spatial_coverage_minus_random,p99_absolute_error,5.266463020967663,5.196525410992187,-0.06993760997547582
2005,spco2_le_threshold,5000,14,historical_density_minus_random,rmse,11.777781294489673,11.456993237697024,-0.3207880567926491
2005,spco2_le_threshold,5000,14,historical_density_minus_random,mae,6.022910308099581,5.942080742404636,-0.0808295656949447
2005,spco2_le_threshold,5000,14,historical_density_minus_random,median_absolute_error,2.2372125637529905,2.2517116177931484,0.014499054040157944
2005,spco2_le_threshold,5000,14,historical_density_minus_random,p95_absolute_error,30.336810175669637,28.959412195414505,-1.3773979802551324
2005,spco2_le_threshold,5000,14,historical_density_minus_random,p99_absolute_error,58.150919993673,58.144738963262114,-0.006181030410886024
2005,spco2_le_threshold,5000,15,spatial_coverage_minus_random,rmse,-4.537345230582254,-4.167849181572539,0.3694960490097152
2005,spco2_le_threshold,5000,15,spatial_coverage_minus_random,mae,-0.5273212895716597,-0.4187849597561222,0.10853632981553751
2005,spco2_le_threshold,5000,15,spatial_coverage_minus_random,median_absolute_error,0.3446123721673757,0.2908852054777355,-0.05372716668964023
2005,spco2_le_threshold,5000,15,spatial_coverage_minus_random,p95_absolute_error,-1.7150062779914066,-0.6128851219069986,1.102121156084408
2005,spco2_le_threshold,5000,15,spatial_coverage_minus_random,p99_absolute_error,-16.65520492662244,-16.608861613971968,0.04634331265047109
2005,spco2_le_threshold,5000,15,historical_density_minus_random,rmse,8.286321850277648,8.894835561993784,0.6085137117161352
2005,spco2_le_threshold,5000,15,historical_density_minus_random,mae,4.741269645065868,5.038559775335711,0.2972901302698432
2005,spco2_le_threshold,5000,15,historical_density_minus_random,median_absolute_error,1.537067670675981,1.5436178707691963,0.006550200093215386
2005,spco2_le_threshold,5000,15,historical_density_minus_random,p95_absolute_error,26.83846180841465,28.560682362411715,1.7222205539970652
2005,spco2_le_threshold,5000,15,historical_density_minus_random,p99_absolute_error,45.65945215244324,46.91470082437563,1.2552486719323923
2005,spco2_le_threshold,5000,16,spatial_coverage_minus_random,rmse,-8.22301612827281,-8.336150029433568,-0.11313390116075794
2005,spco2_le_threshold,5000,16,spatial_coverage_minus_random,mae,-0.5793640742998463,-0.6016274456446791,-0.022263371344832805
2005,spco2_le_threshold,5000,16,spatial_coverage_minus_random,median_absolute_error,0.5033562336129194,0.5293335708850293,0.025977337272109935
2005,spco2_le_threshold,5000,16,spatial_coverage_minus_random,p95_absolute_error,-0.3027886866747309,-0.3461100476530845,-0.043321360978353596
2005,spco2_le_threshold,5000,16,spatial_coverage_minus_random,p99_absolute_error,-18.48442744673965,-19.899768191827512,-1.4153407450878603
2005,spco2_le_threshold,5000,16,historical_density_minus_random,rmse,3.6235278528418102,2.8439657673800696,-0.7795620854617407
2005,spco2_le_threshold,5000,16,historical_density_minus_random,mae,4.259437429220368,3.989836133485724,-0.26960129573464364
2005,spco2_le_threshold,5000,16,historical_density_minus_random,median_absolute_error,1.344182959813736,1.3984914775906248,0.05430851777688872
2005,spco2_le_threshold,5000,16,historical_density_minus_random,p95_absolute_error,28.987900757492877,25.951566850411275,-3.036333907081602
2005,spco2_le_threshold,5000,16,historical_density_minus_random,p99_absolute_error,41.01368250942684,36.31288617708195,-4.700796332344893
2005,spco2_le_threshold,5000,17,spatial_coverage_minus_random,rmse,-0.9586045644103685,-0.8786649703055751,0.07993959410479334
2005,spco2_le_threshold,5000,17,spatial_coverage_minus_random,mae,0.4312810054371869,0.4334693731309329,0.0021883676937460295
2005,spco2_le_threshold,5000,17,spatial_coverage_minus_random,median_absolute_error,0.7035007204750343,0.7080034602023204,0.004502739727286098
2005,spco2_le_threshold,5000,17,spatial_coverage_minus_random,p95_absolute_error,0.4990411574631075,0.7448246449416125,0.24578348747850498
2005,spco2_le_threshold,5000,17,spatial_coverage_minus_random,p99_absolute_error,-5.897368391950863,-6.244051810708591,-0.3466834187577277
2005,spco2_le_threshold,5000,17,historical_density_minus_random,rmse,10.922045671103842,11.197201052092858,0.27515538098901615
2005,spco2_le_threshold,5000,17,historical_density_minus_random,mae,5.439768937073348,5.368614010246903,-0.07115492682644486
2005,spco2_le_threshold,5000,17,historical_density_minus_random,median_absolute_error,1.9395822166083576,1.680801653689599,-0.2587805629187585
2005,spco2_le_threshold,5000,17,historical_density_minus_random,p95_absolute_error,25.745789696770046,27.11328950979414,1.367499813024093
2005,spco2_le_threshold,5000,17,historical_density_minus_random,p99_absolute_error,52.29177957168881,55.284753652639125,2.9929740809503187
2005,spco2_le_threshold,5000,18,spatial_coverage_minus_random,rmse,0.3740144371604934,0.5673633996437601,0.19334896248326677
2005,spco2_le_threshold,5000,18,spatial_coverage_minus_random,mae,0.8758321955354162,0.8569499691536997,-0.01888222638171655
2005,spco2_le_threshold,5000,18,spatial_coverage_minus_random,median_absolute_error,0.9862484672475488,0.876578290870242,-0.1096701763773068
2005,spco2_le_threshold,5000,18,spatial_coverage_minus_random,p95_absolute_error,2.1187400108294234,2.37975550497136,0.2610154941419367
2005,spco2_le_threshold,5000,18,spatial_coverage_minus_random,p99_absolute_error,-7.236046755032298,-6.025978456607483,1.2100682984248152
2005,spco2_le_threshold,5000,18,historical_density_minus_random,rmse,10.410120053601684,10.84854420292864,0.4384241493269556
2005,spco2_le_threshold,5000,18,historical_density_minus_random,mae,5.120303613784303,5.153694179301455,0.03339056551715203
2005,spco2_le_threshold,5000,18,historical_density_minus_random,median_absolute_error,2.068087668314064,1.981421009533108,-0.08666665878095592
2005,spco2_le_threshold,5000,18,historical_density_minus_random,p95_absolute_error,21.739935283866306,22.38883847454257,0.6489031906762648
2005,spco2_le_threshold,5000,18,historical_density_minus_random,p99_absolute_error,51.15296882301063,54.7178281717184,3.5648593487077704
2005,spco2_le_threshold,5000,19,spatial_coverage_minus_random,rmse,0.973758194001725,0.9449915339343667,-0.028766660067358285
2005,spco2_le_threshold,5000,19,spatial_coverage_minus_random,mae,0.7320218541057226,0.6676661483752628,-0.06435570573045979
2005,spco2_le_threshold,5000,19,spatial_coverage_minus_random,median_absolute_error,0.722681582639467,0.643713917240575,-0.078967665398892
2005,spco2_le_threshold,5000,19,spatial_coverage_minus_random,p95_absolute_error,1.285831615630105,1.127623629682791,-0.158207985947314
2005,spco2_le_threshold,5000,19,spatial_coverage_minus_random,p99_absolute_error,-5.61345342992238,-3.80533159649611,1.80812183342627
2005,spco2_le_threshold,5000,19,historical_density_minus_random,rmse,12.502135902217177,12.544421814229931,0.04228591201275478
2005,spco2_le_threshold,5000,19,historical_density_minus_random,mae,5.799018896791994,5.879286221287348,0.08026732449535423
2005,spco2_le_threshold,5000,19,historical_density_minus_random,median_absolute_error,1.990721423203098,1.9826145848205383,-0.008106838382559767
2005,spco2_le_threshold,5000,19,historical_density_minus_random,p95_absolute_error,26.834569654118976,29.186421525305867,2.3518518711868914
2005,spco2_le_threshold,5000,19,historical_density_minus_random,p99_absolute_error,59.3894773667648,59.69474805273848,0.30527068597368157
2010,all,500,0,spatial_coverage_minus_random,rmse,0.0461860575210053,0.0604571966847302,0.014271139163724904
2010,all,500,0,spatial_coverage_minus_random,mae,0.0412106309099939,-0.0089868989781436,-0.0501975298881375
2010,all,500,0,spatial_coverage_minus_random,median_absolute_error,0.2776399920850565,0.2101928352645359,-0.06744715682052063
2010,all,500,0,spatial_coverage_minus_random,p95_absolute_error,-0.8634263282047243,-1.033148102268008,-0.1697217740632837
2010,all,500,0,spatial_coverage_minus_random,p99_absolute_error,-0.3928566508756432,-0.7383754359970851,-0.3455187851214419
2010,all,500,0,historical_density_minus_random,rmse,7.543088571244795,7.819924603867626,0.27683603262283096
2010,all,500,0,historical_density_minus_random,mae,5.191228002611009,5.288101133667421,0.09687313105641238
2010,all,500,0,historical_density_minus_random,median_absolute_error,3.5455559576122653,3.580670934131234,0.03511497651896889
2010,all,500,0,historical_density_minus_random,p95_absolute_error,16.78609120711794,16.882592079239203,0.09650087212126124
2010,all,500,0,historical_density_minus_random,p99_absolute_error,22.08221119533009,21.80947188240374,-0.27273931292634757
2010,all,500,1,spatial_coverage_minus_random,rmse,2.569890505637929,2.382134609840733,-0.18775589579719565
2010,all,500,1,spatial_coverage_minus_random,mae,2.63294383187673,2.4306093961129704,-0.20233443576375976
2010,all,500,1,spatial_coverage_minus_random,median_absolute_error,2.086977774505812,1.9536408383991104,-0.1333369361067016
2010,all,500,1,spatial_coverage_minus_random,p95_absolute_error,7.743179590649838,6.853892918079971,-0.8892866725698667
2010,all,500,1,spatial_coverage_minus_random,p99_absolute_error,11.832264509950749,10.790041922121231,-1.0422225878295173
2010,all,500,1,historical_density_minus_random,rmse,7.60932546429283,7.086623931444812,-0.5227015328480178
2010,all,500,1,historical_density_minus_random,mae,5.539531687513332,5.195756215889219,-0.34377547162411304
2010,all,500,1,historical_density_minus_random,median_absolute_error,3.854986372447513,3.686962743370572,-0.16802362907694102
2010,all,500,1,historical_density_minus_random,p95_absolute_error,15.382857881284266,13.95269763555335,-1.4301602457309173
2010,all,500,1,historical_density_minus_random,p99_absolute_error,29.69626930122466,26.791569709096777,-2.9046995921278835
2010,all,500,2,spatial_coverage_minus_random,rmse,1.1482345227775923,0.9105841250808524,-0.2376503976967399
2010,all,500,2,spatial_coverage_minus_random,mae,1.2550337984387916,1.0994984488377213,-0.1555353496010703
2010,all,500,2,spatial_coverage_minus_random,median_absolute_error,1.20757886858118,1.2180738839600167,0.010495015378836792
2010,all,500,2,spatial_coverage_minus_random,p95_absolute_error,4.435661267581153,3.0465777127898974,-1.389083554791256
2010,all,500,2,spatial_coverage_minus_random,p99_absolute_error,4.93205371235517,4.394425262994531,-0.5376284493606391
2010,all,500,2,historical_density_minus_random,rmse,8.635723864839186,7.830571102446548,-0.8051527623926376
2010,all,500,2,historical_density_minus_random,mae,5.127359053713089,4.679911974106943,-0.44744707960614605
2010,all,500,2,historical_density_minus_random,median_absolute_error,2.3796946181503813,2.2874733762018025,-0.09222124194857884
2010,all,500,2,historical_density_minus_random,p95_absolute_error,27.555381717690963,23.998819684926467,-3.5565620327644965
2010,all,500,2,historical_density_minus_random,p99_absolute_error,42.50935789924748,41.61099540178435,-0.8983624974631326
2010,all,500,3,spatial_coverage_minus_random,rmse,-3.752861552185955,-3.694801386855673,0.05806016533028213
2010,all,500,3,spatial_coverage_minus_random,mae,-0.4957676461208926,-0.5653596842993807,-0.06959203817848808
2010,all,500,3,spatial_coverage_minus_random,median_absolute_error,1.1769135482468016,1.0049900159645233,-0.1719235322822783
2010,all,500,3,spatial_coverage_minus_random,p95_absolute_error,-4.778538220276943,-4.7599999783362605,0.0185382419406821
2010,all,500,3,spatial_coverage_minus_random,p99_absolute_error,-53.116032995913,-51.29141165972906,1.8246213361839452
2010,all,500,3,historical_density_minus_random,rmse,5.808222582432329,5.589348086231638,-0.21887449620069077
2010,all,500,3,historical_density_minus_random,mae,4.857591227519549,4.419563796769072,-0.438027430750477
2010,all,500,3,historical_density_minus_random,median_absolute_error,3.8009528215943647,3.3463030908653764,-0.4546497307289883
2010,all,500,3,historical_density_minus_random,p95_absolute_error,19.536715055332408,18.208369828869927,-1.3283452264624813
2010,all,500,3,historical_density_minus_random,p99_absolute_error,-3.516558877438598,-0.6206873772156314,2.8958715002229667
2010,all,500,4,spatial_coverage_minus_random,rmse,0.4822875391440675,0.3464326594598077,-0.1358548796842598
2010,all,500,4,spatial_coverage_minus_random,mae,1.19680120726332,1.068562235388839,-0.12823897187448097
2010,all,500,4,spatial_coverage_minus_random,median_absolute_error,1.3346850004699888,1.3449809934007249,0.01029599293073602
2010,all,500,4,spatial_coverage_minus_random,p95_absolute_error,0.1475229645013698,-0.425480386513307,-0.5730033510146768
2010,all,500,4,spatial_coverage_minus_random,p99_absolute_error,-2.473181630837061,-1.5487436564385746,0.9244379743984865
2010,all,500,4,historical_density_minus_random,rmse,8.755436277662838,8.633377257180882,-0.12205902048195583
2010,all,500,4,historical_density_minus_random,mae,5.479573469018195,5.433138490114743,-0.04643497890345216
2010,all,500,4,historical_density_minus_random,median_absolute_error,2.69712933318192,2.915643062292304,0.2185137291103838
2010,all,500,4,historical_density_minus_random,p95_absolute_error,29.12351370285009,27.38396043591848,-1.7395532669316118
2010,all,500,4,historical_density_minus_random,p99_absolute_error,33.56407973547832,33.36032083929217,-0.20375889618615162
2010,all,500,5,spatial_coverage_minus_random,rmse,-0.450182979090215,-0.5933272984574742,-0.14314431936725924
2010,all,500,5,spatial_coverage_minus_random,mae,0.1413713317717011,0.0955601790286984,-0.04581115274300271
2010,all,500,5,spatial_coverage_minus_random,median_absolute_error,0.3213094785449186,0.2966932916030771,-0.024616186941841478
2010,all,500,5,spatial_coverage_minus_random,p95_absolute_error,1.5718393551938237,1.3919576803731033,-0.17988167482072037
2010,all,500,5,spatial_coverage_minus_random,p99_absolute_error,0.2300467579696743,-1.2408454535050168,-1.4708922114746912
2010,all,500,5,historical_density_minus_random,rmse,6.678607645557278,6.557062650714691,-0.12154499484258707
2010,all,500,5,historical_density_minus_random,mae,3.574175665170479,3.4610821927107125,-0.11309347245976653
2010,all,500,5,historical_density_minus_random,median_absolute_error,1.7082599052795615,1.6557710795827063,-0.0524888256968552
2010,all,500,5,historical_density_minus_random,p95_absolute_error,16.210065786434825,16.36579167606152,0.15572588962669442
2010,all,500,5,historical_density_minus_random,p99_absolute_error,24.64674673405588,23.48824720521404,-1.1584995288418405
2010,all,500,6,spatial_coverage_minus_random,rmse,-0.2360304571893721,-0.1455692999905835,0.09046115719878861
2010,all,500,6,spatial_coverage_minus_random,mae,0.869581668509035,0.9207973589024904,0.051215690393455415
2010,all,500,6,spatial_coverage_minus_random,median_absolute_error,0.735296664352461,0.6779485694374046,-0.057348094915056436
2010,all,500,6,spatial_coverage_minus_random,p95_absolute_error,3.9849553053600175,4.451932682902772,0.46697737754275437
2010,all,500,6,spatial_coverage_minus_random,p99_absolute_error,-6.36052610075339,-5.583731162997253,0.7767949377561365
2010,all,500,6,historical_density_minus_random,rmse,5.4613189423105695,5.251084779728672,-0.2102341625818971
2010,all,500,6,historical_density_minus_random,mae,3.873586673319906,4.019763911789134,0.14617723846922814
2010,all,500,6,historical_density_minus_random,median_absolute_error,2.6839430694840303,2.930105441091968,0.24616237160793775
2010,all,500,6,historical_density_minus_random,p95_absolute_error,10.776796152984154,10.872544455010512,0.09574830202635809
2010,all,500,6,historical_density_minus_random,p99_absolute_error,13.489801794403007,11.66314150141872,-1.826660292984288
2010,all,500,7,spatial_coverage_minus_random,rmse,0.1589074448560978,0.238687433348673,0.0797799884925752
2010,all,500,7,spatial_coverage_minus_random,mae,0.5815078221268344,0.6554081991867768,0.07390037705994246
2010,all,500,7,spatial_coverage_minus_random,median_absolute_error,0.5550085518623575,0.5713732879812312,0.01636473611887368
2010,all,500,7,spatial_coverage_minus_random,p95_absolute_error,2.84850833948768,3.179221670182692,0.3307133306950121
2010,all,500,7,spatial_coverage_minus_random,p99_absolute_error,-1.4469197867069283,-0.283135262959874,1.1637845237470543
2010,all,500,7,historical_density_minus_random,rmse,8.714395241651708,9.228467752885344,0.5140725112336355
2010,all,500,7,historical_density_minus_random,mae,5.7868172067407215,6.043518471983152,0.2567012652424303
2010,all,500,7,historical_density_minus_random,median_absolute_error,3.1916560187443963,3.253590278647266,0.061934259902869826
2010,all,500,7,historical_density_minus_random,p95_absolute_error,23.4526596258564,25.25032308138797,1.7976634555315734
2010,all,500,7,historical_density_minus_random,p99_absolute_error,41.0967296124476,45.71664932564251,4.619919713194911
2010,all,500,8,spatial_coverage_minus_random,rmse,19.216049610425536,18.788465338947358,-0.4275842714781781
2010,all,500,8,spatial_coverage_minus_random,mae,8.530139923472685,8.228362666240944,-0.3017772572317412
2010,all,500,8,spatial_coverage_minus_random,median_absolute_error,2.9718846593237918,2.976002623268414,0.0041179639446222716
2010,all,500,8,spatial_coverage_minus_random,p95_absolute_error,34.5517389325674,33.90944326721769,-0.6422956653497138
2010,all,500,8,spatial_coverage_minus_random,p99_absolute_error,96.45353070773992,93.76547200094642,-2.6880587067934982
2010,all,500,8,historical_density_minus_random,rmse,4.765464233415898,4.5683873867754485,-0.19707684664044933
2010,all,500,8,historical_density_minus_random,mae,3.1380669060526216,3.025946262233706,-0.11212064381891551
2010,all,500,8,historical_density_minus_random,median_absolute_error,2.2353572951328147,2.336632350038116,0.10127505490530142
2010,all,500,8,historical_density_minus_random,p95_absolute_error,8.686686518161018,7.899763734854282,-0.7869227833067356
2010,all,500,8,historical_density_minus_random,p99_absolute_error,7.606935925197689,5.356897453880364,-2.2500384713173247
2010,all,500,9,spatial_coverage_minus_random,rmse,-0.3946020348798029,-0.4087943010279744,-0.01419226614817154
2010,all,500,9,spatial_coverage_minus_random,mae,0.2444805054484717,0.2587642776456533,0.014283772197181605
2010,all,500,9,spatial_coverage_minus_random,median_absolute_error,0.2273550181197663,0.1437448798912441,-0.0836101382285222
2010,all,500,9,spatial_coverage_minus_random,p95_absolute_error,2.174577707989684,2.172034495591376,-0.0025432123983080146
2010,all,500,9,spatial_coverage_minus_random,p99_absolute_error,-2.841765962088715,-3.196657936580408,-0.35489197449169296
2010,all,500,9,historical_density_minus_random,rmse,6.5791265120423645,6.386019531357356,-0.19310698068500898
2010,all,500,9,historical_density_minus_random,mae,4.889794502354011,4.668006778645065,-0.22178772370894606
2010,all,500,9,historical_density_minus_random,median_absolute_error,3.3386616920285235,3.075974591059208,-0.2626871009693157
2010,all,500,9,historical_density_minus_random,p95_absolute_error,14.282688081950482,12.963850725538904,-1.3188373564115778
2010,all,500,9,historical_density_minus_random,p99_absolute_error,35.229189282468184,36.29665490360587,1.0674656211376856
2010,all,500,10,spatial_coverage_minus_random,rmse,-2.5360980174977144,-2.4114281198854783,0.12466989761223601
2010,all,500,10,spatial_coverage_minus_random,mae,-0.3291731945538245,-0.1262748916829252,0.2028983028708993
2010,all,500,10,spatial_coverage_minus_random,median_absolute_error,1.356287593282417,1.4662790174415363,0.10999142415911933
2010,all,500,10,spatial_coverage_minus_random,p95_absolute_error,-9.630599122000303,-9.190574554111848,0.44002456788845556
2010,all,500,10,spatial_coverage_minus_random,p99_absolute_error,-40.25139072715445,-40.8982621173607,-0.6468713902062504
2010,all,500,10,historical_density_minus_random,rmse,0.7942962287511577,0.2900389305881532,-0.5042572981630045
2010,all,500,10,historical_density_minus_random,mae,1.589209578417627,1.113994205146934,-0.47521537327069296
2010,all,500,10,historical_density_minus_random,median_absolute_error,2.5152963216048647,2.1943237760944214,-0.3209725455104433
2010,all,500,10,historical_density_minus_random,p95_absolute_error,-0.6238403433299169,-2.796752318578342,-2.172911975248425
2010,all,500,10,historical_density_minus_random,p99_absolute_error,-33.98267832173306,-36.76286366594523,-2.780185344212171
2010,all,500,11,spatial_coverage_minus_random,rmse,-1.643414383627494,-1.664976994736108,-0.021562611108614016
2010,all,500,11,spatial_coverage_minus_random,mae,-0.7981736722782848,-0.8134125343126044,-0.015238862034319567
2010,all,500,11,spatial_coverage_minus_random,median_absolute_error,-0.2564156580336885,-0.2612917989465018,-0.004876140912813298
2010,all,500,11,spatial_coverage_minus_random,p95_absolute_error,-2.453667005130036,-2.320540947613964,0.1331260575160722
2010,all,500,11,spatial_coverage_minus_random,p99_absolute_error,-12.056952298664797,-10.936348934450509,1.120603364214288
2010,all,500,11,historical_density_minus_random,rmse,6.903803989134488,7.299654740561081,0.3958507514265932
2010,all,500,11,historical_density_minus_random,mae,4.007541647477474,4.097301994337695,0.08976034686022061
2010,all,500,11,historical_density_minus_random,median_absolute_error,1.6153735957975357,1.3794543917572355,-0.2359192040403002
2010,all,500,11,historical_density_minus_random,p95_absolute_error,24.06942837258545,25.70497489569688,1.6355465231114295
2010,all,500,11,historical_density_minus_random,p99_absolute_error,30.44927464420259,35.00252071979335,4.5532460755907636
2010,all,500,12,spatial_coverage_minus_random,rmse,-1.015332326153178,-1.1055022374959975,-0.0901699113428196
2010,all,500,12,spatial_coverage_minus_random,mae,0.9711693469689422,0.8894106386380329,-0.08175870833090926
2010,all,500,12,spatial_coverage_minus_random,median_absolute_error,1.5520674001643897,1.5835133317240206,0.031445931559630935
2010,all,500,12,spatial_coverage_minus_random,p95_absolute_error,1.664223343571294,0.795473297711041,-0.8687500458602531
2010,all,500,12,spatial_coverage_minus_random,p99_absolute_error,-3.1259556183860155,-5.068602047001477,-1.9426464286154612
2010,all,500,12,historical_density_minus_random,rmse,5.701833072856132,5.835583711483196,0.13375063862706327
2010,all,500,12,historical_density_minus_random,mae,4.4564919641049485,4.450553604179909,-0.005938359925039549
2010,all,500,12,historical_density_minus_random,median_absolute_error,3.4587927986803777,3.586890725249986,0.1280979265696085
2010,all,500,12,historical_density_minus_random,p95_absolute_error,13.01737461960277,12.780570017720263,-0.23680460188250585
2010,all,500,12,historical_density_minus_random,p99_absolute_error,13.728896172013023,12.094301594386735,-1.634594577626288
2010,all,500,13,spatial_coverage_minus_random,rmse,2.285961976484081,2.2978196532432165,0.011857676759135405
2010,all,500,13,spatial_coverage_minus_random,mae,1.950335080982697,1.9862297702845095,0.03589468930181261
2010,all,500,13,spatial_coverage_minus_random,median_absolute_error,1.337727606989347,1.3962074656333243,0.05847985864397742
2010,all,500,13,spatial_coverage_minus_random,p95_absolute_error,4.864895733972013,4.95152769306447,0.08663195909245758
2010,all,500,13,spatial_coverage_minus_random,p99_absolute_error,24.895666309283285,22.83435271110575,-2.0613135981775343
2010,all,500,13,historical_density_minus_random,rmse,7.826362596641211,7.820917650282496,-0.005444946358714731
2010,all,500,13,historical_density_minus_random,mae,5.287878981617041,5.2544185405975625,-0.03346044101947854
2010,all,500,13,historical_density_minus_random,median_absolute_error,3.033826544232113,2.89242464560806,-0.14140189862405306
2010,all,500,13,historical_density_minus_random,p95_absolute_error,23.651930749202748,22.91780021628077,-0.7341305329219772
2010,all,500,13,historical_density_minus_random,p99_absolute_error,31.321882134450988,31.878516009011648,0.55663387456066
2010,all,500,14,spatial_coverage_minus_random,rmse,0.5009402205695253,0.6740652176430473,0.17312499707352202
2010,all,500,14,spatial_coverage_minus_random,mae,0.8547940848655067,0.879439010630513,0.02464492576500632
2010,all,500,14,spatial_coverage_minus_random,median_absolute_error,0.6422862813485324,0.5575833988490047,-0.08470288249952773
2010,all,500,14,spatial_coverage_minus_random,p95_absolute_error,2.2862260861214097,2.713032756381864,0.42680667026045427
2010,all,500,14,spatial_coverage_minus_random,p99_absolute_error,4.489630236209322,6.17464494520128,1.6850147089919574
2010,all,500,14,historical_density_minus_random,rmse,6.812377078275503,7.311769284121453,0.49939220584595034
2010,all,500,14,historical_density_minus_random,mae,5.0006255019916,5.2344744372325,0.2338489352408999
2010,all,500,14,historical_density_minus_random,median_absolute_error,3.502456433693027,3.510839901206026,0.008383467512999232
2010,all,500,14,historical_density_minus_random,p95_absolute_error,16.7188706343225,18.603483142429248,1.8846125081067484
2010,all,500,14,historical_density_minus_random,p99_absolute_error,24.57779078266641,28.594621300363244,4.016830517696835
2010,all,500,15,spatial_coverage_minus_random,rmse,-4.815897079146012,-4.813279269452721,0.002617809693290951
2010,all,500,15,spatial_coverage_minus_random,mae,-1.7474339136026489,-1.8197842419047028,-0.0723503283020539
2010,all,500,15,spatial_coverage_minus_random,median_absolute_error,0.4105573045219159,0.3402773033813844,-0.07028000114053151
2010,all,500,15,spatial_coverage_minus_random,p95_absolute_error,-9.641050838877852,-9.423872159602134,0.21717867927571888
2010,all,500,15,spatial_coverage_minus_random,p99_absolute_error,-45.37096367170956,-45.219182184643344,0.15178148706621641
2010,all,500,15,historical_density_minus_random,rmse,7.34031114272652,7.41396410753989,0.07365296481336969
2010,all,500,15,historical_density_minus_random,mae,4.463520181176438,4.616025280946154,0.1525050997697157
2010,all,500,15,historical_density_minus_random,median_absolute_error,2.515832067386839,2.8327509452384163,0.31691887785157746
2010,all,500,15,historical_density_minus_random,p95_absolute_error,21.127956715012687,21.36693225131372,0.23897553630103374
2010,all,500,15,historical_density_minus_random,p99_absolute_error,19.70993639528814,21.96864696901946,2.258710573731321
2010,all,500,16,spatial_coverage_minus_random,rmse,1.2131063681331824,1.1403484475136807,-0.0727579206195017
2010,all,500,16,spatial_coverage_minus_random,mae,1.9759226956134164,1.83541000265528,-0.1405126929581364
2010,all,500,16,spatial_coverage_minus_random,median_absolute_error,1.7793525351885648,1.5347594601117578,-0.24459307507680705
2010,all,500,16,spatial_coverage_minus_random,p95_absolute_error,5.479368194788705,5.113941135800417,-0.3654270589882884
2010,all,500,16,spatial_coverage_minus_random,p99_absolute_error,10.711357165924568,10.322488323643086,-0.38886884228148233
2010,all,500,16,historical_density_minus_random,rmse,5.970996670236659,5.576863645412267,-0.3941330248243915
2010,all,500,16,historical_density_minus_random,mae,4.197231830191299,3.7682798749565336,-0.4289519552347656
2010,all,500,16,historical_density_minus_random,median_absolute_error,2.6866995865784986,2.3055726445739424,-0.3811269420045562
2010,all,500,16,historical_density_minus_random,p95_absolute_error,13.63451356221865,12.523393438117104,-1.1111201241015465
2010,all,500,16,historical_density_minus_random,p99_absolute_error,10.630551689109057,8.587479882609017,-2.0430718065000395
2010,all,500,17,spatial_coverage_minus_random,rmse,-0.1812050571269026,-0.2074746290945626,-0.02626957196766
2010,all,500,17,spatial_coverage_minus_random,mae,0.5165441612597554,0.4867444794161848,-0.029799681843570625
2010,all,500,17,spatial_coverage_minus_random,median_absolute_error,0.3539427265213248,0.3892892435522981,0.0353465170309733
2010,all,500,17,spatial_coverage_minus_random,p95_absolute_error,2.4357234397727225,2.5771237030784206,0.1414002633056981
2010,all,500,17,spatial_coverage_minus_random,p99_absolute_error,-4.989564091478073,-5.59258515853638,-0.6030210670583074
2010,all,500,17,historical_density_minus_random,rmse,8.051841743920477,7.147117777434303,-0.9047239664861735
2010,all,500,17,historical_density_minus_random,mae,4.549335192971384,4.014586449429544,-0.5347487435418401
2010,all,500,17,historical_density_minus_random,median_absolute_error,2.318462994457775,2.2658329315996752,-0.05263006285809979
2010,all,500,17,historical_density_minus_random,p95_absolute_error,19.816225053805383,15.38890631816723,-4.427318735638153
2010,all,500,17,historical_density_minus_random,p99_absolute_error,25.18457477077115,21.30792431784248,-3.8766504529286685
2010,all,500,18,spatial_coverage_minus_random,rmse,-0.4850381024666461,-0.3277279527131043,0.1573101497535418
2010,all,500,18,spatial_coverage_minus_random,mae,-0.3569359117865183,-0.2001020134524509,0.15683389833406738
2010,all,500,18,spatial_coverage_minus_random,median_absolute_error,-0.0736409528288959,0.1089654492225804,0.18260640205147632
2010,all,500,18,spatial_coverage_minus_random,p95_absolute_error,-1.335426927287159,-0.8137744589867921,0.5216524683003669
2010,all,500,18,spatial_coverage_minus_random,p99_absolute_error,-3.3516453390749064,-2.647663804505143,0.7039815345697633
2010,all,500,18,historical_density_minus_random,rmse,5.196523757069912,5.343058854348584,0.1465350972786723
2010,all,500,18,historical_density_minus_random,mae,4.322513399864427,4.360436034315868,0.03792263445144162
2010,all,500,18,historical_density_minus_random,median_absolute_error,4.015537064260826,3.8099254198784536,-0.20561164438237256
2010,all,500,18,historical_density_minus_random,p95_absolute_error,6.660892225423588,6.806277041433511,0.1453848160099236
2010,all,500,18,historical_density_minus_random,p99_absolute_error,6.782141089303082,7.374053653915851,0.5919125646127696
2010,all,500,19,spatial_coverage_minus_random,rmse,4.273863477187753,4.238451824742327,-0.035411652445425545
2010,all,500,19,spatial_coverage_minus_random,mae,2.434107655488436,2.52603315948906,0.09192550400062416
2010,all,500,19,spatial_coverage_minus_random,median_absolute_error,1.1817007593799076,1.347584779927729,0.16588402054782136
2010,all,500,19,spatial_coverage_minus_random,p95_absolute_error,6.44763656403515,6.429684545179285,-0.017952018855865504
2010,all,500,19,spatial_coverage_minus_random,p99_absolute_error,41.04720497481391,40.88723203731581,-0.1599729374980967
2010,all,500,19,historical_density_minus_random,rmse,13.341047807774023,13.02263296679157,-0.3184148409824541
2010,all,500,19,historical_density_minus_random,mae,6.3546751719903725,6.139407866517644,-0.21526730547272876
2010,all,500,19,historical_density_minus_random,median_absolute_error,1.926066234191836,1.7253987336139005,-0.20066750057793548
2010,all,500,19,historical_density_minus_random,p95_absolute_error,43.68132570068214,41.360451225298405,-2.3208744753837323
2010,all,500,19,historical_density_minus_random,p99_absolute_error,75.6911919993098,75.99030087079899,0.29910887148919585
2010,all,1000,0,spatial_coverage_minus_random,rmse,0.5269283333894208,0.4441486667126639,-0.0827796666767569
2010,all,1000,0,spatial_coverage_minus_random,mae,1.1044106278450236,1.018253977303333,-0.08615665054169064
2010,all,1000,0,spatial_coverage_minus_random,median_absolute_error,0.8248770857269676,0.7341554974448457,-0.09072158828212196
2010,all,1000,0,spatial_coverage_minus_random,p95_absolute_error,3.559355141307144,3.191413375739294,-0.36794176556784963
2010,all,1000,0,spatial_coverage_minus_random,p99_absolute_error,2.362170291297246,2.3214892745522206,-0.040681016745025556
2010,all,1000,0,historical_density_minus_random,rmse,10.356514236773926,9.66995399231665,-0.6865602444572758
2010,all,1000,0,historical_density_minus_random,mae,6.56896256374627,6.139273795351153,-0.42968876839511694
2010,all,1000,0,historical_density_minus_random,median_absolute_error,3.366887036843224,3.179120805372804,-0.18776623147042004
2010,all,1000,0,historical_density_minus_random,p95_absolute_error,29.287126838406635,27.02966350340024,-2.2574633350063955
2010,all,1000,0,historical_density_minus_random,p99_absolute_error,37.55883795356664,33.97224854161878,-3.5865894119478554
2010,all,1000,1,spatial_coverage_minus_random,rmse,1.491876981110181,1.5123346689463055,0.02045768783612445
2010,all,1000,1,spatial_coverage_minus_random,mae,1.8117031006332132,1.8698457979128824,0.05814269727966925
2010,all,1000,1,spatial_coverage_minus_random,median_absolute_error,1.1639284858872827,1.21335313418885,0.04942464830156723
2010,all,1000,1,spatial_coverage_minus_random,p95_absolute_error,6.323672237727266,6.522563193542709,0.19889095581544325
2010,all,1000,1,spatial_coverage_minus_random,p99_absolute_error,7.164198978747052,7.408554405167408,0.24435542642035557
2010,all,1000,1,historical_density_minus_random,rmse,7.085385663005674,7.280562189951052,0.19517652694537801
2010,all,1000,1,historical_density_minus_random,mae,5.387068203891728,5.419919509453182,0.032851305561454325
2010,all,1000,1,historical_density_minus_random,median_absolute_error,3.522911230574806,3.50113561406846,-0.021775616506345852
2010,all,1000,1,historical_density_minus_random,p95_absolute_error,16.410785811613984,17.25596700441112,0.8451811927971349
2010,all,1000,1,historical_density_minus_random,p99_absolute_error,11.442513706129006,14.605347276680064,3.162833570551058
2010,all,1000,2,spatial_coverage_minus_random,rmse,-0.670749146878066,-0.7070085739462115,-0.036259427068145555
2010,all,1000,2,spatial_coverage_minus_random,mae,0.8430169996737096,0.7935051041782941,-0.04951189549541546
2010,all,1000,2,spatial_coverage_minus_random,median_absolute_error,1.169794209391256,1.0752978373170663,-0.0944963720741896
2010,all,1000,2,spatial_coverage_minus_random,p95_absolute_error,1.5628357672123627,2.006528188979871,0.44369242176750845
2010,all,1000,2,spatial_coverage_minus_random,p99_absolute_error,-1.4563374859035036,0.0925877988085375,1.5489252847120412
2010,all,1000,2,historical_density_minus_random,rmse,6.585490426768505,7.130026716339135,0.5445362895706296
2010,all,1000,2,historical_density_minus_random,mae,4.187563961129991,4.518157343847804,0.33059338271781336
2010,all,1000,2,historical_density_minus_random,median_absolute_error,2.7890916014056018,2.8675923946251487,0.07850079321954695
2010,all,1000,2,historical_density_minus_random,p95_absolute_error,13.301433172291262,15.34957727251058,2.048144100219318
2010,all,1000,2,historical_density_minus_random,p99_absolute_error,38.1777539447735,42.11728519819098,3.939531253417478
2010,all,1000,3,spatial_coverage_minus_random,rmse,-2.2858264503439685,-2.3550032685662714,-0.06917681822230293
2010,all,1000,3,spatial_coverage_minus_random,mae,-0.5895139836376888,-0.7484562710721825,-0.15894228743449368
2010,all,1000,3,spatial_coverage_minus_random,median_absolute_error,0.3880013534469242,0.1633653961505388,-0.2246359572963854
2010,all,1000,3,spatial_coverage_minus_random,p95_absolute_error,-1.5092193019275868,-1.7419747266427024,-0.23275542471511557
2010,all,1000,3,spatial_coverage_minus_random,p99_absolute_error,-30.85493741474538,-27.53732917475153,3.3176082399938487
2010,all,1000,3,historical_density_minus_random,rmse,6.401328349709743,6.2016195666465705,-0.19970878306317275
2010,all,1000,3,historical_density_minus_random,mae,4.748694230007494,4.649664907612394,-0.09902932239510065
2010,all,1000,3,historical_density_minus_random,median_absolute_error,2.686959609086415,2.570764800589103,-0.1161948084973119
2010,all,1000,3,historical_density_minus_random,p95_absolute_error,25.787730891621564,25.45442324879001,-0.3333076428315529
2010,all,1000,3,historical_density_minus_random,p99_absolute_error,4.734068115705256,4.584969614732117,-0.14909850097313893
2010,all,1000,4,spatial_coverage_minus_random,rmse,9.948617135704612,10.158540737749204,0.20992360204459182
2010,all,1000,4,spatial_coverage_minus_random,mae,4.574971546471289,4.558891048422462,-0.016080498048827607
2010,all,1000,4,spatial_coverage_minus_random,median_absolute_error,1.2540355577830269,1.2804158929196203,0.026380335136593436
2010,all,1000,4,spatial_coverage_minus_random,p95_absolute_error,15.399004452878614,15.028501786705796,-0.37050266617281835
2010,all,1000,4,spatial_coverage_minus_random,p99_absolute_error,67.73898508661222,69.94127414542791,2.202289058815694
2010,all,1000,4,historical_density_minus_random,rmse,9.280650262396978,9.244086286536248,-0.036563975860730125
2010,all,1000,4,historical_density_minus_random,mae,4.4846863444726495,4.616151763382186,0.13146541890953678
2010,all,1000,4,historical_density_minus_random,median_absolute_error,1.7863276380038258,2.054681572703913,0.2683539347000874
2010,all,1000,4,historical_density_minus_random,p95_absolute_error,19.03917868954377,17.794341321720175,-1.244837367823596
2010,all,1000,4,historical_density_minus_random,p99_absolute_error,59.54640073827954,58.23989055072016,-1.3065101875593754
2010,all,1000,5,spatial_coverage_minus_random,rmse,-0.0575415219189991,-0.319073941205076,-0.2615324192860769
2010,all,1000,5,spatial_coverage_minus_random,mae,-0.0336751822875562,-0.3291296304419582,-0.295454448154402
2010,all,1000,5,spatial_coverage_minus_random,median_absolute_error,0.0615775444453561,-0.0844941243975938,-0.1460716688429499
2010,all,1000,5,spatial_coverage_minus_random,p95_absolute_error,0.9596153295513544,0.0119526622310175,-0.9476626673203369
2010,all,1000,5,spatial_coverage_minus_random,p99_absolute_error,-2.53842569545661,-3.2627607971365933,-0.7243351016799835
2010,all,1000,5,historical_density_minus_random,rmse,10.48329852599463,10.43773588138948,-0.04556264460515003
2010,all,1000,5,historical_density_minus_random,mae,5.957986020191768,5.740696479455124,-0.21728954073664397
2010,all,1000,5,historical_density_minus_random,median_absolute_error,2.51193036772338,2.3636263148465844,-0.14830405287679582
2010,all,1000,5,historical_density_minus_random,p95_absolute_error,28.99748088568625,27.71568815881256,-1.2817927268736895
2010,all,1000,5,historical_density_minus_random,p99_absolute_error,48.51333047878725,50.29594560189419,1.782615123106936
2010,all,1000,6,spatial_coverage_minus_random,rmse,-1.1145057926287656,-1.1041217295304584,0.010384063098307195
2010,all,1000,6,spatial_coverage_minus_random,mae,0.1220023745560521,0.0177584821129848,-0.10424389244306731
2010,all,1000,6,spatial_coverage_minus_random,median_absolute_error,0.4242231339627835,0.2539009008697519,-0.17032223309303157
2010,all,1000,6,spatial_coverage_minus_random,p95_absolute_error,-0.0614006770446167,-0.0981235034783267,-0.03672282643371
2010,all,1000,6,spatial_coverage_minus_random,p99_absolute_error,-3.3038713463,-2.083083514088188,1.220787832211812
2010,all,1000,6,historical_density_minus_random,rmse,5.226485596103625,5.360651538928664,0.1341659428250388
2010,all,1000,6,historical_density_minus_random,mae,3.762608384151584,3.8600671794414296,0.09745879528984558
2010,all,1000,6,historical_density_minus_random,median_absolute_error,2.487293156652754,2.51116341818053,0.023870261527775938
2010,all,1000,6,historical_density_minus_random,p95_absolute_error,11.763727945404291,12.085872922950742,0.32214497754645066
2010,all,1000,6,historical_density_minus_random,p99_absolute_error,28.022870885682025,27.912612929958883,-0.11025795572314223
2010,all,1000,7,spatial_coverage_minus_random,rmse,-0.6552691624651601,-0.709813280634318,-0.05454411816915794
2010,all,1000,7,spatial_coverage_minus_random,mae,-0.1892553439492132,-0.3397419204930578,-0.1504865765438446
2010,all,1000,7,spatial_coverage_minus_random,median_absolute_error,0.114962882856588,0.0182149536644828,-0.0967479291921052
2010,all,1000,7,spatial_coverage_minus_random,p95_absolute_error,-1.105351454439365,-1.5360207252545166,-0.4306692708151516
2010,all,1000,7,spatial_coverage_minus_random,p99_absolute_error,-5.716511396337637,-5.452369782292251,0.2641416140453856
2010,all,1000,7,historical_density_minus_random,rmse,6.567480320329402,6.292415009248561,-0.27506531108084076
2010,all,1000,7,historical_density_minus_random,mae,4.478628740487858,4.196372809456644,-0.28225593103121405
2010,all,1000,7,historical_density_minus_random,median_absolute_error,2.602694847143283,2.3928535092695142,-0.2098413378737689
2010,all,1000,7,historical_density_minus_random,p95_absolute_error,16.32067149693441,15.421133989875734,-0.8995375070586746
2010,all,1000,7,historical_density_minus_random,p99_absolute_error,25.0637553511456,28.782091101881207,3.7183357507356085
2010,all,1000,8,spatial_coverage_minus_random,rmse,4.465862459192309,4.605441733333485,0.13957927414117677
2010,all,1000,8,spatial_coverage_minus_random,mae,1.9302550939769016,2.0305737391772887,0.10031864520038702
2010,all,1000,8,spatial_coverage_minus_random,median_absolute_error,0.8201720615615216,0.9204595265994158,0.10028746503789421
2010,all,1000,8,spatial_coverage_minus_random,p95_absolute_error,6.316776845248981,6.654439095647419,0.3376622503984379
2010,all,1000,8,spatial_coverage_minus_random,p99_absolute_error,17.0586240520917,15.495081848669784,-1.5635422034219175
2010,all,1000,8,historical_density_minus_random,rmse,7.597243387397704,7.161227685611003,-0.436015701786701
2010,all,1000,8,historical_density_minus_random,mae,4.17557400750985,3.931210863769103,-0.24436314374074675
2010,all,1000,8,historical_density_minus_random,median_absolute_error,1.6096886725591162,1.5649695987869308,-0.044719073772185425
2010,all,1000,8,historical_density_minus_random,p95_absolute_error,21.743716830132968,20.283884539131947,-1.459832291001021
2010,all,1000,8,historical_density_minus_random,p99_absolute_error,36.60762452925738,32.55956235117955,-4.048062178077828
2010,all,1000,9,spatial_coverage_minus_random,rmse,0.0531703877879436,0.0205556527363839,-0.0326147350515597
2010,all,1000,9,spatial_coverage_minus_random,mae,0.7781615316615333,0.729733154877966,-0.04842837678356737
2010,all,1000,9,spatial_coverage_minus_random,median_absolute_error,0.4111387325773137,0.4368624630709803,0.025723730493666608
2010,all,1000,9,spatial_coverage_minus_random,p95_absolute_error,4.164118980227372,3.956682228996151,-0.20743675123122118
2010,all,1000,9,spatial_coverage_minus_random,p99_absolute_error,4.287671572901658,4.1712333960341965,-0.1164381768674616
2010,all,1000,9,historical_density_minus_random,rmse,7.417742470325006,7.301590178456955,-0.1161522918680511
2010,all,1000,9,historical_density_minus_random,mae,5.057947582369591,5.058333214687071,0.0003856323174797893
2010,all,1000,9,historical_density_minus_random,median_absolute_error,2.947547750138199,2.9148321787640725,-0.032715571374126284
2010,all,1000,9,historical_density_minus_random,p95_absolute_error,17.510060300386854,17.47178475935879,-0.03827554102806374
2010,all,1000,9,historical_density_minus_random,p99_absolute_error,34.57426805096344,31.98087602843006,-2.5933920225333793
2010,all,1000,10,spatial_coverage_minus_random,rmse,-3.429113228764905,-3.254451118826516,0.1746621099383887
2010,all,1000,10,spatial_coverage_minus_random,mae,-1.1709819321273542,-1.0782379949407623,0.09274393718659191
2010,all,1000,10,spatial_coverage_minus_random,median_absolute_error,0.4471567396607838,0.52423470992494,0.07707797026415625
2010,all,1000,10,spatial_coverage_minus_random,p95_absolute_error,-5.901852620756728,-5.854656060338158,0.04719656041856979
2010,all,1000,10,spatial_coverage_minus_random,p99_absolute_error,-29.276806549624084,-27.65045063635438,1.6263559132697054
2010,all,1000,10,historical_density_minus_random,rmse,3.8703452923737984,4.24446898300814,0.3741236906343417
2010,all,1000,10,historical_density_minus_random,mae,2.92839826569362,3.045323729118177,0.11692546342455712
2010,all,1000,10,historical_density_minus_random,median_absolute_error,3.0722643130028477,2.950556567287208,-0.12170774571563969
2010,all,1000,10,historical_density_minus_random,p95_absolute_error,4.272355825569427,5.628731447999222,1.3563756224297947
2010,all,1000,10,historical_density_minus_random,p99_absolute_error,-0.4394963204352962,0.8114053403340762,1.2509016607693724
2010,all,1000,11,spatial_coverage_minus_random,rmse,-5.04126607507526,-5.065672059528438,-0.02440598445317832
2010,all,1000,11,spatial_coverage_minus_random,mae,-0.9336414084871888,-0.9215489301390108,0.012092478348177949
2010,all,1000,11,spatial_coverage_minus_random,median_absolute_error,0.6472306424613237,0.6247673469005406,-0.02246329556078308
2010,all,1000,11,spatial_coverage_minus_random,p95_absolute_error,-3.334619717897567,-3.4182921054639266,-0.08367238756635942
2010,all,1000,11,spatial_coverage_minus_random,p99_absolute_error,-31.32285370878762,-29.82419532743114,1.4986583813564778
2010,all,1000,11,historical_density_minus_random,rmse,3.77168832443099,3.3937447276038384,-0.3779435968271514
2010,all,1000,11,historical_density_minus_random,mae,3.117652255631043,2.941888531853614,-0.175763723777429
2010,all,1000,11,historical_density_minus_random,median_absolute_error,1.893020091781608,1.7923129212638005,-0.10070717051780753
2010,all,1000,11,historical_density_minus_random,p95_absolute_error,14.991302741525873,14.340187055906554,-0.6511156856193185
2010,all,1000,11,historical_density_minus_random,p99_absolute_error,27.81927852890759,25.96876278420109,-1.8505157447064988
2010,all,1000,12,spatial_coverage_minus_random,rmse,-3.574959611342951,-3.5322961880670007,0.04266342327595041
2010,all,1000,12,spatial_coverage_minus_random,mae,-0.3376091321921599,-0.3864438008052069,-0.04883466861304703
2010,all,1000,12,spatial_coverage_minus_random,median_absolute_error,1.1873701853199918,1.0956444946712054,-0.09172569064878644
2010,all,1000,12,spatial_coverage_minus_random,p95_absolute_error,-3.5493102163203787,-3.569125865066873,-0.01981564874649422
2010,all,1000,12,spatial_coverage_minus_random,p99_absolute_error,-22.11315044889467,-21.483702830060626,0.6294476188340461
2010,all,1000,12,historical_density_minus_random,rmse,4.892558897243852,5.136081406823095,0.24352250957924326
2010,all,1000,12,historical_density_minus_random,mae,3.9972915713222648,4.142323900838857,0.14503232951659228
2010,all,1000,12,historical_density_minus_random,median_absolute_error,3.352797720401582,3.406608733192485,0.05381101279090261
2010,all,1000,12,historical_density_minus_random,p95_absolute_error,9.59117754216046,11.026259636897224,1.4350820947367637
2010,all,1000,12,historical_density_minus_random,p99_absolute_error,29.71530107997225,30.87418128894042,1.1588802089681707
2010,all,1000,13,spatial_coverage_minus_random,rmse,2.1280033875291373,1.7502555630099297,-0.37774782451920763
2010,all,1000,13,spatial_coverage_minus_random,mae,2.164919346814413,1.9548671205381825,-0.21005222627623055
2010,all,1000,13,spatial_coverage_minus_random,median_absolute_error,1.5502140718968749,1.5219827253730784,-0.02823134652379644
2010,all,1000,13,spatial_coverage_minus_random,p95_absolute_error,4.862392057432402,3.556325523197493,-1.3060665342349087
2010,all,1000,13,spatial_coverage_minus_random,p99_absolute_error,16.61481253330615,14.070647272604262,-2.544165260701888
2010,all,1000,13,historical_density_minus_random,rmse,7.0510692562531325,7.073537562403004,0.02246830614987161
2010,all,1000,13,historical_density_minus_random,mae,4.901948185042242,4.897031798325491,-0.004916386716750765
2010,all,1000,13,historical_density_minus_random,median_absolute_error,2.772314947832541,2.747740863023097,-0.02457408480944423
2010,all,1000,13,historical_density_minus_random,p95_absolute_error,17.30859439589016,16.380675916203145,-0.9279184796870155
2010,all,1000,13,historical_density_minus_random,p99_absolute_error,42.76989907777049,44.26378789763049,1.493888819860004
2010,all,1000,14,spatial_coverage_minus_random,rmse,3.745630184093336,3.867488810003458,0.12185862591012198
2010,all,1000,14,spatial_coverage_minus_random,mae,2.667986287956968,2.852172874123845,0.18418658616687678
2010,all,1000,14,spatial_coverage_minus_random,median_absolute_error,1.001679506717153,1.1724070416584311,0.17072753494127824
2010,all,1000,14,spatial_coverage_minus_random,p95_absolute_error,8.372317337369132,9.044216083409289,0.6718987460401564
2010,all,1000,14,spatial_coverage_minus_random,p99_absolute_error,44.452659349896265,43.40786601799445,-1.0447933319018148
2010,all,1000,14,historical_density_minus_random,rmse,12.626369282580391,12.573284916840436,-0.053084365739955786
2010,all,1000,14,historical_density_minus_random,mae,6.788709432615178,6.733088536436529,-0.05562089617864885
2010,all,1000,14,historical_density_minus_random,median_absolute_error,3.4361631383943347,3.469792069289582,0.03362893089524732
2010,all,1000,14,historical_density_minus_random,p95_absolute_error,19.623620107666618,19.2737188210169,-0.3499012866497182
2010,all,1000,14,historical_density_minus_random,p99_absolute_error,85.72138394773114,85.91310768862965,0.1917237408985102
2010,all,1000,15,spatial_coverage_minus_random,rmse,-0.0570367546840913,0.0502059442553033,0.1072426989393946
2010,all,1000,15,spatial_coverage_minus_random,mae,0.4714129637380058,0.548890479969252,0.07747751623124621
2010,all,1000,15,spatial_coverage_minus_random,median_absolute_error,0.6923367020136766,0.7512509322057213,0.05891423019204467
2010,all,1000,15,spatial_coverage_minus_random,p95_absolute_error,-0.2224770310540336,0.3560658414770401,0.5785428725310737
2010,all,1000,15,spatial_coverage_minus_random,p99_absolute_error,0.4987421583776523,0.9611720701442152,0.46242991176656295
2010,all,1000,15,historical_density_minus_random,rmse,7.946402947729773,8.123475177410334,0.17707222968056158
2010,all,1000,15,historical_density_minus_random,mae,4.405586957053433,4.495786917475567,0.09019996042213396
2010,all,1000,15,historical_density_minus_random,median_absolute_error,2.0103104775256213,2.142975247948442,0.13266477042282077
2010,all,1000,15,historical_density_minus_random,p95_absolute_error,20.63317196632981,20.914952904856094,0.28178093852628194
2010,all,1000,15,historical_density_minus_random,p99_absolute_error,15.074624927979158,16.658766970522663,1.5841420425435047
2010,all,1000,16,spatial_coverage_minus_random,rmse,-0.8073505227033877,-0.7451821792213309,0.0621683434820568
2010,all,1000,16,spatial_coverage_minus_random,mae,0.4853141520426955,0.5438492434739377,0.05853509143124219
2010,all,1000,16,spatial_coverage_minus_random,median_absolute_error,0.8415609136440025,0.7857798483169063,-0.05578106532709626
2010,all,1000,16,spatial_coverage_minus_random,p95_absolute_error,0.8012339268522553,0.9036700020776464,0.10243607522539111
2010,all,1000,16,spatial_coverage_minus_random,p99_absolute_error,-6.09295902783596,-6.998542208526331,-0.9055831806903711
2010,all,1000,16,historical_density_minus_random,rmse,6.262429279294633,6.312129869944535,0.049700590649901955
2010,all,1000,16,historical_density_minus_random,mae,4.49268839375495,4.448004788684704,-0.04468360507024549
2010,all,1000,16,historical_density_minus_random,median_absolute_error,2.788946640048096,2.5898039343646246,-0.19914270568347137
2010,all,1000,16,historical_density_minus_random,p95_absolute_error,15.75438729756572,16.623952879132155,0.8695655815664338
2010,all,1000,16,historical_density_minus_random,p99_absolute_error,24.73900257727783,24.21708526438327,-0.5219173128945584
2010,all,1000,17,spatial_coverage_minus_random,rmse,-0.1954566984565282,-0.2778473813139648,-0.08239068285743661
2010,all,1000,17,spatial_coverage_minus_random,mae,1.038235241085539,0.8554309886487328,-0.1828042524368063
2010,all,1000,17,spatial_coverage_minus_random,median_absolute_error,0.9573903283384766,0.8553486607382297,-0.10204166760024691
2010,all,1000,17,spatial_coverage_minus_random,p95_absolute_error,4.098193410718231,3.885171825849234,-0.21302158486899714
2010,all,1000,17,spatial_coverage_minus_random,p99_absolute_error,-4.474321380115413,-3.988142054442093,0.4861793256733198
2010,all,1000,17,historical_density_minus_random,rmse,9.67343239810674,9.698361015014186,0.02492861690744519
2010,all,1000,17,historical_density_minus_random,mae,6.167364748979347,6.145623435983014,-0.021741312996333306
2010,all,1000,17,historical_density_minus_random,median_absolute_error,3.369066456637313,3.391829399103017,0.022762942465703873
2010,all,1000,17,historical_density_minus_random,p95_absolute_error,21.41562179132892,21.523081105018377,0.10745931368945705
2010,all,1000,17,historical_density_minus_random,p99_absolute_error,57.58454490246584,59.41681782141981,1.8322729189539757
2010,all,1000,18,spatial_coverage_minus_random,rmse,-3.139300120250809,-2.9709537924846714,0.16834632776613745
2010,all,1000,18,spatial_coverage_minus_random,mae,-1.2704807176376498,-1.3024049614461235,-0.031924243808473696
2010,all,1000,18,spatial_coverage_minus_random,median_absolute_error,0.0910773073046868,-0.1046217321955396,-0.19569903950022638
2010,all,1000,18,spatial_coverage_minus_random,p95_absolute_error,-6.223022896986613,-5.715864039949324,0.5071588570372896
2010,all,1000,18,spatial_coverage_minus_random,p99_absolute_error,-20.53116282577861,-18.960402087920343,1.570760737858265
2010,all,1000,18,historical_density_minus_random,rmse,9.491786807869026,8.71674604508727,-0.7750407627817566
2010,all,1000,18,historical_density_minus_random,mae,4.877814602026522,4.521350631520029,-0.3564639705064927
2010,all,1000,18,historical_density_minus_random,median_absolute_error,2.2079377038120924,2.0336382209420094,-0.174299482870083
2010,all,1000,18,historical_density_minus_random,p95_absolute_error,29.620701666678,24.428376554744965,-5.192325111933034
2010,all,1000,18,historical_density_minus_random,p99_absolute_error,52.953416504968544,48.47647090702429,-4.476945597944251
2010,all,1000,19,spatial_coverage_minus_random,rmse,0.0476474329999234,-0.0154068363450079,-0.0630542693449313
2010,all,1000,19,spatial_coverage_minus_random,mae,0.2301433438259046,0.2011380245374283,-0.0290053192884763
2010,all,1000,19,spatial_coverage_minus_random,median_absolute_error,0.2303296762137847,0.3123904625102796,0.08206078629649488
2010,all,1000,19,spatial_coverage_minus_random,p95_absolute_error,0.9805525902792808,1.0965514426147038,0.11599885233542306
2010,all,1000,19,spatial_coverage_minus_random,p99_absolute_error,-2.261778478026187,-1.4854748023496145,0.7763036756765727
2010,all,1000,19,historical_density_minus_random,rmse,5.859377102354863,5.558920227608837,-0.30045687474602545
2010,all,1000,19,historical_density_minus_random,mae,3.6052640573587897,3.5255648382623423,-0.0796992190964474
2010,all,1000,19,historical_density_minus_random,median_absolute_error,2.225458477232195,2.353952325007469,0.12849384777527417
2010,all,1000,19,historical_density_minus_random,p95_absolute_error,12.515677614425933,12.087677422399814,-0.4280001920261185
2010,all,1000,19,historical_density_minus_random,p99_absolute_error,32.47669792508965,31.43391578334949,-1.0427821417401617
2010,all,2500,0,spatial_coverage_minus_random,rmse,-0.6989822201863767,-0.8806730981675557,-0.181690877981179
2010,all,2500,0,spatial_coverage_minus_random,mae,0.7759623069441979,0.705822763329353,-0.07013954361484487
2010,all,2500,0,spatial_coverage_minus_random,median_absolute_error,0.8957450437196712,0.8271231761621038,-0.06862186755756738
2010,all,2500,0,spatial_coverage_minus_random,p95_absolute_error,1.6713483548420456,1.6917187653520074,0.0203704105099618
2010,all,2500,0,spatial_coverage_minus_random,p99_absolute_error,0.1883035689014747,-1.3885206780092716,-1.5768242469107463
2010,all,2500,0,historical_density_minus_random,rmse,12.45936966847466,12.6712345313546,0.21186486287994022
2010,all,2500,0,historical_density_minus_random,mae,6.823073667645552,6.986329442915375,0.16325577526982293
2010,all,2500,0,historical_density_minus_random,median_absolute_error,2.174097719124802,2.3230636254513684,0.14896590632656626
2010,all,2500,0,historical_density_minus_random,p95_absolute_error,38.88850611346943,41.30091337993245,2.4124072664630205
2010,all,2500,0,historical_density_minus_random,p99_absolute_error,68.6477982630106,67.63743445155336,-1.010363811457239
2010,all,2500,1,spatial_coverage_minus_random,rmse,1.2099279195795951,1.1036077055932587,-0.1063202139863364
2010,all,2500,1,spatial_coverage_minus_random,mae,1.0421098572001206,0.9225194385595774,-0.1195904186405432
2010,all,2500,1,spatial_coverage_minus_random,median_absolute_error,0.6595715046183841,0.5578779924132391,-0.101693512205145
2010,all,2500,1,spatial_coverage_minus_random,p95_absolute_error,1.7801409217943416,1.4176248140190424,-0.3625161077752992
2010,all,2500,1,spatial_coverage_minus_random,p99_absolute_error,2.3929175263403124,1.3782532256413873,-1.014664300698925
2010,all,2500,1,historical_density_minus_random,rmse,8.46201818791143,8.887830429321472,0.4258122414100427
2010,all,2500,1,historical_density_minus_random,mae,5.498382850179404,5.769175362354046,0.2707925121746424
2010,all,2500,1,historical_density_minus_random,median_absolute_error,2.3260810505734923,2.497216151740787,0.17113510116729458
2010,all,2500,1,historical_density_minus_random,p95_absolute_error,22.214606130433765,22.389703701159892,0.17509757072612686
2010,all,2500,1,historical_density_minus_random,p99_absolute_error,53.26472624304465,58.751688411533536,5.486962168488887
2010,all,2500,2,spatial_coverage_minus_random,rmse,0.2295538202220299,0.1755407482077977,-0.054013072014232194
2010,all,2500,2,spatial_coverage_minus_random,mae,1.53869105805229,1.5220434587496623,-0.016647599302627603
2010,all,2500,2,spatial_coverage_minus_random,median_absolute_error,1.4011512654424507,1.3419430522171183,-0.05920821322533243
2010,all,2500,2,spatial_coverage_minus_random,p95_absolute_error,3.88565883196933,3.94360880362644,0.05794997165710969
2010,all,2500,2,spatial_coverage_minus_random,p99_absolute_error,1.852716700455332,2.3841910779891435,0.5314743775338115
2010,all,2500,2,historical_density_minus_random,rmse,11.145073753525324,9.844355737409806,-1.3007180161155176
2010,all,2500,2,historical_density_minus_random,mae,6.489033144515183,6.006465611326743,-0.4825675331884396
2010,all,2500,2,historical_density_minus_random,median_absolute_error,2.878615150860952,2.8283911539839157,-0.05022399687703638
2010,all,2500,2,historical_density_minus_random,p95_absolute_error,31.0805831617962,26.46676666153476,-4.613816500261439
2010,all,2500,2,historical_density_minus_random,p99_absolute_error,51.64712885025081,46.028737535137694,-5.618391315113115
2010,all,2500,3,spatial_coverage_minus_random,rmse,-0.837146173207092,-0.867499173882905,-0.030353000675813036
2010,all,2500,3,spatial_coverage_minus_random,mae,0.0126040970621357,0.033742544891222,0.021138447829086297
2010,all,2500,3,spatial_coverage_minus_random,median_absolute_error,0.38533408678569,0.4887146897669936,0.10338060298130364
2010,all,2500,3,spatial_coverage_minus_random,p95_absolute_error,-0.7515834437784648,-1.0587230721001006,-0.3071396283216359
2010,all,2500,3,spatial_coverage_minus_random,p99_absolute_error,-8.840890356906485,-9.59946921449496,-0.7585788575884749
2010,all,2500,3,historical_density_minus_random,rmse,12.1775876749786,11.912634648552409,-0.26495302642619123
2010,all,2500,3,historical_density_minus_random,mae,6.980612959591392,6.908048655591683,-0.07256430399970881
2010,all,2500,3,historical_density_minus_random,median_absolute_error,2.765972448590901,2.844924629819701,0.0789521812288001
2010,all,2500,3,historical_density_minus_random,p95_absolute_error,37.470156250730405,36.010931491252755,-1.4592247594776495
2010,all,2500,3,historical_density_minus_random,p99_absolute_error,57.72516169437459,56.52202712077866,-1.203134573595932
2010,all,2500,4,spatial_coverage_minus_random,rmse,1.8915360433968007,1.7789154198254415,-0.11262062357135916
2010,all,2500,4,spatial_coverage_minus_random,mae,1.2480119922768544,1.170977612345801,-0.07703437993105333
2010,all,2500,4,spatial_coverage_minus_random,median_absolute_error,0.886822200181058,0.8777402407721979,-0.00908195940886003
2010,all,2500,4,spatial_coverage_minus_random,p95_absolute_error,2.4793060240361413,2.380358550096417,-0.09894747393972425
2010,all,2500,4,spatial_coverage_minus_random,p99_absolute_error,0.7509094154630986,1.7390576011684544,0.9881481857053558
2010,all,2500,4,historical_density_minus_random,rmse,10.214997272245345,10.310999611102195,0.0960023388568505
2010,all,2500,4,historical_density_minus_random,mae,6.0085589479648736,6.028096389692175,0.01953744172730154
2010,all,2500,4,historical_density_minus_random,median_absolute_error,2.744961676461628,2.726483756166857,-0.01847792029477091
2010,all,2500,4,historical_density_minus_random,p95_absolute_error,23.009673822381835,23.19881648421319,0.18914266183135453
2010,all,2500,4,historical_density_minus_random,p99_absolute_error,76.87739670288128,78.57215203463785,1.6947553317565678
2010,all,2500,5,spatial_coverage_minus_random,rmse,-0.7710421976096065,-0.7516123078918362,0.019429889717770266
2010,all,2500,5,spatial_coverage_minus_random,mae,0.0404762226830701,0.1542685233123215,0.11379230062925139
2010,all,2500,5,spatial_coverage_minus_random,median_absolute_error,0.2464299413095148,0.3831890318726323,0.13675909056311752
2010,all,2500,5,spatial_coverage_minus_random,p95_absolute_error,0.0788952385020778,0.6996791757967316,0.6207839372946538
2010,all,2500,5,spatial_coverage_minus_random,p99_absolute_error,-4.317631388568557,-4.7482908886271815,-0.4306595000586242
2010,all,2500,5,historical_density_minus_random,rmse,9.641951417517092,9.420160042758583,-0.2217913747585083
2010,all,2500,5,historical_density_minus_random,mae,5.59670858284208,5.5006302022424265,-0.09607838059965346
2010,all,2500,5,historical_density_minus_random,median_absolute_error,2.4538174761930804,2.433040093212952,-0.020777382980128323
2010,all,2500,5,historical_density_minus_random,p95_absolute_error,23.116030739324785,22.67295161344083,-0.4430791258839548
2010,all,2500,5,historical_density_minus_random,p99_absolute_error,42.80799594607706,41.18027315051425,-1.6277227955628035
2010,all,2500,6,spatial_coverage_minus_random,rmse,-2.0458358490441704,-2.145972975465991,-0.10013712642182071
2010,all,2500,6,spatial_coverage_minus_random,mae,0.3527501890517737,0.3919384198738012,0.03918823082202749
2010,all,2500,6,spatial_coverage_minus_random,median_absolute_error,0.7520681492795518,0.7866484441146895,0.03458029483513769
2010,all,2500,6,spatial_coverage_minus_random,p95_absolute_error,0.6567833440472697,0.6513891830020384,-0.005394161045231272
2010,all,2500,6,spatial_coverage_minus_random,p99_absolute_error,-4.418623358234839,-5.914672567793033,-1.496049209558194
2010,all,2500,6,historical_density_minus_random,rmse,7.468640832944999,6.885469415964749,-0.5831714169802495
2010,all,2500,6,historical_density_minus_random,mae,4.909093354567206,4.713932586231191,-0.1951607683360148
2010,all,2500,6,historical_density_minus_random,median_absolute_error,2.3523071234441773,2.324217752308016,-0.02808937113616139
2010,all,2500,6,historical_density_minus_random,p95_absolute_error,22.551227231885967,19.9615768464531,-2.5896503854328685
2010,all,2500,6,historical_density_minus_random,p99_absolute_error,41.90796688657508,37.10228155135553,-4.80568533521955
2010,all,2500,7,spatial_coverage_minus_random,rmse,0.2149390701544113,0.2860398063162321,0.0711007361618208
2010,all,2500,7,spatial_coverage_minus_random,mae,0.7945436677112045,0.892475996373836,0.09793232866263146
2010,all,2500,7,spatial_coverage_minus_random,median_absolute_error,0.620375283828281,0.6598738258722108,0.039498542043929774
2010,all,2500,7,spatial_coverage_minus_random,p95_absolute_error,1.6060778556612831,2.086572392781981,0.4804945371206979
2010,all,2500,7,spatial_coverage_minus_random,p99_absolute_error,5.546297806342395,4.70274697709425,-0.8435508292481444
2010,all,2500,7,historical_density_minus_random,rmse,6.888965278659747,6.840413050267657,-0.04855222839209006
2010,all,2500,7,historical_density_minus_random,mae,4.522484278009888,4.4165317407467,-0.10595253726318798
2010,all,2500,7,historical_density_minus_random,median_absolute_error,2.451888839091652,2.360896246930253,-0.09099259216139899
2010,all,2500,7,historical_density_minus_random,p95_absolute_error,17.846046788769804,17.15852916566576,-0.6875176231040427
2010,all,2500,7,historical_density_minus_random,p99_absolute_error,25.149318032287866,24.534111001578463,-0.6152070307094029
2010,all,2500,8,spatial_coverage_minus_random,rmse,-0.5925888985000114,-0.9982460146497124,-0.405657116149701
2010,all,2500,8,spatial_coverage_minus_random,mae,0.4592506644749008,0.3812103712481942,-0.07804029322670664
2010,all,2500,8,spatial_coverage_minus_random,median_absolute_error,0.7027264621781342,0.7995712754163264,0.09684481323819227
2010,all,2500,8,spatial_coverage_minus_random,p95_absolute_error,0.497082207238833,0.089079150335948,-0.408003056902885
2010,all,2500,8,spatial_coverage_minus_random,p99_absolute_error,-5.152903189516124,-7.061631423861527,-1.9087282343454035
2010,all,2500,8,historical_density_minus_random,rmse,10.143599139945742,10.089317657526577,-0.05428148241916553
2010,all,2500,8,historical_density_minus_random,mae,5.354087188965343,5.212639406926991,-0.14144778203835173
2010,all,2500,8,historical_density_minus_random,median_absolute_error,1.8485950591484936,1.7201434893800922,-0.12845156976840144
2010,all,2500,8,historical_density_minus_random,p95_absolute_error,24.971894536253814,25.14365982867653,0.171765292422716
2010,all,2500,8,historical_density_minus_random,p99_absolute_error,69.81597923815313,67.03002080760078,-2.7859584305523555
2010,all,2500,9,spatial_coverage_minus_random,rmse,-0.9815220534249178,-0.955497473656088,0.02602457976882988
2010,all,2500,9,spatial_coverage_minus_random,mae,0.2564532895913043,0.337673372473013,0.08122008288170868
2010,all,2500,9,spatial_coverage_minus_random,median_absolute_error,0.5629011249838243,0.6614919237002823,0.09859079871645804
2010,all,2500,9,spatial_coverage_minus_random,p95_absolute_error,0.3477894998842856,0.8614313418484656,0.51364184196418
2010,all,2500,9,spatial_coverage_minus_random,p99_absolute_error,-9.458845379853967,-9.224407316711996,0.2344380631419707
2010,all,2500,9,historical_density_minus_random,rmse,9.943021606027465,9.621888622298684,-0.32113298372878063
2010,all,2500,9,historical_density_minus_random,mae,5.571353123258641,5.344166438974128,-0.22718668428451316
2010,all,2500,9,historical_density_minus_random,median_absolute_error,2.3418394492739765,2.1561517157456365,-0.18568773352834
2010,all,2500,9,historical_density_minus_random,p95_absolute_error,23.43056982859552,24.051224208479887,0.6206543798843676
2010,all,2500,9,historical_density_minus_random,p99_absolute_error,66.28475018916032,61.25357622778431,-5.0311739613760125
2010,all,2500,10,spatial_coverage_minus_random,rmse,-2.135451856780442,-2.332454946458576,-0.1970030896781343
2010,all,2500,10,spatial_coverage_minus_random,mae,0.4679079965097283,0.3546608033626786,-0.11324719314704973
2010,all,2500,10,spatial_coverage_minus_random,median_absolute_error,0.976373077799252,0.9124218224048946,-0.06395125539435742
2010,all,2500,10,spatial_coverage_minus_random,p95_absolute_error,1.7732092098344054,1.2158061373215574,-0.557403072512848
2010,all,2500,10,spatial_coverage_minus_random,p99_absolute_error,-11.206768341750646,-12.073119363242824,-0.8663510214921786
2010,all,2500,10,historical_density_minus_random,rmse,6.211352427284101,6.028579461940808,-0.18277296534329324
2010,all,2500,10,historical_density_minus_random,mae,4.503023772384493,4.286450341373186,-0.216573431011307
2010,all,2500,10,historical_density_minus_random,median_absolute_error,2.835763078793605,2.6838953397398484,-0.1518677390537566
2010,all,2500,10,historical_density_minus_random,p95_absolute_error,16.106060177503466,15.656396078511378,-0.4496640989920877
2010,all,2500,10,historical_density_minus_random,p99_absolute_error,15.298921717016723,15.254627371325611,-0.044294345691112014
2010,all,2500,11,spatial_coverage_minus_random,rmse,-6.489304231904033,-6.554460413146295,-0.06515618124226208
2010,all,2500,11,spatial_coverage_minus_random,mae,-1.269948479218078,-1.218760959668888,0.051187519549189986
2010,all,2500,11,spatial_coverage_minus_random,median_absolute_error,0.1039292146081436,0.1258988641736209,0.021969649565477298
2010,all,2500,11,spatial_coverage_minus_random,p95_absolute_error,-3.063829988425184,-3.166306464868548,-0.1024764764433641
2010,all,2500,11,spatial_coverage_minus_random,p99_absolute_error,-23.61820629266772,-24.21299458276592,-0.5947882900982009
2010,all,2500,11,historical_density_minus_random,rmse,3.116393725259755,3.099155550699116,-0.017238174560638697
2010,all,2500,11,historical_density_minus_random,mae,3.6661132919486032,3.782032294989316,0.1159190030407129
2010,all,2500,11,historical_density_minus_random,median_absolute_error,1.7006339603258596,1.7435665292042586,0.042932568878399024
2010,all,2500,11,historical_density_minus_random,p95_absolute_error,19.51196675004786,19.46814637195484,-0.043820378093020196
2010,all,2500,11,historical_density_minus_random,p99_absolute_error,41.68469679998387,41.91568492359545,0.2309881236115814
2010,all,2500,12,spatial_coverage_minus_random,rmse,-0.3769556731343577,-0.2804473092563668,0.09650836387799089
2010,all,2500,12,spatial_coverage_minus_random,mae,0.5895437775356953,0.6417066616465945,0.0521628841108992
2010,all,2500,12,spatial_coverage_minus_random,median_absolute_error,0.7916804295007296,0.8070265627591198,0.015346133258390182
2010,all,2500,12,spatial_coverage_minus_random,p95_absolute_error,0.9306037934999836,1.287484891489207,0.3568810979892234
2010,all,2500,12,spatial_coverage_minus_random,p99_absolute_error,-5.269719782539767,-4.6270671728303086,0.642652609709458
2010,all,2500,12,historical_density_minus_random,rmse,9.100374804398864,9.220973076081542,0.12059827168267745
2010,all,2500,12,historical_density_minus_random,mae,4.705029139979711,4.758893165580027,0.05386402560031556
2010,all,2500,12,historical_density_minus_random,median_absolute_error,2.174341241548433,2.2004710280517656,0.026129786503332753
2010,all,2500,12,historical_density_minus_random,p95_absolute_error,17.436180214542027,17.774858820917743,0.3386786063757157
2010,all,2500,12,historical_density_minus_random,p99_absolute_error,32.76339551415589,36.88585907796649,4.122463563810598
2010,all,2500,13,spatial_coverage_minus_random,rmse,1.047577865794299,0.8190471516210494,-0.22853071417324955
2010,all,2500,13,spatial_coverage_minus_random,mae,1.4975358088039084,1.2885555467578111,-0.2089802620460972
2010,all,2500,13,spatial_coverage_minus_random,median_absolute_error,1.0294837414334663,0.7843036067520472,-0.24518013468141908
2010,all,2500,13,spatial_coverage_minus_random,p95_absolute_error,2.708692123678027,2.198992754991409,-0.509699368686618
2010,all,2500,13,spatial_coverage_minus_random,p99_absolute_error,8.795453846543353,12.142342594727324,3.3468887481839715
2010,all,2500,13,historical_density_minus_random,rmse,9.963645809685726,9.850529762819557,-0.11311604686616938
2010,all,2500,13,historical_density_minus_random,mae,5.920853324384314,5.942117065140195,0.02126374075588089
2010,all,2500,13,historical_density_minus_random,median_absolute_error,2.296942331360981,2.394927876570307,0.09798554520932612
2010,all,2500,13,historical_density_minus_random,p95_absolute_error,24.28139080015228,23.64609936474473,-0.6352914354075487
2010,all,2500,13,historical_density_minus_random,p99_absolute_error,85.8860065296059,84.01248663251174,-1.8735198970941553
2010,all,2500,14,spatial_coverage_minus_random,rmse,-0.4956298854483378,-0.5860876006284492,-0.09045771518011142
2010,all,2500,14,spatial_coverage_minus_random,mae,1.342286517397886,1.289145166853599,-0.053141350544287036
2010,all,2500,14,spatial_coverage_minus_random,median_absolute_error,0.9720378557758522,0.9434659708258836,-0.02857188494996865
2010,all,2500,14,spatial_coverage_minus_random,p95_absolute_error,2.9093788775313243,3.065902853228266,0.15652397569694187
2010,all,2500,14,spatial_coverage_minus_random,p99_absolute_error,11.84752693166483,11.236180600780912,-0.6113463308839187
2010,all,2500,14,historical_density_minus_random,rmse,9.296073530857017,9.507191318281295,0.21111778742427845
2010,all,2500,14,historical_density_minus_random,mae,5.9795949473697245,5.86594066342866,-0.1136542839410648
2010,all,2500,14,historical_density_minus_random,median_absolute_error,2.8072319082061483,2.63657714443886,-0.1706547637672884
2010,all,2500,14,historical_density_minus_random,p95_absolute_error,23.968001090494376,23.98824274286956,0.020241652375183605
2010,all,2500,14,historical_density_minus_random,p99_absolute_error,62.38105406069273,67.8814810538327,5.500426993139968
2010,all,2500,15,spatial_coverage_minus_random,rmse,-3.5788918788803628,-3.514274751717263,0.06461712716309975
2010,all,2500,15,spatial_coverage_minus_random,mae,-0.644540281578406,-0.6830361948484462,-0.038495913270040205
2010,all,2500,15,spatial_coverage_minus_random,median_absolute_error,0.1700225716033117,0.1436389326110543,-0.026383638992257402
2010,all,2500,15,spatial_coverage_minus_random,p95_absolute_error,-2.4444195234245925,-2.29459400593354,0.14982551749105255
2010,all,2500,15,spatial_coverage_minus_random,p99_absolute_error,-16.573347630716512,-16.098206745170515,0.4751408855459971
2010,all,2500,15,historical_density_minus_random,rmse,8.909872945242583,8.645375748315896,-0.26449719692668694
2010,all,2500,15,historical_density_minus_random,mae,5.565450322305443,5.099796860253852,-0.4656534620515913
2010,all,2500,15,historical_density_minus_random,median_absolute_error,2.1496612290433745,1.7490173515944605,-0.40064387744891405
2010,all,2500,15,historical_density_minus_random,p95_absolute_error,28.558342431822226,26.07803099724933,-2.480311434572897
2010,all,2500,15,historical_density_minus_random,p99_absolute_error,55.191707657890646,55.860150432190366,0.6684427742997201
2010,all,2500,16,spatial_coverage_minus_random,rmse,-5.184561337708413,-5.020432611267008,0.16412872644140464
2010,all,2500,16,spatial_coverage_minus_random,mae,-1.409747341477292,-1.3080488483637716,0.10169849311352053
2010,all,2500,16,spatial_coverage_minus_random,median_absolute_error,0.0748648024095928,0.2593448701497038,0.184480067740111
2010,all,2500,16,spatial_coverage_minus_random,p95_absolute_error,-3.961702302949924,-4.353683100316964,-0.3919807973670397
2010,all,2500,16,spatial_coverage_minus_random,p99_absolute_error,-38.692753191088,-36.35147615435947,2.3412770367285347
2010,all,2500,16,historical_density_minus_random,rmse,3.9957628808640777,4.147495108864511,0.15173222800043362
2010,all,2500,16,historical_density_minus_random,mae,3.1033720221820715,3.107960026071096,0.00458800388902425
2010,all,2500,16,historical_density_minus_random,median_absolute_error,1.686523182458842,1.697844402753816,0.011321220294973955
2010,all,2500,16,historical_density_minus_random,p95_absolute_error,13.41598484330472,12.916049361955004,-0.4999354813497163
2010,all,2500,16,historical_density_minus_random,p99_absolute_error,31.25512647625378,36.51480042458447,5.259673948330693
2010,all,2500,17,spatial_coverage_minus_random,rmse,-1.3723147897020525,-1.3498243357355475,0.022490453966504953
2010,all,2500,17,spatial_coverage_minus_random,mae,0.3391400153218633,0.3253981194010045,-0.013741895920858782
2010,all,2500,17,spatial_coverage_minus_random,median_absolute_error,0.580868355602945,0.5453143506138645,-0.03555400498908057
2010,all,2500,17,spatial_coverage_minus_random,p95_absolute_error,0.8330889860064588,0.6710726589549196,-0.16201632705153912
2010,all,2500,17,spatial_coverage_minus_random,p99_absolute_error,-7.33084268299217,-7.562975881402522,-0.2321331984103523
2010,all,2500,17,historical_density_minus_random,rmse,8.926036588101965,8.22136686608319,-0.7046697220187745
2010,all,2500,17,historical_density_minus_random,mae,5.505144229480921,5.184390621062244,-0.32075360841867706
2010,all,2500,17,historical_density_minus_random,median_absolute_error,2.103364262494864,2.045260570301366,-0.05810369219349809
2010,all,2500,17,historical_density_minus_random,p95_absolute_error,24.774288163833795,22.81289185752677,-1.9613963063070265
2010,all,2500,17,historical_density_minus_random,p99_absolute_error,62.728501506524594,56.20799058682408,-6.520510919700513
2010,all,2500,18,spatial_coverage_minus_random,rmse,-1.5300777354268824,-1.243676802958813,0.2864009324680694
2010,all,2500,18,spatial_coverage_minus_random,mae,-0.2117800679624668,0.1202049487160827,0.3319850166785495
2010,all,2500,18,spatial_coverage_minus_random,median_absolute_error,0.4512613971918711,0.8137863789501978,0.3625249817583267
2010,all,2500,18,spatial_coverage_minus_random,p95_absolute_error,-2.378883079984924,-1.7964146865444022,0.5824683934405219
2010,all,2500,18,spatial_coverage_minus_random,p99_absolute_error,-8.359120642467744,-8.008591756905943,0.3505288855618005
2010,all,2500,18,historical_density_minus_random,rmse,7.582771435822057,8.305421589293466,0.7226501534714096
2010,all,2500,18,historical_density_minus_random,mae,4.166247318497987,4.675038825876657,0.5087915073786693
2010,all,2500,18,historical_density_minus_random,median_absolute_error,1.9683936705913252,2.113848346967444,0.14545467637611886
2010,all,2500,18,historical_density_minus_random,p95_absolute_error,18.04811933566477,22.070949942267102,4.022830606602334
2010,all,2500,18,historical_density_minus_random,p99_absolute_error,22.74512973936484,25.832935793165746,3.087806053800904
2010,all,2500,19,spatial_coverage_minus_random,rmse,0.5516230863593954,0.5667597351497129,0.015136648790317508
2010,all,2500,19,spatial_coverage_minus_random,mae,0.7017231787296865,0.6673131148784766,-0.03441006385120993
2010,all,2500,19,spatial_coverage_minus_random,median_absolute_error,0.7418618344174774,0.7092043133097832,-0.032657521107694265
2010,all,2500,19,spatial_coverage_minus_random,p95_absolute_error,1.3600425203821658,1.5375846276900091,0.17754210730784337
2010,all,2500,19,spatial_coverage_minus_random,p99_absolute_error,-6.157050653526113,-7.23956046285609,-1.0825098093299772
2010,all,2500,19,historical_density_minus_random,rmse,10.59095204474078,10.157199982249448,-0.43375206249133136
2010,all,2500,19,historical_density_minus_random,mae,6.192066039944605,5.849066003507925,-0.3430000364366794
2010,all,2500,19,historical_density_minus_random,median_absolute_error,2.6581728064370225,2.4210499585497587,-0.2371228478872638
2010,all,2500,19,historical_density_minus_random,p95_absolute_error,26.094903890923558,25.84702279092094,-0.2478811000026191
2010,all,2500,19,historical_density_minus_random,p99_absolute_error,67.00101669709659,60.45437867308465,-6.546638024011941
2010,all,5000,0,spatial_coverage_minus_random,rmse,-1.2635252418596463,-1.4057884420337672,-0.14226320017412086
2010,all,5000,0,spatial_coverage_minus_random,mae,0.4731026041488526,0.2816161565235155,-0.19148644762533706
2010,all,5000,0,spatial_coverage_minus_random,median_absolute_error,0.6623275621316793,0.5666713184648984,-0.09565624366678094
2010,all,5000,0,spatial_coverage_minus_random,p95_absolute_error,1.6638973792270697,0.6613383942916826,-1.002558984935387
2010,all,5000,0,spatial_coverage_minus_random,p99_absolute_error,-4.754235257550008,-5.483013204146118,-0.72877794659611
2010,all,5000,0,historical_density_minus_random,rmse,10.133089018249628,10.130600427458424,-0.002488590791204004
2010,all,5000,0,historical_density_minus_random,mae,5.277422763646852,5.13830722619411,-0.1391155374527422
2010,all,5000,0,historical_density_minus_random,median_absolute_error,1.888147946020979,1.8540339699948447,-0.034113976026134196
2010,all,5000,0,historical_density_minus_random,p95_absolute_error,21.958566785363896,20.4765131387604,-1.4820536466034966
2010,all,5000,0,historical_density_minus_random,p99_absolute_error,79.47649502283214,80.77160687369613,1.2951118508639894
2010,all,5000,1,spatial_coverage_minus_random,rmse,0.8020677769557167,0.8261136930649258,0.02404591610920903
2010,all,5000,1,spatial_coverage_minus_random,mae,1.2748098218935675,1.1887177369761517,-0.08609208491741582
2010,all,5000,1,spatial_coverage_minus_random,median_absolute_error,0.923253996770086,0.833319828914739,-0.08993416785534702
2010,all,5000,1,spatial_coverage_minus_random,p95_absolute_error,2.3618043281797263,2.1484345892070884,-0.2133697389726379
2010,all,5000,1,spatial_coverage_minus_random,p99_absolute_error,4.231992945351429,4.36629114833692,0.1342982029854909
2010,all,5000,1,historical_density_minus_random,rmse,10.70083374511929,10.675225542407391,-0.025608202711898898
2010,all,5000,1,historical_density_minus_random,mae,6.23790942774335,6.085993852471823,-0.1519155752715271
2010,all,5000,1,historical_density_minus_random,median_absolute_error,2.0206491240605544,1.8765396806277292,-0.14410944343282517
2010,all,5000,1,historical_density_minus_random,p95_absolute_error,28.237914818980236,28.07845657421829,-0.1594582447619466
2010,all,5000,1,historical_density_minus_random,p99_absolute_error,83.89155351440505,86.06094360651969,2.1693900921146394
2010,all,5000,2,spatial_coverage_minus_random,rmse,-3.77211676971902,-3.9915662048084783,-0.21944943508945824
2010,all,5000,2,spatial_coverage_minus_random,mae,-0.0882744574577625,-0.1322371451661652,-0.0439626877084027
2010,all,5000,2,spatial_coverage_minus_random,median_absolute_error,0.7251053054286274,0.7211045530522995,-0.00400075237632791
2010,all,5000,2,spatial_coverage_minus_random,p95_absolute_error,0.481205302842369,0.6465896266072875,0.16538432376491846
2010,all,5000,2,spatial_coverage_minus_random,p99_absolute_error,-19.52603674421005,-19.862064208882515,-0.33602746467246547
2010,all,5000,2,historical_density_minus_random,rmse,8.16487222162004,7.653006138890785,-0.5118660827292558
2010,all,5000,2,historical_density_minus_random,mae,4.719710283516436,4.59403509123816,-0.12567519227827617
2010,all,5000,2,historical_density_minus_random,median_absolute_error,1.7310826431496196,1.7991528829209926,0.06807023977137305
2010,all,5000,2,historical_density_minus_random,p95_absolute_error,21.79769465856648,20.963411354365967,-0.8342833042005147
2010,all,5000,2,historical_density_minus_random,p99_absolute_error,70.31790523434199,66.08753096956083,-4.230374264781162
2010,all,5000,3,spatial_coverage_minus_random,rmse,-0.8142499380455632,-0.8682385936648949,-0.05398865561933164
2010,all,5000,3,spatial_coverage_minus_random,mae,0.4481702493282036,0.484800826862017,0.03663057753381338
2010,all,5000,3,spatial_coverage_minus_random,median_absolute_error,0.6935457611736524,0.7618026387193879,0.0682568775457355
2010,all,5000,3,spatial_coverage_minus_random,p95_absolute_error,0.7463053983835586,0.5707651045415965,-0.17554029384196213
2010,all,5000,3,spatial_coverage_minus_random,p99_absolute_error,-3.5530277295956765,-3.907525686890232,-0.35449795729455547
2010,all,5000,3,historical_density_minus_random,rmse,9.525022755194424,10.162088636284476,0.6370658810900522
2010,all,5000,3,historical_density_minus_random,mae,4.814900021527368,5.211825195938109,0.3969251744107405
2010,all,5000,3,historical_density_minus_random,median_absolute_error,1.9206370081545856,2.0141559352649665,0.0935189271103809
2010,all,5000,3,historical_density_minus_random,p95_absolute_error,19.013390677246143,21.62010100200309,2.6067103247569463
2010,all,5000,3,historical_density_minus_random,p99_absolute_error,61.95202464390606,64.11537561667568,2.1633509727696207
2010,all,5000,4,spatial_coverage_minus_random,rmse,-1.0259461246104813,-1.0454061941112052,-0.019460069500723876
2010,all,5000,4,spatial_coverage_minus_random,mae,0.9006599242778393,0.9378880123904114,0.037228088112572166
2010,all,5000,4,spatial_coverage_minus_random,median_absolute_error,0.7824636763239141,0.8537310103879747,0.0712673340640606
2010,all,5000,4,spatial_coverage_minus_random,p95_absolute_error,2.043778414897755,1.891604304892649,-0.15217411000510594
2010,all,5000,4,spatial_coverage_minus_random,p99_absolute_error,-0.0337272264956567,-0.8840766247292109,-0.8503493982335542
2010,all,5000,4,historical_density_minus_random,rmse,12.35874508941606,11.751833706109966,-0.6069113833060928
2010,all,5000,4,historical_density_minus_random,mae,6.055245545059625,5.616489633700855,-0.43875591135877023
2010,all,5000,4,historical_density_minus_random,median_absolute_error,2.165140636876117,1.983473822483376,-0.1816668143927409
2010,all,5000,4,historical_density_minus_random,p95_absolute_error,21.57957575218997,20.12581070131129,-1.4537650508786797
2010,all,5000,4,historical_density_minus_random,p99_absolute_error,99.33732200149004,93.32948600208108,-6.007835999408954
2010,all,5000,5,spatial_coverage_minus_random,rmse,0.5127021475898417,0.7560932201039741,0.2433910725141324
2010,all,5000,5,spatial_coverage_minus_random,mae,0.8418433066255346,0.95959912166502,0.1177558150394854
2010,all,5000,5,spatial_coverage_minus_random,median_absolute_error,0.7404145267477702,0.7963822548474013,0.05596772809963113
2010,all,5000,5,spatial_coverage_minus_random,p95_absolute_error,0.8907240031491952,1.4832765687277991,0.5925525655786039
2010,all,5000,5,spatial_coverage_minus_random,p99_absolute_error,-2.13911446227025,-1.8593554748599248,0.279758987410325
2010,all,5000,5,historical_density_minus_random,rmse,9.65810478910434,9.551729814454044,-0.1063749746502971
2010,all,5000,5,historical_density_minus_random,mae,4.954936713452854,4.8987463277976175,-0.0561903856552366
2010,all,5000,5,historical_density_minus_random,median_absolute_error,1.4941751635654157,1.7132155765467871,0.21904041298137145
2010,all,5000,5,historical_density_minus_random,p95_absolute_error,21.57144159323588,19.94946762264124,-1.621973970594638
2010,all,5000,5,historical_density_minus_random,p99_absolute_error,64.93213352798664,66.17677775661907,1.2446442286324384
2010,all,5000,6,spatial_coverage_minus_random,rmse,-1.306272194173797,-1.3198317090642746,-0.013559514890477686
2010,all,5000,6,spatial_coverage_minus_random,mae,1.180196513000423,1.1714023293248808,-0.0087941836755423
2010,all,5000,6,spatial_coverage_minus_random,median_absolute_error,1.1133319761700022,1.1715383462204727,0.05820637005047047
2010,all,5000,6,spatial_coverage_minus_random,p95_absolute_error,3.399260474437959,2.9884640476006297,-0.4107964268373294
2010,all,5000,6,spatial_coverage_minus_random,p99_absolute_error,0.2854497108493348,-0.1589591383345237,-0.4444088491838585
2010,all,5000,6,historical_density_minus_random,rmse,9.1785649457385,9.11797409270144,-0.06059085303706091
2010,all,5000,6,historical_density_minus_random,mae,5.0597622145528245,4.953085737844504,-0.10667647670832014
2010,all,5000,6,historical_density_minus_random,median_absolute_error,2.070801554297901,1.96137933639298,-0.1094222179049209
2010,all,5000,6,historical_density_minus_random,p95_absolute_error,18.33878569980383,18.69205873076651,0.3532730309626828
2010,all,5000,6,historical_density_minus_random,p99_absolute_error,67.8075289702484,65.50777573522112,-2.299753235027282
2010,all,5000,7,spatial_coverage_minus_random,rmse,-0.9085804151558428,-0.9374617610366124,-0.028881345880769627
2010,all,5000,7,spatial_coverage_minus_random,mae,0.6276956889722225,0.6550088501147773,0.027313161142554776
2010,all,5000,7,spatial_coverage_minus_random,median_absolute_error,0.5667903991654555,0.5697795371955294,0.0029891380300739456
2010,all,5000,7,spatial_coverage_minus_random,p95_absolute_error,1.245847937130257,1.0914579198356478,-0.15439001729460933
2010,all,5000,7,spatial_coverage_minus_random,p99_absolute_error,2.9531380965268283,2.909551475720193,-0.043586620806635334
2010,all,5000,7,historical_density_minus_random,rmse,10.055931101615748,10.271378600546182,0.21544749893043402
2010,all,5000,7,historical_density_minus_random,mae,5.347082418221575,5.464021941611595,0.11693952339001967
2010,all,5000,7,historical_density_minus_random,median_absolute_error,2.051909536854623,2.0598170625860064,0.007907525731383203
2010,all,5000,7,historical_density_minus_random,p95_absolute_error,20.201131958312743,20.643024223443447,0.44189226513070423
2010,all,5000,7,historical_density_minus_random,p99_absolute_error,75.84961488028816,81.09966789025614,5.250053009967985
2010,all,5000,8,spatial_coverage_minus_random,rmse,0.0858985713732209,-0.1490533762285188,-0.2349519476017397
2010,all,5000,8,spatial_coverage_minus_random,mae,1.3439012850030778,1.2208249246784373,-0.12307636032464053
2010,all,5000,8,spatial_coverage_minus_random,median_absolute_error,1.0438169146031555,1.04548317445267,0.0016662598495145176
2010,all,5000,8,spatial_coverage_minus_random,p95_absolute_error,3.27578448238684,2.504582342910389,-0.771202139476451
2010,all,5000,8,spatial_coverage_minus_random,p99_absolute_error,3.5926533908959613,2.18415824159392,-1.4084951493020412
2010,all,5000,8,historical_density_minus_random,rmse,12.777051259176712,12.65909472109167,-0.1179565380850427
2010,all,5000,8,historical_density_minus_random,mae,6.724211320050129,6.90213659615624,0.17792527610611142
2010,all,5000,8,historical_density_minus_random,median_absolute_error,1.8694169612026317,2.0760240657508007,0.206607104548169
2010,all,5000,8,historical_density_minus_random,p95_absolute_error,37.86502246456696,37.67080769190515,-0.19421477266180887
2010,all,5000,8,historical_density_minus_random,p99_absolute_error,82.6907588952451,78.44292540864086,-4.247833486604236
2010,all,5000,9,spatial_coverage_minus_random,rmse,1.3233990034150267,1.193989193824912,-0.1294098095901146
2010,all,5000,9,spatial_coverage_minus_random,mae,1.281880997831859,1.2304642636512906,-0.05141673418056847
2010,all,5000,9,spatial_coverage_minus_random,median_absolute_error,0.8492449536499578,0.8423446178412064,-0.006900335808751379
2010,all,5000,9,spatial_coverage_minus_random,p95_absolute_error,3.189616429689437,2.537779330240646,-0.651837099448791
2010,all,5000,9,spatial_coverage_minus_random,p99_absolute_error,2.891895776056984,2.503184196248938,-0.3887115798080458
2010,all,5000,9,historical_density_minus_random,rmse,13.379135856193688,12.74436835092978,-0.634767505263909
2010,all,5000,9,historical_density_minus_random,mae,7.009753550985931,6.695035073078339,-0.3147184779075918
2010,all,5000,9,historical_density_minus_random,median_absolute_error,2.1173190221217624,2.0588314922214863,-0.05848752990027606
2010,all,5000,9,historical_density_minus_random,p95_absolute_error,34.96080724419362,32.13364723152628,-2.827160012667335
2010,all,5000,9,historical_density_minus_random,p99_absolute_error,85.98825432937521,84.73758614679171,-1.250668182583496
2010,all,5000,10,spatial_coverage_minus_random,rmse,-1.8058336623547329,-1.6857405966727228,0.12009306568201006
2010,all,5000,10,spatial_coverage_minus_random,mae,-0.2916255849055709,-0.1855093842911337,0.10611620061443719
2010,all,5000,10,spatial_coverage_minus_random,median_absolute_error,0.2387978342757151,0.3731404128405984,0.1343425785648833
2010,all,5000,10,spatial_coverage_minus_random,p95_absolute_error,-1.268347017315694,-1.2265926587763047,0.04175435853938936
2010,all,5000,10,spatial_coverage_minus_random,p99_absolute_error,-11.561547277423928,-12.222601352324496,-0.6610540749005676
2010,all,5000,10,historical_density_minus_random,rmse,9.143669528181416,8.20863256968886,-0.9350369584925566
2010,all,5000,10,historical_density_minus_random,mae,5.222316021911746,4.639380117952872,-0.582935903958874
2010,all,5000,10,historical_density_minus_random,median_absolute_error,1.7184079845425515,1.5637523525815311,-0.1546556319610204
2010,all,5000,10,historical_density_minus_random,p95_absolute_error,28.391450687508254,24.46988831170309,-3.9215623758051628
2010,all,5000,10,historical_density_minus_random,p99_absolute_error,51.38237920181284,41.48984523201932,-9.892533969793519
2010,all,5000,11,spatial_coverage_minus_random,rmse,-3.427479526942168,-3.3579358536589687,0.06954367328319933
2010,all,5000,11,spatial_coverage_minus_random,mae,-0.3690276830585119,-0.419832658472334,-0.05080497541382206
2010,all,5000,11,spatial_coverage_minus_random,median_absolute_error,0.3024198807927121,0.2445961748722709,-0.0578237059204412
2010,all,5000,11,spatial_coverage_minus_random,p95_absolute_error,-1.6416313010516743,-1.8531420173406588,-0.21151071628898443
2010,all,5000,11,spatial_coverage_minus_random,p99_absolute_error,-16.414657975494066,-15.197920996434796,1.2167369790592701
2010,all,5000,11,historical_density_minus_random,rmse,7.478447697421199,7.451646216218169,-0.026801481203030164
2010,all,5000,11,historical_density_minus_random,mae,4.4527422809251735,4.488463862385521,0.035721581460347096
2010,all,5000,11,historical_density_minus_random,median_absolute_error,1.6300962153034106,1.6170179953869024,-0.01307821991650826
2010,all,5000,11,historical_density_minus_random,p95_absolute_error,19.287453502209686,19.677819645060225,0.3903661428505387
2010,all,5000,11,historical_density_minus_random,p99_absolute_error,66.60873051563286,67.8193003811771,1.2105698655442438
2010,all,5000,12,spatial_coverage_minus_random,rmse,-1.257333054593822,-1.3074847384022092,-0.050151683808387304
2010,all,5000,12,spatial_coverage_minus_random,mae,0.4606482658678246,0.4372997882400433,-0.023348477627781306
2010,all,5000,12,spatial_coverage_minus_random,median_absolute_error,0.6837860908080984,0.6900980964838084,0.006312005675709997
2010,all,5000,12,spatial_coverage_minus_random,p95_absolute_error,0.6537433247134032,0.2274268327726929,-0.4263164919407103
2010,all,5000,12,spatial_coverage_minus_random,p99_absolute_error,-2.4476424669938908,-3.131074711252573,-0.6834322442586824
2010,all,5000,12,historical_density_minus_random,rmse,9.479761121131409,10.19598922262094,0.7162281014895306
2010,all,5000,12,historical_density_minus_random,mae,5.427139857883176,5.717215387135724,0.2900755292525474
2010,all,5000,12,historical_density_minus_random,median_absolute_error,2.0157688214799805,2.1115274485800057,0.09575862710002525
2010,all,5000,12,historical_density_minus_random,p95_absolute_error,22.359382641564583,24.118568830586085,1.7591861890215021
2010,all,5000,12,historical_density_minus_random,p99_absolute_error,73.63066127357101,77.63261450247103,4.001953228900021
2010,all,5000,13,spatial_coverage_minus_random,rmse,-0.360715727877487,-0.4822216382953712,-0.12150591041788417
2010,all,5000,13,spatial_coverage_minus_random,mae,0.5540957221344716,0.4371557800977896,-0.11693994203668195
2010,all,5000,13,spatial_coverage_minus_random,median_absolute_error,0.6231008849049715,0.5106258510052157,-0.11247503389975577
2010,all,5000,13,spatial_coverage_minus_random,p95_absolute_error,-0.2885857846484825,-0.0449997273870792,0.2435860572614033
2010,all,5000,13,spatial_coverage_minus_random,p99_absolute_error,-2.458778523519236,-3.713189445231365,-1.2544109217121289
2010,all,5000,13,historical_density_minus_random,rmse,10.370006330640557,9.723136227186362,-0.6468701034541944
2010,all,5000,13,historical_density_minus_random,mae,5.130197480224695,4.860310643690038,-0.2698868365346563
2010,all,5000,13,historical_density_minus_random,median_absolute_error,1.7389548831583852,1.614150498994377,-0.1248043841640083
2010,all,5000,13,historical_density_minus_random,p95_absolute_error,20.392016566292217,20.44559703021522,0.053580463923005084
2010,all,5000,13,historical_density_minus_random,p99_absolute_error,77.89236632974513,73.60153526839116,-4.29083106135397
2010,all,5000,14,spatial_coverage_minus_random,rmse,-1.461849869776092,-1.5945867802762557,-0.13273691050016367
2010,all,5000,14,spatial_coverage_minus_random,mae,1.5245198872295855,1.435021633028807,-0.0894982542007785
2010,all,5000,14,spatial_coverage_minus_random,median_absolute_error,1.5415484829510715,1.372936371220845,-0.1686121117302264
2010,all,5000,14,spatial_coverage_minus_random,p95_absolute_error,3.47165243956077,3.2843103474626822,-0.18734209209808794
2010,all,5000,14,spatial_coverage_minus_random,p99_absolute_error,3.487413926879356,2.6334650521051657,-0.8539488747741903
2010,all,5000,14,historical_density_minus_random,rmse,8.51300861641354,8.67266595397502,0.15965733756148026
2010,all,5000,14,historical_density_minus_random,mae,5.002021373248464,5.255120880997314,0.2530995077488498
2010,all,5000,14,historical_density_minus_random,median_absolute_error,2.1981756029431665,2.241595055765572,0.04341945282240545
2010,all,5000,14,historical_density_minus_random,p95_absolute_error,17.954362327129445,19.643813095966035,1.6894507688365898
2010,all,5000,14,historical_density_minus_random,p99_absolute_error,62.215510681168624,61.70223522857556,-0.5132754525930636
2010,all,5000,15,spatial_coverage_minus_random,rmse,-0.9278437752609108,-1.2891520855434777,-0.36130831028256694
2010,all,5000,15,spatial_coverage_minus_random,mae,0.1699978481737858,-0.044365563057843,-0.2143634112316288
2010,all,5000,15,spatial_coverage_minus_random,median_absolute_error,0.6477611846979414,0.4466909128013583,-0.2010702718965831
2010,all,5000,15,spatial_coverage_minus_random,p95_absolute_error,-0.5280455978626009,-0.6530658221074255,-0.12502022424482462
2010,all,5000,15,spatial_coverage_minus_random,p99_absolute_error,-8.206264847363563,-11.696262289550454,-3.4899974421868905
2010,all,5000,15,historical_density_minus_random,rmse,11.733947877914208,12.55684139876935,0.8228935208551427
2010,all,5000,15,historical_density_minus_random,mae,5.6147357376273845,6.065889701696282,0.4511539640688973
2010,all,5000,15,historical_density_minus_random,median_absolute_error,1.7565091630327745,1.8270663676302945,0.07055720459752002
2010,all,5000,15,historical_density_minus_random,p95_absolute_error,30.025199554223143,34.50573523659267,4.480535682369528
2010,all,5000,15,historical_density_minus_random,p99_absolute_error,62.28765170425916,63.632264644223255,1.3446129399640938
2010,all,5000,16,spatial_coverage_minus_random,rmse,-3.810806968705229,-3.790931448445708,0.019875520259520663
2010,all,5000,16,spatial_coverage_minus_random,mae,-0.4146914901106235,-0.5623775061927763,-0.14768601608215276
2010,all,5000,16,spatial_coverage_minus_random,median_absolute_error,0.5877825825528191,0.3791435783065822,-0.20863900424623694
2010,all,5000,16,spatial_coverage_minus_random,p95_absolute_error,-0.9588462349655664,-1.2702198874417905,-0.31137365247622406
2010,all,5000,16,spatial_coverage_minus_random,p99_absolute_error,-17.981206627535983,-18.1539665229945,-0.172759895458519
2010,all,5000,16,historical_density_minus_random,rmse,8.234266152633154,8.005656334240044,-0.22860981839311023
2010,all,5000,16,historical_density_minus_random,mae,4.647105325315962,4.380139987179632,-0.2669653381363304
2010,all,5000,16,historical_density_minus_random,median_absolute_error,1.7231918883705362,1.4102641197606545,-0.3129277686098817
2010,all,5000,16,historical_density_minus_random,p95_absolute_error,20.50248249138078,20.484243936169342,-0.018238555211436136
2010,all,5000,16,historical_density_minus_random,p99_absolute_error,67.76933178031828,65.0665784506916,-2.702753329626688
2010,all,5000,17,spatial_coverage_minus_random,rmse,-0.6636628051111373,-0.8825794212915845,-0.21891661618044722
2010,all,5000,17,spatial_coverage_minus_random,mae,0.97951071999897,0.7820094038758505,-0.1975013161231195
2010,all,5000,17,spatial_coverage_minus_random,median_absolute_error,0.9765493572155606,0.8279169906944617,-0.1486323665210989
2010,all,5000,17,spatial_coverage_minus_random,p95_absolute_error,2.736941144753249,1.7299180985905522,-1.0070230461626966
2010,all,5000,17,spatial_coverage_minus_random,p99_absolute_error,0.1420184491144951,-1.5041128915221904,-1.6461313406366855
2010,all,5000,17,historical_density_minus_random,rmse,10.74927104599961,10.407199316107995,-0.3420717298916145
2010,all,5000,17,historical_density_minus_random,mae,6.032692897203942,6.008235669167783,-0.024457228036158796
2010,all,5000,17,historical_density_minus_random,median_absolute_error,2.2330708549752387,2.282936027329868,0.049865172354629284
2010,all,5000,17,historical_density_minus_random,p95_absolute_error,25.235349187422774,25.463827633184508,0.22847844576173415
2010,all,5000,17,historical_density_minus_random,p99_absolute_error,80.88134679521275,76.0446246320752,-4.836722163137551
2010,all,5000,18,spatial_coverage_minus_random,rmse,-1.853617462527524,-1.76455153608471,0.08906592644281397
2010,all,5000,18,spatial_coverage_minus_random,mae,0.2702941013680586,0.4319274598104705,0.1616333584424119
2010,all,5000,18,spatial_coverage_minus_random,median_absolute_error,0.7844446041646052,0.9370944079645368,0.15264980379993165
2010,all,5000,18,spatial_coverage_minus_random,p95_absolute_error,-0.0858806222649022,0.2649774369312325,0.35085805919613466
2010,all,5000,18,spatial_coverage_minus_random,p99_absolute_error,-10.695489827669142,-12.328835410337923,-1.633345582668781
2010,all,5000,18,historical_density_minus_random,rmse,7.866555934131107,7.358244753681248,-0.5083111804498586
2010,all,5000,18,historical_density_minus_random,mae,4.884762197498267,4.648728284528287,-0.23603391296997955
2010,all,5000,18,historical_density_minus_random,median_absolute_error,2.0893467404812327,2.21587402244225,0.12652728196101748
2010,all,5000,18,historical_density_minus_random,p95_absolute_error,24.38402227782329,22.31348999333654,-2.0705322844867524
2010,all,5000,18,historical_density_minus_random,p99_absolute_error,32.02889021119053,26.77927923135772,-5.249610979832809
2010,all,5000,19,spatial_coverage_minus_random,rmse,0.1693927626186138,0.0355726450429685,-0.1338201175756453
2010,all,5000,19,spatial_coverage_minus_random,mae,1.181037696536725,0.956834250444377,-0.2242034460923481
2010,all,5000,19,spatial_coverage_minus_random,median_absolute_error,1.0481080337098376,0.994177358348736,-0.05393067536110163
2010,all,5000,19,spatial_coverage_minus_random,p95_absolute_error,2.3268410736796525,1.5993900512881325,-0.72745102239152
2010,all,5000,19,spatial_coverage_minus_random,p99_absolute_error,-1.9454289764311667,-4.993384012837197,-3.04795503640603
2010,all,5000,19,historical_density_minus_random,rmse,9.465270546064737,9.47513584004345,0.009865293978712941
2010,all,5000,19,historical_density_minus_random,mae,5.190113415227918,5.458913164760952,0.2687997495330343
2010,all,5000,19,historical_density_minus_random,median_absolute_error,2.068497618447253,2.3915578670183493,0.32306024857109605
2010,all,5000,19,historical_density_minus_random,p95_absolute_error,19.8010837141202,19.95302058972443,0.15193687560423186
2010,all,5000,19,historical_density_minus_random,p99_absolute_error,64.61786434156558,62.97431771720983,-1.64354662435575
2010,spco2_le_threshold,500,0,spatial_coverage_minus_random,rmse,0.0701837483072083,0.0427962023107326,-0.027387545996475707
2010,spco2_le_threshold,500,0,spatial_coverage_minus_random,mae,0.0403286635888271,-0.0109733408244174,-0.0513020044132445
2010,spco2_le_threshold,500,0,spatial_coverage_minus_random,median_absolute_error,0.276577717896771,0.2098321108234131,-0.06674560707335789
2010,spco2_le_threshold,500,0,spatial_coverage_minus_random,p95_absolute_error,-0.8773301370007118,-1.0308585433332669,-0.15352840633255505
2010,spco2_le_threshold,500,0,spatial_coverage_minus_random,p99_absolute_error,-0.1355930348211131,-0.6906021424934181,-0.555009107672305
2010,spco2_le_threshold,500,0,historical_density_minus_random,rmse,8.446886096833758,8.763438497248572,0.3165524004148139
2010,spco2_le_threshold,500,0,historical_density_minus_random,mae,5.178787269322598,5.275310751187732,0.09652348186513393
2010,spco2_le_threshold,500,0,historical_density_minus_random,median_absolute_error,3.5441267827711727,3.580676472253174,0.03654968948200121
2010,spco2_le_threshold,500,0,historical_density_minus_random,p95_absolute_error,16.762788531413833,16.888384043309543,0.1255955118957104
2010,spco2_le_threshold,500,0,historical_density_minus_random,p99_absolute_error,21.68622255511264,21.500921144019895,-0.18530141109274467
2010,spco2_le_threshold,500,1,spatial_coverage_minus_random,rmse,3.4622561200414808,3.218002331265385,-0.2442537887760956
2010,spco2_le_threshold,500,1,spatial_coverage_minus_random,mae,2.6374589870851253,2.435019575811026,-0.20243941127409926
2010,spco2_le_threshold,500,1,spatial_coverage_minus_random,median_absolute_error,2.0850530320117286,1.9539835772295648,-0.1310694547821638
2010,spco2_le_threshold,500,1,spatial_coverage_minus_random,p95_absolute_error,7.68080718532434,6.804014445548859,-0.8767927397754809
2010,spco2_le_threshold,500,1,spatial_coverage_minus_random,p99_absolute_error,11.670378969848926,10.843539388923276,-0.8268395809256504
2010,spco2_le_threshold,500,1,historical_density_minus_random,rmse,8.549615591344605,7.921630554218293,-0.6279850371263116
2010,spco2_le_threshold,500,1,historical_density_minus_random,mae,5.528539332798911,5.184719975208349,-0.34381935759056237
2010,spco2_le_threshold,500,1,historical_density_minus_random,median_absolute_error,3.854621347059776,3.688179398959676,-0.16644194810010005
2010,spco2_le_threshold,500,1,historical_density_minus_random,p95_absolute_error,15.333694173327617,13.907014062384915,-1.4266801109427014
2010,spco2_le_threshold,500,1,historical_density_minus_random,p99_absolute_error,30.025867100468744,26.99798960223025,-3.027877498238496
2010,spco2_le_threshold,500,2,spatial_coverage_minus_random,rmse,1.302926163457247,1.0040998013301383,-0.2988263621271088
2010,spco2_le_threshold,500,2,spatial_coverage_minus_random,mae,1.251589953179657,1.0960333139668528,-0.15555663921280427
2010,spco2_le_threshold,500,2,spatial_coverage_minus_random,median_absolute_error,1.2081610285707711,1.217590091975012,0.009429063404240878
2010,spco2_le_threshold,500,2,spatial_coverage_minus_random,p95_absolute_error,4.383037028578485,3.035868268343023,-1.347168760235462
2010,spco2_le_threshold,500,2,spatial_coverage_minus_random,p99_absolute_error,5.162462563157106,4.401241804089452,-0.7612207590676547
2010,spco2_le_threshold,500,2,historical_density_minus_random,rmse,9.677335139168342,8.746362846219,-0.9309722929493418
2010,spco2_le_threshold,500,2,historical_density_minus_random,mae,5.11522057108337,4.668429744304593,-0.446790826778777
2010,spco2_le_threshold,500,2,historical_density_minus_random,median_absolute_error,2.3807416033512823,2.2862002465451496,-0.09454135680613263
2010,spco2_le_threshold,500,2,historical_density_minus_random,p95_absolute_error,27.38817504215325,23.97471945079792,-3.41345559135533
2010,spco2_le_threshold,500,2,historical_density_minus_random,p99_absolute_error,42.81464120175795,41.832194433599554,-0.9824467681583968
2010,spco2_le_threshold,500,3,spatial_coverage_minus_random,rmse,-4.652599809498668,-4.560094273303573,0.0925055361950946
2010,spco2_le_threshold,500,3,spatial_coverage_minus_random,mae,-0.4980590882903826,-0.5674677829406924,-0.06940869465030985
2010,spco2_le_threshold,500,3,spatial_coverage_minus_random,median_absolute_error,1.1756497109612951,1.0030184061900511,-0.172631304771244
2010,spco2_le_threshold,500,3,spatial_coverage_minus_random,p95_absolute_error,-4.739056585351506,-4.739583766629806,-0.000527181278300759
2010,spco2_le_threshold,500,3,spatial_coverage_minus_random,p99_absolute_error,-52.49411559170936,-50.60480413362873,1.889311458080627
2010,spco2_le_threshold,500,3,historical_density_minus_random,rmse,6.0278477848242495,5.769868087360887,-0.25797969746336236
2010,spco2_le_threshold,500,3,historical_density_minus_random,mae,4.843491878499854,4.405118086472264,-0.4383737920275905
2010,spco2_le_threshold,500,3,historical_density_minus_random,median_absolute_error,3.79990581161195,3.3441359695398774,-0.4557698420720726
2010,spco2_le_threshold,500,3,historical_density_minus_random,p95_absolute_error,19.322827169671317,18.1015205743941,-1.2213065952772162
2010,spco2_le_threshold,500,3,historical_density_minus_random,p99_absolute_error,-2.687032238395858,0.0301217936485898,2.717154032044448
2010,spco2_le_threshold,500,4,spatial_coverage_minus_random,rmse,0.8316898210489434,0.7214468613600467,-0.11024295968889675
2010,spco2_le_threshold,500,4,spatial_coverage_minus_random,mae,1.2014070484508927,1.0742053704578822,-0.12720167799301052
2010,spco2_le_threshold,500,4,spatial_coverage_minus_random,median_absolute_error,1.3329565574262006,1.343538633591038,0.010582076164837417
2010,spco2_le_threshold,500,4,spatial_coverage_minus_random,p95_absolute_error,0.1263312023421008,-0.4322064503379295,-0.5585376526800303
2010,spco2_le_threshold,500,4,spatial_coverage_minus_random,p99_absolute_error,-2.4262807617918014,-2.031310641394967,0.39497012039683455
2010,spco2_le_threshold,500,4,historical_density_minus_random,rmse,9.71153210872465,9.603733859709912,-0.10779824901473845
2010,spco2_le_threshold,500,4,historical_density_minus_random,mae,5.466804871892634,5.420802133717771,-0.04600273817486311
2010,spco2_le_threshold,500,4,historical_density_minus_random,median_absolute_error,2.6938354692277926,2.9155287049970298,0.22169323576923716
2010,spco2_le_threshold,500,4,historical_density_minus_random,p95_absolute_error,29.056336965544688,27.28828414803435,-1.7680528175103376
2010,spco2_le_threshold,500,4,historical_density_minus_random,p99_absolute_error,33.90855640224069,33.311848791868,-0.5967076103726896
2010,spco2_le_threshold,500,5,spatial_coverage_minus_random,rmse,-0.7300694633708176,-0.8772608447631391,-0.14719138139232157
2010,spco2_le_threshold,500,5,spatial_coverage_minus_random,mae,0.1405112644533837,0.0949089850406394,-0.04560227941274429
2010,spco2_le_threshold,500,5,spatial_coverage_minus_random,median_absolute_error,0.3216404128830845,0.2969908810987363,-0.0246495317843482
2010,spco2_le_threshold,500,5,spatial_coverage_minus_random,p95_absolute_error,1.578268485548051,1.3921378839582417,-0.18613060158980943
2010,spco2_le_threshold,500,5,spatial_coverage_minus_random,p99_absolute_error,0.5386613567492873,-1.1479758426118565,-1.6866371993611438
2010,spco2_le_threshold,500,5,historical_density_minus_random,rmse,7.067843910160445,6.919982276786133,-0.1478616333743119
2010,spco2_le_threshold,500,5,historical_density_minus_random,mae,3.557090289818284,3.444087866228081,-0.11300242359020318
2010,spco2_le_threshold,500,5,historical_density_minus_random,median_absolute_error,1.7085088494344518,1.6547555004973449,-0.053753348937106926
2010,spco2_le_threshold,500,5,historical_density_minus_random,p95_absolute_error,16.167064926129797,16.360522949598447,0.1934580234686507
2010,spco2_le_threshold,500,5,historical_density_minus_random,p99_absolute_error,24.81803444175746,23.669676676453392,-1.1483577653040697
2010,spco2_le_threshold,500,6,spatial_coverage_minus_random,rmse,-0.0359722635249859,0.0648457884291886,0.10081805195417451
2010,spco2_le_threshold,500,6,spatial_coverage_minus_random,mae,0.8753561087814248,0.9262659105965731,0.05090980181514837
2010,spco2_le_threshold,500,6,spatial_coverage_minus_random,median_absolute_error,0.7352902961860082,0.6796818765856187,-0.055608419600389425
2010,spco2_le_threshold,500,6,spatial_coverage_minus_random,p95_absolute_error,4.0360125270976255,4.450031503015026,0.41401897591740067
2010,spco2_le_threshold,500,6,spatial_coverage_minus_random,p99_absolute_error,-5.861750209247077,-5.300587453443399,0.5611627558036778
2010,spco2_le_threshold,500,6,historical_density_minus_random,rmse,5.989575772500867,5.783982962249016,-0.20559281025185072
2010,spco2_le_threshold,500,6,historical_density_minus_random,mae,3.863588050940209,4.010453350802479,0.1468652998622697
2010,spco2_le_threshold,500,6,historical_density_minus_random,median_absolute_error,2.68332463395717,2.929301039054053,0.2459764050968829
2010,spco2_le_threshold,500,6,historical_density_minus_random,p95_absolute_error,10.80598685646791,10.851989733279453,0.04600287681154214
2010,spco2_le_threshold,500,6,historical_density_minus_random,p99_absolute_error,13.378420958899724,11.685395997249644,-1.6930249616500799
2010,spco2_le_threshold,500,7,spatial_coverage_minus_random,rmse,0.052934943886445,0.1694280595952335,0.1164931157087885
2010,spco2_le_threshold,500,7,spatial_coverage_minus_random,mae,0.5788405675506567,0.6529833654123287,0.074142797861672
2010,spco2_le_threshold,500,7,spatial_coverage_minus_random,median_absolute_error,0.5558232685318671,0.5727152592161815,0.01689199068431435
2010,spco2_le_threshold,500,7,spatial_coverage_minus_random,p95_absolute_error,2.8387125831030176,3.144598008056392,0.30588542495337423
2010,spco2_le_threshold,500,7,spatial_coverage_minus_random,p99_absolute_error,-1.2555278179238345,0.0337323629945984,1.289260180918433
2010,spco2_le_threshold,500,7,historical_density_minus_random,rmse,9.817153072919538,10.435384060222162,0.6182309873026242
2010,spco2_le_threshold,500,7,historical_density_minus_random,mae,5.77471117034969,6.031895545993962,0.25718437564427177
2010,spco2_le_threshold,500,7,historical_density_minus_random,median_absolute_error,3.189646714528408,3.255070485863257,0.06542377133484889
2010,spco2_le_threshold,500,7,historical_density_minus_random,p95_absolute_error,23.40790046152384,25.192079569282495,1.7841791077586535
2010,spco2_le_threshold,500,7,historical_density_minus_random,p99_absolute_error,41.197361492425856,46.08252002566127,4.885158533235412
2010,spco2_le_threshold,500,8,spatial_coverage_minus_random,rmse,22.68352594161511,22.196790197434144,-0.4867357441809652
2010,spco2_le_threshold,500,8,spatial_coverage_minus_random,mae,8.551308453396821,8.24919175359673,-0.3021166998000915
2010,spco2_le_threshold,500,8,spatial_coverage_minus_random,median_absolute_error,2.973062745577977,2.97399742288394,0.0009346773059633051
2010,spco2_le_threshold,500,8,spatial_coverage_minus_random,p95_absolute_error,34.45867462060161,33.807745998524524,-0.6509286220770889
2010,spco2_le_threshold,500,8,spatial_coverage_minus_random,p99_absolute_error,95.5152353531843,92.74143877495445,-2.773796578229849
2010,spco2_le_threshold,500,8,historical_density_minus_random,rmse,5.101298977791419,4.8467638017323615,-0.25453517605905773
2010,spco2_le_threshold,500,8,historical_density_minus_random,mae,3.1295357254116354,3.0172316718119774,-0.112304053599658
2010,spco2_le_threshold,500,8,historical_density_minus_random,median_absolute_error,2.2364080947430125,2.337502978337568,0.10109488359455554
2010,spco2_le_threshold,500,8,historical_density_minus_random,p95_absolute_error,8.688580972401269,7.906001210500875,-0.7825797619003936
2010,spco2_le_threshold,500,8,historical_density_minus_random,p99_absolute_error,7.614866187178222,5.112347980833661,-2.5025182063445612
2010,spco2_le_threshold,500,9,spatial_coverage_minus_random,rmse,-0.3457917707434248,-0.3802051254747773,-0.034413354731352486
2010,spco2_le_threshold,500,9,spatial_coverage_minus_random,mae,0.2464130992264692,0.2606115067635741,0.014198407537104885
2010,spco2_le_threshold,500,9,spatial_coverage_minus_random,median_absolute_error,0.2250527688152033,0.1427335845642119,-0.08231918425099141
2010,spco2_le_threshold,500,9,spatial_coverage_minus_random,p95_absolute_error,2.145295947659946,2.165131184880579,0.019835237220632962
2010,spco2_le_threshold,500,9,spatial_coverage_minus_random,p99_absolute_error,-2.9474530092343514,-3.39639475706926,-0.4489417478349087
2010,spco2_le_threshold,500,9,historical_density_minus_random,rmse,7.4989307761406145,7.247879004976351,-0.25105177116426347
2010,spco2_le_threshold,500,9,historical_density_minus_random,mae,4.88145370384979,4.659162001135595,-0.22229170271419463
2010,spco2_le_threshold,500,9,historical_density_minus_random,median_absolute_error,3.3390206033314485,3.0743972752859463,-0.26462332804550215
2010,spco2_le_threshold,500,9,historical_density_minus_random,p95_absolute_error,14.27924955631778,12.968226025064697,-1.311023531253083
2010,spco2_le_threshold,500,9,historical_density_minus_random,p99_absolute_error,34.505507565513255,35.750811527677186,1.2453039621639306
2010,spco2_le_threshold,500,10,spatial_coverage_minus_random,rmse,-3.23407019224085,-3.077391022269751,0.15667916997109899
2010,spco2_le_threshold,500,10,spatial_coverage_minus_random,mae,-0.3371840213843065,-0.1342571903540275,0.20292683103027898
2010,spco2_le_threshold,500,10,spatial_coverage_minus_random,median_absolute_error,1.3568270775836029,1.4659493973207418,0.10912231973713893
2010,spco2_le_threshold,500,10,spatial_coverage_minus_random,p95_absolute_error,-9.603845715069014,-9.15557916492034,0.44826655014867356
2010,spco2_le_threshold,500,10,spatial_coverage_minus_random,p99_absolute_error,-39.46031241289846,-40.05311021782104,-0.5927978049225828
2010,spco2_le_threshold,500,10,historical_density_minus_random,rmse,-0.289026445127412,-0.8803600558899589,-0.5913336107625469
2010,spco2_le_threshold,500,10,historical_density_minus_random,mae,1.5617879138322444,1.0865924593269476,-0.47519545450529677
2010,spco2_le_threshold,500,10,historical_density_minus_random,median_absolute_error,2.514755543356386,2.1952949623325253,-0.3194605810238609
2010,spco2_le_threshold,500,10,historical_density_minus_random,p95_absolute_error,-0.6183999042088999,-2.741581090340759,-2.123181186131859
2010,spco2_le_threshold,500,10,historical_density_minus_random,p99_absolute_error,-33.09791984268237,-35.898396448363826,-2.800476605681453
2010,spco2_le_threshold,500,11,spatial_coverage_minus_random,rmse,-1.8957051380648515,-1.912043650536102,-0.01633851247125051
2010,spco2_le_threshold,500,11,spatial_coverage_minus_random,mae,-0.7943457486707324,-0.8094342806270127,-0.015088531956280349
2010,spco2_le_threshold,500,11,spatial_coverage_minus_random,median_absolute_error,-0.2558288774101243,-0.2621950419575114,-0.006366164547387143
2010,spco2_le_threshold,500,11,spatial_coverage_minus_random,p95_absolute_error,-2.429269233337692,-2.3338985175213054,0.09537071581638656
2010,spco2_le_threshold,500,11,spatial_coverage_minus_random,p99_absolute_error,-12.214738981349612,-11.24861985312998,0.9661191282196313
2010,spco2_le_threshold,500,11,historical_density_minus_random,rmse,7.873480982463924,8.356954034697306,0.4834730522333821
2010,spco2_le_threshold,500,11,historical_density_minus_random,mae,4.002261599441638,4.092857964733284,0.0905963652916455
2010,spco2_le_threshold,500,11,historical_density_minus_random,median_absolute_error,1.614938901493474,1.3795027859627569,-0.2354361155307172
2010,spco2_le_threshold,500,11,historical_density_minus_random,p95_absolute_error,24.0633920556092,25.598442885441813,1.5350508298326133
2010,spco2_le_threshold,500,11,historical_density_minus_random,p99_absolute_error,30.385794284363413,35.24295140504127,4.857157120677854
2010,spco2_le_threshold,500,12,spatial_coverage_minus_random,rmse,-0.8860334061366899,-1.0007079486323818,-0.11467454249569187
2010,spco2_le_threshold,500,12,spatial_coverage_minus_random,mae,0.9790195457700896,0.8972660980964271,-0.08175344767366255
2010,spco2_le_threshold,500,12,spatial_coverage_minus_random,median_absolute_error,1.554590726756544,1.58300410508366,0.0284133783271161
2010,spco2_le_threshold,500,12,spatial_coverage_minus_random,p95_absolute_error,1.659202789197792,0.8031819879357727,-0.8560208012620194
2010,spco2_le_threshold,500,12,spatial_coverage_minus_random,p99_absolute_error,-2.9403163520456133,-5.102251541466629,-2.1619351894210155
2010,spco2_le_threshold,500,12,historical_density_minus_random,rmse,5.9508795275609145,6.098789914991279,0.14791038743036466
2010,spco2_le_threshold,500,12,historical_density_minus_random,mae,4.439127070827574,4.433230752535589,-0.00589631829198467
2010,spco2_le_threshold,500,12,historical_density_minus_random,median_absolute_error,3.460247389089318,3.58381606049943,0.12356867141011207
2010,spco2_le_threshold,500,12,historical_density_minus_random,p95_absolute_error,13.033100339738835,12.765682690770632,-0.26741764896820364
2010,spco2_le_threshold,500,12,historical_density_minus_random,p99_absolute_error,13.520509360184237,12.059299326943377,-1.4612100332408602
2010,spco2_le_threshold,500,13,spatial_coverage_minus_random,rmse,3.279296140281016,3.256124553542296,-0.02317158673872033
2010,spco2_le_threshold,500,13,spatial_coverage_minus_random,mae,1.95870831636222,1.993503290797268,0.034794974435047976
2010,spco2_le_threshold,500,13,spatial_coverage_minus_random,median_absolute_error,1.3385190875701485,1.3964533759158255,0.05793428834567704
2010,spco2_le_threshold,500,13,spatial_coverage_minus_random,p95_absolute_error,4.879307117006675,4.9149058539823045,0.03559873697562921
2010,spco2_le_threshold,500,13,spatial_coverage_minus_random,p99_absolute_error,24.776447142271977,22.603360610494818,-2.173086531777159
2010,spco2_le_threshold,500,13,historical_density_minus_random,rmse,8.818705619405915,8.814653256718046,-0.0040523626878687935
2010,spco2_le_threshold,500,13,historical_density_minus_random,mae,5.279217150541044,5.245986740144286,-0.033230410396758
2010,spco2_le_threshold,500,13,historical_density_minus_random,median_absolute_error,3.0325689009530947,2.891035427143663,-0.1415334738094316
2010,spco2_le_threshold,500,13,historical_density_minus_random,p95_absolute_error,23.58330506642858,22.88341059708389,-0.699894469344688
2010,spco2_le_threshold,500,13,historical_density_minus_random,p99_absolute_error,31.45754906241605,32.01964375508207,0.5620946926660224
2010,spco2_le_threshold,500,14,spatial_coverage_minus_random,rmse,0.7792752479864866,0.966623159808602,0.1873479118221154
2010,spco2_le_threshold,500,14,spatial_coverage_minus_random,mae,0.8579616435278083,0.8817878669930401,0.023826223465231777
2010,spco2_le_threshold,500,14,spatial_coverage_minus_random,median_absolute_error,0.643500048020087,0.5581773315984151,-0.08532271642167188
2010,spco2_le_threshold,500,14,spatial_coverage_minus_random,p95_absolute_error,2.296219897594796,2.721474152351732,0.4252542547569358
2010,spco2_le_threshold,500,14,spatial_coverage_minus_random,p99_absolute_error,4.652260877357762,6.165603434121181,1.5133425567634191
2010,spco2_le_threshold,500,14,historical_density_minus_random,rmse,7.603992743180552,8.172761758471882,0.5687690152913305
2010,spco2_le_threshold,500,14,historical_density_minus_random,mae,4.991440472081411,5.224618305696254,0.23317783361484246
2010,spco2_le_threshold,500,14,historical_density_minus_random,median_absolute_error,3.498408643096184,3.5100802670749545,0.01167162397877064
2010,spco2_le_threshold,500,14,historical_density_minus_random,p95_absolute_error,16.661689091374342,18.47965183271421,1.8179627413398691
2010,spco2_le_threshold,500,14,historical_density_minus_random,p99_absolute_error,24.677923550096168,28.539006313009367,3.861082762913199
2010,spco2_le_threshold,500,15,spatial_coverage_minus_random,rmse,-5.7850618060099,-5.756057237319403,0.029004568690496946
2010,spco2_le_threshold,500,15,spatial_coverage_minus_random,mae,-1.7482585736005412,-1.820016111507492,-0.07175753790695083
2010,spco2_le_threshold,500,15,spatial_coverage_minus_random,median_absolute_error,0.4070930149716787,0.3391659639271438,-0.06792705104453489
2010,spco2_le_threshold,500,15,spatial_coverage_minus_random,p95_absolute_error,-9.652889866569382,-9.424511328537449,0.22837853803193298
2010,spco2_le_threshold,500,15,spatial_coverage_minus_random,p99_absolute_error,-44.24579320986247,-44.75127110574482,-0.5054778958823505
2010,spco2_le_threshold,500,15,historical_density_minus_random,rmse,7.605105620968363,7.70514044331922,0.1000348223508567
2010,spco2_le_threshold,500,15,historical_density_minus_random,mae,4.442636183424085,4.595517233479065,0.15288105005497954
2010,spco2_le_threshold,500,15,historical_density_minus_random,median_absolute_error,2.513134321614473,2.830878529810548,0.3177442081960753
2010,spco2_le_threshold,500,15,historical_density_minus_random,p95_absolute_error,21.06015732752701,21.25653591954708,0.19637859202007135
2010,spco2_le_threshold,500,15,historical_density_minus_random,p99_absolute_error,21.01490792443641,22.694905838512057,1.6799979140756456
2010,spco2_le_threshold,500,16,spatial_coverage_minus_random,rmse,1.9742682242926684,1.8633233066821224,-0.11094491761054592
2010,spco2_le_threshold,500,16,spatial_coverage_minus_random,mae,1.986053084956508,1.845154497303163,-0.14089858765334484
2010,spco2_le_threshold,500,16,spatial_coverage_minus_random,median_absolute_error,1.779745941514534,1.5351832994038546,-0.24456264211067946
2010,spco2_le_threshold,500,16,spatial_coverage_minus_random,p95_absolute_error,5.478572155314254,5.125598446316815,-0.35297370899743896
2010,spco2_le_threshold,500,16,spatial_coverage_minus_random,p99_absolute_error,10.767002062975749,10.601515341556135,-0.1654867214196134
2010,spco2_le_threshold,500,16,historical_density_minus_random,rmse,6.60493724068435,6.10660714708682,-0.4983300935975299
2010,spco2_le_threshold,500,16,historical_density_minus_random,mae,4.184890972951832,3.75558855616622,-0.4293024167856121
2010,spco2_le_threshold,500,16,historical_density_minus_random,median_absolute_error,2.68597565497106,2.304704217774656,-0.3812714371964039
2010,spco2_le_threshold,500,16,historical_density_minus_random,p95_absolute_error,13.59560174616638,12.529296951780566,-1.0663047943858146
2010,spco2_le_threshold,500,16,historical_density_minus_random,p99_absolute_error,10.739800410552206,8.83767460023114,-1.902125810321067
2010,spco2_le_threshold,500,17,spatial_coverage_minus_random,rmse,-0.1023023777213403,-0.1466886504261246,-0.044386272704784305
2010,spco2_le_threshold,500,17,spatial_coverage_minus_random,mae,0.5186503594310423,0.4885703531985221,-0.030080006232520218
2010,spco2_le_threshold,500,17,spatial_coverage_minus_random,median_absolute_error,0.3529447905261236,0.389557277594406,0.03661248706828241
2010,spco2_le_threshold,500,17,spatial_coverage_minus_random,p95_absolute_error,2.4073033926486573,2.5336308324192203,0.12632743977056293
2010,spco2_le_threshold,500,17,spatial_coverage_minus_random,p99_absolute_error,-5.071817420670413,-5.059159416242764,0.012658004427649416
2010,spco2_le_threshold,500,17,historical_density_minus_random,rmse,8.864688212990927,7.804163196130897,-1.06052501686003
2010,spco2_le_threshold,500,17,historical_density_minus_random,mae,4.534023521577648,3.999230108383976,-0.5347934131936722
2010,spco2_le_threshold,500,17,historical_density_minus_random,median_absolute_error,2.3171992955752216,2.265168592491932,-0.05203070308328961
2010,spco2_le_threshold,500,17,historical_density_minus_random,p95_absolute_error,19.80235109574761,15.345090002146236,-4.457261093601375
2010,spco2_le_threshold,500,17,historical_density_minus_random,p99_absolute_error,24.90127764934759,21.35274775987257,-3.54852988947502
2010,spco2_le_threshold,500,18,spatial_coverage_minus_random,rmse,-0.875356009772073,-0.6924838542701082,0.18287215550196478
2010,spco2_le_threshold,500,18,spatial_coverage_minus_random,mae,-0.3605344024969383,-0.2040906589999132,0.1564437434970251
2010,spco2_le_threshold,500,18,spatial_coverage_minus_random,median_absolute_error,-0.073462024535047,0.1096291514011795,0.18309117593622648
2010,spco2_le_threshold,500,18,spatial_coverage_minus_random,p95_absolute_error,-1.3244857391717062,-0.8154086261289137,0.5090771130427925
2010,spco2_le_threshold,500,18,spatial_coverage_minus_random,p99_absolute_error,-3.1638654672993454,-2.711170788624344,0.45269467867500124
2010,spco2_le_threshold,500,18,historical_density_minus_random,rmse,5.515112207080147,5.680322732504084,0.16521052542393733
2010,spco2_le_threshold,500,18,historical_density_minus_random,mae,4.309871841207482,4.34759644407211,0.03772460286462831
2010,spco2_le_threshold,500,18,historical_density_minus_random,median_absolute_error,4.014643287115291,3.811788928029557,-0.2028543590857339
2010,spco2_le_threshold,500,18,historical_density_minus_random,p95_absolute_error,6.670277812086511,6.859423194203771,0.1891453821172595
2010,spco2_le_threshold,500,18,historical_density_minus_random,p99_absolute_error,6.692592808749438,7.153413062885932,0.4608202541364932
2010,spco2_le_threshold,500,19,spatial_coverage_minus_random,rmse,5.640535214454975,5.594015288376951,-0.04651992607802402
2010,spco2_le_threshold,500,19,spatial_coverage_minus_random,mae,2.4460763483509,2.5379877708253566,0.09191142247445683
2010,spco2_le_threshold,500,19,spatial_coverage_minus_random,median_absolute_error,1.182779901824745,1.3469847629301626,0.16420486110541765
2010,spco2_le_threshold,500,19,spatial_coverage_minus_random,p95_absolute_error,6.385504885092644,6.427548894408716,0.042044009316072106
2010,spco2_le_threshold,500,19,spatial_coverage_minus_random,p99_absolute_error,40.369802144746,40.56273641438081,0.19293426963481153
2010,spco2_le_threshold,500,19,historical_density_minus_random,rmse,14.493664081907877,14.156284559448537,-0.3373795224593401
2010,spco2_le_threshold,500,19,historical_density_minus_random,mae,6.331042349405497,6.116464129156565,-0.21457822024893147
2010,spco2_le_threshold,500,19,historical_density_minus_random,median_absolute_error,1.926041040226096,1.724311894285904,-0.20172914594019198
2010,spco2_le_threshold,500,19,historical_density_minus_random,p95_absolute_error,43.52031591328085,41.22467234137267,-2.2956435719081796
2010,spco2_le_threshold,500,19,historical_density_minus_random,p99_absolute_error,75.89515737314618,75.93822927933518,0.04307190618899881
2010,spco2_le_threshold,1000,0,spatial_coverage_minus_random,rmse,1.0951354885646405,0.9853060958790216,-0.10982939268561887
2010,spco2_le_threshold,1000,0,spatial_coverage_minus_random,mae,1.1080629811207778,1.0220801673839048,-0.085982813736873
2010,spco2_le_threshold,1000,0,spatial_coverage_minus_random,median_absolute_error,0.8257238607956765,0.7331428026441813,-0.0925810581514952
2010,spco2_le_threshold,1000,0,spatial_coverage_minus_random,p95_absolute_error,3.562354828428596,3.210458376006983,-0.35189645242161305
2010,spco2_le_threshold,1000,0,spatial_coverage_minus_random,p99_absolute_error,2.166925854157157,2.306695850515638,0.13976999635848086
2010,spco2_le_threshold,1000,0,historical_density_minus_random,rmse,11.91940701207302,11.124471776653936,-0.794935235419084
2010,spco2_le_threshold,1000,0,historical_density_minus_random,mae,6.553576151196063,6.124601769741295,-0.4289743814547684
2010,spco2_le_threshold,1000,0,historical_density_minus_random,median_absolute_error,3.3645141046651474,3.178676358202836,-0.18583774646231133
2010,spco2_le_threshold,1000,0,historical_density_minus_random,p95_absolute_error,29.14965506051348,27.02255896073845,-2.127096099775031
2010,spco2_le_threshold,1000,0,historical_density_minus_random,p99_absolute_error,37.53476337111891,33.686377045584635,-3.8483863255342783
2010,spco2_le_threshold,1000,1,spatial_coverage_minus_random,rmse,2.169835641773105,2.214864021843095,0.04502838006998999
2010,spco2_le_threshold,1000,1,spatial_coverage_minus_random,mae,1.813571856665812,1.872108008082563,0.05853615141675084
2010,spco2_le_threshold,1000,1,spatial_coverage_minus_random,median_absolute_error,1.1638891960574256,1.2116559115977452,0.04776671554031964
2010,spco2_le_threshold,1000,1,spatial_coverage_minus_random,p95_absolute_error,6.337906882179283,6.4788422185667685,0.14093533638748568
2010,spco2_le_threshold,1000,1,spatial_coverage_minus_random,p99_absolute_error,7.208670382077557,7.587122238584172,0.37845185650661506
2010,spco2_le_threshold,1000,1,historical_density_minus_random,rmse,8.097602401872614,8.341139989923924,0.24353758805131065
2010,spco2_le_threshold,1000,1,historical_density_minus_random,mae,5.373073773815149,5.406230642303566,0.033156868488417146
2010,spco2_le_threshold,1000,1,historical_density_minus_random,median_absolute_error,3.523943001161172,3.499542955511401,-0.02440004564977105
2010,spco2_le_threshold,1000,1,historical_density_minus_random,p95_absolute_error,16.410533716756987,17.247976207915798,0.8374424911588108
2010,spco2_le_threshold,1000,1,historical_density_minus_random,p99_absolute_error,10.76888544800191,14.640698927898429,3.8718134798965185
2010,spco2_le_threshold,1000,2,spatial_coverage_minus_random,rmse,-0.7782737725457594,-0.7430046590891983,0.03526911345656103
2010,spco2_le_threshold,1000,2,spatial_coverage_minus_random,mae,0.842530564152927,0.7943841237046083,-0.04814644044831873
2010,spco2_le_threshold,1000,2,spatial_coverage_minus_random,median_absolute_error,1.167703966109059,1.073643008777026,-0.09406095733203301
2010,spco2_le_threshold,1000,2,spatial_coverage_minus_random,p95_absolute_error,1.5663907165819635,2.0481926569066786,0.48180194032471513
2010,spco2_le_threshold,1000,2,spatial_coverage_minus_random,p99_absolute_error,-1.2217769899210822,-0.0224402003521646,1.1993367895689175
2010,spco2_le_threshold,1000,2,historical_density_minus_random,rmse,7.1161825260161,7.8174270642848,0.7012445382686998
2010,spco2_le_threshold,1000,2,historical_density_minus_random,mae,4.170138809590274,4.501824978046431,0.33168616845615695
2010,spco2_le_threshold,1000,2,historical_density_minus_random,median_absolute_error,2.7885602948749693,2.8648813104227884,0.07632101554781912
2010,spco2_le_threshold,1000,2,historical_density_minus_random,p95_absolute_error,13.297673795359458,15.336495766878071,2.0388219715186136
2010,spco2_le_threshold,1000,2,historical_density_minus_random,p99_absolute_error,38.15211007276777,41.39623194772308,3.2441218749553116
2010,spco2_le_threshold,1000,3,spatial_coverage_minus_random,rmse,-3.3340875069957256,-3.441067496411048,-0.1069799894153225
2010,spco2_le_threshold,1000,3,spatial_coverage_minus_random,mae,-0.5965171402450036,-0.7556491773704188,-0.15913203712541524
2010,spco2_le_threshold,1000,3,spatial_coverage_minus_random,median_absolute_error,0.3882292761868484,0.1633569138671191,-0.2248723623197293
2010,spco2_le_threshold,1000,3,spatial_coverage_minus_random,p95_absolute_error,-1.485017770651126,-1.7313549558891168,-0.24633718523799075
2010,spco2_le_threshold,1000,3,spatial_coverage_minus_random,p99_absolute_error,-30.1424401737587,-26.51825637057649,3.624183803182209
2010,spco2_le_threshold,1000,3,historical_density_minus_random,rmse,6.8340652445743615,6.615222568126086,-0.2188426764482756
2010,spco2_le_threshold,1000,3,historical_density_minus_random,mae,4.736005206443737,4.637654945465544,-0.09835026097819366
2010,spco2_le_threshold,1000,3,historical_density_minus_random,median_absolute_error,2.6878890530452964,2.571283664777752,-0.11660538826754419
2010,spco2_le_threshold,1000,3,historical_density_minus_random,p95_absolute_error,25.66810990406753,25.33991082169092,-0.3281990823766101
2010,spco2_le_threshold,1000,3,historical_density_minus_random,p99_absolute_error,5.363349601671715,5.274361502172297,-0.08898809949941722
2010,spco2_le_threshold,1000,4,spatial_coverage_minus_random,rmse,13.416673815249794,13.593511028033038,0.17683721278324427
2010,spco2_le_threshold,1000,4,spatial_coverage_minus_random,mae,4.6086206305145225,4.591574350076497,-0.017046280438025363
2010,spco2_le_threshold,1000,4,spatial_coverage_minus_random,median_absolute_error,1.2530586774928452,1.2805424766941087,0.027483799201263537
2010,spco2_le_threshold,1000,4,spatial_coverage_minus_random,p95_absolute_error,15.33689460141528,14.908176916726688,-0.42871768468859095
2010,spco2_le_threshold,1000,4,spatial_coverage_minus_random,p99_absolute_error,66.78009008141922,68.76198890236046,1.9818988209412396
2010,spco2_le_threshold,1000,4,historical_density_minus_random,rmse,10.604885605497302,10.543386724031496,-0.06149888146580551
2010,spco2_le_threshold,1000,4,historical_density_minus_random,mae,4.468749284170627,4.600199206090968,0.13144992192034088
2010,spco2_le_threshold,1000,4,historical_density_minus_random,median_absolute_error,1.7851077337259085,2.055064162164115,0.26995642843820633
2010,spco2_le_threshold,1000,4,historical_density_minus_random,p95_absolute_error,18.98667011021433,17.743570341996275,-1.2430997682180553
2010,spco2_le_threshold,1000,4,historical_density_minus_random,p99_absolute_error,58.57415744706813,57.41640806909828,-1.15774937796985
2010,spco2_le_threshold,1000,5,spatial_coverage_minus_random,rmse,-0.6596389546942163,-1.0369294061051022,-0.3772904514108859
2010,spco2_le_threshold,1000,5,spatial_coverage_minus_random,mae,-0.0430808848149872,-0.3390954655671052,-0.29601458075211795
2010,spco2_le_threshold,1000,5,spatial_coverage_minus_random,median_absolute_error,0.061304217834504,-0.0852735505386022,-0.1465777683731062
2010,spco2_le_threshold,1000,5,spatial_coverage_minus_random,p95_absolute_error,0.9851770652169308,0.0474112648143147,-0.9377658004026161
2010,spco2_le_threshold,1000,5,spatial_coverage_minus_random,p99_absolute_error,-1.973574992217649,-3.0174909389433964,-1.0439159467257473
2010,spco2_le_threshold,1000,5,historical_density_minus_random,rmse,11.619670415532685,11.51323729985386,-0.10643311567882563
2010,spco2_le_threshold,1000,5,historical_density_minus_random,mae,5.935953885303976,5.718103351465848,-0.2178505338381287
2010,spco2_le_threshold,1000,5,historical_density_minus_random,median_absolute_error,2.510982712780901,2.3611020588955967,-0.14988065388530414
2010,spco2_le_threshold,1000,5,historical_density_minus_random,p95_absolute_error,28.925142741115,27.69937124466847,-1.22577149644653
2010,spco2_le_threshold,1000,5,historical_density_minus_random,p99_absolute_error,48.65231747510583,50.06802051769995,1.4157030425941173
2010,spco2_le_threshold,1000,6,spatial_coverage_minus_random,rmse,-1.0712036448759008,-1.076554132491541,-0.005350487615640276
2010,spco2_le_threshold,1000,6,spatial_coverage_minus_random,mae,0.1291553170642689,0.024651857738041,-0.10450345932622788
2010,spco2_le_threshold,1000,6,spatial_coverage_minus_random,median_absolute_error,0.4252390345536128,0.2536333118128482,-0.17160572274076458
2010,spco2_le_threshold,1000,6,spatial_coverage_minus_random,p95_absolute_error,-0.0444721434108146,-0.1349195758079986,-0.090447432397184
2010,spco2_le_threshold,1000,6,spatial_coverage_minus_random,p99_absolute_error,-3.348481941380868,-2.2718350071282885,1.0766469342525795
2010,spco2_le_threshold,1000,6,historical_density_minus_random,rmse,6.093380985226304,6.255935503924871,0.16255451869856685
2010,spco2_le_threshold,1000,6,historical_density_minus_random,mae,3.756847768220153,3.8542698814803895,0.09742211326023664
2010,spco2_le_threshold,1000,6,historical_density_minus_random,median_absolute_error,2.488847321755088,2.510258267293864,0.02141094553877565
2010,spco2_le_threshold,1000,6,historical_density_minus_random,p95_absolute_error,11.766139493525516,12.050887176025242,0.2847476824997255
2010,spco2_le_threshold,1000,6,historical_density_minus_random,p99_absolute_error,27.769099005650617,27.229942071411717,-0.5391569342388998
2010,spco2_le_threshold,1000,7,spatial_coverage_minus_random,rmse,-1.3025609967326623,-1.361709403235647,-0.059148406502984585
2010,spco2_le_threshold,1000,7,spatial_coverage_minus_random,mae,-0.1949909269824079,-0.345414918564499,-0.15042399158209113
2010,spco2_le_threshold,1000,7,spatial_coverage_minus_random,median_absolute_error,0.1141792155302141,0.0186227598646837,-0.0955564556655304
2010,spco2_le_threshold,1000,7,spatial_coverage_minus_random,p95_absolute_error,-1.083303682777995,-1.5479833391287627,-0.4646796563507678
2010,spco2_le_threshold,1000,7,spatial_coverage_minus_random,p99_absolute_error,-5.359448598372055,-5.411553726436821,-0.05210512806476686
2010,spco2_le_threshold,1000,7,historical_density_minus_random,rmse,7.396655051900609,7.063582912520946,-0.33307213937966296
2010,spco2_le_threshold,1000,7,historical_density_minus_random,mae,4.466285502649461,4.184167240338754,-0.282118262310707
2010,spco2_le_threshold,1000,7,historical_density_minus_random,median_absolute_error,2.6018297666783496,2.3917310219031265,-0.21009874477522317
2010,spco2_le_threshold,1000,7,historical_density_minus_random,p95_absolute_error,16.31902594318882,15.379310003595691,-0.9397159395931283
2010,spco2_le_threshold,1000,7,historical_density_minus_random,p99_absolute_error,24.407771457095865,28.34217701115868,3.9344055540628133
2010,spco2_le_threshold,1000,8,spatial_coverage_minus_random,rmse,6.620563817182212,6.818662554445641,0.19809873726342886
2010,spco2_le_threshold,1000,8,spatial_coverage_minus_random,mae,1.9471212288734543,2.047645210253199,0.10052398137974472
2010,spco2_le_threshold,1000,8,spatial_coverage_minus_random,median_absolute_error,0.8198547383445884,0.9192521822227492,0.09939744387816074
2010,spco2_le_threshold,1000,8,spatial_coverage_minus_random,p95_absolute_error,6.299792325448976,6.636209132109741,0.3364168066607647
2010,spco2_le_threshold,1000,8,spatial_coverage_minus_random,p99_absolute_error,16.754135147375067,15.224554004930994,-1.5295811424440728
2010,spco2_le_threshold,1000,8,historical_density_minus_random,rmse,8.467084748443085,7.965637339368694,-0.501447409074391
2010,spco2_le_threshold,1000,8,historical_density_minus_random,mae,4.162972302161487,3.918681577486249,-0.24429072467523794
2010,spco2_le_threshold,1000,8,historical_density_minus_random,median_absolute_error,1.6108264142515054,1.5643810554856827,-0.046445358765822675
2010,spco2_le_threshold,1000,8,historical_density_minus_random,p95_absolute_error,21.638976215324107,20.23975160261051,-1.3992246127135957
2010,spco2_le_threshold,1000,8,historical_density_minus_random,p99_absolute_error,36.96146777035399,32.63190549134856,-4.32956227900543
2010,spco2_le_threshold,1000,9,spatial_coverage_minus_random,rmse,0.2870147205985205,0.1788654606419228,-0.10814925995659772
2010,spco2_le_threshold,1000,9,spatial_coverage_minus_random,mae,0.7801338185833497,0.7308075658023956,-0.04932625278095415
2010,spco2_le_threshold,1000,9,spatial_coverage_minus_random,median_absolute_error,0.4120862673154306,0.4351400270068666,0.023053759691436027
2010,spco2_le_threshold,1000,9,spatial_coverage_minus_random,p95_absolute_error,4.129218528233707,3.953876615475508,-0.17534191275819921
2010,spco2_le_threshold,1000,9,spatial_coverage_minus_random,p99_absolute_error,4.588446066270436,4.587206576729258,-0.0012394895411773632
2010,spco2_le_threshold,1000,9,historical_density_minus_random,rmse,8.579265775512308,8.404758296470082,-0.17450747904222652
2010,spco2_le_threshold,1000,9,historical_density_minus_random,mae,5.045662213318117,5.045256797874888,-0.0004054154432289181
2010,spco2_le_threshold,1000,9,historical_density_minus_random,median_absolute_error,2.9462058184277,2.912795433413862,-0.03341038501383764
2010,spco2_le_threshold,1000,9,historical_density_minus_random,p95_absolute_error,17.507954709249276,17.427461180667706,-0.08049352858157022
2010,spco2_le_threshold,1000,9,historical_density_minus_random,p99_absolute_error,34.76494877137546,32.12523525702085,-2.639713514354611
2010,spco2_le_threshold,1000,10,spatial_coverage_minus_random,rmse,-4.809926572025223,-4.623515435086858,0.1864111369383643
2010,spco2_le_threshold,1000,10,spatial_coverage_minus_random,mae,-1.1820882546968452,-1.0899705563534,0.0921176983434453
2010,spco2_le_threshold,1000,10,spatial_coverage_minus_random,median_absolute_error,0.4482136856323677,0.5241618344024346,0.07594814877006689
2010,spco2_le_threshold,1000,10,spatial_coverage_minus_random,p95_absolute_error,-5.888466276910265,-5.848025845274663,0.04044043163560129
2010,spco2_le_threshold,1000,10,spatial_coverage_minus_random,p99_absolute_error,-28.711004576211693,-26.98655192998504,1.724452646226652
2010,spco2_le_threshold,1000,10,historical_density_minus_random,rmse,3.205365168935693,3.62322843036209,0.41786326142639707
2010,spco2_le_threshold,1000,10,historical_density_minus_random,mae,2.9014736839630366,3.0174760742647635,0.11600239030172688
2010,spco2_le_threshold,1000,10,historical_density_minus_random,median_absolute_error,3.072889320009608,2.9499272947830946,-0.12296202522651356
2010,spco2_le_threshold,1000,10,historical_density_minus_random,p95_absolute_error,4.290232149094749,5.624540824046875,1.3343086749521262
2010,spco2_le_threshold,1000,10,historical_density_minus_random,p99_absolute_error,-0.9767984477174992,0.2059893182197498,1.182787765937249
2010,spco2_le_threshold,1000,11,spatial_coverage_minus_random,rmse,-6.284700791898089,-6.264547979721662,0.02015281217642695
2010,spco2_le_threshold,1000,11,spatial_coverage_minus_random,mae,-0.9385707704809044,-0.925000260129659,0.013570510351245457
2010,spco2_le_threshold,1000,11,spatial_coverage_minus_random,median_absolute_error,0.646869845654237,0.6251042344758275,-0.021765611178409472
2010,spco2_le_threshold,1000,11,spatial_coverage_minus_random,p95_absolute_error,-3.3140277605900224,-3.396594611358239,-0.08256685076821668
2010,spco2_le_threshold,1000,11,spatial_coverage_minus_random,p99_absolute_error,-30.115190686129356,-29.60048684912978,0.5147038369995762
2010,spco2_le_threshold,1000,11,historical_density_minus_random,rmse,3.4149891752254184,2.9856341799046504,-0.42935499532076804
2010,spco2_le_threshold,1000,11,historical_density_minus_random,mae,3.096865973513708,2.921328317602917,-0.1755376559107913
2010,spco2_le_threshold,1000,11,historical_density_minus_random,median_absolute_error,1.891925786646766,1.7948398471270366,-0.09708593951972944
2010,spco2_le_threshold,1000,11,historical_density_minus_random,p95_absolute_error,14.927312355225638,14.268301843368109,-0.6590105118575291
2010,spco2_le_threshold,1000,11,historical_density_minus_random,p99_absolute_error,28.953130288602186,25.871018872819207,-3.082111415782979
2010,spco2_le_threshold,1000,12,spatial_coverage_minus_random,rmse,-4.900819874681687,-4.880336797111628,0.020483077570059294
2010,spco2_le_threshold,1000,12,spatial_coverage_minus_random,mae,-0.345229119574352,-0.3947403904645057,-0.049511270890153725
2010,spco2_le_threshold,1000,12,spatial_coverage_minus_random,median_absolute_error,1.186634878819234,1.095264330823852,-0.09137054799538191
2010,spco2_le_threshold,1000,12,spatial_coverage_minus_random,p95_absolute_error,-3.55545178949356,-3.5320288384877188,0.02342295100584124
2010,spco2_le_threshold,1000,12,spatial_coverage_minus_random,p99_absolute_error,-21.69284442876841,-21.28062312354875,0.41222130521965994
2010,spco2_le_threshold,1000,12,historical_density_minus_random,rmse,4.495863767906581,4.786892444160401,0.2910286762538199
2010,spco2_le_threshold,1000,12,historical_density_minus_random,mae,3.9698616833790457,4.114974225839815,0.14511254246076977
2010,spco2_le_threshold,1000,12,historical_density_minus_random,median_absolute_error,3.352014788360293,3.4071222154701672,0.05510742710987415
2010,spco2_le_threshold,1000,12,historical_density_minus_random,p95_absolute_error,9.557424770445069,11.025503994096994,1.468079223651925
2010,spco2_le_threshold,1000,12,historical_density_minus_random,p99_absolute_error,29.6964773007343,30.750154342143347,1.0536770414090455
2010,spco2_le_threshold,1000,13,spatial_coverage_minus_random,rmse,3.371862945307786,2.9125399966736367,-0.45932294863414924
2010,spco2_le_threshold,1000,13,spatial_coverage_minus_random,mae,2.176408455064472,1.9664969177526253,-0.20991153731184653
2010,spco2_le_threshold,1000,13,spatial_coverage_minus_random,median_absolute_error,1.5495380292910568,1.5199568892199409,-0.029581140071115897
2010,spco2_le_threshold,1000,13,spatial_coverage_minus_random,p95_absolute_error,4.837528827449717,3.598589475827936,-1.2389393516217804
2010,spco2_le_threshold,1000,13,spatial_coverage_minus_random,p99_absolute_error,15.769987793727296,13.38979897283599,-2.3801888208913056
2010,spco2_le_threshold,1000,13,historical_density_minus_random,rmse,8.457798042661896,8.482723636487737,0.024925593825841474
2010,spco2_le_threshold,1000,13,historical_density_minus_random,mae,4.89953566832725,4.895047728091496,-0.004487940235753385
2010,spco2_le_threshold,1000,13,historical_density_minus_random,median_absolute_error,2.771858967327546,2.746487808475081,-0.025371158852465214
2010,spco2_le_threshold,1000,13,historical_density_minus_random,p95_absolute_error,17.20905104096954,16.3321069646762,-0.8769440762933414
2010,spco2_le_threshold,1000,13,historical_density_minus_random,p99_absolute_error,42.69237998308739,44.13111013077622,1.4387301476888297
2010,spco2_le_threshold,1000,14,spatial_coverage_minus_random,rmse,6.028369154449386,6.146739918237632,0.11837076378824563
2010,spco2_le_threshold,1000,14,spatial_coverage_minus_random,mae,2.6890454016772853,2.872660634268556,0.18361523259127077
2010,spco2_le_threshold,1000,14,spatial_coverage_minus_random,median_absolute_error,1.0027712012188204,1.1720853536146478,0.16931415239582748
2010,spco2_le_threshold,1000,14,spatial_coverage_minus_random,p95_absolute_error,8.337162506635536,8.990641135560566,0.6534786289250292
2010,spco2_le_threshold,1000,14,spatial_coverage_minus_random,p99_absolute_error,44.30829049627268,43.28005698337222,-1.0282335129004636
2010,spco2_le_threshold,1000,14,historical_density_minus_random,rmse,14.422828958312596,14.332247817355404,-0.09058114095719283
2010,spco2_le_threshold,1000,14,historical_density_minus_random,mae,6.772619932673921,6.716521568370204,-0.05609836430371651
2010,spco2_le_threshold,1000,14,historical_density_minus_random,median_absolute_error,3.43603498711866,3.468238019225112,0.032203032106452145
2010,spco2_le_threshold,1000,14,historical_density_minus_random,p95_absolute_error,19.513664613768952,19.185334654947557,-0.3283299588213957
2010,spco2_le_threshold,1000,14,historical_density_minus_random,p99_absolute_error,86.06954650975179,85.90422896732792,-0.16531754242386398
2010,spco2_le_threshold,1000,15,spatial_coverage_minus_random,rmse,0.2180167871493381,0.3317724263368689,0.11375563918753079
2010,spco2_le_threshold,1000,15,spatial_coverage_minus_random,mae,0.4744330821330038,0.5517842850709851,0.07735120293798131
2010,spco2_le_threshold,1000,15,spatial_coverage_minus_random,median_absolute_error,0.6929205975106356,0.7524101104767738,0.059489512966138136
2010,spco2_le_threshold,1000,15,spatial_coverage_minus_random,p95_absolute_error,-0.1978991572457289,0.3518486019691238,0.5497477592148527
2010,spco2_le_threshold,1000,15,spatial_coverage_minus_random,p99_absolute_error,-0.298559464777,0.4627017799489437,0.7612612447259437
2010,spco2_le_threshold,1000,15,historical_density_minus_random,rmse,8.497766502751006,8.692064550643181,0.19429804789217542
2010,spco2_le_threshold,1000,15,historical_density_minus_random,mae,4.385187022692051,4.47506428030249,0.08987725761043919
2010,spco2_le_threshold,1000,15,historical_density_minus_random,median_absolute_error,2.0108431556535606,2.141816776331609,0.13097362067804852
2010,spco2_le_threshold,1000,15,historical_density_minus_random,p95_absolute_error,20.5822197614734,20.876329235083432,0.2941094736100318
2010,spco2_le_threshold,1000,15,historical_density_minus_random,p99_absolute_error,14.784523529275203,16.198287567739072,1.413764038463869
2010,spco2_le_threshold,1000,16,spatial_coverage_minus_random,rmse,-0.735384626426903,-0.6905265651732684,0.04485806125363467
2010,spco2_le_threshold,1000,16,spatial_coverage_minus_random,mae,0.4928736646714515,0.5510492055986465,0.05817554092719496
2010,spco2_le_threshold,1000,16,spatial_coverage_minus_random,median_absolute_error,0.8433870602508478,0.7869143353842105,-0.056472724866637236
2010,spco2_le_threshold,1000,16,spatial_coverage_minus_random,p95_absolute_error,0.8427160270764773,0.927059610176002,0.08434358309952472
2010,spco2_le_threshold,1000,16,spatial_coverage_minus_random,p99_absolute_error,-6.205495657437368,-6.741117293424637,-0.535621635987269
2010,spco2_le_threshold,1000,16,historical_density_minus_random,rmse,7.252947196176343,7.313578181802615,0.060630985626271894
2010,spco2_le_threshold,1000,16,historical_density_minus_random,mae,4.484611540493567,4.439986164518142,-0.04462537597542493
2010,spco2_le_threshold,1000,16,historical_density_minus_random,median_absolute_error,2.7873708498474343,2.589471254657326,-0.19789959519010836
2010,spco2_le_threshold,1000,16,historical_density_minus_random,p95_absolute_error,15.793462024005294,16.621883595189928,0.8284215711846343
2010,spco2_le_threshold,1000,16,historical_density_minus_random,p99_absolute_error,24.741272308991697,24.555700905876336,-0.18557140311536102
2010,spco2_le_threshold,1000,17,spatial_coverage_minus_random,rmse,-0.1579775773049121,-0.3264137394604631,-0.168436162155551
2010,spco2_le_threshold,1000,17,spatial_coverage_minus_random,mae,1.0394064583975968,0.8556457161999784,-0.1837607421976184
2010,spco2_le_threshold,1000,17,spatial_coverage_minus_random,median_absolute_error,0.9574245902080064,0.8569016513574752,-0.10052293885053121
2010,spco2_le_threshold,1000,17,spatial_coverage_minus_random,p95_absolute_error,4.137493007476905,3.8876098450515713,-0.24988316242533415
2010,spco2_le_threshold,1000,17,spatial_coverage_minus_random,p99_absolute_error,-3.8165600618961406,-3.480480533896042,0.33607952800009855
2010,spco2_le_threshold,1000,17,historical_density_minus_random,rmse,11.160830177999092,11.13948646246238,-0.021343715536712438
2010,spco2_le_threshold,1000,17,historical_density_minus_random,mae,6.153865715279402,6.131447353696592,-0.022418361582809965
2010,spco2_le_threshold,1000,17,historical_density_minus_random,median_absolute_error,3.3683361011258626,3.39259829992983,0.024262198803967294
2010,spco2_le_threshold,1000,17,historical_density_minus_random,p95_absolute_error,21.354991313539955,21.474126915717196,0.1191356021772414
2010,spco2_le_threshold,1000,17,historical_density_minus_random,p99_absolute_error,57.50873475516674,58.96340045266236,1.4546656974956207
2010,spco2_le_threshold,1000,18,spatial_coverage_minus_random,rmse,-4.348317370122071,-4.148022439751752,0.20029493037031898
2010,spco2_le_threshold,1000,18,spatial_coverage_minus_random,mae,-1.2777781982988792,-1.309748875365072,-0.03197067706619272
2010,spco2_le_threshold,1000,18,spatial_coverage_minus_random,median_absolute_error,0.0911111645012283,-0.1053828914483574,-0.1964940559495857
2010,spco2_le_threshold,1000,18,spatial_coverage_minus_random,p95_absolute_error,-6.210181973689714,-5.661857165438278,0.5483248082514365
2010,spco2_le_threshold,1000,18,spatial_coverage_minus_random,p99_absolute_error,-20.164321965058576,-18.344723184417745,1.8195987806408311
2010,spco2_le_threshold,1000,18,historical_density_minus_random,rmse,9.816459727385263,8.958345197754689,-0.8581145296305746
2010,spco2_le_threshold,1000,18,historical_density_minus_random,mae,4.852094615454551,4.496435700467366,-0.3556589149871847
2010,spco2_le_threshold,1000,18,historical_density_minus_random,median_absolute_error,2.2070293774939955,2.031892211010529,-0.17513716648346644
2010,spco2_le_threshold,1000,18,historical_density_minus_random,p95_absolute_error,29.438850455161543,24.42844386244974,-5.010406592711803
2010,spco2_le_threshold,1000,18,historical_density_minus_random,p99_absolute_error,53.5758044126154,49.03694456483916,-4.538859847776237
2010,spco2_le_threshold,1000,19,spatial_coverage_minus_random,rmse,0.029973579947665,-0.0324792328961613,-0.0624528128438263
2010,spco2_le_threshold,1000,19,spatial_coverage_minus_random,mae,0.2293429359607302,0.2006016366258727,-0.0287412993348575
2010,spco2_le_threshold,1000,19,spatial_coverage_minus_random,median_absolute_error,0.2296256584945126,0.3123629512900834,0.0827372927955708
2010,spco2_le_threshold,1000,19,spatial_coverage_minus_random,p95_absolute_error,0.9850163861123064,1.081448563441711,0.09643217732940468
2010,spco2_le_threshold,1000,19,spatial_coverage_minus_random,p99_absolute_error,-2.1450051950079967,-1.3787734919542487,0.766231703053748
2010,spco2_le_threshold,1000,19,historical_density_minus_random,rmse,5.868687454260048,5.534120009516506,-0.3345674447435414
2010,spco2_le_threshold,1000,19,historical_density_minus_random,mae,3.5818877046222912,3.5029336670854896,-0.07895403753680164
2010,spco2_le_threshold,1000,19,historical_density_minus_random,median_absolute_error,2.225149837775291,2.3504217388176016,0.12527190104231067
2010,spco2_le_threshold,1000,19,historical_density_minus_random,p95_absolute_error,12.48580107716603,12.0291383819592,-0.45666269520683045
2010,spco2_le_threshold,1000,19,historical_density_minus_random,p99_absolute_error,32.96315046890935,31.724297278004087,-1.2388531909052602
2010,spco2_le_threshold,2500,0,spatial_coverage_minus_random,rmse,-0.1009618749920306,-0.2907390891158528,-0.18977721412382217
2010,spco2_le_threshold,2500,0,spatial_coverage_minus_random,mae,0.7851718761564399,0.7157237799863321,-0.06944809617010783
2010,spco2_le_threshold,2500,0,spatial_coverage_minus_random,median_absolute_error,0.8955287523190236,0.8256112948546956,-0.06991745746432798
2010,spco2_le_threshold,2500,0,spatial_coverage_minus_random,p95_absolute_error,1.7048715842803688,1.686454614339766,-0.018416969940602712
2010,spco2_le_threshold,2500,0,spatial_coverage_minus_random,p99_absolute_error,-0.0029508820489354,-1.245372948508063,-1.2424220664591274
2010,spco2_le_threshold,2500,0,historical_density_minus_random,rmse,14.521051810889134,14.817350745795924,0.2962989349067904
2010,spco2_le_threshold,2500,0,historical_density_minus_random,mae,6.807132834143177,6.970794464629904,0.1636616304867271
2010,spco2_le_threshold,2500,0,historical_density_minus_random,median_absolute_error,2.174579564180931,2.3229562334215075,0.14837666924057658
2010,spco2_le_threshold,2500,0,historical_density_minus_random,p95_absolute_error,38.76583810919095,41.1528122520978,2.386974142906851
2010,spco2_le_threshold,2500,0,historical_density_minus_random,p99_absolute_error,68.81354994092975,67.9294705861271,-0.8840793548026511
2010,spco2_le_threshold,2500,1,spatial_coverage_minus_random,rmse,2.658654614688551,2.508392129815025,-0.1502624848735259
2010,spco2_le_threshold,2500,1,spatial_coverage_minus_random,mae,1.0503933599558335,0.9306588843484996,-0.11973447560733386
2010,spco2_le_threshold,2500,1,spatial_coverage_minus_random,median_absolute_error,0.6594070220535855,0.5571021525978495,-0.10230486945573602
2010,spco2_le_threshold,2500,1,spatial_coverage_minus_random,p95_absolute_error,1.80235741274646,1.4493837373242542,-0.3529736754222059
2010,spco2_le_threshold,2500,1,spatial_coverage_minus_random,p99_absolute_error,2.229206125673357,1.4001534398698254,-0.8290526858035316
2010,spco2_le_threshold,2500,1,historical_density_minus_random,rmse,10.47220631699863,10.95773997265984,0.4855336556612109
2010,spco2_le_threshold,2500,1,historical_density_minus_random,mae,5.490625876903975,5.76057001979428,0.26994414289030555
2010,spco2_le_threshold,2500,1,historical_density_minus_random,median_absolute_error,2.325171078293465,2.497077673086324,0.17190659479285886
2010,spco2_le_threshold,2500,1,historical_density_minus_random,p95_absolute_error,22.097719147214946,22.344362570628235,0.24664342341328904
2010,spco2_le_threshold,2500,1,historical_density_minus_random,p99_absolute_error,53.19773541497871,58.09108512645021,4.893349711471501
2010,spco2_le_threshold,2500,2,spatial_coverage_minus_random,rmse,1.6487058380444315,1.552241643593543,-0.09646419445088839
2010,spco2_le_threshold,2500,2,spatial_coverage_minus_random,mae,1.5563226276840698,1.5391609842038658,-0.017161643480203992
2010,spco2_le_threshold,2500,2,spatial_coverage_minus_random,median_absolute_error,1.4011661321529232,1.3418742105079104,-0.059291921645012735
2010,spco2_le_threshold,2500,2,spatial_coverage_minus_random,p95_absolute_error,3.878277923882109,3.9644778524250057,0.08619992854289693
2010,spco2_le_threshold,2500,2,spatial_coverage_minus_random,p99_absolute_error,2.1249046205498416,2.3961865577008865,0.27128193715104487
2010,spco2_le_threshold,2500,2,historical_density_minus_random,rmse,13.28524420725503,11.7504751973106,-1.53476900994443
2010,spco2_le_threshold,2500,2,historical_density_minus_random,mae,6.474672894557388,5.992128931902451,-0.4825439626549368
2010,spco2_le_threshold,2500,2,historical_density_minus_random,median_absolute_error,2.878811068511709,2.828216665369837,-0.050594403141872135
2010,spco2_le_threshold,2500,2,historical_density_minus_random,p95_absolute_error,30.966673828007032,26.37127774372115,-4.5953960842858805
2010,spco2_le_threshold,2500,2,historical_density_minus_random,p99_absolute_error,51.33902312692169,45.48291753060316,-5.856105596318528
2010,spco2_le_threshold,2500,3,spatial_coverage_minus_random,rmse,-0.8547232323526828,-0.9535338061119774,-0.09881057375929458
2010,spco2_le_threshold,2500,3,spatial_coverage_minus_random,mae,0.0135709905469063,0.0337359013523315,0.020164910805425203
2010,spco2_le_threshold,2500,3,spatial_coverage_minus_random,median_absolute_error,0.3847699244572027,0.4886148113826607,0.10384488692545801
2010,spco2_le_threshold,2500,3,spatial_coverage_minus_random,p95_absolute_error,-0.7655790064575285,-1.0160742918966434,-0.2504952854391149
2010,spco2_le_threshold,2500,3,spatial_coverage_minus_random,p99_absolute_error,-8.660788765496392,-9.478439443195626,-0.817650677699234
2010,spco2_le_threshold,2500,3,historical_density_minus_random,rmse,14.15468784783575,13.82836183826956,-0.3263260095661895
2010,spco2_le_threshold,2500,3,historical_density_minus_random,mae,6.965307501695808,6.892617838822128,-0.07268966287367995
2010,spco2_le_threshold,2500,3,historical_density_minus_random,median_absolute_error,2.765172878259193,2.843959892657665,0.07878701439847191
2010,spco2_le_threshold,2500,3,historical_density_minus_random,p95_absolute_error,37.3085746415087,35.84300969538043,-1.4655649461282678
2010,spco2_le_threshold,2500,3,historical_density_minus_random,p99_absolute_error,58.22368337411787,56.67890315754781,-1.5447802165700608
2010,spco2_le_threshold,2500,4,spatial_coverage_minus_random,rmse,4.152553268798783,3.958318452596007,-0.19423481620277627
2010,spco2_le_threshold,2500,4,spatial_coverage_minus_random,mae,1.2707468618318725,1.1927675843970729,-0.0779792774347996
2010,spco2_le_threshold,2500,4,spatial_coverage_minus_random,median_absolute_error,0.8878993246575533,0.8786722554544326,-0.009227069203120664
2010,spco2_le_threshold,2500,4,spatial_coverage_minus_random,p95_absolute_error,2.4837329905655565,2.372553675064893,-0.11117931550066373
2010,spco2_le_threshold,2500,4,spatial_coverage_minus_random,p99_absolute_error,0.5951886349886735,1.8033689284891776,1.2081802935005042
2010,spco2_le_threshold,2500,4,historical_density_minus_random,rmse,12.126737836132826,12.212623330106656,0.08588549397383005
2010,spco2_le_threshold,2500,4,historical_density_minus_random,mae,5.994792161261694,6.01444770024745,0.019655538985755783
2010,spco2_le_threshold,2500,4,historical_density_minus_random,median_absolute_error,2.7445527440143,2.727124275609583,-0.017428468404717012
2010,spco2_le_threshold,2500,4,historical_density_minus_random,p95_absolute_error,22.9608636592738,23.14573335767531,0.1848696984015099
2010,spco2_le_threshold,2500,4,historical_density_minus_random,p99_absolute_error,76.81660879899987,78.86307698199786,2.046468182997998
2010,spco2_le_threshold,2500,5,spatial_coverage_minus_random,rmse,-1.1010958610024917,-1.1264159714214586,-0.025320110418966868
2010,spco2_le_threshold,2500,5,spatial_coverage_minus_random,mae,0.0356711190992644,0.1488547942165574,0.11318367511729299
2010,spco2_le_threshold,2500,5,spatial_coverage_minus_random,median_absolute_error,0.2450082409692981,0.3821040869954686,0.1370958460261705
2010,spco2_le_threshold,2500,5,spatial_coverage_minus_random,p95_absolute_error,0.0522119595023298,0.6716645811744968,0.619452621672167
2010,spco2_le_threshold,2500,5,spatial_coverage_minus_random,p99_absolute_error,-3.8600922926788144,-4.6622822047139465,-0.8021899120351321
2010,spco2_le_threshold,2500,5,historical_density_minus_random,rmse,10.806769238785549,10.494659948949153,-0.3121092898363962
2010,spco2_le_threshold,2500,5,historical_density_minus_random,mae,5.571528731853112,5.474809097231233,-0.09671963462187882
2010,spco2_le_threshold,2500,5,historical_density_minus_random,median_absolute_error,2.453500113567713,2.432914002369955,-0.020586111197757884
2010,spco2_le_threshold,2500,5,historical_density_minus_random,p95_absolute_error,23.05903799615885,22.602072718977468,-0.45696527718138213
2010,spco2_le_threshold,2500,5,historical_density_minus_random,p99_absolute_error,42.98157972713896,40.84581434963485,-2.135765377504107
2010,spco2_le_threshold,2500,6,spatial_coverage_minus_random,rmse,-1.7463840743151593,-1.8460004849011504,-0.09961641058599113
2010,spco2_le_threshold,2500,6,spatial_coverage_minus_random,mae,0.3664897741855029,0.4059129665117353,0.039423192326232426
2010,spco2_le_threshold,2500,6,spatial_coverage_minus_random,median_absolute_error,0.7524379503223599,0.7843573701110813,0.03191941978872137
2010,spco2_le_threshold,2500,6,spatial_coverage_minus_random,p95_absolute_error,0.6464232444778588,0.660104440649917,0.013681196172058208
2010,spco2_le_threshold,2500,6,spatial_coverage_minus_random,p99_absolute_error,-4.619824742635103,-5.760898619594499,-1.1410738769593962
2010,spco2_le_threshold,2500,6,historical_density_minus_random,rmse,9.038436869726905,8.346218978318582,-0.6922178914083226
2010,spco2_le_threshold,2500,6,historical_density_minus_random,mae,4.898237436694918,4.703421438310725,-0.19481599838419328
2010,spco2_le_threshold,2500,6,historical_density_minus_random,median_absolute_error,2.35298365518662,2.3240827968190843,-0.028900858367535864
2010,spco2_le_threshold,2500,6,historical_density_minus_random,p95_absolute_error,22.491049316793323,19.915696016637757,-2.575353300155566
2010,spco2_le_threshold,2500,6,historical_density_minus_random,p99_absolute_error,41.40712738236935,37.0953267757253,-4.311800606644056
2010,spco2_le_threshold,2500,7,spatial_coverage_minus_random,rmse,2.469052269783674,2.5570394264857548,0.08798715670208068
2010,spco2_le_threshold,2500,7,spatial_coverage_minus_random,mae,0.8218485015199981,0.9193117829636694,0.09746328144367133
2010,spco2_le_threshold,2500,7,spatial_coverage_minus_random,median_absolute_error,0.6196747235215412,0.6590212980480032,0.039346574526462064
2010,spco2_le_threshold,2500,7,spatial_coverage_minus_random,p95_absolute_error,1.6130623191690605,2.083589384088782,0.4705270649197215
2010,spco2_le_threshold,2500,7,spatial_coverage_minus_random,p99_absolute_error,5.633523970034489,4.785412412840344,-0.8481115571941444
2010,spco2_le_threshold,2500,7,historical_density_minus_random,rmse,8.341631467407428,8.254290809107935,-0.08734065829949245
2010,spco2_le_threshold,2500,7,historical_density_minus_random,mae,4.514505688716476,4.40762096200598,-0.10688472671049531
2010,spco2_le_threshold,2500,7,historical_density_minus_random,median_absolute_error,2.4515998654033524,2.3589302760001374,-0.09266958940321501
2010,spco2_le_threshold,2500,7,historical_density_minus_random,p95_absolute_error,17.830004386832186,17.107480249301034,-0.7225241375311526
2010,spco2_le_threshold,2500,7,historical_density_minus_random,p99_absolute_error,24.63591938097828,24.435673216262003,-0.2002461647162761
2010,spco2_le_threshold,2500,8,spatial_coverage_minus_random,rmse,-0.0661616936417814,-0.5526295010986679,-0.48646780745688656
2010,spco2_le_threshold,2500,8,spatial_coverage_minus_random,mae,0.472189444925462,0.3937999424827918,-0.07838950244267018
2010,spco2_le_threshold,2500,8,spatial_coverage_minus_random,median_absolute_error,0.7040607741639064,0.7993026979509636,0.0952419237870572
2010,spco2_le_threshold,2500,8,spatial_coverage_minus_random,p95_absolute_error,0.4974623233845818,0.0837263970211665,-0.4137359263634153
2010,spco2_le_threshold,2500,8,spatial_coverage_minus_random,p99_absolute_error,-4.519917574421001,-6.404677140794277,-1.8847595663732761
2010,spco2_le_threshold,2500,8,historical_density_minus_random,rmse,10.130718477136888,10.046422572739589,-0.08429590439729928
2010,spco2_le_threshold,2500,8,historical_density_minus_random,mae,5.321467905432192,5.17951973954883,-0.14194816588336145
2010,spco2_le_threshold,2500,8,historical_density_minus_random,median_absolute_error,1.849624332926794,1.7190550707924783,-0.13056926213431574
2010,spco2_le_threshold,2500,8,historical_density_minus_random,p95_absolute_error,24.845934084835704,25.036668588759653,0.19073450392394875
2010,spco2_le_threshold,2500,8,historical_density_minus_random,p99_absolute_error,70.89819716382571,68.23315630840595,-2.665040855419761
2010,spco2_le_threshold,2500,9,spatial_coverage_minus_random,rmse,-1.1913606390870015,-1.12349531874208,0.06786532034492154
2010,spco2_le_threshold,2500,9,spatial_coverage_minus_random,mae,0.257792053715006,0.3393830373244153,0.0815909836094093
2010,spco2_le_threshold,2500,9,spatial_coverage_minus_random,median_absolute_error,0.5628893291850545,0.6624857871627796,0.0995964579777251
2010,spco2_le_threshold,2500,9,spatial_coverage_minus_random,p95_absolute_error,0.3248315991797028,0.8685277087188865,0.5436961095391837
2010,spco2_le_threshold,2500,9,spatial_coverage_minus_random,p99_absolute_error,-9.473051902398469,-8.933079065545996,0.5399728368524723
2010,spco2_le_threshold,2500,9,historical_density_minus_random,rmse,11.62164200667145,11.184262773886571,-0.43737923278487933
2010,spco2_le_threshold,2500,9,historical_density_minus_random,mae,5.554350899397605,5.325400463863142,-0.22895043553446293
2010,spco2_le_threshold,2500,9,historical_density_minus_random,median_absolute_error,2.341216571608186,2.157374934419352,-0.18384163718883384
2010,spco2_le_threshold,2500,9,historical_density_minus_random,p95_absolute_error,23.321810766459976,24.016434520720253,0.6946237542602773
2010,spco2_le_threshold,2500,9,historical_density_minus_random,p99_absolute_error,66.24378304288244,61.49618303308533,-4.747600009797111
2010,spco2_le_threshold,2500,10,spatial_coverage_minus_random,rmse,-2.7445634657548617,-3.06802782585185,-0.3234643600969882
2010,spco2_le_threshold,2500,10,spatial_coverage_minus_random,mae,0.4662828330308723,0.3519450315835204,-0.1143378014473519
2010,spco2_le_threshold,2500,10,spatial_coverage_minus_random,median_absolute_error,0.9766788316679822,0.9105154666647196,-0.06616336500326259
2010,spco2_le_threshold,2500,10,spatial_coverage_minus_random,p95_absolute_error,1.798438572803093,1.2139004059612546,-0.5845381668418383
2010,spco2_le_threshold,2500,10,spatial_coverage_minus_random,p99_absolute_error,-10.67206401609134,-10.999188781793393,-0.3271247657020524
2010,spco2_le_threshold,2500,10,historical_density_minus_random,rmse,6.379119409171452,6.068736230354286,-0.3103831788171654
2010,spco2_le_threshold,2500,10,historical_density_minus_random,mae,4.4791857862193325,4.261150371849814,-0.21803541436951868
2010,spco2_le_threshold,2500,10,historical_density_minus_random,median_absolute_error,2.8355609535773283,2.6836567343056004,-0.15190421927172792
2010,spco2_le_threshold,2500,10,historical_density_minus_random,p95_absolute_error,16.044615760489705,15.63225471963409,-0.41236104085561465
2010,spco2_le_threshold,2500,10,historical_density_minus_random,p99_absolute_error,15.456339862724718,15.975595248803074,0.5192553860783562
2010,spco2_le_threshold,2500,11,spatial_coverage_minus_random,rmse,-7.729899667015594,-7.712415475608683,0.017484191406911265
2010,spco2_le_threshold,2500,11,spatial_coverage_minus_random,mae,-1.2662552271530636,-1.214208893844825,0.0520463333082386
2010,spco2_le_threshold,2500,11,spatial_coverage_minus_random,median_absolute_error,0.1046612286235131,0.126523454830874,0.02186222620736089
2010,spco2_le_threshold,2500,11,spatial_coverage_minus_random,p95_absolute_error,-3.0492864582435857,-3.1598722256810845,-0.11058576743749882
2010,spco2_le_threshold,2500,11,spatial_coverage_minus_random,p99_absolute_error,-23.225249120562797,-24.248291172486333,-1.023042051923536
2010,spco2_le_threshold,2500,11,historical_density_minus_random,rmse,2.5743595952914653,2.633349808200059,0.05899021290859352
2010,spco2_le_threshold,2500,11,historical_density_minus_random,mae,3.644329202299765,3.7614025624144896,0.11707336011472469
2010,spco2_le_threshold,2500,11,historical_density_minus_random,median_absolute_error,1.7004692645650152,1.744056226415978,0.04358696185096278
2010,spco2_le_threshold,2500,11,historical_density_minus_random,p95_absolute_error,19.460849512101845,19.38800827151647,-0.072841240585376
2010,spco2_le_threshold,2500,11,historical_density_minus_random,p99_absolute_error,41.84026335884273,41.98877622790366,0.14851286906092298
2010,spco2_le_threshold,2500,12,spatial_coverage_minus_random,rmse,-0.1134761013074623,-0.0719011194809624,0.04157498182649991
2010,spco2_le_threshold,2500,12,spatial_coverage_minus_random,mae,0.5926877187192101,0.6438644698895146,0.05117675117030451
2010,spco2_le_threshold,2500,12,spatial_coverage_minus_random,median_absolute_error,0.7916560122608303,0.8064024534199916,0.01474644115916135
2010,spco2_le_threshold,2500,12,spatial_coverage_minus_random,p95_absolute_error,0.925966556883182,1.2973804110902163,0.3714138542070343
2010,spco2_le_threshold,2500,12,spatial_coverage_minus_random,p99_absolute_error,-4.8922710503296685,-4.703318942337589,0.18895210799207973
2010,spco2_le_threshold,2500,12,historical_density_minus_random,rmse,10.559239090084423,10.703148663106216,0.14390957302179253
2010,spco2_le_threshold,2500,12,historical_density_minus_random,mae,4.684937812974301,4.738253422650699,0.05331560967639781
2010,spco2_le_threshold,2500,12,historical_density_minus_random,median_absolute_error,2.173563165676171,2.198128225086009,0.024565059409837886
2010,spco2_le_threshold,2500,12,historical_density_minus_random,p95_absolute_error,17.426535849637006,17.769560537690325,0.343024688053319
2010,spco2_le_threshold,2500,12,historical_density_minus_random,p99_absolute_error,32.622725489238206,35.28809147642541,2.665365987187201
2010,spco2_le_threshold,2500,13,spatial_coverage_minus_random,rmse,4.343568814435919,4.006149204958607,-0.33741960947731187
2010,spco2_le_threshold,2500,13,spatial_coverage_minus_random,mae,1.5359910364202314,1.3266969431528768,-0.2092940932673546
2010,spco2_le_threshold,2500,13,spatial_coverage_minus_random,median_absolute_error,1.0280650819261723,0.7849761665739834,-0.2430889153521889
2010,spco2_le_threshold,2500,13,spatial_coverage_minus_random,p95_absolute_error,2.701574451966508,2.201280193568124,-0.5002942583983843
2010,spco2_le_threshold,2500,13,spatial_coverage_minus_random,p99_absolute_error,8.433957151602542,11.9735765877531,3.5396194361505593
2010,spco2_le_threshold,2500,13,historical_density_minus_random,rmse,12.4045224572372,12.276838476509436,-0.1276839807277632
2010,spco2_le_threshold,2500,13,historical_density_minus_random,mae,5.917536376134645,5.9395200759623386,0.021983699827693215
2010,spco2_le_threshold,2500,13,historical_density_minus_random,median_absolute_error,2.2953543102169647,2.396979948345347,0.10162563812838243
2010,spco2_le_threshold,2500,13,historical_density_minus_random,p95_absolute_error,24.181042505327127,23.587366085767428,-0.5936764195596993
2010,spco2_le_threshold,2500,13,historical_density_minus_random,p99_absolute_error,84.99753622857557,83.88281137388552,-1.1147248546900528
2010,spco2_le_threshold,2500,14,spatial_coverage_minus_random,rmse,2.069780637742113,1.996654642636212,-0.07312599510590112
2010,spco2_le_threshold,2500,14,spatial_coverage_minus_random,mae,1.3778630084229082,1.325943880347202,-0.05191912807570631
2010,spco2_le_threshold,2500,14,spatial_coverage_minus_random,median_absolute_error,0.9715699862505288,0.9415598408272672,-0.030010145423261636
2010,spco2_le_threshold,2500,14,spatial_coverage_minus_random,p95_absolute_error,2.9409325905217827,3.0566334361921577,0.11570084567037497
2010,spco2_le_threshold,2500,14,spatial_coverage_minus_random,p99_absolute_error,11.427494251474982,11.031130121994993,-0.39636412947998956
2010,spco2_le_threshold,2500,14,historical_density_minus_random,rmse,11.53737052813318,11.7768772245156,0.23950669638241884
2010,spco2_le_threshold,2500,14,historical_density_minus_random,mae,5.97506336537514,5.861055062964541,-0.11400830241059978
2010,spco2_le_threshold,2500,14,historical_density_minus_random,median_absolute_error,2.805776714097931,2.6347130076537155,-0.1710637064442153
2010,spco2_le_threshold,2500,14,historical_density_minus_random,p95_absolute_error,23.87490279732006,23.889451367801712,0.014548570481650813
2010,spco2_le_threshold,2500,14,historical_density_minus_random,p99_absolute_error,62.32809178126509,67.77716589780981,5.449074116544722
2010,spco2_le_threshold,2500,15,spatial_coverage_minus_random,rmse,-3.8288209581241226,-3.7883049369179247,0.040516021206197905
2010,spco2_le_threshold,2500,15,spatial_coverage_minus_random,mae,-0.634026190567031,-0.6731410815349612,-0.039114890967930194
2010,spco2_le_threshold,2500,15,spatial_coverage_minus_random,median_absolute_error,0.1695007314484087,0.1433870223459052,-0.02611370910250349
2010,spco2_le_threshold,2500,15,spatial_coverage_minus_random,p95_absolute_error,-2.4378594818861643,-2.2546343322976554,0.18322514958850888
2010,spco2_le_threshold,2500,15,spatial_coverage_minus_random,p99_absolute_error,-16.197592547725094,-15.90289303778205,0.29469950994304384
2010,spco2_le_threshold,2500,15,historical_density_minus_random,rmse,10.277907740111662,9.969162366342603,-0.3087453737690584
2010,spco2_le_threshold,2500,15,historical_density_minus_random,mae,5.551924736156602,5.086046645455145,-0.465878090701457
2010,spco2_le_threshold,2500,15,historical_density_minus_random,median_absolute_error,2.1493876351675,1.7485190392686718,-0.40086859589882806
2010,spco2_le_threshold,2500,15,historical_density_minus_random,p95_absolute_error,28.48834836474245,26.040522397051674,-2.4478259676907754
2010,spco2_le_threshold,2500,15,historical_density_minus_random,p99_absolute_error,54.94554535023623,55.56058962457247,0.6150442743362419
2010,spco2_le_threshold,2500,16,spatial_coverage_minus_random,rmse,-7.504212275832337,-7.355406413895384,0.14880586193695322
2010,spco2_le_threshold,2500,16,spatial_coverage_minus_random,mae,-1.4118887833920848,-1.311968885665873,0.09991989772621168
2010,spco2_le_threshold,2500,16,spatial_coverage_minus_random,median_absolute_error,0.0749151991150824,0.2585169565228398,0.1836017574077574
2010,spco2_le_threshold,2500,16,spatial_coverage_minus_random,p95_absolute_error,-3.914929400353742,-4.369984128200912,-0.4550547278471697
2010,spco2_le_threshold,2500,16,spatial_coverage_minus_random,p99_absolute_error,-37.347675355872674,-36.01691479228472,1.3307605635879511
2010,spco2_le_threshold,2500,16,historical_density_minus_random,rmse,3.10810275569078,3.223268357534895,0.11516560184411517
2010,spco2_le_threshold,2500,16,historical_density_minus_random,mae,3.0798022708106565,3.0832622672444536,0.00345999643379713
2010,spco2_le_threshold,2500,16,historical_density_minus_random,median_absolute_error,1.68555711584213,1.6974443775945929,0.011887261752462797
2010,spco2_le_threshold,2500,16,historical_density_minus_random,p95_absolute_error,13.403144905003812,12.857483346664509,-0.5456615583393027
2010,spco2_le_threshold,2500,16,historical_density_minus_random,p99_absolute_error,32.48865595405836,36.76194251124221,4.273286557183852
2010,spco2_le_threshold,2500,17,spatial_coverage_minus_random,rmse,-1.1124119865849948,-1.097838862099433,0.014573124485561806
2010,spco2_le_threshold,2500,17,spatial_coverage_minus_random,mae,0.3502544464258008,0.3360034050069096,-0.014251041418891164
2010,spco2_le_threshold,2500,17,spatial_coverage_minus_random,median_absolute_error,0.5816878480989089,0.5445996268228441,-0.037088221276064814
2010,spco2_le_threshold,2500,17,spatial_coverage_minus_random,p95_absolute_error,0.8380349355279577,0.6914231467056879,-0.14661178882226977
2010,spco2_le_threshold,2500,17,spatial_coverage_minus_random,p99_absolute_error,-7.256823089476313,-7.634982022625863,-0.3781589331495496
2010,spco2_le_threshold,2500,17,historical_density_minus_random,rmse,10.881983525168394,10.025035923786142,-0.8569476013822523
2010,spco2_le_threshold,2500,17,historical_density_minus_random,mae,5.500126681789425,5.179762875322382,-0.3203638064670429
2010,spco2_le_threshold,2500,17,historical_density_minus_random,median_absolute_error,2.103105159818369,2.043718331008052,-0.059386828810317205
2010,spco2_le_threshold,2500,17,historical_density_minus_random,p95_absolute_error,24.70161729688047,22.71418727966025,-1.9874300172202197
2010,spco2_le_threshold,2500,17,historical_density_minus_random,p99_absolute_error,62.12613482153505,56.11907115442506,-6.007063667109989
2010,spco2_le_threshold,2500,18,spatial_coverage_minus_random,rmse,-1.445697711008627,-1.1208052131458004,0.3248924978628267
2010,spco2_le_threshold,2500,18,spatial_coverage_minus_random,mae,-0.2048131576938043,0.1263913668196981,0.33120452451350235
2010,spco2_le_threshold,2500,18,spatial_coverage_minus_random,median_absolute_error,0.4527512801931266,0.8138837842938074,0.36113250410068076
2010,spco2_le_threshold,2500,18,spatial_coverage_minus_random,p95_absolute_error,-2.360409325006259,-1.7789992090501985,0.5814101159560605
2010,spco2_le_threshold,2500,18,spatial_coverage_minus_random,p99_absolute_error,-8.217227512025374,-8.245377604557973,-0.028150092532598592
2010,spco2_le_threshold,2500,18,historical_density_minus_random,rmse,8.5237170663295,9.416722409938837,0.893005343609337
2010,spco2_le_threshold,2500,18,historical_density_minus_random,mae,4.148867675830688,4.657814953462694,0.5089472776320054
2010,spco2_le_threshold,2500,18,historical_density_minus_random,median_absolute_error,1.9676396925373183,2.113511123930607,0.14587143139328873
2010,spco2_le_threshold,2500,18,historical_density_minus_random,p95_absolute_error,17.976873121429577,22.04921881298108,4.072345691551504
2010,spco2_le_threshold,2500,18,historical_density_minus_random,p99_absolute_error,22.24508804629403,25.501819698555707,3.256731652261678
2010,spco2_le_threshold,2500,19,spatial_coverage_minus_random,rmse,0.9081668404998277,0.9110660039869388,0.002899163487111167
2010,spco2_le_threshold,2500,19,spatial_coverage_minus_random,mae,0.7011476987147951,0.6666709792164003,-0.034476719498394814
2010,spco2_le_threshold,2500,19,spatial_coverage_minus_random,median_absolute_error,0.7426520378484156,0.70853680864019,-0.03411522920822563
2010,spco2_le_threshold,2500,19,spatial_coverage_minus_random,p95_absolute_error,1.34846790571126,1.5192784429630706,0.1708105372518105
2010,spco2_le_threshold,2500,19,spatial_coverage_minus_random,p99_absolute_error,-6.282007544076166,-6.626739664657464,-0.3447321205812983
2010,spco2_le_threshold,2500,19,historical_density_minus_random,rmse,12.470121812233051,11.901946511356432,-0.5681753008766197
2010,spco2_le_threshold,2500,19,historical_density_minus_random,mae,6.177666868053844,5.833964161672691,-0.3437027063811531
2010,spco2_le_threshold,2500,19,historical_density_minus_random,median_absolute_error,2.657995267511467,2.421370189250581,-0.23662507826088586
2010,spco2_le_threshold,2500,19,historical_density_minus_random,p95_absolute_error,25.984955435639165,25.80529568352017,-0.17965975211899377
2010,spco2_le_threshold,2500,19,historical_density_minus_random,p99_absolute_error,66.75858419176937,60.76605713722429,-5.992527054545086
2010,spco2_le_threshold,5000,0,spatial_coverage_minus_random,rmse,-0.6970866025918241,-0.966739260935892,-0.26965265834406793
2010,spco2_le_threshold,5000,0,spatial_coverage_minus_random,mae,0.486185999364789,0.2936968722110951,-0.19248912715369393
2010,spco2_le_threshold,5000,0,spatial_coverage_minus_random,median_absolute_error,0.6623736657581958,0.5671310922705288,-0.09524257348766696
2010,spco2_le_threshold,5000,0,spatial_coverage_minus_random,p95_absolute_error,1.6409643538865168,0.6564943904366203,-0.9844699634498966
2010,spco2_le_threshold,5000,0,spatial_coverage_minus_random,p99_absolute_error,-4.689477428327123,-5.660424315386571,-0.9709468870594478
2010,spco2_le_threshold,5000,0,historical_density_minus_random,rmse,11.382592040432916,11.329338109014769,-0.053253931418147715
2010,spco2_le_threshold,5000,0,historical_density_minus_random,mae,5.259064549854996,5.1186500473803775,-0.14041450247461817
2010,spco2_le_threshold,5000,0,historical_density_minus_random,median_absolute_error,1.8877834157543705,1.854523075386567,-0.033260340367803565
2010,spco2_le_threshold,5000,0,historical_density_minus_random,p95_absolute_error,21.91938703271643,20.425311623567357,-1.4940754091490724
2010,spco2_le_threshold,5000,0,historical_density_minus_random,p99_absolute_error,79.39134841186184,80.22323487289516,0.8318864610333208
2010,spco2_le_threshold,5000,1,spatial_coverage_minus_random,rmse,3.0802583553742053,2.972891363739656,-0.10736699163454944
2010,spco2_le_threshold,5000,1,spatial_coverage_minus_random,mae,1.297859461447544,1.2108371154917812,-0.08702234595576286
2010,spco2_le_threshold,5000,1,spatial_coverage_minus_random,median_absolute_error,0.9242113243443556,0.8330564511188072,-0.09115487322554838
2010,spco2_le_threshold,5000,1,spatial_coverage_minus_random,p95_absolute_error,2.3678900369993414,2.141286702352176,-0.22660333464716542
2010,spco2_le_threshold,5000,1,spatial_coverage_minus_random,p99_absolute_error,3.968643380686686,4.247034870813842,0.2783914901271558
2010,spco2_le_threshold,5000,1,historical_density_minus_random,rmse,13.443051856896716,13.409440814505388,-0.03361104239132828
2010,spco2_le_threshold,5000,1,historical_density_minus_random,mae,6.229713521767662,6.0779695172749975,-0.15174400449266479
2010,spco2_le_threshold,5000,1,historical_density_minus_random,median_absolute_error,2.0194993745618603,1.8764564291437864,-0.14304294541807394
2010,spco2_le_threshold,5000,1,historical_density_minus_random,p95_absolute_error,28.17392802507265,28.007751312172587,-0.16617671290006442
2010,spco2_le_threshold,5000,1,historical_density_minus_random,p99_absolute_error,83.14460799127181,85.60991987461048,2.4653118833386714
2010,spco2_le_threshold,5000,2,spatial_coverage_minus_random,rmse,-4.447331265269487,-4.5992401669681335,-0.15190890169864613
2010,spco2_le_threshold,5000,2,spatial_coverage_minus_random,mae,-0.0823882278043139,-0.1244520086119074,-0.0420637808075935
2010,spco2_le_threshold,5000,2,spatial_coverage_minus_random,median_absolute_error,0.7245130463318219,0.7211230118959975,-0.0033900344358244183
2010,spco2_le_threshold,5000,2,spatial_coverage_minus_random,p95_absolute_error,0.5025121403743924,0.640605365477029,0.13809322510263655
2010,spco2_le_threshold,5000,2,spatial_coverage_minus_random,p99_absolute_error,-18.856402701959052,-18.960728072002027,-0.10432537004297515
2010,spco2_le_threshold,5000,2,historical_density_minus_random,rmse,8.390416344849761,7.897955713541823,-0.4924606313079387
2010,spco2_le_threshold,5000,2,historical_density_minus_random,mae,4.692480895093768,4.569088950327165,-0.12339194476660253
2010,spco2_le_threshold,5000,2,historical_density_minus_random,median_absolute_error,1.7311069757282669,1.7974368779312613,0.0663299022029944
2010,spco2_le_threshold,5000,2,historical_density_minus_random,p95_absolute_error,21.73316533231835,20.936077664560003,-0.7970876677583476
2010,spco2_le_threshold,5000,2,historical_density_minus_random,p99_absolute_error,70.39621018894795,66.4839409858021,-3.91226920314584
2010,spco2_le_threshold,5000,3,spatial_coverage_minus_random,rmse,-0.421461420042057,-0.506919080560241,-0.08545766051818404
2010,spco2_le_threshold,5000,3,spatial_coverage_minus_random,mae,0.4569453395207432,0.4937201351077522,0.036774795587009024
2010,spco2_le_threshold,5000,3,spatial_coverage_minus_random,median_absolute_error,0.6935317470979498,0.7627506439299623,0.06921889683201243
2010,spco2_le_threshold,5000,3,spatial_coverage_minus_random,p95_absolute_error,0.7541237717063609,0.5676216046563809,-0.18650216704998002
2010,spco2_le_threshold,5000,3,spatial_coverage_minus_random,p99_absolute_error,-3.5162369776002294,-4.027223342945682,-0.5109863653454525
2010,spco2_le_threshold,5000,3,historical_density_minus_random,rmse,11.260008231333996,11.953803631742057,0.6937954004080602
2010,spco2_le_threshold,5000,3,historical_density_minus_random,mae,4.798140481244175,5.193567589161374,0.3954271079171985
2010,spco2_le_threshold,5000,3,historical_density_minus_random,median_absolute_error,1.9199425439129527,2.0138854819307994,0.0939429380178467
2010,spco2_le_threshold,5000,3,historical_density_minus_random,p95_absolute_error,18.9782859888326,21.55623028989825,2.5779443010656493
2010,spco2_le_threshold,5000,3,historical_density_minus_random,p99_absolute_error,60.81795524997738,62.77313446806456,1.9551792180871814
2010,spco2_le_threshold,5000,4,spatial_coverage_minus_random,rmse,1.380565364384207,1.4705538776999028,0.08998851331569568
2010,spco2_le_threshold,5000,4,spatial_coverage_minus_random,mae,0.9370070691915852,0.9753967000813883,0.038389630889803183
2010,spco2_le_threshold,5000,4,spatial_coverage_minus_random,median_absolute_error,0.7822938939187907,0.853874044292013,0.0715801503732223
2010,spco2_le_threshold,5000,4,spatial_coverage_minus_random,p95_absolute_error,2.041269198170653,1.9267655503893195,-0.11450364778133348
2010,spco2_le_threshold,5000,4,spatial_coverage_minus_random,p99_absolute_error,0.0806612172021132,-0.968223592813004,-1.0488848100151171
2010,spco2_le_threshold,5000,4,historical_density_minus_random,rmse,14.824978536463298,14.043673307996563,-0.781305228466735
2010,spco2_le_threshold,5000,4,historical_density_minus_random,mae,6.037507380513995,5.597716063164793,-0.4397913173492025
2010,spco2_le_threshold,5000,4,historical_density_minus_random,median_absolute_error,2.164028687436769,1.982492204244068,-0.18153648319270088
2010,spco2_le_threshold,5000,4,historical_density_minus_random,p95_absolute_error,21.57970045392261,20.13854428897457,-1.4411561649480404
2010,spco2_le_threshold,5000,4,historical_density_minus_random,p99_absolute_error,98.84102951619872,92.88036991530534,-5.960659600893379
2010,spco2_le_threshold,5000,5,spatial_coverage_minus_random,rmse,2.146508875202489,2.443176698196765,0.2966678229942761
2010,spco2_le_threshold,5000,5,spatial_coverage_minus_random,mae,0.849750745627178,0.9675017050035492,0.11775095937637114
2010,spco2_le_threshold,5000,5,spatial_coverage_minus_random,median_absolute_error,0.7406897654874456,0.7946350506905446,0.05394528520309905
2010,spco2_le_threshold,5000,5,spatial_coverage_minus_random,p95_absolute_error,0.8716245235059716,1.493423755716634,0.6217992322106625
2010,spco2_le_threshold,5000,5,spatial_coverage_minus_random,p99_absolute_error,-1.9953118439313968,-1.9037606320828149,0.09155121184858195
2010,spco2_le_threshold,5000,5,historical_density_minus_random,rmse,11.293186887074407,11.17561853237772,-0.11756835469668658
2010,spco2_le_threshold,5000,5,historical_density_minus_random,mae,4.934001073871468,4.877368581829712,-0.056632492041756244
2010,spco2_le_threshold,5000,5,historical_density_minus_random,median_absolute_error,1.494069368410635,1.7112003847579444,0.21713101634730947
2010,spco2_le_threshold,5000,5,historical_density_minus_random,p95_absolute_error,21.501563090121863,19.88902302601096,-1.6125400641109024
2010,spco2_le_threshold,5000,5,historical_density_minus_random,p99_absolute_error,64.69760486937199,65.83952817518387,1.1419233058118863
2010,spco2_le_threshold,5000,6,spatial_coverage_minus_random,rmse,0.0355243401656792,-0.0334822742775635,-0.0690066144432427
2010,spco2_le_threshold,5000,6,spatial_coverage_minus_random,mae,1.1985857330125622,1.1893252741138287,-0.009260458898733503
2010,spco2_le_threshold,5000,6,spatial_coverage_minus_random,median_absolute_error,1.1127680081156657,1.170419991127119,0.057651983011453245
2010,spco2_le_threshold,5000,6,spatial_coverage_minus_random,p95_absolute_error,3.402436940217342,2.992778875648554,-0.40965806456878795
2010,spco2_le_threshold,5000,6,spatial_coverage_minus_random,p99_absolute_error,0.1823197804391867,-0.00971327477815,-0.1920330552173367
2010,spco2_le_threshold,5000,6,historical_density_minus_random,rmse,11.071129146430945,10.952874884603698,-0.11825426182724641
2010,spco2_le_threshold,5000,6,historical_density_minus_random,mae,5.041647104412368,4.934604216796245,-0.10704288761612268
2010,spco2_le_threshold,5000,6,historical_density_minus_random,median_absolute_error,2.0720025217191846,1.961131005442212,-0.11087151627697267
2010,spco2_le_threshold,5000,6,historical_density_minus_random,p95_absolute_error,18.301078469042693,18.608177716729102,0.30709924768640917
2010,spco2_le_threshold,5000,6,historical_density_minus_random,p99_absolute_error,67.02131299597266,64.04600999298476,-2.9753030029879
2010,spco2_le_threshold,5000,7,spatial_coverage_minus_random,rmse,0.93065962751297,0.9285175425170172,-0.0021420849959528088
2010,spco2_le_threshold,5000,7,spatial_coverage_minus_random,mae,0.6547054347874965,0.6827413176025576,0.028035882815061086
2010,spco2_le_threshold,5000,7,spatial_coverage_minus_random,median_absolute_error,0.5675316445598355,0.5702539132842048,0.0027222687243693144
2010,spco2_le_threshold,5000,7,spatial_coverage_minus_random,p95_absolute_error,1.2611812737823982,1.0920982094553435,-0.16908306432705467
2010,spco2_le_threshold,5000,7,spatial_coverage_minus_random,p99_absolute_error,2.758808100044881,2.690001578100606,-0.06880652194427483
2010,spco2_le_threshold,5000,7,historical_density_minus_random,rmse,12.12177140272876,12.388796484613586,0.2670250818848263
2010,spco2_le_threshold,5000,7,historical_density_minus_random,mae,5.333313614696451,5.450424095121317,0.11711048042486638
2010,spco2_le_threshold,5000,7,historical_density_minus_random,median_absolute_error,2.0526437785446205,2.058764208390926,0.006120429846305342
2010,spco2_le_threshold,5000,7,historical_density_minus_random,p95_absolute_error,20.165735597970556,20.635198930022767,0.4694633320522108
2010,spco2_le_threshold,5000,7,historical_density_minus_random,p99_absolute_error,74.39122506854915,79.61887760302982,5.227652534480669
2010,spco2_le_threshold,5000,8,spatial_coverage_minus_random,rmse,2.642805456933228,2.3372502784050866,-0.3055551785281416
2010,spco2_le_threshold,5000,8,spatial_coverage_minus_random,mae,1.3851737321123725,1.2622825292298927,-0.12289120288247979
2010,spco2_le_threshold,5000,8,spatial_coverage_minus_random,median_absolute_error,1.0428582683035188,1.0469395325765731,0.00408126427305433
2010,spco2_le_threshold,5000,8,spatial_coverage_minus_random,p95_absolute_error,3.2749435163356964,2.556502530556827,-0.7184409857788694
2010,spco2_le_threshold,5000,8,spatial_coverage_minus_random,p99_absolute_error,3.8024817557841857,2.173648143425325,-1.6288336123588607
2010,spco2_le_threshold,5000,8,historical_density_minus_random,rmse,14.91195832357031,14.70128015746511,-0.2106781661052004
2010,spco2_le_threshold,5000,8,historical_density_minus_random,mae,6.713005414833805,6.889749384153095,0.17674396931928982
2010,spco2_le_threshold,5000,8,historical_density_minus_random,median_absolute_error,1.868400883143693,2.07650419587992,0.20810331273622729
2010,spco2_le_threshold,5000,8,historical_density_minus_random,p95_absolute_error,37.657983700301,37.61106969279794,-0.046914007503062294
2010,spco2_le_threshold,5000,8,historical_density_minus_random,p99_absolute_error,83.20785820207306,78.42833692063682,-4.779521281436232
2010,spco2_le_threshold,5000,9,spatial_coverage_minus_random,rmse,2.5933903643853,2.483724363179647,-0.10966600120565317
2010,spco2_le_threshold,5000,9,spatial_coverage_minus_random,mae,1.2924298806151209,1.2416493317124004,-0.050780548902720435
2010,spco2_le_threshold,5000,9,spatial_coverage_minus_random,median_absolute_error,0.8487251696421367,0.8411797408222697,-0.007545428819867084
2010,spco2_le_threshold,5000,9,spatial_coverage_minus_random,p95_absolute_error,3.2114338264820503,2.527485498206971,-0.6839483282750791
2010,spco2_le_threshold,5000,9,spatial_coverage_minus_random,p99_absolute_error,2.4932827473752326,2.204123231196803,-0.2891595161784295
2010,spco2_le_threshold,5000,9,historical_density_minus_random,rmse,16.130997094118662,15.385327632950638,-0.7456694611680241
2010,spco2_le_threshold,5000,9,historical_density_minus_random,mae,6.996578327803224,6.682108139987854,-0.3144701878153704
2010,spco2_le_threshold,5000,9,historical_density_minus_random,median_absolute_error,2.11686900499609,2.0546234985077376,-0.062245506488352476
2010,spco2_le_threshold,5000,9,historical_density_minus_random,p95_absolute_error,34.85804461692743,31.982799424269643,-2.875245192657786
2010,spco2_le_threshold,5000,9,historical_density_minus_random,p99_absolute_error,85.23098500023845,84.31143562712363,-0.919549373114819
2010,spco2_le_threshold,5000,10,spatial_coverage_minus_random,rmse,-2.3355657918530426,-2.253358601067301,0.08220719078574179
2010,spco2_le_threshold,5000,10,spatial_coverage_minus_random,mae,-0.2943252068052864,-0.1903454534580877,0.1039797533471987
2010,spco2_le_threshold,5000,10,spatial_coverage_minus_random,median_absolute_error,0.2382767780851509,0.3731787171989822,0.1349019391138313
2010,spco2_le_threshold,5000,10,spatial_coverage_minus_random,p95_absolute_error,-1.2371607024913374,-1.2098422713927164,0.027318431098620977
2010,spco2_le_threshold,5000,10,spatial_coverage_minus_random,p99_absolute_error,-11.475339366804654,-11.9554766544399,-0.4801372876352463
2010,spco2_le_threshold,5000,10,historical_density_minus_random,rmse,10.36101704326608,9.183035708107514,-1.1779813351585666
2010,spco2_le_threshold,5000,10,historical_density_minus_random,mae,5.204332024819211,4.619202615768886,-0.5851294090503245
2010,spco2_le_threshold,5000,10,historical_density_minus_random,median_absolute_error,1.7157804909586505,1.5636248169345777,-0.15215567402407282
2010,spco2_le_threshold,5000,10,historical_density_minus_random,p95_absolute_error,28.383200788741505,24.39641858113052,-3.986782207610986
2010,spco2_le_threshold,5000,10,historical_density_minus_random,p99_absolute_error,51.645713705199,41.4374050637056,-10.208308641493403
2010,spco2_le_threshold,5000,11,spatial_coverage_minus_random,rmse,-2.770579041477905,-2.6625798731344403,0.10799916834346446
2010,spco2_le_threshold,5000,11,spatial_coverage_minus_random,mae,-0.3469996465201337,-0.3969287734320392,-0.049929126911905486
2010,spco2_le_threshold,5000,11,spatial_coverage_minus_random,median_absolute_error,0.3028640085809115,0.2450199991685053,-0.057844009412406194
2010,spco2_le_threshold,5000,11,spatial_coverage_minus_random,p95_absolute_error,-1.6026543609677333,-1.820916258101164,-0.2182618971334307
2010,spco2_le_threshold,5000,11,spatial_coverage_minus_random,p99_absolute_error,-16.070259856309306,-15.002190877444598,1.0680689788647086
2010,spco2_le_threshold,5000,11,historical_density_minus_random,rmse,8.088305683162801,8.088500464873139,0.00019478171033782132
2010,spco2_le_threshold,5000,11,historical_density_minus_random,mae,4.432949619344928,4.469173990633472,0.03622437128854372
2010,spco2_le_threshold,5000,11,historical_density_minus_random,median_absolute_error,1.6289331838552812,1.6170598907924614,-0.011873293062819812
2010,spco2_le_threshold,5000,11,historical_density_minus_random,p95_absolute_error,19.25616306897305,19.62672534508826,0.3705622761152121
2010,spco2_le_threshold,5000,11,historical_density_minus_random,p99_absolute_error,66.72595529860936,67.97744344001205,1.2514881414026888
2010,spco2_le_threshold,5000,12,spatial_coverage_minus_random,rmse,-0.328835826109028,-0.445847451695343,-0.117011625586315
2010,spco2_le_threshold,5000,12,spatial_coverage_minus_random,mae,0.4815511766567475,0.4574177815457858,-0.02413339511096174
2010,spco2_le_threshold,5000,12,spatial_coverage_minus_random,median_absolute_error,0.6839228662050232,0.6890548104731806,0.00513194426815744
2010,spco2_le_threshold,5000,12,spatial_coverage_minus_random,p95_absolute_error,0.6688410800114184,0.2491963838332367,-0.4196446961781817
2010,spco2_le_threshold,5000,12,spatial_coverage_minus_random,p99_absolute_error,-2.4785925651378804,-3.1987881074049227,-0.7201955422670423
2010,spco2_le_threshold,5000,12,historical_density_minus_random,rmse,11.879663170219755,12.643558841270266,0.7638956710505109
2010,spco2_le_threshold,5000,12,historical_density_minus_random,mae,5.418184208175077,5.7066357823161535,0.28845157414107625
2010,spco2_le_threshold,5000,12,historical_density_minus_random,median_absolute_error,2.0153722780515864,2.1104049285283963,0.09503265047680998
2010,spco2_le_threshold,5000,12,historical_density_minus_random,p95_absolute_error,22.31057015439174,24.09930699820879,1.7887368438170483
2010,spco2_le_threshold,5000,12,historical_density_minus_random,p99_absolute_error,73.44629937424418,77.14963074771559,3.703331373471414
2010,spco2_le_threshold,5000,13,spatial_coverage_minus_random,rmse,1.7797231994779708,1.658798451973663,-0.12092474750430782
2010,spco2_le_threshold,5000,13,spatial_coverage_minus_random,mae,0.5755345629179978,0.4595848869246808,-0.11594967599331696
2010,spco2_le_threshold,5000,13,spatial_coverage_minus_random,median_absolute_error,0.6236676752435528,0.5098346686784225,-0.11383300656513029
2010,spco2_le_threshold,5000,13,spatial_coverage_minus_random,p95_absolute_error,-0.2847215288240363,-0.0612915958593589,0.2234299329646774
2010,spco2_le_threshold,5000,13,spatial_coverage_minus_random,p99_absolute_error,-2.636965303937245,-4.104308824690598,-1.467343520753353
2010,spco2_le_threshold,5000,13,historical_density_minus_random,rmse,12.160351055953376,11.370895215421722,-0.7894558405316534
2010,spco2_le_threshold,5000,13,historical_density_minus_random,mae,5.111788389278447,4.842858431479423,-0.2689299577990232
2010,spco2_le_threshold,5000,13,historical_density_minus_random,median_absolute_error,1.7364969734543934,1.6129711174177146,-0.12352585603667876
2010,spco2_le_threshold,5000,13,historical_density_minus_random,p95_absolute_error,20.340117839213093,20.389009488624534,0.04889164941144131
2010,spco2_le_threshold,5000,13,historical_density_minus_random,p99_absolute_error,77.71771381689311,72.78479517690582,-4.932918639987292
2010,spco2_le_threshold,5000,14,spatial_coverage_minus_random,rmse,0.9205299196125588,0.8733058222598231,-0.047224097352735694
2010,spco2_le_threshold,5000,14,spatial_coverage_minus_random,mae,1.556964134572377,1.4691803637323204,-0.08778377084005662
2010,spco2_le_threshold,5000,14,spatial_coverage_minus_random,median_absolute_error,1.5413450150903143,1.3729170237126027,-0.16842799137771158
2010,spco2_le_threshold,5000,14,spatial_coverage_minus_random,p95_absolute_error,3.4742010120521343,3.272550706924505,-0.20165030512762927
2010,spco2_le_threshold,5000,14,spatial_coverage_minus_random,p99_absolute_error,3.2275926885039823,2.4775247414269046,-0.7500679470770777
2010,spco2_le_threshold,5000,14,historical_density_minus_random,rmse,10.689616071141852,10.910090784218188,0.22047471307633515
2010,spco2_le_threshold,5000,14,historical_density_minus_random,mae,4.992398176877225,5.2454709876034205,0.25307281072619503
2010,spco2_le_threshold,5000,14,historical_density_minus_random,median_absolute_error,2.19692277368506,2.24001020616322,0.04308743247816027
2010,spco2_le_threshold,5000,14,historical_density_minus_random,p95_absolute_error,17.918699605691785,19.6128773555983,1.6941777499065154
2010,spco2_le_threshold,5000,14,historical_density_minus_random,p99_absolute_error,60.87942345051106,61.07359211311153,0.19416866260046817
2010,spco2_le_threshold,5000,15,spatial_coverage_minus_random,rmse,-1.0643442358109,-1.509066011684382,-0.44472177587348183
2010,spco2_le_threshold,5000,15,spatial_coverage_minus_random,mae,0.1752511858948811,-0.0383020720501665,-0.2135532579450476
2010,spco2_le_threshold,5000,15,spatial_coverage_minus_random,median_absolute_error,0.647313551548109,0.4460426589076292,-0.20127089264047981
2010,spco2_le_threshold,5000,15,spatial_coverage_minus_random,p95_absolute_error,-0.5312648403995297,-0.6649529231954716,-0.1336880827959419
2010,spco2_le_threshold,5000,15,spatial_coverage_minus_random,p99_absolute_error,-8.146801728254793,-11.444819781159543,-3.29801805290475
2010,spco2_le_threshold,5000,15,historical_density_minus_random,rmse,13.181199905974928,14.174817380031538,0.9936174740566095
2010,spco2_le_threshold,5000,15,historical_density_minus_random,mae,5.589051381671832,6.041184808917532,0.45213342724570005
2010,spco2_le_threshold,5000,15,historical_density_minus_random,median_absolute_error,1.755915933858773,1.8260662429378272,0.07015030907905406
2010,spco2_le_threshold,5000,15,historical_density_minus_random,p95_absolute_error,29.950972666766944,34.2728959182929,4.321923251525959
2010,spco2_le_threshold,5000,15,historical_density_minus_random,p99_absolute_error,61.86608113487257,63.12597285514002,1.2598917202674471
2010,spco2_le_threshold,5000,16,spatial_coverage_minus_random,rmse,-5.518793753785268,-5.505392536212938,0.013401217572329926
2010,spco2_le_threshold,5000,16,spatial_coverage_minus_random,mae,-0.4091022807817399,-0.5569224885408985,-0.14782020775915866
2010,spco2_le_threshold,5000,16,spatial_coverage_minus_random,median_absolute_error,0.5873678042918868,0.3780139532676685,-0.20935385102421833
2010,spco2_le_threshold,5000,16,spatial_coverage_minus_random,p95_absolute_error,-0.931986557689612,-1.2530860857211508,-0.32109952803153874
2010,spco2_le_threshold,5000,16,spatial_coverage_minus_random,p99_absolute_error,-17.676716502678687,-17.804665528949663,-0.1279490262709757
2010,spco2_le_threshold,5000,16,historical_density_minus_random,rmse,8.218823320457673,7.896353989601533,-0.3224693308561406
2010,spco2_le_threshold,5000,16,historical_density_minus_random,mae,4.622037032410349,4.354219890409871,-0.267817142000478
2010,spco2_le_threshold,5000,16,historical_density_minus_random,median_absolute_error,1.7224746687461447,1.4101637447099051,-0.3123109240362396
2010,spco2_le_threshold,5000,16,historical_density_minus_random,p95_absolute_error,20.463041368049858,20.41115484821501,-0.0518865198348486
2010,spco2_le_threshold,5000,16,historical_density_minus_random,p99_absolute_error,67.73737796056625,64.90656796082119,-2.830809999745057
2010,spco2_le_threshold,5000,17,spatial_coverage_minus_random,rmse,0.5905529502202711,0.2960812656733935,-0.2944716845468776
2010,spco2_le_threshold,5000,17,spatial_coverage_minus_random,mae,1.0031268186753302,0.806064173359049,-0.19706264531628115
2010,spco2_le_threshold,5000,17,spatial_coverage_minus_random,median_absolute_error,0.976686575713302,0.8263355332977085,-0.1503510424155935
2010,spco2_le_threshold,5000,17,spatial_coverage_minus_random,p95_absolute_error,2.7443220409689677,1.7331893591507708,-1.011132681818197
2010,spco2_le_threshold,5000,17,spatial_coverage_minus_random,p99_absolute_error,0.461012520551094,-1.3980343178715486,-1.8590468384226426
2010,spco2_le_threshold,5000,17,historical_density_minus_random,rmse,13.288054295035192,12.85703036604962,-0.43102392898557085
2010,spco2_le_threshold,5000,17,historical_density_minus_random,mae,6.024520833619565,6.000392381338777,-0.024128452280788082
2010,spco2_le_threshold,5000,17,historical_density_minus_random,median_absolute_error,2.232656523337312,2.281153161087218,0.04849663774990587
2010,spco2_le_threshold,5000,17,historical_density_minus_random,p95_absolute_error,25.20747122632386,25.363177571003348,0.15570634467948707
2010,spco2_le_threshold,5000,17,historical_density_minus_random,p99_absolute_error,80.85634389038886,75.32123816501507,-5.535105725373782
2010,spco2_le_threshold,5000,18,spatial_coverage_minus_random,rmse,-1.6067401609023086,-1.5017526993975956,0.10498746150471305
2010,spco2_le_threshold,5000,18,spatial_coverage_minus_random,mae,0.2829044672764738,0.443718348543145,0.16081388126667123
2010,spco2_le_threshold,5000,18,spatial_coverage_minus_random,median_absolute_error,0.784315977270694,0.9381081055952336,0.1537921283245396
2010,spco2_le_threshold,5000,18,spatial_coverage_minus_random,p95_absolute_error,-0.0753691473409219,0.2772079888543146,0.35257713619523645
2010,spco2_le_threshold,5000,18,spatial_coverage_minus_random,p99_absolute_error,-10.530255317301226,-12.381975214734524,-1.8517198974332985
2010,spco2_le_threshold,5000,18,historical_density_minus_random,rmse,9.23012407706574,8.633009161728822,-0.5971149153369186
2010,spco2_le_threshold,5000,18,historical_density_minus_random,mae,4.874978388549978,4.639069742562569,-0.23590864598740868
2010,spco2_le_threshold,5000,18,historical_density_minus_random,median_absolute_error,2.090999749946036,2.217592664079291,0.1265929141332549
2010,spco2_le_threshold,5000,18,historical_density_minus_random,p95_absolute_error,24.29239332742179,22.27457248596048,-2.0178208414613117
2010,spco2_le_threshold,5000,18,historical_density_minus_random,p99_absolute_error,31.777447751029754,26.497065959004274,-5.28038179202548
2010,spco2_le_threshold,5000,19,spatial_coverage_minus_random,rmse,1.795206168420922,1.4916352195748317,-0.30357094884609026
2010,spco2_le_threshold,5000,19,spatial_coverage_minus_random,mae,1.197448059999051,0.9716169519332372,-0.22583110806581375
2010,spco2_le_threshold,5000,19,spatial_coverage_minus_random,median_absolute_error,1.0475386924067038,0.993879550636848,-0.05365914176985587
2010,spco2_le_threshold,5000,19,spatial_coverage_minus_random,p95_absolute_error,2.3407871519500816,1.6219041912393948,-0.7188829607106868
2010,spco2_le_threshold,5000,19,spatial_coverage_minus_random,p99_absolute_error,-1.810208720463038,-4.69197987294833,-2.8817711524852925
2010,spco2_le_threshold,5000,19,historical_density_minus_random,rmse,11.424871349467027,11.384954801778235,-0.03991654768879194
2010,spco2_le_threshold,5000,19,historical_density_minus_random,mae,5.175543722689643,5.4437810636403725,0.26823734095072993
2010,spco2_le_threshold,5000,19,historical_density_minus_random,median_absolute_error,2.0672859845232097,2.390801775935984,0.3235157914127744
2010,spco2_le_threshold,5000,19,historical_density_minus_random,p95_absolute_error,19.74772014027849,19.94495361137672,0.19723347109823308
2010,spco2_le_threshold,5000,19,historical_density_minus_random,p99_absolute_error,64.33984293108867,62.9706162632485,-1.3692266678401666
2014,all,500,0,spatial_coverage_minus_random,rmse,0.1764132888500711,0.1643024481390682,-0.012110840711002907
2014,all,500,0,spatial_coverage_minus_random,mae,0.54203363746905,0.6133444960991596,0.07131085863010966
2014,all,500,0,spatial_coverage_minus_random,median_absolute_error,0.9571727583359576,0.988487869950916,0.03131511161495837
2014,all,500,0,spatial_coverage_minus_random,p95_absolute_error,-1.027386590775386,-0.93215554495805,0.0952310458173361
2014,all,500,0,spatial_coverage_minus_random,p99_absolute_error,-2.589641444557614,-2.5350177636875344,0.05462368087007974
2014,all,500,0,historical_density_minus_random,rmse,5.6736789113242665,5.397640383699699,-0.2760385276245678
2014,all,500,0,historical_density_minus_random,mae,4.366514386324081,4.09539277453872,-0.271121611785361
2014,all,500,0,historical_density_minus_random,median_absolute_error,3.30014719036825,3.153813354226372,-0.14633383614187778
2014,all,500,0,historical_density_minus_random,p95_absolute_error,14.004551110106938,12.92310066930864,-1.0814504407982977
2014,all,500,0,historical_density_minus_random,p99_absolute_error,8.912634511833545,8.816083134272603,-0.09655137756094234
2014,all,500,1,spatial_coverage_minus_random,rmse,2.017200001433004,1.944139585417883,-0.07306041601512092
2014,all,500,1,spatial_coverage_minus_random,mae,2.3841712202086107,2.215971865507594,-0.16819935470101655
2014,all,500,1,spatial_coverage_minus_random,median_absolute_error,2.308243092879252,2.14049402566593,-0.16774906721332172
2014,all,500,1,spatial_coverage_minus_random,p95_absolute_error,6.012969996529812,5.572779638109928,-0.4401903584198834
2014,all,500,1,spatial_coverage_minus_random,p99_absolute_error,2.742158033799427,3.504241251198593,0.7620832173991658
2014,all,500,1,historical_density_minus_random,rmse,8.311266611010254,8.228880242106232,-0.08238636890402162
2014,all,500,1,historical_density_minus_random,mae,6.117095400166228,5.842403935256236,-0.2746914649099921
2014,all,500,1,historical_density_minus_random,median_absolute_error,4.601374263097398,4.300877068165335,-0.3004971949320625
2014,all,500,1,historical_density_minus_random,p95_absolute_error,17.906631760659323,18.20018410513968,0.29355234448035716
2014,all,500,1,historical_density_minus_random,p99_absolute_error,30.651627102826083,32.30817207327074,1.6565449704446564
2014,all,500,2,spatial_coverage_minus_random,rmse,0.1369879601214343,0.2074314899915208,0.07044352987008651
2014,all,500,2,spatial_coverage_minus_random,mae,0.3696053690865923,0.4694965370894266,0.09989116800283432
2014,all,500,2,spatial_coverage_minus_random,median_absolute_error,0.4505831632616548,0.6296124708892421,0.1790293076275873
2014,all,500,2,spatial_coverage_minus_random,p95_absolute_error,0.5696150274385161,0.3875034850889847,-0.18211154234953142
2014,all,500,2,spatial_coverage_minus_random,p99_absolute_error,-0.4384121892641417,-1.0693162163300798,-0.6309040270659381
2014,all,500,2,historical_density_minus_random,rmse,6.60965569232199,6.315079317235103,-0.29457637508688705
2014,all,500,2,historical_density_minus_random,mae,4.7784515712318445,4.496270464737911,-0.28218110649393324
2014,all,500,2,historical_density_minus_random,median_absolute_error,3.15642110827406,2.843293332567356,-0.3131277757067039
2014,all,500,2,historical_density_minus_random,p95_absolute_error,17.35673994070946,17.121051398055307,-0.2356885426541524
2014,all,500,2,historical_density_minus_random,p99_absolute_error,27.26872259770205,24.03404469080816,-3.234677906893893
2014,all,500,3,spatial_coverage_minus_random,rmse,-2.4281906744013995,-2.217328854771111,0.2108618196302885
2014,all,500,3,spatial_coverage_minus_random,mae,-0.2096045400328066,-0.0824508713698151,0.1271536686629915
2014,all,500,3,spatial_coverage_minus_random,median_absolute_error,1.0190647525575685,1.072665183860721,0.05360043130315262
2014,all,500,3,spatial_coverage_minus_random,p95_absolute_error,-4.539230360352434,-3.8439503108107536,0.6952800495416804
2014,all,500,3,spatial_coverage_minus_random,p99_absolute_error,-25.132630386876627,-24.748862740655994,0.3837676462206332
2014,all,500,3,historical_density_minus_random,rmse,6.890134813246966,6.887941680766133,-0.002193132480833526
2014,all,500,3,historical_density_minus_random,mae,4.363476314393061,4.474613165557056,0.11113685116399452
2014,all,500,3,historical_density_minus_random,median_absolute_error,2.675631329603675,2.775369421821239,0.09973809221756369
2014,all,500,3,historical_density_minus_random,p95_absolute_error,18.83417579730565,19.093264814098696,0.25908901679304464
2014,all,500,3,historical_density_minus_random,p99_absolute_error,29.12608709097745,28.070019204899022,-1.0560678860784272
2014,all,500,4,spatial_coverage_minus_random,rmse,0.4691603444424039,0.2049122572300206,-0.2642480872123833
2014,all,500,4,spatial_coverage_minus_random,mae,0.6632572834724542,0.4319584928610531,-0.23129879061140107
2014,all,500,4,spatial_coverage_minus_random,median_absolute_error,0.4891242877771731,0.3549679915393824,-0.13415629623779068
2014,all,500,4,spatial_coverage_minus_random,p95_absolute_error,2.219559006542092,1.224560459570931,-0.9949985469711611
2014,all,500,4,spatial_coverage_minus_random,p99_absolute_error,-1.9749385748233264,-2.601957396165432,-0.6270188213421057
2014,all,500,4,historical_density_minus_random,rmse,9.11675153119796,9.289759911679724,0.1730083804817646
2014,all,500,4,historical_density_minus_random,mae,6.208933016108954,6.184868318968636,-0.024064697140318003
2014,all,500,4,historical_density_minus_random,median_absolute_error,3.635866971162244,3.598297493292222,-0.03756947787002218
2014,all,500,4,historical_density_minus_random,p95_absolute_error,26.4474081858738,27.25927072523742,0.8118625393636201
2014,all,500,4,historical_density_minus_random,p99_absolute_error,35.83901714902903,37.17783005527198,1.33881290624295
2014,all,500,5,spatial_coverage_minus_random,rmse,-1.6094697287807025,-1.7295298381205877,-0.1200601093398852
2014,all,500,5,spatial_coverage_minus_random,mae,-0.4349153171367419,-0.503250299335555,-0.06833498219881307
2014,all,500,5,spatial_coverage_minus_random,median_absolute_error,0.5147898227119754,0.4746677910931964,-0.040122031618778975
2014,all,500,5,spatial_coverage_minus_random,p95_absolute_error,-3.102171179001374,-3.022866284188318,0.07930489481305614
2014,all,500,5,spatial_coverage_minus_random,p99_absolute_error,-7.252232400016325,-7.211990960658724,0.04024143935760094
2014,all,500,5,historical_density_minus_random,rmse,8.684680434707992,8.574874268240986,-0.10980616646700625
2014,all,500,5,historical_density_minus_random,mae,5.092193789213969,4.977792412260815,-0.114401376953154
2014,all,500,5,historical_density_minus_random,median_absolute_error,2.612749592319972,2.564806646669041,-0.04794294565093127
2014,all,500,5,historical_density_minus_random,p95_absolute_error,24.626392838268444,25.02229931267467,0.3959064744062246
2014,all,500,5,historical_density_minus_random,p99_absolute_error,42.34329523714908,41.49928040977417,-0.844014827374906
2014,all,500,6,spatial_coverage_minus_random,rmse,-0.9449066416601576,-0.7332292440790447,0.21167739758111292
2014,all,500,6,spatial_coverage_minus_random,mae,-0.1301395129243765,0.1587906580947979,0.2889301710191744
2014,all,500,6,spatial_coverage_minus_random,median_absolute_error,-0.0829230865473675,0.2043597812668451,0.2872828678142126
2014,all,500,6,spatial_coverage_minus_random,p95_absolute_error,-0.2960813723831563,0.223152554342775,0.5192339267259313
2014,all,500,6,spatial_coverage_minus_random,p99_absolute_error,-6.052716536761565,-5.7924826288003,0.2602339079612648
2014,all,500,6,historical_density_minus_random,rmse,5.787995305576285,5.782258849709486,-0.005736455866799162
2014,all,500,6,historical_density_minus_random,mae,4.497226104526948,4.586281701886659,0.08905559735971025
2014,all,500,6,historical_density_minus_random,median_absolute_error,3.370420896974309,3.4819635551536123,0.11154265817930353
2014,all,500,6,historical_density_minus_random,p95_absolute_error,13.894178010478718,14.263125793743477,0.3689477832647583
2014,all,500,6,historical_density_minus_random,p99_absolute_error,16.498661013809922,16.975321564503474,0.47666055069355195
2014,all,500,7,spatial_coverage_minus_random,rmse,-0.5453589395432381,-0.341243688939695,0.20411525060354313
2014,all,500,7,spatial_coverage_minus_random,mae,0.0005609592528585,0.26178092957635,0.26121997032349153
2014,all,500,7,spatial_coverage_minus_random,median_absolute_error,0.2491319870510722,0.556838626403902,0.3077066393528298
2014,all,500,7,spatial_coverage_minus_random,p95_absolute_error,1.2483993078896134,1.3104368123536505,0.06203750446403711
2014,all,500,7,spatial_coverage_minus_random,p99_absolute_error,-4.301906381135751,-3.6144304239035705,0.6874759572321807
2014,all,500,7,historical_density_minus_random,rmse,4.576893283340819,4.67114407819691,0.09425079485609089
2014,all,500,7,historical_density_minus_random,mae,3.513745218841784,3.5521097384714544,0.03836451962967047
2014,all,500,7,historical_density_minus_random,median_absolute_error,2.6722615937527507,2.6365111200162232,-0.03575047373652751
2014,all,500,7,historical_density_minus_random,p95_absolute_error,11.79631843402445,12.465428097757789,0.6691096637333391
2014,all,500,7,historical_density_minus_random,p99_absolute_error,20.96923771165773,21.34883467438217,0.37959696272444177
2014,all,500,8,spatial_coverage_minus_random,rmse,11.301469021978852,10.857677689638528,-0.4437913323403233
2014,all,500,8,spatial_coverage_minus_random,mae,6.100280781208912,5.772893722944406,-0.327387058264506
2014,all,500,8,spatial_coverage_minus_random,median_absolute_error,2.797767317550722,2.5037136378400646,-0.29405367971065743
2014,all,500,8,spatial_coverage_minus_random,p95_absolute_error,25.19345092059676,24.546689451481427,-0.6467614691153329
2014,all,500,8,spatial_coverage_minus_random,p99_absolute_error,56.752030557301055,55.684602648941805,-1.0674279083592495
2014,all,500,8,historical_density_minus_random,rmse,5.164832773941839,4.974911376498625,-0.18992139744321435
2014,all,500,8,historical_density_minus_random,mae,3.885131587421722,3.582629337045031,-0.302502250376691
2014,all,500,8,historical_density_minus_random,median_absolute_error,2.6233389519014736,2.333214838812154,-0.29012411308931974
2014,all,500,8,historical_density_minus_random,p95_absolute_error,14.416417950535106,13.9247535494191,-0.4916644011160063
2014,all,500,8,historical_density_minus_random,p99_absolute_error,9.878209202666184,10.13923082044407,0.26102161777788524
2014,all,500,9,spatial_coverage_minus_random,rmse,-0.9230774138013658,-1.177582582619035,-0.25450516881766916
2014,all,500,9,spatial_coverage_minus_random,mae,-0.3058982311463687,-0.5422912325332483,-0.23639300138687958
2014,all,500,9,spatial_coverage_minus_random,median_absolute_error,-0.0516256114822795,-0.2219636569414262,-0.1703380454591467
2014,all,500,9,spatial_coverage_minus_random,p95_absolute_error,0.0801557719643568,-0.5246098397289529,-0.6047656116933098
2014,all,500,9,spatial_coverage_minus_random,p99_absolute_error,-5.641214117606424,-5.535538508730284,0.10567560887613947
2014,all,500,9,historical_density_minus_random,rmse,6.919994382997494,6.73851835838412,-0.18147602461337442
2014,all,500,9,historical_density_minus_random,mae,5.782427097152144,5.53028407410708,-0.25214302304506475
2014,all,500,9,historical_density_minus_random,median_absolute_error,4.310679284930615,3.98380690989444,-0.3268723750361744
2014,all,500,9,historical_density_minus_random,p95_absolute_error,15.77460461319624,15.535118576263272,-0.2394860369329681
2014,all,500,9,historical_density_minus_random,p99_absolute_error,17.630791643541954,17.085192599212462,-0.5455990443294922
2014,all,500,10,spatial_coverage_minus_random,rmse,-4.775349392685115,-4.753317053793474,0.022032338891641245
2014,all,500,10,spatial_coverage_minus_random,mae,-1.90279085385858,-1.8312856250993723,0.07150522875920773
2014,all,500,10,spatial_coverage_minus_random,median_absolute_error,0.6713317470793072,0.6704913744864598,-0.0008403725928474159
2014,all,500,10,spatial_coverage_minus_random,p95_absolute_error,-11.92549938006978,-11.027070326889271,0.898429053180509
2014,all,500,10,spatial_coverage_minus_random,p99_absolute_error,-43.80368440612611,-45.71715344264946,-1.9134690365233524
2014,all,500,10,historical_density_minus_random,rmse,0.5260080074538607,0.4827816170215229,-0.04322639043233778
2014,all,500,10,historical_density_minus_random,mae,1.4336888743629856,1.491706615341844,0.05801774097885826
2014,all,500,10,historical_density_minus_random,median_absolute_error,2.8081498335803303,2.871327027820115,0.06317719423978474
2014,all,500,10,historical_density_minus_random,p95_absolute_error,-1.668169290332358,-0.7585207128928886,0.9096485774394694
2014,all,500,10,historical_density_minus_random,p99_absolute_error,-23.72384209441853,-24.73489622248788,-1.0110541280693504
2014,all,500,11,spatial_coverage_minus_random,rmse,-1.384232019015112,-1.4479241041510242,-0.06369208513591218
2014,all,500,11,spatial_coverage_minus_random,mae,-0.6380912426456611,-0.6291043391825113,0.008986903463149787
2014,all,500,11,spatial_coverage_minus_random,median_absolute_error,-0.2461241105494025,-0.0524366346149633,0.1936874759344392
2014,all,500,11,spatial_coverage_minus_random,p95_absolute_error,-0.5790352562995977,-1.1836390080004762,-0.6046037517008784
2014,all,500,11,spatial_coverage_minus_random,p99_absolute_error,-7.5850094092224225,-7.312531221244484,0.27247818797793855
2014,all,500,11,historical_density_minus_random,rmse,11.889319879914936,11.67884142714476,-0.2104784527701753
2014,all,500,11,historical_density_minus_random,mae,5.448191127595432,5.32788967954939,-0.12030144804604159
2014,all,500,11,historical_density_minus_random,median_absolute_error,1.3555812787702166,1.3834669157548944,0.02788563698467783
2014,all,500,11,historical_density_minus_random,p95_absolute_error,28.12379966971345,28.46971920275145,0.3459195330379998
2014,all,500,11,historical_density_minus_random,p99_absolute_error,79.50033978328612,76.56901398337715,-2.9313257999089757
2014,all,500,12,spatial_coverage_minus_random,rmse,-1.323950098077372,-1.3755954592580792,-0.05164536118070728
2014,all,500,12,spatial_coverage_minus_random,mae,0.315640613433608,0.2928102403690928,-0.022830373064515186
2014,all,500,12,spatial_coverage_minus_random,median_absolute_error,0.926476859821804,0.9384906383702116,0.012013778548407572
2014,all,500,12,spatial_coverage_minus_random,p95_absolute_error,0.3764604437127161,-0.073819181055633,-0.4502796247683491
2014,all,500,12,spatial_coverage_minus_random,p99_absolute_error,-6.441160321555273,-5.27427166702816,1.1668886545271127
2014,all,500,12,historical_density_minus_random,rmse,8.468550040401507,8.237303821286275,-0.23124621911523136
2014,all,500,12,historical_density_minus_random,mae,6.60524684837316,6.543630199301791,-0.06161664907136899
2014,all,500,12,historical_density_minus_random,median_absolute_error,4.700256929040137,4.6042027271494135,-0.09605420189072333
2014,all,500,12,historical_density_minus_random,p95_absolute_error,23.07333579071565,22.49273443597045,-0.5806013547451983
2014,all,500,12,historical_density_minus_random,p99_absolute_error,32.03989822102261,31.599396657106,-0.4405015639166123
2014,all,500,13,spatial_coverage_minus_random,rmse,1.462919286101247,1.152465207200308,-0.3104540789009389
2014,all,500,13,spatial_coverage_minus_random,mae,1.1534253372624512,0.8714776113995697,-0.2819477258628815
2014,all,500,13,spatial_coverage_minus_random,median_absolute_error,1.2607073292823827,1.0723016117184443,-0.18840571756393842
2014,all,500,13,spatial_coverage_minus_random,p95_absolute_error,-0.9545356035650984,-1.5595151762342638,-0.6049795726691655
2014,all,500,13,spatial_coverage_minus_random,p99_absolute_error,11.273153904844506,10.08488149032928,-1.1882724145152253
2014,all,500,13,historical_density_minus_random,rmse,8.269058911363452,7.228322183189007,-1.0407367281744442
2014,all,500,13,historical_density_minus_random,mae,5.046784445156444,4.401486346838944,-0.6452980983175003
2014,all,500,13,historical_density_minus_random,median_absolute_error,2.7796268353155824,2.398861826374457,-0.3807650089411254
2014,all,500,13,historical_density_minus_random,p95_absolute_error,20.076484435319408,17.57217297483841,-2.5043114604809986
2014,all,500,13,historical_density_minus_random,p99_absolute_error,38.78941150304486,32.136433785913,-6.652977717131861
2014,all,500,14,spatial_coverage_minus_random,rmse,-0.1581240317018206,-0.1266898666548321,0.03143416504698851
2014,all,500,14,spatial_coverage_minus_random,mae,0.1113264950217143,0.1363731164078458,0.025046621386131507
2014,all,500,14,spatial_coverage_minus_random,median_absolute_error,0.227134749590931,0.1770521655789423,-0.0500825840119887
2014,all,500,14,spatial_coverage_minus_random,p95_absolute_error,-0.5395553958438839,-0.7708356893708057,-0.2312802935269218
2014,all,500,14,spatial_coverage_minus_random,p99_absolute_error,1.4053449102000144,0.594527438386578,-0.8108174718134364
2014,all,500,14,historical_density_minus_random,rmse,7.747135984309853,7.750248924965302,0.0031129406554484262
2014,all,500,14,historical_density_minus_random,mae,5.648617026173014,5.586619890678286,-0.061997135494728184
2014,all,500,14,historical_density_minus_random,median_absolute_error,3.839750855337826,3.699579989541945,-0.14017086579588112
2014,all,500,14,historical_density_minus_random,p95_absolute_error,17.08239900379646,17.842756519960126,0.7603575161636655
2014,all,500,14,historical_density_minus_random,p99_absolute_error,37.09233854888996,36.11811908616043,-0.9742194627295291
2014,all,500,15,spatial_coverage_minus_random,rmse,-1.7429281528568763,-2.232990836385742,-0.49006268352886573
2014,all,500,15,spatial_coverage_minus_random,mae,0.1071309841221044,-0.2173428300856628,-0.3244738142077672
2014,all,500,15,spatial_coverage_minus_random,median_absolute_error,0.852986901633983,0.6316528815277138,-0.22133402010626924
2014,all,500,15,spatial_coverage_minus_random,p95_absolute_error,-2.002924648272426,-3.704355711563295,-1.701431063290869
2014,all,500,15,spatial_coverage_minus_random,p99_absolute_error,-6.599016803647899,-9.745962487615929,-3.1469456839680294
2014,all,500,15,historical_density_minus_random,rmse,7.7627247579481775,7.2486075898295965,-0.514117168118581
2014,all,500,15,historical_density_minus_random,mae,5.38379234995773,5.085824035797536,-0.29796831416019387
2014,all,500,15,historical_density_minus_random,median_absolute_error,3.23389451918402,3.11172426694364,-0.12217025224038025
2014,all,500,15,historical_density_minus_random,p95_absolute_error,23.822382810970645,22.761264426584734,-1.0611183843859102
2014,all,500,15,historical_density_minus_random,p99_absolute_error,30.881822797708324,28.12414640479554,-2.757676392912785
2014,all,500,16,spatial_coverage_minus_random,rmse,1.4599424225468418,1.4411210737777438,-0.018821348769098023
2014,all,500,16,spatial_coverage_minus_random,mae,1.8267259295654164,2.011776529173517,0.18505059960810044
2014,all,500,16,spatial_coverage_minus_random,median_absolute_error,1.5903670736986442,1.9005022917801284,0.31013521808148425
2014,all,500,16,spatial_coverage_minus_random,p95_absolute_error,4.875430138138249,4.6257181860583,-0.24971195207994867
2014,all,500,16,spatial_coverage_minus_random,p99_absolute_error,12.315691238249885,8.369767753520946,-3.9459234847289384
2014,all,500,16,historical_density_minus_random,rmse,4.116372532501604,4.205295237878865,0.08892270537726077
2014,all,500,16,historical_density_minus_random,mae,3.0576601692336998,3.100257092496338,0.04259692326263842
2014,all,500,16,historical_density_minus_random,median_absolute_error,2.469982610702885,2.532862851284221,0.06288024058133601
2014,all,500,16,historical_density_minus_random,p95_absolute_error,8.890886581650825,8.951840169366392,0.06095358771556647
2014,all,500,16,historical_density_minus_random,p99_absolute_error,2.348432925795464,2.4084415171568594,0.06000859136139525
2014,all,500,17,spatial_coverage_minus_random,rmse,0.1480745286910441,0.1769761715050606,0.028901642814016498
2014,all,500,17,spatial_coverage_minus_random,mae,0.7851937606614356,1.0655696836841209,0.2803759230226852
2014,all,500,17,spatial_coverage_minus_random,median_absolute_error,0.8939292557098781,1.2591172137154274,0.36518795800554926
2014,all,500,17,spatial_coverage_minus_random,p95_absolute_error,3.462433325036685,3.7242787417786047,0.26184541674191975
2014,all,500,17,spatial_coverage_minus_random,p99_absolute_error,-3.7300829457308566,-4.692489016512198,-0.9624060707813413
2014,all,500,17,historical_density_minus_random,rmse,7.826938834771983,7.705579994669808,-0.12135884010217524
2014,all,500,17,historical_density_minus_random,mae,4.478090248881426,4.741213820586019,0.2631235717045932
2014,all,500,17,historical_density_minus_random,median_absolute_error,2.1110776397707127,2.5606348417243225,0.4495572019536098
2014,all,500,17,historical_density_minus_random,p95_absolute_error,17.610217301615407,18.672594233236488,1.0623769316210812
2014,all,500,17,historical_density_minus_random,p99_absolute_error,42.42241577009503,37.33047500102269,-5.0919407690723375
2014,all,500,18,spatial_coverage_minus_random,rmse,0.6609657785724607,1.1334865440556356,0.4725207654831749
2014,all,500,18,spatial_coverage_minus_random,mae,0.8242093478276402,1.1871086605314538,0.3628993127038136
2014,all,500,18,spatial_coverage_minus_random,median_absolute_error,0.6323146363400838,0.8379792396006565,0.20566460326057268
2014,all,500,18,spatial_coverage_minus_random,p95_absolute_error,2.253205598892599,4.269176018992653,2.0159704201000537
2014,all,500,18,spatial_coverage_minus_random,p99_absolute_error,4.462911701302161,6.149414320721789,1.6865026194196275
2014,all,500,18,historical_density_minus_random,rmse,6.000993639876167,6.539095412323469,0.5381017724473018
2014,all,500,18,historical_density_minus_random,mae,4.948500860932565,5.640472134650548,0.6919712737179831
2014,all,500,18,historical_density_minus_random,median_absolute_error,3.13475242249811,3.8824966003810735,0.7477441778829634
2014,all,500,18,historical_density_minus_random,p95_absolute_error,14.91503292695021,16.605932512645722,1.6908995856955116
2014,all,500,18,historical_density_minus_random,p99_absolute_error,8.983281288347115,9.57496472643956,0.5916834380924456
2014,all,500,19,spatial_coverage_minus_random,rmse,5.168307021400853,5.1096938407768775,-0.05861318062397558
2014,all,500,19,spatial_coverage_minus_random,mae,2.780965998816473,2.713988565435386,-0.06697743338108708
2014,all,500,19,spatial_coverage_minus_random,median_absolute_error,1.6997670693781686,1.7106215192496563,0.010854449871487759
2014,all,500,19,spatial_coverage_minus_random,p95_absolute_error,8.248768070270856,8.229113090470939,-0.019654979799916816
2014,all,500,19,spatial_coverage_minus_random,p99_absolute_error,40.18656212075869,41.05682309641082,0.8702609756521298
2014,all,500,19,historical_density_minus_random,rmse,9.71995762540676,10.355182768798144,0.6352251433913843
2014,all,500,19,historical_density_minus_random,mae,5.857966478658533,5.93162051868908,0.07365404003054721
2014,all,500,19,historical_density_minus_random,median_absolute_error,3.3249528665239723,3.1280098472238365,-0.1969430193001358
2014,all,500,19,historical_density_minus_random,p95_absolute_error,27.31856846116864,30.04885244093136,2.7302839797627207
2014,all,500,19,historical_density_minus_random,p99_absolute_error,52.414393289007606,55.70807670069328,3.2936834116856772
2014,all,1000,0,spatial_coverage_minus_random,rmse,-0.733122088598229,-0.4152216312410743,0.3179004573571547
2014,all,1000,0,spatial_coverage_minus_random,mae,0.2682896988247094,0.5050202000613808,0.23673050123667144
2014,all,1000,0,spatial_coverage_minus_random,median_absolute_error,0.4550342145571449,0.5862806928109876,0.13124647825384272
2014,all,1000,0,spatial_coverage_minus_random,p95_absolute_error,0.6277230007741963,1.538717843948497,0.9109948431743007
2014,all,1000,0,spatial_coverage_minus_random,p99_absolute_error,-4.49440093373363,-3.325897360210348,1.1685035735232816
2014,all,1000,0,historical_density_minus_random,rmse,10.54072273921377,10.674160972300744,0.13343823308697367
2014,all,1000,0,historical_density_minus_random,mae,6.171688485769325,6.373824190219148,0.2021357044498231
2014,all,1000,0,historical_density_minus_random,median_absolute_error,2.4612986298036503,2.622186800852546,0.16088817104889586
2014,all,1000,0,historical_density_minus_random,p95_absolute_error,33.27527326766919,32.47017102297849,-0.8051022446907012
2014,all,1000,0,historical_density_minus_random,p99_absolute_error,47.2102903989702,47.372544126596495,0.1622537276262932
2014,all,1000,1,spatial_coverage_minus_random,rmse,0.5104989529015782,0.3669774448580796,-0.1435215080434986
2014,all,1000,1,spatial_coverage_minus_random,mae,0.8687356959551131,0.8066964767850582,-0.06203921917005495
2014,all,1000,1,spatial_coverage_minus_random,median_absolute_error,1.0234507207808292,1.0467610519942523,0.023310331213423074
2014,all,1000,1,spatial_coverage_minus_random,p95_absolute_error,1.2251499055109465,0.8962278069968406,-0.3289220985141059
2014,all,1000,1,spatial_coverage_minus_random,p99_absolute_error,1.9997797175008003,0.9690945454194376,-1.0306851720813626
2014,all,1000,1,historical_density_minus_random,rmse,7.834041073395287,8.158151588274485,0.32411051487919806
2014,all,1000,1,historical_density_minus_random,mae,5.588622139981707,5.872268350837027,0.28364621085531994
2014,all,1000,1,historical_density_minus_random,median_absolute_error,3.372493264829103,3.560929895426824,0.18843663059772098
2014,all,1000,1,historical_density_minus_random,p95_absolute_error,20.185134113977256,21.928717685998883,1.7435835720216275
2014,all,1000,1,historical_density_minus_random,p99_absolute_error,17.27871918692007,17.48467571047611,0.20595652355603988
2014,all,1000,2,spatial_coverage_minus_random,rmse,-0.7540430169882946,-0.9290062052711932,-0.17496318828289859
2014,all,1000,2,spatial_coverage_minus_random,mae,0.3917173616936793,0.2183243787016131,-0.17339298299206624
2014,all,1000,2,spatial_coverage_minus_random,median_absolute_error,0.4873178505764315,0.3795203445240247,-0.10779750605240679
2014,all,1000,2,spatial_coverage_minus_random,p95_absolute_error,2.122834603254482,1.5991685347044182,-0.5236660685500638
2014,all,1000,2,spatial_coverage_minus_random,p99_absolute_error,3.0886417521400347,2.5428930316160603,-0.5457487205239744
2014,all,1000,2,historical_density_minus_random,rmse,5.437716003401626,5.38700299364006,-0.050713009761565786
2014,all,1000,2,historical_density_minus_random,mae,3.945111035589516,4.15238443239382,0.2072733968043039
2014,all,1000,2,historical_density_minus_random,median_absolute_error,2.538616294898702,3.050084349849556,0.5114680549508539
2014,all,1000,2,historical_density_minus_random,p95_absolute_error,13.345597426255472,12.52450467704078,-0.8210927492146922
2014,all,1000,2,historical_density_minus_random,p99_absolute_error,18.177352624540266,16.75286196280284,-1.4244906617374262
2014,all,1000,3,spatial_coverage_minus_random,rmse,-1.2272473692754566,-1.1051863350151976,0.12206103426025905
2014,all,1000,3,spatial_coverage_minus_random,mae,0.0096688039027004,0.2245880738446448,0.2149192699419444
2014,all,1000,3,spatial_coverage_minus_random,median_absolute_error,0.4388664749436088,0.6619818829537962,0.22311540801018742
2014,all,1000,3,spatial_coverage_minus_random,p95_absolute_error,-0.3160710575323122,1.0297372634899418,1.345808321022254
2014,all,1000,3,spatial_coverage_minus_random,p99_absolute_error,-11.56124551756598,-11.95022131081835,-0.388975793252369
2014,all,1000,3,historical_density_minus_random,rmse,7.359711146477867,8.202778522027785,0.8430673755499178
2014,all,1000,3,historical_density_minus_random,mae,5.503643481920603,5.859927346707156,0.35628386478655294
2014,all,1000,3,historical_density_minus_random,median_absolute_error,3.384009712399404,3.3220758885655077,-0.06193382383389645
2014,all,1000,3,historical_density_minus_random,p95_absolute_error,21.72357184708584,25.77654570730365,4.052973860217811
2014,all,1000,3,historical_density_minus_random,p99_absolute_error,24.55959629968767,31.68079905480745,7.121202755119782
2014,all,1000,4,spatial_coverage_minus_random,rmse,2.347598063209354,2.326053168431695,-0.02154489477765864
2014,all,1000,4,spatial_coverage_minus_random,mae,2.374258345101701,2.265901598240889,-0.10835674686081198
2014,all,1000,4,spatial_coverage_minus_random,median_absolute_error,1.1598674946267806,0.9381855944884876,-0.22168190013829303
2014,all,1000,4,spatial_coverage_minus_random,p95_absolute_error,9.57039227954506,9.0171437129381,-0.5532485666069604
2014,all,1000,4,spatial_coverage_minus_random,p99_absolute_error,14.664995218588942,15.953972100588729,1.2889768819997869
2014,all,1000,4,historical_density_minus_random,rmse,12.334784476287972,12.786483297953488,0.45169882166551645
2014,all,1000,4,historical_density_minus_random,mae,6.4027851942366105,6.819692393610431,0.4169071993738207
2014,all,1000,4,historical_density_minus_random,median_absolute_error,3.0641134490085165,3.208508937910466,0.14439548890194942
2014,all,1000,4,historical_density_minus_random,p95_absolute_error,21.391439361756817,25.05637181605762,3.6649324543008035
2014,all,1000,4,historical_density_minus_random,p99_absolute_error,90.00972285870765,89.71895098012908,-0.29077187857856757
2014,all,1000,5,spatial_coverage_minus_random,rmse,-0.2472924172147408,-0.2940625312138003,-0.04677011399905953
2014,all,1000,5,spatial_coverage_minus_random,mae,-0.5788379310601659,-0.750119098655512,-0.17128116759534606
2014,all,1000,5,spatial_coverage_minus_random,median_absolute_error,-0.2782117117564269,-0.5346997041086183,-0.25648799235219144
2014,all,1000,5,spatial_coverage_minus_random,p95_absolute_error,-1.687808436151883,-1.7890863202287337,-0.10127788407685068
2014,all,1000,5,spatial_coverage_minus_random,p99_absolute_error,0.7885671400489827,1.972798571953362,1.1842314319043794
2014,all,1000,5,historical_density_minus_random,rmse,10.531186763274192,10.283033878614194,-0.24815288465999785
2014,all,1000,5,historical_density_minus_random,mae,6.14727707221526,5.774778407432098,-0.37249866478316207
2014,all,1000,5,historical_density_minus_random,median_absolute_error,2.9162836092578743,2.6553531799311827,-0.26093042932669164
2014,all,1000,5,historical_density_minus_random,p95_absolute_error,28.707437321595847,28.000313249220973,-0.7071240723748744
2014,all,1000,5,historical_density_minus_random,p99_absolute_error,56.86317050863423,58.53522038295934,1.6720498743251113
2014,all,1000,6,spatial_coverage_minus_random,rmse,-1.9139862641906935,-1.90926697700926,0.00471928718143344
2014,all,1000,6,spatial_coverage_minus_random,mae,-0.403537113929957,-0.428919666663841,-0.025382552733884012
2014,all,1000,6,spatial_coverage_minus_random,median_absolute_error,0.1389952040221658,0.0799688681716759,-0.059026335850489914
2014,all,1000,6,spatial_coverage_minus_random,p95_absolute_error,-1.090846943922941,-1.18514089853322,-0.09429395461027901
2014,all,1000,6,spatial_coverage_minus_random,p99_absolute_error,-7.838047064274221,-8.79857370082685,-0.960526636552629
2014,all,1000,6,historical_density_minus_random,rmse,6.219938974268487,6.161227401092269,-0.058711573176218224
2014,all,1000,6,historical_density_minus_random,mae,3.977774919404771,3.839304370945605,-0.13847054845916595
2014,all,1000,6,historical_density_minus_random,median_absolute_error,2.386834672694277,2.168528781546684,-0.21830589114759302
2014,all,1000,6,historical_density_minus_random,p95_absolute_error,13.956537352777922,13.740099672978616,-0.21643767979930573
2014,all,1000,6,historical_density_minus_random,p99_absolute_error,32.53881428873663,31.45390876343491,-1.0849055253017212
2014,all,1000,7,spatial_coverage_minus_random,rmse,-1.025418298768674,-1.0382740051270396,-0.012855706358365637
2014,all,1000,7,spatial_coverage_minus_random,mae,-0.16274242923296,-0.2032860766517537,-0.04054364741879368
2014,all,1000,7,spatial_coverage_minus_random,median_absolute_error,0.0842900821867829,-0.0674420807919773,-0.1517321629787602
2014,all,1000,7,spatial_coverage_minus_random,p95_absolute_error,1.250015870259439,1.4328152751090073,0.18279940484956825
2014,all,1000,7,spatial_coverage_minus_random,p99_absolute_error,-10.817474091769412,-10.396415725351588,0.42105836641782446
2014,all,1000,7,historical_density_minus_random,rmse,8.200927766855933,7.634920367029039,-0.5660073998268942
2014,all,1000,7,historical_density_minus_random,mae,5.3154344690396,4.963939207708485,-0.35149526133111486
2014,all,1000,7,historical_density_minus_random,median_absolute_error,2.521341495903897,2.597916406610693,0.07657491070679567
2014,all,1000,7,historical_density_minus_random,p95_absolute_error,23.716303284390637,20.91874262636,-2.797560658030637
2014,all,1000,7,historical_density_minus_random,p99_absolute_error,37.39105121554442,40.65599030705518,3.2649390915107546
2014,all,1000,8,spatial_coverage_minus_random,rmse,3.848597402379753,3.7606469040216695,-0.08795049835808344
2014,all,1000,8,spatial_coverage_minus_random,mae,2.3816932892926133,2.304421279870777,-0.07727200942183643
2014,all,1000,8,spatial_coverage_minus_random,median_absolute_error,1.1244890495633229,1.0778113593854926,-0.0466776901778303
2014,all,1000,8,spatial_coverage_minus_random,p95_absolute_error,7.762992329510396,6.993304285264877,-0.7696880442455196
2014,all,1000,8,spatial_coverage_minus_random,p99_absolute_error,29.73081310936368,28.583758325320844,-1.1470547840428367
2014,all,1000,8,historical_density_minus_random,rmse,9.396374853133842,9.273307677051475,-0.12306717608236717
2014,all,1000,8,historical_density_minus_random,mae,5.466185391788692,5.5521241446959095,0.08593875290721797
2014,all,1000,8,historical_density_minus_random,median_absolute_error,2.5827744615686186,2.668079965088083,0.08530550351946431
2014,all,1000,8,historical_density_minus_random,p95_absolute_error,26.36569248222463,25.9611285421844,-0.4045639400402301
2014,all,1000,8,historical_density_minus_random,p99_absolute_error,52.09622539015152,49.32033235005021,-2.775893040101309
2014,all,1000,9,spatial_coverage_minus_random,rmse,-0.2625491922211402,-0.2570921859625485,0.00545700625859169
2014,all,1000,9,spatial_coverage_minus_random,mae,0.7484073320914089,0.7270095729577015,-0.02139775913370734
2014,all,1000,9,spatial_coverage_minus_random,median_absolute_error,0.8522131394144026,0.8185272675110298,-0.0336858719033728
2014,all,1000,9,spatial_coverage_minus_random,p95_absolute_error,2.106351690574406,2.1694686918456867,0.0631170012712805
2014,all,1000,9,spatial_coverage_minus_random,p99_absolute_error,-0.4445784304839719,-0.5832279748740063,-0.13864954439003446
2014,all,1000,9,historical_density_minus_random,rmse,8.320097496591533,8.197912186358323,-0.12218531023320978
2014,all,1000,9,historical_density_minus_random,mae,5.508410312422956,5.280482066962284,-0.22792824546067258
2014,all,1000,9,historical_density_minus_random,median_absolute_error,2.976001176221473,2.812830183046941,-0.163170993174532
2014,all,1000,9,historical_density_minus_random,p95_absolute_error,22.38779601364521,22.05880940203192,-0.328986611613292
2014,all,1000,9,historical_density_minus_random,p99_absolute_error,33.52340905145279,35.547956085469835,2.024547034017047
2014,all,1000,10,spatial_coverage_minus_random,rmse,-4.931781019698644,-4.8696188783555705,0.062162141343073074
2014,all,1000,10,spatial_coverage_minus_random,mae,-1.2270336288470034,-1.160077285780785,0.06695634306621834
2014,all,1000,10,spatial_coverage_minus_random,median_absolute_error,0.4837884941939023,0.6181913412462734,0.1344028470523711
2014,all,1000,10,spatial_coverage_minus_random,p95_absolute_error,-5.619936861015532,-5.363388069719328,0.2565487912962041
2014,all,1000,10,spatial_coverage_minus_random,p99_absolute_error,-40.579468294475205,-40.82065293858911,-0.2411846441139076
2014,all,1000,10,historical_density_minus_random,rmse,0.0514841510517527,-0.0081811843959016,-0.0596653354476543
2014,all,1000,10,historical_density_minus_random,mae,1.4999585251484966,1.5907534502921372,0.09079492514364063
2014,all,1000,10,historical_density_minus_random,median_absolute_error,2.234305348985629,2.388187195261253,0.15388184627562396
2014,all,1000,10,historical_density_minus_random,p95_absolute_error,3.521560375446491,3.498153257036776,-0.023407118409714656
2014,all,1000,10,historical_density_minus_random,p99_absolute_error,-27.942142736113738,-28.499972389161428,-0.5578296530476905
2014,all,1000,11,spatial_coverage_minus_random,rmse,0.0777822478771668,0.3533120532596676,0.27552980538250077
2014,all,1000,11,spatial_coverage_minus_random,mae,0.5026019426856063,0.7759630441036087,0.2733611014180024
2014,all,1000,11,spatial_coverage_minus_random,median_absolute_error,0.5951311410922244,0.7551372063054487,0.16000606521322425
2014,all,1000,11,spatial_coverage_minus_random,p95_absolute_error,1.7685694041260973,2.143673958622969,0.37510455449687186
2014,all,1000,11,spatial_coverage_minus_random,p99_absolute_error,-7.305529787360044,-7.592862289835267,-0.28733250247522335
2014,all,1000,11,historical_density_minus_random,rmse,8.748362547751253,9.433266655963862,0.6849041082126099
2014,all,1000,11,historical_density_minus_random,mae,4.175033333189582,4.612981668585931,0.43794833539634936
2014,all,1000,11,historical_density_minus_random,median_absolute_error,1.5782878034019916,1.817829778528392,0.2395419751264003
2014,all,1000,11,historical_density_minus_random,p95_absolute_error,19.200416362719523,21.484683455115707,2.2842670923961848
2014,all,1000,11,historical_density_minus_random,p99_absolute_error,53.07529512776208,52.37366313358196,-0.7016319941801257
2014,all,1000,12,spatial_coverage_minus_random,rmse,-1.8523563948171144,-2.193739083491764,-0.3413826886746496
2014,all,1000,12,spatial_coverage_minus_random,mae,0.0250217777742047,-0.1512237678057353,-0.17624554557994
2014,all,1000,12,spatial_coverage_minus_random,median_absolute_error,0.6961647477726274,0.6182838247520692,-0.07788092302055816
2014,all,1000,12,spatial_coverage_minus_random,p95_absolute_error,0.5356621058985809,-0.0866267209112265,-0.6222888268098073
2014,all,1000,12,spatial_coverage_minus_random,p99_absolute_error,-13.76431752068379,-16.139391582569772,-2.3750740618859822
2014,all,1000,12,historical_density_minus_random,rmse,10.242089198863294,10.17191729340929,-0.07017190545400354
2014,all,1000,12,historical_density_minus_random,mae,6.035594687091521,6.301685591052916,0.2660909039613948
2014,all,1000,12,historical_density_minus_random,median_absolute_error,2.771679689979294,3.135894390651316,0.3642147006720222
2014,all,1000,12,historical_density_minus_random,p95_absolute_error,28.744316895791336,31.15711141809753,2.412794522306193
2014,all,1000,12,historical_density_minus_random,p99_absolute_error,70.15419854812721,64.99099092982344,-5.1632076183037725
2014,all,1000,13,spatial_coverage_minus_random,rmse,-0.5817367537591238,-0.5815603230362569,0.00017643072286688266
2014,all,1000,13,spatial_coverage_minus_random,mae,0.4749852709283875,0.3997392458097426,-0.07524602511864487
2014,all,1000,13,spatial_coverage_minus_random,median_absolute_error,0.7542218230578897,0.6790252827419181,-0.07519654031597156
2014,all,1000,13,spatial_coverage_minus_random,p95_absolute_error,0.5778425567471857,0.403771773760667,-0.17407078298651868
2014,all,1000,13,spatial_coverage_minus_random,p99_absolute_error,-2.231032324765664,-2.210065422915136,0.020966901850528075
2014,all,1000,13,historical_density_minus_random,rmse,5.455900199437316,5.817973791783235,0.3620735923459186
2014,all,1000,13,historical_density_minus_random,mae,4.54789654484188,4.739400517355279,0.19150397251339957
2014,all,1000,13,historical_density_minus_random,median_absolute_error,2.944913992168523,2.998960234671898,0.0540462425033752
2014,all,1000,13,historical_density_minus_random,p95_absolute_error,17.445171588159795,18.43048657877877,0.9853149906189742
2014,all,1000,13,historical_density_minus_random,p99_absolute_error,22.087300309038756,24.53881171373521,2.451511404696454
2014,all,1000,14,spatial_coverage_minus_random,rmse,1.222555853137031,1.3271987091656283,0.10464285602859724
2014,all,1000,14,spatial_coverage_minus_random,mae,1.2392029335190085,1.308733044182146,0.06953011066313763
2014,all,1000,14,spatial_coverage_minus_random,median_absolute_error,0.7608939434318245,0.751896044356215,-0.008997899075609439
2014,all,1000,14,spatial_coverage_minus_random,p95_absolute_error,4.083822203083656,4.03390618841113,-0.04991601467252593
2014,all,1000,14,spatial_coverage_minus_random,p99_absolute_error,14.15991437400703,13.130587931858187,-1.029326442148843
2014,all,1000,14,historical_density_minus_random,rmse,8.88178958187617,9.937166989065258,1.0553774071890878
2014,all,1000,14,historical_density_minus_random,mae,5.685895583206504,6.089197361338657,0.4033017781321533
2014,all,1000,14,historical_density_minus_random,median_absolute_error,3.229706650664923,3.170891993065055,-0.058814657599867814
2014,all,1000,14,historical_density_minus_random,p95_absolute_error,19.68613376320077,22.374791527010277,2.688657763809509
2014,all,1000,14,historical_density_minus_random,p99_absolute_error,52.64125895198934,59.34915809257828,6.707899140588935
2014,all,1000,15,spatial_coverage_minus_random,rmse,-1.459659634525032,-1.2805929929183826,0.1790666416066493
2014,all,1000,15,spatial_coverage_minus_random,mae,-0.075991597671722,0.0238766740711753,0.09986827174289731
2014,all,1000,15,spatial_coverage_minus_random,median_absolute_error,0.013306790338504,0.1572018894270002,0.1438950990884962
2014,all,1000,15,spatial_coverage_minus_random,p95_absolute_error,0.7857223489825174,0.5444666940941048,-0.2412556548884126
2014,all,1000,15,spatial_coverage_minus_random,p99_absolute_error,-3.001234386455195,-0.9674807719394068,2.0337536145157884
2014,all,1000,15,historical_density_minus_random,rmse,6.509209661600512,6.202797171510788,-0.30641249008972427
2014,all,1000,15,historical_density_minus_random,mae,4.908117000947378,4.657525077558605,-0.25059192338877345
2014,all,1000,15,historical_density_minus_random,median_absolute_error,2.6772997022749223,2.566172135954872,-0.11112756632005016
2014,all,1000,15,historical_density_minus_random,p95_absolute_error,23.848383949611467,23.0236558325184,-0.8247281170930663
2014,all,1000,15,historical_density_minus_random,p99_absolute_error,15.738867027566457,13.82425262708054,-1.9146144004859167
2014,all,1000,16,spatial_coverage_minus_random,rmse,-0.320495217401298,-0.4793756785584051,-0.15888046115710713
2014,all,1000,16,spatial_coverage_minus_random,mae,0.4125338943479857,0.1922986090282865,-0.22023528531969921
2014,all,1000,16,spatial_coverage_minus_random,median_absolute_error,0.5664771800533401,0.2667385554732959,-0.29973862458004424
2014,all,1000,16,spatial_coverage_minus_random,p95_absolute_error,1.3452052522932902,1.232632366035503,-0.11257288625778727
2014,all,1000,16,spatial_coverage_minus_random,p99_absolute_error,-1.8344249062618443,-2.659968362404556,-0.8255434561427115
2014,all,1000,16,historical_density_minus_random,rmse,8.965661558592409,8.653715447045187,-0.31194611154722196
2014,all,1000,16,historical_density_minus_random,mae,5.649022608401424,5.352981115384473,-0.2960414930169506
2014,all,1000,16,historical_density_minus_random,median_absolute_error,3.2380713187075685,3.007684720548013,-0.23038659815955542
2014,all,1000,16,historical_density_minus_random,p95_absolute_error,20.065442761500293,19.06763376828023,-0.9978089932200618
2014,all,1000,16,historical_density_minus_random,p99_absolute_error,58.68023441313336,57.884850227563504,-0.7953841855698585
2014,all,1000,17,spatial_coverage_minus_random,rmse,-0.3393950054095569,-0.3401685225398942,-0.0007735171303372979
2014,all,1000,17,spatial_coverage_minus_random,mae,0.5114545382782012,0.453471100049688,-0.05798343822851321
2014,all,1000,17,spatial_coverage_minus_random,median_absolute_error,0.833440838390942,0.7235520547278327,-0.10988878366310928
2014,all,1000,17,spatial_coverage_minus_random,p95_absolute_error,1.7195768249965155,1.7496071145973673,0.030030289600851745
2014,all,1000,17,spatial_coverage_minus_random,p99_absolute_error,-3.79323056930491,-4.08272249261006,-0.2894919233051496
2014,all,1000,17,historical_density_minus_random,rmse,11.241951675324838,11.386812022050012,0.14486034672517434
2014,all,1000,17,historical_density_minus_random,mae,6.098947722255682,6.000625395271561,-0.09832232698412113
2014,all,1000,17,historical_density_minus_random,median_absolute_error,2.843897004635465,2.6378249552173827,-0.20607204941808233
2014,all,1000,17,historical_density_minus_random,p95_absolute_error,24.78289893385296,25.81269255541517,1.0297936215622094
2014,all,1000,17,historical_density_minus_random,p99_absolute_error,69.46621406237557,67.59826754964612,-1.8679465127294463
2014,all,1000,18,spatial_coverage_minus_random,rmse,-2.8572125163801587,-2.9888930293760723,-0.13168051299591355
2014,all,1000,18,spatial_coverage_minus_random,mae,-0.8155511618003928,-0.9636922951747576,-0.14814113337436485
2014,all,1000,18,spatial_coverage_minus_random,median_absolute_error,0.0663793750900083,-0.0258289764423977,-0.092208351532406
2014,all,1000,18,spatial_coverage_minus_random,p95_absolute_error,-1.9756142422764,-2.7854280301201517,-0.8098137878437517
2014,all,1000,18,spatial_coverage_minus_random,p99_absolute_error,-14.420090783369844,-16.017383037893765,-1.5972922545239214
2014,all,1000,18,historical_density_minus_random,rmse,5.075058134670559,4.222926203708109,-0.8521319309624502
2014,all,1000,18,historical_density_minus_random,mae,3.489072348465152,2.9543151734706434,-0.5347571749945086
2014,all,1000,18,historical_density_minus_random,median_absolute_error,2.1580382379917467,2.026391689696567,-0.13164654829517985
2014,all,1000,18,historical_density_minus_random,p95_absolute_error,16.553147766133442,12.932914795972316,-3.620232970161126
2014,all,1000,18,historical_density_minus_random,p99_absolute_error,19.725589912200903,16.59711081326948,-3.1284790989314217
2014,all,1000,19,spatial_coverage_minus_random,rmse,0.307012411708957,0.5439898155593248,0.2369774038503678
2014,all,1000,19,spatial_coverage_minus_random,mae,0.8233748100197342,0.8332954185462942,0.00992060852655996
2014,all,1000,19,spatial_coverage_minus_random,median_absolute_error,0.858383233324048,0.7256406136810938,-0.1327426196429542
2014,all,1000,19,spatial_coverage_minus_random,p95_absolute_error,2.7197986199173485,3.608240657599161,0.8884420376818123
2014,all,1000,19,spatial_coverage_minus_random,p99_absolute_error,2.193357139080746,3.986275621341704,1.792918482260958
2014,all,1000,19,historical_density_minus_random,rmse,7.866238331983386,7.550043655403062,-0.31619467658032363
2014,all,1000,19,historical_density_minus_random,mae,5.112713521635248,4.80758667226849,-0.3051268493667578
2014,all,1000,19,historical_density_minus_random,median_absolute_error,2.912161757865817,2.66984683259966,-0.24231492526615694
2014,all,1000,19,historical_density_minus_random,p95_absolute_error,21.76419002130592,20.04617487393193,-1.7180151473739933
2014,all,1000,19,historical_density_minus_random,p99_absolute_error,43.110649551693626,40.75451752260364,-2.3561320290899843
2014,all,2500,0,spatial_coverage_minus_random,rmse,-2.0204785671486363,-2.1423708837326174,-0.12189231658398114
2014,all,2500,0,spatial_coverage_minus_random,mae,-0.3868142685203501,-0.5363697632328801,-0.14955549471253
2014,all,2500,0,spatial_coverage_minus_random,median_absolute_error,0.4639337514338137,0.3627794078624617,-0.101154343571352
2014,all,2500,0,spatial_coverage_minus_random,p95_absolute_error,-2.767925877067384,-3.176700613140085,-0.40877473607270076
2014,all,2500,0,spatial_coverage_minus_random,p99_absolute_error,-16.320108038744763,-17.213456996995134,-0.8933489582503711
2014,all,2500,0,historical_density_minus_random,rmse,11.2509633086262,10.468155885337817,-0.7828074232883839
2014,all,2500,0,historical_density_minus_random,mae,5.63655939535399,5.424016856200527,-0.21254253915346233
2014,all,2500,0,historical_density_minus_random,median_absolute_error,1.903184953280288,2.035384190138643,0.1321992368583551
2014,all,2500,0,historical_density_minus_random,p95_absolute_error,35.189561722887404,33.063679885434624,-2.1258818374527806
2014,all,2500,0,historical_density_minus_random,p99_absolute_error,61.29612989448788,55.25549600609985,-6.040633888388037
2014,all,2500,1,spatial_coverage_minus_random,rmse,0.3991646986846895,0.4396527625428845,0.04048806385819498
2014,all,2500,1,spatial_coverage_minus_random,mae,0.698248620151853,0.7106529697949426,0.012404349643089674
2014,all,2500,1,spatial_coverage_minus_random,median_absolute_error,0.6896187917572547,0.717238664832422,0.027619873075167334
2014,all,2500,1,spatial_coverage_minus_random,p95_absolute_error,1.3594073376619633,1.5271036463748402,0.16769630871287688
2014,all,2500,1,spatial_coverage_minus_random,p99_absolute_error,-1.3079104118231015,-0.3125887447119879,0.9953216671111136
2014,all,2500,1,historical_density_minus_random,rmse,9.341362749359313,10.140327701933897,0.7989649525745843
2014,all,2500,1,historical_density_minus_random,mae,6.207072680114974,6.495210786243826,0.2881381061288515
2014,all,2500,1,historical_density_minus_random,median_absolute_error,3.127068126822479,2.965920706422736,-0.16114742039974317
2014,all,2500,1,historical_density_minus_random,p95_absolute_error,28.12985216534708,30.968481057224515,2.838628891877434
2014,all,2500,1,historical_density_minus_random,p99_absolute_error,42.91330576125186,48.95818940831059,6.044883647058725
2014,all,2500,2,spatial_coverage_minus_random,rmse,-0.3537601688218821,-0.6619835323091472,-0.3082233634872651
2014,all,2500,2,spatial_coverage_minus_random,mae,1.1288280079332669,0.9702255071215476,-0.15860250081171923
2014,all,2500,2,spatial_coverage_minus_random,median_absolute_error,1.0857728529364294,1.0361730423969109,-0.04959981053951856
2014,all,2500,2,spatial_coverage_minus_random,p95_absolute_error,4.202864384786295,3.725306035435601,-0.4775583493506943
2014,all,2500,2,spatial_coverage_minus_random,p99_absolute_error,-2.83121979895428,-3.736398420026816,-0.9051786210725359
2014,all,2500,2,historical_density_minus_random,rmse,8.79184548510003,8.35905959780695,-0.432785887293079
2014,all,2500,2,historical_density_minus_random,mae,5.25342619017167,5.237642871560176,-0.015783318611493513
2014,all,2500,2,historical_density_minus_random,median_absolute_error,2.335251200405594,2.491804021479254,0.1565528210736602
2014,all,2500,2,historical_density_minus_random,p95_absolute_error,28.061238911403574,26.396947566149528,-1.6642913452540462
2014,all,2500,2,historical_density_minus_random,p99_absolute_error,31.345576647441437,27.50509188366351,-3.8404847637779262
2014,all,2500,3,spatial_coverage_minus_random,rmse,-0.5821934184702826,-0.823239036028486,-0.24104561755820342
2014,all,2500,3,spatial_coverage_minus_random,mae,0.405081335610296,0.2400713688759435,-0.16500996673435253
2014,all,2500,3,spatial_coverage_minus_random,median_absolute_error,0.7278679125681151,0.6636403831145685,-0.0642275294535466
2014,all,2500,3,spatial_coverage_minus_random,p95_absolute_error,0.6649014496845496,-0.041356397141854,-0.7062578468264036
2014,all,2500,3,spatial_coverage_minus_random,p99_absolute_error,-6.952945253338214,-7.328710836929162,-0.37576558359094747
2014,all,2500,3,historical_density_minus_random,rmse,16.735858321444606,16.106513542566496,-0.6293447788781101
2014,all,2500,3,historical_density_minus_random,mae,7.992656872700612,7.673740633440271,-0.3189162392603411
2014,all,2500,3,historical_density_minus_random,median_absolute_error,2.51561814603582,2.402026539628764,-0.11359160640705568
2014,all,2500,3,historical_density_minus_random,p95_absolute_error,41.66218069535057,39.86047261972076,-1.8017080756298114
2014,all,2500,3,historical_density_minus_random,p99_absolute_error,108.97137630675438,106.06576172078933,-2.905614585965054
2014,all,2500,4,spatial_coverage_minus_random,rmse,-0.1720800022456288,-0.0513092227133249,0.1207707795323039
2014,all,2500,4,spatial_coverage_minus_random,mae,0.3702485137342215,0.4177771749446393,0.047528661210417766
2014,all,2500,4,spatial_coverage_minus_random,median_absolute_error,0.3113045388242312,0.3165087369491459,0.005204198124914683
2014,all,2500,4,spatial_coverage_minus_random,p95_absolute_error,1.3439885521620596,1.560253141764619,0.21626458960255945
2014,all,2500,4,spatial_coverage_minus_random,p99_absolute_error,-6.919984073771204,-5.786995819865609,1.1329882539055944
2014,all,2500,4,historical_density_minus_random,rmse,12.583967465775071,13.46341946436048,0.8794519985854095
2014,all,2500,4,historical_density_minus_random,mae,6.86664092214367,7.207790946197743,0.34115002405407324
2014,all,2500,4,historical_density_minus_random,median_absolute_error,2.8806668087470086,2.898623824353137,0.01795701560612839
2014,all,2500,4,historical_density_minus_random,p95_absolute_error,26.207025855385083,29.3405803096189,3.133554454233817
2014,all,2500,4,historical_density_minus_random,p99_absolute_error,88.35947285723178,93.6914563576364,5.331983500404618
2014,all,2500,5,spatial_coverage_minus_random,rmse,-0.9669190105489348,-1.114674182955067,-0.14775517240613223
2014,all,2500,5,spatial_coverage_minus_random,mae,-0.1256266959975871,-0.2731778935337381,-0.147551197536151
2014,all,2500,5,spatial_coverage_minus_random,median_absolute_error,0.206828774970603,-0.002717146594648,-0.209545921565251
2014,all,2500,5,spatial_coverage_minus_random,p95_absolute_error,-0.895796835646621,-0.9511433370278084,-0.05534650138118735
2014,all,2500,5,spatial_coverage_minus_random,p99_absolute_error,-3.740989738973326,-3.816062233782034,-0.07507249480870781
2014,all,2500,5,historical_density_minus_random,rmse,9.166011961078484,9.19988923208622,0.03387727100773574
2014,all,2500,5,historical_density_minus_random,mae,5.374345749758325,5.352370784255042,-0.021974965503282817
2014,all,2500,5,historical_density_minus_random,median_absolute_error,2.439459281530162,2.318079371323961,-0.1213799102062012
2014,all,2500,5,historical_density_minus_random,p95_absolute_error,25.266653192600977,26.743949075761897,1.4772958831609202
2014,all,2500,5,historical_density_minus_random,p99_absolute_error,45.04630442354046,45.2842664250002,0.237962001459735
2014,all,2500,6,spatial_coverage_minus_random,rmse,-0.0795858298522098,-0.0624222172514663,0.0171636126007435
2014,all,2500,6,spatial_coverage_minus_random,mae,1.0958311163117198,0.9896983872343892,-0.10613272907733062
2014,all,2500,6,spatial_coverage_minus_random,median_absolute_error,0.9453778389026012,0.8485180719587788,-0.09685976694382237
2014,all,2500,6,spatial_coverage_minus_random,p95_absolute_error,3.4315415613891247,3.1156097955455664,-0.3159317658435583
2014,all,2500,6,spatial_coverage_minus_random,p99_absolute_error,3.6469711894355896,4.015710075784824,0.36873888634923446
2014,all,2500,6,historical_density_minus_random,rmse,11.30767071793282,10.1121837592901,-1.1954869586427215
2014,all,2500,6,historical_density_minus_random,mae,5.923391337017954,5.393763335821294,-0.5296280011966594
2014,all,2500,6,historical_density_minus_random,median_absolute_error,2.3040048208366954,2.125873164566741,-0.17813165626995442
2014,all,2500,6,historical_density_minus_random,p95_absolute_error,27.066179392491517,24.25595616273384,-2.8102232297576784
2014,all,2500,6,historical_density_minus_random,p99_absolute_error,79.58073037585044,73.44186399824444,-6.138866377605993
2014,all,2500,7,spatial_coverage_minus_random,rmse,-1.2643953105574255,-1.1253710045768308,0.13902430598059468
2014,all,2500,7,spatial_coverage_minus_random,mae,0.2992463822024476,0.4292720573594106,0.130025675156963
2014,all,2500,7,spatial_coverage_minus_random,median_absolute_error,0.547248359717571,0.6735911400938335,0.12634278037626245
2014,all,2500,7,spatial_coverage_minus_random,p95_absolute_error,0.6997545346685499,0.7760062546461413,0.07625171997759139
2014,all,2500,7,spatial_coverage_minus_random,p99_absolute_error,-7.162465594657959,-6.957952762658991,0.20451283199896864
2014,all,2500,7,historical_density_minus_random,rmse,9.998376469410772,9.460641686766431,-0.5377347826443408
2014,all,2500,7,historical_density_minus_random,mae,6.431301299555507,6.25642481099316,-0.17487648856234728
2014,all,2500,7,historical_density_minus_random,median_absolute_error,2.652711306730396,2.9076805132229424,0.2549692064925466
2014,all,2500,7,historical_density_minus_random,p95_absolute_error,33.05502300797735,29.6738123388309,-3.381210669146448
2014,all,2500,7,historical_density_minus_random,p99_absolute_error,40.45405484703085,35.857507875161446,-4.596546971869401
2014,all,2500,8,spatial_coverage_minus_random,rmse,1.045789752587499,0.7420104877709157,-0.30377926481658335
2014,all,2500,8,spatial_coverage_minus_random,mae,0.6545350110811086,0.4530309741943572,-0.20150403688675134
2014,all,2500,8,spatial_coverage_minus_random,median_absolute_error,0.6837615304890505,0.5554806015231577,-0.12828092896589283
2014,all,2500,8,spatial_coverage_minus_random,p95_absolute_error,0.1871628314396503,-0.1802557833755074,-0.3674186148151577
2014,all,2500,8,spatial_coverage_minus_random,p99_absolute_error,3.114721447011803,0.2124480646855744,-2.9022733823262286
2014,all,2500,8,historical_density_minus_random,rmse,10.24211382700878,10.019243421710286,-0.22287040529849378
2014,all,2500,8,historical_density_minus_random,mae,5.756146468769147,5.445939890014817,-0.31020657875433066
2014,all,2500,8,historical_density_minus_random,median_absolute_error,2.633974322992969,2.408071413079228,-0.2259029099137413
2014,all,2500,8,historical_density_minus_random,p95_absolute_error,24.418744369859247,22.282636111137503,-2.1361082587217446
2014,all,2500,8,historical_density_minus_random,p99_absolute_error,66.39706063366869,67.92159124877922,1.5245306151105353
2014,all,2500,9,spatial_coverage_minus_random,rmse,-2.123116096110824,-2.101224577252111,0.02189151885871299
2014,all,2500,9,spatial_coverage_minus_random,mae,-0.0761475246597296,-0.1286426402187643,-0.05249511555903469
2014,all,2500,9,spatial_coverage_minus_random,median_absolute_error,0.4429533007592283,0.4086202113829245,-0.034333089376303805
2014,all,2500,9,spatial_coverage_minus_random,p95_absolute_error,-0.4397118599016778,-0.6936606761267043,-0.2539488162250265
2014,all,2500,9,spatial_coverage_minus_random,p99_absolute_error,-9.83235052000947,-10.9210352121195,-1.0886846921100304
2014,all,2500,9,historical_density_minus_random,rmse,10.453912813591456,10.348663101517111,-0.10524971207434497
2014,all,2500,9,historical_density_minus_random,mae,6.197683353985203,5.965306643102952,-0.2323767108822512
2014,all,2500,9,historical_density_minus_random,median_absolute_error,2.811946832127944,2.442412595018169,-0.3695342371097752
2014,all,2500,9,historical_density_minus_random,p95_absolute_error,30.32723237974062,30.92407824244411,0.5968458627034892
2014,all,2500,9,historical_density_minus_random,p99_absolute_error,58.78989665455727,56.832402690689946,-1.9574939638673214
2014,all,2500,10,spatial_coverage_minus_random,rmse,-4.318513600655084,-4.2327621158390905,0.0857514848159937
2014,all,2500,10,spatial_coverage_minus_random,mae,-0.7460349806720536,-0.796993644715144,-0.05095866404309035
2014,all,2500,10,spatial_coverage_minus_random,median_absolute_error,0.3327287785756141,0.2439382384682176,-0.08879054010739651
2014,all,2500,10,spatial_coverage_minus_random,p95_absolute_error,-1.2223619183775298,-1.358452655054883,-0.13609073667735316
2014,all,2500,10,spatial_coverage_minus_random,p99_absolute_error,-20.12451303220962,-20.13495760108262,-0.010444568872998161
2014,all,2500,10,historical_density_minus_random,rmse,5.046579836969098,4.950609968132646,-0.09596986883645187
2014,all,2500,10,historical_density_minus_random,mae,4.022557751065673,3.8777654410923095,-0.14479230997336323
2014,all,2500,10,historical_density_minus_random,median_absolute_error,2.4501907936685825,2.2836144224128816,-0.1665763712557009
2014,all,2500,10,historical_density_minus_random,p95_absolute_error,17.453578560438515,16.958247313707865,-0.4953312467306503
2014,all,2500,10,historical_density_minus_random,p99_absolute_error,22.621854237197823,18.9385581459736,-3.6832960912242214
2014,all,2500,11,spatial_coverage_minus_random,rmse,-2.5207413332030484,-2.568651334477213,-0.04791000127416467
2014,all,2500,11,spatial_coverage_minus_random,mae,-0.3721222010168272,-0.2282383766416131,0.1438838243752141
2014,all,2500,11,spatial_coverage_minus_random,median_absolute_error,0.390600510596073,0.5811513567346083,0.1905508461385353
2014,all,2500,11,spatial_coverage_minus_random,p95_absolute_error,-1.821293957270825,-1.5202912267149171,0.301002730555908
2014,all,2500,11,spatial_coverage_minus_random,p99_absolute_error,-19.59222271545937,-19.849549770649134,-0.2573270551897622
2014,all,2500,11,historical_density_minus_random,rmse,6.906732545781853,7.307283460899455,0.4005509151176012
2014,all,2500,11,historical_density_minus_random,mae,3.982063451300096,4.35604205347663,0.37397860217653367
2014,all,2500,11,historical_density_minus_random,median_absolute_error,1.8424021317479455,2.1332568936499285,0.290854761901983
2014,all,2500,11,historical_density_minus_random,p95_absolute_error,17.328685916110615,18.994939960565205,1.6662540444545897
2014,all,2500,11,historical_density_minus_random,p99_absolute_error,42.12212793972283,43.43345913419735,1.3113311944745192
2014,all,2500,12,spatial_coverage_minus_random,rmse,0.1201046094356712,-0.0476979307766463,-0.1678025402123175
2014,all,2500,12,spatial_coverage_minus_random,mae,0.9742596210898232,0.8192761516872675,-0.1549834694025557
2014,all,2500,12,spatial_coverage_minus_random,median_absolute_error,0.763539014001708,0.6178269763840945,-0.14571203761761353
2014,all,2500,12,spatial_coverage_minus_random,p95_absolute_error,3.240108251582185,2.70386635117017,-0.5362419004120151
2014,all,2500,12,spatial_coverage_minus_random,p99_absolute_error,0.9486768782100228,0.4233507158090646,-0.5253261624009582
2014,all,2500,12,historical_density_minus_random,rmse,10.794682831510215,11.36446499387251,0.5697821623622943
2014,all,2500,12,historical_density_minus_random,mae,5.8156692761815965,5.978147935819555,0.1624786596379586
2014,all,2500,12,historical_density_minus_random,median_absolute_error,2.2346683247588146,2.214881523951078,-0.019786800807736427
2014,all,2500,12,historical_density_minus_random,p95_absolute_error,27.646075710894905,27.26438765865114,-0.3816880522437671
2014,all,2500,12,historical_density_minus_random,p99_absolute_error,58.12622986870373,64.15768344177499,6.031453573071261
2014,all,2500,13,spatial_coverage_minus_random,rmse,-0.0791033830404863,-0.0012192764769807,0.0778841065635056
2014,all,2500,13,spatial_coverage_minus_random,mae,1.178154969744945,1.2266498664165546,0.048494896671609666
2014,all,2500,13,spatial_coverage_minus_random,median_absolute_error,1.0578055366806325,1.091569572863648,0.0337640361830156
2014,all,2500,13,spatial_coverage_minus_random,p95_absolute_error,2.612371004184716,3.0734706815039488,0.4610996773192326
2014,all,2500,13,spatial_coverage_minus_random,p99_absolute_error,2.0190887357051537,2.1102196836219065,0.0911309479167528
2014,all,2500,13,historical_density_minus_random,rmse,10.881177769634576,10.986920974337927,0.10574320470335152
2014,all,2500,13,historical_density_minus_random,mae,6.299982781956306,6.350202114331182,0.0502193323748763
2014,all,2500,13,historical_density_minus_random,median_absolute_error,2.689527092073007,2.701163239898335,0.01163614782532818
2014,all,2500,13,historical_density_minus_random,p95_absolute_error,26.76171149597691,27.8231731066266,1.0614616106496904
2014,all,2500,13,historical_density_minus_random,p99_absolute_error,83.88044443905277,78.71697597076493,-5.163468468287832
2014,all,2500,14,spatial_coverage_minus_random,rmse,-0.6474828858150588,-0.8532880422723288,-0.20580515645727004
2014,all,2500,14,spatial_coverage_minus_random,mae,0.7018195257196655,0.6018774228256731,-0.09994210289399241
2014,all,2500,14,spatial_coverage_minus_random,median_absolute_error,0.5382252636941018,0.4706982317496511,-0.06752703194445075
2014,all,2500,14,spatial_coverage_minus_random,p95_absolute_error,2.570058433317626,2.199197221333677,-0.37086121198394917
2014,all,2500,14,spatial_coverage_minus_random,p99_absolute_error,-1.1523504153220756,-1.9430828576471413,-0.7907324423250657
2014,all,2500,14,historical_density_minus_random,rmse,11.411847146371528,11.626634694919268,0.21478754854773996
2014,all,2500,14,historical_density_minus_random,mae,6.648536217092127,6.673647494963383,0.025111277871255666
2014,all,2500,14,historical_density_minus_random,median_absolute_error,2.883329668083604,2.953652234120568,0.0703225660369644
2014,all,2500,14,historical_density_minus_random,p95_absolute_error,26.79457988113206,26.18149517306294,-0.6130847080691169
2014,all,2500,14,historical_density_minus_random,p99_absolute_error,79.5116415346752,79.68393781736245,0.17229628268724184
2014,all,2500,15,spatial_coverage_minus_random,rmse,-1.244329707374909,-1.4097183698243896,-0.16538866244948047
2014,all,2500,15,spatial_coverage_minus_random,mae,0.2174063673155295,-0.0059313391045279,-0.2233377064200574
2014,all,2500,15,spatial_coverage_minus_random,median_absolute_error,0.4382325476370283,0.2047876929031815,-0.2334448547338468
2014,all,2500,15,spatial_coverage_minus_random,p95_absolute_error,-0.3178556976713693,-0.7492756921417296,-0.43141999447036034
2014,all,2500,15,spatial_coverage_minus_random,p99_absolute_error,0.7925252582213176,-0.1974253530902388,-0.9899506113115564
2014,all,2500,15,historical_density_minus_random,rmse,11.91934443102874,13.303326483393931,1.383982052365191
2014,all,2500,15,historical_density_minus_random,mae,6.6462212341085465,7.109834691930843,0.4636134578222961
2014,all,2500,15,historical_density_minus_random,median_absolute_error,2.6419570613751944,2.4499085679608186,-0.1920484934143758
2014,all,2500,15,historical_density_minus_random,p95_absolute_error,34.67593409335218,40.82367908116954,6.1477449878173545
2014,all,2500,15,historical_density_minus_random,p99_absolute_error,61.080569710089776,69.67741062066496,8.596840910575182
2014,all,2500,16,spatial_coverage_minus_random,rmse,-1.964181479981903,-2.365880751809467,-0.4016992718275638
2014,all,2500,16,spatial_coverage_minus_random,mae,-0.4540479706296096,-0.6749789038450675,-0.22093093321545793
2014,all,2500,16,spatial_coverage_minus_random,median_absolute_error,0.0844094060402937,0.07500463716093,-0.0094047688793637
2014,all,2500,16,spatial_coverage_minus_random,p95_absolute_error,-0.8310306765892577,-1.7764360608069936,-0.9454053842177359
2014,all,2500,16,spatial_coverage_minus_random,p99_absolute_error,-13.86319272917379,-19.11235522583833,-5.249162496664539
2014,all,2500,16,historical_density_minus_random,rmse,7.826771556136407,7.587072117261957,-0.23969943887445044
2014,all,2500,16,historical_density_minus_random,mae,4.41404897514329,4.251721354177022,-0.16232762096626807
2014,all,2500,16,historical_density_minus_random,median_absolute_error,2.010162923110613,1.925042030600224,-0.08512089251038901
2014,all,2500,16,historical_density_minus_random,p95_absolute_error,20.60035730613325,20.15295713005171,-0.4474001760815405
2014,all,2500,16,historical_density_minus_random,p99_absolute_error,47.79530083587108,45.03327456611781,-2.762026269753271
2014,all,2500,17,spatial_coverage_minus_random,rmse,-0.7281063583852188,-0.5576615268250862,0.17044483156013257
2014,all,2500,17,spatial_coverage_minus_random,mae,0.707777512428617,0.7211336421835455,0.013356129754928503
2014,all,2500,17,spatial_coverage_minus_random,median_absolute_error,1.008187016576244,0.946106710284198,-0.062080306292046084
2014,all,2500,17,spatial_coverage_minus_random,p95_absolute_error,1.980139723742944,1.9677609666825615,-0.012378757060382384
2014,all,2500,17,spatial_coverage_minus_random,p99_absolute_error,-6.401829211497784,-5.24924016337404,1.152589048123744
2014,all,2500,17,historical_density_minus_random,rmse,10.36197481566905,10.707334096994366,0.34535928132531524
2014,all,2500,17,historical_density_minus_random,mae,6.03876844362807,6.125464194426073,0.08669575079800218
2014,all,2500,17,historical_density_minus_random,median_absolute_error,2.5230293126655,2.423075646532652,-0.09995366613284773
2014,all,2500,17,historical_density_minus_random,p95_absolute_error,31.40154823862405,32.028359279117474,0.6268110404934255
2014,all,2500,17,historical_density_minus_random,p99_absolute_error,51.04845022001189,53.60945136020119,2.5610011401893047
2014,all,2500,18,spatial_coverage_minus_random,rmse,-1.3585691142112957,-1.23073405246938,0.12783506174191572
2014,all,2500,18,spatial_coverage_minus_random,mae,-0.0743603933104282,0.0318301941022145,0.1061905874126427
2014,all,2500,18,spatial_coverage_minus_random,median_absolute_error,0.3365455468311893,0.4332073477994527,0.09666180096826338
2014,all,2500,18,spatial_coverage_minus_random,p95_absolute_error,-0.8110867195020219,-0.7310631299940482,0.08002358950797372
2014,all,2500,18,spatial_coverage_minus_random,p99_absolute_error,-11.01900192103878,-9.068606129377583,1.9503957916611974
2014,all,2500,18,historical_density_minus_random,rmse,10.4729200015273,10.089610774555378,-0.38330922697192094
2014,all,2500,18,historical_density_minus_random,mae,5.452055962511704,5.509534529619341,0.05747856710763699
2014,all,2500,18,historical_density_minus_random,median_absolute_error,2.019416711651644,2.1638723255194634,0.14445561386781947
2014,all,2500,18,historical_density_minus_random,p95_absolute_error,29.368220285392795,28.102508954591897,-1.2657113308008974
2014,all,2500,18,historical_density_minus_random,p99_absolute_error,47.775051737419645,43.54900596465653,-4.226045772763115
2014,all,2500,19,spatial_coverage_minus_random,rmse,0.817804333715813,0.8940256389964318,0.07622130528061888
2014,all,2500,19,spatial_coverage_minus_random,mae,0.7326936693500397,0.7525327650998612,0.019839095749821567
2014,all,2500,19,spatial_coverage_minus_random,median_absolute_error,0.868300740295922,0.8439998935969584,-0.024300846698963596
2014,all,2500,19,spatial_coverage_minus_random,p95_absolute_error,0.1578568937983107,-0.0297441481328348,-0.1876010419311455
2014,all,2500,19,spatial_coverage_minus_random,p99_absolute_error,-3.1921453622780263,-2.965180056573061,0.2269653057049652
2014,all,2500,19,historical_density_minus_random,rmse,12.167097324946894,12.145358184214228,-0.021739140732666584
2014,all,2500,19,historical_density_minus_random,mae,6.3319584022232895,6.404930165899879,0.07297176367658942
2014,all,2500,19,historical_density_minus_random,median_absolute_error,2.5115992956098125,2.547152697586057,0.03555340197624446
2014,all,2500,19,historical_density_minus_random,p95_absolute_error,27.646163541909218,27.27902649541252,-0.36713704649669765
2014,all,2500,19,historical_density_minus_random,p99_absolute_error,80.74026140382541,81.51778532744486,0.7775239236194409
2014,all,5000,0,spatial_coverage_minus_random,rmse,-2.130711929523809,-1.7853643935322268,0.3453475359915821
2014,all,5000,0,spatial_coverage_minus_random,mae,-0.5695340931780581,-0.4143978080904205,0.15513628508763766
2014,all,5000,0,spatial_coverage_minus_random,median_absolute_error,0.1782999807877274,0.2602958849336403,0.0819959041459129
2014,all,5000,0,spatial_coverage_minus_random,p95_absolute_error,-2.4702292836670736,-1.841253785152496,0.6289754985145777
2014,all,5000,0,spatial_coverage_minus_random,p99_absolute_error,-13.472015572984226,-13.711987415619348,-0.2399718426351214
2014,all,5000,0,historical_density_minus_random,rmse,9.174725174011511,9.720905109945978,0.5461799359344663
2014,all,5000,0,historical_density_minus_random,mae,4.244993251000659,4.37122067750653,0.1262274265058707
2014,all,5000,0,historical_density_minus_random,median_absolute_error,1.3915990935298057,1.3913459623108224,-0.0002531312189832935
2014,all,5000,0,historical_density_minus_random,p95_absolute_error,21.643963521191303,21.872137935378163,0.22817441418686002
2014,all,5000,0,historical_density_minus_random,p99_absolute_error,52.532196652577184,56.28307420816526,3.750877555588076
2014,all,5000,1,spatial_coverage_minus_random,rmse,0.6840057787658864,0.5326741645713895,-0.15133161419449692
2014,all,5000,1,spatial_coverage_minus_random,mae,1.075351180159151,0.8377072782939834,-0.2376439018651677
2014,all,5000,1,spatial_coverage_minus_random,median_absolute_error,0.803533732982487,0.6227479984261493,-0.18078573455633773
2014,all,5000,1,spatial_coverage_minus_random,p95_absolute_error,2.962960594620068,1.893747794110887,-1.0692128005091812
2014,all,5000,1,spatial_coverage_minus_random,p99_absolute_error,3.415206089188402,2.871023675255977,-0.544182413932425
2014,all,5000,1,historical_density_minus_random,rmse,10.208900623545158,10.789146577610255,0.5802459540650968
2014,all,5000,1,historical_density_minus_random,mae,5.919399784517555,6.002261556934887,0.08286177241733217
2014,all,5000,1,historical_density_minus_random,median_absolute_error,2.1659969684574776,2.0235169736220087,-0.14247999483546891
2014,all,5000,1,historical_density_minus_random,p95_absolute_error,26.419084398344197,27.430341957214743,1.0112575588705468
2014,all,5000,1,historical_density_minus_random,p99_absolute_error,57.27893844106162,61.52766264841642,4.2487242073547975
2014,all,5000,2,spatial_coverage_minus_random,rmse,-1.5960449912110484,-1.3513955594599416,0.24464943175110676
2014,all,5000,2,spatial_coverage_minus_random,mae,0.2368462133424209,0.4145966407975976,0.17775042745517672
2014,all,5000,2,spatial_coverage_minus_random,median_absolute_error,0.5594035013628798,0.6567478564581961,0.09734435509531636
2014,all,5000,2,spatial_coverage_minus_random,p95_absolute_error,1.0894831973188666,1.894356381707173,0.8048731843883064
2014,all,5000,2,spatial_coverage_minus_random,p99_absolute_error,-8.783566736238512,-7.519600251221107,1.2639664850174057
2014,all,5000,2,historical_density_minus_random,rmse,9.936913363618263,9.719804555057916,-0.2171088085603472
2014,all,5000,2,historical_density_minus_random,mae,5.443899226663378,5.471868608440678,0.02796938177730013
2014,all,5000,2,historical_density_minus_random,median_absolute_error,2.0950757179491006,2.0776171729884254,-0.017458544960675226
2014,all,5000,2,historical_density_minus_random,p95_absolute_error,24.94794053836161,25.237294323239748,0.2893537848781378
2014,all,5000,2,historical_density_minus_random,p99_absolute_error,59.10124647653981,58.82219851358474,-0.27904796295506884
2014,all,5000,3,spatial_coverage_minus_random,rmse,-0.5070276769235562,-0.3317535478135198,0.17527412911003643
2014,all,5000,3,spatial_coverage_minus_random,mae,0.228342457380851,0.3684950093812968,0.14015255200044582
2014,all,5000,3,spatial_coverage_minus_random,median_absolute_error,0.4075713523257889,0.4709657162423468,0.0633943639165579
2014,all,5000,3,spatial_coverage_minus_random,p95_absolute_error,0.2709513572681352,0.7420328893554604,0.4710815320873252
2014,all,5000,3,spatial_coverage_minus_random,p99_absolute_error,-4.3197165575754894,-1.6608208975518295,2.65889566002366
2014,all,5000,3,historical_density_minus_random,rmse,11.563923117113596,11.248727520322085,-0.31519559679151143
2014,all,5000,3,historical_density_minus_random,mae,5.590770938118201,5.507152369434371,-0.08361856868383022
2014,all,5000,3,historical_density_minus_random,median_absolute_error,1.8473228851466672,1.862151064952116,0.014828179805448816
2014,all,5000,3,historical_density_minus_random,p95_absolute_error,26.009099403637133,25.32445578002275,-0.6846436236143845
2014,all,5000,3,historical_density_minus_random,p99_absolute_error,62.958907112323146,64.62832215184334,1.6694150395201888
2014,all,5000,4,spatial_coverage_minus_random,rmse,-0.2368087224609425,-0.3070970141579643,-0.0702882916970218
2014,all,5000,4,spatial_coverage_minus_random,mae,0.567731460797102,0.5821012551812963,0.014369794384194279
2014,all,5000,4,spatial_coverage_minus_random,median_absolute_error,0.4424377047877783,0.439447826773204,-0.0029898780145742876
2014,all,5000,4,spatial_coverage_minus_random,p95_absolute_error,2.02782049852096,1.8853509993287147,-0.14246949919224505
2014,all,5000,4,spatial_coverage_minus_random,p99_absolute_error,-3.4518604875855416,-3.288577370586893,0.16328311699864884
2014,all,5000,4,historical_density_minus_random,rmse,12.150424894751907,11.775558075949624,-0.3748668188022837
2014,all,5000,4,historical_density_minus_random,mae,5.952770783141734,5.838214898789648,-0.11455588435208597
2014,all,5000,4,historical_density_minus_random,median_absolute_error,2.057616662024003,2.226060657237383,0.16844399521338005
2014,all,5000,4,historical_density_minus_random,p95_absolute_error,27.548439791724725,25.449559487822043,-2.098880303902682
2014,all,5000,4,historical_density_minus_random,p99_absolute_error,65.60499265270577,60.72404125214605,-4.880951400559724
2014,all,5000,5,spatial_coverage_minus_random,rmse,-0.5335249965715505,-0.4461733167442148,0.08735167982733572
2014,all,5000,5,spatial_coverage_minus_random,mae,0.5709318803539816,0.508280593562823,-0.06265128679115861
2014,all,5000,5,spatial_coverage_minus_random,median_absolute_error,0.5218066749886532,0.4828517945059616,-0.03895488048269158
2014,all,5000,5,spatial_coverage_minus_random,p95_absolute_error,1.7928266053854465,1.7798489383269107,-0.012977667058535758
2014,all,5000,5,spatial_coverage_minus_random,p99_absolute_error,-1.3084743766426428,-0.5622303608195267,0.7462440158231161
2014,all,5000,5,historical_density_minus_random,rmse,11.426250059131393,11.19656030007177,-0.22968975905962274
2014,all,5000,5,historical_density_minus_random,mae,5.977988156719023,5.891492196866125,-0.08649595985289871
2014,all,5000,5,historical_density_minus_random,median_absolute_error,1.9453904297031104,1.916299217352844,-0.02909121235026646
2014,all,5000,5,historical_density_minus_random,p95_absolute_error,30.913430088579403,30.550350678310867,-0.3630794102685364
2014,all,5000,5,historical_density_minus_random,p99_absolute_error,71.02421310962563,68.62398537285509,-2.400227736770546
2014,all,5000,6,spatial_coverage_minus_random,rmse,0.0688580418320832,0.1239312038917788,0.05507316205969559
2014,all,5000,6,spatial_coverage_minus_random,mae,1.180313584827969,1.134433978436702,-0.0458796063912672
2014,all,5000,6,spatial_coverage_minus_random,median_absolute_error,1.0571024252572556,0.9657453271337032,-0.09135709812355242
2014,all,5000,6,spatial_coverage_minus_random,p95_absolute_error,2.7997218590781934,2.756746047369649,-0.04297581170854459
2014,all,5000,6,spatial_coverage_minus_random,p99_absolute_error,3.979464917002936,3.402373628631665,-0.5770912883712711
2014,all,5000,6,historical_density_minus_random,rmse,11.121343227035284,10.833403449849923,-0.2879397771853611
2014,all,5000,6,historical_density_minus_random,mae,5.91182138065496,5.720636429519631,-0.19118495113532852
2014,all,5000,6,historical_density_minus_random,median_absolute_error,2.3404681524783086,2.135917877769799,-0.2045502747085095
2014,all,5000,6,historical_density_minus_random,p95_absolute_error,25.86852380627669,25.756294775834665,-0.11222903044202681
2014,all,5000,6,historical_density_minus_random,p99_absolute_error,64.6776333351093,62.1727263659362,-2.5049069691731063
2014,all,5000,7,spatial_coverage_minus_random,rmse,-0.9029033503806012,-0.787022856173003,0.11588049420759816
2014,all,5000,7,spatial_coverage_minus_random,mae,0.423519512776279,0.5578950984787401,0.1343755857024611
2014,all,5000,7,spatial_coverage_minus_random,median_absolute_error,0.5559730376108689,0.6330152121451249,0.07704217453425599
2014,all,5000,7,spatial_coverage_minus_random,p95_absolute_error,0.4994711963463771,1.0905664928428287,0.5910952964964515
2014,all,5000,7,spatial_coverage_minus_random,p99_absolute_error,0.1460035044365355,-0.3915653665896528,-0.5375688710261883
2014,all,5000,7,historical_density_minus_random,rmse,10.332748294986835,10.23747472771089,-0.09527356727594594
2014,all,5000,7,historical_density_minus_random,mae,5.937252604445078,6.145838170691899,0.20858556624682123
2014,all,5000,7,historical_density_minus_random,median_absolute_error,2.292291751555496,2.625294493203881,0.33300274164838495
2014,all,5000,7,historical_density_minus_random,p95_absolute_error,30.287689399320406,29.250427749655184,-1.037261649665222
2014,all,5000,7,historical_density_minus_random,p99_absolute_error,49.87600460116178,47.33776379151494,-2.538240809646844
2014,all,5000,8,spatial_coverage_minus_random,rmse,0.6507850370770427,0.6187474431552573,-0.0320375939217854
2014,all,5000,8,spatial_coverage_minus_random,mae,0.9556783759741824,0.9406751766029462,-0.015003199371236176
2014,all,5000,8,spatial_coverage_minus_random,median_absolute_error,0.9568378369207552,0.9833809065971764,0.02654306967642117
2014,all,5000,8,spatial_coverage_minus_random,p95_absolute_error,1.8978392208542625,1.4824297182768866,-0.41540950257737586
2014,all,5000,8,spatial_coverage_minus_random,p99_absolute_error,-1.1199327439394864,-2.211540968254376,-1.0916082243148897
2014,all,5000,8,historical_density_minus_random,rmse,13.572222106725135,12.746056392796728,-0.8261657139284075
2014,all,5000,8,historical_density_minus_random,mae,7.144614815646326,6.857379548725447,-0.2872352669208791
2014,all,5000,8,historical_density_minus_random,median_absolute_error,2.387590309718064,2.4622120178665625,0.07462170814849856
2014,all,5000,8,historical_density_minus_random,p95_absolute_error,36.77264205670773,34.199004472785816,-2.573637583921915
2014,all,5000,8,historical_density_minus_random,p99_absolute_error,91.39413905641048,81.9295491881849,-9.464589868225588
2014,all,5000,9,spatial_coverage_minus_random,rmse,-0.9190769423002828,-0.951749876876388,-0.032672934576105206
2014,all,5000,9,spatial_coverage_minus_random,mae,0.5579303866392902,0.4132519874498506,-0.1446783991894396
2014,all,5000,9,spatial_coverage_minus_random,median_absolute_error,0.7898312010366055,0.5356268063561913,-0.2542043946804142
2014,all,5000,9,spatial_coverage_minus_random,p95_absolute_error,0.9168182629306258,0.5339311852548043,-0.38288707767582153
2014,all,5000,9,spatial_coverage_minus_random,p99_absolute_error,-5.777148237501706,-7.109791938043877,-1.332643700542171
2014,all,5000,9,historical_density_minus_random,rmse,14.579346929479977,13.626484581971816,-0.9528623475081606
2014,all,5000,9,historical_density_minus_random,mae,6.994052220583818,6.756126353037148,-0.23792586754666978
2014,all,5000,9,historical_density_minus_random,median_absolute_error,2.3032381082973075,2.160984202648507,-0.14225390564880058
2014,all,5000,9,historical_density_minus_random,p95_absolute_error,35.2760341117969,35.03138849131465,-0.24464562048225247
2014,all,5000,9,historical_density_minus_random,p99_absolute_error,96.86451397722143,86.56688802827087,-10.297625948950568
2014,all,5000,10,spatial_coverage_minus_random,rmse,-1.2929930509944576,-1.1273240329620189,0.16566901803243872
2014,all,5000,10,spatial_coverage_minus_random,mae,-0.0693625464887652,0.0028561156862174,0.0722186621749826
2014,all,5000,10,spatial_coverage_minus_random,median_absolute_error,0.2652705538453404,0.2577354304540904,-0.007535123391249954
2014,all,5000,10,spatial_coverage_minus_random,p95_absolute_error,0.2030978210009841,0.5579660597417337,0.35486823874074963
2014,all,5000,10,spatial_coverage_minus_random,p99_absolute_error,-6.94848224860479,-7.313006288639542,-0.3645240400347518
2014,all,5000,10,historical_density_minus_random,rmse,10.240966749961396,10.7600377898652,0.5190710399038032
2014,all,5000,10,historical_density_minus_random,mae,5.298370473124873,5.598621712658016,0.3002512395331429
2014,all,5000,10,historical_density_minus_random,median_absolute_error,1.8132856766565053,1.888113543855951,0.07482786719944579
2014,all,5000,10,historical_density_minus_random,p95_absolute_error,26.441953248066014,28.390345844810103,1.948392596744089
2014,all,5000,10,historical_density_minus_random,p99_absolute_error,64.95216960591453,68.04366304414494,3.091493438230401
2014,all,5000,11,spatial_coverage_minus_random,rmse,-0.4930585428697611,-0.659104431261408,-0.16604588839164697
2014,all,5000,11,spatial_coverage_minus_random,mae,0.4851455066858339,0.2826120238218745,-0.2025334828639594
2014,all,5000,11,spatial_coverage_minus_random,median_absolute_error,0.6212136886280177,0.5161483677050285,-0.10506532092298926
2014,all,5000,11,spatial_coverage_minus_random,p95_absolute_error,0.9200413850010348,0.0250557077238298,-0.894985677277205
2014,all,5000,11,spatial_coverage_minus_random,p99_absolute_error,-3.0130638887951164,-5.257017608942917,-2.2439537201478004
2014,all,5000,11,historical_density_minus_random,rmse,9.029871706995936,8.289325625238796,-0.7405460817571399
2014,all,5000,11,historical_density_minus_random,mae,4.646043438122902,4.195351135283451,-0.4506923028394514
2014,all,5000,11,historical_density_minus_random,median_absolute_error,1.7700250222203238,1.7169727297103918,-0.05305229250993193
2014,all,5000,11,historical_density_minus_random,p95_absolute_error,22.27129544049648,18.792977564895075,-3.4783178756014053
2014,all,5000,11,historical_density_minus_random,p99_absolute_error,51.47005078961276,45.83750535455384,-5.632545435058923
2014,all,5000,12,spatial_coverage_minus_random,rmse,0.555652681752818,0.4943204152103782,-0.06133226654243984
2014,all,5000,12,spatial_coverage_minus_random,mae,1.4029368083394669,1.3272490100285417,-0.0756877983109252
2014,all,5000,12,spatial_coverage_minus_random,median_absolute_error,1.1465064180184754,1.1184513659157176,-0.028055052102757827
2014,all,5000,12,spatial_coverage_minus_random,p95_absolute_error,3.932072330398984,3.838551214566202,-0.093521115832782
2014,all,5000,12,spatial_coverage_minus_random,p99_absolute_error,4.191383763133132,4.618146942440852,0.42676317930772
2014,all,5000,12,historical_density_minus_random,rmse,10.2123910168106,11.10044245128606,0.8880514344754609
2014,all,5000,12,historical_density_minus_random,mae,5.86535488658461,6.361114463114475,0.49575957652986524
2014,all,5000,12,historical_density_minus_random,median_absolute_error,2.3684563235144367,2.423586713377574,0.05513038986313745
2014,all,5000,12,historical_density_minus_random,p95_absolute_error,26.90409892606853,31.70937275678672,4.805273830718189
2014,all,5000,12,historical_density_minus_random,p99_absolute_error,67.30934160463934,67.17471508583401,-0.13462651880533372
2014,all,5000,13,spatial_coverage_minus_random,rmse,-0.6628138850718202,-0.6938661472624474,-0.03105226219062729
2014,all,5000,13,spatial_coverage_minus_random,mae,0.5020718013481282,0.4753624426658813,-0.026709358682246942
2014,all,5000,13,spatial_coverage_minus_random,median_absolute_error,0.4899062448581617,0.425355047737554,-0.0645511971206077
2014,all,5000,13,spatial_coverage_minus_random,p95_absolute_error,1.0324321736169004,1.181379194440343,0.14894702082344247
2014,all,5000,13,spatial_coverage_minus_random,p99_absolute_error,-1.636863363978506,-0.8008582874104491,0.8360050765680569
2014,all,5000,13,historical_density_minus_random,rmse,11.29218375749268,11.449525572191178,0.15734181469849773
2014,all,5000,13,historical_density_minus_random,mae,5.621650789942724,5.62489670102069,0.0032459110779656797
2014,all,5000,13,historical_density_minus_random,median_absolute_error,1.9680997165126823,1.923704111334132,-0.044395605178550346
2014,all,5000,13,historical_density_minus_random,p95_absolute_error,25.300103499301667,26.762077740959068,1.4619742416574013
2014,all,5000,13,historical_density_minus_random,p99_absolute_error,74.04143330555726,74.11589638971317,0.07446308415590863
2014,all,5000,14,spatial_coverage_minus_random,rmse,-1.8172636448751192,-1.7105970370242574,0.1066666078508618
2014,all,5000,14,spatial_coverage_minus_random,mae,0.337306478488486,0.3852712071855837,0.047964728697097725
2014,all,5000,14,spatial_coverage_minus_random,median_absolute_error,0.542798938083422,0.5114156867696238,-0.031383251313798155
2014,all,5000,14,spatial_coverage_minus_random,p95_absolute_error,0.8885238993076499,0.6904914325345928,-0.19803246677305708
2014,all,5000,14,spatial_coverage_minus_random,p99_absolute_error,-1.412263077728504,-2.0265202890289444,-0.6142572113004405
2014,all,5000,14,historical_density_minus_random,rmse,8.022535502071527,8.854061059997235,0.8315255579257084
2014,all,5000,14,historical_density_minus_random,mae,4.815201668028951,5.301405431577093,0.48620376354814177
2014,all,5000,14,historical_density_minus_random,median_absolute_error,2.2789372660085974,2.31110415926355,0.03216689325495281
2014,all,5000,14,historical_density_minus_random,p95_absolute_error,20.853918637329524,23.87343424913084,3.019515611801314
2014,all,5000,14,historical_density_minus_random,p99_absolute_error,35.98297253722361,40.02499216838867,4.042019631165061
2014,all,5000,15,spatial_coverage_minus_random,rmse,-0.8091991044345725,-0.674666911670144,0.13453219276442852
2014,all,5000,15,spatial_coverage_minus_random,mae,0.2335381067419639,0.294852538650348,0.06131443190838409
2014,all,5000,15,spatial_coverage_minus_random,median_absolute_error,0.5509050165167935,0.551661625897907,0.0007566093811135488
2014,all,5000,15,spatial_coverage_minus_random,p95_absolute_error,-0.4767285429716565,-0.1150504843845787,0.3616780585870778
2014,all,5000,15,spatial_coverage_minus_random,p99_absolute_error,-7.142115741541701,-6.367278978757796,0.774836762783905
2014,all,5000,15,historical_density_minus_random,rmse,10.395639367518244,10.353381045560385,-0.042258321957859835
2014,all,5000,15,historical_density_minus_random,mae,5.806166388339076,5.76135155846101,-0.04481482987806551
2014,all,5000,15,historical_density_minus_random,median_absolute_error,2.455804050745144,2.4835505126024486,0.02774646185730445
2014,all,5000,15,historical_density_minus_random,p95_absolute_error,26.71670881852056,25.894236113804503,-0.8224727047160556
2014,all,5000,15,historical_density_minus_random,p99_absolute_error,44.81755634152121,43.03707417304706,-1.7804821684741512
2014,all,5000,16,spatial_coverage_minus_random,rmse,-3.5400812843288207,-3.357794017829299,0.18228726649952165
2014,all,5000,16,spatial_coverage_minus_random,mae,-0.5428530801353997,-0.4526155673068466,0.09023751282855308
2014,all,5000,16,spatial_coverage_minus_random,median_absolute_error,0.2624067583298881,0.2828997767109342,0.020493018381046113
2014,all,5000,16,spatial_coverage_minus_random,p95_absolute_error,-0.1633524090178326,0.3236756644375482,0.4870280734553808
2014,all,5000,16,spatial_coverage_minus_random,p99_absolute_error,-16.901760142930534,-15.15126827158464,1.7504918713458952
2014,all,5000,16,historical_density_minus_random,rmse,7.83259707100941,7.914002462287456,0.08140539127804658
2014,all,5000,16,historical_density_minus_random,mae,4.600329911692324,4.604189575366956,0.0038596636746319746
2014,all,5000,16,historical_density_minus_random,median_absolute_error,1.9508490599708068,1.825705150870732,-0.12514390910007478
2014,all,5000,16,historical_density_minus_random,p95_absolute_error,21.555792041028734,22.7441369704509,1.1883449294221649
2014,all,5000,16,historical_density_minus_random,p99_absolute_error,55.5592102916231,56.29394648435341,0.7347361927303098
2014,all,5000,17,spatial_coverage_minus_random,rmse,-0.6215551469118168,-0.5315962809065482,0.08995886600526859
2014,all,5000,17,spatial_coverage_minus_random,mae,0.4892729853002873,0.53261185413702,0.04333886883673266
2014,all,5000,17,spatial_coverage_minus_random,median_absolute_error,0.7126054539605207,0.816892645069089,0.10428719110856832
2014,all,5000,17,spatial_coverage_minus_random,p95_absolute_error,0.9161942414074992,1.0701314747904185,0.15393723338291931
2014,all,5000,17,spatial_coverage_minus_random,p99_absolute_error,-6.101497248261289,-6.885460276811131,-0.7839630285498416
2014,all,5000,17,historical_density_minus_random,rmse,11.635150003489096,11.645894722232896,0.010744718743799453
2014,all,5000,17,historical_density_minus_random,mae,6.077646425535889,6.265439554658103,0.18779312912221435
2014,all,5000,17,historical_density_minus_random,median_absolute_error,2.179104787416435,2.397937138764945,0.2188323513485102
2014,all,5000,17,historical_density_minus_random,p95_absolute_error,29.84113693180823,30.75701523861133,0.9158783068031013
2014,all,5000,17,historical_density_minus_random,p99_absolute_error,65.84473676975804,62.72063516392659,-3.1241016058314557
2014,all,5000,18,spatial_coverage_minus_random,rmse,-1.386738188299578,-1.2681847471001362,0.11855344119944178
2014,all,5000,18,spatial_coverage_minus_random,mae,0.0507640577849439,0.0139973699822615,-0.0367666878026824
2014,all,5000,18,spatial_coverage_minus_random,median_absolute_error,0.6013228399741024,0.5789460107771447,-0.022376829196957715
2014,all,5000,18,spatial_coverage_minus_random,p95_absolute_error,-0.3398086485059828,-0.5429770074267601,-0.20316835892077734
2014,all,5000,18,spatial_coverage_minus_random,p99_absolute_error,-13.909991012331488,-14.887217790332876,-0.9772267780013877
2014,all,5000,18,historical_density_minus_random,rmse,10.064940335221912,10.337743413508807,0.2728030782868949
2014,all,5000,18,historical_density_minus_random,mae,5.69362727748682,5.585758603486788,-0.10786867400003253
2014,all,5000,18,historical_density_minus_random,median_absolute_error,2.42285024432104,2.181802125411707,-0.24104811890933275
2014,all,5000,18,historical_density_minus_random,p95_absolute_error,25.21650476755256,25.76821493941689,0.5517101718643289
2014,all,5000,18,historical_density_minus_random,p99_absolute_error,56.29471463366247,59.4053984137596,3.1106837800971263
2014,all,5000,19,spatial_coverage_minus_random,rmse,0.5200756744403243,0.3719933066331649,-0.14808236780715944
2014,all,5000,19,spatial_coverage_minus_random,mae,0.8373368001788908,0.7081802765966927,-0.1291565235821981
2014,all,5000,19,spatial_coverage_minus_random,median_absolute_error,0.8578060523948636,0.765432279539425,-0.09237377285543857
2014,all,5000,19,spatial_coverage_minus_random,p95_absolute_error,1.5804427636135756,0.8752889480811383,-0.7051538155324373
2014,all,5000,19,spatial_coverage_minus_random,p99_absolute_error,-1.4956013035058504,-1.0362499614749725,0.4593513420308779
2014,all,5000,19,historical_density_minus_random,rmse,10.939467525985894,10.020383897826278,-0.9190836281596155
2014,all,5000,19,historical_density_minus_random,mae,5.614930692799495,5.184965997992601,-0.4299646948068947
2014,all,5000,19,historical_density_minus_random,median_absolute_error,2.055147875762799,1.996539769470928,-0.058608106291871076
2014,all,5000,19,historical_density_minus_random,p95_absolute_error,26.59345656329222,22.496900656206616,-4.096555907085605
2014,all,5000,19,historical_density_minus_random,p99_absolute_error,62.66536644656753,58.74308849025168,-3.9222779563158525
2014,spco2_le_threshold,500,0,spatial_coverage_minus_random,rmse,0.2246427570930329,0.2337544931975443,0.009111736104511381
2014,spco2_le_threshold,500,0,spatial_coverage_minus_random,mae,0.5427829975897644,0.6144265351203622,0.07164353753059771
2014,spco2_le_threshold,500,0,spatial_coverage_minus_random,median_absolute_error,0.9571414425824684,0.9877515877921894,0.03061014520972105
2014,spco2_le_threshold,500,0,spatial_coverage_minus_random,p95_absolute_error,-1.029818139458051,-0.91615040038684,0.11366773907121097
2014,spco2_le_threshold,500,0,spatial_coverage_minus_random,p99_absolute_error,-2.6345452616955782,-2.670973425384716,-0.036428163689137705
2014,spco2_le_threshold,500,0,historical_density_minus_random,rmse,6.053923009713014,5.75750336661584,-0.29641964309717395
2014,spco2_le_threshold,500,0,historical_density_minus_random,mae,4.360623612308618,4.089885189075382,-0.2707384232332366
2014,spco2_le_threshold,500,0,historical_density_minus_random,median_absolute_error,3.2986816616821955,3.1526255086110666,-0.14605615307112885
2014,spco2_le_threshold,500,0,historical_density_minus_random,p95_absolute_error,13.992032685615015,12.890134478607386,-1.101898207007629
2014,spco2_le_threshold,500,0,historical_density_minus_random,p99_absolute_error,8.922866943522664,8.91371084433436,-0.009156099188302846
2014,spco2_le_threshold,500,1,spatial_coverage_minus_random,rmse,2.543894001983066,2.4634043524978217,-0.08048964948524429
2014,spco2_le_threshold,500,1,spatial_coverage_minus_random,mae,2.388044157476738,2.220051947280286,-0.16799221019645216
2014,spco2_le_threshold,500,1,spatial_coverage_minus_random,median_absolute_error,2.308813121413806,2.1395242075536203,-0.16928891386018563
2014,spco2_le_threshold,500,1,spatial_coverage_minus_random,p95_absolute_error,5.997150740896743,5.538849731259951,-0.45830100963679143
2014,spco2_le_threshold,500,1,spatial_coverage_minus_random,p99_absolute_error,2.913226898297694,4.001849235818483,1.088622337520789
2014,spco2_le_threshold,500,1,historical_density_minus_random,rmse,8.918732319720977,8.814996978556795,-0.1037353411641817
2014,spco2_le_threshold,500,1,historical_density_minus_random,mae,6.111409357526043,5.836535857712015,-0.27487349981402787
2014,spco2_le_threshold,500,1,historical_density_minus_random,median_absolute_error,4.600339186968284,4.299729089982492,-0.30061009698579255
2014,spco2_le_threshold,500,1,historical_density_minus_random,p95_absolute_error,17.884301934689795,18.11696975477657,0.23266782008677467
2014,spco2_le_threshold,500,1,historical_density_minus_random,p99_absolute_error,30.913636045930048,32.87461259951513,1.960976553585084
2014,spco2_le_threshold,500,2,spatial_coverage_minus_random,rmse,0.0468736767954354,0.1117794495795259,0.0649057727840905
2014,spco2_le_threshold,500,2,spatial_coverage_minus_random,mae,0.3680201500757611,0.4676757679131498,0.09965561783738869
2014,spco2_le_threshold,500,2,spatial_coverage_minus_random,median_absolute_error,0.4497412630973656,0.6293841124883102,0.17964284939094455
2014,spco2_le_threshold,500,2,spatial_coverage_minus_random,p95_absolute_error,0.5582842283818366,0.3659692228510067,-0.19231500553082986
2014,spco2_le_threshold,500,2,spatial_coverage_minus_random,p99_absolute_error,-0.362094919602228,-0.8075773652673774,-0.44548244566514944
2014,spco2_le_threshold,500,2,historical_density_minus_random,rmse,6.926692343568025,6.60088404424884,-0.32580829931918487
2014,spco2_le_threshold,500,2,historical_density_minus_random,mae,4.770727959045118,4.48850377936013,-0.28222417968498803
2014,spco2_le_threshold,500,2,historical_density_minus_random,median_absolute_error,3.1548146544215285,2.842538119998665,-0.3122765344228635
2014,spco2_le_threshold,500,2,historical_density_minus_random,p95_absolute_error,17.330940279287027,17.056316502368716,-0.2746237769183111
2014,spco2_le_threshold,500,2,historical_density_minus_random,p99_absolute_error,27.351517715865143,24.25079485402665,-3.1007228618384914
2014,spco2_le_threshold,500,3,spatial_coverage_minus_random,rmse,-2.683201456979795,-2.4472842008518576,0.23591725612793724
2014,spco2_le_threshold,500,3,spatial_coverage_minus_random,mae,-0.2100941866872432,-0.0831218790552696,0.1269723076319736
2014,spco2_le_threshold,500,3,spatial_coverage_minus_random,median_absolute_error,1.018776389936221,1.0724364505358324,0.05366006059961137
2014,spco2_le_threshold,500,3,spatial_coverage_minus_random,p95_absolute_error,-4.524921642594904,-3.8534158644130514,0.671505778181853
2014,spco2_le_threshold,500,3,spatial_coverage_minus_random,p99_absolute_error,-24.954452938272965,-24.65100375521168,0.30344918306128577
2014,spco2_le_threshold,500,3,historical_density_minus_random,rmse,7.1681322149852775,7.158312945008156,-0.009819269977121792
2014,spco2_le_threshold,500,3,historical_density_minus_random,mae,4.355635831548799,4.4666304586460335,0.1109946270972344
2014,spco2_le_threshold,500,3,historical_density_minus_random,median_absolute_error,2.675686198603529,2.7755582750512247,0.09987207644769569
2014,spco2_le_threshold,500,3,historical_density_minus_random,p95_absolute_error,18.767661198313903,18.96546949701711,0.19780829870320815
2014,spco2_le_threshold,500,3,historical_density_minus_random,p99_absolute_error,29.42017546895245,28.19652749088101,-1.2236479780714404
2014,spco2_le_threshold,500,4,spatial_coverage_minus_random,rmse,0.6394342332816763,0.3439763115567658,-0.2954579217249105
2014,spco2_le_threshold,500,4,spatial_coverage_minus_random,mae,0.6645583618703625,0.4335158208503671,-0.23104254101999544
2014,spco2_le_threshold,500,4,spatial_coverage_minus_random,median_absolute_error,0.4906373489694147,0.352648797604985,-0.13798855136442967
2014,spco2_le_threshold,500,4,spatial_coverage_minus_random,p95_absolute_error,2.216615337038462,1.228290217322595,-0.9883251197158671
2014,spco2_le_threshold,500,4,spatial_coverage_minus_random,p99_absolute_error,-1.866134828245677,-2.59887994389328,-0.7327451156476033
2014,spco2_le_threshold,500,4,historical_density_minus_random,rmse,9.777091334221172,9.95742343943343,0.1803321052122584
2014,spco2_le_threshold,500,4,historical_density_minus_random,mae,6.202538788743325,6.178551612880934,-0.023987175862391297
2014,spco2_le_threshold,500,4,historical_density_minus_random,median_absolute_error,3.634349620324912,3.597289189255065,-0.037060431069847244
2014,spco2_le_threshold,500,4,historical_density_minus_random,p95_absolute_error,26.464510654401103,27.209734983800885,0.7452243293997824
2014,spco2_le_threshold,500,4,historical_density_minus_random,p99_absolute_error,35.914790103763536,37.36353486092328,1.4487447571597443
2014,spco2_le_threshold,500,5,spatial_coverage_minus_random,rmse,-2.006983644934092,-2.126299621163352,-0.11931597622925993
2014,spco2_le_threshold,500,5,spatial_coverage_minus_random,mae,-0.4359319853762535,-0.503911778124202,-0.06797979274794846
2014,spco2_le_threshold,500,5,spatial_coverage_minus_random,median_absolute_error,0.5148704989302644,0.474710516314019,-0.04015998261624537
2014,spco2_le_threshold,500,5,spatial_coverage_minus_random,p95_absolute_error,-3.118652572639561,-3.0397468718365346,0.0789057008030265
2014,spco2_le_threshold,500,5,spatial_coverage_minus_random,p99_absolute_error,-7.2942501703633695,-7.131966911750894,0.16228325861247583
2014,spco2_le_threshold,500,5,historical_density_minus_random,rmse,9.101618674440864,8.988276887136355,-0.11334178730450972
2014,spco2_le_threshold,500,5,historical_density_minus_random,mae,5.083381077222729,4.969249690513752,-0.11413138670897638
2014,spco2_le_threshold,500,5,historical_density_minus_random,median_absolute_error,2.6122597794379203,2.565111272892409,-0.04714850654551128
2014,spco2_le_threshold,500,5,historical_density_minus_random,p95_absolute_error,24.60114482617156,24.915759733453072,0.31461490728151276
2014,spco2_le_threshold,500,5,historical_density_minus_random,p99_absolute_error,42.50774766015944,41.74040330405461,-0.7673443561048288
2014,spco2_le_threshold,500,6,spatial_coverage_minus_random,rmse,-0.902020639512056,-0.6582818460794257,0.24373879343263027
2014,spco2_le_threshold,500,6,spatial_coverage_minus_random,mae,-0.1265257523693037,0.1625439218531319,0.28906967422243557
2014,spco2_le_threshold,500,6,spatial_coverage_minus_random,median_absolute_error,-0.0840053417400383,0.2064035614471038,0.29040890318714213
2014,spco2_le_threshold,500,6,spatial_coverage_minus_random,p95_absolute_error,-0.2861461049646436,0.2538999485408553,0.540046053505499
2014,spco2_le_threshold,500,6,spatial_coverage_minus_random,p99_absolute_error,-5.967077253014722,-5.569270166313743,0.3978070867009791
2014,spco2_le_threshold,500,6,historical_density_minus_random,rmse,6.079864939830522,6.064687804028242,-0.015177135802279196
2014,spco2_le_threshold,500,6,historical_density_minus_random,mae,4.490673037496993,4.5797984981244575,0.08912546062746429
2014,spco2_le_threshold,500,6,historical_density_minus_random,median_absolute_error,3.3673428160234096,3.483230658516135,0.11588784249272521
2014,spco2_le_threshold,500,6,historical_density_minus_random,p95_absolute_error,13.847650739415478,14.257570709660264,0.4099199702447862
2014,spco2_le_threshold,500,6,historical_density_minus_random,p99_absolute_error,16.45875646681455,17.20162739642595,0.7428709296113993
2014,spco2_le_threshold,500,7,spatial_coverage_minus_random,rmse,-0.8066382392223304,-0.5833974350596698,0.22324080416266057
2014,spco2_le_threshold,500,7,spatial_coverage_minus_random,mae,-0.0025925806923439,0.2585006432102155,0.2610932239025594
2014,spco2_le_threshold,500,7,spatial_coverage_minus_random,median_absolute_error,0.2490574222986765,0.557318875575163,0.3082614532764865
2014,spco2_le_threshold,500,7,spatial_coverage_minus_random,p95_absolute_error,1.2419585972460254,1.2778485510924966,0.0358899538464712
2014,spco2_le_threshold,500,7,spatial_coverage_minus_random,p99_absolute_error,-4.152200978039559,-3.785832618202917,0.3663683598366423
2014,spco2_le_threshold,500,7,historical_density_minus_random,rmse,4.814529741427919,4.921932798855973,0.107403057428054
2014,spco2_le_threshold,500,7,historical_density_minus_random,mae,3.510059975236487,3.548271978105955,0.03821200286946791
2014,spco2_le_threshold,500,7,historical_density_minus_random,median_absolute_error,2.6719358181136954,2.634927589198952,-0.03700822891474331
2014,spco2_le_threshold,500,7,historical_density_minus_random,p95_absolute_error,11.759797626368076,12.446684838451723,0.6868872120836471
2014,spco2_le_threshold,500,7,historical_density_minus_random,p99_absolute_error,21.087132654977367,21.43769309160673,0.35056043662936176
2014,spco2_le_threshold,500,8,spatial_coverage_minus_random,rmse,13.16324971418901,12.67276225614922,-0.4904874580397909
2014,spco2_le_threshold,500,8,spatial_coverage_minus_random,mae,6.121753814582839,5.794391509388873,-0.32736230519396603
2014,spco2_le_threshold,500,8,spatial_coverage_minus_random,median_absolute_error,2.796497147294588,2.5022840902738324,-0.29421305702075573
2014,spco2_le_threshold,500,8,spatial_coverage_minus_random,p95_absolute_error,25.16364116564684,24.50665519873114,-0.6569859669157019
2014,spco2_le_threshold,500,8,spatial_coverage_minus_random,p99_absolute_error,56.90421915777367,55.78965489299623,-1.1145642647774352
2014,spco2_le_threshold,500,8,historical_density_minus_random,rmse,5.396180130225741,5.167554383456874,-0.22862574676886638
2014,spco2_le_threshold,500,8,historical_density_minus_random,mae,3.8795033046846505,3.5768064970576425,-0.302696807627008
2014,spco2_le_threshold,500,8,historical_density_minus_random,median_absolute_error,2.6237852544497,2.3324481813737634,-0.29133707307593637
2014,spco2_le_threshold,500,8,historical_density_minus_random,p95_absolute_error,14.420245094456073,13.911825498768522,-0.5084195956875508
2014,spco2_le_threshold,500,8,historical_density_minus_random,p99_absolute_error,10.259089682405332,10.359376065072157,0.10028638266682499
2014,spco2_le_threshold,500,9,spatial_coverage_minus_random,rmse,-1.0264423413711723,-1.332751801636654,-0.30630946026548167
2014,spco2_le_threshold,500,9,spatial_coverage_minus_random,mae,-0.3049738730087945,-0.5416168507486319,-0.23664297773983733
2014,spco2_le_threshold,500,9,spatial_coverage_minus_random,median_absolute_error,-0.052600953969403,-0.2230806839335457,-0.17047972996414268
2014,spco2_le_threshold,500,9,spatial_coverage_minus_random,p95_absolute_error,0.0957262323574497,-0.529944055835891,-0.6256702881933407
2014,spco2_le_threshold,500,9,spatial_coverage_minus_random,p99_absolute_error,-5.788424900229714,-5.44452332832185,0.34390157190786397
2014,spco2_le_threshold,500,9,historical_density_minus_random,rmse,7.452254689991161,7.230919154081093,-0.22133553591006816
2014,spco2_le_threshold,500,9,historical_density_minus_random,mae,5.778247271014081,5.52590817666508,-0.2523390943490007
2014,spco2_le_threshold,500,9,historical_density_minus_random,median_absolute_error,4.310240648736681,3.982897318368345,-0.32734333036833574
2014,spco2_le_threshold,500,9,historical_density_minus_random,p95_absolute_error,15.766141748295285,15.525503165333994,-0.24063858296129048
2014,spco2_le_threshold,500,9,historical_density_minus_random,p99_absolute_error,17.57551366683751,17.15900244161196,-0.4165112252255483
2014,spco2_le_threshold,500,10,spatial_coverage_minus_random,rmse,-5.478838688884292,-5.453000002823451,0.025838686060841276
2014,spco2_le_threshold,500,10,spatial_coverage_minus_random,mae,-1.9081281125529836,-1.8367769403950935,0.07135117215789011
2014,spco2_le_threshold,500,10,spatial_coverage_minus_random,median_absolute_error,0.6710140166401288,0.6698102507372994,-0.0012037659028294456
2014,spco2_le_threshold,500,10,spatial_coverage_minus_random,p95_absolute_error,-11.883544752423203,-10.999625350708657,0.8839194017145466
2014,spco2_le_threshold,500,10,spatial_coverage_minus_random,p99_absolute_error,-43.488281119704894,-45.25757214056516,-1.7692910208602655
2014,spco2_le_threshold,500,10,historical_density_minus_random,rmse,-0.1115381574442935,-0.1684134604879403,-0.05687530304364678
2014,spco2_le_threshold,500,10,historical_density_minus_random,mae,1.419368850252411,1.4771418265486247,0.057772976296213585
2014,spco2_le_threshold,500,10,historical_density_minus_random,median_absolute_error,2.8075585270182444,2.8716853260624475,0.06412679904420315
2014,spco2_le_threshold,500,10,historical_density_minus_random,p95_absolute_error,-1.615360265498488,-0.7525971219365744,0.8627631435619136
2014,spco2_le_threshold,500,10,historical_density_minus_random,p99_absolute_error,-23.28123981574589,-24.450849092753813,-1.1696092770079218
2014,spco2_le_threshold,500,11,spatial_coverage_minus_random,rmse,-1.407369774190986,-1.4836057784743095,-0.07623600428332344
2014,spco2_le_threshold,500,11,spatial_coverage_minus_random,mae,-0.6345715005418846,-0.6257268724521019,0.008844628089782702
2014,spco2_le_threshold,500,11,spatial_coverage_minus_random,median_absolute_error,-0.2458910997703469,-0.0536028569110555,0.19228824285929141
2014,spco2_le_threshold,500,11,spatial_coverage_minus_random,p95_absolute_error,-0.590235729074017,-1.1498478337032267,-0.5596121046292097
2014,spco2_le_threshold,500,11,spatial_coverage_minus_random,p99_absolute_error,-7.621717754473806,-7.42327888181363,0.19843887266017646
2014,spco2_le_threshold,500,11,historical_density_minus_random,rmse,12.712357317286774,12.494468560843467,-0.21788875644330652
2014,spco2_le_threshold,500,11,historical_density_minus_random,mae,5.442653726266791,5.32249646718493,-0.1201572590818607
2014,spco2_le_threshold,500,11,historical_density_minus_random,median_absolute_error,1.3559229052984278,1.3838118842039364,0.027888978905508566
2014,spco2_le_threshold,500,11,historical_density_minus_random,p95_absolute_error,28.014907480279028,28.371902481186478,0.3569950009074496
2014,spco2_le_threshold,500,11,historical_density_minus_random,p99_absolute_error,79.5182580620008,76.75091193266766,-2.7673461293331343
2014,spco2_le_threshold,500,12,spatial_coverage_minus_random,rmse,-1.566042326961238,-1.633438214876776,-0.06739588791553808
2014,spco2_le_threshold,500,12,spatial_coverage_minus_random,mae,0.3147467118346085,0.2915822096480482,-0.0231645021865603
2014,spco2_le_threshold,500,12,spatial_coverage_minus_random,median_absolute_error,0.9251870658745248,0.9383863989199028,0.013199333045378014
2014,spco2_le_threshold,500,12,spatial_coverage_minus_random,p95_absolute_error,0.3930465278764643,-0.1024541817449531,-0.49550070962141746
2014,spco2_le_threshold,500,12,spatial_coverage_minus_random,p99_absolute_error,-6.287352399585714,-4.981602899750229,1.3057494998354855
2014,spco2_le_threshold,500,12,historical_density_minus_random,rmse,8.861938330205962,8.599506876359982,-0.26243145384598066
2014,spco2_le_threshold,500,12,historical_density_minus_random,mae,6.594767364473274,6.532995593113888,-0.0617717713593855
2014,spco2_le_threshold,500,12,historical_density_minus_random,median_absolute_error,4.69929906492203,4.604773098327286,-0.09452596659474466
2014,spco2_le_threshold,500,12,historical_density_minus_random,p95_absolute_error,23.04083669272211,22.43168406553904,-0.6091526271830681
2014,spco2_le_threshold,500,12,historical_density_minus_random,p99_absolute_error,32.318762244751795,31.98490085158771,-0.33386139316408503
2014,spco2_le_threshold,500,13,spatial_coverage_minus_random,rmse,1.7040114381218174,1.3613350126915655,-0.3426764254302519
2014,spco2_le_threshold,500,13,spatial_coverage_minus_random,mae,1.1552716553398916,0.8733006291148797,-0.2819710262250119
2014,spco2_le_threshold,500,13,spatial_coverage_minus_random,median_absolute_error,1.2606500114916628,1.0734752708969495,-0.18717474059471328
2014,spco2_le_threshold,500,13,spatial_coverage_minus_random,p95_absolute_error,-0.9788100106887824,-1.56313969828404,-0.5843296875952576
2014,spco2_le_threshold,500,13,spatial_coverage_minus_random,p99_absolute_error,10.988918770490898,9.936877108560765,-1.052041661930133
2014,spco2_le_threshold,500,13,historical_density_minus_random,rmse,8.629751350669153,7.496178600450374,-1.1335727502187787
2014,spco2_le_threshold,500,13,historical_density_minus_random,mae,5.036682609997019,4.391461859507103,-0.6452207504899157
2014,spco2_le_threshold,500,13,historical_density_minus_random,median_absolute_error,2.779833802224829,2.3985765122635883,-0.38125728996124053
2014,spco2_le_threshold,500,13,historical_density_minus_random,p95_absolute_error,20.05400755752812,17.54489895451099,-2.509108603017129
2014,spco2_le_threshold,500,13,historical_density_minus_random,p99_absolute_error,38.730158492474615,32.00110105167239,-6.729057440802222
2014,spco2_le_threshold,500,14,spatial_coverage_minus_random,rmse,-0.2629847567732746,-0.2111264176837117,0.05185833908956289
2014,spco2_le_threshold,500,14,spatial_coverage_minus_random,mae,0.1096841273507962,0.1349974905796713,0.025313363228875105
2014,spco2_le_threshold,500,14,spatial_coverage_minus_random,median_absolute_error,0.2261335718217481,0.1765318682773795,-0.0496017035443686
2014,spco2_le_threshold,500,14,spatial_coverage_minus_random,p95_absolute_error,-0.5455913610091159,-0.7674279605425198,-0.22183659953340396
2014,spco2_le_threshold,500,14,spatial_coverage_minus_random,p99_absolute_error,1.350146973530684,0.8168903158763641,-0.5332566576543198
2014,spco2_le_threshold,500,14,historical_density_minus_random,rmse,8.114677798836752,8.140107679527798,0.025429880691046236
2014,spco2_le_threshold,500,14,historical_density_minus_random,mae,5.63907410339904,5.577672380926739,-0.06140172247230158
2014,spco2_le_threshold,500,14,historical_density_minus_random,median_absolute_error,3.837416920469394,3.698795244020971,-0.13862167644842316
2014,spco2_le_threshold,500,14,historical_density_minus_random,p95_absolute_error,17.05469100034508,17.799657253592066,0.7449662532469858
2014,spco2_le_threshold,500,14,historical_density_minus_random,p99_absolute_error,36.77812861391439,36.20890981311723,-0.5692188007971595
2014,spco2_le_threshold,500,15,spatial_coverage_minus_random,rmse,-1.3184122698810403,-1.8677750449361452,-0.5493627750551049
2014,spco2_le_threshold,500,15,spatial_coverage_minus_random,mae,0.1183287081204902,-0.2061312993848751,-0.3244600075053653
2014,spco2_le_threshold,500,15,spatial_coverage_minus_random,median_absolute_error,0.8542396726031427,0.6297692624208082,-0.2244704101823345
2014,spco2_le_threshold,500,15,spatial_coverage_minus_random,p95_absolute_error,-1.9686426509909936,-3.715817177026075,-1.7471745260350815
2014,spco2_le_threshold,500,15,spatial_coverage_minus_random,p99_absolute_error,-6.693142816785809,-9.73975516985098,-3.0466123530651714
2014,spco2_le_threshold,500,15,historical_density_minus_random,rmse,8.32708920889323,7.760667005810919,-0.5664222030823121
2014,spco2_le_threshold,500,15,historical_density_minus_random,mae,5.378718131247592,5.080785016160924,-0.29793311508666775
2014,spco2_le_threshold,500,15,historical_density_minus_random,median_absolute_error,3.2349773102833126,3.110727712551977,-0.12424959773133537
2014,spco2_le_threshold,500,15,historical_density_minus_random,p95_absolute_error,23.80482217981249,22.722677333467544,-1.0821448463449457
2014,spco2_le_threshold,500,15,historical_density_minus_random,p99_absolute_error,30.937803175561413,28.208829672013778,-2.7289735035476355
2014,spco2_le_threshold,500,16,spatial_coverage_minus_random,rmse,1.722785220670925,1.7236935754337033,0.0009083547627781741
2014,spco2_le_threshold,500,16,spatial_coverage_minus_random,mae,1.829024415114031,2.014404897282862,0.18538048216883118
2014,spco2_le_threshold,500,16,spatial_coverage_minus_random,median_absolute_error,1.5900017305585834,1.899301571729637,0.3092998411710537
2014,spco2_le_threshold,500,16,spatial_coverage_minus_random,p95_absolute_error,4.871924893653905,4.6193114430065165,-0.25261345064738805
2014,spco2_le_threshold,500,16,spatial_coverage_minus_random,p99_absolute_error,12.51933359169344,8.639147614383688,-3.8801859773097522
2014,spco2_le_threshold,500,16,historical_density_minus_random,rmse,4.039533567634923,4.147759640476252,0.10822607284132957
2014,spco2_le_threshold,500,16,historical_density_minus_random,mae,3.0482852258389634,3.091002776205073,0.04271755036610969
2014,spco2_le_threshold,500,16,historical_density_minus_random,median_absolute_error,2.469248943626525,2.531437391906394,0.062188448279869135
2014,spco2_le_threshold,500,16,historical_density_minus_random,p95_absolute_error,8.871322140499096,8.92651046362635,0.05518832312725408
2014,spco2_le_threshold,500,16,historical_density_minus_random,p99_absolute_error,2.3537644228229624,2.587465802425996,0.23370137960303383
2014,spco2_le_threshold,500,17,spatial_coverage_minus_random,rmse,0.2266912576383184,0.2592091036881925,0.032517846049874094
2014,spco2_le_threshold,500,17,spatial_coverage_minus_random,mae,0.786402809863862,1.066696566928318,0.2802937570644559
2014,spco2_le_threshold,500,17,spatial_coverage_minus_random,median_absolute_error,0.8963739579546655,1.2586981081441877,0.36232415018952224
2014,spco2_le_threshold,500,17,spatial_coverage_minus_random,p95_absolute_error,3.458238735745894,3.711823912683826,0.25358517693793203
2014,spco2_le_threshold,500,17,spatial_coverage_minus_random,p99_absolute_error,-3.863084917032453,-4.737050151565043,-0.8739652345325903
2014,spco2_le_threshold,500,17,historical_density_minus_random,rmse,8.272029569597795,8.13633123581446,-0.13569833378333485
2014,spco2_le_threshold,500,17,historical_density_minus_random,mae,4.4696300280925705,4.732788395493813,0.26315836740124254
2014,spco2_le_threshold,500,17,historical_density_minus_random,median_absolute_error,2.1139395201323907,2.56125865242322,0.4473191322908292
2014,spco2_le_threshold,500,17,historical_density_minus_random,p95_absolute_error,17.571658902534097,18.637633605407025,1.0659747028729285
2014,spco2_le_threshold,500,17,historical_density_minus_random,p99_absolute_error,42.331783289168825,37.25318569078674,-5.078597598382089
2014,spco2_le_threshold,500,18,spatial_coverage_minus_random,rmse,0.5581045570402203,1.0944360230052474,0.5363314659650271
2014,spco2_le_threshold,500,18,spatial_coverage_minus_random,mae,0.8215507512338576,1.1844582614238313,0.3629075101899737
2014,spco2_le_threshold,500,18,spatial_coverage_minus_random,median_absolute_error,0.6310868415621655,0.8378931738819233,0.20680633231975776
2014,spco2_le_threshold,500,18,spatial_coverage_minus_random,p95_absolute_error,2.27770390071975,4.254008431457265,1.976304530737515
2014,spco2_le_threshold,500,18,spatial_coverage_minus_random,p99_absolute_error,4.807279231433881,6.293584318315453,1.486305086881572
2014,spco2_le_threshold,500,18,historical_density_minus_random,rmse,6.264901180826804,6.868156398957979,0.6032552181311743
2014,spco2_le_threshold,500,18,historical_density_minus_random,mae,4.941936239668348,5.634120070131498,0.6921838304631498
2014,spco2_le_threshold,500,18,historical_density_minus_random,median_absolute_error,3.134060519686784,3.881353985025584,0.7472934653387999
2014,spco2_le_threshold,500,18,historical_density_minus_random,p95_absolute_error,14.933704887196704,16.60048422138447,1.6667793341877655
2014,spco2_le_threshold,500,18,historical_density_minus_random,p99_absolute_error,9.180874846740664,9.923723785909315,0.7428489391686508
2014,spco2_le_threshold,500,19,spatial_coverage_minus_random,rmse,5.8345549009465,5.777993948576324,-0.056560952370176665
2014,spco2_le_threshold,500,19,spatial_coverage_minus_random,mae,2.785260847312472,2.7186221865292914,-0.06663866078318037
2014,spco2_le_threshold,500,19,spatial_coverage_minus_random,median_absolute_error,1.7003815928516983,1.7107181936063969,0.010336600754698555
2014,spco2_le_threshold,500,19,spatial_coverage_minus_random,p95_absolute_error,8.260442706706556,8.200237065581113,-0.060205641125442355
2014,spco2_le_threshold,500,19,spatial_coverage_minus_random,p99_absolute_error,39.58669554255296,40.50418887258725,0.91749333003429
2014,spco2_le_threshold,500,19,historical_density_minus_random,rmse,10.122197985051775,10.791547428133264,0.6693494430814884
2014,spco2_le_threshold,500,19,historical_density_minus_random,mae,5.847020719333781,5.920576812088466,0.07355609275468566
2014,spco2_le_threshold,500,19,historical_density_minus_random,median_absolute_error,3.3248496732882984,3.126301173448041,-0.19854849984025735
2014,spco2_le_threshold,500,19,historical_density_minus_random,p95_absolute_error,27.231935224271812,29.99787892900728,2.7659437047354665
2014,spco2_le_threshold,500,19,historical_density_minus_random,p99_absolute_error,52.550337351148286,55.79233936013061,3.2420020089823254
2014,spco2_le_threshold,1000,0,spatial_coverage_minus_random,rmse,-0.7057976345360615,-0.2769269346896443,0.4288706998464172
2014,spco2_le_threshold,1000,0,spatial_coverage_minus_random,mae,0.2704595283148183,0.508048073480122,0.23758854516530376
2014,spco2_le_threshold,1000,0,spatial_coverage_minus_random,median_absolute_error,0.4549126646956836,0.5864822700214063,0.1315696053257227
2014,spco2_le_threshold,1000,0,spatial_coverage_minus_random,p95_absolute_error,0.6295004270716831,1.5451003305197588,0.9155999034480757
2014,spco2_le_threshold,1000,0,spatial_coverage_minus_random,p99_absolute_error,-4.2461884966787125,-2.761772347201841,1.4844161494768713
2014,spco2_le_threshold,1000,0,historical_density_minus_random,rmse,11.42243056718812,11.629887802470543,0.20745723528242266
2014,spco2_le_threshold,1000,0,historical_density_minus_random,mae,6.163244986421132,6.365952520082782,0.20270753366165017
2014,spco2_le_threshold,1000,0,historical_density_minus_random,median_absolute_error,2.460018074369316,2.620479736303849,0.16046166193453315
2014,spco2_le_threshold,1000,0,historical_density_minus_random,p95_absolute_error,33.201526228028825,32.422690609074444,-0.7788356189543819
2014,spco2_le_threshold,1000,0,historical_density_minus_random,p99_absolute_error,47.38095293640451,47.93411274227672,0.5531598058722054
2014,spco2_le_threshold,1000,1,spatial_coverage_minus_random,rmse,0.7819395863366303,0.6014288331475903,-0.18051075318903997
2014,spco2_le_threshold,1000,1,spatial_coverage_minus_random,mae,0.8713753000745132,0.8090285371674408,-0.06234676290707242
2014,spco2_le_threshold,1000,1,spatial_coverage_minus_random,median_absolute_error,1.0236834659284,1.0469701006311425,0.023286634702742504
2014,spco2_le_threshold,1000,1,spatial_coverage_minus_random,p95_absolute_error,1.2317009416265918,0.906374496435582,-0.32532644519100984
2014,spco2_le_threshold,1000,1,spatial_coverage_minus_random,p99_absolute_error,2.001814466324163,1.2703512703214983,-0.7314631960026645
2014,spco2_le_threshold,1000,1,historical_density_minus_random,rmse,8.475175331288956,8.827342712999691,0.3521673817107356
2014,spco2_le_threshold,1000,1,historical_density_minus_random,mae,5.581361604394873,5.864732601155085,0.2833709967602118
2014,spco2_le_threshold,1000,1,historical_density_minus_random,median_absolute_error,3.371503326738633,3.5614379130330462,0.18993458629441307
2014,spco2_le_threshold,1000,1,historical_density_minus_random,p95_absolute_error,20.18705735467376,21.903513756792307,1.7164564021185456
2014,spco2_le_threshold,1000,1,historical_density_minus_random,p99_absolute_error,17.172990013609947,17.79435429202917,0.6213642784192217
2014,spco2_le_threshold,1000,2,spatial_coverage_minus_random,rmse,-0.917420542406994,-1.1187495973536024,-0.20132905494660835
2014,spco2_le_threshold,1000,2,spatial_coverage_minus_random,mae,0.3911991490152893,0.2179295497440883,-0.173269599271201
2014,spco2_le_threshold,1000,2,spatial_coverage_minus_random,median_absolute_error,0.485636234176809,0.3789278424028452,-0.1067083917739638
2014,spco2_le_threshold,1000,2,spatial_coverage_minus_random,p95_absolute_error,2.1043948589304406,1.595197155993915,-0.5091977029365256
2014,spco2_le_threshold,1000,2,spatial_coverage_minus_random,p99_absolute_error,3.3018071608346133,2.5982968487465143,-0.703510312088099
2014,spco2_le_threshold,1000,2,historical_density_minus_random,rmse,5.4533583756320105,5.415199228878468,-0.03815914675354293
2014,spco2_le_threshold,1000,2,historical_density_minus_random,mae,3.9337445894471976,4.141306399105305,0.20756180965810778
2014,spco2_le_threshold,1000,2,historical_density_minus_random,median_absolute_error,2.537930897725971,3.048915936728747,0.5109850390027759
2014,spco2_le_threshold,1000,2,historical_density_minus_random,p95_absolute_error,13.318916671560928,12.53287225009317,-0.7860444214677571
2014,spco2_le_threshold,1000,2,historical_density_minus_random,p99_absolute_error,18.419258865705416,16.33953711472735,-2.0797217509780666
2014,spco2_le_threshold,1000,3,spatial_coverage_minus_random,rmse,-1.6564104450945578,-1.525177122844564,0.13123332224999373
2014,spco2_le_threshold,1000,3,spatial_coverage_minus_random,mae,0.0050985646045003,0.2199700946207397,0.21487153001623938
2014,spco2_le_threshold,1000,3,spatial_coverage_minus_random,median_absolute_error,0.4394774148950944,0.662137073745356,0.22265965885026162
2014,spco2_le_threshold,1000,3,spatial_coverage_minus_random,p95_absolute_error,-0.2999871212965104,1.0214067392444903,1.3213938605410007
2014,spco2_le_threshold,1000,3,spatial_coverage_minus_random,p99_absolute_error,-11.567879044903393,-12.021794161276771,-0.4539151163733788
2014,spco2_le_threshold,1000,3,historical_density_minus_random,rmse,7.61004477974566,8.544245533560204,0.9342007538145438
2014,spco2_le_threshold,1000,3,historical_density_minus_random,mae,5.492085668169402,5.848347505818953,0.35626183764955144
2014,spco2_le_threshold,1000,3,historical_density_minus_random,median_absolute_error,3.383619086462801,3.320470809254232,-0.06314827720856897
2014,spco2_le_threshold,1000,3,historical_density_minus_random,p95_absolute_error,21.70098611141393,25.739679446124363,4.038693334710434
2014,spco2_le_threshold,1000,3,historical_density_minus_random,p99_absolute_error,24.736483325879234,31.77396407348631,7.037480747607077
2014,spco2_le_threshold,1000,4,spatial_coverage_minus_random,rmse,3.081671737914036,3.0570553214420397,-0.024616416471996416
2014,spco2_le_threshold,1000,4,spatial_coverage_minus_random,mae,2.380394670441472,2.272144584480097,-0.10825008596137486
2014,spco2_le_threshold,1000,4,spatial_coverage_minus_random,median_absolute_error,1.1593259015920978,0.9366557214843,-0.22267018010779782
2014,spco2_le_threshold,1000,4,spatial_coverage_minus_random,p95_absolute_error,9.539059729803398,8.97192660135208,-0.5671331284513172
2014,spco2_le_threshold,1000,4,spatial_coverage_minus_random,p99_absolute_error,14.789945372141702,15.807620579310566,1.017675207168864
2014,spco2_le_threshold,1000,4,historical_density_minus_random,rmse,13.43416290089263,13.929894188997956,0.4957312881053255
2014,spco2_le_threshold,1000,4,historical_density_minus_random,mae,6.393820121644721,6.8108529688499,0.41703284720517964
2014,spco2_le_threshold,1000,4,historical_density_minus_random,median_absolute_error,3.0633602578715795,3.208389300276025,0.14502904240444536
2014,spco2_le_threshold,1000,4,historical_density_minus_random,p95_absolute_error,21.34577475694506,24.98997447549272,3.6441997185476573
2014,spco2_le_threshold,1000,4,historical_density_minus_random,p99_absolute_error,90.13027034859152,89.62060643466268,-0.509663913928847
2014,spco2_le_threshold,1000,5,spatial_coverage_minus_random,rmse,-0.6155393801857123,-0.6716085916453807,-0.05606921145966837
2014,spco2_le_threshold,1000,5,spatial_coverage_minus_random,mae,-0.5820353927034407,-0.7535655124768841,-0.17153011977344335
2014,spco2_le_threshold,1000,5,spatial_coverage_minus_random,median_absolute_error,-0.277112711360445,-0.5349461925518995,-0.25783348119145444
2014,spco2_le_threshold,1000,5,spatial_coverage_minus_random,p95_absolute_error,-1.6794244513416243,-1.830209128342311,-0.15078467700068665
2014,spco2_le_threshold,1000,5,spatial_coverage_minus_random,p99_absolute_error,0.6578875952584866,1.579598362097741,0.9217107668392543
2014,spco2_le_threshold,1000,5,historical_density_minus_random,rmse,11.333527818444946,11.016814331053876,-0.31671348739106975
2014,spco2_le_threshold,1000,5,historical_density_minus_random,mae,6.139174909589354,5.766224230652711,-0.37295067893664235
2014,spco2_le_threshold,1000,5,historical_density_minus_random,median_absolute_error,2.9170858499104497,2.654025641425818,-0.26306020848463163
2014,spco2_le_threshold,1000,5,historical_density_minus_random,p95_absolute_error,28.665373302563346,27.97606627767685,-0.6893070248864959
2014,spco2_le_threshold,1000,5,historical_density_minus_random,p99_absolute_error,56.94666113775017,58.503924284870095,1.5572631471199259
2014,spco2_le_threshold,1000,6,spatial_coverage_minus_random,rmse,-2.010069925468798,-1.9983761035030625,0.011693821965735651
2014,spco2_le_threshold,1000,6,spatial_coverage_minus_random,mae,-0.3981763619010365,-0.4235943097416879,-0.025417947840651378
2014,spco2_le_threshold,1000,6,spatial_coverage_minus_random,median_absolute_error,0.1405442456261028,0.0787077800474378,-0.061836465578665
2014,spco2_le_threshold,1000,6,spatial_coverage_minus_random,p95_absolute_error,-1.0653761420446344,-1.1777914201140192,-0.11241527806938478
2014,spco2_le_threshold,1000,6,spatial_coverage_minus_random,p99_absolute_error,-7.813997322470868,-8.87275487372196,-1.058757551251091
2014,spco2_le_threshold,1000,6,historical_density_minus_random,rmse,6.65172487091721,6.568328674511587,-0.0833961964056229
2014,spco2_le_threshold,1000,6,historical_density_minus_random,mae,3.9710011883699377,3.8322636343952734,-0.13873755397466425
2014,spco2_le_threshold,1000,6,historical_density_minus_random,median_absolute_error,2.388488847150626,2.1678478971726065,-0.2206409499780193
2014,spco2_le_threshold,1000,6,historical_density_minus_random,p95_absolute_error,13.92662911517916,13.750458392570238,-0.17617072260892286
2014,spco2_le_threshold,1000,6,historical_density_minus_random,p99_absolute_error,32.297336234802174,31.18378576755599,-1.113550467246185
2014,spco2_le_threshold,1000,7,spatial_coverage_minus_random,rmse,-1.5351699320580714,-1.5465861222718793,-0.011416190213807909
2014,spco2_le_threshold,1000,7,spatial_coverage_minus_random,mae,-0.167066801875455,-0.2074306346869008,-0.04036383281144579
2014,spco2_le_threshold,1000,7,spatial_coverage_minus_random,median_absolute_error,0.0843133619745799,-0.0672326206366165,-0.1515459826111964
2014,spco2_le_threshold,1000,7,spatial_coverage_minus_random,p95_absolute_error,1.2325974285586696,1.3948817635947035,0.1622843350360339
2014,spco2_le_threshold,1000,7,spatial_coverage_minus_random,p99_absolute_error,-10.572541189855428,-10.183187067089449,0.3893541227659796
2014,spco2_le_threshold,1000,7,historical_density_minus_random,rmse,8.769282706506694,8.120636806548433,-0.6486458999582609
2014,spco2_le_threshold,1000,7,historical_density_minus_random,mae,5.307272693908804,4.955690935344551,-0.35158175856425355
2014,spco2_le_threshold,1000,7,historical_density_minus_random,median_absolute_error,2.5206890845443866,2.5983504998268927,0.07766141528250614
2014,spco2_le_threshold,1000,7,historical_density_minus_random,p95_absolute_error,23.687302123792904,20.845179730139407,-2.842122393653497
2014,spco2_le_threshold,1000,7,historical_density_minus_random,p99_absolute_error,37.493092609292745,40.41755202382066,2.9244594145279166
2014,spco2_le_threshold,1000,8,spatial_coverage_minus_random,rmse,5.195251658059004,5.09299816311275,-0.10225349494625391
2014,spco2_le_threshold,1000,8,spatial_coverage_minus_random,mae,2.3965174943494034,2.319240833701471,-0.07727666064793226
2014,spco2_le_threshold,1000,8,spatial_coverage_minus_random,median_absolute_error,1.1242918895996183,1.077082464131195,-0.04720942546842344
2014,spco2_le_threshold,1000,8,spatial_coverage_minus_random,p95_absolute_error,7.738156672962859,6.980291321385224,-0.7578653515776352
2014,spco2_le_threshold,1000,8,spatial_coverage_minus_random,p99_absolute_error,29.52257035615466,28.5338804109376,-0.988689945217061
2014,spco2_le_threshold,1000,8,historical_density_minus_random,rmse,10.005795130428645,9.860072760215822,-0.1457223702128232
2014,spco2_le_threshold,1000,8,historical_density_minus_random,mae,5.455358637981561,5.5410945639196,0.0857359259380388
2014,spco2_le_threshold,1000,8,historical_density_minus_random,median_absolute_error,2.581954422356148,2.6674674709019826,0.08551304854583464
2014,spco2_le_threshold,1000,8,historical_density_minus_random,p95_absolute_error,26.296991781831416,25.95045901101387,-0.3465327708175465
2014,spco2_le_threshold,1000,8,historical_density_minus_random,p99_absolute_error,52.02370050090667,49.52528182138299,-2.498418679523681
2014,spco2_le_threshold,1000,9,spatial_coverage_minus_random,rmse,-0.2905639196897205,-0.3123311959449424,-0.0217672762552219
2014,spco2_le_threshold,1000,9,spatial_coverage_minus_random,mae,0.7486352890281349,0.7270780805654837,-0.02155720846265119
2014,spco2_le_threshold,1000,9,spatial_coverage_minus_random,median_absolute_error,0.8520307012995829,0.8175688423107488,-0.03446185898883414
2014,spco2_le_threshold,1000,9,spatial_coverage_minus_random,p95_absolute_error,2.0966329826015624,2.180428770058576,0.08379578745701366
2014,spco2_le_threshold,1000,9,spatial_coverage_minus_random,p99_absolute_error,-0.380592714329353,-0.3162767168397948,0.06431599748955819
2014,spco2_le_threshold,1000,9,historical_density_minus_random,rmse,9.040982162100068,8.888127938374993,-0.1528542237250754
2014,spco2_le_threshold,1000,9,historical_density_minus_random,mae,5.501102508212126,5.273021886570776,-0.22808062164135023
2014,spco2_le_threshold,1000,9,historical_density_minus_random,median_absolute_error,2.974321992626756,2.811288840734079,-0.1630331518926771
2014,spco2_le_threshold,1000,9,historical_density_minus_random,p95_absolute_error,22.27992458611817,22.023392512119507,-0.2565320739986632
2014,spco2_le_threshold,1000,9,historical_density_minus_random,p99_absolute_error,33.59898325413606,35.66783234327528,2.0688490891392206
2014,spco2_le_threshold,1000,10,spatial_coverage_minus_random,rmse,-6.079756428429828,-5.9935255377754295,0.0862308906543987
2014,spco2_le_threshold,1000,10,spatial_coverage_minus_random,mae,-1.2367513525103,-1.169336739643013,0.067414612867287
2014,spco2_le_threshold,1000,10,spatial_coverage_minus_random,median_absolute_error,0.4830321019956614,0.6186109702460953,0.13557886825043397
2014,spco2_le_threshold,1000,10,spatial_coverage_minus_random,p95_absolute_error,-5.585249233494068,-5.350877437887121,0.23437179560694688
2014,spco2_le_threshold,1000,10,spatial_coverage_minus_random,p99_absolute_error,-39.85878162237324,-40.67519378815669,-0.8164121657834471
2014,spco2_le_threshold,1000,10,historical_density_minus_random,rmse,-0.9512467289592088,-0.993908579751416,-0.04266185079220719
2014,spco2_le_threshold,1000,10,historical_density_minus_random,mae,1.482359395910553,1.5737013521549272,0.09134195624437424
2014,spco2_le_threshold,1000,10,historical_density_minus_random,median_absolute_error,2.2333147245315104,2.3886620454564422,0.15534732092493186
2014,spco2_le_threshold,1000,10,historical_density_minus_random,p95_absolute_error,3.5137601066055097,3.49565943418336,-0.018100672422149966
2014,spco2_le_threshold,1000,10,historical_density_minus_random,p99_absolute_error,-27.336033304949865,-28.07624753881069,-0.7402142338608257
2014,spco2_le_threshold,1000,11,spatial_coverage_minus_random,rmse,-0.0349680184190006,0.24604347798887,0.2810114964078706
2014,spco2_le_threshold,1000,11,spatial_coverage_minus_random,mae,0.5009916558508074,0.7739477949880786,0.27295613913727124
2014,spco2_le_threshold,1000,11,spatial_coverage_minus_random,median_absolute_error,0.5944641896747385,0.7546093509452021,0.16014516127046363
2014,spco2_le_threshold,1000,11,spatial_coverage_minus_random,p95_absolute_error,1.7504056270862094,2.132841599051688,0.3824359719654784
2014,spco2_le_threshold,1000,11,spatial_coverage_minus_random,p99_absolute_error,-7.042336195736965,-7.75439339228528,-0.7120571965483151
2014,spco2_le_threshold,1000,11,historical_density_minus_random,rmse,9.027342337266898,9.738176797527284,0.7108344602603864
2014,spco2_le_threshold,1000,11,historical_density_minus_random,mae,4.161045963672056,4.598286550039108,0.43724058636705276
2014,spco2_le_threshold,1000,11,historical_density_minus_random,median_absolute_error,1.5782284040630543,1.8172801260433005,0.23905172198024616
2014,spco2_le_threshold,1000,11,historical_density_minus_random,p95_absolute_error,19.148203457647924,21.437914961174705,2.2897115035267817
2014,spco2_le_threshold,1000,11,historical_density_minus_random,p99_absolute_error,53.30686377612375,52.25009134429887,-1.056772431824875
2014,spco2_le_threshold,1000,12,spatial_coverage_minus_random,rmse,-2.2514996664782814,-2.657073942359649,-0.40557427588136763
2014,spco2_le_threshold,1000,12,spatial_coverage_minus_random,mae,0.0234946362516801,-0.1528662176875261,-0.1763608539392062
2014,spco2_le_threshold,1000,12,spatial_coverage_minus_random,median_absolute_error,0.6968464027966945,0.6182138947317526,-0.07863250806494193
2014,spco2_le_threshold,1000,12,spatial_coverage_minus_random,p95_absolute_error,0.5366582941816986,-0.0815845686620093,-0.618242862843708
2014,spco2_le_threshold,1000,12,spatial_coverage_minus_random,p99_absolute_error,-13.707915024488813,-16.11338391255005,-2.405468888061236
2014,spco2_le_threshold,1000,12,historical_density_minus_random,rmse,10.875726395061127,10.799957590316566,-0.07576880474456082
2014,spco2_le_threshold,1000,12,historical_density_minus_random,mae,6.024353030169845,6.291211976158255,0.2668589459884103
2014,spco2_le_threshold,1000,12,historical_density_minus_random,median_absolute_error,2.7714725775957163,3.13611246733052,0.36463988973480355
2014,spco2_le_threshold,1000,12,historical_density_minus_random,p95_absolute_error,28.719807694967407,31.08858708847129,2.368779393503882
2014,spco2_le_threshold,1000,12,historical_density_minus_random,p99_absolute_error,69.84406856027533,64.5700504912882,-5.274018068987132
2014,spco2_le_threshold,1000,13,spatial_coverage_minus_random,rmse,-0.4424355522035448,-0.4522150478620048,-0.00977949565845998
2014,spco2_le_threshold,1000,13,spatial_coverage_minus_random,mae,0.4792809694943294,0.4037490656729794,-0.07553190382135
2014,spco2_le_threshold,1000,13,spatial_coverage_minus_random,median_absolute_error,0.7537196965138548,0.6792440851870083,-0.07447561132684655
2014,spco2_le_threshold,1000,13,spatial_coverage_minus_random,p95_absolute_error,0.5798108779354294,0.4072698939613914,-0.172540983974038
2014,spco2_le_threshold,1000,13,spatial_coverage_minus_random,p99_absolute_error,-2.251600444474008,-2.217406131620635,0.034194312853373265
2014,spco2_le_threshold,1000,13,historical_density_minus_random,rmse,6.015670932660633,6.413891565844914,0.39822063318428036
2014,spco2_le_threshold,1000,13,historical_density_minus_random,mae,4.54428639807046,4.7356823632205,0.19139596515003987
2014,spco2_le_threshold,1000,13,historical_density_minus_random,median_absolute_error,2.9440915718654708,2.998748546968841,0.05465697510337009
2014,spco2_le_threshold,1000,13,historical_density_minus_random,p95_absolute_error,17.410547535784417,18.40062568834413,0.9900781525597147
2014,spco2_le_threshold,1000,13,historical_density_minus_random,p99_absolute_error,22.44162694017901,24.701835093329564,2.260208153150554
2014,spco2_le_threshold,1000,14,spatial_coverage_minus_random,rmse,2.013580464167365,2.095200188593175,0.08161972442580989
2014,spco2_le_threshold,1000,14,spatial_coverage_minus_random,mae,1.2476133925033146,1.3164548671972316,0.06884147469391699
2014,spco2_le_threshold,1000,14,spatial_coverage_minus_random,median_absolute_error,0.7626099217644651,0.7517734232954183,-0.010836498469046774
2014,spco2_le_threshold,1000,14,spatial_coverage_minus_random,p95_absolute_error,4.075419056916381,4.013782515436191,-0.06163654148019049
2014,spco2_le_threshold,1000,14,spatial_coverage_minus_random,p99_absolute_error,14.166256733183303,12.974495843068183,-1.1917608901151198
2014,spco2_le_threshold,1000,14,historical_density_minus_random,rmse,9.607494011121194,10.73081449141657,1.1233204802953765
2014,spco2_le_threshold,1000,14,historical_density_minus_random,mae,5.677542979676156,6.080234695190894,0.40269171551473804
2014,spco2_le_threshold,1000,14,historical_density_minus_random,median_absolute_error,3.231434679021021,3.170497092025528,-0.060937586995492676
2014,spco2_le_threshold,1000,14,historical_density_minus_random,p95_absolute_error,19.66229798981483,22.31256333017074,2.650265340355908
2014,spco2_le_threshold,1000,14,historical_density_minus_random,p99_absolute_error,52.41108648881496,59.14561335450992,6.73452686569496
2014,spco2_le_threshold,1000,15,spatial_coverage_minus_random,rmse,-1.076210725655411,-0.8935317099395164,0.18267901571589462
2014,spco2_le_threshold,1000,15,spatial_coverage_minus_random,mae,-0.0659714302302436,0.0335248157974152,0.0994962460276588
2014,spco2_le_threshold,1000,15,spatial_coverage_minus_random,median_absolute_error,0.0134601388628539,0.1576732290887434,0.1442130902258895
2014,spco2_le_threshold,1000,15,spatial_coverage_minus_random,p95_absolute_error,0.8055310851597923,0.5516115607114003,-0.25391952444839205
2014,spco2_le_threshold,1000,15,spatial_coverage_minus_random,p99_absolute_error,-2.2444004318018216,-1.0456847243248149,1.1987157074770067
2014,spco2_le_threshold,1000,15,historical_density_minus_random,rmse,7.130787427526602,6.785704452164335,-0.34508297536226706
2014,spco2_le_threshold,1000,15,historical_density_minus_random,mae,4.903646587810696,4.653114790646656,-0.25053179716404017
2014,spco2_le_threshold,1000,15,historical_density_minus_random,median_absolute_error,2.6766569912265084,2.5641681940702767,-0.11248879715623161
2014,spco2_le_threshold,1000,15,historical_density_minus_random,p95_absolute_error,23.82524312130426,23.005465641077564,-0.8197774802266977
2014,spco2_le_threshold,1000,15,historical_density_minus_random,p99_absolute_error,16.519683095688734,13.930990130433727,-2.5886929652550066
2014,spco2_le_threshold,1000,16,spatial_coverage_minus_random,rmse,-0.4063946591048797,-0.6126011604951032,-0.20620650139022345
2014,spco2_le_threshold,1000,16,spatial_coverage_minus_random,mae,0.4140482033201067,0.1936872463674159,-0.2203609569526908
2014,spco2_le_threshold,1000,16,spatial_coverage_minus_random,median_absolute_error,0.5665639751366598,0.2661530435817383,-0.3004109315549215
2014,spco2_le_threshold,1000,16,spatial_coverage_minus_random,p95_absolute_error,1.3047142257720452,1.169813355384257,-0.1349008703877883
2014,spco2_le_threshold,1000,16,spatial_coverage_minus_random,p99_absolute_error,-1.6077359576141248,-2.6742671584367628,-1.066531200822638
2014,spco2_le_threshold,1000,16,historical_density_minus_random,rmse,9.711345682157614,9.281595870622652,-0.42974981153496117
2014,spco2_le_threshold,1000,16,historical_density_minus_random,mae,5.641064992140162,5.34374972311894,-0.2973152690212224
2014,spco2_le_threshold,1000,16,historical_density_minus_random,median_absolute_error,3.2356219712829386,3.006438996430745,-0.2291829748521934
2014,spco2_le_threshold,1000,16,historical_density_minus_random,p95_absolute_error,20.01668009121409,19.01221153167362,-1.00446855954047
2014,spco2_le_threshold,1000,16,historical_density_minus_random,p99_absolute_error,58.6198425990752,57.37977089260214,-1.24007170647306
2014,spco2_le_threshold,1000,17,spatial_coverage_minus_random,rmse,-0.618632941719742,-0.6136598392127297,0.004973102507012328
2014,spco2_le_threshold,1000,17,spatial_coverage_minus_random,mae,0.5091441583782839,0.4511354094538582,-0.058008748924425646
2014,spco2_le_threshold,1000,17,spatial_coverage_minus_random,median_absolute_error,0.8334310558664697,0.7227620215480499,-0.11066903431841979
2014,spco2_le_threshold,1000,17,spatial_coverage_minus_random,p95_absolute_error,1.7018013652410602,1.7611639860481247,0.05936262080706456
2014,spco2_le_threshold,1000,17,spatial_coverage_minus_random,p99_absolute_error,-3.394715999014096,-4.063173967006179,-0.668457967992083
2014,spco2_le_threshold,1000,17,historical_density_minus_random,rmse,12.15650834040311,12.291881317874369,0.13537297747125798
2014,spco2_le_threshold,1000,17,historical_density_minus_random,mae,6.089879395216327,5.9911602269156425,-0.0987191683006845
2014,spco2_le_threshold,1000,17,historical_density_minus_random,median_absolute_error,2.8438955186891235,2.637058805926216,-0.20683671276290738
2014,spco2_le_threshold,1000,17,historical_density_minus_random,p95_absolute_error,24.736870060020777,25.78042840614396,1.0435583461231843
2014,spco2_le_threshold,1000,17,historical_density_minus_random,p99_absolute_error,69.51249566779954,66.91030885469407,-2.602186813105476
2014,spco2_le_threshold,1000,18,spatial_coverage_minus_random,rmse,-3.745412546824138,-3.9059874181204464,-0.16057487129630843
2014,spco2_le_threshold,1000,18,spatial_coverage_minus_random,mae,-0.8217980278340402,-0.9701227947755982,-0.14832476694155794
2014,spco2_le_threshold,1000,18,spatial_coverage_minus_random,median_absolute_error,0.0683811789304797,-0.0265142788827574,-0.09489545781323709
2014,spco2_le_threshold,1000,18,spatial_coverage_minus_random,p95_absolute_error,-1.9698385247478212,-2.7711807004861058,-0.8013421757382846
2014,spco2_le_threshold,1000,18,spatial_coverage_minus_random,p99_absolute_error,-14.32093902416078,-15.97284996068946,-1.6519109365286813
2014,spco2_le_threshold,1000,18,historical_density_minus_random,rmse,4.912299401773399,3.989802603704053,-0.9224967980693464
2014,spco2_le_threshold,1000,18,historical_density_minus_random,mae,3.47596751965158,2.9417018797158363,-0.5342656399357435
2014,spco2_le_threshold,1000,18,historical_density_minus_random,median_absolute_error,2.158436589929181,2.0257935047966957,-0.13264308513248535
2014,spco2_le_threshold,1000,18,historical_density_minus_random,p95_absolute_error,16.552510898367643,12.931673089445056,-3.6208378089225874
2014,spco2_le_threshold,1000,18,historical_density_minus_random,p99_absolute_error,19.37224085228,16.51029092255311,-2.86194992972689
2014,spco2_le_threshold,1000,19,spatial_coverage_minus_random,rmse,0.1891993347554574,0.4768952678011189,0.28769593304566154
2014,spco2_le_threshold,1000,19,spatial_coverage_minus_random,mae,0.8205552439391113,0.830634830449986,0.010079586510874705
2014,spco2_le_threshold,1000,19,spatial_coverage_minus_random,median_absolute_error,0.8586798620093248,0.7255144338265325,-0.1331654281827923
2014,spco2_le_threshold,1000,19,spatial_coverage_minus_random,p95_absolute_error,2.7372389995599065,3.602988974509273,0.8657499749493667
2014,spco2_le_threshold,1000,19,spatial_coverage_minus_random,p99_absolute_error,2.346327118147258,4.09277364109775,1.7464465229504924
2014,spco2_le_threshold,1000,19,historical_density_minus_random,rmse,8.077275466501266,7.735291858277147,-0.341983608224119
2014,spco2_le_threshold,1000,19,historical_density_minus_random,mae,5.098678475987335,4.793621768288409,-0.30505670769892657
2014,spco2_le_threshold,1000,19,historical_density_minus_random,median_absolute_error,2.912403319523236,2.6689990178932703,-0.24340430162996585
2014,spco2_le_threshold,1000,19,historical_density_minus_random,p95_absolute_error,21.71915630492935,20.02310849112288,-1.6960478138064694
2014,spco2_le_threshold,1000,19,historical_density_minus_random,p99_absolute_error,42.80064294194635,40.76020971668376,-2.040433225262589
2014,spco2_le_threshold,2500,0,spatial_coverage_minus_random,rmse,-2.559973089653159,-2.7530309903186776,-0.19305790066551864
2014,spco2_le_threshold,2500,0,spatial_coverage_minus_random,mae,-0.3894525978297469,-0.5394075401034772,-0.14995494227373035
2014,spco2_le_threshold,2500,0,spatial_coverage_minus_random,median_absolute_error,0.4638217403353621,0.3637058615894375,-0.10011587874592459
2014,spco2_le_threshold,2500,0,spatial_coverage_minus_random,p95_absolute_error,-2.750842717286261,-3.1765935267615006,-0.4257508094752396
2014,spco2_le_threshold,2500,0,spatial_coverage_minus_random,p99_absolute_error,-16.197310097521253,-16.922620164511954,-0.7253100669907013
2014,spco2_le_threshold,2500,0,historical_density_minus_random,rmse,11.874125817518522,11.011569626223949,-0.8625561912945727
2014,spco2_le_threshold,2500,0,historical_density_minus_random,mae,5.621335075933647,5.408988173359663,-0.2123469025739837
2014,spco2_le_threshold,2500,0,historical_density_minus_random,median_absolute_error,1.9029041982106487,2.036453249634178,0.13354905142352935
2014,spco2_le_threshold,2500,0,historical_density_minus_random,p95_absolute_error,35.10454229309831,33.00732740991894,-2.097214883179369
2014,spco2_le_threshold,2500,0,historical_density_minus_random,p99_absolute_error,61.25806545002551,55.47714049881017,-5.78092495121534
2014,spco2_le_threshold,2500,1,spatial_coverage_minus_random,rmse,1.0619477386529148,1.142436414500871,0.08048867584795616
2014,spco2_le_threshold,2500,1,spatial_coverage_minus_random,mae,0.7033557689645171,0.7161253609504978,0.01276959198598071
2014,spco2_le_threshold,2500,1,spatial_coverage_minus_random,median_absolute_error,0.6891138460727007,0.717068332180844,0.027954486108143328
2014,spco2_le_threshold,2500,1,spatial_coverage_minus_random,p95_absolute_error,1.3554948713646766,1.5202314222075015,0.1647365508428249
2014,spco2_le_threshold,2500,1,spatial_coverage_minus_random,p99_absolute_error,-1.2939265378041966,-0.3936364368634741,0.9002901009407225
2014,spco2_le_threshold,2500,1,historical_density_minus_random,rmse,10.55257154795827,11.444055843672295,0.8914842957140259
2014,spco2_le_threshold,2500,1,historical_density_minus_random,mae,6.200773924501785,6.488765060447166,0.28799113594538106
2014,spco2_le_threshold,2500,1,historical_density_minus_random,median_absolute_error,3.126102663770609,2.9661870583045697,-0.15991560546603933
2014,spco2_le_threshold,2500,1,historical_density_minus_random,p95_absolute_error,28.10366808546587,30.913056970951292,2.809388885485422
2014,spco2_le_threshold,2500,1,historical_density_minus_random,p99_absolute_error,42.49882661316012,48.76611574224685,6.267289129086734
2014,spco2_le_threshold,2500,2,spatial_coverage_minus_random,rmse,-0.092693457103401,-0.3690464848179253,-0.2763530277145243
2014,spco2_le_threshold,2500,2,spatial_coverage_minus_random,mae,1.1330471658418126,0.9758232839665588,-0.15722388187525382
2014,spco2_le_threshold,2500,2,spatial_coverage_minus_random,median_absolute_error,1.085076844158067,1.0360295805643889,-0.04904726359367806
2014,spco2_le_threshold,2500,2,spatial_coverage_minus_random,p95_absolute_error,4.20772129300547,3.691854425405211,-0.5158668676002591
2014,spco2_le_threshold,2500,2,spatial_coverage_minus_random,p99_absolute_error,-2.762221725251649,-3.566374543058785,-0.804152817807136
2014,spco2_le_threshold,2500,2,historical_density_minus_random,rmse,9.734090196162228,9.25525429913381,-0.4788358970284179
2014,spco2_le_threshold,2500,2,historical_density_minus_random,mae,5.244600546420427,5.228989397667904,-0.015611148752523007
2014,spco2_le_threshold,2500,2,historical_density_minus_random,median_absolute_error,2.3347494556133768,2.4919943539199494,0.15724489830657262
2014,spco2_le_threshold,2500,2,historical_density_minus_random,p95_absolute_error,28.01866769511004,26.370530548076687,-1.6481371470333528
2014,spco2_le_threshold,2500,2,historical_density_minus_random,p99_absolute_error,31.38992704428537,27.52472593102713,-3.8652011132582373
2014,spco2_le_threshold,2500,3,spatial_coverage_minus_random,rmse,-0.7645213894311489,-1.0219784699781336,-0.2574570805469847
2014,spco2_le_threshold,2500,3,spatial_coverage_minus_random,mae,0.4029959078981058,0.2381388432056344,-0.1648570646924714
2014,spco2_le_threshold,2500,3,spatial_coverage_minus_random,median_absolute_error,0.726783328287695,0.6641745006587314,-0.06260882762896358
2014,spco2_le_threshold,2500,3,spatial_coverage_minus_random,p95_absolute_error,0.6678126502666046,-0.0301992682589968,-0.6980119185256014
2014,spco2_le_threshold,2500,3,spatial_coverage_minus_random,p99_absolute_error,-7.029251604638176,-6.99668294676934,0.032568657868836226
2014,spco2_le_threshold,2500,3,historical_density_minus_random,rmse,18.196536915211237,17.510618517830345,-0.6859183973808918
2014,spco2_le_threshold,2500,3,historical_density_minus_random,mae,7.978453054911858,7.659664281878239,-0.31878877303361897
2014,spco2_le_threshold,2500,3,historical_density_minus_random,median_absolute_error,2.5155745329387003,2.401956089730305,-0.11361844320839509
2014,spco2_le_threshold,2500,3,historical_density_minus_random,p95_absolute_error,41.527720262879306,39.74978232122853,-1.7779379416507766
2014,spco2_le_threshold,2500,3,historical_density_minus_random,p99_absolute_error,108.91233637773044,106.36294639834014,-2.5493899793902983
2014,spco2_le_threshold,2500,4,spatial_coverage_minus_random,rmse,0.7688939349190917,0.9147279090407991,0.1458339741217074
2014,spco2_le_threshold,2500,4,spatial_coverage_minus_random,mae,0.3817824543832397,0.429242557772211,0.047460103388971275
2014,spco2_le_threshold,2500,4,spatial_coverage_minus_random,median_absolute_error,0.3115813533412108,0.3170968092712485,0.005515455930037716
2014,spco2_le_threshold,2500,4,spatial_coverage_minus_random,p95_absolute_error,1.3503754435769366,1.5506229167743868,0.20024747319745018
2014,spco2_le_threshold,2500,4,spatial_coverage_minus_random,p99_absolute_error,-6.80731818529992,-5.875032439433113,0.9322857458668068
2014,spco2_le_threshold,2500,4,historical_density_minus_random,rmse,13.803876979304745,14.757076267141738,0.953199287836993
2014,spco2_le_threshold,2500,4,historical_density_minus_random,mae,6.855447632286502,7.19633625472868,0.3408886224421783
2014,spco2_le_threshold,2500,4,historical_density_minus_random,median_absolute_error,2.8805183004076014,2.8988933267983725,0.018375026390771154
2014,spco2_le_threshold,2500,4,historical_density_minus_random,p95_absolute_error,26.13610845538985,29.30168131550524,3.1655728601153896
2014,spco2_le_threshold,2500,4,historical_density_minus_random,p99_absolute_error,88.23162010970002,93.6065012827358,5.374881173035789
2014,spco2_le_threshold,2500,5,spatial_coverage_minus_random,rmse,-0.9814405684894928,-1.1457780673492586,-0.16433749885976578
2014,spco2_le_threshold,2500,5,spatial_coverage_minus_random,mae,-0.12315959781405,-0.2705279306681873,-0.1473683328541373
2014,spco2_le_threshold,2500,5,spatial_coverage_minus_random,median_absolute_error,0.2077843486393931,-0.0027372064891721,-0.2105215551285652
2014,spco2_le_threshold,2500,5,spatial_coverage_minus_random,p95_absolute_error,-0.8879113040025928,-0.950361417101611,-0.06245011309901827
2014,spco2_le_threshold,2500,5,spatial_coverage_minus_random,p99_absolute_error,-3.734859713079686,-3.7892962932365455,-0.05443658015685937
2014,spco2_le_threshold,2500,5,historical_density_minus_random,rmse,10.159664918088747,10.180073425828336,0.0204085077395888
2014,spco2_le_threshold,2500,5,historical_density_minus_random,mae,5.366291991321084,5.34402209054009,-0.022269900780994334
2014,spco2_le_threshold,2500,5,historical_density_minus_random,median_absolute_error,2.4404097002921503,2.316205468946293,-0.12420423134585734
2014,spco2_le_threshold,2500,5,historical_density_minus_random,p95_absolute_error,25.2269479880489,26.719445706124997,1.4924977180760983
2014,spco2_le_threshold,2500,5,historical_density_minus_random,p99_absolute_error,44.935848113470826,45.11161696719444,0.17576885372361772
2014,spco2_le_threshold,2500,6,spatial_coverage_minus_random,rmse,0.4859227299471342,0.5085018435733062,0.022579113626171987
2014,spco2_le_threshold,2500,6,spatial_coverage_minus_random,mae,1.1038428601742964,0.9978958239263562,-0.10594703624794022
2014,spco2_le_threshold,2500,6,spatial_coverage_minus_random,median_absolute_error,0.945014295228532,0.8477952786930985,-0.09721901653543352
2014,spco2_le_threshold,2500,6,spatial_coverage_minus_random,p95_absolute_error,3.422142920195512,3.109783507044497,-0.312359413151015
2014,spco2_le_threshold,2500,6,spatial_coverage_minus_random,p99_absolute_error,3.749529219601413,4.140378202251711,0.39084898265029766
2014,spco2_le_threshold,2500,6,historical_density_minus_random,rmse,12.745259069586233,11.427569267659774,-1.3176898019264591
2014,spco2_le_threshold,2500,6,historical_density_minus_random,mae,5.917477895917415,5.388330533863204,-0.5291473620542106
2014,spco2_le_threshold,2500,6,historical_density_minus_random,median_absolute_error,2.303478223842859,2.125369890466004,-0.17810833337685494
2014,spco2_le_threshold,2500,6,historical_density_minus_random,p95_absolute_error,27.0132867175817,24.200255022944205,-2.8130316946374947
2014,spco2_le_threshold,2500,6,historical_density_minus_random,p99_absolute_error,79.34114943442637,73.45789029752346,-5.8832591369029075
2014,spco2_le_threshold,2500,7,spatial_coverage_minus_random,rmse,-1.0609623731198354,-0.8672938145719797,0.1936685585478557
2014,spco2_le_threshold,2500,7,spatial_coverage_minus_random,mae,0.3046429754798492,0.4348111209533218,0.1301681454734726
2014,spco2_le_threshold,2500,7,spatial_coverage_minus_random,median_absolute_error,0.5459356834847142,0.6742252943410278,0.12828961085631363
2014,spco2_le_threshold,2500,7,spatial_coverage_minus_random,p95_absolute_error,0.7011220923371582,0.8020328741200302,0.10091078178287205
2014,spco2_le_threshold,2500,7,spatial_coverage_minus_random,p99_absolute_error,-7.2293751852323425,-7.034965462588346,0.19440972264399647
2014,spco2_le_threshold,2500,7,historical_density_minus_random,rmse,11.059371493323358,10.492007791951856,-0.5673637013715016
2014,spco2_le_threshold,2500,7,historical_density_minus_random,mae,6.422916866638706,6.248356929749095,-0.17455993688961158
2014,spco2_le_threshold,2500,7,historical_density_minus_random,median_absolute_error,2.65264808217745,2.907499204660581,0.25485112248313113
2014,spco2_le_threshold,2500,7,historical_density_minus_random,p95_absolute_error,33.02091071068644,29.65246061664953,-3.3684500940369055
2014,spco2_le_threshold,2500,7,historical_density_minus_random,p99_absolute_error,40.4633996786243,35.889323793841285,-4.574075884783014
2014,spco2_le_threshold,2500,8,spatial_coverage_minus_random,rmse,1.745218940565337,1.4252593415578438,-0.31995959900749327
2014,spco2_le_threshold,2500,8,spatial_coverage_minus_random,mae,0.6620652370043807,0.4607427202946663,-0.2013225167097144
2014,spco2_le_threshold,2500,8,spatial_coverage_minus_random,median_absolute_error,0.6841575050331414,0.5551644497982693,-0.12899305523487214
2014,spco2_le_threshold,2500,8,spatial_coverage_minus_random,p95_absolute_error,0.2083881143301909,-0.1615063835013828,-0.3698944978315737
2014,spco2_le_threshold,2500,8,spatial_coverage_minus_random,p99_absolute_error,3.079375823738502,0.186018538349785,-2.893357285388717
2014,spco2_le_threshold,2500,8,historical_density_minus_random,rmse,10.553956043919255,10.319758840924017,-0.23419720299523838
2014,spco2_le_threshold,2500,8,historical_density_minus_random,mae,5.739085949265284,5.428935849577464,-0.3101500996878208
2014,spco2_le_threshold,2500,8,historical_density_minus_random,median_absolute_error,2.634591994366019,2.407685702645552,-0.2269062917204674
2014,spco2_le_threshold,2500,8,historical_density_minus_random,p95_absolute_error,24.42138316320408,22.248857056256117,-2.172526106947963
2014,spco2_le_threshold,2500,8,historical_density_minus_random,p99_absolute_error,66.05134024990383,67.42676981154318,1.3754295616393506
2014,spco2_le_threshold,2500,9,spatial_coverage_minus_random,rmse,-1.8808034887827567,-1.8879073813009484,-0.007103892518191657
2014,spco2_le_threshold,2500,9,spatial_coverage_minus_random,mae,-0.0697357627387127,-0.1222957938647937,-0.052560031126081
2014,spco2_le_threshold,2500,9,spatial_coverage_minus_random,median_absolute_error,0.4434375258595366,0.409148318488036,-0.034289207371500596
2014,spco2_le_threshold,2500,9,spatial_coverage_minus_random,p95_absolute_error,-0.4188087316023896,-0.7306865850100266,-0.311877853407637
2014,spco2_le_threshold,2500,9,spatial_coverage_minus_random,p99_absolute_error,-9.619805601865025,-10.751689038652948,-1.1318834367879234
2014,spco2_le_threshold,2500,9,historical_density_minus_random,rmse,11.545462513822404,11.434371743179865,-0.11109077064253903
2014,spco2_le_threshold,2500,9,historical_density_minus_random,mae,6.188108994060801,5.956324543488714,-0.2317844505720874
2014,spco2_le_threshold,2500,9,historical_density_minus_random,median_absolute_error,2.8116149303454563,2.4418019811461136,-0.3698129491993427
2014,spco2_le_threshold,2500,9,historical_density_minus_random,p95_absolute_error,30.28477463300667,30.83191267886611,0.547138045859441
2014,spco2_le_threshold,2500,9,historical_density_minus_random,p99_absolute_error,58.650503830472246,56.972752611787726,-1.67775121868452
2014,spco2_le_threshold,2500,10,spatial_coverage_minus_random,rmse,-5.460007499537181,-5.290376120423613,0.16963137911356796
2014,spco2_le_threshold,2500,10,spatial_coverage_minus_random,mae,-0.7489276929885094,-0.7994876279815681,-0.050559934993058775
2014,spco2_le_threshold,2500,10,spatial_coverage_minus_random,median_absolute_error,0.3333739400583511,0.2443852370836055,-0.08898870297474559
2014,spco2_le_threshold,2500,10,spatial_coverage_minus_random,p95_absolute_error,-1.2053815886950332,-1.3286492143426116,-0.12326762564757843
2014,spco2_le_threshold,2500,10,spatial_coverage_minus_random,p99_absolute_error,-19.47874803733111,-20.106184923367078,-0.6274368860359694
2014,spco2_le_threshold,2500,10,historical_density_minus_random,rmse,4.835773568786582,4.730444636513191,-0.10532893227339102
2014,spco2_le_threshold,2500,10,historical_density_minus_random,mae,4.007957882640275,3.8632358075056894,-0.14472207513458546
2014,spco2_le_threshold,2500,10,historical_density_minus_random,median_absolute_error,2.449678842530318,2.2841537540619186,-0.16552508846839942
2014,spco2_le_threshold,2500,10,historical_density_minus_random,p95_absolute_error,17.450951942916873,16.961602671912644,-0.48934927100422954
2014,spco2_le_threshold,2500,10,historical_density_minus_random,p99_absolute_error,23.068329958604124,19.15189539403832,-3.9164345645658045
2014,spco2_le_threshold,2500,11,spatial_coverage_minus_random,rmse,-2.982389910809374,-3.022108457231198,-0.03971854642182393
2014,spco2_le_threshold,2500,11,spatial_coverage_minus_random,mae,-0.374500699047207,-0.2304360320067573,0.1440646670404497
2014,spco2_le_threshold,2500,11,spatial_coverage_minus_random,median_absolute_error,0.3909200674969781,0.58089985707457,0.18997978957759193
2014,spco2_le_threshold,2500,11,spatial_coverage_minus_random,p95_absolute_error,-1.8029959660648416,-1.5289043159599132,0.2740916501049284
2014,spco2_le_threshold,2500,11,spatial_coverage_minus_random,p99_absolute_error,-19.434080406015667,-19.655413154155355,-0.2213327481396874
2014,spco2_le_threshold,2500,11,historical_density_minus_random,rmse,7.000985194511593,7.455063781137859,0.45407858662626666
2014,spco2_le_threshold,2500,11,historical_density_minus_random,mae,3.9656168790479054,4.3395621543875365,0.37394527533963107
2014,spco2_le_threshold,2500,11,historical_density_minus_random,median_absolute_error,1.842087702892627,2.13370886558738,0.2916211626947529
2014,spco2_le_threshold,2500,11,historical_density_minus_random,p95_absolute_error,17.318667332449024,18.955400593315662,1.636733260866638
2014,spco2_le_threshold,2500,11,historical_density_minus_random,p99_absolute_error,42.01157012440567,43.33613023814647,1.3245601137407945
2014,spco2_le_threshold,2500,12,spatial_coverage_minus_random,rmse,0.6735287094016158,0.4498323763355003,-0.22369633306611553
2014,spco2_le_threshold,2500,12,spatial_coverage_minus_random,mae,0.981351128165521,0.8263626184466855,-0.1549885097188355
2014,spco2_le_threshold,2500,12,spatial_coverage_minus_random,median_absolute_error,0.7631171270610935,0.6179514897609124,-0.14516563730018106
2014,spco2_le_threshold,2500,12,spatial_coverage_minus_random,p95_absolute_error,3.247385847761976,2.6865462988605984,-0.5608395489013778
2014,spco2_le_threshold,2500,12,spatial_coverage_minus_random,p99_absolute_error,0.9495618191278226,0.4635096153421045,-0.48605220378571806
2014,spco2_le_threshold,2500,12,historical_density_minus_random,rmse,12.171764952218163,12.755888443095683,0.5841234908775199
2014,spco2_le_threshold,2500,12,historical_density_minus_random,mae,5.808595610893461,5.970811339874642,0.16221572898118097
2014,spco2_le_threshold,2500,12,historical_density_minus_random,median_absolute_error,2.234203830531669,2.214369382654354,-0.019834447877315142
2014,spco2_le_threshold,2500,12,historical_density_minus_random,p95_absolute_error,27.533622198651003,27.100642678985388,-0.432979519665615
2014,spco2_le_threshold,2500,12,historical_density_minus_random,p99_absolute_error,58.08890174161799,64.16537928841491,6.076477546796923
2014,spco2_le_threshold,2500,13,spatial_coverage_minus_random,rmse,0.8280535405799263,0.8814306016334292,0.05337706105350293
2014,spco2_le_threshold,2500,13,spatial_coverage_minus_random,mae,1.1888124445129549,1.236720507665842,0.047908063152887204
2014,spco2_le_threshold,2500,13,spatial_coverage_minus_random,median_absolute_error,1.057692302266361,1.0914467614090029,0.03375445914264197
2014,spco2_le_threshold,2500,13,spatial_coverage_minus_random,p95_absolute_error,2.6194080025096014,3.061613204378382,0.44220520186878076
2014,spco2_le_threshold,2500,13,spatial_coverage_minus_random,p99_absolute_error,2.185550928809505,2.245957525855445,0.0604065970459402
2014,spco2_le_threshold,2500,13,historical_density_minus_random,rmse,12.26775700255534,12.376155872222627,0.10839886966728685
2014,spco2_le_threshold,2500,13,historical_density_minus_random,mae,6.294560782279365,6.344564385931578,0.0500036036522129
2014,spco2_le_threshold,2500,13,historical_density_minus_random,median_absolute_error,2.689757925853314,2.701296402135057,0.01153847628174276
2014,spco2_le_threshold,2500,13,historical_density_minus_random,p95_absolute_error,26.73995479544788,27.767064701789444,1.0271099063415647
2014,spco2_le_threshold,2500,13,historical_density_minus_random,p99_absolute_error,83.83395527725389,78.79417346117772,-5.039781816076172
2014,spco2_le_threshold,2500,14,spatial_coverage_minus_random,rmse,0.7939743065654383,0.579365659941395,-0.21460864662404333
2014,spco2_le_threshold,2500,14,spatial_coverage_minus_random,mae,0.718282892950203,0.6187100957290141,-0.09957279722118884
2014,spco2_le_threshold,2500,14,spatial_coverage_minus_random,median_absolute_error,0.5383912815862004,0.4714216628312897,-0.0669696187549107
2014,spco2_le_threshold,2500,14,spatial_coverage_minus_random,p95_absolute_error,2.584413974503356,2.192001078249355,-0.392412896254001
2014,spco2_le_threshold,2500,14,spatial_coverage_minus_random,p99_absolute_error,-0.9198342836432118,-1.8479829693465888,-0.9281486857033769
2014,spco2_le_threshold,2500,14,historical_density_minus_random,rmse,12.894110923064924,13.06798231604746,0.1738713929825373
2014,spco2_le_threshold,2500,14,historical_density_minus_random,mae,6.643045685693723,6.667105833996144,0.024060148302421425
2014,spco2_le_threshold,2500,14,historical_density_minus_random,median_absolute_error,2.8832735965974905,2.9539096393912985,0.07063604279380797
2014,spco2_le_threshold,2500,14,historical_density_minus_random,p95_absolute_error,26.742433519577588,26.12457586379894,-0.6178576557786499
2014,spco2_le_threshold,2500,14,historical_density_minus_random,p99_absolute_error,79.46963612537996,79.54876497819554,0.0791288528155718
2014,spco2_le_threshold,2500,15,spatial_coverage_minus_random,rmse,-0.7563811659902306,-0.97070780834715,-0.21432664235691934
2014,spco2_le_threshold,2500,15,spatial_coverage_minus_random,mae,0.2261756245117716,0.0026629126695176,-0.223512711842254
2014,spco2_le_threshold,2500,15,spatial_coverage_minus_random,median_absolute_error,0.4383783093182956,0.2050960437816229,-0.23328226553667267
2014,spco2_le_threshold,2500,15,spatial_coverage_minus_random,p95_absolute_error,-0.3168830932459485,-0.7481758557491318,-0.4312927625031833
2014,spco2_le_threshold,2500,15,spatial_coverage_minus_random,p99_absolute_error,0.8389586350569402,-0.4535797623793201,-1.2925383974362603
2014,spco2_le_threshold,2500,15,historical_density_minus_random,rmse,13.37998884370553,14.882104538306097,1.5021156946005672
2014,spco2_le_threshold,2500,15,historical_density_minus_random,mae,6.6393276715372345,7.102839688492612,0.46351201695537725
2014,spco2_le_threshold,2500,15,historical_density_minus_random,median_absolute_error,2.640811176679477,2.448918567407503,-0.19189260927197394
2014,spco2_le_threshold,2500,15,historical_density_minus_random,p95_absolute_error,34.63348645180423,40.75505431212253,6.121567860318301
2014,spco2_le_threshold,2500,15,historical_density_minus_random,p99_absolute_error,61.07605982437559,69.7762558210485,8.700195996672903
2014,spco2_le_threshold,2500,16,spatial_coverage_minus_random,rmse,-2.829084181859475,-3.4473649364597776,-0.6182807546003026
2014,spco2_le_threshold,2500,16,spatial_coverage_minus_random,mae,-0.4559540472606169,-0.6787112210196877,-0.22275717375907084
2014,spco2_le_threshold,2500,16,spatial_coverage_minus_random,median_absolute_error,0.0830707100856216,0.076172717526731,-0.006897992558890592
2014,spco2_le_threshold,2500,16,spatial_coverage_minus_random,p95_absolute_error,-0.8427054477921772,-1.7703649397134598,-0.9276594919212826
2014,spco2_le_threshold,2500,16,spatial_coverage_minus_random,p99_absolute_error,-13.286970409549014,-18.64856612900577,-5.361595719456755
2014,spco2_le_threshold,2500,16,historical_density_minus_random,rmse,7.954302645508342,7.522743925441791,-0.43155872006655116
2014,spco2_le_threshold,2500,16,historical_density_minus_random,mae,4.400113437872431,4.235717960099706,-0.16439547777272523
2014,spco2_le_threshold,2500,16,historical_density_minus_random,median_absolute_error,2.0106465727541263,1.924926966472384,-0.08571960628174224
2014,spco2_le_threshold,2500,16,historical_density_minus_random,p95_absolute_error,20.580295061375075,20.152828699824543,-0.4274663615505325
2014,spco2_le_threshold,2500,16,historical_density_minus_random,p99_absolute_error,47.62061343045049,44.8154864785938,-2.8051269518566926
2014,spco2_le_threshold,2500,17,spatial_coverage_minus_random,rmse,-0.7342826320405145,-0.6055172901059862,0.12876534193452827
2014,spco2_le_threshold,2500,17,spatial_coverage_minus_random,mae,0.7102460653348821,0.7229128677651762,0.012666802430294055
2014,spco2_le_threshold,2500,17,spatial_coverage_minus_random,median_absolute_error,1.008466966747676,0.9454121435597926,-0.06305482318788336
2014,spco2_le_threshold,2500,17,spatial_coverage_minus_random,p95_absolute_error,1.9765832572108903,1.9533232698487384,-0.023259987362151957
2014,spco2_le_threshold,2500,17,spatial_coverage_minus_random,p99_absolute_error,-6.365995877510386,-5.200194916720747,1.165800960789639
2014,spco2_le_threshold,2500,17,historical_density_minus_random,rmse,11.45108396135495,11.819531118249046,0.3684471568940957
2014,spco2_le_threshold,2500,17,historical_density_minus_random,mae,6.029354157588927,6.115622475347573,0.08626831775864563
2014,spco2_le_threshold,2500,17,historical_density_minus_random,median_absolute_error,2.5222383708538985,2.422522010285917,-0.09971636056798161
2014,spco2_le_threshold,2500,17,historical_density_minus_random,p95_absolute_error,31.329131546793462,31.956869667479623,0.6277381206861605
2014,spco2_le_threshold,2500,17,historical_density_minus_random,p99_absolute_error,50.76418104060569,53.323124940979085,2.558943900373393
2014,spco2_le_threshold,2500,18,spatial_coverage_minus_random,rmse,-1.3373491652977485,-1.1729858711691286,0.16436329412861994
2014,spco2_le_threshold,2500,18,spatial_coverage_minus_random,mae,-0.0694461950266376,0.036744295475934,0.1061904905025716
2014,spco2_le_threshold,2500,18,spatial_coverage_minus_random,median_absolute_error,0.3371342145042035,0.4334605042817543,0.09632628977755081
2014,spco2_le_threshold,2500,18,spatial_coverage_minus_random,p95_absolute_error,-0.8111374433900735,-0.7448590318765795,0.066278411513494
2014,spco2_le_threshold,2500,18,spatial_coverage_minus_random,p99_absolute_error,-10.818284070866753,-9.10182657521949,1.716457495647262
2014,spco2_le_threshold,2500,18,historical_density_minus_random,rmse,11.377043214339547,10.971628811508168,-0.4054144028313793
2014,spco2_le_threshold,2500,18,historical_density_minus_random,mae,5.442087747638343,5.499511555653427,0.05742380801508418
2014,spco2_le_threshold,2500,18,historical_density_minus_random,median_absolute_error,2.018829274033834,2.162320529935528,0.1434912559016941
2014,spco2_le_threshold,2500,18,historical_density_minus_random,p95_absolute_error,29.31569575567941,28.040128624043795,-1.275567131635615
2014,spco2_le_threshold,2500,18,historical_density_minus_random,p99_absolute_error,47.97882870253915,43.67258031494276,-4.3062483875963835
2014,spco2_le_threshold,2500,19,spatial_coverage_minus_random,rmse,1.118480112782397,1.2469186253005589,0.12843851251816196
2014,spco2_le_threshold,2500,19,spatial_coverage_minus_random,mae,0.7351782978260584,0.75538583875624,0.020207540930181622
2014,spco2_le_threshold,2500,19,spatial_coverage_minus_random,median_absolute_error,0.8669162445091843,0.8442084920756656,-0.022707752433518635
2014,spco2_le_threshold,2500,19,spatial_coverage_minus_random,p95_absolute_error,0.1683111786491835,-0.0387712559766413,-0.2070824346258248
2014,spco2_le_threshold,2500,19,spatial_coverage_minus_random,p99_absolute_error,-3.1837304027943105,-2.925583253834546,0.25814714895976465
2014,spco2_le_threshold,2500,19,historical_density_minus_random,rmse,13.345709816239584,13.366714801700322,0.021004985460738368
2014,spco2_le_threshold,2500,19,historical_density_minus_random,mae,6.32130060797174,6.394606924803529,0.0733063168317889
2014,spco2_le_threshold,2500,19,historical_density_minus_random,median_absolute_error,2.5104826673709795,2.547395961960888,0.03691329458990866
2014,spco2_le_threshold,2500,19,historical_density_minus_random,p95_absolute_error,27.561182372937985,27.24537170563739,-0.31581066730059604
2014,spco2_le_threshold,2500,19,historical_density_minus_random,p99_absolute_error,80.7092508164214,81.33027289247644,0.6210220760550413
2014,spco2_le_threshold,5000,0,spatial_coverage_minus_random,rmse,-2.7492771604634854,-2.315988125433254,0.4332890350302314
2014,spco2_le_threshold,5000,0,spatial_coverage_minus_random,mae,-0.5710226694682206,-0.4160070393674377,0.15501563010078284
2014,spco2_le_threshold,5000,0,spatial_coverage_minus_random,median_absolute_error,0.1785088013390634,0.2604138678661911,0.08190506652712767
2014,spco2_le_threshold,5000,0,spatial_coverage_minus_random,p95_absolute_error,-2.457265022500426,-1.815105075637483,0.6421599468629431
2014,spco2_le_threshold,5000,0,spatial_coverage_minus_random,p99_absolute_error,-13.443273954696828,-13.699706093435672,-0.25643213873884463
2014,spco2_le_threshold,5000,0,historical_density_minus_random,rmse,9.213422278035695,9.85775249839422,0.6443302203585244
2014,spco2_le_threshold,5000,0,historical_density_minus_random,mae,4.225596198099936,4.351508386861964,0.1259121887620278
2014,spco2_le_threshold,5000,0,historical_density_minus_random,median_absolute_error,1.3922035013239906,1.3907141134759229,-0.0014893878480677358
2014,spco2_le_threshold,5000,0,historical_density_minus_random,p95_absolute_error,21.610325954452428,21.819079220866207,0.20875326641377967
2014,spco2_le_threshold,5000,0,historical_density_minus_random,p99_absolute_error,52.29194790908214,56.24658677713987,3.954638868057728
2014,spco2_le_threshold,5000,1,spatial_coverage_minus_random,rmse,1.697225388094349,1.4276418342875772,-0.2695835538067719
2014,spco2_le_threshold,5000,1,spatial_coverage_minus_random,mae,1.084580095789624,0.846532804727115,-0.2380472910625091
2014,spco2_le_threshold,5000,1,spatial_coverage_minus_random,median_absolute_error,0.8028250199117224,0.6226901698910581,-0.18013485002066432
2014,spco2_le_threshold,5000,1,spatial_coverage_minus_random,p95_absolute_error,2.961194883150977,1.888991639275272,-1.0722032438757052
2014,spco2_le_threshold,5000,1,spatial_coverage_minus_random,p99_absolute_error,3.531682836351635,2.811043984360886,-0.7206388519907492
2014,spco2_le_threshold,5000,1,historical_density_minus_random,rmse,11.85771767993003,12.49846105364097,0.64074337371094
2014,spco2_le_threshold,5000,1,historical_density_minus_random,mae,5.91355753397988,5.996281177766514,0.08272364378663433
2014,spco2_le_threshold,5000,1,historical_density_minus_random,median_absolute_error,2.166374392824281,2.024515788678912,-0.14185860414536888
2014,spco2_le_threshold,5000,1,historical_density_minus_random,p95_absolute_error,26.33604772907231,27.378785940343963,1.0427382112716543
2014,spco2_le_threshold,5000,1,historical_density_minus_random,p99_absolute_error,57.11319436879848,61.41726804353978,4.304073674741296
2014,spco2_le_threshold,5000,2,spatial_coverage_minus_random,rmse,-1.8632022585961143,-1.597705386955241,0.26549687164087343
2014,spco2_le_threshold,5000,2,spatial_coverage_minus_random,mae,0.2388102773037079,0.4158834857114097,0.1770732084077018
2014,spco2_le_threshold,5000,2,spatial_coverage_minus_random,median_absolute_error,0.5596172991337198,0.6580586161557846,0.09844131702206482
2014,spco2_le_threshold,5000,2,spatial_coverage_minus_random,p95_absolute_error,1.096503091382381,1.900873203590244,0.804370112207863
2014,spco2_le_threshold,5000,2,spatial_coverage_minus_random,p99_absolute_error,-8.524890602773581,-7.346774309502997,1.178116293270584
2014,spco2_le_threshold,5000,2,historical_density_minus_random,rmse,10.649946809067334,10.404865332445446,-0.24508147662188762
2014,spco2_le_threshold,5000,2,historical_density_minus_random,mae,5.430096054463473,5.45784123557014,0.027745181106666905
2014,spco2_le_threshold,5000,2,historical_density_minus_random,median_absolute_error,2.095394941736373,2.0773922303450547,-0.01800271139131837
2014,spco2_le_threshold,5000,2,historical_density_minus_random,p95_absolute_error,24.853400086601265,25.21690180072158,0.3635017141203143
2014,spco2_le_threshold,5000,2,historical_density_minus_random,p99_absolute_error,59.12245506087413,58.41100535902408,-0.7114497018500501
2014,spco2_le_threshold,5000,3,spatial_coverage_minus_random,rmse,-0.4365476976418243,-0.231633014796337,0.20491468284548728
2014,spco2_le_threshold,5000,3,spatial_coverage_minus_random,mae,0.2304219668815843,0.370448445390279,0.14002647850869468
2014,spco2_le_threshold,5000,3,spatial_coverage_minus_random,median_absolute_error,0.4077221885565052,0.4715121784980738,0.06378998994156859
2014,spco2_le_threshold,5000,3,spatial_coverage_minus_random,p95_absolute_error,0.2652665185510017,0.7254109140811096,0.4601443955301079
2014,spco2_le_threshold,5000,3,spatial_coverage_minus_random,p99_absolute_error,-3.968443129711936,-1.637637175831415,2.330805953880521
2014,spco2_le_threshold,5000,3,historical_density_minus_random,rmse,12.723053083444054,12.382651139370951,-0.3404019440731023
2014,spco2_le_threshold,5000,3,historical_density_minus_random,mae,5.577371337322326,5.49385409632395,-0.08351724099837554
2014,spco2_le_threshold,5000,3,historical_density_minus_random,median_absolute_error,1.8479421831350749,1.8626370842654296,0.014694901130354765
2014,spco2_le_threshold,5000,3,historical_density_minus_random,p95_absolute_error,25.98074433298565,25.20459708782941,-0.7761472451562419
2014,spco2_le_threshold,5000,3,historical_density_minus_random,p99_absolute_error,62.095961201386686,64.15708220813656,2.0611210067498718
2014,spco2_le_threshold,5000,4,spatial_coverage_minus_random,rmse,0.7768425316579375,0.6820583141819121,-0.09478421747602539
2014,spco2_le_threshold,5000,4,spatial_coverage_minus_random,mae,0.5798365846236244,0.5938192919167395,0.013982707293115126
2014,spco2_le_threshold,5000,4,spatial_coverage_minus_random,median_absolute_error,0.4423937408720348,0.4396345214995847,-0.0027592193724501057
2014,spco2_le_threshold,5000,4,spatial_coverage_minus_random,p95_absolute_error,2.0146577079521464,1.883265189209137,-0.1313925187430094
2014,spco2_le_threshold,5000,4,spatial_coverage_minus_random,p99_absolute_error,-3.377390826616029,-3.000733273458721,0.3766575531573082
2014,spco2_le_threshold,5000,4,historical_density_minus_random,rmse,13.52725963018026,13.116688124724536,-0.4105715054557244
2014,spco2_le_threshold,5000,4,historical_density_minus_random,mae,5.940593128982773,5.826031253676044,-0.11456187530672857
2014,spco2_le_threshold,5000,4,historical_density_minus_random,median_absolute_error,2.056384827084429,2.226302271949322,0.16991744486489324
2014,spco2_le_threshold,5000,4,historical_density_minus_random,p95_absolute_error,27.497566797421197,25.41188143484596,-2.085685362575237
2014,spco2_le_threshold,5000,4,historical_density_minus_random,p99_absolute_error,64.96223843346884,60.67899299328322,-4.283245440185624
2014,spco2_le_threshold,5000,5,spatial_coverage_minus_random,rmse,0.0632259654074793,0.0549789876842155,-0.008246977723263799
2014,spco2_le_threshold,5000,5,spatial_coverage_minus_random,mae,0.5762811157861396,0.51225563041959,-0.06402548536654962
2014,spco2_le_threshold,5000,5,spatial_coverage_minus_random,median_absolute_error,0.5211100496615586,0.4828826838985378,-0.038227365763020826
2014,spco2_le_threshold,5000,5,spatial_coverage_minus_random,p95_absolute_error,1.7884646475993975,1.7648027692499646,-0.023661878349432897
2014,spco2_le_threshold,5000,5,spatial_coverage_minus_random,p99_absolute_error,-1.2767813248493525,-0.655764806663008,0.6210165181863445
2014,spco2_le_threshold,5000,5,historical_density_minus_random,rmse,12.837125443366286,12.5215073315334,-0.3156181118328867
2014,spco2_le_threshold,5000,5,historical_density_minus_random,mae,5.968031426099703,5.881013883319646,-0.0870175427800568
2014,spco2_le_threshold,5000,5,historical_density_minus_random,median_absolute_error,1.94475992569204,1.9171206930706437,-0.027639232621396337
2014,spco2_le_threshold,5000,5,historical_density_minus_random,p95_absolute_error,30.863584453248595,30.39759495332273,-0.4659894999258647
2014,spco2_le_threshold,5000,5,historical_density_minus_random,p99_absolute_error,70.54884166101107,68.16888410317617,-2.3799575578348993
2014,spco2_le_threshold,5000,6,spatial_coverage_minus_random,rmse,0.924196290995873,0.9563424444124068,0.03214615341653382
2014,spco2_le_threshold,5000,6,spatial_coverage_minus_random,mae,1.19099986858431,1.145212567367027,-0.045787301217282916
2014,spco2_le_threshold,5000,6,spatial_coverage_minus_random,median_absolute_error,1.0581830062417057,0.9660055126144867,-0.09217749362721894
2014,spco2_le_threshold,5000,6,spatial_coverage_minus_random,p95_absolute_error,2.7743100663482885,2.742242808144187,-0.03206725820410128
2014,spco2_le_threshold,5000,6,spatial_coverage_minus_random,p99_absolute_error,3.997762714205237,3.257642466153598,-0.7401202480516389
2014,spco2_le_threshold,5000,6,historical_density_minus_random,rmse,12.692407581938737,12.363675826211018,-0.32873175572771807
2014,spco2_le_threshold,5000,6,historical_density_minus_random,mae,5.9042244575634,5.713079630210228,-0.19114482735317218
2014,spco2_le_threshold,5000,6,historical_density_minus_random,median_absolute_error,2.3405485447490264,2.13511094726519,-0.2054375974838365
2014,spco2_le_threshold,5000,6,historical_density_minus_random,p95_absolute_error,25.8104731181686,25.66827193658137,-0.14220118158722883
2014,spco2_le_threshold,5000,6,historical_density_minus_random,p99_absolute_error,64.2814897071454,62.12848891391225,-2.153000793233147
2014,spco2_le_threshold,5000,7,spatial_coverage_minus_random,rmse,-0.4681896440963307,-0.3352028565652745,0.1329867875310562
2014,spco2_le_threshold,5000,7,spatial_coverage_minus_random,mae,0.4298427002747047,0.5639324578079989,0.13408975753329422
2014,spco2_le_threshold,5000,7,spatial_coverage_minus_random,median_absolute_error,0.5555233568860558,0.6335125016506993,0.07798914476464347
2014,spco2_le_threshold,5000,7,spatial_coverage_minus_random,p95_absolute_error,0.4696145758466308,1.0766591331710875,0.6070445573244567
2014,spco2_le_threshold,5000,7,spatial_coverage_minus_random,p99_absolute_error,0.1398442757369409,-0.3593663499472157,-0.49921062568415664
2014,spco2_le_threshold,5000,7,historical_density_minus_random,rmse,11.60328713077618,11.489158028601311,-0.11412910217486782
2014,spco2_le_threshold,5000,7,historical_density_minus_random,mae,5.927662419895416,6.136331145157868,0.20866872526245217
2014,spco2_le_threshold,5000,7,historical_density_minus_random,median_absolute_error,2.291245535354591,2.624224656236549,0.33297912088195813
2014,spco2_le_threshold,5000,7,historical_density_minus_random,p95_absolute_error,30.185336337301585,29.22391496740329,-0.9614213698982965
2014,spco2_le_threshold,5000,7,historical_density_minus_random,p99_absolute_error,49.75848400681809,47.16229245833971,-2.59619154847838
2014,spco2_le_threshold,5000,8,spatial_coverage_minus_random,rmse,1.4334338683613197,1.359954578240945,-0.07347929012037469
2014,spco2_le_threshold,5000,8,spatial_coverage_minus_random,mae,0.9665558237877327,0.950911580353944,-0.015644243433788785
2014,spco2_le_threshold,5000,8,spatial_coverage_minus_random,median_absolute_error,0.9560800093518084,0.9833134444965026,0.02723343514469423
2014,spco2_le_threshold,5000,8,spatial_coverage_minus_random,p95_absolute_error,1.9052943920046523,1.4759475268902804,-0.4293468651143719
2014,spco2_le_threshold,5000,8,spatial_coverage_minus_random,p99_absolute_error,-0.912172729662899,-2.103652621273405,-1.191479891610506
2014,spco2_le_threshold,5000,8,historical_density_minus_random,rmse,14.50625198563623,13.549640171661824,-0.9566118139744049
2014,spco2_le_threshold,5000,8,historical_density_minus_random,mae,7.129478143023299,6.841533162422506,-0.287944980600793
2014,spco2_le_threshold,5000,8,historical_density_minus_random,median_absolute_error,2.387492129873806,2.462347162339768,0.07485503246596226
2014,spco2_le_threshold,5000,8,historical_density_minus_random,p95_absolute_error,36.67128966631724,34.08724837062301,-2.5840412956942345
2014,spco2_le_threshold,5000,8,historical_density_minus_random,p99_absolute_error,91.45863208684624,81.74374130756065,-9.714890779285582
2014,spco2_le_threshold,5000,9,spatial_coverage_minus_random,rmse,-0.2197298088436028,-0.2837115889315136,-0.0639817800879108
2014,spco2_le_threshold,5000,9,spatial_coverage_minus_random,mae,0.5647534454804415,0.4199887455460231,-0.14476469993441837
2014,spco2_le_threshold,5000,9,spatial_coverage_minus_random,median_absolute_error,0.7893386716070552,0.5346144429762774,-0.2547242286307778
2014,spco2_le_threshold,5000,9,spatial_coverage_minus_random,p95_absolute_error,0.9197197277573288,0.5293467900098676,-0.3903729377474612
2014,spco2_le_threshold,5000,9,spatial_coverage_minus_random,p99_absolute_error,-5.724476893660338,-6.864104403855762,-1.1396275101954245
2014,spco2_le_threshold,5000,9,historical_density_minus_random,rmse,16.28268953484976,15.230543483963434,-1.052146050886325
2014,spco2_le_threshold,5000,9,historical_density_minus_random,mae,6.982961568634915,6.745172746603563,-0.23778882203135154
2014,spco2_le_threshold,5000,9,historical_density_minus_random,median_absolute_error,2.301964062375191,2.160143815813228,-0.14182024656196335
2014,spco2_le_threshold,5000,9,historical_density_minus_random,p95_absolute_error,35.10179405646748,34.91146293836765,-0.19033111809983438
2014,spco2_le_threshold,5000,9,historical_density_minus_random,p99_absolute_error,96.5689666501044,86.51021660767016,-10.05875004243424
2014,spco2_le_threshold,5000,10,spatial_coverage_minus_random,rmse,-1.354698646199811,-1.108747531030982,0.24595111516882895
2014,spco2_le_threshold,5000,10,spatial_coverage_minus_random,mae,-0.0676391569869796,0.0052544489369257,0.0728936059239053
2014,spco2_le_threshold,5000,10,spatial_coverage_minus_random,median_absolute_error,0.2660755162643511,0.2560882399667719,-0.009987276297579228
2014,spco2_le_threshold,5000,10,spatial_coverage_minus_random,p95_absolute_error,0.2073772202970722,0.5715476299418469,0.36417040964477476
2014,spco2_le_threshold,5000,10,spatial_coverage_minus_random,p99_absolute_error,-6.953783846550955,-7.26439952163205,-0.31061567508109444
2014,spco2_le_threshold,5000,10,historical_density_minus_random,rmse,11.09321193133252,11.78540916368036,0.6921972323478389
2014,spco2_le_threshold,5000,10,historical_density_minus_random,mae,5.285051566463675,5.586405249234819,0.3013536827711434
2014,spco2_le_threshold,5000,10,historical_density_minus_random,median_absolute_error,1.8144897784532643,1.8871063128970889,0.07261653444382454
2014,spco2_le_threshold,5000,10,historical_density_minus_random,p95_absolute_error,26.36262571601242,28.328046002937565,1.965420286925145
2014,spco2_le_threshold,5000,10,historical_density_minus_random,p99_absolute_error,64.82723275252043,68.09277494444389,3.2655421919234584
2014,spco2_le_threshold,5000,11,spatial_coverage_minus_random,rmse,-0.2380451197133801,-0.4615837223795331,-0.223538602666153
2014,spco2_le_threshold,5000,11,spatial_coverage_minus_random,mae,0.4887966584445067,0.2861447628637013,-0.20265189558080543
2014,spco2_le_threshold,5000,11,spatial_coverage_minus_random,median_absolute_error,0.6208719092274464,0.5142604687499954,-0.10661144047745097
2014,spco2_le_threshold,5000,11,spatial_coverage_minus_random,p95_absolute_error,0.910135932397644,0.0215060458174107,-0.8886298865802333
2014,spco2_le_threshold,5000,11,spatial_coverage_minus_random,p99_absolute_error,-2.7901447919960845,-5.107953774430911,-2.3178089824348262
2014,spco2_le_threshold,5000,11,historical_density_minus_random,rmse,9.554907743943762,8.641415911084568,-0.9134918328591937
2014,spco2_le_threshold,5000,11,historical_density_minus_random,mae,4.630448777198296,4.179119029331332,-0.4513297478669642
2014,spco2_le_threshold,5000,11,historical_density_minus_random,median_absolute_error,1.76891503894916,1.715897827942939,-0.05301721100622081
2014,spco2_le_threshold,5000,11,historical_density_minus_random,p95_absolute_error,22.24533066167058,18.747035728248463,-3.498294933422116
2014,spco2_le_threshold,5000,11,historical_density_minus_random,p99_absolute_error,50.81645927557666,45.999997155212256,-4.816462120364406
2014,spco2_le_threshold,5000,12,spatial_coverage_minus_random,rmse,1.189740789327253,1.1110826623243355,-0.07865812700291741
2014,spco2_le_threshold,5000,12,spatial_coverage_minus_random,mae,1.4121213388902056,1.3364510792700628,-0.07567025962014284
2014,spco2_le_threshold,5000,12,spatial_coverage_minus_random,median_absolute_error,1.1465799558869492,1.1187043794208194,-0.027875576466129814
2014,spco2_le_threshold,5000,12,spatial_coverage_minus_random,p95_absolute_error,3.9173338602715937,3.8351956150618074,-0.0821382452097863
2014,spco2_le_threshold,5000,12,spatial_coverage_minus_random,p99_absolute_error,4.254019306244629,4.660166597816193,0.40614729157156404
2014,spco2_le_threshold,5000,12,historical_density_minus_random,rmse,11.791237792739572,12.78318545602596,0.9919476632863873
2014,spco2_le_threshold,5000,12,historical_density_minus_random,mae,5.860012410172214,6.35528444108521,0.49527203091299654
2014,spco2_le_threshold,5000,12,historical_density_minus_random,median_absolute_error,2.3666674491944093,2.4231485816400493,0.056481132445640014
2014,spco2_le_threshold,5000,12,historical_density_minus_random,p95_absolute_error,26.801341693495583,31.660960841730606,4.859619148235023
2014,spco2_le_threshold,5000,12,historical_density_minus_random,p99_absolute_error,66.99962984479711,66.92007651840923,-0.07955332638788093
2014,spco2_le_threshold,5000,13,spatial_coverage_minus_random,rmse,0.1672666561250508,0.1516558364632452,-0.01561081966180558
2014,spco2_le_threshold,5000,13,spatial_coverage_minus_random,mae,0.5133677123262519,0.4867352613897964,-0.0266324509364555
2014,spco2_le_threshold,5000,13,spatial_coverage_minus_random,median_absolute_error,0.4900472024454529,0.4248700750497391,-0.0651771273957138
2014,spco2_le_threshold,5000,13,spatial_coverage_minus_random,p95_absolute_error,1.0293352119983936,1.195505875454458,0.16617066345606446
2014,spco2_le_threshold,5000,13,spatial_coverage_minus_random,p99_absolute_error,-1.5955537282385848,-0.8987042614406988,0.696849466797886
2014,spco2_le_threshold,5000,13,historical_density_minus_random,rmse,12.43436158346763,12.583979368874218,0.149617785406587
2014,spco2_le_threshold,5000,13,historical_density_minus_random,mae,5.61035573418088,5.613325529207538,0.002969795026658062
2014,spco2_le_threshold,5000,13,historical_density_minus_random,median_absolute_error,1.9680983703635209,1.9235168130715576,-0.044581557291963225
2014,spco2_le_threshold,5000,13,historical_density_minus_random,p95_absolute_error,25.18667476768183,26.684485778885254,1.4978110112034244
2014,spco2_le_threshold,5000,13,historical_density_minus_random,p99_absolute_error,73.57034152828058,73.37463949998094,-0.19570202829963534
2014,spco2_le_threshold,5000,14,spatial_coverage_minus_random,rmse,-0.6244383857052895,-0.4949012629479199,0.12953712275736962
2014,spco2_le_threshold,5000,14,spatial_coverage_minus_random,mae,0.3546822694464548,0.4027618244577144,0.0480795550112596
2014,spco2_le_threshold,5000,14,spatial_coverage_minus_random,median_absolute_error,0.5436219020708961,0.5114004348420451,-0.032221467228851
2014,spco2_le_threshold,5000,14,spatial_coverage_minus_random,p95_absolute_error,0.8831672306812273,0.7102476336779375,-0.17291959700328974
2014,spco2_le_threshold,5000,14,spatial_coverage_minus_random,p99_absolute_error,-1.343931814464007,-2.0628363248589494,-0.7189045103949425
2014,spco2_le_threshold,5000,14,historical_density_minus_random,rmse,9.161099036559346,10.125101230734408,0.9640021941750625
2014,spco2_le_threshold,5000,14,historical_density_minus_random,mae,4.808404775129008,5.294812172926068,0.48640739779706
2014,spco2_le_threshold,5000,14,historical_density_minus_random,median_absolute_error,2.280190521884947,2.3110457656477763,0.030855243762829332
2014,spco2_le_threshold,5000,14,historical_density_minus_random,p95_absolute_error,20.828195814195027,23.874887598375548,3.0466917841805206
2014,spco2_le_threshold,5000,14,historical_density_minus_random,p99_absolute_error,35.85594615802795,39.6564818571807,3.8005356991527535
2014,spco2_le_threshold,5000,15,spatial_coverage_minus_random,rmse,-0.5576033183907647,-0.3704991987021948,0.18710411968856994
2014,spco2_le_threshold,5000,15,spatial_coverage_minus_random,mae,0.237656976165514,0.2995721011441787,0.06191512497866469
2014,spco2_le_threshold,5000,15,spatial_coverage_minus_random,median_absolute_error,0.5517046705055861,0.5514857112436857,-0.00021895926190040882
2014,spco2_le_threshold,5000,15,spatial_coverage_minus_random,p95_absolute_error,-0.4830496381143483,-0.1178221691730918,0.3652274689412565
2014,spco2_le_threshold,5000,15,spatial_coverage_minus_random,p99_absolute_error,-7.131449728053468,-6.277796764368361,0.8536529636851071
2014,spco2_le_threshold,5000,15,historical_density_minus_random,rmse,11.575747244020407,11.545301043820338,-0.030446200200069384
2014,spco2_le_threshold,5000,15,historical_density_minus_random,mae,5.795321078773743,5.750591891440699,-0.04472918733304354
2014,spco2_le_threshold,5000,15,historical_density_minus_random,median_absolute_error,2.456475634359208,2.482872555900741,0.026396921541532947
2014,spco2_le_threshold,5000,15,historical_density_minus_random,p95_absolute_error,26.65456862408107,25.891209031814213,-0.7633595922668555
2014,spco2_le_threshold,5000,15,historical_density_minus_random,p99_absolute_error,44.77628812840442,43.0238890646616,-1.7523990637428142
2014,spco2_le_threshold,5000,16,spatial_coverage_minus_random,rmse,-5.507971953710811,-5.193454073627567,0.314517880083244
2014,spco2_le_threshold,5000,16,spatial_coverage_minus_random,mae,-0.5519623580515063,-0.4610640249837967,0.09089833306770956
2014,spco2_le_threshold,5000,16,spatial_coverage_minus_random,median_absolute_error,0.264159051727205,0.2821792044801725,0.018020152752967478
2014,spco2_le_threshold,5000,16,spatial_coverage_minus_random,p95_absolute_error,-0.168881918773863,0.3353167373024242,0.5041986560762872
2014,spco2_le_threshold,5000,16,spatial_coverage_minus_random,p99_absolute_error,-16.715744360392932,-14.876850297170584,1.838894063222348
2014,spco2_le_threshold,5000,16,historical_density_minus_random,rmse,6.913386951347423,6.996849737065656,0.08346278571823262
2014,spco2_le_threshold,5000,16,historical_density_minus_random,mae,4.573150742280697,4.576762570966331,0.003611828685633256
2014,spco2_le_threshold,5000,16,historical_density_minus_random,median_absolute_error,1.9509184050763797,1.8249556265838864,-0.12596277849249327
2014,spco2_le_threshold,5000,16,historical_density_minus_random,p95_absolute_error,21.50663333270074,22.7538971068919,1.2472637741911576
2014,spco2_le_threshold,5000,16,historical_density_minus_random,p99_absolute_error,55.27661538701194,56.23858431636532,0.9619689293533824
2014,spco2_le_threshold,5000,17,spatial_coverage_minus_random,rmse,-0.5706575529824462,-0.583785349479971,-0.013127796497524713
2014,spco2_le_threshold,5000,17,spatial_coverage_minus_random,mae,0.4933676531226094,0.5358225034690296,0.042454850346420214
2014,spco2_le_threshold,5000,17,spatial_coverage_minus_random,median_absolute_error,0.7124450336311554,0.8166333633010936,0.10418832966993818
2014,spco2_le_threshold,5000,17,spatial_coverage_minus_random,p95_absolute_error,0.9131697137743232,1.0693069561219275,0.1561372423476043
2014,spco2_le_threshold,5000,17,spatial_coverage_minus_random,p99_absolute_error,-5.9549994394720045,-6.770188632707146,-0.8151891932351418
2014,spco2_le_threshold,5000,17,historical_density_minus_random,rmse,12.845540090486608,12.805955819238736,-0.03958427124787178
2014,spco2_le_threshold,5000,17,historical_density_minus_random,mae,6.0652212875136495,6.252735776447718,0.18751448893406852
2014,spco2_le_threshold,5000,17,historical_density_minus_random,median_absolute_error,2.1784720685995467,2.398126746949373,0.21965467834982633
2014,spco2_le_threshold,5000,17,historical_density_minus_random,p95_absolute_error,29.754077060151378,30.70326115066481,0.9491840905134339
2014,spco2_le_threshold,5000,17,historical_density_minus_random,p99_absolute_error,65.67895430659965,62.4346154377432,-3.2443388688564525
2014,spco2_le_threshold,5000,18,spatial_coverage_minus_random,rmse,-1.9045923929721624,-1.9139288489547504,-0.009336455982587921
2014,spco2_le_threshold,5000,18,spatial_coverage_minus_random,mae,0.0503285778893722,0.0117852824300204,-0.0385432954593518
2014,spco2_le_threshold,5000,18,spatial_coverage_minus_random,median_absolute_error,0.6013143337160898,0.5793622284481899,-0.021952105267899924
2014,spco2_le_threshold,5000,18,spatial_coverage_minus_random,p95_absolute_error,-0.3456686807792266,-0.5347300743471983,-0.18906139356797175
2014,spco2_le_threshold,5000,18,spatial_coverage_minus_random,p99_absolute_error,-13.73010966446394,-14.829567929755164,-1.099458265291224
2014,spco2_le_threshold,5000,18,historical_density_minus_random,rmse,10.862968390154547,11.100610561790075,0.23764217163552814
2014,spco2_le_threshold,5000,18,historical_density_minus_random,mae,5.681552905184226,5.572918439513966,-0.10863446567026003
2014,spco2_le_threshold,5000,18,historical_density_minus_random,median_absolute_error,2.4227090600334407,2.182086402234887,-0.24062265779855352
2014,spco2_le_threshold,5000,18,historical_density_minus_random,p95_absolute_error,25.16425128551765,25.73318509236823,0.5689338068505805
2014,spco2_le_threshold,5000,18,historical_density_minus_random,p99_absolute_error,56.39525857029223,59.30073686899067,2.9054782986984407
2014,spco2_le_threshold,5000,19,spatial_coverage_minus_random,rmse,1.1604279366861192,1.0059769105143417,-0.15445102617177753
2014,spco2_le_threshold,5000,19,spatial_coverage_minus_random,mae,0.8442295093501855,0.7151564663661585,-0.129073042984027
2014,spco2_le_threshold,5000,19,spatial_coverage_minus_random,median_absolute_error,0.8584794964728246,0.7656191107260213,-0.09286038574680333
2014,spco2_le_threshold,5000,19,spatial_coverage_minus_random,p95_absolute_error,1.5820032169710778,0.9123209903665136,-0.6696822266045642
2014,spco2_le_threshold,5000,19,spatial_coverage_minus_random,p99_absolute_error,-1.524123993587935,-0.764137541629168,0.7599864519587669
2014,spco2_le_threshold,5000,19,historical_density_minus_random,rmse,11.97505185161225,10.97355418419744,-1.0014976674148102
2014,spco2_le_threshold,5000,19,historical_density_minus_random,mae,5.601939394704852,5.172771616698251,-0.429167778006601
2014,spco2_le_threshold,5000,19,historical_density_minus_random,median_absolute_error,2.055366704949705,1.9957628307836897,-0.059603874166015425
2014,spco2_le_threshold,5000,19,historical_density_minus_random,p95_absolute_error,26.555117347656797,22.463116676579958,-4.092000671076839
2014,spco2_le_threshold,5000,19,historical_density_minus_random,p99_absolute_error,62.205191288709386,58.66237779593087,-3.5428134927785138
