validation_scheme,year,spatial_fold,budget,seed,comparison,metric,random_value,comparator_value,difference
month_stratified_hidden_cells,2005,,5000,0,historical_spatial_month_balanced_minus_random,rmse,26.032258269693298,38.9861920814695,12.9539338117762
month_stratified_hidden_cells,2005,,5000,0,historical_spatial_month_balanced_minus_random,mae,11.141723891418655,16.537990703796343,5.396266812377688
month_stratified_hidden_cells,2005,,5000,0,historical_spatial_month_balanced_minus_random,median_absolute_error,7.21828465066821,8.095258423688904,0.8769737730206941
month_stratified_hidden_cells,2005,,5000,0,historical_spatial_month_balanced_minus_random,p95_absolute_error,30.382084391417788,64.48136982146261,34.099285430044816
month_stratified_hidden_cells,2005,,5000,0,historical_spatial_month_balanced_minus_random,p99_absolute_error,70.09686710995663,146.83954499878098,76.74267788882435
month_stratified_hidden_cells,2005,,5000,0,historical_spatial_month_balanced_minus_random,bias,0.2336506647550118,-6.090506306845913,-6.3241569716009245
month_stratified_hidden_cells,2005,,5000,1,historical_spatial_month_balanced_minus_random,rmse,25.43076209136906,34.32229092431781,8.891528832948751
month_stratified_hidden_cells,2005,,5000,1,historical_spatial_month_balanced_minus_random,mae,10.150775611517124,14.686345013766788,4.5355694022496635
month_stratified_hidden_cells,2005,,5000,1,historical_spatial_month_balanced_minus_random,median_absolute_error,6.767828782535901,8.115281881668864,1.347453099132963
month_stratified_hidden_cells,2005,,5000,1,historical_spatial_month_balanced_minus_random,p95_absolute_error,28.19932168625986,48.6156539329333,20.416332246673438
month_stratified_hidden_cells,2005,,5000,1,historical_spatial_month_balanced_minus_random,p99_absolute_error,57.81903973716497,118.19499182028558,60.37595208312061
month_stratified_hidden_cells,2005,,5000,1,historical_spatial_month_balanced_minus_random,bias,-0.3688723211802269,-3.809200873551088,-3.440328552370861
month_stratified_hidden_cells,2005,,5000,2,historical_spatial_month_balanced_minus_random,rmse,30.80534577226959,36.44140065478297,5.636054882513378
month_stratified_hidden_cells,2005,,5000,2,historical_spatial_month_balanced_minus_random,mae,11.76244967386422,15.543703049765435,3.7812533759012155
month_stratified_hidden_cells,2005,,5000,2,historical_spatial_month_balanced_minus_random,median_absolute_error,7.007967219680154,8.161670146986523,1.1537029273063695
month_stratified_hidden_cells,2005,,5000,2,historical_spatial_month_balanced_minus_random,p95_absolute_error,30.859472355233915,51.8542399243082,20.994767569074288
month_stratified_hidden_cells,2005,,5000,2,historical_spatial_month_balanced_minus_random,p99_absolute_error,87.67162155394314,145.61689137663294,57.945269822689795
month_stratified_hidden_cells,2005,,5000,2,historical_spatial_month_balanced_minus_random,bias,0.9475592683017892,-4.429572293931559,-5.377131562233348
month_stratified_hidden_cells,2005,,5000,3,historical_spatial_month_balanced_minus_random,rmse,25.21675530973144,36.33319353108199,11.116438221350549
month_stratified_hidden_cells,2005,,5000,3,historical_spatial_month_balanced_minus_random,mae,10.425608650719242,15.491225173774296,5.065616523055054
month_stratified_hidden_cells,2005,,5000,3,historical_spatial_month_balanced_minus_random,median_absolute_error,6.800522808092666,8.147688548730287,1.347165740637621
month_stratified_hidden_cells,2005,,5000,3,historical_spatial_month_balanced_minus_random,p95_absolute_error,29.555230932039933,54.70562030028255,25.150389368242614
month_stratified_hidden_cells,2005,,5000,3,historical_spatial_month_balanced_minus_random,p99_absolute_error,64.76268780668296,135.19434317030067,70.43165536361771
month_stratified_hidden_cells,2005,,5000,3,historical_spatial_month_balanced_minus_random,bias,0.2283031077646536,-4.652544896560376,-4.8808480043250295
month_stratified_hidden_cells,2005,,5000,4,historical_spatial_month_balanced_minus_random,rmse,25.385104280106876,34.68445997596042,9.299355695853546
month_stratified_hidden_cells,2005,,5000,4,historical_spatial_month_balanced_minus_random,mae,10.571868704477556,15.275558559399787,4.7036898549222315
month_stratified_hidden_cells,2005,,5000,4,historical_spatial_month_balanced_minus_random,median_absolute_error,6.87895755882397,8.673765336393643,1.7948077775696731
month_stratified_hidden_cells,2005,,5000,4,historical_spatial_month_balanced_minus_random,p95_absolute_error,29.71077119546101,52.42674365528188,22.715972459820872
month_stratified_hidden_cells,2005,,5000,4,historical_spatial_month_balanced_minus_random,p99_absolute_error,65.60009172737918,112.23287028255052,46.63277855517134
month_stratified_hidden_cells,2005,,5000,4,historical_spatial_month_balanced_minus_random,bias,0.0995454536507992,-4.164987486611118,-4.264532940261917
month_stratified_hidden_cells,2005,,5000,5,historical_spatial_month_balanced_minus_random,rmse,24.938003102066784,34.29838678727336,9.360383685206575
month_stratified_hidden_cells,2005,,5000,5,historical_spatial_month_balanced_minus_random,mae,10.228225338086256,14.269661954513676,4.04143661642742
month_stratified_hidden_cells,2005,,5000,5,historical_spatial_month_balanced_minus_random,median_absolute_error,6.86532271092716,8.058262887136692,1.1929401762095324
month_stratified_hidden_cells,2005,,5000,5,historical_spatial_month_balanced_minus_random,p95_absolute_error,27.980606731195746,44.1601095819285,16.179502850732757
month_stratified_hidden_cells,2005,,5000,5,historical_spatial_month_balanced_minus_random,p99_absolute_error,57.28537878964434,114.42727016256444,57.1418913729201
month_stratified_hidden_cells,2005,,5000,5,historical_spatial_month_balanced_minus_random,bias,0.2604314812207225,-2.5213283429450986,-2.781759824165821
month_stratified_hidden_cells,2005,,5000,6,historical_spatial_month_balanced_minus_random,rmse,25.494411457153287,34.264316432259186,8.769904975105899
month_stratified_hidden_cells,2005,,5000,6,historical_spatial_month_balanced_minus_random,mae,10.17725085829638,14.979348466306194,4.802097608009813
month_stratified_hidden_cells,2005,,5000,6,historical_spatial_month_balanced_minus_random,median_absolute_error,6.709337599563128,8.36028061533247,1.650943015769343
month_stratified_hidden_cells,2005,,5000,6,historical_spatial_month_balanced_minus_random,p95_absolute_error,28.734475084531663,50.64144078236765,21.90696569783599
month_stratified_hidden_cells,2005,,5000,6,historical_spatial_month_balanced_minus_random,p99_absolute_error,58.157570206019656,113.75670681652528,55.599136610505624
month_stratified_hidden_cells,2005,,5000,6,historical_spatial_month_balanced_minus_random,bias,-0.2507609548287342,-3.835973083733462,-3.585212128904728
month_stratified_hidden_cells,2005,,5000,7,historical_spatial_month_balanced_minus_random,rmse,25.76136357140929,35.37514112465381,9.613777553244518
month_stratified_hidden_cells,2005,,5000,7,historical_spatial_month_balanced_minus_random,mae,10.658162080321684,15.341208824645344,4.68304674432366
month_stratified_hidden_cells,2005,,5000,7,historical_spatial_month_balanced_minus_random,median_absolute_error,6.9706648384701,8.166620137180757,1.1959552987106576
month_stratified_hidden_cells,2005,,5000,7,historical_spatial_month_balanced_minus_random,p95_absolute_error,30.218372146848008,56.548634462634574,26.330262315786566
month_stratified_hidden_cells,2005,,5000,7,historical_spatial_month_balanced_minus_random,p99_absolute_error,62.8039132868041,120.01431285671808,57.21039956991398
month_stratified_hidden_cells,2005,,5000,7,historical_spatial_month_balanced_minus_random,bias,-0.0668068992478049,-4.706015361840437,-4.639208462592632
month_stratified_hidden_cells,2005,,5000,8,historical_spatial_month_balanced_minus_random,rmse,30.112919818745404,35.07984949935936,4.9669296806139585
month_stratified_hidden_cells,2005,,5000,8,historical_spatial_month_balanced_minus_random,mae,11.686263688408213,14.924392610568654,3.238128922160442
month_stratified_hidden_cells,2005,,5000,8,historical_spatial_month_balanced_minus_random,median_absolute_error,7.20477382910974,8.525607776694699,1.3208339475849584
month_stratified_hidden_cells,2005,,5000,8,historical_spatial_month_balanced_minus_random,p95_absolute_error,30.3582486733525,46.54940026306618,16.191151589713684
month_stratified_hidden_cells,2005,,5000,8,historical_spatial_month_balanced_minus_random,p99_absolute_error,73.11245579491835,122.39303795826946,49.28058216335111
month_stratified_hidden_cells,2005,,5000,8,historical_spatial_month_balanced_minus_random,bias,-0.0208341093680325,-3.590938920521187,-3.570104811153154
month_stratified_hidden_cells,2005,,5000,9,historical_spatial_month_balanced_minus_random,rmse,25.33747696690436,34.261375054061666,8.923898087157305
month_stratified_hidden_cells,2005,,5000,9,historical_spatial_month_balanced_minus_random,mae,10.230934607855188,14.944846995875665,4.713912388020477
month_stratified_hidden_cells,2005,,5000,9,historical_spatial_month_balanced_minus_random,median_absolute_error,6.753413539354398,8.418808422401213,1.6653948830468153
month_stratified_hidden_cells,2005,,5000,9,historical_spatial_month_balanced_minus_random,p95_absolute_error,28.51127164508324,50.03445924246331,21.523187597380073
month_stratified_hidden_cells,2005,,5000,9,historical_spatial_month_balanced_minus_random,p99_absolute_error,59.67521532045219,109.12420251869372,49.44898719824153
month_stratified_hidden_cells,2005,,5000,9,historical_spatial_month_balanced_minus_random,bias,-0.2370000661645353,-3.438684313137681,-3.2016842469731457
month_stratified_hidden_cells,2005,,5000,10,historical_spatial_month_balanced_minus_random,rmse,25.59923898384592,36.0536102845915,10.454371300745581
month_stratified_hidden_cells,2005,,5000,10,historical_spatial_month_balanced_minus_random,mae,10.646248330954258,15.896091225614134,5.249842894659876
month_stratified_hidden_cells,2005,,5000,10,historical_spatial_month_balanced_minus_random,median_absolute_error,6.919176285315217,8.491572457138659,1.572396171823442
month_stratified_hidden_cells,2005,,5000,10,historical_spatial_month_balanced_minus_random,p95_absolute_error,29.007134959075408,57.98941776482073,28.98228280574532
month_stratified_hidden_cells,2005,,5000,10,historical_spatial_month_balanced_minus_random,p99_absolute_error,71.73989392908867,123.36037694104463,51.62048301195597
month_stratified_hidden_cells,2005,,5000,10,historical_spatial_month_balanced_minus_random,bias,0.2774211619575901,-4.614155106937737,-4.891576268895327
month_stratified_hidden_cells,2005,,5000,11,historical_spatial_month_balanced_minus_random,rmse,30.036805886590123,33.66701007156474,3.630204184974616
month_stratified_hidden_cells,2005,,5000,11,historical_spatial_month_balanced_minus_random,mae,12.189787246453376,14.722098674278008,2.5323114278246326
month_stratified_hidden_cells,2005,,5000,11,historical_spatial_month_balanced_minus_random,median_absolute_error,7.435011364774965,8.396112177400028,0.9611008126250624
month_stratified_hidden_cells,2005,,5000,11,historical_spatial_month_balanced_minus_random,p95_absolute_error,33.97220969685262,48.32745568778724,14.35524599093462
month_stratified_hidden_cells,2005,,5000,11,historical_spatial_month_balanced_minus_random,p99_absolute_error,87.86080061100773,107.329091651441,19.46829104043327
month_stratified_hidden_cells,2005,,5000,11,historical_spatial_month_balanced_minus_random,bias,0.9183533634138104,-2.430463745870137,-3.348817109283947
month_stratified_hidden_cells,2005,,5000,12,historical_spatial_month_balanced_minus_random,rmse,24.923120922650615,35.58020102177118,10.657080099120567
month_stratified_hidden_cells,2005,,5000,12,historical_spatial_month_balanced_minus_random,mae,10.14552714956132,15.398396006826845,5.2528688572655255
month_stratified_hidden_cells,2005,,5000,12,historical_spatial_month_balanced_minus_random,median_absolute_error,6.7373364248272765,8.345532888037496,1.60819646321022
month_stratified_hidden_cells,2005,,5000,12,historical_spatial_month_balanced_minus_random,p95_absolute_error,27.87111683077538,54.43552786245272,26.56441103167734
month_stratified_hidden_cells,2005,,5000,12,historical_spatial_month_balanced_minus_random,p99_absolute_error,57.9912054253014,118.91301989589223,60.92181447059083
month_stratified_hidden_cells,2005,,5000,12,historical_spatial_month_balanced_minus_random,bias,-0.1240757458576617,-4.865030368194738,-4.740954622337076
month_stratified_hidden_cells,2005,,5000,13,historical_spatial_month_balanced_minus_random,rmse,25.27000877048953,35.0562747012585,9.786265930768973
month_stratified_hidden_cells,2005,,5000,13,historical_spatial_month_balanced_minus_random,mae,10.631136017164252,15.095227537783884,4.4640915206196325
month_stratified_hidden_cells,2005,,5000,13,historical_spatial_month_balanced_minus_random,median_absolute_error,6.977279820508528,8.084775596420485,1.107495775911957
month_stratified_hidden_cells,2005,,5000,13,historical_spatial_month_balanced_minus_random,p95_absolute_error,29.67264637638576,53.33832495428883,23.66567857790307
month_stratified_hidden_cells,2005,,5000,13,historical_spatial_month_balanced_minus_random,p99_absolute_error,63.76551859955751,117.52511150694151,53.759592907384004
month_stratified_hidden_cells,2005,,5000,13,historical_spatial_month_balanced_minus_random,bias,-0.1427350409071949,-4.287118717446953,-4.144383676539758
month_stratified_hidden_cells,2005,,5000,14,historical_spatial_month_balanced_minus_random,rmse,25.817549940434223,35.04701312873838,9.229463188304155
month_stratified_hidden_cells,2005,,5000,14,historical_spatial_month_balanced_minus_random,mae,10.138517187426162,15.181335379315655,5.042818191889493
month_stratified_hidden_cells,2005,,5000,14,historical_spatial_month_balanced_minus_random,median_absolute_error,6.63529230660356,8.20079629371125,1.5655039871076895
month_stratified_hidden_cells,2005,,5000,14,historical_spatial_month_balanced_minus_random,p95_absolute_error,28.399858771365377,54.48218187893704,26.082323107571664
month_stratified_hidden_cells,2005,,5000,14,historical_spatial_month_balanced_minus_random,p99_absolute_error,58.90235426314943,116.01571780580656,57.11336354265713
month_stratified_hidden_cells,2005,,5000,14,historical_spatial_month_balanced_minus_random,bias,-0.759803067444752,-4.6633344257479,-3.903531358303148
month_stratified_hidden_cells,2005,,5000,15,historical_spatial_month_balanced_minus_random,rmse,27.52198364948464,35.065931681309124,7.543948031824485
month_stratified_hidden_cells,2005,,5000,15,historical_spatial_month_balanced_minus_random,mae,11.322253595703986,14.948998763172115,3.6267451674681297
month_stratified_hidden_cells,2005,,5000,15,historical_spatial_month_balanced_minus_random,median_absolute_error,7.184531439302333,8.026812857449244,0.8422814181469107
month_stratified_hidden_cells,2005,,5000,15,historical_spatial_month_balanced_minus_random,p95_absolute_error,31.05196174460069,53.10388006744848,22.05191832284779
month_stratified_hidden_cells,2005,,5000,15,historical_spatial_month_balanced_minus_random,p99_absolute_error,72.86322953009866,118.00119351728064,45.137963987181976
month_stratified_hidden_cells,2005,,5000,15,historical_spatial_month_balanced_minus_random,bias,0.1949693106468648,-4.242786930350111,-4.437756240996976
month_stratified_hidden_cells,2005,,5000,16,historical_spatial_month_balanced_minus_random,rmse,29.80671232409324,36.1035062654978,6.296793941404559
month_stratified_hidden_cells,2005,,5000,16,historical_spatial_month_balanced_minus_random,mae,11.770956863933923,15.723154256503904,3.95219739256998
month_stratified_hidden_cells,2005,,5000,16,historical_spatial_month_balanced_minus_random,median_absolute_error,7.245417689819533,8.440618870844503,1.19520118102497
month_stratified_hidden_cells,2005,,5000,16,historical_spatial_month_balanced_minus_random,p95_absolute_error,31.07024736890873,54.79067710997823,23.720429741069502
month_stratified_hidden_cells,2005,,5000,16,historical_spatial_month_balanced_minus_random,p99_absolute_error,77.52409936105734,129.56976073965538,52.04566137859804
month_stratified_hidden_cells,2005,,5000,16,historical_spatial_month_balanced_minus_random,bias,0.4793232073783942,-4.943080511495991,-5.422403718874385
month_stratified_hidden_cells,2005,,5000,17,historical_spatial_month_balanced_minus_random,rmse,25.43204885334441,33.95485631593315,8.522807462588741
month_stratified_hidden_cells,2005,,5000,17,historical_spatial_month_balanced_minus_random,mae,10.662874719115743,14.650791932827165,3.9879172137114214
month_stratified_hidden_cells,2005,,5000,17,historical_spatial_month_balanced_minus_random,median_absolute_error,6.847653207659079,8.176311266055848,1.328658058396769
month_stratified_hidden_cells,2005,,5000,17,historical_spatial_month_balanced_minus_random,p95_absolute_error,30.224589874444035,49.07971054883262,18.855120674388587
month_stratified_hidden_cells,2005,,5000,17,historical_spatial_month_balanced_minus_random,p99_absolute_error,66.52660177021977,111.24818594803013,44.72158417781036
month_stratified_hidden_cells,2005,,5000,17,historical_spatial_month_balanced_minus_random,bias,0.3737578880038817,-3.678186740499239,-4.05194462850312
month_stratified_hidden_cells,2005,,5000,18,historical_spatial_month_balanced_minus_random,rmse,25.60848695056639,37.372430511673485,11.763943561107094
month_stratified_hidden_cells,2005,,5000,18,historical_spatial_month_balanced_minus_random,mae,10.610636946106167,16.068775695871093,5.458138749764926
month_stratified_hidden_cells,2005,,5000,18,historical_spatial_month_balanced_minus_random,median_absolute_error,6.807862445279625,8.261698098632223,1.4538356533525985
month_stratified_hidden_cells,2005,,5000,18,historical_spatial_month_balanced_minus_random,p95_absolute_error,29.45635276360319,58.87130416092473,29.41495139732154
month_stratified_hidden_cells,2005,,5000,18,historical_spatial_month_balanced_minus_random,p99_absolute_error,69.61746170631473,133.42825092495306,63.810789218638334
month_stratified_hidden_cells,2005,,5000,18,historical_spatial_month_balanced_minus_random,bias,-0.1311785907109252,-5.200670474109325,-5.0694918833984
month_stratified_hidden_cells,2005,,5000,19,historical_spatial_month_balanced_minus_random,rmse,25.36102932221513,36.993439703212566,11.632410380997435
month_stratified_hidden_cells,2005,,5000,19,historical_spatial_month_balanced_minus_random,mae,10.501646547736645,15.61260971749886,5.110963169762215
month_stratified_hidden_cells,2005,,5000,19,historical_spatial_month_balanced_minus_random,median_absolute_error,6.84933220478635,8.075190009760576,1.2258578049742255
month_stratified_hidden_cells,2005,,5000,19,historical_spatial_month_balanced_minus_random,p95_absolute_error,29.67818093134677,57.25227382613446,27.574092894787693
month_stratified_hidden_cells,2005,,5000,19,historical_spatial_month_balanced_minus_random,p99_absolute_error,64.10657768338673,128.25700821306762,64.15043052968089
month_stratified_hidden_cells,2005,,5000,19,historical_spatial_month_balanced_minus_random,bias,0.4405561127057876,-5.139813113603615,-5.5803692263094025
whole_spatial_blocks,2005,0.0,5000,0,historical_spatial_month_balanced_minus_random,rmse,24.748005502227304,34.35356994607074,9.605564443843438
whole_spatial_blocks,2005,0.0,5000,0,historical_spatial_month_balanced_minus_random,mae,12.535920181610813,17.576881841532344,5.040961659921532
whole_spatial_blocks,2005,0.0,5000,0,historical_spatial_month_balanced_minus_random,median_absolute_error,7.887250942234687,9.56143974479238,1.674188802557694
whole_spatial_blocks,2005,0.0,5000,0,historical_spatial_month_balanced_minus_random,p95_absolute_error,36.729780645496646,58.73660148267124,22.006820837174594
whole_spatial_blocks,2005,0.0,5000,0,historical_spatial_month_balanced_minus_random,p99_absolute_error,87.76347366868036,142.05807459543266,54.294600926752295
whole_spatial_blocks,2005,0.0,5000,0,historical_spatial_month_balanced_minus_random,bias,0.1351677813615167,-4.149631570183726,-4.284799351545243
whole_spatial_blocks,2005,0.0,5000,1,historical_spatial_month_balanced_minus_random,rmse,24.391680048189205,32.79597185056003,8.404291802370825
whole_spatial_blocks,2005,0.0,5000,1,historical_spatial_month_balanced_minus_random,mae,12.658622315719407,17.007517555042416,4.348895239323008
whole_spatial_blocks,2005,0.0,5000,1,historical_spatial_month_balanced_minus_random,median_absolute_error,8.254705604786665,9.444932164454912,1.1902265596682469
whole_spatial_blocks,2005,0.0,5000,1,historical_spatial_month_balanced_minus_random,p95_absolute_error,35.18141990598512,58.18854507409593,23.007125168110804
whole_spatial_blocks,2005,0.0,5000,1,historical_spatial_month_balanced_minus_random,p99_absolute_error,83.33897446355192,133.3944385206012,50.05546405704928
whole_spatial_blocks,2005,0.0,5000,1,historical_spatial_month_balanced_minus_random,bias,0.6161626169046079,-4.410098845583543,-5.026261462488151
whole_spatial_blocks,2005,0.0,5000,2,historical_spatial_month_balanced_minus_random,rmse,24.698313646103504,31.622992874962534,6.924679228859031
whole_spatial_blocks,2005,0.0,5000,2,historical_spatial_month_balanced_minus_random,mae,12.6808829981712,16.204202358641727,3.523319360470527
whole_spatial_blocks,2005,0.0,5000,2,historical_spatial_month_balanced_minus_random,median_absolute_error,8.068499870643535,9.175844460343455,1.1073445896999203
whole_spatial_blocks,2005,0.0,5000,2,historical_spatial_month_balanced_minus_random,p95_absolute_error,36.49662008174111,52.58718401816933,16.090563936428218
whole_spatial_blocks,2005,0.0,5000,2,historical_spatial_month_balanced_minus_random,p99_absolute_error,86.07276426756984,138.61489800739736,52.54213373982752
whole_spatial_blocks,2005,0.0,5000,2,historical_spatial_month_balanced_minus_random,bias,0.0432084368301217,-3.065121538647801,-3.108329975477923
whole_spatial_blocks,2005,0.0,5000,3,historical_spatial_month_balanced_minus_random,rmse,26.17434389294005,31.54441568503697,5.370071792096919
whole_spatial_blocks,2005,0.0,5000,3,historical_spatial_month_balanced_minus_random,mae,13.476512217000185,16.403318328524357,2.926806111524172
whole_spatial_blocks,2005,0.0,5000,3,historical_spatial_month_balanced_minus_random,median_absolute_error,8.609353254198055,9.519856861921028,0.9105036077229727
whole_spatial_blocks,2005,0.0,5000,3,historical_spatial_month_balanced_minus_random,p95_absolute_error,37.33566793898848,53.51135357724633,16.175685638257853
whole_spatial_blocks,2005,0.0,5000,3,historical_spatial_month_balanced_minus_random,p99_absolute_error,103.73573018153414,127.82504994231913,24.08931976078499
whole_spatial_blocks,2005,0.0,5000,3,historical_spatial_month_balanced_minus_random,bias,1.021373333425407,-4.497820595579731,-5.519193929005138
whole_spatial_blocks,2005,0.0,5000,4,historical_spatial_month_balanced_minus_random,rmse,24.447110857772103,33.87549487625082,9.428384018478717
whole_spatial_blocks,2005,0.0,5000,4,historical_spatial_month_balanced_minus_random,mae,12.609065073513923,17.370911982258416,4.761846908744493
whole_spatial_blocks,2005,0.0,5000,4,historical_spatial_month_balanced_minus_random,median_absolute_error,7.91136713652412,9.4953163394556,1.5839492029314801
whole_spatial_blocks,2005,0.0,5000,4,historical_spatial_month_balanced_minus_random,p95_absolute_error,37.24522386749021,64.48107404272936,27.23585017523915
whole_spatial_blocks,2005,0.0,5000,4,historical_spatial_month_balanced_minus_random,p99_absolute_error,84.17119602888147,138.03199319488053,53.86079716599906
whole_spatial_blocks,2005,0.0,5000,4,historical_spatial_month_balanced_minus_random,bias,0.8283756986123528,-4.775806591615157,-5.60418229022751
whole_spatial_blocks,2005,0.0,5000,5,historical_spatial_month_balanced_minus_random,rmse,24.53560149628291,34.52354463026596,9.987943133983048
whole_spatial_blocks,2005,0.0,5000,5,historical_spatial_month_balanced_minus_random,mae,12.856869923703044,17.286521866324033,4.429651942620989
whole_spatial_blocks,2005,0.0,5000,5,historical_spatial_month_balanced_minus_random,median_absolute_error,8.314555106860922,9.606575327463332,1.29202022060241
whole_spatial_blocks,2005,0.0,5000,5,historical_spatial_month_balanced_minus_random,p95_absolute_error,36.5585728263336,55.38398653751739,18.825413711183785
whole_spatial_blocks,2005,0.0,5000,5,historical_spatial_month_balanced_minus_random,p99_absolute_error,89.64791949203618,153.50150958723842,63.853590095202236
whole_spatial_blocks,2005,0.0,5000,5,historical_spatial_month_balanced_minus_random,bias,0.4041727266929402,-2.901311615736226,-3.3054843424291662
whole_spatial_blocks,2005,0.0,5000,6,historical_spatial_month_balanced_minus_random,rmse,25.237904228153784,34.526866210131466,9.288961981977682
whole_spatial_blocks,2005,0.0,5000,6,historical_spatial_month_balanced_minus_random,mae,12.888411690960275,17.750132381205574,4.861720690245299
whole_spatial_blocks,2005,0.0,5000,6,historical_spatial_month_balanced_minus_random,median_absolute_error,8.153585480191396,9.626694496902758,1.473109016711362
whole_spatial_blocks,2005,0.0,5000,6,historical_spatial_month_balanced_minus_random,p95_absolute_error,36.674114511708126,63.16345694923852,26.489342437530397
whole_spatial_blocks,2005,0.0,5000,6,historical_spatial_month_balanced_minus_random,p99_absolute_error,94.2769436680991,145.13301301073054,50.85606934263144
whole_spatial_blocks,2005,0.0,5000,6,historical_spatial_month_balanced_minus_random,bias,0.5030104303208563,-5.294936655155195,-5.797947085476051
whole_spatial_blocks,2005,0.0,5000,7,historical_spatial_month_balanced_minus_random,rmse,24.970364460304005,33.4564039706667,8.486039510362694
whole_spatial_blocks,2005,0.0,5000,7,historical_spatial_month_balanced_minus_random,mae,12.87706557150426,17.16329868125517,4.28623310975091
whole_spatial_blocks,2005,0.0,5000,7,historical_spatial_month_balanced_minus_random,median_absolute_error,8.265960615806819,9.948479402475355,1.6825187866685365
whole_spatial_blocks,2005,0.0,5000,7,historical_spatial_month_balanced_minus_random,p95_absolute_error,37.20495747308519,57.11177857762228,19.906821104537094
whole_spatial_blocks,2005,0.0,5000,7,historical_spatial_month_balanced_minus_random,p99_absolute_error,85.77078910580131,141.80311661576667,56.032327509965356
whole_spatial_blocks,2005,0.0,5000,7,historical_spatial_month_balanced_minus_random,bias,-0.1811472953328668,-3.800122926171195,-3.618975630838328
whole_spatial_blocks,2005,0.0,5000,8,historical_spatial_month_balanced_minus_random,rmse,33.42713747389843,32.763059650925605,-0.6640778229728284
whole_spatial_blocks,2005,0.0,5000,8,historical_spatial_month_balanced_minus_random,mae,14.930229761421227,16.960163239786784,2.0299334783655567
whole_spatial_blocks,2005,0.0,5000,8,historical_spatial_month_balanced_minus_random,median_absolute_error,8.617079707905617,9.829015480726724,1.211935772821107
whole_spatial_blocks,2005,0.0,5000,8,historical_spatial_month_balanced_minus_random,p95_absolute_error,40.69322692772244,55.73464360411029,15.041416676387847
whole_spatial_blocks,2005,0.0,5000,8,historical_spatial_month_balanced_minus_random,p99_absolute_error,142.01661883379333,137.96258346551826,-4.054035368275066
whole_spatial_blocks,2005,0.0,5000,8,historical_spatial_month_balanced_minus_random,bias,2.007099303964767,-3.1387284287684247,-5.145827732733192
whole_spatial_blocks,2005,0.0,5000,9,historical_spatial_month_balanced_minus_random,rmse,25.107497743577163,30.10363326374012,4.996135520162959
whole_spatial_blocks,2005,0.0,5000,9,historical_spatial_month_balanced_minus_random,mae,12.720780803301349,16.373183756378733,3.6524029530773845
whole_spatial_blocks,2005,0.0,5000,9,historical_spatial_month_balanced_minus_random,median_absolute_error,7.973518456060987,9.868680907518666,1.8951624514576793
whole_spatial_blocks,2005,0.0,5000,9,historical_spatial_month_balanced_minus_random,p95_absolute_error,36.7983906410576,52.27882787103769,15.48043722998009
whole_spatial_blocks,2005,0.0,5000,9,historical_spatial_month_balanced_minus_random,p99_absolute_error,89.98241889743122,116.95845604181916,26.976037144387945
whole_spatial_blocks,2005,0.0,5000,9,historical_spatial_month_balanced_minus_random,bias,-0.1850937063945153,-2.191736540900864,-2.0066428345063483
whole_spatial_blocks,2005,0.0,5000,10,historical_spatial_month_balanced_minus_random,rmse,25.349734234100204,31.175433527900847,5.825699293800643
whole_spatial_blocks,2005,0.0,5000,10,historical_spatial_month_balanced_minus_random,mae,12.922173492343465,16.67136067844097,3.7491871860975046
whole_spatial_blocks,2005,0.0,5000,10,historical_spatial_month_balanced_minus_random,median_absolute_error,7.945480301611553,9.708593945286978,1.7631136436754247
whole_spatial_blocks,2005,0.0,5000,10,historical_spatial_month_balanced_minus_random,p95_absolute_error,38.17709318282096,54.13765297143451,15.960559788613551
whole_spatial_blocks,2005,0.0,5000,10,historical_spatial_month_balanced_minus_random,p99_absolute_error,95.24093921728392,129.85018340583602,34.6092441885521
whole_spatial_blocks,2005,0.0,5000,10,historical_spatial_month_balanced_minus_random,bias,0.8210186351739291,-1.7801523507675632,-2.601170985941492
whole_spatial_blocks,2005,0.0,5000,11,historical_spatial_month_balanced_minus_random,rmse,25.96604074737057,33.729664457323004,7.763623709952434
whole_spatial_blocks,2005,0.0,5000,11,historical_spatial_month_balanced_minus_random,mae,12.75316191755397,17.384743614793987,4.6315816972400174
whole_spatial_blocks,2005,0.0,5000,11,historical_spatial_month_balanced_minus_random,median_absolute_error,7.947268503832333,9.6562362930421,1.7089677892097672
whole_spatial_blocks,2005,0.0,5000,11,historical_spatial_month_balanced_minus_random,p95_absolute_error,35.50596434708052,57.763859136220994,22.257894789140472
whole_spatial_blocks,2005,0.0,5000,11,historical_spatial_month_balanced_minus_random,p99_absolute_error,100.91758752752732,132.97328767446436,32.05570014693704
whole_spatial_blocks,2005,0.0,5000,11,historical_spatial_month_balanced_minus_random,bias,0.438511945341334,-4.8927207050514,-5.331232650392734
whole_spatial_blocks,2005,0.0,5000,12,historical_spatial_month_balanced_minus_random,rmse,28.81519597350825,33.34525193544731,4.530055961939059
whole_spatial_blocks,2005,0.0,5000,12,historical_spatial_month_balanced_minus_random,mae,13.87401039850562,17.391670684379097,3.517660285873477
whole_spatial_blocks,2005,0.0,5000,12,historical_spatial_month_balanced_minus_random,median_absolute_error,8.558429209614644,9.718278657172135,1.159849447557491
whole_spatial_blocks,2005,0.0,5000,12,historical_spatial_month_balanced_minus_random,p95_absolute_error,38.31624379623974,63.51834783436737,25.20210403812763
whole_spatial_blocks,2005,0.0,5000,12,historical_spatial_month_balanced_minus_random,p99_absolute_error,107.83727934754825,134.2657663074979,26.42848695994965
whole_spatial_blocks,2005,0.0,5000,12,historical_spatial_month_balanced_minus_random,bias,0.7931624181816259,-4.894976292049459,-5.688138710231085
whole_spatial_blocks,2005,0.0,5000,13,historical_spatial_month_balanced_minus_random,rmse,24.84973066405797,33.232513592933806,8.382782928875837
whole_spatial_blocks,2005,0.0,5000,13,historical_spatial_month_balanced_minus_random,mae,13.234144386060365,17.599488018687808,4.365343632627443
whole_spatial_blocks,2005,0.0,5000,13,historical_spatial_month_balanced_minus_random,median_absolute_error,8.620840752473924,10.18923204918184,1.5683912967079152
whole_spatial_blocks,2005,0.0,5000,13,historical_spatial_month_balanced_minus_random,p95_absolute_error,37.67155338393216,60.77497863180056,23.1034252478684
whole_spatial_blocks,2005,0.0,5000,13,historical_spatial_month_balanced_minus_random,p99_absolute_error,85.0342104307188,135.29778818219833,50.26357775147953
whole_spatial_blocks,2005,0.0,5000,13,historical_spatial_month_balanced_minus_random,bias,1.268845689133434,-4.921832807236026,-6.190678496369459
whole_spatial_blocks,2005,0.0,5000,14,historical_spatial_month_balanced_minus_random,rmse,26.189359948108,34.78969321674367,8.600333268635673
whole_spatial_blocks,2005,0.0,5000,14,historical_spatial_month_balanced_minus_random,mae,13.278337318079846,17.669518678124366,4.39118136004452
whole_spatial_blocks,2005,0.0,5000,14,historical_spatial_month_balanced_minus_random,median_absolute_error,8.063375404479842,9.45386538359304,1.3904899791131982
whole_spatial_blocks,2005,0.0,5000,14,historical_spatial_month_balanced_minus_random,p95_absolute_error,40.50993176464723,63.60014440026611,23.090212635618883
whole_spatial_blocks,2005,0.0,5000,14,historical_spatial_month_balanced_minus_random,p99_absolute_error,101.3584168302346,142.40623891675813,41.047822086523524
whole_spatial_blocks,2005,0.0,5000,14,historical_spatial_month_balanced_minus_random,bias,0.2597290661656463,-6.020746363057416,-6.2804754292230625
whole_spatial_blocks,2005,0.0,5000,15,historical_spatial_month_balanced_minus_random,rmse,26.89338245672637,33.24897441644976,6.355591959723391
whole_spatial_blocks,2005,0.0,5000,15,historical_spatial_month_balanced_minus_random,mae,13.675892958722722,17.214378999625463,3.5384860409027414
whole_spatial_blocks,2005,0.0,5000,15,historical_spatial_month_balanced_minus_random,median_absolute_error,8.385703986997214,9.72967191097692,1.3439679239797062
whole_spatial_blocks,2005,0.0,5000,15,historical_spatial_month_balanced_minus_random,p95_absolute_error,38.89837971204409,57.98137158974556,19.082991877701467
whole_spatial_blocks,2005,0.0,5000,15,historical_spatial_month_balanced_minus_random,p99_absolute_error,105.4688280288612,136.75244851265032,31.28362048378912
whole_spatial_blocks,2005,0.0,5000,15,historical_spatial_month_balanced_minus_random,bias,0.9878796389623656,-4.391362193852578,-5.3792418328149445
whole_spatial_blocks,2005,0.0,5000,16,historical_spatial_month_balanced_minus_random,rmse,25.215146113052963,34.338699844817555,9.123553731764591
whole_spatial_blocks,2005,0.0,5000,16,historical_spatial_month_balanced_minus_random,mae,12.741409918843242,17.519761353966615,4.778351435123373
whole_spatial_blocks,2005,0.0,5000,16,historical_spatial_month_balanced_minus_random,median_absolute_error,8.022666162173408,9.998960175844276,1.9762940136708682
whole_spatial_blocks,2005,0.0,5000,16,historical_spatial_month_balanced_minus_random,p95_absolute_error,35.245229662951395,57.76258832241962,22.517358659468222
whole_spatial_blocks,2005,0.0,5000,16,historical_spatial_month_balanced_minus_random,p99_absolute_error,93.39659054876395,152.06780181008216,58.671211261318206
whole_spatial_blocks,2005,0.0,5000,16,historical_spatial_month_balanced_minus_random,bias,0.8437500320956731,-5.173604535675402,-6.017354567771075
whole_spatial_blocks,2005,0.0,5000,17,historical_spatial_month_balanced_minus_random,rmse,25.97955887895325,33.29395503570791,7.314396156754661
whole_spatial_blocks,2005,0.0,5000,17,historical_spatial_month_balanced_minus_random,mae,13.344366839678122,17.278192797058082,3.9338259573799608
whole_spatial_blocks,2005,0.0,5000,17,historical_spatial_month_balanced_minus_random,median_absolute_error,8.449471480352003,9.63084596604378,1.1813744856917783
whole_spatial_blocks,2005,0.0,5000,17,historical_spatial_month_balanced_minus_random,p95_absolute_error,37.23632736200509,62.03514600624786,24.798818644242765
whole_spatial_blocks,2005,0.0,5000,17,historical_spatial_month_balanced_minus_random,p99_absolute_error,93.86955355336045,136.4082569214575,42.53870336809706
whole_spatial_blocks,2005,0.0,5000,17,historical_spatial_month_balanced_minus_random,bias,0.4929932143416683,-4.80700255427796,-5.299995768619628
whole_spatial_blocks,2005,0.0,5000,18,historical_spatial_month_balanced_minus_random,rmse,24.96504098509155,31.94124528427311,6.976204299181557
whole_spatial_blocks,2005,0.0,5000,18,historical_spatial_month_balanced_minus_random,mae,12.784983389566513,16.68400683076105,3.8990234411945366
whole_spatial_blocks,2005,0.0,5000,18,historical_spatial_month_balanced_minus_random,median_absolute_error,8.103946063979237,9.50610862731449,1.4021625633352528
whole_spatial_blocks,2005,0.0,5000,18,historical_spatial_month_balanced_minus_random,p95_absolute_error,36.50238983881081,58.38905212064284,21.88666228183203
whole_spatial_blocks,2005,0.0,5000,18,historical_spatial_month_balanced_minus_random,p99_absolute_error,92.63588657200856,127.34846921044316,34.7125826384346
whole_spatial_blocks,2005,0.0,5000,18,historical_spatial_month_balanced_minus_random,bias,0.7245095336778156,-2.816318579169046,-3.5408281128468615
whole_spatial_blocks,2005,0.0,5000,19,historical_spatial_month_balanced_minus_random,rmse,25.19586390411776,32.26066000736987,7.06479610325211
whole_spatial_blocks,2005,0.0,5000,19,historical_spatial_month_balanced_minus_random,mae,13.122655061838817,16.82358460575066,3.700929543911844
whole_spatial_blocks,2005,0.0,5000,19,historical_spatial_month_balanced_minus_random,median_absolute_error,8.228298367770918,10.000918182179532,1.772619814408614
whole_spatial_blocks,2005,0.0,5000,19,historical_spatial_month_balanced_minus_random,p95_absolute_error,37.740453939172816,52.05473017475185,14.314276235579037
whole_spatial_blocks,2005,0.0,5000,19,historical_spatial_month_balanced_minus_random,p99_absolute_error,93.1028818601772,143.8125923140447,50.7097104538675
whole_spatial_blocks,2005,0.0,5000,19,historical_spatial_month_balanced_minus_random,bias,1.0295233325711153,-3.337276994658118,-4.3668003272292335
whole_spatial_blocks,2005,1.0,5000,0,historical_spatial_month_balanced_minus_random,rmse,18.262849332553827,25.534166797142863,7.2713174645890355
whole_spatial_blocks,2005,1.0,5000,0,historical_spatial_month_balanced_minus_random,mae,11.266812328550149,14.500677204711128,3.233864876160979
whole_spatial_blocks,2005,1.0,5000,0,historical_spatial_month_balanced_minus_random,median_absolute_error,7.585633724466902,8.956242492390288,1.370608767923386
whole_spatial_blocks,2005,1.0,5000,0,historical_spatial_month_balanced_minus_random,p95_absolute_error,33.10513052178215,46.07118740655172,12.966056884769571
whole_spatial_blocks,2005,1.0,5000,0,historical_spatial_month_balanced_minus_random,p99_absolute_error,68.18040403661176,103.7924434024526,35.61203936584084
whole_spatial_blocks,2005,1.0,5000,0,historical_spatial_month_balanced_minus_random,bias,0.1800617215882867,-2.728275049600954,-2.9083367711892407
whole_spatial_blocks,2005,1.0,5000,1,historical_spatial_month_balanced_minus_random,rmse,17.567730112450413,28.3253057413192,10.75757562886879
whole_spatial_blocks,2005,1.0,5000,1,historical_spatial_month_balanced_minus_random,mae,10.802403808075226,14.793604243524417,3.9912004354491906
whole_spatial_blocks,2005,1.0,5000,1,historical_spatial_month_balanced_minus_random,median_absolute_error,7.356037288431793,8.758558177101321,1.4025208886695282
whole_spatial_blocks,2005,1.0,5000,1,historical_spatial_month_balanced_minus_random,p95_absolute_error,31.13521973012653,43.88788753156356,12.752667801437028
whole_spatial_blocks,2005,1.0,5000,1,historical_spatial_month_balanced_minus_random,p99_absolute_error,64.38113198262847,131.0738493637805,66.69271738115204
whole_spatial_blocks,2005,1.0,5000,1,historical_spatial_month_balanced_minus_random,bias,0.2272161648116623,-2.473222963006254,-2.7004391278179165
whole_spatial_blocks,2005,1.0,5000,2,historical_spatial_month_balanced_minus_random,rmse,18.74905316708779,23.938969107199757,5.189915940111966
whole_spatial_blocks,2005,1.0,5000,2,historical_spatial_month_balanced_minus_random,mae,11.277958259925157,13.851450004554074,2.5734917446289174
whole_spatial_blocks,2005,1.0,5000,2,historical_spatial_month_balanced_minus_random,median_absolute_error,7.5174958427598995,8.58529990693495,1.06780406417505
whole_spatial_blocks,2005,1.0,5000,2,historical_spatial_month_balanced_minus_random,p95_absolute_error,32.73014476877095,42.86023019611029,10.130085427339338
whole_spatial_blocks,2005,1.0,5000,2,historical_spatial_month_balanced_minus_random,p99_absolute_error,70.2779384206291,88.96464948130651,18.68671106067741
whole_spatial_blocks,2005,1.0,5000,2,historical_spatial_month_balanced_minus_random,bias,-0.1278982069721887,-1.433753457337882,-1.3058552503656933
whole_spatial_blocks,2005,1.0,5000,3,historical_spatial_month_balanced_minus_random,rmse,19.753925564949675,26.5597106499306,6.805785084980926
whole_spatial_blocks,2005,1.0,5000,3,historical_spatial_month_balanced_minus_random,mae,11.67585254601488,14.264776442439684,2.588923896424804
whole_spatial_blocks,2005,1.0,5000,3,historical_spatial_month_balanced_minus_random,median_absolute_error,7.677633160123577,8.623791877764887,0.9461587176413104
whole_spatial_blocks,2005,1.0,5000,3,historical_spatial_month_balanced_minus_random,p95_absolute_error,34.396204580532014,44.13021167734859,9.734007096816576
whole_spatial_blocks,2005,1.0,5000,3,historical_spatial_month_balanced_minus_random,p99_absolute_error,81.56326338029562,102.0456805592527,20.48241717895708
whole_spatial_blocks,2005,1.0,5000,3,historical_spatial_month_balanced_minus_random,bias,0.3828748370038687,-2.129717667892886,-2.512592504896755
whole_spatial_blocks,2005,1.0,5000,4,historical_spatial_month_balanced_minus_random,rmse,19.30152798223993,23.9475710076917,4.646043025451771
whole_spatial_blocks,2005,1.0,5000,4,historical_spatial_month_balanced_minus_random,mae,11.585495430053932,13.661799051321704,2.0763036212677726
whole_spatial_blocks,2005,1.0,5000,4,historical_spatial_month_balanced_minus_random,median_absolute_error,7.601244268154176,8.614427336869568,1.0131830687153922
whole_spatial_blocks,2005,1.0,5000,4,historical_spatial_month_balanced_minus_random,p95_absolute_error,33.47287803345201,41.45760272454882,7.984724691096808
whole_spatial_blocks,2005,1.0,5000,4,historical_spatial_month_balanced_minus_random,p99_absolute_error,83.9852249174949,91.79407725874886,7.808852341253953
whole_spatial_blocks,2005,1.0,5000,4,historical_spatial_month_balanced_minus_random,bias,0.1621150567656138,-1.802610147357876,-1.9647252041234897
whole_spatial_blocks,2005,1.0,5000,5,historical_spatial_month_balanced_minus_random,rmse,19.356138152148315,28.31595785506548,8.959819702917166
whole_spatial_blocks,2005,1.0,5000,5,historical_spatial_month_balanced_minus_random,mae,11.589722867862193,14.31010517264848,2.7203823047862876
whole_spatial_blocks,2005,1.0,5000,5,historical_spatial_month_balanced_minus_random,median_absolute_error,7.725350731568767,8.665423846910045,0.9400731153412778
whole_spatial_blocks,2005,1.0,5000,5,historical_spatial_month_balanced_minus_random,p95_absolute_error,33.71507400051004,41.09504810798787,7.379974107477828
whole_spatial_blocks,2005,1.0,5000,5,historical_spatial_month_balanced_minus_random,p99_absolute_error,74.72260696059968,125.33503258765386,50.61242562705418
whole_spatial_blocks,2005,1.0,5000,5,historical_spatial_month_balanced_minus_random,bias,0.5440322833239741,-1.879810471490652,-2.4238427548146264
whole_spatial_blocks,2005,1.0,5000,6,historical_spatial_month_balanced_minus_random,rmse,30.962373766815126,28.668575890360064,-2.293797876455063
whole_spatial_blocks,2005,1.0,5000,6,historical_spatial_month_balanced_minus_random,mae,13.615115912385342,15.30035240656492,1.6852364941795788
whole_spatial_blocks,2005,1.0,5000,6,historical_spatial_month_balanced_minus_random,median_absolute_error,7.821341748456632,8.759007146424011,0.937665397967379
whole_spatial_blocks,2005,1.0,5000,6,historical_spatial_month_balanced_minus_random,p95_absolute_error,38.15125482047911,50.0381782083445,11.886923387865387
whole_spatial_blocks,2005,1.0,5000,6,historical_spatial_month_balanced_minus_random,p99_absolute_error,147.2828840221947,131.2828295424834,-16.00005447971131
whole_spatial_blocks,2005,1.0,5000,6,historical_spatial_month_balanced_minus_random,bias,3.203387942279581,-3.389946130773471,-6.593334073053052
whole_spatial_blocks,2005,1.0,5000,7,historical_spatial_month_balanced_minus_random,rmse,16.96696354911209,25.550468760776408,8.583505211664317
whole_spatial_blocks,2005,1.0,5000,7,historical_spatial_month_balanced_minus_random,mae,10.746287605607248,14.329410074287315,3.5831224686800667
whole_spatial_blocks,2005,1.0,5000,7,historical_spatial_month_balanced_minus_random,median_absolute_error,7.344050083141724,8.578283733300736,1.2342336501590125
whole_spatial_blocks,2005,1.0,5000,7,historical_spatial_month_balanced_minus_random,p95_absolute_error,31.49274623810493,46.79309227573596,15.300346037631027
whole_spatial_blocks,2005,1.0,5000,7,historical_spatial_month_balanced_minus_random,p99_absolute_error,62.52204017543709,104.88710585415248,42.36506567871539
whole_spatial_blocks,2005,1.0,5000,7,historical_spatial_month_balanced_minus_random,bias,0.4812649368571857,-2.2136089399999275,-2.694873876857113
whole_spatial_blocks,2005,1.0,5000,8,historical_spatial_month_balanced_minus_random,rmse,18.718215203652644,26.76621827619065,8.048003072538005
whole_spatial_blocks,2005,1.0,5000,8,historical_spatial_month_balanced_minus_random,mae,11.532470291441856,14.756258761972871,3.223788470531016
whole_spatial_blocks,2005,1.0,5000,8,historical_spatial_month_balanced_minus_random,median_absolute_error,7.862566354441895,8.893580353314093,1.031013998872198
whole_spatial_blocks,2005,1.0,5000,8,historical_spatial_month_balanced_minus_random,p95_absolute_error,33.00756197723206,49.5509667228548,16.543404745622745
whole_spatial_blocks,2005,1.0,5000,8,historical_spatial_month_balanced_minus_random,p99_absolute_error,69.61809172156572,99.68844221280224,30.070350491236525
whole_spatial_blocks,2005,1.0,5000,8,historical_spatial_month_balanced_minus_random,bias,0.2992906340129686,-3.4835058174209976,-3.782796451433966
whole_spatial_blocks,2005,1.0,5000,9,historical_spatial_month_balanced_minus_random,rmse,18.47943233313023,28.068099672549327,9.588667339419096
whole_spatial_blocks,2005,1.0,5000,9,historical_spatial_month_balanced_minus_random,mae,11.395154401091002,15.13592578632651,3.740771385235508
whole_spatial_blocks,2005,1.0,5000,9,historical_spatial_month_balanced_minus_random,median_absolute_error,7.6288388812502035,8.68469897052347,1.055860089273267
whole_spatial_blocks,2005,1.0,5000,9,historical_spatial_month_balanced_minus_random,p95_absolute_error,33.30713717977385,49.64315807542256,16.336020895648716
whole_spatial_blocks,2005,1.0,5000,9,historical_spatial_month_balanced_minus_random,p99_absolute_error,69.23714167133848,122.47277352650212,53.235631855163646
whole_spatial_blocks,2005,1.0,5000,9,historical_spatial_month_balanced_minus_random,bias,0.8781195245175486,-3.697939133902456,-4.5760586584200045
whole_spatial_blocks,2005,1.0,5000,10,historical_spatial_month_balanced_minus_random,rmse,18.08210543904036,24.44565702477541,6.363551585735049
whole_spatial_blocks,2005,1.0,5000,10,historical_spatial_month_balanced_minus_random,mae,11.24714253159333,13.799664867817793,2.552522336224463
whole_spatial_blocks,2005,1.0,5000,10,historical_spatial_month_balanced_minus_random,median_absolute_error,7.543866266308157,8.48491389483894,0.9410476285307823
whole_spatial_blocks,2005,1.0,5000,10,historical_spatial_month_balanced_minus_random,p95_absolute_error,33.31832564453453,43.34039206139463,10.022066416860099
whole_spatial_blocks,2005,1.0,5000,10,historical_spatial_month_balanced_minus_random,p99_absolute_error,72.91072880507578,93.6732138205554,20.762485015479626
whole_spatial_blocks,2005,1.0,5000,10,historical_spatial_month_balanced_minus_random,bias,0.4307057403353044,-1.7730364232688411,-2.2037421636041454
whole_spatial_blocks,2005,1.0,5000,11,historical_spatial_month_balanced_minus_random,rmse,19.65119279535773,28.88250591305488,9.231313117697152
whole_spatial_blocks,2005,1.0,5000,11,historical_spatial_month_balanced_minus_random,mae,11.40481942366714,15.38646705952675,3.981647635859609
whole_spatial_blocks,2005,1.0,5000,11,historical_spatial_month_balanced_minus_random,median_absolute_error,7.52313443519958,9.177064646761778,1.6539302115621979
whole_spatial_blocks,2005,1.0,5000,11,historical_spatial_month_balanced_minus_random,p95_absolute_error,33.06180654783022,45.60839471998469,12.546588172154465
whole_spatial_blocks,2005,1.0,5000,11,historical_spatial_month_balanced_minus_random,p99_absolute_error,72.22635239317394,137.72728769203286,65.50093529885892
whole_spatial_blocks,2005,1.0,5000,11,historical_spatial_month_balanced_minus_random,bias,-0.777435502360974,-3.256998042858248,-2.479562540497274
whole_spatial_blocks,2005,1.0,5000,12,historical_spatial_month_balanced_minus_random,rmse,22.5150839984518,26.84933018656767,4.33424618811587
whole_spatial_blocks,2005,1.0,5000,12,historical_spatial_month_balanced_minus_random,mae,12.403142640819926,14.88947091438943,2.4863282735695034
whole_spatial_blocks,2005,1.0,5000,12,historical_spatial_month_balanced_minus_random,median_absolute_error,7.776878009709378,8.875659073998321,1.0987810642889428
whole_spatial_blocks,2005,1.0,5000,12,historical_spatial_month_balanced_minus_random,p95_absolute_error,35.89309565848441,47.36625528177479,11.473159623290378
whole_spatial_blocks,2005,1.0,5000,12,historical_spatial_month_balanced_minus_random,p99_absolute_error,87.85768691693663,117.32530345674722,29.467616539810592
whole_spatial_blocks,2005,1.0,5000,12,historical_spatial_month_balanced_minus_random,bias,1.1055469680142826,-2.003232564809128,-3.1087795328234105
whole_spatial_blocks,2005,1.0,5000,13,historical_spatial_month_balanced_minus_random,rmse,21.38961780912508,29.433677434458588,8.044059625333507
whole_spatial_blocks,2005,1.0,5000,13,historical_spatial_month_balanced_minus_random,mae,11.6494581859873,15.628163782078726,3.9787055960914266
whole_spatial_blocks,2005,1.0,5000,13,historical_spatial_month_balanced_minus_random,median_absolute_error,7.494465052271067,8.967993409064974,1.4735283567939064
whole_spatial_blocks,2005,1.0,5000,13,historical_spatial_month_balanced_minus_random,p95_absolute_error,32.45611273163309,52.32703126428178,19.870918532648687
whole_spatial_blocks,2005,1.0,5000,13,historical_spatial_month_balanced_minus_random,p99_absolute_error,91.34090642932998,133.68143972381077,42.34053329448079
whole_spatial_blocks,2005,1.0,5000,13,historical_spatial_month_balanced_minus_random,bias,-0.1201313842295566,-4.083747581278686,-3.96361619704913
whole_spatial_blocks,2005,1.0,5000,14,historical_spatial_month_balanced_minus_random,rmse,26.242833642407373,27.02034120408769,0.7775075616803164
whole_spatial_blocks,2005,1.0,5000,14,historical_spatial_month_balanced_minus_random,mae,12.474902152131405,14.597249088538565,2.12234693640716
whole_spatial_blocks,2005,1.0,5000,14,historical_spatial_month_balanced_minus_random,median_absolute_error,7.564812707724627,8.552582407024119,0.9877696992994913
whole_spatial_blocks,2005,1.0,5000,14,historical_spatial_month_balanced_minus_random,p95_absolute_error,35.543491448185755,49.11052807529295,13.567036627107193
whole_spatial_blocks,2005,1.0,5000,14,historical_spatial_month_balanced_minus_random,p99_absolute_error,86.08199066577252,108.08301340669108,22.001022740918557
whole_spatial_blocks,2005,1.0,5000,14,historical_spatial_month_balanced_minus_random,bias,2.2794559881865006,-3.4038557835063794,-5.68331177169288
whole_spatial_blocks,2005,1.0,5000,15,historical_spatial_month_balanced_minus_random,rmse,18.599207030305912,28.12308745419796,9.523880423892049
whole_spatial_blocks,2005,1.0,5000,15,historical_spatial_month_balanced_minus_random,mae,11.036387443438183,14.706773915843227,3.6703864724050437
whole_spatial_blocks,2005,1.0,5000,15,historical_spatial_month_balanced_minus_random,median_absolute_error,7.265624596917604,8.804652294869186,1.5390276979515818
whole_spatial_blocks,2005,1.0,5000,15,historical_spatial_month_balanced_minus_random,p95_absolute_error,31.91513410997816,43.58600988604768,11.670875776069519
whole_spatial_blocks,2005,1.0,5000,15,historical_spatial_month_balanced_minus_random,p99_absolute_error,81.14182319810133,125.9050409874928,44.76321778939146
whole_spatial_blocks,2005,1.0,5000,15,historical_spatial_month_balanced_minus_random,bias,-0.3153250649295044,-3.296733538992575,-2.9814084740630706
whole_spatial_blocks,2005,1.0,5000,16,historical_spatial_month_balanced_minus_random,rmse,24.43253834105693,28.382107444477285,3.9495691034203553
whole_spatial_blocks,2005,1.0,5000,16,historical_spatial_month_balanced_minus_random,mae,12.466883003271636,15.14350319006707,2.676620186795434
whole_spatial_blocks,2005,1.0,5000,16,historical_spatial_month_balanced_minus_random,median_absolute_error,7.711857258850074,9.148395519107652,1.4365382602575778
whole_spatial_blocks,2005,1.0,5000,16,historical_spatial_month_balanced_minus_random,p95_absolute_error,35.92328387694991,43.81531427577014,7.892030398820232
whole_spatial_blocks,2005,1.0,5000,16,historical_spatial_month_balanced_minus_random,p99_absolute_error,93.53016407525092,129.92183133078447,36.39166725553355
whole_spatial_blocks,2005,1.0,5000,16,historical_spatial_month_balanced_minus_random,bias,2.212916435324255,-2.7966775359175977,-5.009593971241853
whole_spatial_blocks,2005,1.0,5000,17,historical_spatial_month_balanced_minus_random,rmse,23.57970256355492,29.459039829845374,5.879337266290452
whole_spatial_blocks,2005,1.0,5000,17,historical_spatial_month_balanced_minus_random,mae,11.913467947089227,15.68278530773387,3.769317360644642
whole_spatial_blocks,2005,1.0,5000,17,historical_spatial_month_balanced_minus_random,median_absolute_error,7.543431146687567,8.81486963456041,1.2714384878728424
whole_spatial_blocks,2005,1.0,5000,17,historical_spatial_month_balanced_minus_random,p95_absolute_error,34.25471000775908,52.35187311495178,18.0971631071927
whole_spatial_blocks,2005,1.0,5000,17,historical_spatial_month_balanced_minus_random,p99_absolute_error,82.05047069859754,134.33556285173307,52.28509215313554
whole_spatial_blocks,2005,1.0,5000,17,historical_spatial_month_balanced_minus_random,bias,1.4633305235385028,-3.6213303867785305,-5.084660910317034
whole_spatial_blocks,2005,1.0,5000,18,historical_spatial_month_balanced_minus_random,rmse,17.090103816839587,26.967818029471182,9.877714212631595
whole_spatial_blocks,2005,1.0,5000,18,historical_spatial_month_balanced_minus_random,mae,10.479348025006406,14.396111249364138,3.916763224357732
whole_spatial_blocks,2005,1.0,5000,18,historical_spatial_month_balanced_minus_random,median_absolute_error,7.15163211068969,8.36859827240869,1.2169661617190002
whole_spatial_blocks,2005,1.0,5000,18,historical_spatial_month_balanced_minus_random,p95_absolute_error,29.953416786457268,47.63574719860385,17.682330412146584
whole_spatial_blocks,2005,1.0,5000,18,historical_spatial_month_balanced_minus_random,p99_absolute_error,61.87121140149255,101.063366876886,39.19215547539344
whole_spatial_blocks,2005,1.0,5000,18,historical_spatial_month_balanced_minus_random,bias,0.583370367720812,-3.2012051010213014,-3.7845754687421134
whole_spatial_blocks,2005,1.0,5000,19,historical_spatial_month_balanced_minus_random,rmse,23.84665536389954,27.341135283116184,3.4944799192166442
whole_spatial_blocks,2005,1.0,5000,19,historical_spatial_month_balanced_minus_random,mae,12.55251680428966,14.925829911609725,2.3733131073200653
whole_spatial_blocks,2005,1.0,5000,19,historical_spatial_month_balanced_minus_random,median_absolute_error,7.876696489048157,8.931240307953743,1.0545438189055867
whole_spatial_blocks,2005,1.0,5000,19,historical_spatial_month_balanced_minus_random,p95_absolute_error,35.98911990961357,48.88460416433036,12.895484254716791
whole_spatial_blocks,2005,1.0,5000,19,historical_spatial_month_balanced_minus_random,p99_absolute_error,86.81842225762199,100.73814744709873,13.919725189476736
whole_spatial_blocks,2005,1.0,5000,19,historical_spatial_month_balanced_minus_random,bias,0.3555163184513265,-2.8723208655699093,-3.2278371840212357
whole_spatial_blocks,2005,2.0,5000,0,historical_spatial_month_balanced_minus_random,rmse,33.59133631078844,41.54886684145831,7.957530530669871
whole_spatial_blocks,2005,2.0,5000,0,historical_spatial_month_balanced_minus_random,mae,13.676398714826158,17.72205231440828,4.045653599582122
whole_spatial_blocks,2005,2.0,5000,0,historical_spatial_month_balanced_minus_random,median_absolute_error,8.346390669256579,9.90733582039499,1.5609451511384123
whole_spatial_blocks,2005,2.0,5000,0,historical_spatial_month_balanced_minus_random,p95_absolute_error,36.4052191938213,62.12578851661281,25.720569322791505
whole_spatial_blocks,2005,2.0,5000,0,historical_spatial_month_balanced_minus_random,p99_absolute_error,105.71043509135988,144.30478745226972,38.59435236090984
whole_spatial_blocks,2005,2.0,5000,0,historical_spatial_month_balanced_minus_random,bias,0.614716304130988,-4.266019348558335,-4.880735652689323
whole_spatial_blocks,2005,2.0,5000,1,historical_spatial_month_balanced_minus_random,rmse,32.39273847984117,42.09969482316858,9.706956343327413
whole_spatial_blocks,2005,2.0,5000,1,historical_spatial_month_balanced_minus_random,mae,12.797159840276432,18.153379740475668,5.356219900199235
whole_spatial_blocks,2005,2.0,5000,1,historical_spatial_month_balanced_minus_random,median_absolute_error,8.480769259559139,10.390344406015744,1.9095751464566053
whole_spatial_blocks,2005,2.0,5000,1,historical_spatial_month_balanced_minus_random,p95_absolute_error,33.15267353731014,59.90724792206884,26.754574384758698
whole_spatial_blocks,2005,2.0,5000,1,historical_spatial_month_balanced_minus_random,p99_absolute_error,76.99062172736879,150.17206213453247,73.18144040716368
whole_spatial_blocks,2005,2.0,5000,1,historical_spatial_month_balanced_minus_random,bias,-0.4200868310564753,-3.7761001000267487,-3.3560132689702735
whole_spatial_blocks,2005,2.0,5000,2,historical_spatial_month_balanced_minus_random,rmse,33.80579173729827,40.174008672710826,6.368216935412555
whole_spatial_blocks,2005,2.0,5000,2,historical_spatial_month_balanced_minus_random,mae,13.246010447895827,16.9462128627708,3.7002024148749726
whole_spatial_blocks,2005,2.0,5000,2,historical_spatial_month_balanced_minus_random,median_absolute_error,8.477086255178165,10.039131511260564,1.5620452560823992
whole_spatial_blocks,2005,2.0,5000,2,historical_spatial_month_balanced_minus_random,p95_absolute_error,36.0748712063393,50.58557770874747,14.51070650240817
whole_spatial_blocks,2005,2.0,5000,2,historical_spatial_month_balanced_minus_random,p99_absolute_error,80.68763135927259,141.03612585370496,60.34849449443237
whole_spatial_blocks,2005,2.0,5000,2,historical_spatial_month_balanced_minus_random,bias,-0.4228216982783476,-2.156755854034987,-1.7339341557566397
whole_spatial_blocks,2005,2.0,5000,3,historical_spatial_month_balanced_minus_random,rmse,32.98672733484444,44.47685450361592,11.49012716877148
whole_spatial_blocks,2005,2.0,5000,3,historical_spatial_month_balanced_minus_random,mae,13.841071796243227,19.127083783890253,5.286011987647026
whole_spatial_blocks,2005,2.0,5000,3,historical_spatial_month_balanced_minus_random,median_absolute_error,8.76334974214734,10.355725997356387,1.5923762552090466
whole_spatial_blocks,2005,2.0,5000,3,historical_spatial_month_balanced_minus_random,p95_absolute_error,37.8418067011025,63.97305304954789,26.131246348445394
whole_spatial_blocks,2005,2.0,5000,3,historical_spatial_month_balanced_minus_random,p99_absolute_error,99.19674034862952,171.93718993906452,72.740449590435
whole_spatial_blocks,2005,2.0,5000,3,historical_spatial_month_balanced_minus_random,bias,0.8938962559436976,-4.543829700605854,-5.437725956549551
whole_spatial_blocks,2005,2.0,5000,4,historical_spatial_month_balanced_minus_random,rmse,33.25587414478208,44.27678164943709,11.020907504655014
whole_spatial_blocks,2005,2.0,5000,4,historical_spatial_month_balanced_minus_random,mae,12.831230827330277,18.82357722880218,5.992346401471902
whole_spatial_blocks,2005,2.0,5000,4,historical_spatial_month_balanced_minus_random,median_absolute_error,8.157239312423371,9.96903889996048,1.8117995875371093
whole_spatial_blocks,2005,2.0,5000,4,historical_spatial_month_balanced_minus_random,p95_absolute_error,35.03265366750553,62.32835730083815,27.29570363333262
whole_spatial_blocks,2005,2.0,5000,4,historical_spatial_month_balanced_minus_random,p99_absolute_error,76.39919109362555,172.39942143688106,96.00023034325551
whole_spatial_blocks,2005,2.0,5000,4,historical_spatial_month_balanced_minus_random,bias,-0.8442907895717484,-4.539085563137437,-3.6947947735656888
whole_spatial_blocks,2005,2.0,5000,5,historical_spatial_month_balanced_minus_random,rmse,32.96954457152332,43.2963692787321,10.326824707208779
whole_spatial_blocks,2005,2.0,5000,5,historical_spatial_month_balanced_minus_random,mae,14.299148774618368,18.72204467758379,4.42289590296542
whole_spatial_blocks,2005,2.0,5000,5,historical_spatial_month_balanced_minus_random,median_absolute_error,8.837395036463334,10.155292255783849,1.317897219320514
whole_spatial_blocks,2005,2.0,5000,5,historical_spatial_month_balanced_minus_random,p95_absolute_error,40.74001890905199,61.61194026120983,20.87192135215784
whole_spatial_blocks,2005,2.0,5000,5,historical_spatial_month_balanced_minus_random,p99_absolute_error,99.22548229876504,161.65281647107815,62.42733417231311
whole_spatial_blocks,2005,2.0,5000,5,historical_spatial_month_balanced_minus_random,bias,1.01577651735873,-4.331532163877794,-5.347308681236524
whole_spatial_blocks,2005,2.0,5000,6,historical_spatial_month_balanced_minus_random,rmse,33.2721895263903,42.02193651332836,8.749746986938064
whole_spatial_blocks,2005,2.0,5000,6,historical_spatial_month_balanced_minus_random,mae,13.144355008333056,18.125446510117616,4.98109150178456
whole_spatial_blocks,2005,2.0,5000,6,historical_spatial_month_balanced_minus_random,median_absolute_error,8.464277424229778,10.169762661744926,1.7054852375151484
whole_spatial_blocks,2005,2.0,5000,6,historical_spatial_month_balanced_minus_random,p95_absolute_error,35.95281605283145,60.21034370164791,24.257527648816456
whole_spatial_blocks,2005,2.0,5000,6,historical_spatial_month_balanced_minus_random,p99_absolute_error,77.5823920886479,150.4413007522325,72.85890866358461
whole_spatial_blocks,2005,2.0,5000,6,historical_spatial_month_balanced_minus_random,bias,-0.681214135749469,-3.66656508062928,-2.9853509448798112
whole_spatial_blocks,2005,2.0,5000,7,historical_spatial_month_balanced_minus_random,rmse,43.04035656283135,42.2376005543507,-0.8027560084806495
whole_spatial_blocks,2005,2.0,5000,7,historical_spatial_month_balanced_minus_random,mae,16.15137842267691,18.187239809604936,2.035861386928026
whole_spatial_blocks,2005,2.0,5000,7,historical_spatial_month_balanced_minus_random,median_absolute_error,8.824485362405056,10.422862718178209,1.5983773557731524
whole_spatial_blocks,2005,2.0,5000,7,historical_spatial_month_balanced_minus_random,p95_absolute_error,39.02449598685495,57.47185336652528,18.44735737967033
whole_spatial_blocks,2005,2.0,5000,7,historical_spatial_month_balanced_minus_random,p99_absolute_error,202.1693148876817,153.6405894604673,-48.5287254272144
whole_spatial_blocks,2005,2.0,5000,7,historical_spatial_month_balanced_minus_random,bias,2.4273574359178665,-2.351541270642185,-4.778898706560051
whole_spatial_blocks,2005,2.0,5000,8,historical_spatial_month_balanced_minus_random,rmse,34.2210391966679,40.64934761098068,6.428308414312781
whole_spatial_blocks,2005,2.0,5000,8,historical_spatial_month_balanced_minus_random,mae,13.96175767278674,17.52140514581799,3.5596474730312497
whole_spatial_blocks,2005,2.0,5000,8,historical_spatial_month_balanced_minus_random,median_absolute_error,8.782430299196164,10.265884569764523,1.4834542705683589
whole_spatial_blocks,2005,2.0,5000,8,historical_spatial_month_balanced_minus_random,p95_absolute_error,36.90521318134867,55.97739944620466,19.072186264855986
whole_spatial_blocks,2005,2.0,5000,8,historical_spatial_month_balanced_minus_random,p99_absolute_error,108.25600296172904,135.8660131824617,27.61001022073266
whole_spatial_blocks,2005,2.0,5000,8,historical_spatial_month_balanced_minus_random,bias,0.5602320321264108,-3.884297174143455,-4.444529206269865
whole_spatial_blocks,2005,2.0,5000,9,historical_spatial_month_balanced_minus_random,rmse,34.2207784643333,41.50093791305941,7.28015944872611
whole_spatial_blocks,2005,2.0,5000,9,historical_spatial_month_balanced_minus_random,mae,13.562210524159626,17.693882262987028,4.131671738827402
whole_spatial_blocks,2005,2.0,5000,9,historical_spatial_month_balanced_minus_random,median_absolute_error,8.406005099409782,9.934358424458424,1.5283533250486414
whole_spatial_blocks,2005,2.0,5000,9,historical_spatial_month_balanced_minus_random,p95_absolute_error,38.079545381348574,56.49215918059571,18.41261379924714
whole_spatial_blocks,2005,2.0,5000,9,historical_spatial_month_balanced_minus_random,p99_absolute_error,91.39790449810992,149.74553040850884,58.34762591039892
whole_spatial_blocks,2005,2.0,5000,9,historical_spatial_month_balanced_minus_random,bias,-1.2121288391402154,-4.086549441147594,-2.8744206020073784
whole_spatial_blocks,2005,2.0,5000,10,historical_spatial_month_balanced_minus_random,rmse,48.06073267846364,44.329821867078,-3.730910811385634
whole_spatial_blocks,2005,2.0,5000,10,historical_spatial_month_balanced_minus_random,mae,16.51759406389321,18.44910216066406,1.9315080967708518
whole_spatial_blocks,2005,2.0,5000,10,historical_spatial_month_balanced_minus_random,median_absolute_error,8.453699216528236,9.76125518769652,1.3075559711682843
whole_spatial_blocks,2005,2.0,5000,10,historical_spatial_month_balanced_minus_random,p95_absolute_error,39.78102642965547,67.88396867688473,28.102942247229265
whole_spatial_blocks,2005,2.0,5000,10,historical_spatial_month_balanced_minus_random,p99_absolute_error,198.31999402175785,162.74853157759344,-35.57146244416441
whole_spatial_blocks,2005,2.0,5000,10,historical_spatial_month_balanced_minus_random,bias,2.624081577338851,-6.062108794522515,-8.686190371861365
whole_spatial_blocks,2005,2.0,5000,11,historical_spatial_month_balanced_minus_random,rmse,33.08151665729104,39.99638389332024,6.9148672360292025
whole_spatial_blocks,2005,2.0,5000,11,historical_spatial_month_balanced_minus_random,mae,12.94586633080688,16.71874059876616,3.7728742679592813
whole_spatial_blocks,2005,2.0,5000,11,historical_spatial_month_balanced_minus_random,median_absolute_error,8.50001810063253,9.991036068422147,1.4910179677896167
whole_spatial_blocks,2005,2.0,5000,11,historical_spatial_month_balanced_minus_random,p95_absolute_error,35.29451117791551,51.90512208161002,16.610610903694507
whole_spatial_blocks,2005,2.0,5000,11,historical_spatial_month_balanced_minus_random,p99_absolute_error,73.48987104580793,127.0558026669601,53.565931621152174
whole_spatial_blocks,2005,2.0,5000,11,historical_spatial_month_balanced_minus_random,bias,-0.9326121834129916,-3.387421841318731,-2.4548096579057392
whole_spatial_blocks,2005,2.0,5000,12,historical_spatial_month_balanced_minus_random,rmse,34.043850715633745,40.47959781942034,6.435747103786596
whole_spatial_blocks,2005,2.0,5000,12,historical_spatial_month_balanced_minus_random,mae,13.320160718818313,17.700563759860874,4.380403041042561
whole_spatial_blocks,2005,2.0,5000,12,historical_spatial_month_balanced_minus_random,median_absolute_error,8.337656448407756,10.52183693215187,2.1841804837441146
whole_spatial_blocks,2005,2.0,5000,12,historical_spatial_month_balanced_minus_random,p95_absolute_error,37.17924246697247,56.25871044713971,19.079467980167244
whole_spatial_blocks,2005,2.0,5000,12,historical_spatial_month_balanced_minus_random,p99_absolute_error,80.52573090058671,129.12208536995033,48.59635446936362
whole_spatial_blocks,2005,2.0,5000,12,historical_spatial_month_balanced_minus_random,bias,-0.851098711382127,-3.7670918983683856,-2.9159931869862588
whole_spatial_blocks,2005,2.0,5000,13,historical_spatial_month_balanced_minus_random,rmse,34.862467968671936,44.16950971222641,9.307041743554471
whole_spatial_blocks,2005,2.0,5000,13,historical_spatial_month_balanced_minus_random,mae,14.304211019503684,18.82661690410057,4.522405884596887
whole_spatial_blocks,2005,2.0,5000,13,historical_spatial_month_balanced_minus_random,median_absolute_error,8.782032313666093,10.07516936353511,1.2931370498690171
whole_spatial_blocks,2005,2.0,5000,13,historical_spatial_month_balanced_minus_random,p95_absolute_error,40.18654842821683,63.807931690518295,23.621383262301464
whole_spatial_blocks,2005,2.0,5000,13,historical_spatial_month_balanced_minus_random,p99_absolute_error,105.64570721911932,163.84224465768048,58.196537438561165
whole_spatial_blocks,2005,2.0,5000,13,historical_spatial_month_balanced_minus_random,bias,0.8939843769193792,-5.708633972059054,-6.602618348978433
whole_spatial_blocks,2005,2.0,5000,14,historical_spatial_month_balanced_minus_random,rmse,33.090478991485746,40.76820381480246,7.677724823316716
whole_spatial_blocks,2005,2.0,5000,14,historical_spatial_month_balanced_minus_random,mae,12.989662870739942,17.141027034369316,4.151364163629374
whole_spatial_blocks,2005,2.0,5000,14,historical_spatial_month_balanced_minus_random,median_absolute_error,8.286880400978731,9.846018278310169,1.5591378773314375
whole_spatial_blocks,2005,2.0,5000,14,historical_spatial_month_balanced_minus_random,p95_absolute_error,34.53021008822638,55.64638068381549,21.116170595589104
whole_spatial_blocks,2005,2.0,5000,14,historical_spatial_month_balanced_minus_random,p99_absolute_error,78.56582181359002,138.8534876727965,60.28766585920647
whole_spatial_blocks,2005,2.0,5000,14,historical_spatial_month_balanced_minus_random,bias,-0.7737777375230687,-3.100210645040709,-2.32643290751764
whole_spatial_blocks,2005,2.0,5000,15,historical_spatial_month_balanced_minus_random,rmse,33.21698591472018,41.08050745317901,7.863521538458826
whole_spatial_blocks,2005,2.0,5000,15,historical_spatial_month_balanced_minus_random,mae,13.53525604796276,17.84838188138611,4.313125833423351
whole_spatial_blocks,2005,2.0,5000,15,historical_spatial_month_balanced_minus_random,median_absolute_error,8.655472889913739,10.250846532342166,1.5953736424284273
whole_spatial_blocks,2005,2.0,5000,15,historical_spatial_month_balanced_minus_random,p95_absolute_error,37.79813342283006,57.26420135122648,19.46606792839642
whole_spatial_blocks,2005,2.0,5000,15,historical_spatial_month_balanced_minus_random,p99_absolute_error,82.11362037238578,149.94401837140418,67.8303979990184
whole_spatial_blocks,2005,2.0,5000,15,historical_spatial_month_balanced_minus_random,bias,-0.4567850517282779,-3.096665985119589,-2.6398809333913107
whole_spatial_blocks,2005,2.0,5000,16,historical_spatial_month_balanced_minus_random,rmse,32.15390487909395,42.53532780203626,10.381422922942306
whole_spatial_blocks,2005,2.0,5000,16,historical_spatial_month_balanced_minus_random,mae,13.16467880126086,18.39219351077451,5.227514709513651
whole_spatial_blocks,2005,2.0,5000,16,historical_spatial_month_balanced_minus_random,median_absolute_error,8.506427584311979,10.327933468791713,1.821505884479734
whole_spatial_blocks,2005,2.0,5000,16,historical_spatial_month_balanced_minus_random,p95_absolute_error,35.78729716171009,59.43374686974855,23.64644970803846
whole_spatial_blocks,2005,2.0,5000,16,historical_spatial_month_balanced_minus_random,p99_absolute_error,81.71856707301825,160.11715223009094,78.39858515707269
whole_spatial_blocks,2005,2.0,5000,16,historical_spatial_month_balanced_minus_random,bias,-0.2206250827675977,-4.446537123317793,-4.225912040550195
whole_spatial_blocks,2005,2.0,5000,17,historical_spatial_month_balanced_minus_random,rmse,33.00203753305718,42.52020305548394,9.518165522426763
whole_spatial_blocks,2005,2.0,5000,17,historical_spatial_month_balanced_minus_random,mae,13.58088468072077,18.391202091942198,4.810317411221428
whole_spatial_blocks,2005,2.0,5000,17,historical_spatial_month_balanced_minus_random,median_absolute_error,8.4549425422274,10.33428005618066,1.87933751395326
whole_spatial_blocks,2005,2.0,5000,17,historical_spatial_month_balanced_minus_random,p95_absolute_error,36.79961513516716,56.64148821890543,19.84187308373827
whole_spatial_blocks,2005,2.0,5000,17,historical_spatial_month_balanced_minus_random,p99_absolute_error,97.25018218438976,160.45861188085357,63.20842969646381
whole_spatial_blocks,2005,2.0,5000,17,historical_spatial_month_balanced_minus_random,bias,-0.1405279599192595,-3.7969162409113824,-3.6563882809921227
whole_spatial_blocks,2005,2.0,5000,18,historical_spatial_month_balanced_minus_random,rmse,32.692546949321155,41.92234183696959,9.229794887648438
whole_spatial_blocks,2005,2.0,5000,18,historical_spatial_month_balanced_minus_random,mae,13.005842199085556,18.228392446542827,5.222550247457271
whole_spatial_blocks,2005,2.0,5000,18,historical_spatial_month_balanced_minus_random,median_absolute_error,8.438777068433723,10.17653392010206,1.7377568516683368
whole_spatial_blocks,2005,2.0,5000,18,historical_spatial_month_balanced_minus_random,p95_absolute_error,34.71160114794177,61.610946279342215,26.899345131400445
whole_spatial_blocks,2005,2.0,5000,18,historical_spatial_month_balanced_minus_random,p99_absolute_error,79.56473393560137,155.84543769442183,76.28070375882047
whole_spatial_blocks,2005,2.0,5000,18,historical_spatial_month_balanced_minus_random,bias,-0.0829741696043351,-3.4388216767866457,-3.3558475071823106
whole_spatial_blocks,2005,2.0,5000,19,historical_spatial_month_balanced_minus_random,rmse,37.66434305289426,42.33523124128242,4.670888188388162
whole_spatial_blocks,2005,2.0,5000,19,historical_spatial_month_balanced_minus_random,mae,14.769250673870578,17.580694447614633,2.8114437737440543
whole_spatial_blocks,2005,2.0,5000,19,historical_spatial_month_balanced_minus_random,median_absolute_error,8.396528092339963,9.645904117544148,1.2493760252041852
whole_spatial_blocks,2005,2.0,5000,19,historical_spatial_month_balanced_minus_random,p95_absolute_error,37.14092283362622,62.00257546000394,24.86165262637772
whole_spatial_blocks,2005,2.0,5000,19,historical_spatial_month_balanced_minus_random,p99_absolute_error,157.73593510806754,148.8856887237665,-8.850246384301045
whole_spatial_blocks,2005,2.0,5000,19,historical_spatial_month_balanced_minus_random,bias,1.1710270154852649,-5.003107954135593,-6.174134969620858
whole_spatial_blocks,2005,3.0,5000,0,historical_spatial_month_balanced_minus_random,rmse,41.18321354136193,49.15301273973468,7.969799198372748
whole_spatial_blocks,2005,3.0,5000,0,historical_spatial_month_balanced_minus_random,mae,12.74790026967074,16.87363598635907,4.125735716688329
whole_spatial_blocks,2005,3.0,5000,0,historical_spatial_month_balanced_minus_random,median_absolute_error,8.108251206088028,9.17982856642078,1.0715773603327516
whole_spatial_blocks,2005,3.0,5000,0,historical_spatial_month_balanced_minus_random,p95_absolute_error,35.10846809702045,57.34826398167535,22.239795884654903
whole_spatial_blocks,2005,3.0,5000,0,historical_spatial_month_balanced_minus_random,p99_absolute_error,72.27424751119106,106.80318965091216,34.528942139721096
whole_spatial_blocks,2005,3.0,5000,0,historical_spatial_month_balanced_minus_random,bias,1.1382983227847476,-4.33127881808843,-5.469577140873177
whole_spatial_blocks,2005,3.0,5000,1,historical_spatial_month_balanced_minus_random,rmse,40.7285593943072,49.13254549651288,8.403986102205685
whole_spatial_blocks,2005,3.0,5000,1,historical_spatial_month_balanced_minus_random,mae,11.834285540419884,17.378212046224697,5.543926505804812
whole_spatial_blocks,2005,3.0,5000,1,historical_spatial_month_balanced_minus_random,median_absolute_error,7.806754913552794,9.496768372703372,1.6900134591505775
whole_spatial_blocks,2005,3.0,5000,1,historical_spatial_month_balanced_minus_random,p95_absolute_error,31.98370327417284,63.4692974165782,31.48559414240536
whole_spatial_blocks,2005,3.0,5000,1,historical_spatial_month_balanced_minus_random,p99_absolute_error,61.46036358598018,113.09167022813094,51.631306642150754
whole_spatial_blocks,2005,3.0,5000,1,historical_spatial_month_balanced_minus_random,bias,0.4386752472816324,-4.338895828227705,-4.7775710755093375
whole_spatial_blocks,2005,3.0,5000,2,historical_spatial_month_balanced_minus_random,rmse,40.70486702097822,50.55153792125127,9.846670900273047
whole_spatial_blocks,2005,3.0,5000,2,historical_spatial_month_balanced_minus_random,mae,12.442769436818,18.093890821945266,5.651121385127265
whole_spatial_blocks,2005,3.0,5000,2,historical_spatial_month_balanced_minus_random,median_absolute_error,8.236315016240127,9.462665016471476,1.2263500002313492
whole_spatial_blocks,2005,3.0,5000,2,historical_spatial_month_balanced_minus_random,p95_absolute_error,34.15001968892739,68.68318089733812,34.53316120841073
whole_spatial_blocks,2005,3.0,5000,2,historical_spatial_month_balanced_minus_random,p99_absolute_error,62.15957125930152,128.35788978106905,66.19831852176753
whole_spatial_blocks,2005,3.0,5000,2,historical_spatial_month_balanced_minus_random,bias,0.2801131351708191,-5.322363977307807,-5.602477112478627
whole_spatial_blocks,2005,3.0,5000,3,historical_spatial_month_balanced_minus_random,rmse,40.491344217187255,48.39144260153399,7.900098384346734
whole_spatial_blocks,2005,3.0,5000,3,historical_spatial_month_balanced_minus_random,mae,12.1263628969977,16.508328197832796,4.3819653008350965
whole_spatial_blocks,2005,3.0,5000,3,historical_spatial_month_balanced_minus_random,median_absolute_error,7.817060778706775,9.154204825978212,1.3371440472714369
whole_spatial_blocks,2005,3.0,5000,3,historical_spatial_month_balanced_minus_random,p95_absolute_error,33.16761575558914,55.77326800056994,22.605652244980803
whole_spatial_blocks,2005,3.0,5000,3,historical_spatial_month_balanced_minus_random,p99_absolute_error,64.30207641878863,99.13738642487895,34.835310006090324
whole_spatial_blocks,2005,3.0,5000,3,historical_spatial_month_balanced_minus_random,bias,0.7002229311539138,-4.5662787280946135,-5.266501659248528
whole_spatial_blocks,2005,3.0,5000,4,historical_spatial_month_balanced_minus_random,rmse,40.21845565512643,50.37429697211878,10.155841316992351
whole_spatial_blocks,2005,3.0,5000,4,historical_spatial_month_balanced_minus_random,mae,11.657562790377533,17.945572113511357,6.288009323133824
whole_spatial_blocks,2005,3.0,5000,4,historical_spatial_month_balanced_minus_random,median_absolute_error,7.977873619214506,9.475020063787523,1.4971464445730174
whole_spatial_blocks,2005,3.0,5000,4,historical_spatial_month_balanced_minus_random,p95_absolute_error,30.68582403074749,64.09311484769597,33.40729081694848
whole_spatial_blocks,2005,3.0,5000,4,historical_spatial_month_balanced_minus_random,p99_absolute_error,52.31403179412861,130.24376488219036,77.92973308806175
whole_spatial_blocks,2005,3.0,5000,4,historical_spatial_month_balanced_minus_random,bias,-0.2237827787477995,-5.591368300968832,-5.367585522221033
whole_spatial_blocks,2005,3.0,5000,5,historical_spatial_month_balanced_minus_random,rmse,40.19827732932236,47.67339088925974,7.475113559937384
whole_spatial_blocks,2005,3.0,5000,5,historical_spatial_month_balanced_minus_random,mae,11.985905794512078,15.90654421048784,3.9206384159757626
whole_spatial_blocks,2005,3.0,5000,5,historical_spatial_month_balanced_minus_random,median_absolute_error,8.044028446622832,9.123332013303582,1.0793035666807498
whole_spatial_blocks,2005,3.0,5000,5,historical_spatial_month_balanced_minus_random,p95_absolute_error,31.958434864155155,50.811601665042446,18.85316680088729
whole_spatial_blocks,2005,3.0,5000,5,historical_spatial_month_balanced_minus_random,p99_absolute_error,60.70782624814135,90.5972602651373,29.889434016995942
whole_spatial_blocks,2005,3.0,5000,5,historical_spatial_month_balanced_minus_random,bias,0.497113452793329,-3.2204842479939564,-3.7175977007872856
whole_spatial_blocks,2005,3.0,5000,6,historical_spatial_month_balanced_minus_random,rmse,40.74106911821404,49.91897027429933,9.17790115608529
whole_spatial_blocks,2005,3.0,5000,6,historical_spatial_month_balanced_minus_random,mae,11.97104669793129,17.62755644402529,5.656509746094001
whole_spatial_blocks,2005,3.0,5000,6,historical_spatial_month_balanced_minus_random,median_absolute_error,7.8808128360498415,9.6331009511066,1.7522881150567589
whole_spatial_blocks,2005,3.0,5000,6,historical_spatial_month_balanced_minus_random,p95_absolute_error,31.750819127636348,65.38468753306464,33.63386840542829
whole_spatial_blocks,2005,3.0,5000,6,historical_spatial_month_balanced_minus_random,p99_absolute_error,60.1186255478671,122.4369277131888,62.3183021653217
whole_spatial_blocks,2005,3.0,5000,6,historical_spatial_month_balanced_minus_random,bias,0.1341803897918102,-5.1085566699976415,-5.242737059789452
whole_spatial_blocks,2005,3.0,5000,7,historical_spatial_month_balanced_minus_random,rmse,40.52185320181391,49.46862359897572,8.946770397161806
whole_spatial_blocks,2005,3.0,5000,7,historical_spatial_month_balanced_minus_random,mae,12.439857466775813,16.868977213873123,4.42911974709731
whole_spatial_blocks,2005,3.0,5000,7,historical_spatial_month_balanced_minus_random,median_absolute_error,8.219628137924303,9.090081998324166,0.8704538603998628
whole_spatial_blocks,2005,3.0,5000,7,historical_spatial_month_balanced_minus_random,p95_absolute_error,34.388825830494206,65.89382900344599,31.50500317295178
whole_spatial_blocks,2005,3.0,5000,7,historical_spatial_month_balanced_minus_random,p99_absolute_error,62.27653547026031,109.62519376263896,47.348658292378644
whole_spatial_blocks,2005,3.0,5000,7,historical_spatial_month_balanced_minus_random,bias,1.0277112529567156,-4.845378698886778,-5.873089951843493
whole_spatial_blocks,2005,3.0,5000,8,historical_spatial_month_balanced_minus_random,rmse,38.96143214600892,49.93789806160429,10.97646591559537
whole_spatial_blocks,2005,3.0,5000,8,historical_spatial_month_balanced_minus_random,mae,12.368394036266777,16.849257370697792,4.480863334431016
whole_spatial_blocks,2005,3.0,5000,8,historical_spatial_month_balanced_minus_random,median_absolute_error,8.232430853417299,9.04816692688408,0.8157360734667822
whole_spatial_blocks,2005,3.0,5000,8,historical_spatial_month_balanced_minus_random,p95_absolute_error,34.312063028462084,58.42756585493612,24.115502826474035
whole_spatial_blocks,2005,3.0,5000,8,historical_spatial_month_balanced_minus_random,p99_absolute_error,62.94273751469031,118.07892508120833,55.13618756651802
whole_spatial_blocks,2005,3.0,5000,8,historical_spatial_month_balanced_minus_random,bias,0.595768888932002,-5.013869165081363,-5.609638054013366
whole_spatial_blocks,2005,3.0,5000,9,historical_spatial_month_balanced_minus_random,rmse,39.494486421997976,50.00970720235841,10.515220780360437
whole_spatial_blocks,2005,3.0,5000,9,historical_spatial_month_balanced_minus_random,mae,12.311536405776772,17.635507272699687,5.323970866922915
whole_spatial_blocks,2005,3.0,5000,9,historical_spatial_month_balanced_minus_random,median_absolute_error,8.071166898348622,9.326178566301849,1.2550116679532266
whole_spatial_blocks,2005,3.0,5000,9,historical_spatial_month_balanced_minus_random,p95_absolute_error,34.6083405020597,65.16500300514718,30.556662503087487
whole_spatial_blocks,2005,3.0,5000,9,historical_spatial_month_balanced_minus_random,p99_absolute_error,61.76045974725466,130.3438654248391,68.58340567758444
whole_spatial_blocks,2005,3.0,5000,9,historical_spatial_month_balanced_minus_random,bias,1.116178506924652,-5.573091416165613,-6.689269923090265
whole_spatial_blocks,2005,3.0,5000,10,historical_spatial_month_balanced_minus_random,rmse,40.77438504053773,47.8098097446319,7.035424704094169
whole_spatial_blocks,2005,3.0,5000,10,historical_spatial_month_balanced_minus_random,mae,12.055994895688318,16.43885224660837,4.382857350920052
whole_spatial_blocks,2005,3.0,5000,10,historical_spatial_month_balanced_minus_random,median_absolute_error,8.124878360042288,9.763215553192822,1.6383371931505337
whole_spatial_blocks,2005,3.0,5000,10,historical_spatial_month_balanced_minus_random,p95_absolute_error,32.98931348957078,51.61770398609287,18.628390496522087
whole_spatial_blocks,2005,3.0,5000,10,historical_spatial_month_balanced_minus_random,p99_absolute_error,54.96747002448374,97.065897545854,42.09842752137026
whole_spatial_blocks,2005,3.0,5000,10,historical_spatial_month_balanced_minus_random,bias,0.0064520996539346,-3.2054626075811803,-3.211914707235115
whole_spatial_blocks,2005,3.0,5000,11,historical_spatial_month_balanced_minus_random,rmse,38.46349131267424,49.877128105973135,11.413636793298892
whole_spatial_blocks,2005,3.0,5000,11,historical_spatial_month_balanced_minus_random,mae,12.12340215447435,17.675446184427347,5.552044029952997
whole_spatial_blocks,2005,3.0,5000,11,historical_spatial_month_balanced_minus_random,median_absolute_error,8.14647505227859,9.450868090547884,1.3043930382692945
whole_spatial_blocks,2005,3.0,5000,11,historical_spatial_month_balanced_minus_random,p95_absolute_error,32.46239334446153,68.3410309747593,35.878637630297774
whole_spatial_blocks,2005,3.0,5000,11,historical_spatial_month_balanced_minus_random,p99_absolute_error,61.81001447149459,114.79342358045558,52.98340910896099
whole_spatial_blocks,2005,3.0,5000,11,historical_spatial_month_balanced_minus_random,bias,0.8549921666738357,-4.873489959546598,-5.728482126220434
whole_spatial_blocks,2005,3.0,5000,12,historical_spatial_month_balanced_minus_random,rmse,39.05524106888996,50.14573501011047,11.090493941220508
whole_spatial_blocks,2005,3.0,5000,12,historical_spatial_month_balanced_minus_random,mae,11.690141841566094,17.648957788189826,5.958815946623732
whole_spatial_blocks,2005,3.0,5000,12,historical_spatial_month_balanced_minus_random,median_absolute_error,8.035111060011417,9.420067160966056,1.3849561009546392
whole_spatial_blocks,2005,3.0,5000,12,historical_spatial_month_balanced_minus_random,p95_absolute_error,31.09367989714327,62.8717107576073,31.778030860464032
whole_spatial_blocks,2005,3.0,5000,12,historical_spatial_month_balanced_minus_random,p99_absolute_error,55.28290569134803,131.91180010090815,76.62889440956013
whole_spatial_blocks,2005,3.0,5000,12,historical_spatial_month_balanced_minus_random,bias,-0.172278448711433,-4.273147493366552,-4.100869044655119
whole_spatial_blocks,2005,3.0,5000,13,historical_spatial_month_balanced_minus_random,rmse,37.80127821455496,50.00343227710239,12.202154062547429
whole_spatial_blocks,2005,3.0,5000,13,historical_spatial_month_balanced_minus_random,mae,12.43044990890814,17.676971131215765,5.246521222307626
whole_spatial_blocks,2005,3.0,5000,13,historical_spatial_month_balanced_minus_random,median_absolute_error,8.033400710313032,9.280272299220885,1.2468715889078528
whole_spatial_blocks,2005,3.0,5000,13,historical_spatial_month_balanced_minus_random,p95_absolute_error,33.14858202372937,62.53355081652289,29.384968792793522
whole_spatial_blocks,2005,3.0,5000,13,historical_spatial_month_balanced_minus_random,p99_absolute_error,67.90678671933334,131.61353495919195,63.70674823985861
whole_spatial_blocks,2005,3.0,5000,13,historical_spatial_month_balanced_minus_random,bias,0.6384889018920369,-5.260212246735853,-5.89870114862789
whole_spatial_blocks,2005,3.0,5000,14,historical_spatial_month_balanced_minus_random,rmse,39.36646771532216,47.84881538786646,8.4823476725443
whole_spatial_blocks,2005,3.0,5000,14,historical_spatial_month_balanced_minus_random,mae,11.75045945026794,16.15248004636932,4.40202059610138
whole_spatial_blocks,2005,3.0,5000,14,historical_spatial_month_balanced_minus_random,median_absolute_error,7.766916123543325,8.9732018677457,1.2062857442023756
whole_spatial_blocks,2005,3.0,5000,14,historical_spatial_month_balanced_minus_random,p95_absolute_error,31.43207589619633,53.714869368317,22.282793472120666
whole_spatial_blocks,2005,3.0,5000,14,historical_spatial_month_balanced_minus_random,p99_absolute_error,63.20180807400569,99.48445753445276,36.28264946044707
whole_spatial_blocks,2005,3.0,5000,14,historical_spatial_month_balanced_minus_random,bias,0.3909041836761936,-3.574342121258201,-3.9652463049343947
whole_spatial_blocks,2005,3.0,5000,15,historical_spatial_month_balanced_minus_random,rmse,40.03179992423506,50.539801758394816,10.508001834159757
whole_spatial_blocks,2005,3.0,5000,15,historical_spatial_month_balanced_minus_random,mae,11.770779033930973,17.99501206972019,6.224233035789217
whole_spatial_blocks,2005,3.0,5000,15,historical_spatial_month_balanced_minus_random,median_absolute_error,7.920702382287601,9.290887626642842,1.3701852443552411
whole_spatial_blocks,2005,3.0,5000,15,historical_spatial_month_balanced_minus_random,p95_absolute_error,31.499788909946567,72.52406885326002,41.02427994331345
whole_spatial_blocks,2005,3.0,5000,15,historical_spatial_month_balanced_minus_random,p99_absolute_error,57.81843747448204,119.96933181152656,62.15089433704452
whole_spatial_blocks,2005,3.0,5000,15,historical_spatial_month_balanced_minus_random,bias,0.1812901406452162,-5.9198201573474485,-6.101110297992665
whole_spatial_blocks,2005,3.0,5000,16,historical_spatial_month_balanced_minus_random,rmse,40.82909954284673,49.61869297069671,8.789593427849987
whole_spatial_blocks,2005,3.0,5000,16,historical_spatial_month_balanced_minus_random,mae,11.881722436233131,17.319836561136825,5.438114124903693
whole_spatial_blocks,2005,3.0,5000,16,historical_spatial_month_balanced_minus_random,median_absolute_error,7.972552723393278,9.505705333286985,1.5331526098937065
whole_spatial_blocks,2005,3.0,5000,16,historical_spatial_month_balanced_minus_random,p95_absolute_error,31.702189230314847,61.6614604616183,29.95927123130345
whole_spatial_blocks,2005,3.0,5000,16,historical_spatial_month_balanced_minus_random,p99_absolute_error,58.387772486036575,114.22423620266348,55.8364637166269
whole_spatial_blocks,2005,3.0,5000,16,historical_spatial_month_balanced_minus_random,bias,-0.7057321337008859,-5.19812813246201,-4.492395998761124
whole_spatial_blocks,2005,3.0,5000,17,historical_spatial_month_balanced_minus_random,rmse,39.30171625272028,47.69997605858507,8.39825980586479
whole_spatial_blocks,2005,3.0,5000,17,historical_spatial_month_balanced_minus_random,mae,11.531438503547191,16.647126855974204,5.1156883524270125
whole_spatial_blocks,2005,3.0,5000,17,historical_spatial_month_balanced_minus_random,median_absolute_error,7.81272871496347,9.646161449615136,1.833432734651666
whole_spatial_blocks,2005,3.0,5000,17,historical_spatial_month_balanced_minus_random,p95_absolute_error,29.86291266670548,53.456202025906414,23.593289359200934
whole_spatial_blocks,2005,3.0,5000,17,historical_spatial_month_balanced_minus_random,p99_absolute_error,55.79718452456277,95.25506821693352,39.45788369237075
whole_spatial_blocks,2005,3.0,5000,17,historical_spatial_month_balanced_minus_random,bias,0.4637018259645893,-3.120998726740236,-3.5847005527048257
whole_spatial_blocks,2005,3.0,5000,18,historical_spatial_month_balanced_minus_random,rmse,40.49502685605156,49.04951101204352,8.554484155991958
whole_spatial_blocks,2005,3.0,5000,18,historical_spatial_month_balanced_minus_random,mae,11.595928883421104,17.340592704306488,5.744663820885384
whole_spatial_blocks,2005,3.0,5000,18,historical_spatial_month_balanced_minus_random,median_absolute_error,7.760484019717779,9.645806284591544,1.8853222648737642
whole_spatial_blocks,2005,3.0,5000,18,historical_spatial_month_balanced_minus_random,p95_absolute_error,31.50318958291312,60.38211759324467,28.878928010331553
whole_spatial_blocks,2005,3.0,5000,18,historical_spatial_month_balanced_minus_random,p99_absolute_error,57.53728683596389,110.40938655186136,52.87209971589747
whole_spatial_blocks,2005,3.0,5000,18,historical_spatial_month_balanced_minus_random,bias,0.6236528102900394,-4.0917860423746735,-4.715438852664713
whole_spatial_blocks,2005,3.0,5000,19,historical_spatial_month_balanced_minus_random,rmse,40.5391964600444,47.9275961791027,7.388399719058299
whole_spatial_blocks,2005,3.0,5000,19,historical_spatial_month_balanced_minus_random,mae,11.814356225334038,16.063539959560135,4.249183734226097
whole_spatial_blocks,2005,3.0,5000,19,historical_spatial_month_balanced_minus_random,median_absolute_error,7.892847364381964,9.239496812808651,1.346649448426687
whole_spatial_blocks,2005,3.0,5000,19,historical_spatial_month_balanced_minus_random,p95_absolute_error,31.531705933534656,53.71064544947552,22.178939515940865
whole_spatial_blocks,2005,3.0,5000,19,historical_spatial_month_balanced_minus_random,p99_absolute_error,58.20890556541172,99.97267393723754,41.763768371825826
whole_spatial_blocks,2005,3.0,5000,19,historical_spatial_month_balanced_minus_random,bias,1.0882008961466654,-4.422084526884267,-5.510285423030933
whole_spatial_blocks,2005,4.0,5000,0,historical_spatial_month_balanced_minus_random,rmse,22.3998081415098,30.33618007480733,7.936371933297529
whole_spatial_blocks,2005,4.0,5000,0,historical_spatial_month_balanced_minus_random,mae,12.429506610682097,16.534363282762534,4.104856672080437
whole_spatial_blocks,2005,4.0,5000,0,historical_spatial_month_balanced_minus_random,median_absolute_error,8.176340348021427,10.093453395660845,1.9171130476394183
whole_spatial_blocks,2005,4.0,5000,0,historical_spatial_month_balanced_minus_random,p95_absolute_error,35.92838494546771,50.42129520521013,14.492910259742416
whole_spatial_blocks,2005,4.0,5000,0,historical_spatial_month_balanced_minus_random,p99_absolute_error,63.30295737130673,104.62745070662852,41.32449333532179
whole_spatial_blocks,2005,4.0,5000,0,historical_spatial_month_balanced_minus_random,bias,-0.765372686660889,-5.628874489578161,-4.863501802917272
whole_spatial_blocks,2005,4.0,5000,1,historical_spatial_month_balanced_minus_random,rmse,22.72730519341513,31.77136362088037,9.044058427465238
whole_spatial_blocks,2005,4.0,5000,1,historical_spatial_month_balanced_minus_random,mae,12.709455145948324,16.723774851090177,4.014319705141853
whole_spatial_blocks,2005,4.0,5000,1,historical_spatial_month_balanced_minus_random,median_absolute_error,8.433362412914619,10.123412508394551,1.6900500954799327
whole_spatial_blocks,2005,4.0,5000,1,historical_spatial_month_balanced_minus_random,p95_absolute_error,36.89867363766804,49.95238833077239,13.053714693104354
whole_spatial_blocks,2005,4.0,5000,1,historical_spatial_month_balanced_minus_random,p99_absolute_error,64.46313834851799,104.69526055748416,40.232122208966175
whole_spatial_blocks,2005,4.0,5000,1,historical_spatial_month_balanced_minus_random,bias,-0.3619097894115504,-5.574796056486559,-5.2128862670750085
whole_spatial_blocks,2005,4.0,5000,2,historical_spatial_month_balanced_minus_random,rmse,22.3857861282257,30.420362673189608,8.034576544963908
whole_spatial_blocks,2005,4.0,5000,2,historical_spatial_month_balanced_minus_random,mae,12.517927057314786,16.092909791955524,3.574982734640738
whole_spatial_blocks,2005,4.0,5000,2,historical_spatial_month_balanced_minus_random,median_absolute_error,8.2776424369207,9.852772906354517,1.575130469433816
whole_spatial_blocks,2005,4.0,5000,2,historical_spatial_month_balanced_minus_random,p95_absolute_error,36.87270081484368,50.06524197818317,13.192541163339484
whole_spatial_blocks,2005,4.0,5000,2,historical_spatial_month_balanced_minus_random,p99_absolute_error,64.50190747191164,95.54293761460302,31.041030142691383
whole_spatial_blocks,2005,4.0,5000,2,historical_spatial_month_balanced_minus_random,bias,-0.7145745103447492,-5.512912914203947,-4.798338403859198
whole_spatial_blocks,2005,4.0,5000,3,historical_spatial_month_balanced_minus_random,rmse,22.90458465145021,31.480166180210173,8.575581528759962
whole_spatial_blocks,2005,4.0,5000,3,historical_spatial_month_balanced_minus_random,mae,12.726154019688767,17.028369009083246,4.3022149893944786
whole_spatial_blocks,2005,4.0,5000,3,historical_spatial_month_balanced_minus_random,median_absolute_error,8.523757464781426,10.619750743287112,2.095993278505686
whole_spatial_blocks,2005,4.0,5000,3,historical_spatial_month_balanced_minus_random,p95_absolute_error,37.22851923451776,51.14669346912737,13.918174234609609
whole_spatial_blocks,2005,4.0,5000,3,historical_spatial_month_balanced_minus_random,p99_absolute_error,62.00231736272055,106.45830800496137,44.45599064224082
whole_spatial_blocks,2005,4.0,5000,3,historical_spatial_month_balanced_minus_random,bias,-0.7817168964588804,-5.92946695212243,-5.14775005566355
whole_spatial_blocks,2005,4.0,5000,4,historical_spatial_month_balanced_minus_random,rmse,23.04933109270327,31.28455393882693,8.235222846123662
whole_spatial_blocks,2005,4.0,5000,4,historical_spatial_month_balanced_minus_random,mae,13.237859438798385,16.351663548817946,3.1138041100195615
whole_spatial_blocks,2005,4.0,5000,4,historical_spatial_month_balanced_minus_random,median_absolute_error,8.731982224572192,9.80359211525456,1.0716098906823674
whole_spatial_blocks,2005,4.0,5000,4,historical_spatial_month_balanced_minus_random,p95_absolute_error,39.30855884400182,51.69808688384772,12.3895280398459
whole_spatial_blocks,2005,4.0,5000,4,historical_spatial_month_balanced_minus_random,p99_absolute_error,67.00756878690136,102.94394989097007,35.936381104068715
whole_spatial_blocks,2005,4.0,5000,4,historical_spatial_month_balanced_minus_random,bias,-0.1142924225417893,-5.774507484382244,-5.660215061840455
whole_spatial_blocks,2005,4.0,5000,5,historical_spatial_month_balanced_minus_random,rmse,23.421474886160595,29.1738318825927,5.7523569964321055
whole_spatial_blocks,2005,4.0,5000,5,historical_spatial_month_balanced_minus_random,mae,13.03567543394762,16.16686546625554,3.13119003230792
whole_spatial_blocks,2005,4.0,5000,5,historical_spatial_month_balanced_minus_random,median_absolute_error,8.403762718355637,10.110546127555324,1.7067834091996872
whole_spatial_blocks,2005,4.0,5000,5,historical_spatial_month_balanced_minus_random,p95_absolute_error,38.77623647875008,50.02434371045501,11.248107231704928
whole_spatial_blocks,2005,4.0,5000,5,historical_spatial_month_balanced_minus_random,p99_absolute_error,64.47747471712051,98.27979890368265,33.80232418656213
whole_spatial_blocks,2005,4.0,5000,5,historical_spatial_month_balanced_minus_random,bias,-1.4298632556499822,-3.808816649455767,-2.378953393805785
whole_spatial_blocks,2005,4.0,5000,6,historical_spatial_month_balanced_minus_random,rmse,22.779459799049743,28.857214780183515,6.077754981133772
whole_spatial_blocks,2005,4.0,5000,6,historical_spatial_month_balanced_minus_random,mae,12.8339488846665,15.847690538121102,3.013741653454602
whole_spatial_blocks,2005,4.0,5000,6,historical_spatial_month_balanced_minus_random,median_absolute_error,8.602292113304344,9.960734489309344,1.3584423760049997
whole_spatial_blocks,2005,4.0,5000,6,historical_spatial_month_balanced_minus_random,p95_absolute_error,36.97776980772426,48.233185799563245,11.255415991838987
whole_spatial_blocks,2005,4.0,5000,6,historical_spatial_month_balanced_minus_random,p99_absolute_error,63.75161038865157,95.36011297278736,31.608502584135792
whole_spatial_blocks,2005,4.0,5000,6,historical_spatial_month_balanced_minus_random,bias,-0.7722887313127851,-3.809453687002406,-3.037164955689621
whole_spatial_blocks,2005,4.0,5000,7,historical_spatial_month_balanced_minus_random,rmse,22.73792709457684,31.433732818707515,8.695805724130675
whole_spatial_blocks,2005,4.0,5000,7,historical_spatial_month_balanced_minus_random,mae,12.898319147206104,16.736822557456954,3.8385034102508495
whole_spatial_blocks,2005,4.0,5000,7,historical_spatial_month_balanced_minus_random,median_absolute_error,8.549261157286821,10.01573489036994,1.4664737330831183
whole_spatial_blocks,2005,4.0,5000,7,historical_spatial_month_balanced_minus_random,p95_absolute_error,37.41652299286169,55.3728145845372,17.956291591675516
whole_spatial_blocks,2005,4.0,5000,7,historical_spatial_month_balanced_minus_random,p99_absolute_error,66.02273370642992,108.34744194718498,42.32470824075506
whole_spatial_blocks,2005,4.0,5000,7,historical_spatial_month_balanced_minus_random,bias,-0.7773062578416601,-5.705321504219801,-4.92801524637814
whole_spatial_blocks,2005,4.0,5000,8,historical_spatial_month_balanced_minus_random,rmse,22.53399492443336,34.11102166688685,11.577026742453487
whole_spatial_blocks,2005,4.0,5000,8,historical_spatial_month_balanced_minus_random,mae,12.434205620919377,17.915666784103095,5.4814611631837185
whole_spatial_blocks,2005,4.0,5000,8,historical_spatial_month_balanced_minus_random,median_absolute_error,8.19787324240636,9.87652887270761,1.6786556303012503
whole_spatial_blocks,2005,4.0,5000,8,historical_spatial_month_balanced_minus_random,p95_absolute_error,36.62749367724625,64.61078597584657,27.98329229860032
whole_spatial_blocks,2005,4.0,5000,8,historical_spatial_month_balanced_minus_random,p99_absolute_error,64.34032151506955,124.52714286953828,60.186821354468734
whole_spatial_blocks,2005,4.0,5000,8,historical_spatial_month_balanced_minus_random,bias,-1.2720250911468065,-7.106377524781078,-5.834352433634272
whole_spatial_blocks,2005,4.0,5000,9,historical_spatial_month_balanced_minus_random,rmse,23.479964063108387,31.47626459158357,7.996300528475182
whole_spatial_blocks,2005,4.0,5000,9,historical_spatial_month_balanced_minus_random,mae,12.9817014899691,16.60959096674251,3.62788947677341
whole_spatial_blocks,2005,4.0,5000,9,historical_spatial_month_balanced_minus_random,median_absolute_error,8.375247614504218,10.251074920381484,1.8758273058772659
whole_spatial_blocks,2005,4.0,5000,9,historical_spatial_month_balanced_minus_random,p95_absolute_error,38.2329077521986,50.44141561938287,12.208507867184274
whole_spatial_blocks,2005,4.0,5000,9,historical_spatial_month_balanced_minus_random,p99_absolute_error,70.6922276917393,109.75426140954522,39.06203371780592
whole_spatial_blocks,2005,4.0,5000,9,historical_spatial_month_balanced_minus_random,bias,-0.498521847170842,-5.974649241462675,-5.476127394291833
whole_spatial_blocks,2005,4.0,5000,10,historical_spatial_month_balanced_minus_random,rmse,22.633095109619376,32.83331432912415,10.200219219504774
whole_spatial_blocks,2005,4.0,5000,10,historical_spatial_month_balanced_minus_random,mae,12.668229862564116,16.922915691802263,4.254685829238147
whole_spatial_blocks,2005,4.0,5000,10,historical_spatial_month_balanced_minus_random,median_absolute_error,8.273157374464517,10.031322242853548,1.7581648683890307
whole_spatial_blocks,2005,4.0,5000,10,historical_spatial_month_balanced_minus_random,p95_absolute_error,37.5923936333093,50.97316771230034,13.380774078991038
whole_spatial_blocks,2005,4.0,5000,10,historical_spatial_month_balanced_minus_random,p99_absolute_error,66.29997309421168,140.17037078774356,73.87039769353188
whole_spatial_blocks,2005,4.0,5000,10,historical_spatial_month_balanced_minus_random,bias,-1.1836452293115682,-5.701762528142903,-4.518117298831335
whole_spatial_blocks,2005,4.0,5000,11,historical_spatial_month_balanced_minus_random,rmse,22.78788038960632,32.85639674498932,10.068516355383
whole_spatial_blocks,2005,4.0,5000,11,historical_spatial_month_balanced_minus_random,mae,12.86740193606505,17.077488070347812,4.210086134282761
whole_spatial_blocks,2005,4.0,5000,11,historical_spatial_month_balanced_minus_random,median_absolute_error,8.419483816040525,9.981289669511654,1.561805853471128
whole_spatial_blocks,2005,4.0,5000,11,historical_spatial_month_balanced_minus_random,p95_absolute_error,38.32141663537443,51.30261489812904,12.98119826275461
whole_spatial_blocks,2005,4.0,5000,11,historical_spatial_month_balanced_minus_random,p99_absolute_error,65.22104988652013,138.5475488781834,73.32649899166326
whole_spatial_blocks,2005,4.0,5000,11,historical_spatial_month_balanced_minus_random,bias,-0.833489571686354,-6.05436845564999,-5.2208788839636355
whole_spatial_blocks,2005,4.0,5000,12,historical_spatial_month_balanced_minus_random,rmse,23.55470910091862,32.429259011096235,8.874549910177617
whole_spatial_blocks,2005,4.0,5000,12,historical_spatial_month_balanced_minus_random,mae,12.899960162673358,16.911117944375963,4.011157781702606
whole_spatial_blocks,2005,4.0,5000,12,historical_spatial_month_balanced_minus_random,median_absolute_error,8.46834182367212,10.003489349658992,1.535147525986872
whole_spatial_blocks,2005,4.0,5000,12,historical_spatial_month_balanced_minus_random,p95_absolute_error,37.93684259500381,52.22869827797591,14.291855682972098
whole_spatial_blocks,2005,4.0,5000,12,historical_spatial_month_balanced_minus_random,p99_absolute_error,70.63987692221313,136.48281100961933,65.84293408740619
whole_spatial_blocks,2005,4.0,5000,12,historical_spatial_month_balanced_minus_random,bias,-0.836804177169511,-6.1180340495901815,-5.2812298724206705
whole_spatial_blocks,2005,4.0,5000,13,historical_spatial_month_balanced_minus_random,rmse,22.648298180653924,30.909649245414165,8.261351064760241
whole_spatial_blocks,2005,4.0,5000,13,historical_spatial_month_balanced_minus_random,mae,12.866427084239312,16.248792508377704,3.382365424138392
whole_spatial_blocks,2005,4.0,5000,13,historical_spatial_month_balanced_minus_random,median_absolute_error,8.522243093269651,9.798236958031282,1.275993864761631
whole_spatial_blocks,2005,4.0,5000,13,historical_spatial_month_balanced_minus_random,p95_absolute_error,37.57917630109314,52.438511792320895,14.859335491227753
whole_spatial_blocks,2005,4.0,5000,13,historical_spatial_month_balanced_minus_random,p99_absolute_error,67.31569296059091,104.2012838131513,36.8855908525604
whole_spatial_blocks,2005,4.0,5000,13,historical_spatial_month_balanced_minus_random,bias,-0.3333226558623106,-5.970023961388807,-5.636701305526497
whole_spatial_blocks,2005,4.0,5000,14,historical_spatial_month_balanced_minus_random,rmse,22.774008757470902,31.766800246440468,8.992791488969566
whole_spatial_blocks,2005,4.0,5000,14,historical_spatial_month_balanced_minus_random,mae,13.02334224370342,16.928636457266926,3.905294213563506
whole_spatial_blocks,2005,4.0,5000,14,historical_spatial_month_balanced_minus_random,median_absolute_error,8.836484198703971,10.01503066935959,1.1785464706556184
whole_spatial_blocks,2005,4.0,5000,14,historical_spatial_month_balanced_minus_random,p95_absolute_error,37.40216509957696,54.02147583897646,16.619310739399495
whole_spatial_blocks,2005,4.0,5000,14,historical_spatial_month_balanced_minus_random,p99_absolute_error,63.6711728343692,110.0680369331054,46.3968640987362
whole_spatial_blocks,2005,4.0,5000,14,historical_spatial_month_balanced_minus_random,bias,-1.4635505816624472,-6.050812629186261,-4.587262047523813
whole_spatial_blocks,2005,4.0,5000,15,historical_spatial_month_balanced_minus_random,rmse,23.60930083561672,33.99221723125082,10.382916395634098
whole_spatial_blocks,2005,4.0,5000,15,historical_spatial_month_balanced_minus_random,mae,13.178998118941625,17.055025460029977,3.876027341088353
whole_spatial_blocks,2005,4.0,5000,15,historical_spatial_month_balanced_minus_random,median_absolute_error,8.55626008500488,10.0031556928584,1.44689560785352
whole_spatial_blocks,2005,4.0,5000,15,historical_spatial_month_balanced_minus_random,p95_absolute_error,39.15171125422761,51.99100302531832,12.839291771090714
whole_spatial_blocks,2005,4.0,5000,15,historical_spatial_month_balanced_minus_random,p99_absolute_error,69.63264951222631,142.67325095421486,73.04060144198856
whole_spatial_blocks,2005,4.0,5000,15,historical_spatial_month_balanced_minus_random,bias,-1.2888712079907514,-6.455043867138372,-5.1661726591476205
whole_spatial_blocks,2005,4.0,5000,16,historical_spatial_month_balanced_minus_random,rmse,23.41928653077947,33.61603657546962,10.196750044690152
whole_spatial_blocks,2005,4.0,5000,16,historical_spatial_month_balanced_minus_random,mae,13.268403103699349,17.772482789096532,4.504079685397183
whole_spatial_blocks,2005,4.0,5000,16,historical_spatial_month_balanced_minus_random,median_absolute_error,8.588573452117288,10.37914299057374,1.7905695384564524
whole_spatial_blocks,2005,4.0,5000,16,historical_spatial_month_balanced_minus_random,p95_absolute_error,39.9969025831946,60.64946922081589,20.65256663762129
whole_spatial_blocks,2005,4.0,5000,16,historical_spatial_month_balanced_minus_random,p99_absolute_error,70.23126857181951,130.4979591135351,60.26669054171559
whole_spatial_blocks,2005,4.0,5000,16,historical_spatial_month_balanced_minus_random,bias,-0.5297378549181085,-7.229988969804101,-6.700251114885992
whole_spatial_blocks,2005,4.0,5000,17,historical_spatial_month_balanced_minus_random,rmse,22.396616587125585,30.048805017978108,7.652188430852522
whole_spatial_blocks,2005,4.0,5000,17,historical_spatial_month_balanced_minus_random,mae,12.525907457459272,15.859787664405122,3.3338802069458495
whole_spatial_blocks,2005,4.0,5000,17,historical_spatial_month_balanced_minus_random,median_absolute_error,8.246419971430953,10.018105062531076,1.7716850911001227
whole_spatial_blocks,2005,4.0,5000,17,historical_spatial_month_balanced_minus_random,p95_absolute_error,36.81054310846315,46.268056303827535,9.457513195364385
whole_spatial_blocks,2005,4.0,5000,17,historical_spatial_month_balanced_minus_random,p99_absolute_error,65.19046240060283,95.7232661570711,30.53280375646827
whole_spatial_blocks,2005,4.0,5000,17,historical_spatial_month_balanced_minus_random,bias,-1.271739559638151,-3.852971610916856,-2.581232051278705
whole_spatial_blocks,2005,4.0,5000,18,historical_spatial_month_balanced_minus_random,rmse,22.69193608889401,30.87382575400589,8.181889665111878
whole_spatial_blocks,2005,4.0,5000,18,historical_spatial_month_balanced_minus_random,mae,12.475361768446724,16.35827222981092,3.8829104613641974
whole_spatial_blocks,2005,4.0,5000,18,historical_spatial_month_balanced_minus_random,median_absolute_error,8.251359568357685,10.154189220590837,1.9028296522331516
whole_spatial_blocks,2005,4.0,5000,18,historical_spatial_month_balanced_minus_random,p95_absolute_error,36.59861802476395,49.41043184837531,12.81181382361136
whole_spatial_blocks,2005,4.0,5000,18,historical_spatial_month_balanced_minus_random,p99_absolute_error,64.78651955263393,102.09630340650192,37.309783853867984
whole_spatial_blocks,2005,4.0,5000,18,historical_spatial_month_balanced_minus_random,bias,-1.1623757278066809,-4.990020550132061,-3.8276448223253805
whole_spatial_blocks,2005,4.0,5000,19,historical_spatial_month_balanced_minus_random,rmse,23.109867409632805,35.97394343363062,12.864076023997818
whole_spatial_blocks,2005,4.0,5000,19,historical_spatial_month_balanced_minus_random,mae,12.89897644778433,18.420562590855816,5.521586143071486
whole_spatial_blocks,2005,4.0,5000,19,historical_spatial_month_balanced_minus_random,median_absolute_error,8.568205897641008,10.11746589383435,1.5492599961933422
whole_spatial_blocks,2005,4.0,5000,19,historical_spatial_month_balanced_minus_random,p95_absolute_error,37.60518119376346,66.97908693441755,29.373905740654095
whole_spatial_blocks,2005,4.0,5000,19,historical_spatial_month_balanced_minus_random,p99_absolute_error,63.99899705981886,142.61702206282038,78.61802500300152
whole_spatial_blocks,2005,4.0,5000,19,historical_spatial_month_balanced_minus_random,bias,-1.234885609683458,-7.615211623907409,-6.380326014223951
month_stratified_hidden_cells,2010,,5000,0,historical_spatial_month_balanced_minus_random,rmse,27.599336152706016,35.88362678010066,8.284290627394647
month_stratified_hidden_cells,2010,,5000,0,historical_spatial_month_balanced_minus_random,mae,11.27260635691159,15.562055971864588,4.289449614952998
month_stratified_hidden_cells,2010,,5000,0,historical_spatial_month_balanced_minus_random,median_absolute_error,7.158646380538443,8.649068040972168,1.490421660433725
month_stratified_hidden_cells,2010,,5000,0,historical_spatial_month_balanced_minus_random,p95_absolute_error,31.48505340392101,52.96380722330356,21.47875381938255
month_stratified_hidden_cells,2010,,5000,0,historical_spatial_month_balanced_minus_random,p99_absolute_error,67.84408151736024,117.15292049900604,49.308838981645806
month_stratified_hidden_cells,2010,,5000,0,historical_spatial_month_balanced_minus_random,bias,-0.0936477296151473,-4.297306384181472,-4.203658654566325
month_stratified_hidden_cells,2010,,5000,1,historical_spatial_month_balanced_minus_random,rmse,27.09870483654197,36.085668791976914,8.986963955434945
month_stratified_hidden_cells,2010,,5000,1,historical_spatial_month_balanced_minus_random,mae,10.535497748818615,14.993145008622063,4.457647259803448
month_stratified_hidden_cells,2010,,5000,1,historical_spatial_month_balanced_minus_random,median_absolute_error,6.934037710211612,8.70194870873263,1.7679109985210175
month_stratified_hidden_cells,2010,,5000,1,historical_spatial_month_balanced_minus_random,p95_absolute_error,29.82068284955225,45.467015812339376,15.646332962787127
month_stratified_hidden_cells,2010,,5000,1,historical_spatial_month_balanced_minus_random,p99_absolute_error,58.24745290374623,108.20246571340712,49.95501280966089
month_stratified_hidden_cells,2010,,5000,1,historical_spatial_month_balanced_minus_random,bias,-0.4821693939156332,-2.9911142997010485,-2.508944905785415
month_stratified_hidden_cells,2010,,5000,2,historical_spatial_month_balanced_minus_random,rmse,29.87797626045677,35.75243425892586,5.87445799846909
month_stratified_hidden_cells,2010,,5000,2,historical_spatial_month_balanced_minus_random,mae,11.865815242097872,15.490873538772028,3.6250582966741565
month_stratified_hidden_cells,2010,,5000,2,historical_spatial_month_balanced_minus_random,median_absolute_error,7.280618312372326,8.867350282330023,1.5867319699576967
month_stratified_hidden_cells,2010,,5000,2,historical_spatial_month_balanced_minus_random,p95_absolute_error,32.49585176197919,49.7640549953436,17.26820323336441
month_stratified_hidden_cells,2010,,5000,2,historical_spatial_month_balanced_minus_random,p99_absolute_error,80.61681215301985,119.8254191519494,39.208606998929554
month_stratified_hidden_cells,2010,,5000,2,historical_spatial_month_balanced_minus_random,bias,0.6319476747064809,-3.117177955777029,-3.74912563048351
month_stratified_hidden_cells,2010,,5000,3,historical_spatial_month_balanced_minus_random,rmse,27.122951816367195,36.67572456061114,9.552772744243942
month_stratified_hidden_cells,2010,,5000,3,historical_spatial_month_balanced_minus_random,mae,10.988553817446848,15.558391176099663,4.569837358652816
month_stratified_hidden_cells,2010,,5000,3,historical_spatial_month_balanced_minus_random,median_absolute_error,7.099766959841844,8.652100179228313,1.552333219386469
month_stratified_hidden_cells,2010,,5000,3,historical_spatial_month_balanced_minus_random,p95_absolute_error,31.17162977750194,49.15858326136532,17.98695348386338
month_stratified_hidden_cells,2010,,5000,3,historical_spatial_month_balanced_minus_random,p99_absolute_error,64.22670680834958,132.24143421657803,68.01472740822845
month_stratified_hidden_cells,2010,,5000,3,historical_spatial_month_balanced_minus_random,bias,0.0043622790576572,-3.7345595818606734,-3.738921860918331
month_stratified_hidden_cells,2010,,5000,4,historical_spatial_month_balanced_minus_random,rmse,27.084947001228077,34.66616657135816,7.581219570130084
month_stratified_hidden_cells,2010,,5000,4,historical_spatial_month_balanced_minus_random,mae,10.779227654730148,14.927208138150622,4.147980483420474
month_stratified_hidden_cells,2010,,5000,4,historical_spatial_month_balanced_minus_random,median_absolute_error,6.9614230719144246,8.630508086308225,1.6690850143938007
month_stratified_hidden_cells,2010,,5000,4,historical_spatial_month_balanced_minus_random,p95_absolute_error,30.867180051717416,48.11416440939507,17.246984357677658
month_stratified_hidden_cells,2010,,5000,4,historical_spatial_month_balanced_minus_random,p99_absolute_error,64.02120258227484,105.20810057610588,41.18689799383104
month_stratified_hidden_cells,2010,,5000,4,historical_spatial_month_balanced_minus_random,bias,0.1890308535285303,-3.043955204493701,-3.2329860580222314
month_stratified_hidden_cells,2010,,5000,5,historical_spatial_month_balanced_minus_random,rmse,26.6281046660521,36.513050272952135,9.884945606900036
month_stratified_hidden_cells,2010,,5000,5,historical_spatial_month_balanced_minus_random,mae,10.838064296089932,14.798696562551092,3.9606322664611593
month_stratified_hidden_cells,2010,,5000,5,historical_spatial_month_balanced_minus_random,median_absolute_error,7.208902950750257,8.473975605996287,1.2650726552460299
month_stratified_hidden_cells,2010,,5000,5,historical_spatial_month_balanced_minus_random,p95_absolute_error,30.476506782672512,44.50734401750703,14.030837234834518
month_stratified_hidden_cells,2010,,5000,5,historical_spatial_month_balanced_minus_random,p99_absolute_error,62.69934330546066,110.8385450852644,48.13920177980374
month_stratified_hidden_cells,2010,,5000,5,historical_spatial_month_balanced_minus_random,bias,0.1218476947576149,-2.238073088114929,-2.359920782872544
month_stratified_hidden_cells,2010,,5000,6,historical_spatial_month_balanced_minus_random,rmse,27.236432589185945,38.6504075244375,11.413974935251552
month_stratified_hidden_cells,2010,,5000,6,historical_spatial_month_balanced_minus_random,mae,10.576770286777744,16.034559499568626,5.457789212790882
month_stratified_hidden_cells,2010,,5000,6,historical_spatial_month_balanced_minus_random,median_absolute_error,6.863133445521726,8.587145038390247,1.7240115928685213
month_stratified_hidden_cells,2010,,5000,6,historical_spatial_month_balanced_minus_random,p95_absolute_error,29.612856325421376,51.07870430797176,21.465847982550386
month_stratified_hidden_cells,2010,,5000,6,historical_spatial_month_balanced_minus_random,p99_absolute_error,61.52256729610965,151.12339481245803,89.60082751634837
month_stratified_hidden_cells,2010,,5000,6,historical_spatial_month_balanced_minus_random,bias,-0.205620015040417,-4.495514069995715,-4.289894054955298
month_stratified_hidden_cells,2010,,5000,7,historical_spatial_month_balanced_minus_random,rmse,27.629364212055428,35.856792648092004,8.227428436036575
month_stratified_hidden_cells,2010,,5000,7,historical_spatial_month_balanced_minus_random,mae,11.175837249447165,15.532917601595454,4.357080352148289
month_stratified_hidden_cells,2010,,5000,7,historical_spatial_month_balanced_minus_random,median_absolute_error,7.255117125177918,8.524577231337759,1.2694601061598405
month_stratified_hidden_cells,2010,,5000,7,historical_spatial_month_balanced_minus_random,p95_absolute_error,32.02575717188741,54.00357690107371,21.977819729186294
month_stratified_hidden_cells,2010,,5000,7,historical_spatial_month_balanced_minus_random,p99_absolute_error,62.99553283191517,113.29751580245744,50.30198297054227
month_stratified_hidden_cells,2010,,5000,7,historical_spatial_month_balanced_minus_random,bias,-0.4043227537734121,-4.34289283137732,-3.9385700776039076
month_stratified_hidden_cells,2010,,5000,8,historical_spatial_month_balanced_minus_random,rmse,27.590365739339344,37.0971241611438,9.50675842180446
month_stratified_hidden_cells,2010,,5000,8,historical_spatial_month_balanced_minus_random,mae,11.089475143723496,15.08081251797429,3.9913373742507936
month_stratified_hidden_cells,2010,,5000,8,historical_spatial_month_balanced_minus_random,median_absolute_error,7.158586755952427,8.526804085081778,1.368217329129351
month_stratified_hidden_cells,2010,,5000,8,historical_spatial_month_balanced_minus_random,p95_absolute_error,30.706646328474008,46.63750546230127,15.930859133827262
month_stratified_hidden_cells,2010,,5000,8,historical_spatial_month_balanced_minus_random,p99_absolute_error,67.95400029143642,114.31935444675734,46.36535415532093
month_stratified_hidden_cells,2010,,5000,8,historical_spatial_month_balanced_minus_random,bias,-0.1126326898940832,-3.8722793516431486,-3.7596466617490654
month_stratified_hidden_cells,2010,,5000,9,historical_spatial_month_balanced_minus_random,rmse,26.70964914543212,35.03596937249773,8.326320227065612
month_stratified_hidden_cells,2010,,5000,9,historical_spatial_month_balanced_minus_random,mae,10.757187694426465,15.36878248487442,4.611594790447954
month_stratified_hidden_cells,2010,,5000,9,historical_spatial_month_balanced_minus_random,median_absolute_error,7.07634869403438,8.842171138056017,1.7658224440216372
month_stratified_hidden_cells,2010,,5000,9,historical_spatial_month_balanced_minus_random,p95_absolute_error,30.38554345929522,50.20039997836543,19.81485651907021
month_stratified_hidden_cells,2010,,5000,9,historical_spatial_month_balanced_minus_random,p99_absolute_error,64.94392503075873,107.56855431524409,42.62462928448535
month_stratified_hidden_cells,2010,,5000,9,historical_spatial_month_balanced_minus_random,bias,0.0146180176022988,-3.004506339737995,-3.019124357340294
month_stratified_hidden_cells,2010,,5000,10,historical_spatial_month_balanced_minus_random,rmse,27.686148552817095,35.50125148826198,7.815102935444884
month_stratified_hidden_cells,2010,,5000,10,historical_spatial_month_balanced_minus_random,mae,11.41352094018947,15.09636758771542,3.6828466475259507
month_stratified_hidden_cells,2010,,5000,10,historical_spatial_month_balanced_minus_random,median_absolute_error,7.287564456862725,8.70302608083108,1.4154616239683548
month_stratified_hidden_cells,2010,,5000,10,historical_spatial_month_balanced_minus_random,p95_absolute_error,32.3062657547217,47.74997349500737,15.443707740285667
month_stratified_hidden_cells,2010,,5000,10,historical_spatial_month_balanced_minus_random,p99_absolute_error,69.49290837187942,104.92795213401992,35.435043762140495
month_stratified_hidden_cells,2010,,5000,10,historical_spatial_month_balanced_minus_random,bias,0.3267040230866477,-3.445880312081987,-3.772584335168635
month_stratified_hidden_cells,2010,,5000,11,historical_spatial_month_balanced_minus_random,rmse,30.463089137647525,35.528653808057975,5.065564670410449
month_stratified_hidden_cells,2010,,5000,11,historical_spatial_month_balanced_minus_random,mae,11.820811446414856,15.821789627942884,4.000978181528028
month_stratified_hidden_cells,2010,,5000,11,historical_spatial_month_balanced_minus_random,median_absolute_error,7.221617675945737,8.75247307493953,1.5308553989937934
month_stratified_hidden_cells,2010,,5000,11,historical_spatial_month_balanced_minus_random,p95_absolute_error,32.995759687157204,56.33587778745151,23.340118100294305
month_stratified_hidden_cells,2010,,5000,11,historical_spatial_month_balanced_minus_random,p99_absolute_error,80.99295375071458,112.80866659510794,31.81571284439336
month_stratified_hidden_cells,2010,,5000,11,historical_spatial_month_balanced_minus_random,bias,0.6102159879661474,-1.781929664597704,-2.3921456525638516
month_stratified_hidden_cells,2010,,5000,12,historical_spatial_month_balanced_minus_random,rmse,27.109358686428987,34.908669396055345,7.799310709626358
month_stratified_hidden_cells,2010,,5000,12,historical_spatial_month_balanced_minus_random,mae,10.684041398519753,15.015286370931792,4.331244972412039
month_stratified_hidden_cells,2010,,5000,12,historical_spatial_month_balanced_minus_random,median_absolute_error,7.001967104374643,8.694772773425768,1.6928056690511255
month_stratified_hidden_cells,2010,,5000,12,historical_spatial_month_balanced_minus_random,p95_absolute_error,29.91511838811701,46.929427320983606,17.014308932866598
month_stratified_hidden_cells,2010,,5000,12,historical_spatial_month_balanced_minus_random,p99_absolute_error,60.201468595180096,104.91421873901136,44.712750143831265
month_stratified_hidden_cells,2010,,5000,12,historical_spatial_month_balanced_minus_random,bias,-0.2643396037256685,-4.2714497395814055,-4.007110135855737
month_stratified_hidden_cells,2010,,5000,13,historical_spatial_month_balanced_minus_random,rmse,26.919143940144863,34.418884276953285,7.499740336808422
month_stratified_hidden_cells,2010,,5000,13,historical_spatial_month_balanced_minus_random,mae,10.993769337666697,14.629234721846286,3.6354653841795894
month_stratified_hidden_cells,2010,,5000,13,historical_spatial_month_balanced_minus_random,median_absolute_error,7.156495481155503,8.480154078798051,1.3236585976425488
month_stratified_hidden_cells,2010,,5000,13,historical_spatial_month_balanced_minus_random,p95_absolute_error,31.564599812506604,44.49841350104463,12.933813688538027
month_stratified_hidden_cells,2010,,5000,13,historical_spatial_month_balanced_minus_random,p99_absolute_error,64.20925060178158,101.78185666977052,37.57260606798894
month_stratified_hidden_cells,2010,,5000,13,historical_spatial_month_balanced_minus_random,bias,-0.312434728169247,-2.993322550721422,-2.680887822552175
month_stratified_hidden_cells,2010,,5000,14,historical_spatial_month_balanced_minus_random,rmse,27.1256403474368,35.464849502634294,8.339209155197494
month_stratified_hidden_cells,2010,,5000,14,historical_spatial_month_balanced_minus_random,mae,10.357661063664375,14.966435585465772,4.608774521801397
month_stratified_hidden_cells,2010,,5000,14,historical_spatial_month_balanced_minus_random,median_absolute_error,6.627048612527773,8.487470487593015,1.8604218750652421
month_stratified_hidden_cells,2010,,5000,14,historical_spatial_month_balanced_minus_random,p95_absolute_error,29.625919454814287,49.27613537295175,19.650215918137462
month_stratified_hidden_cells,2010,,5000,14,historical_spatial_month_balanced_minus_random,p99_absolute_error,59.10178333607988,103.83158113638744,44.72979780030756
month_stratified_hidden_cells,2010,,5000,14,historical_spatial_month_balanced_minus_random,bias,-0.6784370466466918,-3.6165732395803216,-2.93813619293363
month_stratified_hidden_cells,2010,,5000,15,historical_spatial_month_balanced_minus_random,rmse,27.18087150309734,34.38851721968123,7.207645716583894
month_stratified_hidden_cells,2010,,5000,15,historical_spatial_month_balanced_minus_random,mae,11.404519056361998,14.575532014470143,3.171012958108145
month_stratified_hidden_cells,2010,,5000,15,historical_spatial_month_balanced_minus_random,median_absolute_error,7.296769332017845,8.513772870415636,1.2170035383977913
month_stratified_hidden_cells,2010,,5000,15,historical_spatial_month_balanced_minus_random,p95_absolute_error,32.51869662843964,44.717617441733225,12.198920813293583
month_stratified_hidden_cells,2010,,5000,15,historical_spatial_month_balanced_minus_random,p99_absolute_error,68.70997516370792,95.12116270551311,26.41118754180519
month_stratified_hidden_cells,2010,,5000,15,historical_spatial_month_balanced_minus_random,bias,-0.1551622860445597,-2.6646409142595453,-2.5094786282149855
month_stratified_hidden_cells,2010,,5000,16,historical_spatial_month_balanced_minus_random,rmse,29.34971651184853,35.61714514037585,6.267428628527316
month_stratified_hidden_cells,2010,,5000,16,historical_spatial_month_balanced_minus_random,mae,11.579919685887308,15.72949766031639,4.149577974429082
month_stratified_hidden_cells,2010,,5000,16,historical_spatial_month_balanced_minus_random,median_absolute_error,7.191954334719782,8.872099863663522,1.68014552894374
month_stratified_hidden_cells,2010,,5000,16,historical_spatial_month_balanced_minus_random,p95_absolute_error,31.75382699306378,52.27147772120292,20.51765072813914
month_stratified_hidden_cells,2010,,5000,16,historical_spatial_month_balanced_minus_random,p99_absolute_error,73.83227467847831,115.17416171079437,41.34188703231605
month_stratified_hidden_cells,2010,,5000,16,historical_spatial_month_balanced_minus_random,bias,0.4532033252502733,-4.599206075388493,-5.0524094006387665
month_stratified_hidden_cells,2010,,5000,17,historical_spatial_month_balanced_minus_random,rmse,26.45799888917499,34.84074294114965,8.382744051974658
month_stratified_hidden_cells,2010,,5000,17,historical_spatial_month_balanced_minus_random,mae,10.48790017253824,15.379169271705235,4.891269099166996
month_stratified_hidden_cells,2010,,5000,17,historical_spatial_month_balanced_minus_random,median_absolute_error,6.889392066594439,8.876541487269918,1.987149420675479
month_stratified_hidden_cells,2010,,5000,17,historical_spatial_month_balanced_minus_random,p95_absolute_error,29.460884569049032,49.207124367575865,19.746239798526833
month_stratified_hidden_cells,2010,,5000,17,historical_spatial_month_balanced_minus_random,p99_absolute_error,60.33223345215032,101.9122980238699,41.580064571719575
month_stratified_hidden_cells,2010,,5000,17,historical_spatial_month_balanced_minus_random,bias,-0.2140117701475309,-2.958660756700667,-2.7446489865531363
month_stratified_hidden_cells,2010,,5000,18,historical_spatial_month_balanced_minus_random,rmse,28.07250325760044,35.26345557657222,7.190952318971778
month_stratified_hidden_cells,2010,,5000,18,historical_spatial_month_balanced_minus_random,mae,11.357155761000824,15.104071484000558,3.7469157229997343
month_stratified_hidden_cells,2010,,5000,18,historical_spatial_month_balanced_minus_random,median_absolute_error,7.1175771521265006,8.70189801937724,1.5843208672507387
month_stratified_hidden_cells,2010,,5000,18,historical_spatial_month_balanced_minus_random,p95_absolute_error,32.37986966474498,49.053347838604594,16.673478173859614
month_stratified_hidden_cells,2010,,5000,18,historical_spatial_month_balanced_minus_random,p99_absolute_error,72.19340960209456,111.15859552763784,38.96518592554328
month_stratified_hidden_cells,2010,,5000,18,historical_spatial_month_balanced_minus_random,bias,-0.3417871764679825,-3.7536575810899695,-3.411870404621987
month_stratified_hidden_cells,2010,,5000,19,historical_spatial_month_balanced_minus_random,rmse,27.198656914267037,35.63743200144759,8.438775087180556
month_stratified_hidden_cells,2010,,5000,19,historical_spatial_month_balanced_minus_random,mae,10.819413124656425,15.045553832260252,4.226140707603827
month_stratified_hidden_cells,2010,,5000,19,historical_spatial_month_balanced_minus_random,median_absolute_error,6.965173323547958,8.769868141277726,1.804694817729768
month_stratified_hidden_cells,2010,,5000,19,historical_spatial_month_balanced_minus_random,p95_absolute_error,31.02520745554979,46.84616454644723,15.820957090897437
month_stratified_hidden_cells,2010,,5000,19,historical_spatial_month_balanced_minus_random,p99_absolute_error,65.29271034824522,105.26104272612828,39.96833237788306
month_stratified_hidden_cells,2010,,5000,19,historical_spatial_month_balanced_minus_random,bias,0.4392850057578554,-3.1058509722675547,-3.54513597802541
whole_spatial_blocks,2010,0.0,5000,0,historical_spatial_month_balanced_minus_random,rmse,25.92827065529434,36.20469203452915,10.276421379234812
whole_spatial_blocks,2010,0.0,5000,0,historical_spatial_month_balanced_minus_random,mae,12.812151994285918,17.886630220554704,5.074478226268786
whole_spatial_blocks,2010,0.0,5000,0,historical_spatial_month_balanced_minus_random,median_absolute_error,8.208116515472739,9.975871446004504,1.7677549305317655
whole_spatial_blocks,2010,0.0,5000,0,historical_spatial_month_balanced_minus_random,p95_absolute_error,36.70662552959866,58.18656520936656,21.479939679767902
whole_spatial_blocks,2010,0.0,5000,0,historical_spatial_month_balanced_minus_random,p99_absolute_error,77.93852728604877,149.29096069462975,71.35243340858098
whole_spatial_blocks,2010,0.0,5000,0,historical_spatial_month_balanced_minus_random,bias,-0.0873448051316782,-3.324580366490334,-3.237235561358656
whole_spatial_blocks,2010,0.0,5000,1,historical_spatial_month_balanced_minus_random,rmse,26.595089094566728,34.022000681630054,7.426911587063326
whole_spatial_blocks,2010,0.0,5000,1,historical_spatial_month_balanced_minus_random,mae,12.854205951168309,17.062114429341225,4.207908478172916
whole_spatial_blocks,2010,0.0,5000,1,historical_spatial_month_balanced_minus_random,median_absolute_error,8.19808874131192,9.91145007719021,1.7133613358782895
whole_spatial_blocks,2010,0.0,5000,1,historical_spatial_month_balanced_minus_random,p95_absolute_error,37.06724919519112,52.00109700763941,14.933847812448292
whole_spatial_blocks,2010,0.0,5000,1,historical_spatial_month_balanced_minus_random,p99_absolute_error,84.0279238696188,127.53027822789524,43.502354358276435
whole_spatial_blocks,2010,0.0,5000,1,historical_spatial_month_balanced_minus_random,bias,-0.2801489348620247,-2.8348872828974327,-2.554738348035408
whole_spatial_blocks,2010,0.0,5000,2,historical_spatial_month_balanced_minus_random,rmse,26.902935987549675,35.20857888750476,8.305642899955082
whole_spatial_blocks,2010,0.0,5000,2,historical_spatial_month_balanced_minus_random,mae,13.275431760165356,17.218014803853542,3.9425830436881864
whole_spatial_blocks,2010,0.0,5000,2,historical_spatial_month_balanced_minus_random,median_absolute_error,8.461785783195268,9.745961620654924,1.2841758374596566
whole_spatial_blocks,2010,0.0,5000,2,historical_spatial_month_balanced_minus_random,p95_absolute_error,37.79211684540822,53.41150118050388,15.61938433509566
whole_spatial_blocks,2010,0.0,5000,2,historical_spatial_month_balanced_minus_random,p99_absolute_error,87.22260140502,147.50779521331447,60.285193808294466
whole_spatial_blocks,2010,0.0,5000,2,historical_spatial_month_balanced_minus_random,bias,0.4261361840953077,-1.8539598246887683,-2.280096008784076
whole_spatial_blocks,2010,0.0,5000,3,historical_spatial_month_balanced_minus_random,rmse,28.722642640074216,34.12558497745814,5.402942337383923
whole_spatial_blocks,2010,0.0,5000,3,historical_spatial_month_balanced_minus_random,mae,13.839897553685576,16.816056361624934,2.976158807939358
whole_spatial_blocks,2010,0.0,5000,3,historical_spatial_month_balanced_minus_random,median_absolute_error,8.273339230969867,9.838345246562398,1.5650060155925303
whole_spatial_blocks,2010,0.0,5000,3,historical_spatial_month_balanced_minus_random,p95_absolute_error,39.77989052207244,50.33002726642288,10.55013674435044
whole_spatial_blocks,2010,0.0,5000,3,historical_spatial_month_balanced_minus_random,p99_absolute_error,118.87476568471423,135.20430170470897,16.329536019994734
whole_spatial_blocks,2010,0.0,5000,3,historical_spatial_month_balanced_minus_random,bias,1.130728406952889,-2.982065790617241,-4.11279419757013
whole_spatial_blocks,2010,0.0,5000,4,historical_spatial_month_balanced_minus_random,rmse,26.666278223211386,33.591503747381445,6.9252255241700595
whole_spatial_blocks,2010,0.0,5000,4,historical_spatial_month_balanced_minus_random,mae,13.098485348167571,16.96841586729593,3.86993051912836
whole_spatial_blocks,2010,0.0,5000,4,historical_spatial_month_balanced_minus_random,median_absolute_error,7.991995564016236,9.804830416747706,1.81283485273147
whole_spatial_blocks,2010,0.0,5000,4,historical_spatial_month_balanced_minus_random,p95_absolute_error,38.77385747289192,53.594987918907385,14.821130446015466
whole_spatial_blocks,2010,0.0,5000,4,historical_spatial_month_balanced_minus_random,p99_absolute_error,88.62193009828829,130.28720409661412,41.66527399832583
whole_spatial_blocks,2010,0.0,5000,4,historical_spatial_month_balanced_minus_random,bias,0.5804810483242612,-3.2445718864008226,-3.825052934725084
whole_spatial_blocks,2010,0.0,5000,5,historical_spatial_month_balanced_minus_random,rmse,26.430048795781826,35.320533035922935,8.89048424014111
whole_spatial_blocks,2010,0.0,5000,5,historical_spatial_month_balanced_minus_random,mae,13.380744747873193,17.66410487569615,4.283360127822958
whole_spatial_blocks,2010,0.0,5000,5,historical_spatial_month_balanced_minus_random,median_absolute_error,8.38829608322078,9.88290655100073,1.4946104677799497
whole_spatial_blocks,2010,0.0,5000,5,historical_spatial_month_balanced_minus_random,p95_absolute_error,40.10480861026046,56.09660077072914,15.991792160468677
whole_spatial_blocks,2010,0.0,5000,5,historical_spatial_month_balanced_minus_random,p99_absolute_error,89.38657184315694,148.9493093716076,59.562737528450654
whole_spatial_blocks,2010,0.0,5000,5,historical_spatial_month_balanced_minus_random,bias,1.0424400430788676,-2.948260171146689,-3.9907002142255568
whole_spatial_blocks,2010,0.0,5000,6,historical_spatial_month_balanced_minus_random,rmse,31.88804534751573,35.04342975976314,3.155384412247411
whole_spatial_blocks,2010,0.0,5000,6,historical_spatial_month_balanced_minus_random,mae,14.269404855106464,17.677359930380835,3.407955075274371
whole_spatial_blocks,2010,0.0,5000,6,historical_spatial_month_balanced_minus_random,median_absolute_error,8.308007996311943,9.820333343388825,1.5123253470768816
whole_spatial_blocks,2010,0.0,5000,6,historical_spatial_month_balanced_minus_random,p95_absolute_error,38.27646794066782,60.22166259636216,21.945194655694337
whole_spatial_blocks,2010,0.0,5000,6,historical_spatial_month_balanced_minus_random,p99_absolute_error,153.51735109723427,135.63669587685885,-17.880655220375417
whole_spatial_blocks,2010,0.0,5000,6,historical_spatial_month_balanced_minus_random,bias,1.4578790456603825,-4.58410518924291,-6.041984234903293
whole_spatial_blocks,2010,0.0,5000,7,historical_spatial_month_balanced_minus_random,rmse,27.257253628543086,39.04612256730354,11.788868938760455
whole_spatial_blocks,2010,0.0,5000,7,historical_spatial_month_balanced_minus_random,mae,13.198370709395784,18.34000294645221,5.141632237056426
whole_spatial_blocks,2010,0.0,5000,7,historical_spatial_month_balanced_minus_random,median_absolute_error,8.103943854501608,10.272764507513983,2.168820653012375
whole_spatial_blocks,2010,0.0,5000,7,historical_spatial_month_balanced_minus_random,p95_absolute_error,39.1769536017004,52.693853770782376,13.516900169081978
whole_spatial_blocks,2010,0.0,5000,7,historical_spatial_month_balanced_minus_random,p99_absolute_error,89.14616887749892,184.30764448140692,95.161475603908
whole_spatial_blocks,2010,0.0,5000,7,historical_spatial_month_balanced_minus_random,bias,-0.123520575174211,-3.294685414088093,-3.171164838913882
whole_spatial_blocks,2010,0.0,5000,8,historical_spatial_month_balanced_minus_random,rmse,30.595643210221592,36.03842173852144,5.442778528299851
whole_spatial_blocks,2010,0.0,5000,8,historical_spatial_month_balanced_minus_random,mae,14.439372591948702,17.31112152384342,2.8717489318947163
whole_spatial_blocks,2010,0.0,5000,8,historical_spatial_month_balanced_minus_random,median_absolute_error,8.554536672339026,10.021852141835524,1.4673154694964978
whole_spatial_blocks,2010,0.0,5000,8,historical_spatial_month_balanced_minus_random,p95_absolute_error,40.91253848135071,53.01530686274625,12.102768381395542
whole_spatial_blocks,2010,0.0,5000,8,historical_spatial_month_balanced_minus_random,p99_absolute_error,131.347764573327,138.48532188972905,7.137557316402052
whole_spatial_blocks,2010,0.0,5000,8,historical_spatial_month_balanced_minus_random,bias,0.6365979405760276,-3.365911055074357,-4.002508995650385
whole_spatial_blocks,2010,0.0,5000,9,historical_spatial_month_balanced_minus_random,rmse,26.117151032117068,35.27594916438441,9.15879813226734
whole_spatial_blocks,2010,0.0,5000,9,historical_spatial_month_balanced_minus_random,mae,12.917396081820392,16.924024857863802,4.00662877604341
whole_spatial_blocks,2010,0.0,5000,9,historical_spatial_month_balanced_minus_random,median_absolute_error,8.219528426310944,9.854186343006944,1.6346579166959998
whole_spatial_blocks,2010,0.0,5000,9,historical_spatial_month_balanced_minus_random,p95_absolute_error,37.90910529223408,50.11279458808503,12.20368929585095
whole_spatial_blocks,2010,0.0,5000,9,historical_spatial_month_balanced_minus_random,p99_absolute_error,83.72250805010255,142.9856757576951,59.26316770759256
whole_spatial_blocks,2010,0.0,5000,9,historical_spatial_month_balanced_minus_random,bias,-0.0546703643881875,-2.842468006537418,-2.7877976421492305
whole_spatial_blocks,2010,0.0,5000,10,historical_spatial_month_balanced_minus_random,rmse,25.61728774847961,34.68305252305413,9.065764774574518
whole_spatial_blocks,2010,0.0,5000,10,historical_spatial_month_balanced_minus_random,mae,13.26746809679869,17.230667321450927,3.963199224652236
whole_spatial_blocks,2010,0.0,5000,10,historical_spatial_month_balanced_minus_random,median_absolute_error,8.469831646951604,10.034756484032528,1.5649248370809232
whole_spatial_blocks,2010,0.0,5000,10,historical_spatial_month_balanced_minus_random,p95_absolute_error,38.18774269724598,53.17172866377125,14.983985966525267
whole_spatial_blocks,2010,0.0,5000,10,historical_spatial_month_balanced_minus_random,p99_absolute_error,84.51601833875033,140.737159731264,56.22114139251367
whole_spatial_blocks,2010,0.0,5000,10,historical_spatial_month_balanced_minus_random,bias,0.6469722449395766,-2.806778742865601,-3.4537509878051775
whole_spatial_blocks,2010,0.0,5000,11,historical_spatial_month_balanced_minus_random,rmse,28.25672261188404,35.07675889439889,6.820036282514852
whole_spatial_blocks,2010,0.0,5000,11,historical_spatial_month_balanced_minus_random,mae,13.054118499186318,17.42448155861607,4.370363059429751
whole_spatial_blocks,2010,0.0,5000,11,historical_spatial_month_balanced_minus_random,median_absolute_error,8.036033298856239,10.351229519800626,2.3151962209443866
whole_spatial_blocks,2010,0.0,5000,11,historical_spatial_month_balanced_minus_random,p95_absolute_error,36.64823221266121,52.1234198097562,15.475187597094987
whole_spatial_blocks,2010,0.0,5000,11,historical_spatial_month_balanced_minus_random,p99_absolute_error,98.55868488615604,144.810020619609,46.25133573345295
whole_spatial_blocks,2010,0.0,5000,11,historical_spatial_month_balanced_minus_random,bias,0.1994723088974528,-3.2181370266376224,-3.417609335535075
whole_spatial_blocks,2010,0.0,5000,12,historical_spatial_month_balanced_minus_random,rmse,27.72625648155337,35.33626916110124,7.6100126795478715
whole_spatial_blocks,2010,0.0,5000,12,historical_spatial_month_balanced_minus_random,mae,13.654735750000478,17.49595411153766,3.841218361537182
whole_spatial_blocks,2010,0.0,5000,12,historical_spatial_month_balanced_minus_random,median_absolute_error,8.560931458010373,9.828242767084276,1.2673113090739037
whole_spatial_blocks,2010,0.0,5000,12,historical_spatial_month_balanced_minus_random,p95_absolute_error,39.02322175759684,56.4866389258178,17.463417168220957
whole_spatial_blocks,2010,0.0,5000,12,historical_spatial_month_balanced_minus_random,p99_absolute_error,104.34711692572304,138.01795304055392,33.67083611483088
whole_spatial_blocks,2010,0.0,5000,12,historical_spatial_month_balanced_minus_random,bias,0.1854457817768503,-3.7099267780460825,-3.895372559822933
whole_spatial_blocks,2010,0.0,5000,13,historical_spatial_month_balanced_minus_random,rmse,25.94084354254652,36.89257829766421,10.951734755117688
whole_spatial_blocks,2010,0.0,5000,13,historical_spatial_month_balanced_minus_random,mae,12.782099181318822,17.469802953170802,4.6877037718519805
whole_spatial_blocks,2010,0.0,5000,13,historical_spatial_month_balanced_minus_random,median_absolute_error,8.280081721003597,9.9282561912635,1.648174470259903
whole_spatial_blocks,2010,0.0,5000,13,historical_spatial_month_balanced_minus_random,p95_absolute_error,36.49476869197391,52.89614643605386,16.40137774407995
whole_spatial_blocks,2010,0.0,5000,13,historical_spatial_month_balanced_minus_random,p99_absolute_error,81.43576476860565,148.75984132083,67.32407655222434
whole_spatial_blocks,2010,0.0,5000,13,historical_spatial_month_balanced_minus_random,bias,0.4872934007326144,-4.229864766620445,-4.71715816735306
whole_spatial_blocks,2010,0.0,5000,14,historical_spatial_month_balanced_minus_random,rmse,27.78133580469052,35.5327678020223,7.751431997331778
whole_spatial_blocks,2010,0.0,5000,14,historical_spatial_month_balanced_minus_random,mae,13.819651432299834,17.764089066943004,3.9444376346431707
whole_spatial_blocks,2010,0.0,5000,14,historical_spatial_month_balanced_minus_random,median_absolute_error,8.48966948952338,10.2088294226254,1.71915993310202
whole_spatial_blocks,2010,0.0,5000,14,historical_spatial_month_balanced_minus_random,p95_absolute_error,42.26693916708352,57.04013445811603,14.773195291032508
whole_spatial_blocks,2010,0.0,5000,14,historical_spatial_month_balanced_minus_random,p99_absolute_error,95.02188782582122,140.96836219820378,45.94647437238255
whole_spatial_blocks,2010,0.0,5000,14,historical_spatial_month_balanced_minus_random,bias,0.4567271681503187,-4.530001397770775,-4.986728565921093
whole_spatial_blocks,2010,0.0,5000,15,historical_spatial_month_balanced_minus_random,rmse,26.496526111945933,36.74382276765557,10.24729665570964
whole_spatial_blocks,2010,0.0,5000,15,historical_spatial_month_balanced_minus_random,mae,12.957366613100744,18.113799399568148,5.156432786467404
whole_spatial_blocks,2010,0.0,5000,15,historical_spatial_month_balanced_minus_random,median_absolute_error,8.135079082732517,10.375504124127389,2.2404250413948716
whole_spatial_blocks,2010,0.0,5000,15,historical_spatial_month_balanced_minus_random,p95_absolute_error,37.28414019080732,56.27261780261993,18.988477611812613
whole_spatial_blocks,2010,0.0,5000,15,historical_spatial_month_balanced_minus_random,p99_absolute_error,83.14674699871813,153.1775609501116,70.03081395139347
whole_spatial_blocks,2010,0.0,5000,15,historical_spatial_month_balanced_minus_random,bias,0.210590355545202,-3.98159533407205,-4.1921856896172525
whole_spatial_blocks,2010,0.0,5000,16,historical_spatial_month_balanced_minus_random,rmse,26.42746960256289,37.78503157835538,11.357561975792489
whole_spatial_blocks,2010,0.0,5000,16,historical_spatial_month_balanced_minus_random,mae,12.957515105083594,18.39988007129742,5.442364966213827
whole_spatial_blocks,2010,0.0,5000,16,historical_spatial_month_balanced_minus_random,median_absolute_error,8.148520555848336,10.221819404642872,2.0732988487945363
whole_spatial_blocks,2010,0.0,5000,16,historical_spatial_month_balanced_minus_random,p95_absolute_error,37.089642341730816,57.54376621904937,20.45412387731855
whole_spatial_blocks,2010,0.0,5000,16,historical_spatial_month_balanced_minus_random,p99_absolute_error,86.75614235220024,164.23819526068192,77.48205290848168
whole_spatial_blocks,2010,0.0,5000,16,historical_spatial_month_balanced_minus_random,bias,0.7211858384887504,-5.184191693542833,-5.905377532031584
whole_spatial_blocks,2010,0.0,5000,17,historical_spatial_month_balanced_minus_random,rmse,26.26662173891996,32.91177459682709,6.645152857907128
whole_spatial_blocks,2010,0.0,5000,17,historical_spatial_month_balanced_minus_random,mae,12.73821291611331,16.790399219465396,4.0521863033520855
whole_spatial_blocks,2010,0.0,5000,17,historical_spatial_month_balanced_minus_random,median_absolute_error,8.059307522575779,9.989736059991088,1.9304285374153096
whole_spatial_blocks,2010,0.0,5000,17,historical_spatial_month_balanced_minus_random,p95_absolute_error,36.22788658960789,52.90029653774926,16.67240994814137
whole_spatial_blocks,2010,0.0,5000,17,historical_spatial_month_balanced_minus_random,p99_absolute_error,89.87433502922671,126.16779125032096,36.293456221094246
whole_spatial_blocks,2010,0.0,5000,17,historical_spatial_month_balanced_minus_random,bias,0.3746679264332243,-3.255281431639488,-3.6299493580727122
whole_spatial_blocks,2010,0.0,5000,18,historical_spatial_month_balanced_minus_random,rmse,27.84281077648017,33.736605553728985,5.893794777248814
whole_spatial_blocks,2010,0.0,5000,18,historical_spatial_month_balanced_minus_random,mae,13.36404762986668,16.973587284962974,3.6095396550962935
whole_spatial_blocks,2010,0.0,5000,18,historical_spatial_month_balanced_minus_random,median_absolute_error,8.186056556819153,9.60160594340266,1.415549386583507
whole_spatial_blocks,2010,0.0,5000,18,historical_spatial_month_balanced_minus_random,p95_absolute_error,38.82778085609994,57.740714164032354,18.912933307932413
whole_spatial_blocks,2010,0.0,5000,18,historical_spatial_month_balanced_minus_random,p99_absolute_error,102.30442435460428,135.72067018484128,33.416245830237
whole_spatial_blocks,2010,0.0,5000,18,historical_spatial_month_balanced_minus_random,bias,0.8032147319233601,-2.6545034771647638,-3.457718209088124
whole_spatial_blocks,2010,0.0,5000,19,historical_spatial_month_balanced_minus_random,rmse,25.96383707808864,38.47518801213411,12.51135093404547
whole_spatial_blocks,2010,0.0,5000,19,historical_spatial_month_balanced_minus_random,mae,12.785256454723246,18.22125882132949,5.4360023666062425
whole_spatial_blocks,2010,0.0,5000,19,historical_spatial_month_balanced_minus_random,median_absolute_error,8.017345491765923,10.064272325394342,2.0469268336284188
whole_spatial_blocks,2010,0.0,5000,19,historical_spatial_month_balanced_minus_random,p95_absolute_error,36.533546416863146,55.419909363497794,18.886362946634648
whole_spatial_blocks,2010,0.0,5000,19,historical_spatial_month_balanced_minus_random,p99_absolute_error,84.5975252094524,179.14823772720496,94.55071251775256
whole_spatial_blocks,2010,0.0,5000,19,historical_spatial_month_balanced_minus_random,bias,0.9281405732703788,-3.653706794951863,-4.581847368222242
whole_spatial_blocks,2010,1.0,5000,0,historical_spatial_month_balanced_minus_random,rmse,24.33844479894044,30.416544209244304,6.078099410303864
whole_spatial_blocks,2010,1.0,5000,0,historical_spatial_month_balanced_minus_random,mae,12.697588733564176,15.157415015511322,2.459826281947146
whole_spatial_blocks,2010,1.0,5000,0,historical_spatial_month_balanced_minus_random,median_absolute_error,7.847177967439791,9.15813445310107,1.3109564856612792
whole_spatial_blocks,2010,1.0,5000,0,historical_spatial_month_balanced_minus_random,p95_absolute_error,36.27513521971292,41.752732267415226,5.477597047702304
whole_spatial_blocks,2010,1.0,5000,0,historical_spatial_month_balanced_minus_random,p99_absolute_error,96.398407838192,117.26064197342582,20.86223413523382
whole_spatial_blocks,2010,1.0,5000,0,historical_spatial_month_balanced_minus_random,bias,0.2380310514463051,-1.9955123182716696,-2.2335433697179745
whole_spatial_blocks,2010,1.0,5000,1,historical_spatial_month_balanced_minus_random,rmse,21.862951316110788,33.57082576409192,11.707874447981133
whole_spatial_blocks,2010,1.0,5000,1,historical_spatial_month_balanced_minus_random,mae,12.155288942114232,16.15966180505562,4.004372862941388
whole_spatial_blocks,2010,1.0,5000,1,historical_spatial_month_balanced_minus_random,median_absolute_error,7.800114363761878,9.2821588682051,1.4820445044432216
whole_spatial_blocks,2010,1.0,5000,1,historical_spatial_month_balanced_minus_random,p95_absolute_error,35.375286875025736,44.720349524809286,9.34506264978355
whole_spatial_blocks,2010,1.0,5000,1,historical_spatial_month_balanced_minus_random,p99_absolute_error,83.04917497918365,169.9215410391195,86.87236605993584
whole_spatial_blocks,2010,1.0,5000,1,historical_spatial_month_balanced_minus_random,bias,0.3281725094666884,-2.154507545298032,-2.48268005476472
whole_spatial_blocks,2010,1.0,5000,2,historical_spatial_month_balanced_minus_random,rmse,22.438132164419017,27.73368619562723,5.295554031208212
whole_spatial_blocks,2010,1.0,5000,2,historical_spatial_month_balanced_minus_random,mae,12.609820574687497,15.390635460064969,2.780814885377472
whole_spatial_blocks,2010,1.0,5000,2,historical_spatial_month_balanced_minus_random,median_absolute_error,7.973337783621702,9.652399579440017,1.6790617958183152
whole_spatial_blocks,2010,1.0,5000,2,historical_spatial_month_balanced_minus_random,p95_absolute_error,37.828855217161,45.08932828249218,7.260473065331183
whole_spatial_blocks,2010,1.0,5000,2,historical_spatial_month_balanced_minus_random,p99_absolute_error,85.08179849812616,95.77988288279582,10.698084384669656
whole_spatial_blocks,2010,1.0,5000,2,historical_spatial_month_balanced_minus_random,bias,0.1957946327727643,-0.7476744957746541,-0.9434691285474184
whole_spatial_blocks,2010,1.0,5000,3,historical_spatial_month_balanced_minus_random,rmse,21.179752531143,28.819029349167057,7.639276818024058
whole_spatial_blocks,2010,1.0,5000,3,historical_spatial_month_balanced_minus_random,mae,12.109670979145964,15.351210127288429,3.241539148142465
whole_spatial_blocks,2010,1.0,5000,3,historical_spatial_month_balanced_minus_random,median_absolute_error,7.8678735564738815,9.455482538124528,1.5876089816506465
whole_spatial_blocks,2010,1.0,5000,3,historical_spatial_month_balanced_minus_random,p95_absolute_error,34.90463755524541,44.88453320613504,9.979895650889631
whole_spatial_blocks,2010,1.0,5000,3,historical_spatial_month_balanced_minus_random,p99_absolute_error,85.52750808464359,99.50683963638454,13.979331551740955
whole_spatial_blocks,2010,1.0,5000,3,historical_spatial_month_balanced_minus_random,bias,0.8266653316820477,-0.6105643296776491,-1.4372296613596967
whole_spatial_blocks,2010,1.0,5000,4,historical_spatial_month_balanced_minus_random,rmse,20.868174690950465,30.177858264111205,9.30968357316074
whole_spatial_blocks,2010,1.0,5000,4,historical_spatial_month_balanced_minus_random,mae,11.94374763437733,15.453365100067872,3.5096174656905426
whole_spatial_blocks,2010,1.0,5000,4,historical_spatial_month_balanced_minus_random,median_absolute_error,7.641821010775203,9.613474996856326,1.9716539860811224
whole_spatial_blocks,2010,1.0,5000,4,historical_spatial_month_balanced_minus_random,p95_absolute_error,35.31379652590831,44.2712255720057,8.957429046097388
whole_spatial_blocks,2010,1.0,5000,4,historical_spatial_month_balanced_minus_random,p99_absolute_error,79.64182046148748,113.6829663782478,34.041145916760314
whole_spatial_blocks,2010,1.0,5000,4,historical_spatial_month_balanced_minus_random,bias,0.719008403503465,-1.8351980574916564,-2.5542064609951214
whole_spatial_blocks,2010,1.0,5000,5,historical_spatial_month_balanced_minus_random,rmse,21.80548669214174,29.809448628486248,8.003961936344506
whole_spatial_blocks,2010,1.0,5000,5,historical_spatial_month_balanced_minus_random,mae,12.142732524668707,15.002378663086166,2.8596461384174585
whole_spatial_blocks,2010,1.0,5000,5,historical_spatial_month_balanced_minus_random,median_absolute_error,7.733638601183344,9.21885458343894,1.4852159822555961
whole_spatial_blocks,2010,1.0,5000,5,historical_spatial_month_balanced_minus_random,p95_absolute_error,36.468420061804416,41.91125527945264,5.4428352176482235
whole_spatial_blocks,2010,1.0,5000,5,historical_spatial_month_balanced_minus_random,p99_absolute_error,84.42010375637653,112.86097161740928,28.440867861032743
whole_spatial_blocks,2010,1.0,5000,5,historical_spatial_month_balanced_minus_random,bias,0.6958066917566507,-0.302771499733082,-0.9985781914897327
whole_spatial_blocks,2010,1.0,5000,6,historical_spatial_month_balanced_minus_random,rmse,30.22913964958836,30.087342403039475,-0.1417972465488866
whole_spatial_blocks,2010,1.0,5000,6,historical_spatial_month_balanced_minus_random,mae,14.027766059173858,15.856488763731804,1.8287227045579453
whole_spatial_blocks,2010,1.0,5000,6,historical_spatial_month_balanced_minus_random,median_absolute_error,8.340456223266017,9.386573530908096,1.0461173076420796
whole_spatial_blocks,2010,1.0,5000,6,historical_spatial_month_balanced_minus_random,p95_absolute_error,41.63767682088415,49.80588681084893,8.16820998996478
whole_spatial_blocks,2010,1.0,5000,6,historical_spatial_month_balanced_minus_random,p99_absolute_error,102.18588965106802,130.6949402361414,28.509050585073382
whole_spatial_blocks,2010,1.0,5000,6,historical_spatial_month_balanced_minus_random,bias,3.7186573771118834,-1.7597101740914247,-5.478367551203308
whole_spatial_blocks,2010,1.0,5000,7,historical_spatial_month_balanced_minus_random,rmse,19.94930256574693,28.631449981641467,8.682147415894537
whole_spatial_blocks,2010,1.0,5000,7,historical_spatial_month_balanced_minus_random,mae,11.518286221686626,15.87494081110006,4.356654589413434
whole_spatial_blocks,2010,1.0,5000,7,historical_spatial_month_balanced_minus_random,median_absolute_error,7.497306835939639,9.672833567879138,2.175526731939499
whole_spatial_blocks,2010,1.0,5000,7,historical_spatial_month_balanced_minus_random,p95_absolute_error,34.9071707701926,49.44428230496258,14.537111534769977
whole_spatial_blocks,2010,1.0,5000,7,historical_spatial_month_balanced_minus_random,p99_absolute_error,73.35676965358122,114.19409062061352,40.8373209670323
whole_spatial_blocks,2010,1.0,5000,7,historical_spatial_month_balanced_minus_random,bias,0.5920743696344388,-1.5021651859737453,-2.0942395556081843
whole_spatial_blocks,2010,1.0,5000,8,historical_spatial_month_balanced_minus_random,rmse,22.927792785222792,29.993662080959258,7.065869295736466
whole_spatial_blocks,2010,1.0,5000,8,historical_spatial_month_balanced_minus_random,mae,12.79985669668237,15.978866163910974,3.179009467228603
whole_spatial_blocks,2010,1.0,5000,8,historical_spatial_month_balanced_minus_random,median_absolute_error,7.822164007869844,9.411543067108198,1.5893790592383539
whole_spatial_blocks,2010,1.0,5000,8,historical_spatial_month_balanced_minus_random,p95_absolute_error,38.378146266772205,51.85079404881667,13.472647782044461
whole_spatial_blocks,2010,1.0,5000,8,historical_spatial_month_balanced_minus_random,p99_absolute_error,97.40430274415075,109.36643155393068,11.962128809779927
whole_spatial_blocks,2010,1.0,5000,8,historical_spatial_month_balanced_minus_random,bias,0.8715748963328817,-2.6243699274510486,-3.49594482378393
whole_spatial_blocks,2010,1.0,5000,9,historical_spatial_month_balanced_minus_random,rmse,22.439752102286835,30.27321266868969,7.833460566402856
whole_spatial_blocks,2010,1.0,5000,9,historical_spatial_month_balanced_minus_random,mae,12.577023373802806,16.141451516386006,3.5644281425832
whole_spatial_blocks,2010,1.0,5000,9,historical_spatial_month_balanced_minus_random,median_absolute_error,7.958169081362257,9.258512724371457,1.3003436430091995
whole_spatial_blocks,2010,1.0,5000,9,historical_spatial_month_balanced_minus_random,p95_absolute_error,37.77575467366439,51.21561539483975,13.439860721175364
whole_spatial_blocks,2010,1.0,5000,9,historical_spatial_month_balanced_minus_random,p99_absolute_error,89.43871079809645,129.7937915127747,40.35508071467825
whole_spatial_blocks,2010,1.0,5000,9,historical_spatial_month_balanced_minus_random,bias,1.0701962685604836,-2.7747471833342097,-3.844943451894693
whole_spatial_blocks,2010,1.0,5000,10,historical_spatial_month_balanced_minus_random,rmse,20.664236273118163,30.981720358442583,10.31748408532442
whole_spatial_blocks,2010,1.0,5000,10,historical_spatial_month_balanced_minus_random,mae,12.135629466398951,15.670719802815173,3.5350903364162214
whole_spatial_blocks,2010,1.0,5000,10,historical_spatial_month_balanced_minus_random,median_absolute_error,8.02678199466692,9.518219943634987,1.491437948968068
whole_spatial_blocks,2010,1.0,5000,10,historical_spatial_month_balanced_minus_random,p95_absolute_error,35.731050971070225,43.21695594170426,7.485904970634039
whole_spatial_blocks,2010,1.0,5000,10,historical_spatial_month_balanced_minus_random,p99_absolute_error,79.55557592248623,119.60770236090184,40.05212643841561
whole_spatial_blocks,2010,1.0,5000,10,historical_spatial_month_balanced_minus_random,bias,0.818203954832305,-0.6982727284385425,-1.5164766832708474
whole_spatial_blocks,2010,1.0,5000,11,historical_spatial_month_balanced_minus_random,rmse,21.73343570493576,31.367370413741465,9.633934708805704
whole_spatial_blocks,2010,1.0,5000,11,historical_spatial_month_balanced_minus_random,mae,11.983223878629472,16.223981964670653,4.240758086041181
whole_spatial_blocks,2010,1.0,5000,11,historical_spatial_month_balanced_minus_random,median_absolute_error,7.589294474661557,9.098476084701048,1.5091816100394908
whole_spatial_blocks,2010,1.0,5000,11,historical_spatial_month_balanced_minus_random,p95_absolute_error,36.1443738230431,49.04710773895615,12.902733915913053
whole_spatial_blocks,2010,1.0,5000,11,historical_spatial_month_balanced_minus_random,p99_absolute_error,76.34543803133329,139.2284642462905,62.883026214957226
whole_spatial_blocks,2010,1.0,5000,11,historical_spatial_month_balanced_minus_random,bias,0.4263808922823306,-1.9013117550144771,-2.3276926472968076
whole_spatial_blocks,2010,1.0,5000,12,historical_spatial_month_balanced_minus_random,rmse,21.29188535906374,27.975805008484738,6.6839196494209965
whole_spatial_blocks,2010,1.0,5000,12,historical_spatial_month_balanced_minus_random,mae,12.310263810651858,15.38464440685565,3.074380596203792
whole_spatial_blocks,2010,1.0,5000,12,historical_spatial_month_balanced_minus_random,median_absolute_error,8.031262644212433,9.388949205985227,1.3576865617727947
whole_spatial_blocks,2010,1.0,5000,12,historical_spatial_month_balanced_minus_random,p95_absolute_error,36.846412860953976,47.44260678357434,10.596193922620365
whole_spatial_blocks,2010,1.0,5000,12,historical_spatial_month_balanced_minus_random,p99_absolute_error,81.20515905735482,110.53394101289264,29.32878195553782
whole_spatial_blocks,2010,1.0,5000,12,historical_spatial_month_balanced_minus_random,bias,1.5639338091010433,-1.4241549774509317,-2.988088786551975
whole_spatial_blocks,2010,1.0,5000,13,historical_spatial_month_balanced_minus_random,rmse,23.681543249714974,29.31689368106239,5.635350431347415
whole_spatial_blocks,2010,1.0,5000,13,historical_spatial_month_balanced_minus_random,mae,12.49784374535506,16.01686897194562,3.519025226590559
whole_spatial_blocks,2010,1.0,5000,13,historical_spatial_month_balanced_minus_random,median_absolute_error,7.775069671994828,9.76102607147368,1.9859563994788516
whole_spatial_blocks,2010,1.0,5000,13,historical_spatial_month_balanced_minus_random,p95_absolute_error,36.82792568911374,48.43235159008726,11.604425900973517
whole_spatial_blocks,2010,1.0,5000,13,historical_spatial_month_balanced_minus_random,p99_absolute_error,101.38282580475136,120.50923185076496,19.1264060460136
whole_spatial_blocks,2010,1.0,5000,13,historical_spatial_month_balanced_minus_random,bias,0.7995216176104397,-1.7356762548000464,-2.535197872410486
whole_spatial_blocks,2010,1.0,5000,14,historical_spatial_month_balanced_minus_random,rmse,28.26458705966748,28.7265857254864,0.46199866581892124
whole_spatial_blocks,2010,1.0,5000,14,historical_spatial_month_balanced_minus_random,mae,13.450994162424372,15.46702333007011,2.016029167645737
whole_spatial_blocks,2010,1.0,5000,14,historical_spatial_month_balanced_minus_random,median_absolute_error,7.944827420668957,9.326887332361936,1.3820599116929797
whole_spatial_blocks,2010,1.0,5000,14,historical_spatial_month_balanced_minus_random,p95_absolute_error,38.297930682927785,47.1116138825704,8.813683199642618
whole_spatial_blocks,2010,1.0,5000,14,historical_spatial_month_balanced_minus_random,p99_absolute_error,108.47745550040872,105.48763837080648,-2.989817129602244
whole_spatial_blocks,2010,1.0,5000,14,historical_spatial_month_balanced_minus_random,bias,2.223584968633562,-1.5776254536274616,-3.8012104222610237
whole_spatial_blocks,2010,1.0,5000,15,historical_spatial_month_balanced_minus_random,rmse,22.86295659864431,32.652031639138805,9.789075040494495
whole_spatial_blocks,2010,1.0,5000,15,historical_spatial_month_balanced_minus_random,mae,12.27299646408694,15.739437842357727,3.466441378270787
whole_spatial_blocks,2010,1.0,5000,15,historical_spatial_month_balanced_minus_random,median_absolute_error,7.728608728230256,8.825509639850708,1.0969009116204518
whole_spatial_blocks,2010,1.0,5000,15,historical_spatial_month_balanced_minus_random,p95_absolute_error,34.5120053348621,44.48531375584292,9.973308420980814
whole_spatial_blocks,2010,1.0,5000,15,historical_spatial_month_balanced_minus_random,p99_absolute_error,99.38052954596594,156.0131671859808,56.63263764001485
whole_spatial_blocks,2010,1.0,5000,15,historical_spatial_month_balanced_minus_random,bias,0.0939877250692188,-2.61796524832795,-2.711952973397169
whole_spatial_blocks,2010,1.0,5000,16,historical_spatial_month_balanced_minus_random,rmse,25.430377685522966,29.50457683067122,4.074199145148253
whole_spatial_blocks,2010,1.0,5000,16,historical_spatial_month_balanced_minus_random,mae,12.676087480310816,15.391051980486273,2.7149645001754568
whole_spatial_blocks,2010,1.0,5000,16,historical_spatial_month_balanced_minus_random,median_absolute_error,7.68233674597235,9.507384466575983,1.8250477206036333
whole_spatial_blocks,2010,1.0,5000,16,historical_spatial_month_balanced_minus_random,p95_absolute_error,36.84370056297055,45.303354516432265,8.459653953461718
whole_spatial_blocks,2010,1.0,5000,16,historical_spatial_month_balanced_minus_random,p99_absolute_error,96.00476751442892,102.56173910157338,6.55697158714446
whole_spatial_blocks,2010,1.0,5000,16,historical_spatial_month_balanced_minus_random,bias,2.216071939890362,-1.8661057955955336,-4.082177735485896
whole_spatial_blocks,2010,1.0,5000,17,historical_spatial_month_balanced_minus_random,rmse,23.723141085017,31.972466510455973,8.249325425438972
whole_spatial_blocks,2010,1.0,5000,17,historical_spatial_month_balanced_minus_random,mae,12.91306624395494,16.993761620194693,4.080695376239753
whole_spatial_blocks,2010,1.0,5000,17,historical_spatial_month_balanced_minus_random,median_absolute_error,8.097844359143522,9.712691998298538,1.6148476391550162
whole_spatial_blocks,2010,1.0,5000,17,historical_spatial_month_balanced_minus_random,p95_absolute_error,37.70500846976906,53.287224158127614,15.582215688358552
whole_spatial_blocks,2010,1.0,5000,17,historical_spatial_month_balanced_minus_random,p99_absolute_error,94.54224427849152,144.40918142155692,49.8669371430654
whole_spatial_blocks,2010,1.0,5000,17,historical_spatial_month_balanced_minus_random,bias,1.8214420308340376,-2.7836834423323835,-4.605125473166421
whole_spatial_blocks,2010,1.0,5000,18,historical_spatial_month_balanced_minus_random,rmse,21.15299053099299,28.902805358435074,7.7498148274420835
whole_spatial_blocks,2010,1.0,5000,18,historical_spatial_month_balanced_minus_random,mae,11.790737992319562,15.203578545503731,3.4128405531841697
whole_spatial_blocks,2010,1.0,5000,18,historical_spatial_month_balanced_minus_random,median_absolute_error,7.598024936407086,9.339254922002452,1.741229985595366
whole_spatial_blocks,2010,1.0,5000,18,historical_spatial_month_balanced_minus_random,p95_absolute_error,34.30191223004076,44.80045236687583,10.498540136835068
whole_spatial_blocks,2010,1.0,5000,18,historical_spatial_month_balanced_minus_random,p99_absolute_error,78.06298633146443,104.37818194001504,26.31519560855061
whole_spatial_blocks,2010,1.0,5000,18,historical_spatial_month_balanced_minus_random,bias,0.8446402301023433,-1.5608726534281456,-2.405512883530489
whole_spatial_blocks,2010,1.0,5000,19,historical_spatial_month_balanced_minus_random,rmse,23.89965914812748,27.937879034017005,4.038219885889525
whole_spatial_blocks,2010,1.0,5000,19,historical_spatial_month_balanced_minus_random,mae,12.492441104068028,15.333541252412823,2.841100148344795
whole_spatial_blocks,2010,1.0,5000,19,historical_spatial_month_balanced_minus_random,median_absolute_error,7.677428512189522,9.365287415021529,1.6878589028320068
whole_spatial_blocks,2010,1.0,5000,19,historical_spatial_month_balanced_minus_random,p95_absolute_error,36.666548145520586,47.9524276935411,11.28587954802051
whole_spatial_blocks,2010,1.0,5000,19,historical_spatial_month_balanced_minus_random,p99_absolute_error,88.72533272498377,100.2855880275764,11.560255302592623
whole_spatial_blocks,2010,1.0,5000,19,historical_spatial_month_balanced_minus_random,bias,0.7128370047631992,-0.8330143186100103,-1.5458513233732094
whole_spatial_blocks,2010,2.0,5000,0,historical_spatial_month_balanced_minus_random,rmse,34.03151085751822,39.615030630256456,5.583519772738235
whole_spatial_blocks,2010,2.0,5000,0,historical_spatial_month_balanced_minus_random,mae,13.337614816352866,17.098017010593654,3.760402194240788
whole_spatial_blocks,2010,2.0,5000,0,historical_spatial_month_balanced_minus_random,median_absolute_error,8.22972829040259,9.985350556799515,1.7556222663969248
whole_spatial_blocks,2010,2.0,5000,0,historical_spatial_month_balanced_minus_random,p95_absolute_error,35.75366027676458,54.43757859236556,18.683918315600984
whole_spatial_blocks,2010,2.0,5000,0,historical_spatial_month_balanced_minus_random,p99_absolute_error,100.6452547986426,118.5143408451216,17.869086046478998
whole_spatial_blocks,2010,2.0,5000,0,historical_spatial_month_balanced_minus_random,bias,0.7791560687125981,-3.752942067435788,-4.532098136148386
whole_spatial_blocks,2010,2.0,5000,1,historical_spatial_month_balanced_minus_random,rmse,34.31827128030216,40.142343458201886,5.824072177899723
whole_spatial_blocks,2010,2.0,5000,1,historical_spatial_month_balanced_minus_random,mae,12.988472635476027,17.19472669930555,4.206254063829524
whole_spatial_blocks,2010,2.0,5000,1,historical_spatial_month_balanced_minus_random,median_absolute_error,7.983955703682767,9.917824482708935,1.9338687790261684
whole_spatial_blocks,2010,2.0,5000,1,historical_spatial_month_balanced_minus_random,p95_absolute_error,34.796043637719265,54.72736753904379,19.931323901324525
whole_spatial_blocks,2010,2.0,5000,1,historical_spatial_month_balanced_minus_random,p99_absolute_error,95.34367188328076,126.23631433371708,30.892642450436313
whole_spatial_blocks,2010,2.0,5000,1,historical_spatial_month_balanced_minus_random,bias,-0.461379710750172,-3.028657211216231,-2.567277500466059
whole_spatial_blocks,2010,2.0,5000,2,historical_spatial_month_balanced_minus_random,rmse,34.38166363596272,38.12221966616941,3.7405560302066903
whole_spatial_blocks,2010,2.0,5000,2,historical_spatial_month_balanced_minus_random,mae,12.737649821261376,16.113563827285155,3.3759140060237787
whole_spatial_blocks,2010,2.0,5000,2,historical_spatial_month_balanced_minus_random,median_absolute_error,7.881952463393873,9.447743981869166,1.5657915184752937
whole_spatial_blocks,2010,2.0,5000,2,historical_spatial_month_balanced_minus_random,p95_absolute_error,34.50201559450389,50.54856419037913,16.046548595875244
whole_spatial_blocks,2010,2.0,5000,2,historical_spatial_month_balanced_minus_random,p99_absolute_error,80.97372128574443,112.90273492720272,31.929013641458283
whole_spatial_blocks,2010,2.0,5000,2,historical_spatial_month_balanced_minus_random,bias,-1.212396032639064,-2.0514236064520266,-0.8390275738129627
whole_spatial_blocks,2010,2.0,5000,3,historical_spatial_month_balanced_minus_random,rmse,35.410638094665536,40.108457695605885,4.697819600940349
whole_spatial_blocks,2010,2.0,5000,3,historical_spatial_month_balanced_minus_random,mae,13.868122656264736,17.407277528257882,3.539154871993146
whole_spatial_blocks,2010,2.0,5000,3,historical_spatial_month_balanced_minus_random,median_absolute_error,8.624711171916346,10.04511498307241,1.4204038111560635
whole_spatial_blocks,2010,2.0,5000,3,historical_spatial_month_balanced_minus_random,p95_absolute_error,36.16872855162887,56.26194434829505,20.093215796666186
whole_spatial_blocks,2010,2.0,5000,3,historical_spatial_month_balanced_minus_random,p99_absolute_error,108.83291349289846,125.40007460332154,16.567161110423086
whole_spatial_blocks,2010,2.0,5000,3,historical_spatial_month_balanced_minus_random,bias,0.3295819183253315,-3.311013553736136,-3.6405954720614675
whole_spatial_blocks,2010,2.0,5000,4,historical_spatial_month_balanced_minus_random,rmse,33.81462043474653,42.41349543066456,8.598874995918031
whole_spatial_blocks,2010,2.0,5000,4,historical_spatial_month_balanced_minus_random,mae,12.51953187634341,18.609233743790355,6.089701867446946
whole_spatial_blocks,2010,2.0,5000,4,historical_spatial_month_balanced_minus_random,median_absolute_error,7.826059680379842,9.930835267481768,2.1047755871019262
whole_spatial_blocks,2010,2.0,5000,4,historical_spatial_month_balanced_minus_random,p95_absolute_error,34.417218639371455,62.68268113459416,28.265462495222707
whole_spatial_blocks,2010,2.0,5000,4,historical_spatial_month_balanced_minus_random,p99_absolute_error,73.63494482082226,148.88037729668463,75.24543247586237
whole_spatial_blocks,2010,2.0,5000,4,historical_spatial_month_balanced_minus_random,bias,-0.9120860572738774,-3.3380309051302905,-2.425944847856413
whole_spatial_blocks,2010,2.0,5000,5,historical_spatial_month_balanced_minus_random,rmse,36.85222426438673,42.33768575848685,5.485461494100122
whole_spatial_blocks,2010,2.0,5000,5,historical_spatial_month_balanced_minus_random,mae,14.575231740151567,18.97131743968285,4.396085699531282
whole_spatial_blocks,2010,2.0,5000,5,historical_spatial_month_balanced_minus_random,median_absolute_error,8.274395252301133,10.401581950232526,2.1271866979313927
whole_spatial_blocks,2010,2.0,5000,5,historical_spatial_month_balanced_minus_random,p95_absolute_error,41.48563371567413,63.70038471696725,22.214751001293116
whole_spatial_blocks,2010,2.0,5000,5,historical_spatial_month_balanced_minus_random,p99_absolute_error,121.8966667810366,144.0275553270511,22.13088854601449
whole_spatial_blocks,2010,2.0,5000,5,historical_spatial_month_balanced_minus_random,bias,0.9833879460717548,-3.393213317768732,-4.376601263840487
whole_spatial_blocks,2010,2.0,5000,6,historical_spatial_month_balanced_minus_random,rmse,33.651828566597835,39.08203332153182,5.430204754933982
whole_spatial_blocks,2010,2.0,5000,6,historical_spatial_month_balanced_minus_random,mae,13.07401429065086,16.79996810354013,3.725953812889271
whole_spatial_blocks,2010,2.0,5000,6,historical_spatial_month_balanced_minus_random,median_absolute_error,8.475271082842767,9.646208277598788,1.1709371947560214
whole_spatial_blocks,2010,2.0,5000,6,historical_spatial_month_balanced_minus_random,p95_absolute_error,35.35128721598717,51.50982437074961,16.158537154762442
whole_spatial_blocks,2010,2.0,5000,6,historical_spatial_month_balanced_minus_random,p99_absolute_error,76.46237909244566,123.46795483845209,47.00557574600643
whole_spatial_blocks,2010,2.0,5000,6,historical_spatial_month_balanced_minus_random,bias,-0.6137078919983627,-2.8849048472779453,-2.2711969552795823
whole_spatial_blocks,2010,2.0,5000,7,historical_spatial_month_balanced_minus_random,rmse,35.46640451164368,39.7524692059061,4.286064694262421
whole_spatial_blocks,2010,2.0,5000,7,historical_spatial_month_balanced_minus_random,mae,13.325142421200466,17.439195271328686,4.114052850128219
whole_spatial_blocks,2010,2.0,5000,7,historical_spatial_month_balanced_minus_random,median_absolute_error,7.860029001533718,10.3165099506559,2.4564809491221826
whole_spatial_blocks,2010,2.0,5000,7,historical_spatial_month_balanced_minus_random,p95_absolute_error,35.40143945145845,54.3807968227993,18.979357371340846
whole_spatial_blocks,2010,2.0,5000,7,historical_spatial_month_balanced_minus_random,p99_absolute_error,125.62454236950455,119.9324363040948,-5.69210606540976
whole_spatial_blocks,2010,2.0,5000,7,historical_spatial_month_balanced_minus_random,bias,0.3194542627348072,-1.0805226132356966,-1.3999768759705038
whole_spatial_blocks,2010,2.0,5000,8,historical_spatial_month_balanced_minus_random,rmse,33.43110367839386,38.98922543445676,5.558121756062903
whole_spatial_blocks,2010,2.0,5000,8,historical_spatial_month_balanced_minus_random,mae,12.681777511300742,16.799288455892277,4.117510944591535
whole_spatial_blocks,2010,2.0,5000,8,historical_spatial_month_balanced_minus_random,median_absolute_error,8.062359025350844,9.995797155287336,1.9334381299364924
whole_spatial_blocks,2010,2.0,5000,8,historical_spatial_month_balanced_minus_random,p95_absolute_error,34.69389921135518,52.290622238367945,17.596723027012764
whole_spatial_blocks,2010,2.0,5000,8,historical_spatial_month_balanced_minus_random,p99_absolute_error,72.1012920460493,118.59682789762034,46.49553585157105
whole_spatial_blocks,2010,2.0,5000,8,historical_spatial_month_balanced_minus_random,bias,-0.3486664722989712,-2.562102318200889,-2.213435845901918
whole_spatial_blocks,2010,2.0,5000,9,historical_spatial_month_balanced_minus_random,rmse,34.487457719066015,39.04623470591845,4.558776986852436
whole_spatial_blocks,2010,2.0,5000,9,historical_spatial_month_balanced_minus_random,mae,13.06099278551354,16.75157487443218,3.6905820889186405
whole_spatial_blocks,2010,2.0,5000,9,historical_spatial_month_balanced_minus_random,median_absolute_error,7.929363815119018,9.59230165124751,1.662937836128492
whole_spatial_blocks,2010,2.0,5000,9,historical_spatial_month_balanced_minus_random,p95_absolute_error,36.77607313019086,53.14725993073294,16.371186800542084
whole_spatial_blocks,2010,2.0,5000,9,historical_spatial_month_balanced_minus_random,p99_absolute_error,79.28585952135684,124.27581803838216,44.989958517025315
whole_spatial_blocks,2010,2.0,5000,9,historical_spatial_month_balanced_minus_random,bias,-1.47573988823395,-2.7943136825011883,-1.3185737942672382
whole_spatial_blocks,2010,2.0,5000,10,historical_spatial_month_balanced_minus_random,rmse,37.13785336259644,45.08070263357149,7.942849270975053
whole_spatial_blocks,2010,2.0,5000,10,historical_spatial_month_balanced_minus_random,mae,14.155736532166646,19.299662170828206,5.14392563866156
whole_spatial_blocks,2010,2.0,5000,10,historical_spatial_month_balanced_minus_random,median_absolute_error,8.101292070926831,9.871523242830136,1.7702311719033048
whole_spatial_blocks,2010,2.0,5000,10,historical_spatial_month_balanced_minus_random,p95_absolute_error,37.51499112842416,78.41499092417699,40.899999795752834
whole_spatial_blocks,2010,2.0,5000,10,historical_spatial_month_balanced_minus_random,p99_absolute_error,130.40526499257643,148.08933605559605,17.684071063019616
whole_spatial_blocks,2010,2.0,5000,10,historical_spatial_month_balanced_minus_random,bias,0.8735294955540565,-6.390062809018631,-7.263592304572688
whole_spatial_blocks,2010,2.0,5000,11,historical_spatial_month_balanced_minus_random,rmse,34.589274794605785,43.31675895504507,8.727484160439282
whole_spatial_blocks,2010,2.0,5000,11,historical_spatial_month_balanced_minus_random,mae,13.064495257345609,17.91420624044569,4.849710983100081
whole_spatial_blocks,2010,2.0,5000,11,historical_spatial_month_balanced_minus_random,median_absolute_error,8.183475436976977,9.859093206526552,1.675617769549575
whole_spatial_blocks,2010,2.0,5000,11,historical_spatial_month_balanced_minus_random,p95_absolute_error,35.870555006160124,54.76105187740302,18.890496871242895
whole_spatial_blocks,2010,2.0,5000,11,historical_spatial_month_balanced_minus_random,p99_absolute_error,84.71958525363083,163.11497094307327,78.39538568944245
whole_spatial_blocks,2010,2.0,5000,11,historical_spatial_month_balanced_minus_random,bias,-1.650012844760842,-4.184014907474684,-2.534002062713842
whole_spatial_blocks,2010,2.0,5000,12,historical_spatial_month_balanced_minus_random,rmse,34.13097120491486,42.66673583816548,8.535764633250622
whole_spatial_blocks,2010,2.0,5000,12,historical_spatial_month_balanced_minus_random,mae,12.885051484866608,17.336999002569474,4.451947517702866
whole_spatial_blocks,2010,2.0,5000,12,historical_spatial_month_balanced_minus_random,median_absolute_error,8.0489952623754,9.88502352158713,1.83602825921173
whole_spatial_blocks,2010,2.0,5000,12,historical_spatial_month_balanced_minus_random,p95_absolute_error,35.55108989169483,52.48742264188144,16.936332750186608
whole_spatial_blocks,2010,2.0,5000,12,historical_spatial_month_balanced_minus_random,p99_absolute_error,79.13800613438914,144.19155507043575,65.05354893604661
whole_spatial_blocks,2010,2.0,5000,12,historical_spatial_month_balanced_minus_random,bias,-1.060217695801555,-4.101319543012992,-3.0411018472114373
whole_spatial_blocks,2010,2.0,5000,13,historical_spatial_month_balanced_minus_random,rmse,36.2102421494982,41.69939402296297,5.48915187346477
whole_spatial_blocks,2010,2.0,5000,13,historical_spatial_month_balanced_minus_random,mae,14.56836400430804,18.14071318964435,3.5723491853363125
whole_spatial_blocks,2010,2.0,5000,13,historical_spatial_month_balanced_minus_random,median_absolute_error,8.6635970021118,9.885901581911156,1.2223045797993564
whole_spatial_blocks,2010,2.0,5000,13,historical_spatial_month_balanced_minus_random,p95_absolute_error,41.02179373845931,61.82377662088999,20.80198288243068
whole_spatial_blocks,2010,2.0,5000,13,historical_spatial_month_balanced_minus_random,p99_absolute_error,109.30921974526272,138.9549893044496,29.64576955918689
whole_spatial_blocks,2010,2.0,5000,13,historical_spatial_month_balanced_minus_random,bias,0.7319462616574182,-4.874118632713158,-5.606064894370576
whole_spatial_blocks,2010,2.0,5000,14,historical_spatial_month_balanced_minus_random,rmse,33.38474944978584,38.65431813947912,5.26956868969328
whole_spatial_blocks,2010,2.0,5000,14,historical_spatial_month_balanced_minus_random,mae,12.802845584539014,16.495722013444496,3.692876428905482
whole_spatial_blocks,2010,2.0,5000,14,historical_spatial_month_balanced_minus_random,median_absolute_error,8.228913762147755,9.85778294056442,1.6288691784166645
whole_spatial_blocks,2010,2.0,5000,14,historical_spatial_month_balanced_minus_random,p95_absolute_error,34.91875041102174,49.16907156147008,14.250321150448343
whole_spatial_blocks,2010,2.0,5000,14,historical_spatial_month_balanced_minus_random,p99_absolute_error,75.1131869975914,118.0742235789542,42.961036581362805
whole_spatial_blocks,2010,2.0,5000,14,historical_spatial_month_balanced_minus_random,bias,-0.9315617968029288,-0.8698534298375485,0.06170836696538029
whole_spatial_blocks,2010,2.0,5000,15,historical_spatial_month_balanced_minus_random,rmse,33.77666273477994,39.15593805251287,5.379275317732933
whole_spatial_blocks,2010,2.0,5000,15,historical_spatial_month_balanced_minus_random,mae,13.144396678686537,17.17077150082326,4.026374822136724
whole_spatial_blocks,2010,2.0,5000,15,historical_spatial_month_balanced_minus_random,median_absolute_error,8.25563871913215,10.008819610175124,1.7531808910429731
whole_spatial_blocks,2010,2.0,5000,15,historical_spatial_month_balanced_minus_random,p95_absolute_error,36.65789572321922,54.9361730396179,18.27827731639868
whole_spatial_blocks,2010,2.0,5000,15,historical_spatial_month_balanced_minus_random,p99_absolute_error,80.51774625833416,119.37393431777636,38.856188059442204
whole_spatial_blocks,2010,2.0,5000,15,historical_spatial_month_balanced_minus_random,bias,-0.1867971235523925,-2.326544026839162,-2.1397469032867695
whole_spatial_blocks,2010,2.0,5000,16,historical_spatial_month_balanced_minus_random,rmse,33.94366813269948,39.72424279226353,5.780574659564053
whole_spatial_blocks,2010,2.0,5000,16,historical_spatial_month_balanced_minus_random,mae,12.730650619794446,16.972058749750577,4.241408129956131
whole_spatial_blocks,2010,2.0,5000,16,historical_spatial_month_balanced_minus_random,median_absolute_error,8.11590667137142,9.823783442362355,1.7078767709909357
whole_spatial_blocks,2010,2.0,5000,16,historical_spatial_month_balanced_minus_random,p95_absolute_error,34.3862862067568,53.32237087615688,18.93608466940008
whole_spatial_blocks,2010,2.0,5000,16,historical_spatial_month_balanced_minus_random,p99_absolute_error,73.78070928412477,126.14059863810829,52.35988935398352
whole_spatial_blocks,2010,2.0,5000,16,historical_spatial_month_balanced_minus_random,bias,-0.6729624341971332,-3.5699283908190207,-2.8969659566218873
whole_spatial_blocks,2010,2.0,5000,17,historical_spatial_month_balanced_minus_random,rmse,34.00453998195811,40.32165782928252,6.317117847324411
whole_spatial_blocks,2010,2.0,5000,17,historical_spatial_month_balanced_minus_random,mae,13.895300704509394,17.57638509221833,3.681084387708937
whole_spatial_blocks,2010,2.0,5000,17,historical_spatial_month_balanced_minus_random,median_absolute_error,8.613001497673366,9.860859158836064,1.2478576611626977
whole_spatial_blocks,2010,2.0,5000,17,historical_spatial_month_balanced_minus_random,p95_absolute_error,39.02350305898917,58.34598317653485,19.32248011754568
whole_spatial_blocks,2010,2.0,5000,17,historical_spatial_month_balanced_minus_random,p99_absolute_error,93.0168760376724,120.83413500313632,27.81725896546392
whole_spatial_blocks,2010,2.0,5000,17,historical_spatial_month_balanced_minus_random,bias,0.3301952666590287,-3.5909092452827616,-3.9211045119417904
whole_spatial_blocks,2010,2.0,5000,18,historical_spatial_month_balanced_minus_random,rmse,35.00651091405725,40.38829239832126,5.38178148426401
whole_spatial_blocks,2010,2.0,5000,18,historical_spatial_month_balanced_minus_random,mae,13.552478238312164,17.22544118264544,3.6729629443332765
whole_spatial_blocks,2010,2.0,5000,18,historical_spatial_month_balanced_minus_random,median_absolute_error,8.251253042556812,9.480031170095174,1.2287781275383622
whole_spatial_blocks,2010,2.0,5000,18,historical_spatial_month_balanced_minus_random,p95_absolute_error,36.31133789313539,56.76242728865401,20.451089395518622
whole_spatial_blocks,2010,2.0,5000,18,historical_spatial_month_balanced_minus_random,p99_absolute_error,104.86339539495432,130.59547830171704,25.732082906762713
whole_spatial_blocks,2010,2.0,5000,18,historical_spatial_month_balanced_minus_random,bias,0.0664748412927372,-3.8312383440366,-3.897713185329337
whole_spatial_blocks,2010,2.0,5000,19,historical_spatial_month_balanced_minus_random,rmse,35.43862552597262,41.607761528850176,6.169136002877558
whole_spatial_blocks,2010,2.0,5000,19,historical_spatial_month_balanced_minus_random,mae,13.691774175355686,17.786429064574587,4.094654889218901
whole_spatial_blocks,2010,2.0,5000,19,historical_spatial_month_balanced_minus_random,median_absolute_error,8.141801497576012,9.661607445262687,1.5198059476866757
whole_spatial_blocks,2010,2.0,5000,19,historical_spatial_month_balanced_minus_random,p95_absolute_error,37.61761763413183,62.476277407154285,24.858659773022453
whole_spatial_blocks,2010,2.0,5000,19,historical_spatial_month_balanced_minus_random,p99_absolute_error,114.939514185404,126.85218776392738,11.912673578523382
whole_spatial_blocks,2010,2.0,5000,19,historical_spatial_month_balanced_minus_random,bias,0.0548800509506429,-6.042851979095797,-6.09773203004644
whole_spatial_blocks,2010,3.0,5000,0,historical_spatial_month_balanced_minus_random,rmse,37.57797302847461,42.52149612709367,4.94352309861906
whole_spatial_blocks,2010,3.0,5000,0,historical_spatial_month_balanced_minus_random,mae,13.98966421301298,16.028138634320776,2.0384744213077965
whole_spatial_blocks,2010,3.0,5000,0,historical_spatial_month_balanced_minus_random,median_absolute_error,8.750852356856967,9.98036443491992,1.2295120780629532
whole_spatial_blocks,2010,3.0,5000,0,historical_spatial_month_balanced_minus_random,p95_absolute_error,38.32413832621835,49.63801759834156,11.31387927212321
whole_spatial_blocks,2010,3.0,5000,0,historical_spatial_month_balanced_minus_random,p99_absolute_error,83.53092308470593,95.8098228199655,12.278899735259571
whole_spatial_blocks,2010,3.0,5000,0,historical_spatial_month_balanced_minus_random,bias,0.8304990730087988,-3.3620483710798443,-4.192547444088643
whole_spatial_blocks,2010,3.0,5000,1,historical_spatial_month_balanced_minus_random,rmse,34.48798369282837,42.25284640453999,7.764862711711615
whole_spatial_blocks,2010,3.0,5000,1,historical_spatial_month_balanced_minus_random,mae,12.154494584990273,16.088004491197015,3.9335099062067425
whole_spatial_blocks,2010,3.0,5000,1,historical_spatial_month_balanced_minus_random,median_absolute_error,8.180913261474444,9.855216262457844,1.6743030009834001
whole_spatial_blocks,2010,3.0,5000,1,historical_spatial_month_balanced_minus_random,p95_absolute_error,33.66592700878946,49.44107913894916,15.775152130159704
whole_spatial_blocks,2010,3.0,5000,1,historical_spatial_month_balanced_minus_random,p99_absolute_error,59.47744655160455,101.85149336205232,42.37404681044777
whole_spatial_blocks,2010,3.0,5000,1,historical_spatial_month_balanced_minus_random,bias,-0.3344803588587209,-3.615574928686721,-3.281094569828
whole_spatial_blocks,2010,3.0,5000,2,historical_spatial_month_balanced_minus_random,rmse,34.58605217053829,42.30834853302292,7.722296362484634
whole_spatial_blocks,2010,3.0,5000,2,historical_spatial_month_balanced_minus_random,mae,12.047794117436084,16.002713695455032,3.9549195780189486
whole_spatial_blocks,2010,3.0,5000,2,historical_spatial_month_balanced_minus_random,median_absolute_error,8.238904413930669,9.548263367293032,1.3093589533623629
whole_spatial_blocks,2010,3.0,5000,2,historical_spatial_month_balanced_minus_random,p95_absolute_error,32.99374764896561,50.15654900672998,17.162801357764373
whole_spatial_blocks,2010,3.0,5000,2,historical_spatial_month_balanced_minus_random,p99_absolute_error,58.75933709178554,92.55264132281329,33.79330423102775
whole_spatial_blocks,2010,3.0,5000,2,historical_spatial_month_balanced_minus_random,bias,-0.5545947108391935,-3.490074017147169,-2.9354793063079754
whole_spatial_blocks,2010,3.0,5000,3,historical_spatial_month_balanced_minus_random,rmse,35.55629967782832,42.63464733974925,7.07834766192093
whole_spatial_blocks,2010,3.0,5000,3,historical_spatial_month_balanced_minus_random,mae,12.985140078585903,15.877842663928176,2.8927025853422723
whole_spatial_blocks,2010,3.0,5000,3,historical_spatial_month_balanced_minus_random,median_absolute_error,8.659871961019064,9.426201908580254,0.7663299475611893
whole_spatial_blocks,2010,3.0,5000,3,historical_spatial_month_balanced_minus_random,p95_absolute_error,35.64232809317106,49.297941653999885,13.655613560828826
whole_spatial_blocks,2010,3.0,5000,3,historical_spatial_month_balanced_minus_random,p99_absolute_error,70.0152935492696,100.13077849780156,30.115484948531957
whole_spatial_blocks,2010,3.0,5000,3,historical_spatial_month_balanced_minus_random,bias,0.278905703279997,-3.819834171512817,-4.098739874792814
whole_spatial_blocks,2010,3.0,5000,4,historical_spatial_month_balanced_minus_random,rmse,34.468723606610574,42.569352561097865,8.100628954487291
whole_spatial_blocks,2010,3.0,5000,4,historical_spatial_month_balanced_minus_random,mae,11.922929878392036,16.27779715446226,4.354867276070223
whole_spatial_blocks,2010,3.0,5000,4,historical_spatial_month_balanced_minus_random,median_absolute_error,8.148981955512994,9.519310358443448,1.370328402930454
whole_spatial_blocks,2010,3.0,5000,4,historical_spatial_month_balanced_minus_random,p95_absolute_error,32.20722912923455,55.263378066838285,23.056148937603737
whole_spatial_blocks,2010,3.0,5000,4,historical_spatial_month_balanced_minus_random,p99_absolute_error,57.8140072782566,99.22700834863218,41.413001070375586
whole_spatial_blocks,2010,3.0,5000,4,historical_spatial_month_balanced_minus_random,bias,-0.3470585344808207,-4.687396125692255,-4.340337591211434
whole_spatial_blocks,2010,3.0,5000,5,historical_spatial_month_balanced_minus_random,rmse,34.17236554104177,41.53985370139694,7.3674881603551725
whole_spatial_blocks,2010,3.0,5000,5,historical_spatial_month_balanced_minus_random,mae,12.372211809828608,15.123963526217706,2.751751716389098
whole_spatial_blocks,2010,3.0,5000,5,historical_spatial_month_balanced_minus_random,median_absolute_error,8.486377771686534,9.001780294411247,0.5154025227247132
whole_spatial_blocks,2010,3.0,5000,5,historical_spatial_month_balanced_minus_random,p95_absolute_error,34.09015707796716,47.65169960357752,13.561542525610356
whole_spatial_blocks,2010,3.0,5000,5,historical_spatial_month_balanced_minus_random,p99_absolute_error,61.668267554057714,86.69540790115977,25.027140347102055
whole_spatial_blocks,2010,3.0,5000,5,historical_spatial_month_balanced_minus_random,bias,-0.4982862828218133,-3.6297421562528767,-3.1314558734310634
whole_spatial_blocks,2010,3.0,5000,6,historical_spatial_month_balanced_minus_random,rmse,34.734935240938164,42.21379582034625,7.478860579408085
whole_spatial_blocks,2010,3.0,5000,6,historical_spatial_month_balanced_minus_random,mae,12.14303344625067,16.018107819363756,3.875074373113087
whole_spatial_blocks,2010,3.0,5000,6,historical_spatial_month_balanced_minus_random,median_absolute_error,8.182953662138345,9.600896635913529,1.4179429737751832
whole_spatial_blocks,2010,3.0,5000,6,historical_spatial_month_balanced_minus_random,p95_absolute_error,33.551277644394524,51.345507197828425,17.7942295534339
whole_spatial_blocks,2010,3.0,5000,6,historical_spatial_month_balanced_minus_random,p99_absolute_error,60.84183856257147,101.54118216106087,40.699343598489406
whole_spatial_blocks,2010,3.0,5000,6,historical_spatial_month_balanced_minus_random,bias,-0.2741738119406581,-3.85440687452019,-3.580233062579532
whole_spatial_blocks,2010,3.0,5000,7,historical_spatial_month_balanced_minus_random,rmse,34.64528639569043,43.51236587866497,8.867079482974546
whole_spatial_blocks,2010,3.0,5000,7,historical_spatial_month_balanced_minus_random,mae,12.45401342171211,16.467887323217507,4.013873901505397
whole_spatial_blocks,2010,3.0,5000,7,historical_spatial_month_balanced_minus_random,median_absolute_error,8.470001412979968,9.358931960992493,0.8889305480125245
whole_spatial_blocks,2010,3.0,5000,7,historical_spatial_month_balanced_minus_random,p95_absolute_error,34.44071973645855,55.19275745838626,20.752037721927714
whole_spatial_blocks,2010,3.0,5000,7,historical_spatial_month_balanced_minus_random,p99_absolute_error,61.67353951429909,110.22120925701398,48.547669742714895
whole_spatial_blocks,2010,3.0,5000,7,historical_spatial_month_balanced_minus_random,bias,0.0244076809673027,-4.578053138117364,-4.602460819084667
whole_spatial_blocks,2010,3.0,5000,8,historical_spatial_month_balanced_minus_random,rmse,33.27188445964847,42.728254529316594,9.456370069668125
whole_spatial_blocks,2010,3.0,5000,8,historical_spatial_month_balanced_minus_random,mae,12.586483432482142,15.98027863391241,3.393795201430269
whole_spatial_blocks,2010,3.0,5000,8,historical_spatial_month_balanced_minus_random,median_absolute_error,8.674052432369251,9.859492543130102,1.185440110760851
whole_spatial_blocks,2010,3.0,5000,8,historical_spatial_month_balanced_minus_random,p95_absolute_error,35.10478328427746,48.14414806164956,13.0393647773721
whole_spatial_blocks,2010,3.0,5000,8,historical_spatial_month_balanced_minus_random,p99_absolute_error,60.50618289252533,92.40892559956826,31.902742707042933
whole_spatial_blocks,2010,3.0,5000,8,historical_spatial_month_balanced_minus_random,bias,-0.3888777403114953,-3.202682458703156,-2.813804718391661
whole_spatial_blocks,2010,3.0,5000,9,historical_spatial_month_balanced_minus_random,rmse,33.00277126658282,42.111422773377406,9.108651506794587
whole_spatial_blocks,2010,3.0,5000,9,historical_spatial_month_balanced_minus_random,mae,12.566331795726049,15.514721044575609,2.94838924884956
whole_spatial_blocks,2010,3.0,5000,9,historical_spatial_month_balanced_minus_random,median_absolute_error,8.64538116386521,9.04988245632029,0.4045012924550804
whole_spatial_blocks,2010,3.0,5000,9,historical_spatial_month_balanced_minus_random,p95_absolute_error,34.56764816925363,49.57777903054977,15.01013086129614
whole_spatial_blocks,2010,3.0,5000,9,historical_spatial_month_balanced_minus_random,p99_absolute_error,60.93564938593136,93.54124751612537,32.605598130194004
whole_spatial_blocks,2010,3.0,5000,9,historical_spatial_month_balanced_minus_random,bias,-0.1932931622492749,-4.222360256155822,-4.029067093906547
whole_spatial_blocks,2010,3.0,5000,10,historical_spatial_month_balanced_minus_random,rmse,34.208517099871514,41.97625828212824,7.767741182256728
whole_spatial_blocks,2010,3.0,5000,10,historical_spatial_month_balanced_minus_random,mae,12.231543540877537,15.522908305804105,3.291364764926568
whole_spatial_blocks,2010,3.0,5000,10,historical_spatial_month_balanced_minus_random,median_absolute_error,8.41590951436001,9.619458732559252,1.2035492181992424
whole_spatial_blocks,2010,3.0,5000,10,historical_spatial_month_balanced_minus_random,p95_absolute_error,33.40225327065655,44.91677295196433,11.514519681307782
whole_spatial_blocks,2010,3.0,5000,10,historical_spatial_month_balanced_minus_random,p99_absolute_error,59.419409775687726,89.82296938521289,30.40355960952516
whole_spatial_blocks,2010,3.0,5000,10,historical_spatial_month_balanced_minus_random,bias,-0.3835234984005954,-2.789097334411614,-2.4055738360110186
whole_spatial_blocks,2010,3.0,5000,11,historical_spatial_month_balanced_minus_random,rmse,32.69738661135022,41.63294588146815,8.935559270117935
whole_spatial_blocks,2010,3.0,5000,11,historical_spatial_month_balanced_minus_random,mae,12.136660694449786,15.548697671607725,3.412036977157939
whole_spatial_blocks,2010,3.0,5000,11,historical_spatial_month_balanced_minus_random,median_absolute_error,8.003277640583434,9.509802711078152,1.5065250704947175
whole_spatial_blocks,2010,3.0,5000,11,historical_spatial_month_balanced_minus_random,p95_absolute_error,34.19713495045894,48.52778930558478,14.330654355125844
whole_spatial_blocks,2010,3.0,5000,11,historical_spatial_month_balanced_minus_random,p99_absolute_error,65.96165702069872,89.80928659117684,23.84762957047812
whole_spatial_blocks,2010,3.0,5000,11,historical_spatial_month_balanced_minus_random,bias,0.0130747185920654,-2.8620050340542416,-2.875079752646307
whole_spatial_blocks,2010,3.0,5000,12,historical_spatial_month_balanced_minus_random,rmse,34.70605449702302,43.468938838946414,8.762884341923396
whole_spatial_blocks,2010,3.0,5000,12,historical_spatial_month_balanced_minus_random,mae,12.09520904092844,16.812307699028274,4.717098658099834
whole_spatial_blocks,2010,3.0,5000,12,historical_spatial_month_balanced_minus_random,median_absolute_error,8.21348140326657,9.596820833963193,1.3833394306966227
whole_spatial_blocks,2010,3.0,5000,12,historical_spatial_month_balanced_minus_random,p95_absolute_error,32.99666487031743,53.32378116665537,20.32711629633794
whole_spatial_blocks,2010,3.0,5000,12,historical_spatial_month_balanced_minus_random,p99_absolute_error,57.98402503020429,120.48591065454728,62.50188562434299
whole_spatial_blocks,2010,3.0,5000,12,historical_spatial_month_balanced_minus_random,bias,-0.3161748656433087,-4.59850621295169,-4.282331347308381
whole_spatial_blocks,2010,3.0,5000,13,historical_spatial_month_balanced_minus_random,rmse,32.77220529760686,43.42785832729556,10.6556530296887
whole_spatial_blocks,2010,3.0,5000,13,historical_spatial_month_balanced_minus_random,mae,12.440772325344144,16.235859072288825,3.7950867469446816
whole_spatial_blocks,2010,3.0,5000,13,historical_spatial_month_balanced_minus_random,median_absolute_error,7.992075258488001,9.141677740210127,1.1496024817221269
whole_spatial_blocks,2010,3.0,5000,13,historical_spatial_month_balanced_minus_random,p95_absolute_error,34.45991316785125,51.20499348257565,16.745080314724405
whole_spatial_blocks,2010,3.0,5000,13,historical_spatial_month_balanced_minus_random,p99_absolute_error,66.67283057665742,128.1761175152486,61.503286938591174
whole_spatial_blocks,2010,3.0,5000,13,historical_spatial_month_balanced_minus_random,bias,0.3469248123415815,-4.701896649326314,-5.048821461667895
whole_spatial_blocks,2010,3.0,5000,14,historical_spatial_month_balanced_minus_random,rmse,33.56108766677288,44.17354220919541,10.612454542422533
whole_spatial_blocks,2010,3.0,5000,14,historical_spatial_month_balanced_minus_random,mae,12.096883830092487,16.533757485409787,4.436873655317299
whole_spatial_blocks,2010,3.0,5000,14,historical_spatial_month_balanced_minus_random,median_absolute_error,8.198647884805212,9.137865540077684,0.939217655272472
whole_spatial_blocks,2010,3.0,5000,14,historical_spatial_month_balanced_minus_random,p95_absolute_error,33.55180047287572,52.51642779454226,18.96462732166654
whole_spatial_blocks,2010,3.0,5000,14,historical_spatial_month_balanced_minus_random,p99_absolute_error,60.13705863362667,137.66634573016822,77.52928709654154
whole_spatial_blocks,2010,3.0,5000,14,historical_spatial_month_balanced_minus_random,bias,-0.3276471897320627,-4.573113836240166,-4.2454666465081035
whole_spatial_blocks,2010,3.0,5000,15,historical_spatial_month_balanced_minus_random,rmse,33.59248691724134,42.71577561253071,9.123288695289375
whole_spatial_blocks,2010,3.0,5000,15,historical_spatial_month_balanced_minus_random,mae,11.919340399782778,16.54770446764319,4.628364067860412
whole_spatial_blocks,2010,3.0,5000,15,historical_spatial_month_balanced_minus_random,median_absolute_error,8.122560264867786,10.089215998390271,1.9666557335224848
whole_spatial_blocks,2010,3.0,5000,15,historical_spatial_month_balanced_minus_random,p95_absolute_error,33.52890942247246,53.12630085868949,19.59739143621703
whole_spatial_blocks,2010,3.0,5000,15,historical_spatial_month_balanced_minus_random,p99_absolute_error,58.96995219374762,95.4986165330659,36.528664339318276
whole_spatial_blocks,2010,3.0,5000,15,historical_spatial_month_balanced_minus_random,bias,-0.4372518058452511,-3.9939479315126585,-3.5566961256674072
whole_spatial_blocks,2010,3.0,5000,16,historical_spatial_month_balanced_minus_random,rmse,34.4317963505966,43.35755494663524,8.92575859603864
whole_spatial_blocks,2010,3.0,5000,16,historical_spatial_month_balanced_minus_random,mae,12.207864650016944,16.382162888645023,4.174298238628079
whole_spatial_blocks,2010,3.0,5000,16,historical_spatial_month_balanced_minus_random,median_absolute_error,8.215767347092651,9.499868207649428,1.2841008605567765
whole_spatial_blocks,2010,3.0,5000,16,historical_spatial_month_balanced_minus_random,p95_absolute_error,33.435968776542914,52.17871057268421,18.742741796141296
whole_spatial_blocks,2010,3.0,5000,16,historical_spatial_month_balanced_minus_random,p99_absolute_error,62.77530109523392,113.5941848629904,50.81888376775648
whole_spatial_blocks,2010,3.0,5000,16,historical_spatial_month_balanced_minus_random,bias,-0.6718251324446621,-4.414509433715637,-3.7426843012709754
whole_spatial_blocks,2010,3.0,5000,17,historical_spatial_month_balanced_minus_random,rmse,32.73637033127754,41.34983992046481,8.613469589187268
whole_spatial_blocks,2010,3.0,5000,17,historical_spatial_month_balanced_minus_random,mae,11.860383303306063,15.461704560982223,3.60132125767616
whole_spatial_blocks,2010,3.0,5000,17,historical_spatial_month_balanced_minus_random,median_absolute_error,7.979233771120789,9.363210320648278,1.383976549527489
whole_spatial_blocks,2010,3.0,5000,17,historical_spatial_month_balanced_minus_random,p95_absolute_error,31.63360516325484,46.543589294148326,14.909984130893488
whole_spatial_blocks,2010,3.0,5000,17,historical_spatial_month_balanced_minus_random,p99_absolute_error,58.591128551744426,87.64500946312997,29.05388091138554
whole_spatial_blocks,2010,3.0,5000,17,historical_spatial_month_balanced_minus_random,bias,-0.0240494906552024,-2.1266492861508963,-2.102599795495694
whole_spatial_blocks,2010,3.0,5000,18,historical_spatial_month_balanced_minus_random,rmse,35.13347103491603,42.40467306106022,7.271202026144195
whole_spatial_blocks,2010,3.0,5000,18,historical_spatial_month_balanced_minus_random,mae,12.227632097954215,16.375872293335597,4.148240195381382
whole_spatial_blocks,2010,3.0,5000,18,historical_spatial_month_balanced_minus_random,median_absolute_error,8.444057819698202,9.55262690674985,1.1085690870516487
whole_spatial_blocks,2010,3.0,5000,18,historical_spatial_month_balanced_minus_random,p95_absolute_error,33.046458548683255,54.076439557734645,21.02998100905139
whole_spatial_blocks,2010,3.0,5000,18,historical_spatial_month_balanced_minus_random,p99_absolute_error,58.43089018841025,97.02741106321004,38.596520874799786
whole_spatial_blocks,2010,3.0,5000,18,historical_spatial_month_balanced_minus_random,bias,-0.1783426775771348,-3.8765260823856704,-3.698183404808536
whole_spatial_blocks,2010,3.0,5000,19,historical_spatial_month_balanced_minus_random,rmse,34.378143562130404,42.43112112929049,8.052977567160085
whole_spatial_blocks,2010,3.0,5000,19,historical_spatial_month_balanced_minus_random,mae,11.648620605680048,15.973346689733797,4.324726084053749
whole_spatial_blocks,2010,3.0,5000,19,historical_spatial_month_balanced_minus_random,median_absolute_error,7.835273374973269,9.845511506685568,2.010238131712299
whole_spatial_blocks,2010,3.0,5000,19,historical_spatial_month_balanced_minus_random,p95_absolute_error,32.34182581813128,48.19247277814022,15.850646960008945
whole_spatial_blocks,2010,3.0,5000,19,historical_spatial_month_balanced_minus_random,p99_absolute_error,58.32533669041586,99.7507725914322,41.425435901016336
whole_spatial_blocks,2010,3.0,5000,19,historical_spatial_month_balanced_minus_random,bias,-0.1331746422292655,-3.5687096254326423,-3.4355349832033766
whole_spatial_blocks,2010,4.0,5000,0,historical_spatial_month_balanced_minus_random,rmse,23.90483064834579,31.59860133460969,7.6937706862639
whole_spatial_blocks,2010,4.0,5000,0,historical_spatial_month_balanced_minus_random,mae,12.399874627705934,16.56535523590167,4.165480608195736
whole_spatial_blocks,2010,4.0,5000,0,historical_spatial_month_balanced_minus_random,median_absolute_error,8.315780148910932,10.161324000112105,1.8455438512011728
whole_spatial_blocks,2010,4.0,5000,0,historical_spatial_month_balanced_minus_random,p95_absolute_error,36.17340926182342,50.6805757674566,14.50716650563318
whole_spatial_blocks,2010,4.0,5000,0,historical_spatial_month_balanced_minus_random,p99_absolute_error,64.72482257782038,95.9423785732334,31.217555995413022
whole_spatial_blocks,2010,4.0,5000,0,historical_spatial_month_balanced_minus_random,bias,-0.9782375530241564,-4.149728418015936,-3.17149086499178
whole_spatial_blocks,2010,4.0,5000,1,historical_spatial_month_balanced_minus_random,rmse,24.150301040575023,31.37236142387448,7.222060383299457
whole_spatial_blocks,2010,4.0,5000,1,historical_spatial_month_balanced_minus_random,mae,12.572994944137353,16.382042600683185,3.8090476565458324
whole_spatial_blocks,2010,4.0,5000,1,historical_spatial_month_balanced_minus_random,median_absolute_error,8.375852516715895,10.227183229941147,1.8513307132252521
whole_spatial_blocks,2010,4.0,5000,1,historical_spatial_month_balanced_minus_random,p95_absolute_error,37.68228345346338,50.43172706263032,12.749443609166946
whole_spatial_blocks,2010,4.0,5000,1,historical_spatial_month_balanced_minus_random,p99_absolute_error,64.29142475537824,96.42841900588904,32.136994250510796
whole_spatial_blocks,2010,4.0,5000,1,historical_spatial_month_balanced_minus_random,bias,-0.2321911269299129,-3.783840215414836,-3.551649088484923
whole_spatial_blocks,2010,4.0,5000,2,historical_spatial_month_balanced_minus_random,rmse,23.98581584869373,30.04208704848793,6.0562711997942
whole_spatial_blocks,2010,4.0,5000,2,historical_spatial_month_balanced_minus_random,mae,12.82508751820248,15.983261956900597,3.1581744386981168
whole_spatial_blocks,2010,4.0,5000,2,historical_spatial_month_balanced_minus_random,median_absolute_error,8.461332516498857,10.235978727100786,1.7746462106019294
whole_spatial_blocks,2010,4.0,5000,2,historical_spatial_month_balanced_minus_random,p95_absolute_error,38.03376998664106,50.1457168514018,12.11194686476074
whole_spatial_blocks,2010,4.0,5000,2,historical_spatial_month_balanced_minus_random,p99_absolute_error,65.71397204680439,90.32881864756858,24.614846600764196
whole_spatial_blocks,2010,4.0,5000,2,historical_spatial_month_balanced_minus_random,bias,-0.7197431310445844,-3.471790751648337,-2.7520476206037525
whole_spatial_blocks,2010,4.0,5000,3,historical_spatial_month_balanced_minus_random,rmse,24.037034274724864,30.336744412720385,6.299710137995522
whole_spatial_blocks,2010,4.0,5000,3,historical_spatial_month_balanced_minus_random,mae,12.88758358737184,15.476460024239218,2.5888764368673787
whole_spatial_blocks,2010,4.0,5000,3,historical_spatial_month_balanced_minus_random,median_absolute_error,8.71641391853558,9.893060867877551,1.176646949341972
whole_spatial_blocks,2010,4.0,5000,3,historical_spatial_month_balanced_minus_random,p95_absolute_error,38.00929617441966,46.329685791302666,8.320389616883006
whole_spatial_blocks,2010,4.0,5000,3,historical_spatial_month_balanced_minus_random,p99_absolute_error,65.15523899662827,87.93845475848552,22.78321576185725
whole_spatial_blocks,2010,4.0,5000,3,historical_spatial_month_balanced_minus_random,bias,-0.6701365330898182,-3.346181413979429,-2.6760448808896107
whole_spatial_blocks,2010,4.0,5000,4,historical_spatial_month_balanced_minus_random,rmse,23.956957553138107,30.66300600605734,6.706048452919234
whole_spatial_blocks,2010,4.0,5000,4,historical_spatial_month_balanced_minus_random,mae,12.98766423346516,16.080659420061423,3.092995186596262
whole_spatial_blocks,2010,4.0,5000,4,historical_spatial_month_balanced_minus_random,median_absolute_error,8.564123980075834,10.290489330462606,1.7263653503867715
whole_spatial_blocks,2010,4.0,5000,4,historical_spatial_month_balanced_minus_random,p95_absolute_error,39.18672104767839,48.36142694140136,9.174705893722972
whole_spatial_blocks,2010,4.0,5000,4,historical_spatial_month_balanced_minus_random,p99_absolute_error,67.21741801429809,91.92063124318172,24.703213228883627
whole_spatial_blocks,2010,4.0,5000,4,historical_spatial_month_balanced_minus_random,bias,-0.3868393240312647,-2.9917581946495546,-2.60491887061829
whole_spatial_blocks,2010,4.0,5000,5,historical_spatial_month_balanced_minus_random,rmse,25.4261365328972,31.32530707967392,5.89917054677672
whole_spatial_blocks,2010,4.0,5000,5,historical_spatial_month_balanced_minus_random,mae,13.08241254741271,16.77211461066322,3.6897020632505093
whole_spatial_blocks,2010,4.0,5000,5,historical_spatial_month_balanced_minus_random,median_absolute_error,8.550324351757212,10.468083387583505,1.9177590358262933
whole_spatial_blocks,2010,4.0,5000,5,historical_spatial_month_balanced_minus_random,p95_absolute_error,37.800696368658336,53.362937130274005,15.56224076161567
whole_spatial_blocks,2010,4.0,5000,5,historical_spatial_month_balanced_minus_random,p99_absolute_error,67.58833084134365,98.6175801620482,31.02924932070455
whole_spatial_blocks,2010,4.0,5000,5,historical_spatial_month_balanced_minus_random,bias,-0.4086971759097456,-3.05331478280502,-2.6446176068952743
whole_spatial_blocks,2010,4.0,5000,6,historical_spatial_month_balanced_minus_random,rmse,24.001094941953703,30.3286505430878,6.327555601134097
whole_spatial_blocks,2010,4.0,5000,6,historical_spatial_month_balanced_minus_random,mae,13.09650274202112,15.667829535712553,2.5713267936914335
whole_spatial_blocks,2010,4.0,5000,6,historical_spatial_month_balanced_minus_random,median_absolute_error,8.884926740728417,10.094634842409649,1.2097081016812314
whole_spatial_blocks,2010,4.0,5000,6,historical_spatial_month_balanced_minus_random,p95_absolute_error,38.54858835705426,46.619710139781375,8.071121782727118
whole_spatial_blocks,2010,4.0,5000,6,historical_spatial_month_balanced_minus_random,p99_absolute_error,64.45850230127809,91.89720066221894,27.438698360940847
whole_spatial_blocks,2010,4.0,5000,6,historical_spatial_month_balanced_minus_random,bias,-0.5483123340804782,-3.166764322960911,-2.618451988880433
whole_spatial_blocks,2010,4.0,5000,7,historical_spatial_month_balanced_minus_random,rmse,23.47910489691505,31.358289757903147,7.879184860988097
whole_spatial_blocks,2010,4.0,5000,7,historical_spatial_month_balanced_minus_random,mae,12.638083636084366,16.536197726353656,3.8981140902692903
whole_spatial_blocks,2010,4.0,5000,7,historical_spatial_month_balanced_minus_random,median_absolute_error,8.706625753348192,10.077560363511765,1.370934610163573
whole_spatial_blocks,2010,4.0,5000,7,historical_spatial_month_balanced_minus_random,p95_absolute_error,36.46524594061563,52.324191672565576,15.858945731949945
whole_spatial_blocks,2010,4.0,5000,7,historical_spatial_month_balanced_minus_random,p99_absolute_error,61.48689734260162,101.3192709180797,39.83237357547807
whole_spatial_blocks,2010,4.0,5000,7,historical_spatial_month_balanced_minus_random,bias,-0.0696778959588174,-3.968659939411479,-3.8989820434526616
whole_spatial_blocks,2010,4.0,5000,8,historical_spatial_month_balanced_minus_random,rmse,24.086115293007232,32.710513869618296,8.624398576611064
whole_spatial_blocks,2010,4.0,5000,8,historical_spatial_month_balanced_minus_random,mae,12.980254989287763,16.738559425113053,3.7583044358252895
whole_spatial_blocks,2010,4.0,5000,8,historical_spatial_month_balanced_minus_random,median_absolute_error,8.823658101981295,10.507975860033412,1.6843177580521171
whole_spatial_blocks,2010,4.0,5000,8,historical_spatial_month_balanced_minus_random,p95_absolute_error,38.256558895054766,49.54648663297832,11.289927737923556
whole_spatial_blocks,2010,4.0,5000,8,historical_spatial_month_balanced_minus_random,p99_absolute_error,70.20390926683294,102.62403153150038,32.42012226466744
whole_spatial_blocks,2010,4.0,5000,8,historical_spatial_month_balanced_minus_random,bias,-0.6931860140012269,-5.08975753015529,-4.396571516154063
whole_spatial_blocks,2010,4.0,5000,9,historical_spatial_month_balanced_minus_random,rmse,24.710366596620485,32.07582009503352,7.365453498413036
whole_spatial_blocks,2010,4.0,5000,9,historical_spatial_month_balanced_minus_random,mae,13.19608484882793,16.266552787854312,3.0704679390263827
whole_spatial_blocks,2010,4.0,5000,9,historical_spatial_month_balanced_minus_random,median_absolute_error,8.631873766247452,10.3891680193,1.7572942530525477
whole_spatial_blocks,2010,4.0,5000,9,historical_spatial_month_balanced_minus_random,p95_absolute_error,40.146446158037264,48.6279304502928,8.481484292255537
whole_spatial_blocks,2010,4.0,5000,9,historical_spatial_month_balanced_minus_random,p99_absolute_error,69.80049100273338,96.27411178015656,26.47362077742318
whole_spatial_blocks,2010,4.0,5000,9,historical_spatial_month_balanced_minus_random,bias,-0.9373685634350524,-4.402315589121858,-3.464947025686805
whole_spatial_blocks,2010,4.0,5000,10,historical_spatial_month_balanced_minus_random,rmse,23.81993852898077,32.10109183633159,8.28115330735082
whole_spatial_blocks,2010,4.0,5000,10,historical_spatial_month_balanced_minus_random,mae,12.951498106884456,16.870450372926808,3.9189522660423517
whole_spatial_blocks,2010,4.0,5000,10,historical_spatial_month_balanced_minus_random,median_absolute_error,8.693504816779694,10.192414201463125,1.4989093846834312
whole_spatial_blocks,2010,4.0,5000,10,historical_spatial_month_balanced_minus_random,p95_absolute_error,38.59297354424112,55.19503406631789,16.60206052207677
whole_spatial_blocks,2010,4.0,5000,10,historical_spatial_month_balanced_minus_random,p99_absolute_error,66.5896717704837,104.94752496211808,38.357853191634376
whole_spatial_blocks,2010,4.0,5000,10,historical_spatial_month_balanced_minus_random,bias,-0.9970458948178592,-4.239121509738663,-3.2420756149208034
whole_spatial_blocks,2010,4.0,5000,11,historical_spatial_month_balanced_minus_random,rmse,23.727238467553075,31.61844587946406,7.891207411910983
whole_spatial_blocks,2010,4.0,5000,11,historical_spatial_month_balanced_minus_random,mae,12.9008872306956,16.911879062633172,4.010991831937572
whole_spatial_blocks,2010,4.0,5000,11,historical_spatial_month_balanced_minus_random,median_absolute_error,8.796685790509514,10.340611851055286,1.5439260605457719
whole_spatial_blocks,2010,4.0,5000,11,historical_spatial_month_balanced_minus_random,p95_absolute_error,37.232885799211786,56.22882116062347,18.995935361411682
whole_spatial_blocks,2010,4.0,5000,11,historical_spatial_month_balanced_minus_random,p99_absolute_error,67.47035395527104,95.90563507885082,28.435281123579784
whole_spatial_blocks,2010,4.0,5000,11,historical_spatial_month_balanced_minus_random,bias,-1.051056355420482,-4.4104026566975785,-3.3593463012770965
whole_spatial_blocks,2010,4.0,5000,12,historical_spatial_month_balanced_minus_random,rmse,24.34841222155972,32.71433576317381,8.365923541614087
whole_spatial_blocks,2010,4.0,5000,12,historical_spatial_month_balanced_minus_random,mae,13.071166237488152,16.593833221344344,3.522666983856192
whole_spatial_blocks,2010,4.0,5000,12,historical_spatial_month_balanced_minus_random,median_absolute_error,8.752176918879627,10.208645587561392,1.4564686686817652
whole_spatial_blocks,2010,4.0,5000,12,historical_spatial_month_balanced_minus_random,p95_absolute_error,38.898900829144765,51.054163497050254,12.15526266790549
whole_spatial_blocks,2010,4.0,5000,12,historical_spatial_month_balanced_minus_random,p99_absolute_error,70.3893402267944,111.8996863323636,41.5103461055692
whole_spatial_blocks,2010,4.0,5000,12,historical_spatial_month_balanced_minus_random,bias,-0.5757214780766451,-4.2156741239993245,-3.6399526459226794
whole_spatial_blocks,2010,4.0,5000,13,historical_spatial_month_balanced_minus_random,rmse,24.95321034250442,32.84921309786822,7.896002755363803
whole_spatial_blocks,2010,4.0,5000,13,historical_spatial_month_balanced_minus_random,mae,13.20662642842438,16.048125385295155,2.8414989568707743
whole_spatial_blocks,2010,4.0,5000,13,historical_spatial_month_balanced_minus_random,median_absolute_error,8.616437648491285,9.686308137387954,1.0698704888966688
whole_spatial_blocks,2010,4.0,5000,13,historical_spatial_month_balanced_minus_random,p95_absolute_error,39.23276196702835,48.14263451928697,8.90987255225862
whole_spatial_blocks,2010,4.0,5000,13,historical_spatial_month_balanced_minus_random,p99_absolute_error,72.22472494978466,105.65544720819602,33.430722258411365
whole_spatial_blocks,2010,4.0,5000,13,historical_spatial_month_balanced_minus_random,bias,-0.3421020921417027,-4.666244138397956,-4.324142046256253
whole_spatial_blocks,2010,4.0,5000,14,historical_spatial_month_balanced_minus_random,rmse,24.294262463092576,31.276405568249896,6.98214310515732
whole_spatial_blocks,2010,4.0,5000,14,historical_spatial_month_balanced_minus_random,mae,13.329795307034953,16.251977926404052,2.9221826193690994
whole_spatial_blocks,2010,4.0,5000,14,historical_spatial_month_balanced_minus_random,median_absolute_error,8.949742735228597,10.095219316662993,1.1454765814343961
whole_spatial_blocks,2010,4.0,5000,14,historical_spatial_month_balanced_minus_random,p95_absolute_error,39.36624506311122,49.17918482841438,9.812939765303156
whole_spatial_blocks,2010,4.0,5000,14,historical_spatial_month_balanced_minus_random,p99_absolute_error,67.13934812018294,100.01888985199888,32.879541731815934
whole_spatial_blocks,2010,4.0,5000,14,historical_spatial_month_balanced_minus_random,bias,-1.380871620319881,-3.2774091859707712,-1.8965375656508903
whole_spatial_blocks,2010,4.0,5000,15,historical_spatial_month_balanced_minus_random,rmse,25.011526480142525,31.219643267797725,6.2081167876552
whole_spatial_blocks,2010,4.0,5000,15,historical_spatial_month_balanced_minus_random,mae,13.210098007060967,15.983618414721784,2.7735204076608166
whole_spatial_blocks,2010,4.0,5000,15,historical_spatial_month_balanced_minus_random,median_absolute_error,8.756899823733647,10.174310395032537,1.4174105712988894
whole_spatial_blocks,2010,4.0,5000,15,historical_spatial_month_balanced_minus_random,p95_absolute_error,39.03160649883279,47.47498338653935,8.443376887706563
whole_spatial_blocks,2010,4.0,5000,15,historical_spatial_month_balanced_minus_random,p99_absolute_error,71.4893972457553,95.13067802233772,23.64128077658242
whole_spatial_blocks,2010,4.0,5000,15,historical_spatial_month_balanced_minus_random,bias,-0.6203869977590525,-2.844330000044417,-2.2239430022853646
whole_spatial_blocks,2010,4.0,5000,16,historical_spatial_month_balanced_minus_random,rmse,23.88420695778899,33.408120694678935,9.523913736889945
whole_spatial_blocks,2010,4.0,5000,16,historical_spatial_month_balanced_minus_random,mae,13.010349149296768,17.504785859606947,4.494436710310179
whole_spatial_blocks,2010,4.0,5000,16,historical_spatial_month_balanced_minus_random,median_absolute_error,8.7538578850492,10.454290554015529,1.7004326689663287
whole_spatial_blocks,2010,4.0,5000,16,historical_spatial_month_balanced_minus_random,p95_absolute_error,38.82692419227652,59.44908698894224,20.62216279666572
whole_spatial_blocks,2010,4.0,5000,16,historical_spatial_month_balanced_minus_random,p99_absolute_error,66.81224890830795,109.92831482161908,43.11606591331113
whole_spatial_blocks,2010,4.0,5000,16,historical_spatial_month_balanced_minus_random,bias,-0.7557488140267437,-6.5300388196793815,-5.774290005652638
whole_spatial_blocks,2010,4.0,5000,17,historical_spatial_month_balanced_minus_random,rmse,23.826598630028723,30.79762542051576,6.971026790487038
whole_spatial_blocks,2010,4.0,5000,17,historical_spatial_month_balanced_minus_random,mae,12.614534826844034,16.541159679902282,3.9266248530582484
whole_spatial_blocks,2010,4.0,5000,17,historical_spatial_month_balanced_minus_random,median_absolute_error,8.53900420647156,10.580036090776671,2.041031884305111
whole_spatial_blocks,2010,4.0,5000,17,historical_spatial_month_balanced_minus_random,p95_absolute_error,37.110168344272125,50.83866874988298,13.728500405610852
whole_spatial_blocks,2010,4.0,5000,17,historical_spatial_month_balanced_minus_random,p99_absolute_error,65.38276695005077,95.6966845441111,30.313917594060328
whole_spatial_blocks,2010,4.0,5000,17,historical_spatial_month_balanced_minus_random,bias,-1.1093308008576643,-3.876110283188514,-2.7667794823308496
whole_spatial_blocks,2010,4.0,5000,18,historical_spatial_month_balanced_minus_random,rmse,27.18300800589562,31.348304563794315,4.165296557898696
whole_spatial_blocks,2010,4.0,5000,18,historical_spatial_month_balanced_minus_random,mae,13.759036211573584,16.059257939372294,2.3002217277987107
whole_spatial_blocks,2010,4.0,5000,18,historical_spatial_month_balanced_minus_random,median_absolute_error,9.052238147401994,10.21136413712918,1.1591259897271868
whole_spatial_blocks,2010,4.0,5000,18,historical_spatial_month_balanced_minus_random,p95_absolute_error,39.60000038034045,46.95806112503267,7.358060744692224
whole_spatial_blocks,2010,4.0,5000,18,historical_spatial_month_balanced_minus_random,p99_absolute_error,72.43837440916192,92.80095152882834,20.362577119666412
whole_spatial_blocks,2010,4.0,5000,18,historical_spatial_month_balanced_minus_random,bias,0.0106999930649813,-3.883472975025003,-3.8941729680899844
whole_spatial_blocks,2010,4.0,5000,19,historical_spatial_month_balanced_minus_random,rmse,24.368431648802407,32.935869538818935,8.567437890016528
whole_spatial_blocks,2010,4.0,5000,19,historical_spatial_month_balanced_minus_random,mae,12.81636095404396,16.964544633479875,4.148183679435915
whole_spatial_blocks,2010,4.0,5000,19,historical_spatial_month_balanced_minus_random,median_absolute_error,8.623599221093826,10.150296408583642,1.526697187489816
whole_spatial_blocks,2010,4.0,5000,19,historical_spatial_month_balanced_minus_random,p95_absolute_error,37.61525634680768,55.0249235773742,17.40966723056652
whole_spatial_blocks,2010,4.0,5000,19,historical_spatial_month_balanced_minus_random,p99_absolute_error,67.46992556304266,112.73205917389518,45.262133610852516
whole_spatial_blocks,2010,4.0,5000,19,historical_spatial_month_balanced_minus_random,bias,-0.2882672781436381,-5.193384833135169,-4.905117554991531
month_stratified_hidden_cells,2014,,5000,0,historical_spatial_month_balanced_minus_random,rmse,24.63884198480858,33.40023742428345,8.761395439474875
month_stratified_hidden_cells,2014,,5000,0,historical_spatial_month_balanced_minus_random,mae,12.028356943328182,15.90614277036547,3.877785827037288
month_stratified_hidden_cells,2014,,5000,0,historical_spatial_month_balanced_minus_random,median_absolute_error,7.765809235195292,8.82499348196248,1.0591842467671881
month_stratified_hidden_cells,2014,,5000,0,historical_spatial_month_balanced_minus_random,p95_absolute_error,34.45684297982385,57.48918197884792,23.03233899902407
month_stratified_hidden_cells,2014,,5000,0,historical_spatial_month_balanced_minus_random,p99_absolute_error,73.41289814764824,120.39045347353068,46.97755532588245
month_stratified_hidden_cells,2014,,5000,0,historical_spatial_month_balanced_minus_random,bias,0.5518313015487794,-5.74280442554023,-6.29463572708901
month_stratified_hidden_cells,2014,,5000,1,historical_spatial_month_balanced_minus_random,rmse,23.329602053307827,30.84789862747774,7.518296574169913
month_stratified_hidden_cells,2014,,5000,1,historical_spatial_month_balanced_minus_random,mae,10.547739708906777,14.604672856915569,4.056933148008792
month_stratified_hidden_cells,2014,,5000,1,historical_spatial_month_balanced_minus_random,median_absolute_error,7.024270664249457,8.914148154813944,1.889877490564487
month_stratified_hidden_cells,2014,,5000,1,historical_spatial_month_balanced_minus_random,p95_absolute_error,30.35784233733143,44.91174250965268,14.553900172321253
month_stratified_hidden_cells,2014,,5000,1,historical_spatial_month_balanced_minus_random,p99_absolute_error,59.86988185769389,89.70924507977746,29.83936322208357
month_stratified_hidden_cells,2014,,5000,1,historical_spatial_month_balanced_minus_random,bias,-0.523496660562674,-2.263035919061108,-1.739539258498434
month_stratified_hidden_cells,2014,,5000,2,historical_spatial_month_balanced_minus_random,rmse,24.28958286184557,30.78582413744964,6.496241275604071
month_stratified_hidden_cells,2014,,5000,2,historical_spatial_month_balanced_minus_random,mae,11.101259646167152,14.751995074822078,3.650735428654926
month_stratified_hidden_cells,2014,,5000,2,historical_spatial_month_balanced_minus_random,median_absolute_error,7.226182298230327,8.796124869863519,1.5699425716331916
month_stratified_hidden_cells,2014,,5000,2,historical_spatial_month_balanced_minus_random,p95_absolute_error,31.02971935555277,46.369690639482656,15.339971283929884
month_stratified_hidden_cells,2014,,5000,2,historical_spatial_month_balanced_minus_random,p99_absolute_error,70.02111119927002,104.60558969546577,34.58447849619574
month_stratified_hidden_cells,2014,,5000,2,historical_spatial_month_balanced_minus_random,bias,0.3315241446026958,-2.986556998689934,-3.31808114329263
month_stratified_hidden_cells,2014,,5000,3,historical_spatial_month_balanced_minus_random,rmse,23.373010232750737,33.02071596030258,9.647705727551845
month_stratified_hidden_cells,2014,,5000,3,historical_spatial_month_balanced_minus_random,mae,11.060220396258645,15.770390294333632,4.710169898074987
month_stratified_hidden_cells,2014,,5000,3,historical_spatial_month_balanced_minus_random,median_absolute_error,7.329474531477473,9.138262320619134,1.808787789141661
month_stratified_hidden_cells,2014,,5000,3,historical_spatial_month_balanced_minus_random,p95_absolute_error,31.753046771316075,50.87197566395197,19.118928892635896
month_stratified_hidden_cells,2014,,5000,3,historical_spatial_month_balanced_minus_random,p99_absolute_error,64.84540171532547,113.7384485630695,48.89304684774403
month_stratified_hidden_cells,2014,,5000,3,historical_spatial_month_balanced_minus_random,bias,0.1525314834446226,-4.020458199530041,-4.172989682974664
month_stratified_hidden_cells,2014,,5000,4,historical_spatial_month_balanced_minus_random,rmse,23.207485370284537,32.48412766909142,9.276642298806884
month_stratified_hidden_cells,2014,,5000,4,historical_spatial_month_balanced_minus_random,mae,10.818499455156324,15.67386143115353,4.855361975997205
month_stratified_hidden_cells,2014,,5000,4,historical_spatial_month_balanced_minus_random,median_absolute_error,7.262325516930787,8.995694019407495,1.7333685024767078
month_stratified_hidden_cells,2014,,5000,4,historical_spatial_month_balanced_minus_random,p95_absolute_error,30.305156187683032,53.53610513964384,23.230948951960805
month_stratified_hidden_cells,2014,,5000,4,historical_spatial_month_balanced_minus_random,p99_absolute_error,65.43007492776549,109.650144479277,44.220069551511514
month_stratified_hidden_cells,2014,,5000,4,historical_spatial_month_balanced_minus_random,bias,0.2613537793993155,-4.188775232001923,-4.450129011401239
month_stratified_hidden_cells,2014,,5000,5,historical_spatial_month_balanced_minus_random,rmse,23.38629466362564,30.659170335540924,7.272875671915283
month_stratified_hidden_cells,2014,,5000,5,historical_spatial_month_balanced_minus_random,mae,10.701758214194106,13.961153786858858,3.2593955726647525
month_stratified_hidden_cells,2014,,5000,5,historical_spatial_month_balanced_minus_random,median_absolute_error,7.1920366501828425,8.53188347416625,1.3398468239834074
month_stratified_hidden_cells,2014,,5000,5,historical_spatial_month_balanced_minus_random,p95_absolute_error,29.860775328504573,41.88136787319384,12.020592544689265
month_stratified_hidden_cells,2014,,5000,5,historical_spatial_month_balanced_minus_random,p99_absolute_error,61.18474189504567,94.98880430699406,33.80406241194839
month_stratified_hidden_cells,2014,,5000,5,historical_spatial_month_balanced_minus_random,bias,0.0607694636052653,-2.833207966942654,-2.8939774305479196
month_stratified_hidden_cells,2014,,5000,6,historical_spatial_month_balanced_minus_random,rmse,23.22540289341565,34.76175547262161,11.536352579205957
month_stratified_hidden_cells,2014,,5000,6,historical_spatial_month_balanced_minus_random,mae,10.6082563171195,16.17347881581498,5.565222498695482
month_stratified_hidden_cells,2014,,5000,6,historical_spatial_month_balanced_minus_random,median_absolute_error,7.054792174743824,9.101678476431148,2.0468863016873247
month_stratified_hidden_cells,2014,,5000,6,historical_spatial_month_balanced_minus_random,p95_absolute_error,30.234804067045825,53.62285071196382,23.388046644917996
month_stratified_hidden_cells,2014,,5000,6,historical_spatial_month_balanced_minus_random,p99_absolute_error,59.45193494283396,137.39949118896092,77.94755624612696
month_stratified_hidden_cells,2014,,5000,6,historical_spatial_month_balanced_minus_random,bias,-0.4357106813489946,-4.500353179792397,-4.064642498443402
month_stratified_hidden_cells,2014,,5000,7,historical_spatial_month_balanced_minus_random,rmse,23.81919380814085,32.99058398735672,9.171390179215873
month_stratified_hidden_cells,2014,,5000,7,historical_spatial_month_balanced_minus_random,mae,10.99167504001693,15.801608913391927,4.809933873374998
month_stratified_hidden_cells,2014,,5000,7,historical_spatial_month_balanced_minus_random,median_absolute_error,7.30885798494586,8.889191282455869,1.580333297510009
month_stratified_hidden_cells,2014,,5000,7,historical_spatial_month_balanced_minus_random,p95_absolute_error,31.5314950891654,55.98058221577306,24.44908712660766
month_stratified_hidden_cells,2014,,5000,7,historical_spatial_month_balanced_minus_random,p99_absolute_error,62.54722904084596,114.70623719871269,52.15900815786672
month_stratified_hidden_cells,2014,,5000,7,historical_spatial_month_balanced_minus_random,bias,0.0511391348863736,-4.8988928754738525,-4.950032010360226
month_stratified_hidden_cells,2014,,5000,8,historical_spatial_month_balanced_minus_random,rmse,23.64245477943438,32.96589295576007,9.323438176325688
month_stratified_hidden_cells,2014,,5000,8,historical_spatial_month_balanced_minus_random,mae,10.849513532245023,15.13497877767304,4.285465245428016
month_stratified_hidden_cells,2014,,5000,8,historical_spatial_month_balanced_minus_random,median_absolute_error,7.052871674733382,8.748636130135651,1.6957644554022693
month_stratified_hidden_cells,2014,,5000,8,historical_spatial_month_balanced_minus_random,p95_absolute_error,30.50145116097816,48.189784184240445,17.688333023262285
month_stratified_hidden_cells,2014,,5000,8,historical_spatial_month_balanced_minus_random,p99_absolute_error,66.19338907021854,105.5078841325555,39.31449506233696
month_stratified_hidden_cells,2014,,5000,8,historical_spatial_month_balanced_minus_random,bias,0.012925389336878,-4.090784054334347,-4.103709443671225
month_stratified_hidden_cells,2014,,5000,9,historical_spatial_month_balanced_minus_random,rmse,23.251883753903208,30.120168659597184,6.868284905693976
month_stratified_hidden_cells,2014,,5000,9,historical_spatial_month_balanced_minus_random,mae,10.763543807350423,14.83502898354218,4.071485176191757
month_stratified_hidden_cells,2014,,5000,9,historical_spatial_month_balanced_minus_random,median_absolute_error,7.0504973064854255,9.045007880157186,1.9945105736717608
month_stratified_hidden_cells,2014,,5000,9,historical_spatial_month_balanced_minus_random,p95_absolute_error,30.783416425561303,47.6654518185188,16.882035392957494
month_stratified_hidden_cells,2014,,5000,9,historical_spatial_month_balanced_minus_random,p99_absolute_error,63.91220676152878,95.36883930721126,31.45663254568248
month_stratified_hidden_cells,2014,,5000,9,historical_spatial_month_balanced_minus_random,bias,0.2431370383252409,-3.04267716606947,-3.2858142043947107
month_stratified_hidden_cells,2014,,5000,10,historical_spatial_month_balanced_minus_random,rmse,23.66070051025787,30.70446119427706,7.04376068401919
month_stratified_hidden_cells,2014,,5000,10,historical_spatial_month_balanced_minus_random,mae,11.140553448227635,14.596073287841884,3.455519839614249
month_stratified_hidden_cells,2014,,5000,10,historical_spatial_month_balanced_minus_random,median_absolute_error,7.314749426246124,8.966916533694217,1.6521671074480935
month_stratified_hidden_cells,2014,,5000,10,historical_spatial_month_balanced_minus_random,p95_absolute_error,31.32701834565802,44.63335689972568,13.306338554067665
month_stratified_hidden_cells,2014,,5000,10,historical_spatial_month_balanced_minus_random,p99_absolute_error,65.45293620433232,90.9425732716757,25.48963706734338
month_stratified_hidden_cells,2014,,5000,10,historical_spatial_month_balanced_minus_random,bias,0.2646935569824806,-3.09246411728318,-3.3571576742656606
month_stratified_hidden_cells,2014,,5000,11,historical_spatial_month_balanced_minus_random,rmse,24.320055862472547,31.258263089170462,6.938207226697916
month_stratified_hidden_cells,2014,,5000,11,historical_spatial_month_balanced_minus_random,mae,11.605936480415927,15.389839165722291,3.783902685306364
month_stratified_hidden_cells,2014,,5000,11,historical_spatial_month_balanced_minus_random,median_absolute_error,7.578657132587864,8.983457186834613,1.4048000542467491
month_stratified_hidden_cells,2014,,5000,11,historical_spatial_month_balanced_minus_random,p95_absolute_error,33.2502485673199,51.97747110306319,18.727222535743287
month_stratified_hidden_cells,2014,,5000,11,historical_spatial_month_balanced_minus_random,p99_absolute_error,69.73892814676903,103.2397904923827,33.50086234561367
month_stratified_hidden_cells,2014,,5000,11,historical_spatial_month_balanced_minus_random,bias,0.6468302749512469,-2.4425851913620185,-3.089415466313265
month_stratified_hidden_cells,2014,,5000,12,historical_spatial_month_balanced_minus_random,rmse,23.439282270421245,31.237424514514167,7.798142244092922
month_stratified_hidden_cells,2014,,5000,12,historical_spatial_month_balanced_minus_random,mae,10.574542051322434,15.113255920637153,4.538713869314719
month_stratified_hidden_cells,2014,,5000,12,historical_spatial_month_balanced_minus_random,median_absolute_error,7.043283546244396,9.014224176753714,1.9709406305093182
month_stratified_hidden_cells,2014,,5000,12,historical_spatial_month_balanced_minus_random,p95_absolute_error,30.20667568215737,49.98719790946792,19.780522227310552
month_stratified_hidden_cells,2014,,5000,12,historical_spatial_month_balanced_minus_random,p99_absolute_error,59.21200202060751,96.01779462922192,36.80579260861442
month_stratified_hidden_cells,2014,,5000,12,historical_spatial_month_balanced_minus_random,bias,-0.0156058263505934,-4.309592904496138,-4.293987078145545
month_stratified_hidden_cells,2014,,5000,13,historical_spatial_month_balanced_minus_random,rmse,23.42648525003924,31.087140199494733,7.660654949455495
month_stratified_hidden_cells,2014,,5000,13,historical_spatial_month_balanced_minus_random,mae,10.987154894463297,15.205917806557078,4.218762912093782
month_stratified_hidden_cells,2014,,5000,13,historical_spatial_month_balanced_minus_random,median_absolute_error,7.279916928821933,9.32911546039506,2.0491985315731274
month_stratified_hidden_cells,2014,,5000,13,historical_spatial_month_balanced_minus_random,p95_absolute_error,31.64307781880844,47.20195384103174,15.558876022223298
month_stratified_hidden_cells,2014,,5000,13,historical_spatial_month_balanced_minus_random,p99_absolute_error,64.73036463205531,97.22275726926952,32.49239263721421
month_stratified_hidden_cells,2014,,5000,13,historical_spatial_month_balanced_minus_random,bias,-0.125040228533072,-3.4484875205820438,-3.323447292048972
month_stratified_hidden_cells,2014,,5000,14,historical_spatial_month_balanced_minus_random,rmse,23.56133406622207,30.616493552454997,7.055159486232927
month_stratified_hidden_cells,2014,,5000,14,historical_spatial_month_balanced_minus_random,mae,10.757938477984592,14.54341219186584,3.785473713881249
month_stratified_hidden_cells,2014,,5000,14,historical_spatial_month_balanced_minus_random,median_absolute_error,7.05976834634825,8.751265137256667,1.6914967909084169
month_stratified_hidden_cells,2014,,5000,14,historical_spatial_month_balanced_minus_random,p95_absolute_error,30.600231677390017,46.59146762099151,15.991235943601492
month_stratified_hidden_cells,2014,,5000,14,historical_spatial_month_balanced_minus_random,p99_absolute_error,59.9429186693076,91.12008763911928,31.177168969811675
month_stratified_hidden_cells,2014,,5000,14,historical_spatial_month_balanced_minus_random,bias,-0.5239983473105211,-3.533429368629577,-3.009431021319056
month_stratified_hidden_cells,2014,,5000,15,historical_spatial_month_balanced_minus_random,rmse,23.390157132031938,30.90114334055079,7.510986208518851
month_stratified_hidden_cells,2014,,5000,15,historical_spatial_month_balanced_minus_random,mae,10.880808913754072,14.750854653254704,3.8700457395006325
month_stratified_hidden_cells,2014,,5000,15,historical_spatial_month_balanced_minus_random,median_absolute_error,7.152140252837512,8.881973044919874,1.7298327920823624
month_stratified_hidden_cells,2014,,5000,15,historical_spatial_month_balanced_minus_random,p95_absolute_error,31.300540894549933,47.12629441639029,15.825753521840355
month_stratified_hidden_cells,2014,,5000,15,historical_spatial_month_balanced_minus_random,p99_absolute_error,64.94992951696558,96.63029159904292,31.680362082077338
month_stratified_hidden_cells,2014,,5000,15,historical_spatial_month_balanced_minus_random,bias,0.1913089144801344,-4.01024857256229,-4.201557487042424
month_stratified_hidden_cells,2014,,5000,16,historical_spatial_month_balanced_minus_random,rmse,25.76178825161612,31.359249326940898,5.597461075324777
month_stratified_hidden_cells,2014,,5000,16,historical_spatial_month_balanced_minus_random,mae,11.55261412091118,15.151444753681524,3.598830632770344
month_stratified_hidden_cells,2014,,5000,16,historical_spatial_month_balanced_minus_random,median_absolute_error,7.3963959399009696,9.055917296223612,1.6595213563226423
month_stratified_hidden_cells,2014,,5000,16,historical_spatial_month_balanced_minus_random,p95_absolute_error,31.23070768431765,49.69599172221548,18.46528403789783
month_stratified_hidden_cells,2014,,5000,16,historical_spatial_month_balanced_minus_random,p99_absolute_error,74.49107970592361,99.93419554337012,25.443115837446513
month_stratified_hidden_cells,2014,,5000,16,historical_spatial_month_balanced_minus_random,bias,0.2744002812251653,-3.810232801085866,-4.084633082311031
month_stratified_hidden_cells,2014,,5000,17,historical_spatial_month_balanced_minus_random,rmse,22.99735080004456,31.091389907554117,8.094039107509555
month_stratified_hidden_cells,2014,,5000,17,historical_spatial_month_balanced_minus_random,mae,10.69180518262068,15.101285770685005,4.409480588064325
month_stratified_hidden_cells,2014,,5000,17,historical_spatial_month_balanced_minus_random,median_absolute_error,7.03126070888942,8.815524267591712,1.7842635587022926
month_stratified_hidden_cells,2014,,5000,17,historical_spatial_month_balanced_minus_random,p95_absolute_error,30.58304578558033,49.62916056150026,19.046114775919925
month_stratified_hidden_cells,2014,,5000,17,historical_spatial_month_balanced_minus_random,p99_absolute_error,64.45250636205182,97.53822571784406,33.085719355792236
month_stratified_hidden_cells,2014,,5000,17,historical_spatial_month_balanced_minus_random,bias,0.2804547101995311,-2.793215077003628,-3.073669787203159
month_stratified_hidden_cells,2014,,5000,18,historical_spatial_month_balanced_minus_random,rmse,23.955866112252465,32.19274350071833,8.236877388465864
month_stratified_hidden_cells,2014,,5000,18,historical_spatial_month_balanced_minus_random,mae,11.056218179900336,15.24299484360029,4.186776663699954
month_stratified_hidden_cells,2014,,5000,18,historical_spatial_month_balanced_minus_random,median_absolute_error,7.100999217816508,9.160723196072553,2.059723978256045
month_stratified_hidden_cells,2014,,5000,18,historical_spatial_month_balanced_minus_random,p95_absolute_error,31.58856807495497,47.49152227533572,15.902954200380748
month_stratified_hidden_cells,2014,,5000,18,historical_spatial_month_balanced_minus_random,p99_absolute_error,71.81873686211915,114.84963464444613,43.030897782326974
month_stratified_hidden_cells,2014,,5000,18,historical_spatial_month_balanced_minus_random,bias,-0.093212949746612,-3.735847992857684,-3.6426350431110723
month_stratified_hidden_cells,2014,,5000,19,historical_spatial_month_balanced_minus_random,rmse,23.433735052659056,32.739993307819375,9.30625825516032
month_stratified_hidden_cells,2014,,5000,19,historical_spatial_month_balanced_minus_random,mae,11.001525285077928,15.448458658852902,4.446933373774973
month_stratified_hidden_cells,2014,,5000,19,historical_spatial_month_balanced_minus_random,median_absolute_error,7.213482428680976,9.090016964173174,1.8765345354921976
month_stratified_hidden_cells,2014,,5000,19,historical_spatial_month_balanced_minus_random,p95_absolute_error,31.67806782940001,49.68549164990882,18.00742382050881
month_stratified_hidden_cells,2014,,5000,19,historical_spatial_month_balanced_minus_random,p99_absolute_error,65.38560460144569,112.6401125629652,47.25450796151951
month_stratified_hidden_cells,2014,,5000,19,historical_spatial_month_balanced_minus_random,bias,0.4053382398202801,-4.517170552370361,-4.922508792190642
whole_spatial_blocks,2014,0.0,5000,0,historical_spatial_month_balanced_minus_random,rmse,25.59834278921204,34.37597567713681,8.777632887924767
whole_spatial_blocks,2014,0.0,5000,0,historical_spatial_month_balanced_minus_random,mae,13.119787859726118,17.622207226307754,4.502419366581636
whole_spatial_blocks,2014,0.0,5000,0,historical_spatial_month_balanced_minus_random,median_absolute_error,8.747684263723642,10.128434928234212,1.38075066451057
whole_spatial_blocks,2014,0.0,5000,0,historical_spatial_month_balanced_minus_random,p95_absolute_error,35.94378094564501,58.82421382207816,22.880432876433147
whole_spatial_blocks,2014,0.0,5000,0,historical_spatial_month_balanced_minus_random,p99_absolute_error,79.93067914967254,140.79347103102208,60.86279188134954
whole_spatial_blocks,2014,0.0,5000,0,historical_spatial_month_balanced_minus_random,bias,0.1888607037089341,-5.186170936731987,-5.375031640440921
whole_spatial_blocks,2014,0.0,5000,1,historical_spatial_month_balanced_minus_random,rmse,26.1574986258131,34.390499003800926,8.233000377987825
whole_spatial_blocks,2014,0.0,5000,1,historical_spatial_month_balanced_minus_random,mae,13.101091013583078,17.86201902948564,4.760928015902563
whole_spatial_blocks,2014,0.0,5000,1,historical_spatial_month_balanced_minus_random,median_absolute_error,8.390708377905014,10.790050778931716,2.3993424010267024
whole_spatial_blocks,2014,0.0,5000,1,historical_spatial_month_balanced_minus_random,p95_absolute_error,37.04379500488604,56.455018208584384,19.41122320369834
whole_spatial_blocks,2014,0.0,5000,1,historical_spatial_month_balanced_minus_random,p99_absolute_error,91.05707784977564,133.82865230606575,42.77157445629011
whole_spatial_blocks,2014,0.0,5000,1,historical_spatial_month_balanced_minus_random,bias,0.554935765870632,-3.251317234186489,-3.8062530000571213
whole_spatial_blocks,2014,0.0,5000,2,historical_spatial_month_balanced_minus_random,rmse,26.432399609619104,33.38777970452614,6.955380094907035
whole_spatial_blocks,2014,0.0,5000,2,historical_spatial_month_balanced_minus_random,mae,13.54205865727738,17.183784183527578,3.641725526250198
whole_spatial_blocks,2014,0.0,5000,2,historical_spatial_month_balanced_minus_random,median_absolute_error,8.726209240867263,10.42616820595302,1.6999589650857576
whole_spatial_blocks,2014,0.0,5000,2,historical_spatial_month_balanced_minus_random,p95_absolute_error,38.528851898652775,51.82293443851136,13.294082539858586
whole_spatial_blocks,2014,0.0,5000,2,historical_spatial_month_balanced_minus_random,p99_absolute_error,92.61867814853312,139.40500915587222,46.7863310073391
whole_spatial_blocks,2014,0.0,5000,2,historical_spatial_month_balanced_minus_random,bias,0.2820145277099807,-2.6606468469932643,-2.942661374703245
whole_spatial_blocks,2014,0.0,5000,3,historical_spatial_month_balanced_minus_random,rmse,28.94267403044204,33.41051131288792,4.467837282445881
whole_spatial_blocks,2014,0.0,5000,3,historical_spatial_month_balanced_minus_random,mae,14.428446623458,16.93223257183463,2.5037859483766276
whole_spatial_blocks,2014,0.0,5000,3,historical_spatial_month_balanced_minus_random,median_absolute_error,9.009125562946965,10.109268161003657,1.1001425980566921
whole_spatial_blocks,2014,0.0,5000,3,historical_spatial_month_balanced_minus_random,p95_absolute_error,40.2242130078054,52.14340582669911,11.919192818893706
whole_spatial_blocks,2014,0.0,5000,3,historical_spatial_month_balanced_minus_random,p99_absolute_error,124.800261804041,145.3725365328355,20.57227472879451
whole_spatial_blocks,2014,0.0,5000,3,historical_spatial_month_balanced_minus_random,bias,1.4338182929227288,-3.4699831312823064,-4.903801424205035
whole_spatial_blocks,2014,0.0,5000,4,historical_spatial_month_balanced_minus_random,rmse,25.98671286960257,31.22509356423906,5.23838069463649
whole_spatial_blocks,2014,0.0,5000,4,historical_spatial_month_balanced_minus_random,mae,13.315863913970407,16.12058758555043,2.8047236715800246
whole_spatial_blocks,2014,0.0,5000,4,historical_spatial_month_balanced_minus_random,median_absolute_error,8.593861665074911,9.789373320966403,1.195511655891492
whole_spatial_blocks,2014,0.0,5000,4,historical_spatial_month_balanced_minus_random,p95_absolute_error,38.94565175380472,49.49319902435782,10.547547270553103
whole_spatial_blocks,2014,0.0,5000,4,historical_spatial_month_balanced_minus_random,p99_absolute_error,82.47740610423385,122.99835377940852,40.52094767517467
whole_spatial_blocks,2014,0.0,5000,4,historical_spatial_month_balanced_minus_random,bias,0.836149436256511,-3.093639367668757,-3.929788803925268
whole_spatial_blocks,2014,0.0,5000,5,historical_spatial_month_balanced_minus_random,rmse,26.131508763624904,34.55357043834337,8.422061674718467
whole_spatial_blocks,2014,0.0,5000,5,historical_spatial_month_balanced_minus_random,mae,13.525551482772734,17.47404933832257,3.948497855549835
whole_spatial_blocks,2014,0.0,5000,5,historical_spatial_month_balanced_minus_random,median_absolute_error,8.744835863891012,10.063657692453717,1.3188218285627045
whole_spatial_blocks,2014,0.0,5000,5,historical_spatial_month_balanced_minus_random,p95_absolute_error,38.87771690071637,56.34004160077909,17.462324700062716
whole_spatial_blocks,2014,0.0,5000,5,historical_spatial_month_balanced_minus_random,p99_absolute_error,88.56131962157446,150.91698152126386,62.35566189968941
whole_spatial_blocks,2014,0.0,5000,5,historical_spatial_month_balanced_minus_random,bias,1.000358361566097,-3.5054908774115088,-4.505849238977605
whole_spatial_blocks,2014,0.0,5000,6,historical_spatial_month_balanced_minus_random,rmse,26.66573545275779,34.457435393633084,7.791699940875294
whole_spatial_blocks,2014,0.0,5000,6,historical_spatial_month_balanced_minus_random,mae,13.507231808280896,17.782255421352048,4.275023613071152
whole_spatial_blocks,2014,0.0,5000,6,historical_spatial_month_balanced_minus_random,median_absolute_error,8.664466665967439,10.767716423569226,2.1032497576017875
whole_spatial_blocks,2014,0.0,5000,6,historical_spatial_month_balanced_minus_random,p95_absolute_error,38.82626829551077,54.94419230107583,16.117924005565058
whole_spatial_blocks,2014,0.0,5000,6,historical_spatial_month_balanced_minus_random,p99_absolute_error,88.3288692350972,142.34560682316305,54.01673758806585
whole_spatial_blocks,2014,0.0,5000,6,historical_spatial_month_balanced_minus_random,bias,0.8690232503044247,-4.055077783387416,-4.924101033691841
whole_spatial_blocks,2014,0.0,5000,7,historical_spatial_month_balanced_minus_random,rmse,26.490465439352715,36.90803663689045,10.417571197537736
whole_spatial_blocks,2014,0.0,5000,7,historical_spatial_month_balanced_minus_random,mae,13.152109958493858,17.94188022078594,4.789770262292082
whole_spatial_blocks,2014,0.0,5000,7,historical_spatial_month_balanced_minus_random,median_absolute_error,8.401527930436941,10.64089365602473,2.2393657255877883
whole_spatial_blocks,2014,0.0,5000,7,historical_spatial_month_balanced_minus_random,p95_absolute_error,37.31010334751392,51.28939968490633,13.979296337392405
whole_spatial_blocks,2014,0.0,5000,7,historical_spatial_month_balanced_minus_random,p99_absolute_error,86.74704738837055,171.80280900566606,85.05576161729552
whole_spatial_blocks,2014,0.0,5000,7,historical_spatial_month_balanced_minus_random,bias,0.2301449062607213,-3.898190860463137,-4.1283357667238585
whole_spatial_blocks,2014,0.0,5000,8,historical_spatial_month_balanced_minus_random,rmse,27.89659334704624,33.70791446831809,5.811321121271845
whole_spatial_blocks,2014,0.0,5000,8,historical_spatial_month_balanced_minus_random,mae,14.077926968536614,16.75654601895014,2.678619050413525
whole_spatial_blocks,2014,0.0,5000,8,historical_spatial_month_balanced_minus_random,median_absolute_error,8.915597753420116,10.303889898102623,1.3882921446825076
whole_spatial_blocks,2014,0.0,5000,8,historical_spatial_month_balanced_minus_random,p95_absolute_error,38.972846956066014,49.00940334893809,10.036556392872079
whole_spatial_blocks,2014,0.0,5000,8,historical_spatial_month_balanced_minus_random,p99_absolute_error,107.08231976880924,128.4720750868442,21.389755318034958
whole_spatial_blocks,2014,0.0,5000,8,historical_spatial_month_balanced_minus_random,bias,1.094957891744261,-3.367374633367569,-4.4623325251118295
whole_spatial_blocks,2014,0.0,5000,9,historical_spatial_month_balanced_minus_random,rmse,26.101711402151626,31.37135265528936,5.269641253137735
whole_spatial_blocks,2014,0.0,5000,9,historical_spatial_month_balanced_minus_random,mae,13.48486069849031,16.206264049963917,2.7214033514736062
whole_spatial_blocks,2014,0.0,5000,9,historical_spatial_month_balanced_minus_random,median_absolute_error,8.753963640374053,10.025466641402572,1.2715030010285187
whole_spatial_blocks,2014,0.0,5000,9,historical_spatial_month_balanced_minus_random,p95_absolute_error,39.44673304177686,50.33919948307877,10.892466441301913
whole_spatial_blocks,2014,0.0,5000,9,historical_spatial_month_balanced_minus_random,p99_absolute_error,85.89631975128262,117.25677852962792,31.360458778345304
whole_spatial_blocks,2014,0.0,5000,9,historical_spatial_month_balanced_minus_random,bias,-0.2388897041352772,-2.403353594922665,-2.164463890787388
whole_spatial_blocks,2014,0.0,5000,10,historical_spatial_month_balanced_minus_random,rmse,25.775732127656024,33.30404282938336,7.528310701727339
whole_spatial_blocks,2014,0.0,5000,10,historical_spatial_month_balanced_minus_random,mae,13.334460504474064,17.2120724248159,3.8776119203418364
whole_spatial_blocks,2014,0.0,5000,10,historical_spatial_month_balanced_minus_random,median_absolute_error,8.503064623304482,10.489188163592928,1.986123540288446
whole_spatial_blocks,2014,0.0,5000,10,historical_spatial_month_balanced_minus_random,p95_absolute_error,38.07164285724093,53.098013041601305,15.026370184360374
whole_spatial_blocks,2014,0.0,5000,10,historical_spatial_month_balanced_minus_random,p99_absolute_error,94.04959137196178,135.2439553533461,41.19436398138433
whole_spatial_blocks,2014,0.0,5000,10,historical_spatial_month_balanced_minus_random,bias,0.8635368672638146,-2.262847052432945,-3.1263839196967593
whole_spatial_blocks,2014,0.0,5000,11,historical_spatial_month_balanced_minus_random,rmse,26.417994278820508,33.41394574774649,6.9959514689259805
whole_spatial_blocks,2014,0.0,5000,11,historical_spatial_month_balanced_minus_random,mae,13.270398209719898,16.989772782733368,3.7193745730134697
whole_spatial_blocks,2014,0.0,5000,11,historical_spatial_month_balanced_minus_random,median_absolute_error,8.593654686103633,10.365476508659556,1.771821822555923
whole_spatial_blocks,2014,0.0,5000,11,historical_spatial_month_balanced_minus_random,p95_absolute_error,37.25352389164286,50.15168162031533,12.898157728672473
whole_spatial_blocks,2014,0.0,5000,11,historical_spatial_month_balanced_minus_random,p99_absolute_error,86.43829974038108,142.18373165259518,55.7454319122141
whole_spatial_blocks,2014,0.0,5000,11,historical_spatial_month_balanced_minus_random,bias,0.1859745530896096,-2.6713740684953624,-2.857348621584972
whole_spatial_blocks,2014,0.0,5000,12,historical_spatial_month_balanced_minus_random,rmse,27.09022608889254,32.38477846315962,5.294552374267081
whole_spatial_blocks,2014,0.0,5000,12,historical_spatial_month_balanced_minus_random,mae,13.706530628166982,17.322962293772108,3.616431665605125
whole_spatial_blocks,2014,0.0,5000,12,historical_spatial_month_balanced_minus_random,median_absolute_error,8.84950543510979,10.903112905641478,2.053607470531688
whole_spatial_blocks,2014,0.0,5000,12,historical_spatial_month_balanced_minus_random,p95_absolute_error,38.5971962609489,53.04881341244165,14.451617151492755
whole_spatial_blocks,2014,0.0,5000,12,historical_spatial_month_balanced_minus_random,p99_absolute_error,92.49725836221288,123.5990929297126,31.101834567499722
whole_spatial_blocks,2014,0.0,5000,12,historical_spatial_month_balanced_minus_random,bias,0.9100124508092952,-2.5353626543752057,-3.445375105184501
whole_spatial_blocks,2014,0.0,5000,13,historical_spatial_month_balanced_minus_random,rmse,26.54201642387728,35.49294782402912,8.950931400151845
whole_spatial_blocks,2014,0.0,5000,13,historical_spatial_month_balanced_minus_random,mae,13.586356083296414,17.66667155570565,4.080315472409238
whole_spatial_blocks,2014,0.0,5000,13,historical_spatial_month_balanced_minus_random,median_absolute_error,9.051592492004062,10.267670722500611,1.2160782304965494
whole_spatial_blocks,2014,0.0,5000,13,historical_spatial_month_balanced_minus_random,p95_absolute_error,37.23770082840487,56.87462894715308,19.63692811874821
whole_spatial_blocks,2014,0.0,5000,13,historical_spatial_month_balanced_minus_random,p99_absolute_error,85.36143750164412,141.00288655409906,55.641449052454945
whole_spatial_blocks,2014,0.0,5000,13,historical_spatial_month_balanced_minus_random,bias,0.8808271763798877,-5.19307227585091,-6.073899452230798
whole_spatial_blocks,2014,0.0,5000,14,historical_spatial_month_balanced_minus_random,rmse,27.578346121396585,33.39213942909675,5.813793307700166
whole_spatial_blocks,2014,0.0,5000,14,historical_spatial_month_balanced_minus_random,mae,13.8096093912033,17.198939731553256,3.3893303403499555
whole_spatial_blocks,2014,0.0,5000,14,historical_spatial_month_balanced_minus_random,median_absolute_error,8.649540242217341,10.27151817036534,1.6219779281479987
whole_spatial_blocks,2014,0.0,5000,14,historical_spatial_month_balanced_minus_random,p95_absolute_error,39.60979819026248,55.55152689366743,15.941728703404948
whole_spatial_blocks,2014,0.0,5000,14,historical_spatial_month_balanced_minus_random,p99_absolute_error,97.3338273285255,130.8682616333828,33.534434304857285
whole_spatial_blocks,2014,0.0,5000,14,historical_spatial_month_balanced_minus_random,bias,0.7536479423225092,-4.502412680504844,-5.256060622827353
whole_spatial_blocks,2014,0.0,5000,15,historical_spatial_month_balanced_minus_random,rmse,27.586988007529747,32.876553432378245,5.289565424848497
whole_spatial_blocks,2014,0.0,5000,15,historical_spatial_month_balanced_minus_random,mae,13.609895784289392,17.011116888300446,3.4012211040110536
whole_spatial_blocks,2014,0.0,5000,15,historical_spatial_month_balanced_minus_random,median_absolute_error,8.649440448898929,10.298237985909251,1.6487975370103225
whole_spatial_blocks,2014,0.0,5000,15,historical_spatial_month_balanced_minus_random,p95_absolute_error,37.71470296501818,53.93241599207113,16.217713027052945
whole_spatial_blocks,2014,0.0,5000,15,historical_spatial_month_balanced_minus_random,p99_absolute_error,96.156782876592,134.30503332947848,38.14825045288647
whole_spatial_blocks,2014,0.0,5000,15,historical_spatial_month_balanced_minus_random,bias,0.3535198533223627,-4.043574752461724,-4.397094605784086
whole_spatial_blocks,2014,0.0,5000,16,historical_spatial_month_balanced_minus_random,rmse,27.343712545727143,36.11338095442924,8.769668408702096
whole_spatial_blocks,2014,0.0,5000,16,historical_spatial_month_balanced_minus_random,mae,13.68360053141767,17.915727083835954,4.2321265524182845
whole_spatial_blocks,2014,0.0,5000,16,historical_spatial_month_balanced_minus_random,median_absolute_error,8.862266035063243,10.242962112673553,1.3806960776103097
whole_spatial_blocks,2014,0.0,5000,16,historical_spatial_month_balanced_minus_random,p95_absolute_error,37.798299118088565,56.22642796750189,18.428128849413326
whole_spatial_blocks,2014,0.0,5000,16,historical_spatial_month_balanced_minus_random,p99_absolute_error,86.04944638587077,155.35226852569212,69.30282213982136
whole_spatial_blocks,2014,0.0,5000,16,historical_spatial_month_balanced_minus_random,bias,1.3197902052435706,-4.980203571239573,-6.299993776483144
whole_spatial_blocks,2014,0.0,5000,17,historical_spatial_month_balanced_minus_random,rmse,26.98746510147765,31.37287843737619,4.385413335898541
whole_spatial_blocks,2014,0.0,5000,17,historical_spatial_month_balanced_minus_random,mae,13.747965812316307,16.83556271680349,3.0875969044871834
whole_spatial_blocks,2014,0.0,5000,17,historical_spatial_month_balanced_minus_random,median_absolute_error,8.89539038500422,10.514251415554613,1.6188610305503932
whole_spatial_blocks,2014,0.0,5000,17,historical_spatial_month_balanced_minus_random,p95_absolute_error,38.1075736846452,52.72980515700676,14.622231472361555
whole_spatial_blocks,2014,0.0,5000,17,historical_spatial_month_balanced_minus_random,p99_absolute_error,88.33694224042793,118.54649446972456,30.209552229296634
whole_spatial_blocks,2014,0.0,5000,17,historical_spatial_month_balanced_minus_random,bias,0.5329567964971175,-2.5182426676317995,-3.051199464128917
whole_spatial_blocks,2014,0.0,5000,18,historical_spatial_month_balanced_minus_random,rmse,27.458248248390365,32.50366226092936,5.045414012538995
whole_spatial_blocks,2014,0.0,5000,18,historical_spatial_month_balanced_minus_random,mae,13.749399615010285,16.895499256849323,3.1460996418390383
whole_spatial_blocks,2014,0.0,5000,18,historical_spatial_month_balanced_minus_random,median_absolute_error,8.89878258700864,9.97900043585841,1.0802178488497702
whole_spatial_blocks,2014,0.0,5000,18,historical_spatial_month_balanced_minus_random,p95_absolute_error,37.62398951431329,55.00778558446434,17.38379607015105
whole_spatial_blocks,2014,0.0,5000,18,historical_spatial_month_balanced_minus_random,p99_absolute_error,98.40733668531756,138.31344626030804,39.90610957499048
whole_spatial_blocks,2014,0.0,5000,18,historical_spatial_month_balanced_minus_random,bias,1.2516150433896345,-2.580116232448852,-3.8317312758384867
whole_spatial_blocks,2014,0.0,5000,19,historical_spatial_month_balanced_minus_random,rmse,25.59076572864619,36.43265258861818,10.841886859971993
whole_spatial_blocks,2014,0.0,5000,19,historical_spatial_month_balanced_minus_random,mae,13.03033069717748,17.84693717221215,4.816606475034671
whole_spatial_blocks,2014,0.0,5000,19,historical_spatial_month_balanced_minus_random,median_absolute_error,8.60359456823781,10.497997148259856,1.8944025800220459
whole_spatial_blocks,2014,0.0,5000,19,historical_spatial_month_balanced_minus_random,p95_absolute_error,35.96348141165924,51.431302427716126,15.467821016056888
whole_spatial_blocks,2014,0.0,5000,19,historical_spatial_month_balanced_minus_random,p99_absolute_error,82.73957945359005,160.2227567489452,77.48317729535513
whole_spatial_blocks,2014,0.0,5000,19,historical_spatial_month_balanced_minus_random,bias,0.5222879249153322,-3.4967006363483586,-4.018988561263691
whole_spatial_blocks,2014,1.0,5000,0,historical_spatial_month_balanced_minus_random,rmse,19.83353175878592,25.78489640314821,5.95136464436229
whole_spatial_blocks,2014,1.0,5000,0,historical_spatial_month_balanced_minus_random,mae,11.93547781309118,14.968685957233276,3.0332081441420957
whole_spatial_blocks,2014,1.0,5000,0,historical_spatial_month_balanced_minus_random,median_absolute_error,7.981180473916453,10.156280938101077,2.1751004641846237
whole_spatial_blocks,2014,1.0,5000,0,historical_spatial_month_balanced_minus_random,p95_absolute_error,34.50269968913567,42.69352164274254,8.190821953606871
whole_spatial_blocks,2014,1.0,5000,0,historical_spatial_month_balanced_minus_random,p99_absolute_error,77.81129653909079,84.61179179119436,6.800495252103573
whole_spatial_blocks,2014,1.0,5000,0,historical_spatial_month_balanced_minus_random,bias,0.583613674531936,-0.3691738754621877,-0.9527875499941237
whole_spatial_blocks,2014,1.0,5000,1,historical_spatial_month_balanced_minus_random,rmse,19.583318830455266,27.952478744252,8.369159913796736
whole_spatial_blocks,2014,1.0,5000,1,historical_spatial_month_balanced_minus_random,mae,11.864203472456948,15.981075072626997,4.1168716001700485
whole_spatial_blocks,2014,1.0,5000,1,historical_spatial_month_balanced_minus_random,median_absolute_error,7.889743075578622,10.553547635199893,2.663804559621271
whole_spatial_blocks,2014,1.0,5000,1,historical_spatial_month_balanced_minus_random,p95_absolute_error,36.08361239109539,45.68279079143311,9.59917840033772
whole_spatial_blocks,2014,1.0,5000,1,historical_spatial_month_balanced_minus_random,p99_absolute_error,74.5398572883408,97.47877002478911,22.938912736448316
whole_spatial_blocks,2014,1.0,5000,1,historical_spatial_month_balanced_minus_random,bias,1.0843768672976002,0.0512471901666129,-1.0331296771309872
whole_spatial_blocks,2014,1.0,5000,2,historical_spatial_month_balanced_minus_random,rmse,19.86901700187108,25.4215115498451,5.552494547974021
whole_spatial_blocks,2014,1.0,5000,2,historical_spatial_month_balanced_minus_random,mae,12.190945294248444,15.364138107826694,3.1731928135782503
whole_spatial_blocks,2014,1.0,5000,2,historical_spatial_month_balanced_minus_random,median_absolute_error,8.118219401338337,10.13677719358165,2.018557792243314
whole_spatial_blocks,2014,1.0,5000,2,historical_spatial_month_balanced_minus_random,p95_absolute_error,36.54180886359083,47.01778144023795,10.475972576647116
whole_spatial_blocks,2014,1.0,5000,2,historical_spatial_month_balanced_minus_random,p99_absolute_error,78.235256356641,88.73074718816498,10.49549083152398
whole_spatial_blocks,2014,1.0,5000,2,historical_spatial_month_balanced_minus_random,bias,0.2614008285992173,-0.8201449838372407,-1.0815458124364579
whole_spatial_blocks,2014,1.0,5000,3,historical_spatial_month_balanced_minus_random,rmse,20.023962918403107,25.331191049349936,5.307228130946829
whole_spatial_blocks,2014,1.0,5000,3,historical_spatial_month_balanced_minus_random,mae,11.865417651005943,14.807183292691963,2.94176564168602
whole_spatial_blocks,2014,1.0,5000,3,historical_spatial_month_balanced_minus_random,median_absolute_error,7.9154017254349185,9.662341243988948,1.7469395185540293
whole_spatial_blocks,2014,1.0,5000,3,historical_spatial_month_balanced_minus_random,p95_absolute_error,34.665913568384944,43.83304516570318,9.167131597318239
whole_spatial_blocks,2014,1.0,5000,3,historical_spatial_month_balanced_minus_random,p99_absolute_error,73.36885315715638,85.17037078746951,11.801517630313128
whole_spatial_blocks,2014,1.0,5000,3,historical_spatial_month_balanced_minus_random,bias,1.3151562621584942,-0.354466326964591,-1.6696225891230854
whole_spatial_blocks,2014,1.0,5000,4,historical_spatial_month_balanced_minus_random,rmse,21.50764375031178,24.851004623963355,3.3433608736515765
whole_spatial_blocks,2014,1.0,5000,4,historical_spatial_month_balanced_minus_random,mae,12.285829289239642,14.636666167515706,2.3508368782760645
whole_spatial_blocks,2014,1.0,5000,4,historical_spatial_month_balanced_minus_random,median_absolute_error,7.96082288759149,9.782818683692028,1.8219957961005377
whole_spatial_blocks,2014,1.0,5000,4,historical_spatial_month_balanced_minus_random,p95_absolute_error,34.86315521349541,42.66044809478451,7.797292881289103
whole_spatial_blocks,2014,1.0,5000,4,historical_spatial_month_balanced_minus_random,p99_absolute_error,85.72929616405565,80.1989247827142,-5.530371381341453
whole_spatial_blocks,2014,1.0,5000,4,historical_spatial_month_balanced_minus_random,bias,1.0153189982744764,-0.1440685944722281,-1.1593875927467046
whole_spatial_blocks,2014,1.0,5000,5,historical_spatial_month_balanced_minus_random,rmse,19.919618702369565,24.681984823617967,4.762366121248402
whole_spatial_blocks,2014,1.0,5000,5,historical_spatial_month_balanced_minus_random,mae,12.054993392339597,14.507297733086093,2.4523043407464957
whole_spatial_blocks,2014,1.0,5000,5,historical_spatial_month_balanced_minus_random,median_absolute_error,8.051942837179809,9.865931759269245,1.813988922089436
whole_spatial_blocks,2014,1.0,5000,5,historical_spatial_month_balanced_minus_random,p95_absolute_error,36.33245721907909,40.412669825701286,4.080212606622197
whole_spatial_blocks,2014,1.0,5000,5,historical_spatial_month_balanced_minus_random,p99_absolute_error,73.31536912148327,79.1942467509786,5.878877629495335
whole_spatial_blocks,2014,1.0,5000,5,historical_spatial_month_balanced_minus_random,bias,1.3835986712077892,0.8074736929675268,-0.5761249782402624
whole_spatial_blocks,2014,1.0,5000,6,historical_spatial_month_balanced_minus_random,rmse,19.909699071875544,28.107944140429684,8.19824506855414
whole_spatial_blocks,2014,1.0,5000,6,historical_spatial_month_balanced_minus_random,mae,12.557183222598209,16.01122404913293,3.4540408265347224
whole_spatial_blocks,2014,1.0,5000,6,historical_spatial_month_balanced_minus_random,median_absolute_error,8.57571991652864,10.141088797879943,1.5653688813513025
whole_spatial_blocks,2014,1.0,5000,6,historical_spatial_month_balanced_minus_random,p95_absolute_error,36.973499691635766,46.90928995368981,9.935790262054041
whole_spatial_blocks,2014,1.0,5000,6,historical_spatial_month_balanced_minus_random,p99_absolute_error,71.42691650294667,126.1558206851635,54.72890418221684
whole_spatial_blocks,2014,1.0,5000,6,historical_spatial_month_balanced_minus_random,bias,2.757962545677855,-1.1488929513612338,-3.9068554970390887
whole_spatial_blocks,2014,1.0,5000,7,historical_spatial_month_balanced_minus_random,rmse,19.147701367962423,24.224989831487434,5.0772884635250115
whole_spatial_blocks,2014,1.0,5000,7,historical_spatial_month_balanced_minus_random,mae,11.697071168056492,14.577706661561384,2.880635493504892
whole_spatial_blocks,2014,1.0,5000,7,historical_spatial_month_balanced_minus_random,median_absolute_error,7.769989534972552,9.72297164526762,1.9529821102950677
whole_spatial_blocks,2014,1.0,5000,7,historical_spatial_month_balanced_minus_random,p95_absolute_error,35.23988014678113,42.19146890099473,6.951588754213596
whole_spatial_blocks,2014,1.0,5000,7,historical_spatial_month_balanced_minus_random,p99_absolute_error,74.96377129123374,90.1254444831857,15.161673191951962
whole_spatial_blocks,2014,1.0,5000,7,historical_spatial_month_balanced_minus_random,bias,1.4041004642931227,-0.3199646981182699,-1.7240651624113927
whole_spatial_blocks,2014,1.0,5000,8,historical_spatial_month_balanced_minus_random,rmse,19.22470262031046,28.068099009537224,8.843396389226765
whole_spatial_blocks,2014,1.0,5000,8,historical_spatial_month_balanced_minus_random,mae,11.715218695415686,16.321061074514365,4.605842379098679
whole_spatial_blocks,2014,1.0,5000,8,historical_spatial_month_balanced_minus_random,median_absolute_error,7.861413063569955,10.117600724973355,2.2561876614034
whole_spatial_blocks,2014,1.0,5000,8,historical_spatial_month_balanced_minus_random,p95_absolute_error,34.03494886063271,53.88166451215852,19.846715651525813
whole_spatial_blocks,2014,1.0,5000,8,historical_spatial_month_balanced_minus_random,p99_absolute_error,75.48296136310648,107.50185820492769,32.0188968418212
whole_spatial_blocks,2014,1.0,5000,8,historical_spatial_month_balanced_minus_random,bias,1.079537655629159,-2.0846880989916485,-3.1642257546208077
whole_spatial_blocks,2014,1.0,5000,9,historical_spatial_month_balanced_minus_random,rmse,20.689044126138675,26.90152878695322,6.212484660814546
whole_spatial_blocks,2014,1.0,5000,9,historical_spatial_month_balanced_minus_random,mae,12.490757476736224,15.54168922165881,3.050931744922586
whole_spatial_blocks,2014,1.0,5000,9,historical_spatial_month_balanced_minus_random,median_absolute_error,8.345312472691035,9.85125367417993,1.5059412014888949
whole_spatial_blocks,2014,1.0,5000,9,historical_spatial_month_balanced_minus_random,p95_absolute_error,37.02599466619789,46.72347411861084,9.69747945241295
whole_spatial_blocks,2014,1.0,5000,9,historical_spatial_month_balanced_minus_random,p99_absolute_error,78.19126877689413,111.82989562565126,33.63862684875713
whole_spatial_blocks,2014,1.0,5000,9,historical_spatial_month_balanced_minus_random,bias,1.5809488173867257,-1.238449631809566,-2.8193984491962913
whole_spatial_blocks,2014,1.0,5000,10,historical_spatial_month_balanced_minus_random,rmse,18.96922973081576,26.15037949258105,7.18114976176529
whole_spatial_blocks,2014,1.0,5000,10,historical_spatial_month_balanced_minus_random,mae,11.648956540856757,15.258970861210422,3.610014320353665
whole_spatial_blocks,2014,1.0,5000,10,historical_spatial_month_balanced_minus_random,median_absolute_error,7.813822892345485,10.029589611849588,2.215766719504103
whole_spatial_blocks,2014,1.0,5000,10,historical_spatial_month_balanced_minus_random,p95_absolute_error,34.77376063587742,44.39280811813454,9.619047482257116
whole_spatial_blocks,2014,1.0,5000,10,historical_spatial_month_balanced_minus_random,p99_absolute_error,76.02593143902041,88.5214701567864,12.495538717765996
whole_spatial_blocks,2014,1.0,5000,10,historical_spatial_month_balanced_minus_random,bias,1.0276529513770716,-0.2705851308939533,-1.2982380822710249
whole_spatial_blocks,2014,1.0,5000,11,historical_spatial_month_balanced_minus_random,rmse,22.35514291356787,26.96361742241936,4.60847450885149
whole_spatial_blocks,2014,1.0,5000,11,historical_spatial_month_balanced_minus_random,mae,12.531611274948537,15.48472857631826,2.9531173013697227
whole_spatial_blocks,2014,1.0,5000,11,historical_spatial_month_balanced_minus_random,median_absolute_error,7.941197659420112,9.702179972865764,1.760982313445652
whole_spatial_blocks,2014,1.0,5000,11,historical_spatial_month_balanced_minus_random,p95_absolute_error,37.05294486431521,46.11920857315103,9.06626370883582
whole_spatial_blocks,2014,1.0,5000,11,historical_spatial_month_balanced_minus_random,p99_absolute_error,87.2939623782403,112.26351732514196,24.969554946901667
whole_spatial_blocks,2014,1.0,5000,11,historical_spatial_month_balanced_minus_random,bias,0.751121305887009,0.054077101608516,-0.697044204278493
whole_spatial_blocks,2014,1.0,5000,12,historical_spatial_month_balanced_minus_random,rmse,19.59379770354282,25.85383624762356,6.260038544080739
whole_spatial_blocks,2014,1.0,5000,12,historical_spatial_month_balanced_minus_random,mae,12.42343840824764,15.743797529000611,3.320359120752972
whole_spatial_blocks,2014,1.0,5000,12,historical_spatial_month_balanced_minus_random,median_absolute_error,8.424960570547341,10.250238528128849,1.8252779575815072
whole_spatial_blocks,2014,1.0,5000,12,historical_spatial_month_balanced_minus_random,p95_absolute_error,37.08517567647349,48.31302995727771,11.227854280804223
whole_spatial_blocks,2014,1.0,5000,12,historical_spatial_month_balanced_minus_random,p99_absolute_error,71.8551311771718,97.86464973603998,26.00951855886818
whole_spatial_blocks,2014,1.0,5000,12,historical_spatial_month_balanced_minus_random,bias,1.8062692759055288,-0.8074382031867492,-2.613707479092278
whole_spatial_blocks,2014,1.0,5000,13,historical_spatial_month_balanced_minus_random,rmse,18.06281318445029,28.33373368783103,10.27092050338074
whole_spatial_blocks,2014,1.0,5000,13,historical_spatial_month_balanced_minus_random,mae,11.592397664674523,16.314800874991718,4.722403210317195
whole_spatial_blocks,2014,1.0,5000,13,historical_spatial_month_balanced_minus_random,median_absolute_error,8.067157212809235,10.142645042736604,2.0754878299273685
whole_spatial_blocks,2014,1.0,5000,13,historical_spatial_month_balanced_minus_random,p95_absolute_error,34.06691275764788,51.98949051468904,17.92257775704116
whole_spatial_blocks,2014,1.0,5000,13,historical_spatial_month_balanced_minus_random,p99_absolute_error,64.04398919855684,121.35116259595152,57.30717339739468
whole_spatial_blocks,2014,1.0,5000,13,historical_spatial_month_balanced_minus_random,bias,1.3848988866273322,-2.329203090448425,-3.714101977075757
whole_spatial_blocks,2014,1.0,5000,14,historical_spatial_month_balanced_minus_random,rmse,21.5208787361334,25.751997395760224,4.231118659626823
whole_spatial_blocks,2014,1.0,5000,14,historical_spatial_month_balanced_minus_random,mae,12.702209712743562,15.264004212253472,2.56179449950991
whole_spatial_blocks,2014,1.0,5000,14,historical_spatial_month_balanced_minus_random,median_absolute_error,8.138892834141501,9.86298400867554,1.7240911745340384
whole_spatial_blocks,2014,1.0,5000,14,historical_spatial_month_balanced_minus_random,p95_absolute_error,38.50682758683583,47.08237683257424,8.575549245738408
whole_spatial_blocks,2014,1.0,5000,14,historical_spatial_month_balanced_minus_random,p99_absolute_error,92.27493201464208,89.4214194289884,-2.853512585653675
whole_spatial_blocks,2014,1.0,5000,14,historical_spatial_month_balanced_minus_random,bias,1.4502724996413434,-1.233060721344567,-2.6833332209859106
whole_spatial_blocks,2014,1.0,5000,15,historical_spatial_month_balanced_minus_random,rmse,22.24417906170824,24.925524815628236,2.681345753919995
whole_spatial_blocks,2014,1.0,5000,15,historical_spatial_month_balanced_minus_random,mae,12.074667941508809,14.573947532667388,2.4992795911585794
whole_spatial_blocks,2014,1.0,5000,15,historical_spatial_month_balanced_minus_random,median_absolute_error,7.678399825024286,9.792261026551728,2.113861201527442
whole_spatial_blocks,2014,1.0,5000,15,historical_spatial_month_balanced_minus_random,p95_absolute_error,34.53198315870608,42.00882286157256,7.476839702866478
whole_spatial_blocks,2014,1.0,5000,15,historical_spatial_month_balanced_minus_random,p99_absolute_error,94.94570711966772,80.75787948757828,-14.187827632089437
whole_spatial_blocks,2014,1.0,5000,15,historical_spatial_month_balanced_minus_random,bias,0.2398735784497822,-1.0176117818186063,-1.2574853602683884
whole_spatial_blocks,2014,1.0,5000,16,historical_spatial_month_balanced_minus_random,rmse,19.371631202784823,24.80630030054178,5.434669097756956
whole_spatial_blocks,2014,1.0,5000,16,historical_spatial_month_balanced_minus_random,mae,11.867510738634438,14.511632745291324,2.644122006656886
whole_spatial_blocks,2014,1.0,5000,16,historical_spatial_month_balanced_minus_random,median_absolute_error,8.12328304366946,9.661117417187285,1.5378343735178248
whole_spatial_blocks,2014,1.0,5000,16,historical_spatial_month_balanced_minus_random,p95_absolute_error,34.239855105261306,40.78941241559276,6.549557310331451
whole_spatial_blocks,2014,1.0,5000,16,historical_spatial_month_balanced_minus_random,p99_absolute_error,74.24234501466607,79.08233669015246,4.839991675486388
whole_spatial_blocks,2014,1.0,5000,16,historical_spatial_month_balanced_minus_random,bias,1.3300569645829543,-0.4466581752913851,-1.7767151398743395
whole_spatial_blocks,2014,1.0,5000,17,historical_spatial_month_balanced_minus_random,rmse,21.492944646696976,27.799003991917,6.306059345220024
whole_spatial_blocks,2014,1.0,5000,17,historical_spatial_month_balanced_minus_random,mae,12.53089327579087,15.759606182496784,3.2287129067059137
whole_spatial_blocks,2014,1.0,5000,17,historical_spatial_month_balanced_minus_random,median_absolute_error,8.208069030816375,9.776664269052958,1.5685952382365826
whole_spatial_blocks,2014,1.0,5000,17,historical_spatial_month_balanced_minus_random,p95_absolute_error,36.69612735858869,47.442898088645975,10.746770730057285
whole_spatial_blocks,2014,1.0,5000,17,historical_spatial_month_balanced_minus_random,p99_absolute_error,91.41800499814774,127.49479688095516,36.07679188280743
whole_spatial_blocks,2014,1.0,5000,17,historical_spatial_month_balanced_minus_random,bias,0.921547483394531,-1.7232572821162138,-2.6448047655107447
whole_spatial_blocks,2014,1.0,5000,18,historical_spatial_month_balanced_minus_random,rmse,19.859268331411084,25.8266033579783,5.967335026567216
whole_spatial_blocks,2014,1.0,5000,18,historical_spatial_month_balanced_minus_random,mae,11.677158407375186,15.0481304683222,3.370972060947013
whole_spatial_blocks,2014,1.0,5000,18,historical_spatial_month_balanced_minus_random,median_absolute_error,7.69137013516962,9.774583206834478,2.083213071664858
whole_spatial_blocks,2014,1.0,5000,18,historical_spatial_month_balanced_minus_random,p95_absolute_error,33.918241691504264,46.60991490974541,12.69167321824115
whole_spatial_blocks,2014,1.0,5000,18,historical_spatial_month_balanced_minus_random,p99_absolute_error,73.37854245598946,87.22597021103286,13.847427755043398
whole_spatial_blocks,2014,1.0,5000,18,historical_spatial_month_balanced_minus_random,bias,0.7995175555194151,-0.970902184598883,-1.7704197401182982
whole_spatial_blocks,2014,1.0,5000,19,historical_spatial_month_balanced_minus_random,rmse,22.52789179297661,24.56216305110489,2.0342712581282782
whole_spatial_blocks,2014,1.0,5000,19,historical_spatial_month_balanced_minus_random,mae,13.065620830507662,15.013186232471256,1.947565401963594
whole_spatial_blocks,2014,1.0,5000,19,historical_spatial_month_balanced_minus_random,median_absolute_error,8.424578431028834,10.183920925013922,1.7593424939850877
whole_spatial_blocks,2014,1.0,5000,19,historical_spatial_month_balanced_minus_random,p95_absolute_error,38.74178526997834,43.80427865931773,5.062493389339394
whole_spatial_blocks,2014,1.0,5000,19,historical_spatial_month_balanced_minus_random,p99_absolute_error,96.36173919652605,87.93330706011177,-8.428432136414273
whole_spatial_blocks,2014,1.0,5000,19,historical_spatial_month_balanced_minus_random,bias,1.5498003494596158,-0.3298027691950214,-1.8796031186546371
whole_spatial_blocks,2014,2.0,5000,0,historical_spatial_month_balanced_minus_random,rmse,28.60613781040684,36.760676131087365,8.154538320680526
whole_spatial_blocks,2014,2.0,5000,0,historical_spatial_month_balanced_minus_random,mae,13.735541270595462,18.97866118804145,5.243119917445988
whole_spatial_blocks,2014,2.0,5000,0,historical_spatial_month_balanced_minus_random,median_absolute_error,8.541853695688928,10.786656704238965,2.2448030085500363
whole_spatial_blocks,2014,2.0,5000,0,historical_spatial_month_balanced_minus_random,p95_absolute_error,39.85614955874258,64.56347044517383,24.707320886431255
whole_spatial_blocks,2014,2.0,5000,0,historical_spatial_month_balanced_minus_random,p99_absolute_error,93.76498814874672,133.6682798852898,39.90329173654307
whole_spatial_blocks,2014,2.0,5000,0,historical_spatial_month_balanced_minus_random,bias,0.7566407570776387,-5.36702157620766,-6.123662333285298
whole_spatial_blocks,2014,2.0,5000,1,historical_spatial_month_balanced_minus_random,rmse,28.386810069560863,36.19933151748039,7.812521447919526
whole_spatial_blocks,2014,2.0,5000,1,historical_spatial_month_balanced_minus_random,mae,13.928066457744611,18.52181741194892,4.5937509542043085
whole_spatial_blocks,2014,2.0,5000,1,historical_spatial_month_balanced_minus_random,median_absolute_error,8.927280468918951,10.514189162401864,1.586908693482913
whole_spatial_blocks,2014,2.0,5000,1,historical_spatial_month_balanced_minus_random,p95_absolute_error,40.45218109438482,64.80052620886757,24.348345114482747
whole_spatial_blocks,2014,2.0,5000,1,historical_spatial_month_balanced_minus_random,p99_absolute_error,87.1374135979202,133.1128682635713,45.9754546656511
whole_spatial_blocks,2014,2.0,5000,1,historical_spatial_month_balanced_minus_random,bias,-0.6513086386731369,-2.8845790281186616,-2.233270389445525
whole_spatial_blocks,2014,2.0,5000,2,historical_spatial_month_balanced_minus_random,rmse,29.04754364117624,32.97654302036734,3.9289993791910973
whole_spatial_blocks,2014,2.0,5000,2,historical_spatial_month_balanced_minus_random,mae,14.135935956187392,16.79996420645268,2.6640282502652894
whole_spatial_blocks,2014,2.0,5000,2,historical_spatial_month_balanced_minus_random,median_absolute_error,8.723478223611181,10.371361750793485,1.6478835271823034
whole_spatial_blocks,2014,2.0,5000,2,historical_spatial_month_balanced_minus_random,p95_absolute_error,43.6423997499308,50.61363786315077,6.971238113219968
whole_spatial_blocks,2014,2.0,5000,2,historical_spatial_month_balanced_minus_random,p99_absolute_error,89.01837834893465,119.17633691997224,30.157958571037597
whole_spatial_blocks,2014,2.0,5000,2,historical_spatial_month_balanced_minus_random,bias,-0.5018817372566783,-1.9604100124438149,-1.4585282751871365
whole_spatial_blocks,2014,2.0,5000,3,historical_spatial_month_balanced_minus_random,rmse,28.58879965620023,37.1435063591854,8.554706702985172
whole_spatial_blocks,2014,2.0,5000,3,historical_spatial_month_balanced_minus_random,mae,13.917825616656993,19.250482180386538,5.332656563729545
whole_spatial_blocks,2014,2.0,5000,3,historical_spatial_month_balanced_minus_random,median_absolute_error,8.877853066390884,10.892282725231752,2.014429658840868
whole_spatial_blocks,2014,2.0,5000,3,historical_spatial_month_balanced_minus_random,p95_absolute_error,41.26314114589729,65.84661831648343,24.583477170586136
whole_spatial_blocks,2014,2.0,5000,3,historical_spatial_month_balanced_minus_random,p99_absolute_error,85.83468658375219,140.2363386043783,54.4016520206261
whole_spatial_blocks,2014,2.0,5000,3,historical_spatial_month_balanced_minus_random,bias,-0.7273704602968548,-4.184102304259905,-3.4567318439630497
whole_spatial_blocks,2014,2.0,5000,4,historical_spatial_month_balanced_minus_random,rmse,28.795213745124645,39.92692669311822,11.131712947993574
whole_spatial_blocks,2014,2.0,5000,4,historical_spatial_month_balanced_minus_random,mae,13.632631816951466,20.56820420539864,6.935572388447174
whole_spatial_blocks,2014,2.0,5000,4,historical_spatial_month_balanced_minus_random,median_absolute_error,8.800947767962526,10.824455748843915,2.023507980881389
whole_spatial_blocks,2014,2.0,5000,4,historical_spatial_month_balanced_minus_random,p95_absolute_error,38.878954761938765,77.16175558696699,38.282800825028225
whole_spatial_blocks,2014,2.0,5000,4,historical_spatial_month_balanced_minus_random,p99_absolute_error,83.83377658961442,162.00940588053936,78.17562929092495
whole_spatial_blocks,2014,2.0,5000,4,historical_spatial_month_balanced_minus_random,bias,-1.3970301962966931,-5.111914273496993,-3.7148840772002996
whole_spatial_blocks,2014,2.0,5000,5,historical_spatial_month_balanced_minus_random,rmse,29.29549410564621,39.5584159927756,10.26292188712939
whole_spatial_blocks,2014,2.0,5000,5,historical_spatial_month_balanced_minus_random,mae,14.30767765339152,20.702267774752052,6.394590121360531
whole_spatial_blocks,2014,2.0,5000,5,historical_spatial_month_balanced_minus_random,median_absolute_error,8.969383450394076,11.454786702862547,2.485403252468471
whole_spatial_blocks,2014,2.0,5000,5,historical_spatial_month_balanced_minus_random,p95_absolute_error,42.55223169312826,75.99930637973443,33.44707468660617
whole_spatial_blocks,2014,2.0,5000,5,historical_spatial_month_balanced_minus_random,p99_absolute_error,94.5418232231972,148.87010556890695,54.32828234570975
whole_spatial_blocks,2014,2.0,5000,5,historical_spatial_month_balanced_minus_random,bias,0.0236484164753909,-5.232373637951562,-5.2560220544269525
whole_spatial_blocks,2014,2.0,5000,6,historical_spatial_month_balanced_minus_random,rmse,28.690876839007128,36.25405492568004,7.5631780866729095
whole_spatial_blocks,2014,2.0,5000,6,historical_spatial_month_balanced_minus_random,mae,14.038460509308528,18.72309817411968,4.684637664811152
whole_spatial_blocks,2014,2.0,5000,6,historical_spatial_month_balanced_minus_random,median_absolute_error,9.057834815379609,10.739356593291518,1.6815217779119092
whole_spatial_blocks,2014,2.0,5000,6,historical_spatial_month_balanced_minus_random,p95_absolute_error,41.86305638516301,61.63404793622197,19.770991551058955
whole_spatial_blocks,2014,2.0,5000,6,historical_spatial_month_balanced_minus_random,p99_absolute_error,87.45770949776042,137.8704043365256,50.41269483876519
whole_spatial_blocks,2014,2.0,5000,6,historical_spatial_month_balanced_minus_random,bias,-0.6562457393599919,-3.572087313121266,-2.9158415737612744
whole_spatial_blocks,2014,2.0,5000,7,historical_spatial_month_balanced_minus_random,rmse,30.156182388563675,35.35140822996814,5.1952258414044685
whole_spatial_blocks,2014,2.0,5000,7,historical_spatial_month_balanced_minus_random,mae,14.146809088507572,18.681663316848454,4.5348542283408815
whole_spatial_blocks,2014,2.0,5000,7,historical_spatial_month_balanced_minus_random,median_absolute_error,8.737441084748468,11.42966302920982,2.6922219444613518
whole_spatial_blocks,2014,2.0,5000,7,historical_spatial_month_balanced_minus_random,p95_absolute_error,39.00408074230531,57.257671683627166,18.253590941321853
whole_spatial_blocks,2014,2.0,5000,7,historical_spatial_month_balanced_minus_random,p99_absolute_error,127.09528463009153,124.11764746955708,-2.9776371605344423
whole_spatial_blocks,2014,2.0,5000,7,historical_spatial_month_balanced_minus_random,bias,0.3764655553876983,-2.2929479987620507,-2.669413554149749
whole_spatial_blocks,2014,2.0,5000,8,historical_spatial_month_balanced_minus_random,rmse,29.677610545519,34.543499675816385,4.865889130297386
whole_spatial_blocks,2014,2.0,5000,8,historical_spatial_month_balanced_minus_random,mae,14.55252849229043,17.789954933925774,3.2374264416353444
whole_spatial_blocks,2014,2.0,5000,8,historical_spatial_month_balanced_minus_random,median_absolute_error,9.020291523079322,10.789886888575497,1.7695953654961745
whole_spatial_blocks,2014,2.0,5000,8,historical_spatial_month_balanced_minus_random,p95_absolute_error,43.755733396663615,55.9848150017932,12.229081605129586
whole_spatial_blocks,2014,2.0,5000,8,historical_spatial_month_balanced_minus_random,p99_absolute_error,96.974373801414,126.41178378250628,29.437409981092273
whole_spatial_blocks,2014,2.0,5000,8,historical_spatial_month_balanced_minus_random,bias,-0.5361900034513415,-3.037608267774502,-2.501418264323161
whole_spatial_blocks,2014,2.0,5000,9,historical_spatial_month_balanced_minus_random,rmse,29.080781324690133,33.98994043245644,4.90915910776631
whole_spatial_blocks,2014,2.0,5000,9,historical_spatial_month_balanced_minus_random,mae,13.848027189354909,17.69714621208748,3.8491190227325696
whole_spatial_blocks,2014,2.0,5000,9,historical_spatial_month_balanced_minus_random,median_absolute_error,8.686909055386565,10.693062176634529,2.006153121247964
whole_spatial_blocks,2014,2.0,5000,9,historical_spatial_month_balanced_minus_random,p95_absolute_error,41.08185939864441,56.07789292725987,14.996033528615456
whole_spatial_blocks,2014,2.0,5000,9,historical_spatial_month_balanced_minus_random,p99_absolute_error,87.58217532106235,119.05423841762268,31.472063096560333
whole_spatial_blocks,2014,2.0,5000,9,historical_spatial_month_balanced_minus_random,bias,-1.0699317154625942,-3.131036434497397,-2.0611047190348026
whole_spatial_blocks,2014,2.0,5000,10,historical_spatial_month_balanced_minus_random,rmse,31.579496596618995,40.9537339291994,9.374237332580407
whole_spatial_blocks,2014,2.0,5000,10,historical_spatial_month_balanced_minus_random,mae,14.863397292881857,19.75728953068137,4.893892237799513
whole_spatial_blocks,2014,2.0,5000,10,historical_spatial_month_balanced_minus_random,median_absolute_error,9.131394899432337,10.57133949602806,1.4399445965957227
whole_spatial_blocks,2014,2.0,5000,10,historical_spatial_month_balanced_minus_random,p95_absolute_error,40.78906140881656,66.15115478726858,25.362093378452023
whole_spatial_blocks,2014,2.0,5000,10,historical_spatial_month_balanced_minus_random,p99_absolute_error,123.20046581380898,167.40662743329173,44.20616161948276
whole_spatial_blocks,2014,2.0,5000,10,historical_spatial_month_balanced_minus_random,bias,0.9447316466144404,-6.216563414778278,-7.161295061392718
whole_spatial_blocks,2014,2.0,5000,11,historical_spatial_month_balanced_minus_random,rmse,28.757144407577563,34.94952573153049,6.1923813239529295
whole_spatial_blocks,2014,2.0,5000,11,historical_spatial_month_balanced_minus_random,mae,13.79429777535933,17.61771420337062,3.8234164280112903
whole_spatial_blocks,2014,2.0,5000,11,historical_spatial_month_balanced_minus_random,median_absolute_error,9.127229097463411,11.029988646579367,1.902759549115956
whole_spatial_blocks,2014,2.0,5000,11,historical_spatial_month_balanced_minus_random,p95_absolute_error,39.648094567393535,52.43514455630865,12.787049988915115
whole_spatial_blocks,2014,2.0,5000,11,historical_spatial_month_balanced_minus_random,p99_absolute_error,76.32239696852785,111.41944641572528,35.09704944719742
whole_spatial_blocks,2014,2.0,5000,11,historical_spatial_month_balanced_minus_random,bias,-1.5532396337178596,-2.427870006969575,-0.8746303732517156
whole_spatial_blocks,2014,2.0,5000,12,historical_spatial_month_balanced_minus_random,rmse,28.96773248676812,36.72524376173531,7.757511274967186
whole_spatial_blocks,2014,2.0,5000,12,historical_spatial_month_balanced_minus_random,mae,13.647598391871192,17.92563601422757,4.278037622356379
whole_spatial_blocks,2014,2.0,5000,12,historical_spatial_month_balanced_minus_random,median_absolute_error,8.699027572836286,10.575368401426855,1.8763408285905694
whole_spatial_blocks,2014,2.0,5000,12,historical_spatial_month_balanced_minus_random,p95_absolute_error,39.08469676450675,57.32585768718176,18.241160922675007
whole_spatial_blocks,2014,2.0,5000,12,historical_spatial_month_balanced_minus_random,p99_absolute_error,84.83091085005759,125.53912740257636,40.70821655251876
whole_spatial_blocks,2014,2.0,5000,12,historical_spatial_month_balanced_minus_random,bias,-0.9994107259161124,-3.427119137442874,-2.427708411526762
whole_spatial_blocks,2014,2.0,5000,13,historical_spatial_month_balanced_minus_random,rmse,30.36624711493628,36.00123335996721,5.63498624503093
whole_spatial_blocks,2014,2.0,5000,13,historical_spatial_month_balanced_minus_random,mae,14.880337433181666,18.488929998543707,3.6085925653620414
whole_spatial_blocks,2014,2.0,5000,13,historical_spatial_month_balanced_minus_random,median_absolute_error,9.174438302438318,10.633121989525478,1.4586836870871593
whole_spatial_blocks,2014,2.0,5000,13,historical_spatial_month_balanced_minus_random,p95_absolute_error,43.70300739100061,63.31287480634084,19.609867415340226
whole_spatial_blocks,2014,2.0,5000,13,historical_spatial_month_balanced_minus_random,p99_absolute_error,96.81408123356223,125.96465253201058,29.15057129844834
whole_spatial_blocks,2014,2.0,5000,13,historical_spatial_month_balanced_minus_random,bias,0.2946835980885691,-4.305841857874768,-4.600525455963337
whole_spatial_blocks,2014,2.0,5000,14,historical_spatial_month_balanced_minus_random,rmse,28.0270976059482,34.85922995030235,6.83213234435415
whole_spatial_blocks,2014,2.0,5000,14,historical_spatial_month_balanced_minus_random,mae,13.753307492657122,17.81012471427615,4.056817221619028
whole_spatial_blocks,2014,2.0,5000,14,historical_spatial_month_balanced_minus_random,median_absolute_error,8.959868317929875,10.676835922392629,1.716967604462754
whole_spatial_blocks,2014,2.0,5000,14,historical_spatial_month_balanced_minus_random,p95_absolute_error,39.15732277416248,55.79273706534932,16.63541429118684
whole_spatial_blocks,2014,2.0,5000,14,historical_spatial_month_balanced_minus_random,p99_absolute_error,81.26296608937578,123.93280467905626,42.66983858968048
whole_spatial_blocks,2014,2.0,5000,14,historical_spatial_month_balanced_minus_random,bias,-0.7157857140732947,-1.4905422120264114,-0.7747564979531166
whole_spatial_blocks,2014,2.0,5000,15,historical_spatial_month_balanced_minus_random,rmse,30.035032658330994,35.179849452071416,5.1448167937404214
whole_spatial_blocks,2014,2.0,5000,15,historical_spatial_month_balanced_minus_random,mae,14.852019586288296,18.110804127277767,3.2587845409894705
whole_spatial_blocks,2014,2.0,5000,15,historical_spatial_month_balanced_minus_random,median_absolute_error,9.06412437774972,10.62041803695,1.5562936592002803
whole_spatial_blocks,2014,2.0,5000,15,historical_spatial_month_balanced_minus_random,p95_absolute_error,44.49003890346377,59.28008195684685,14.79004305338308
whole_spatial_blocks,2014,2.0,5000,15,historical_spatial_month_balanced_minus_random,p99_absolute_error,105.42945741281602,124.17969857915058,18.75024116633456
whole_spatial_blocks,2014,2.0,5000,15,historical_spatial_month_balanced_minus_random,bias,0.4959893368975048,-3.3804228619659447,-3.8764121988634495
whole_spatial_blocks,2014,2.0,5000,16,historical_spatial_month_balanced_minus_random,rmse,28.560835118925475,36.62342573463701,8.062590615711535
whole_spatial_blocks,2014,2.0,5000,16,historical_spatial_month_balanced_minus_random,mae,13.8856878052391,18.92628675475583,5.040598949516729
whole_spatial_blocks,2014,2.0,5000,16,historical_spatial_month_balanced_minus_random,median_absolute_error,8.863425575256741,11.11308771877927,2.249662143522528
whole_spatial_blocks,2014,2.0,5000,16,historical_spatial_month_balanced_minus_random,p95_absolute_error,40.02619268113504,61.10196013396441,21.075767452829368
whole_spatial_blocks,2014,2.0,5000,16,historical_spatial_month_balanced_minus_random,p99_absolute_error,85.422776022838,141.38677449669754,55.96399847385955
whole_spatial_blocks,2014,2.0,5000,16,historical_spatial_month_balanced_minus_random,bias,-1.1839846792030058,-3.805420305845855,-2.6214356266428496
whole_spatial_blocks,2014,2.0,5000,17,historical_spatial_month_balanced_minus_random,rmse,28.293002831486945,34.88360002361313,6.590597192126182
whole_spatial_blocks,2014,2.0,5000,17,historical_spatial_month_balanced_minus_random,mae,13.862417175719155,18.26317913973332,4.4007619640141655
whole_spatial_blocks,2014,2.0,5000,17,historical_spatial_month_balanced_minus_random,median_absolute_error,8.898199092092398,10.863096618292444,1.9648975262000459
whole_spatial_blocks,2014,2.0,5000,17,historical_spatial_month_balanced_minus_random,p95_absolute_error,41.06015670526968,58.45623579261248,17.396079087342805
whole_spatial_blocks,2014,2.0,5000,17,historical_spatial_month_balanced_minus_random,p99_absolute_error,88.49015659292444,117.96673710353603,29.476580510611598
whole_spatial_blocks,2014,2.0,5000,17,historical_spatial_month_balanced_minus_random,bias,-0.3122932014704066,-2.884026376732808,-2.5717331752624015
whole_spatial_blocks,2014,2.0,5000,18,historical_spatial_month_balanced_minus_random,rmse,28.673083501700525,37.099892927871416,8.426809426170891
whole_spatial_blocks,2014,2.0,5000,18,historical_spatial_month_balanced_minus_random,mae,13.939432798465866,19.31513752396617,5.375704725500302
whole_spatial_blocks,2014,2.0,5000,18,historical_spatial_month_balanced_minus_random,median_absolute_error,8.775631408280333,10.877438229710949,2.101806821430616
whole_spatial_blocks,2014,2.0,5000,18,historical_spatial_month_balanced_minus_random,p95_absolute_error,41.23968997097932,71.90250156844004,30.662811597460724
whole_spatial_blocks,2014,2.0,5000,18,historical_spatial_month_balanced_minus_random,p99_absolute_error,94.77019034545768,137.82142208435485,43.05123173889717
whole_spatial_blocks,2014,2.0,5000,18,historical_spatial_month_balanced_minus_random,bias,0.135662194092129,-2.8626424300712388,-2.9983046241633677
whole_spatial_blocks,2014,2.0,5000,19,historical_spatial_month_balanced_minus_random,rmse,30.755476601102384,36.88951074941429,6.134034148311908
whole_spatial_blocks,2014,2.0,5000,19,historical_spatial_month_balanced_minus_random,mae,14.499843498506785,18.747832356216467,4.247988857709682
whole_spatial_blocks,2014,2.0,5000,19,historical_spatial_month_balanced_minus_random,median_absolute_error,8.792476369948588,10.366517098703952,1.5740407287553637
whole_spatial_blocks,2014,2.0,5000,19,historical_spatial_month_balanced_minus_random,p95_absolute_error,41.100068907317166,67.38894124150478,26.288872334187616
whole_spatial_blocks,2014,2.0,5000,19,historical_spatial_month_balanced_minus_random,p99_absolute_error,109.51073696724652,128.28604259351627,18.775305626269756
whole_spatial_blocks,2014,2.0,5000,19,historical_spatial_month_balanced_minus_random,bias,0.0144204599263176,-5.275029208634437,-5.289449668560755
whole_spatial_blocks,2014,3.0,5000,0,historical_spatial_month_balanced_minus_random,rmse,26.37826191319138,35.217707910479604,8.839445997288223
whole_spatial_blocks,2014,3.0,5000,0,historical_spatial_month_balanced_minus_random,mae,12.844952812065282,16.82827020584137,3.9833173937760886
whole_spatial_blocks,2014,3.0,5000,0,historical_spatial_month_balanced_minus_random,median_absolute_error,8.566983229407953,10.06576070430907,1.498777474901118
whole_spatial_blocks,2014,3.0,5000,0,historical_spatial_month_balanced_minus_random,p95_absolute_error,37.03483482331183,56.45403781551968,19.41920299220785
whole_spatial_blocks,2014,3.0,5000,0,historical_spatial_month_balanced_minus_random,p99_absolute_error,70.84607349935345,96.26443413425768,25.418360634904232
whole_spatial_blocks,2014,3.0,5000,0,historical_spatial_month_balanced_minus_random,bias,-0.1680497084565829,-5.573579051498071,-5.405529343041488
whole_spatial_blocks,2014,3.0,5000,1,historical_spatial_month_balanced_minus_random,rmse,25.012969888832785,33.56087090866255,8.547901019829766
whole_spatial_blocks,2014,3.0,5000,1,historical_spatial_month_balanced_minus_random,mae,12.056347184565542,16.05482414626316,3.9984769616976195
whole_spatial_blocks,2014,3.0,5000,1,historical_spatial_month_balanced_minus_random,median_absolute_error,8.304755575635483,9.80121703416387,1.4964614585283869
whole_spatial_blocks,2014,3.0,5000,1,historical_spatial_month_balanced_minus_random,p95_absolute_error,34.22343031129594,51.15653623417072,16.93310592287478
whole_spatial_blocks,2014,3.0,5000,1,historical_spatial_month_balanced_minus_random,p99_absolute_error,56.7952099381674,93.76420629699616,36.96899635882876
whole_spatial_blocks,2014,3.0,5000,1,historical_spatial_month_balanced_minus_random,bias,-0.674098485455261,-4.17528575983195,-3.501187274376689
whole_spatial_blocks,2014,3.0,5000,2,historical_spatial_month_balanced_minus_random,rmse,25.03476126238296,35.54546366648716,10.510702404104197
whole_spatial_blocks,2014,3.0,5000,2,historical_spatial_month_balanced_minus_random,mae,12.285809842863852,17.024035781021357,4.738225938157505
whole_spatial_blocks,2014,3.0,5000,2,historical_spatial_month_balanced_minus_random,median_absolute_error,8.136978320907815,9.969511387624069,1.8325330667162536
whole_spatial_blocks,2014,3.0,5000,2,historical_spatial_month_balanced_minus_random,p95_absolute_error,34.99177653294516,58.01196977092516,23.020193237980003
whole_spatial_blocks,2014,3.0,5000,2,historical_spatial_month_balanced_minus_random,p99_absolute_error,66.24206480814482,109.41774937545364,43.17568456730882
whole_spatial_blocks,2014,3.0,5000,2,historical_spatial_month_balanced_minus_random,bias,-0.7397240370115813,-5.562772273906672,-4.823048236895091
whole_spatial_blocks,2014,3.0,5000,3,historical_spatial_month_balanced_minus_random,rmse,24.8567962399939,36.180083403305176,11.323287163311274
whole_spatial_blocks,2014,3.0,5000,3,historical_spatial_month_balanced_minus_random,mae,12.089540091576312,16.822445797651273,4.732905706074961
whole_spatial_blocks,2014,3.0,5000,3,historical_spatial_month_balanced_minus_random,median_absolute_error,8.062139632090037,9.57120306122792,1.509063429137882
whole_spatial_blocks,2014,3.0,5000,3,historical_spatial_month_balanced_minus_random,p95_absolute_error,35.27782689096306,57.52749743507969,22.249670544116626
whole_spatial_blocks,2014,3.0,5000,3,historical_spatial_month_balanced_minus_random,p99_absolute_error,62.865180991947824,103.92005313413507,41.05487214218725
whole_spatial_blocks,2014,3.0,5000,3,historical_spatial_month_balanced_minus_random,bias,-0.1631014620662023,-5.601758401322246,-5.4386569392560435
whole_spatial_blocks,2014,3.0,5000,4,historical_spatial_month_balanced_minus_random,rmse,24.263133375962948,35.29890441442859,11.035771038465644
whole_spatial_blocks,2014,3.0,5000,4,historical_spatial_month_balanced_minus_random,mae,11.59202203651012,17.082655759747404,5.490633723237284
whole_spatial_blocks,2014,3.0,5000,4,historical_spatial_month_balanced_minus_random,median_absolute_error,8.046235025893623,10.251389019747108,2.205153993853486
whole_spatial_blocks,2014,3.0,5000,4,historical_spatial_month_balanced_minus_random,p95_absolute_error,32.70113022613336,57.67931738495737,24.978187158824014
whole_spatial_blocks,2014,3.0,5000,4,historical_spatial_month_balanced_minus_random,p99_absolute_error,54.10959621303435,109.94372525775591,55.834129044721564
whole_spatial_blocks,2014,3.0,5000,4,historical_spatial_month_balanced_minus_random,bias,-0.8506252507477388,-5.092768257879063,-4.242143007131324
whole_spatial_blocks,2014,3.0,5000,5,historical_spatial_month_balanced_minus_random,rmse,24.57909470912664,34.43853097588242,9.859436266755782
whole_spatial_blocks,2014,3.0,5000,5,historical_spatial_month_balanced_minus_random,mae,11.934669123247758,16.367871336929202,4.433202213681444
whole_spatial_blocks,2014,3.0,5000,5,historical_spatial_month_balanced_minus_random,median_absolute_error,8.201514759395451,9.89835992848336,1.6968451690879096
whole_spatial_blocks,2014,3.0,5000,5,historical_spatial_month_balanced_minus_random,p95_absolute_error,33.37805201063855,53.17750255372506,19.799450543086515
whole_spatial_blocks,2014,3.0,5000,5,historical_spatial_month_balanced_minus_random,p99_absolute_error,58.62838467590869,94.61122360646364,35.98283893055495
whole_spatial_blocks,2014,3.0,5000,5,historical_spatial_month_balanced_minus_random,bias,-0.6490737924004598,-5.250217210771576,-4.601143418371117
whole_spatial_blocks,2014,3.0,5000,6,historical_spatial_month_balanced_minus_random,rmse,26.45584760244116,36.33786233216405,9.88201472972289
whole_spatial_blocks,2014,3.0,5000,6,historical_spatial_month_balanced_minus_random,mae,12.418146868160829,17.17598909353689,4.757842225376063
whole_spatial_blocks,2014,3.0,5000,6,historical_spatial_month_balanced_minus_random,median_absolute_error,8.318420618373011,9.837552032266927,1.5191314138939163
whole_spatial_blocks,2014,3.0,5000,6,historical_spatial_month_balanced_minus_random,p95_absolute_error,35.5599241883408,58.5806587522438,23.020734563902998
whole_spatial_blocks,2014,3.0,5000,6,historical_spatial_month_balanced_minus_random,p99_absolute_error,61.11807720739956,125.83773038444754,64.71965317704797
whole_spatial_blocks,2014,3.0,5000,6,historical_spatial_month_balanced_minus_random,bias,-0.9613585524876046,-5.773305571365197,-4.811947018877592
whole_spatial_blocks,2014,3.0,5000,7,historical_spatial_month_balanced_minus_random,rmse,25.95443969767678,35.7857096367133,9.83126993903652
whole_spatial_blocks,2014,3.0,5000,7,historical_spatial_month_balanced_minus_random,mae,12.214441679747784,16.837561692908906,4.623120013161122
whole_spatial_blocks,2014,3.0,5000,7,historical_spatial_month_balanced_minus_random,median_absolute_error,8.087416651575523,9.53108644788648,1.4436697963109566
whole_spatial_blocks,2014,3.0,5000,7,historical_spatial_month_balanced_minus_random,p95_absolute_error,34.57339122744529,58.5867586219797,24.013367394534406
whole_spatial_blocks,2014,3.0,5000,7,historical_spatial_month_balanced_minus_random,p99_absolute_error,65.46009021722553,110.28892901080248,44.82883879357695
whole_spatial_blocks,2014,3.0,5000,7,historical_spatial_month_balanced_minus_random,bias,-0.5353765024936729,-5.4480006274353725,-4.9126241249417
whole_spatial_blocks,2014,3.0,5000,8,historical_spatial_month_balanced_minus_random,rmse,24.31756772572536,34.9804680425906,10.66290031686524
whole_spatial_blocks,2014,3.0,5000,8,historical_spatial_month_balanced_minus_random,mae,12.3144227073664,16.014349480616364,3.699926773249963
whole_spatial_blocks,2014,3.0,5000,8,historical_spatial_month_balanced_minus_random,median_absolute_error,8.501193136898507,9.574020663173885,1.0728275262753773
whole_spatial_blocks,2014,3.0,5000,8,historical_spatial_month_balanced_minus_random,p95_absolute_error,35.274899153166295,51.9863961247741,16.711496971607808
whole_spatial_blocks,2014,3.0,5000,8,historical_spatial_month_balanced_minus_random,p99_absolute_error,61.629223834098205,92.02572503792734,30.39650120382914
whole_spatial_blocks,2014,3.0,5000,8,historical_spatial_month_balanced_minus_random,bias,-1.0268400366174493,-4.852761205478711,-3.825921168861261
whole_spatial_blocks,2014,3.0,5000,9,historical_spatial_month_balanced_minus_random,rmse,24.10737660336396,36.448512347256525,12.341135743892565
whole_spatial_blocks,2014,3.0,5000,9,historical_spatial_month_balanced_minus_random,mae,11.887007702577147,17.63195993484814,5.744952232270993
whole_spatial_blocks,2014,3.0,5000,9,historical_spatial_month_balanced_minus_random,median_absolute_error,8.217995776292469,9.851372110825936,1.6333763345334678
whole_spatial_blocks,2014,3.0,5000,9,historical_spatial_month_balanced_minus_random,p95_absolute_error,33.75352649429564,62.47017641966309,28.71664992536745
whole_spatial_blocks,2014,3.0,5000,9,historical_spatial_month_balanced_minus_random,p99_absolute_error,58.35711861703812,113.06389289719128,54.70677428015316
whole_spatial_blocks,2014,3.0,5000,9,historical_spatial_month_balanced_minus_random,bias,-0.2272864918934038,-6.359341061772056,-6.132054569878652
whole_spatial_blocks,2014,3.0,5000,10,historical_spatial_month_balanced_minus_random,rmse,25.76237962212476,33.50302037438735,7.7406407522625855
whole_spatial_blocks,2014,3.0,5000,10,historical_spatial_month_balanced_minus_random,mae,12.17148126829976,15.60354934648053,3.4320680781807713
whole_spatial_blocks,2014,3.0,5000,10,historical_spatial_month_balanced_minus_random,median_absolute_error,8.330565517539753,9.946368907231944,1.615803389692191
whole_spatial_blocks,2014,3.0,5000,10,historical_spatial_month_balanced_minus_random,p95_absolute_error,35.16923593168089,46.50958206329531,11.340346131614425
whole_spatial_blocks,2014,3.0,5000,10,historical_spatial_month_balanced_minus_random,p99_absolute_error,56.9667265417426,87.61262416534481,30.64589762360221
whole_spatial_blocks,2014,3.0,5000,10,historical_spatial_month_balanced_minus_random,bias,-1.036115194642298,-3.997971280625429,-2.961856085983131
whole_spatial_blocks,2014,3.0,5000,11,historical_spatial_month_balanced_minus_random,rmse,24.369254331041308,35.80561956693893,11.436365235897622
whole_spatial_blocks,2014,3.0,5000,11,historical_spatial_month_balanced_minus_random,mae,12.03814697746792,17.133695371519654,5.095548394051734
whole_spatial_blocks,2014,3.0,5000,11,historical_spatial_month_balanced_minus_random,median_absolute_error,8.065071337063927,9.68101271098081,1.6159413739168826
whole_spatial_blocks,2014,3.0,5000,11,historical_spatial_month_balanced_minus_random,p95_absolute_error,34.92128952949232,60.62257153298594,25.701282003493617
whole_spatial_blocks,2014,3.0,5000,11,historical_spatial_month_balanced_minus_random,p99_absolute_error,63.27478063464839,110.54188594738488,47.2671053127365
whole_spatial_blocks,2014,3.0,5000,11,historical_spatial_month_balanced_minus_random,bias,-0.5586833220697681,-6.303464510227731,-5.744781188157963
whole_spatial_blocks,2014,3.0,5000,12,historical_spatial_month_balanced_minus_random,rmse,24.932820527561063,36.08931335644643,11.15649282888537
whole_spatial_blocks,2014,3.0,5000,12,historical_spatial_month_balanced_minus_random,mae,11.787983987694288,16.982641562556914,5.194657574862626
whole_spatial_blocks,2014,3.0,5000,12,historical_spatial_month_balanced_minus_random,median_absolute_error,8.02937592973683,9.435719564805083,1.4063436350682537
whole_spatial_blocks,2014,3.0,5000,12,historical_spatial_month_balanced_minus_random,p95_absolute_error,33.93233500479176,56.973070850962586,23.040735846170826
whole_spatial_blocks,2014,3.0,5000,12,historical_spatial_month_balanced_minus_random,p99_absolute_error,55.32447050455748,130.55828149554057,75.23381099098309
whole_spatial_blocks,2014,3.0,5000,12,historical_spatial_month_balanced_minus_random,bias,-1.550446769335302,-5.47126679070752,-3.9208200213722177
whole_spatial_blocks,2014,3.0,5000,13,historical_spatial_month_balanced_minus_random,rmse,23.63582072453442,35.5023094789438,11.866488754409382
whole_spatial_blocks,2014,3.0,5000,13,historical_spatial_month_balanced_minus_random,mae,11.785429931405066,16.63801521793648,4.852585286531415
whole_spatial_blocks,2014,3.0,5000,13,historical_spatial_month_balanced_minus_random,median_absolute_error,7.925960352139526,9.513163736756669,1.5872033846171423
whole_spatial_blocks,2014,3.0,5000,13,historical_spatial_month_balanced_minus_random,p95_absolute_error,33.90175319745083,57.035602381907296,23.133849184456466
whole_spatial_blocks,2014,3.0,5000,13,historical_spatial_month_balanced_minus_random,p99_absolute_error,61.48053570780567,115.70653165902549,54.225995951219815
whole_spatial_blocks,2014,3.0,5000,13,historical_spatial_month_balanced_minus_random,bias,-0.3223350898081051,-6.016722939794982,-5.694387849986877
whole_spatial_blocks,2014,3.0,5000,14,historical_spatial_month_balanced_minus_random,rmse,24.32570498124388,37.97393780816065,13.648232826916768
whole_spatial_blocks,2014,3.0,5000,14,historical_spatial_month_balanced_minus_random,mae,11.556617414200163,17.54436778633313,5.987750372132966
whole_spatial_blocks,2014,3.0,5000,14,historical_spatial_month_balanced_minus_random,median_absolute_error,7.662120983671372,9.84775607608782,2.185635092416449
whole_spatial_blocks,2014,3.0,5000,14,historical_spatial_month_balanced_minus_random,p95_absolute_error,33.07813063142999,56.98144085908287,23.90331022765288
whole_spatial_blocks,2014,3.0,5000,14,historical_spatial_month_balanced_minus_random,p99_absolute_error,58.9112907338829,161.2557415880973,102.34445085421439
whole_spatial_blocks,2014,3.0,5000,14,historical_spatial_month_balanced_minus_random,bias,-0.3630544023422555,-6.000075406150508,-5.637021003808252
whole_spatial_blocks,2014,3.0,5000,15,historical_spatial_month_balanced_minus_random,rmse,24.518360130116363,35.838146252220135,11.319786122103771
whole_spatial_blocks,2014,3.0,5000,15,historical_spatial_month_balanced_minus_random,mae,11.819026872506225,17.244532737604,5.425505865097776
whole_spatial_blocks,2014,3.0,5000,15,historical_spatial_month_balanced_minus_random,median_absolute_error,7.880463894553998,10.07182372710011,2.1913598325461123
whole_spatial_blocks,2014,3.0,5000,15,historical_spatial_month_balanced_minus_random,p95_absolute_error,33.93048499167898,60.99063344024975,27.06014844857077
whole_spatial_blocks,2014,3.0,5000,15,historical_spatial_month_balanced_minus_random,p99_absolute_error,59.99039213961285,108.30780182932811,48.31740968971526
whole_spatial_blocks,2014,3.0,5000,15,historical_spatial_month_balanced_minus_random,bias,-0.7879604567988201,-6.257213984372447,-5.469253527573627
whole_spatial_blocks,2014,3.0,5000,16,historical_spatial_month_balanced_minus_random,rmse,25.26727287558848,36.74755859339303,11.480285717804552
whole_spatial_blocks,2014,3.0,5000,16,historical_spatial_month_balanced_minus_random,mae,12.084311138775496,16.980628476087425,4.896317337311929
whole_spatial_blocks,2014,3.0,5000,16,historical_spatial_month_balanced_minus_random,median_absolute_error,8.284821380926502,9.68720147584756,1.4023800949210585
whole_spatial_blocks,2014,3.0,5000,16,historical_spatial_month_balanced_minus_random,p95_absolute_error,34.42169528563719,55.74435043835974,21.322655152722547
whole_spatial_blocks,2014,3.0,5000,16,historical_spatial_month_balanced_minus_random,p99_absolute_error,61.0367966418785,120.32811390235712,59.291317260478614
whole_spatial_blocks,2014,3.0,5000,16,historical_spatial_month_balanced_minus_random,bias,-1.8043887940736896,-5.511260758946504,-3.706871964872814
whole_spatial_blocks,2014,3.0,5000,17,historical_spatial_month_balanced_minus_random,rmse,24.48126281680008,32.936434166348306,8.455171349548227
whole_spatial_blocks,2014,3.0,5000,17,historical_spatial_month_balanced_minus_random,mae,11.563205217030369,15.781223954831836,4.218018737801467
whole_spatial_blocks,2014,3.0,5000,17,historical_spatial_month_balanced_minus_random,median_absolute_error,7.845282950193678,9.799281528677028,1.9539985784833505
whole_spatial_blocks,2014,3.0,5000,17,historical_spatial_month_balanced_minus_random,p95_absolute_error,31.95205688905011,49.32898556823032,17.376928679180214
whole_spatial_blocks,2014,3.0,5000,17,historical_spatial_month_balanced_minus_random,p99_absolute_error,59.33138489297972,85.51546476920419,26.184079876224466
whole_spatial_blocks,2014,3.0,5000,17,historical_spatial_month_balanced_minus_random,bias,-0.1462262471888974,-3.70829562184532,-3.5620693746564225
whole_spatial_blocks,2014,3.0,5000,18,historical_spatial_month_balanced_minus_random,rmse,24.86836290200888,35.827367426909206,10.959004524900326
whole_spatial_blocks,2014,3.0,5000,18,historical_spatial_month_balanced_minus_random,mae,11.83454352521952,17.566411626949357,5.731868101729837
whole_spatial_blocks,2014,3.0,5000,18,historical_spatial_month_balanced_minus_random,median_absolute_error,8.022345043405323,10.317178250074193,2.2948332066688693
whole_spatial_blocks,2014,3.0,5000,18,historical_spatial_month_balanced_minus_random,p95_absolute_error,34.234561111375804,58.21424807683445,23.979686965458647
whole_spatial_blocks,2014,3.0,5000,18,historical_spatial_month_balanced_minus_random,p99_absolute_error,58.76891157611967,107.0817628644116,48.31285128829193
whole_spatial_blocks,2014,3.0,5000,18,historical_spatial_month_balanced_minus_random,bias,-0.8105095559292423,-5.38694174968795,-4.576432193758707
whole_spatial_blocks,2014,3.0,5000,19,historical_spatial_month_balanced_minus_random,rmse,25.175937307356808,35.48053239697987,10.30459508962306
whole_spatial_blocks,2014,3.0,5000,19,historical_spatial_month_balanced_minus_random,mae,12.116391285400764,16.59162578987105,4.475234504470285
whole_spatial_blocks,2014,3.0,5000,19,historical_spatial_month_balanced_minus_random,median_absolute_error,8.221934328135347,9.739753166254047,1.5178188381186999
whole_spatial_blocks,2014,3.0,5000,19,historical_spatial_month_balanced_minus_random,p95_absolute_error,34.76651566740233,54.65805469174474,19.891539024342407
whole_spatial_blocks,2014,3.0,5000,19,historical_spatial_month_balanced_minus_random,p99_absolute_error,60.68759535489396,106.77601827981304,46.08842292491909
whole_spatial_blocks,2014,3.0,5000,19,historical_spatial_month_balanced_minus_random,bias,-0.7600263513450627,-5.960111510127812,-5.20008515878275
whole_spatial_blocks,2014,4.0,5000,0,historical_spatial_month_balanced_minus_random,rmse,23.891671608964263,32.52080940151514,8.629137792550875
whole_spatial_blocks,2014,4.0,5000,0,historical_spatial_month_balanced_minus_random,mae,12.641051247387212,17.544174227025312,4.9031229796381
whole_spatial_blocks,2014,4.0,5000,0,historical_spatial_month_balanced_minus_random,median_absolute_error,8.569656293913397,10.769758487931256,2.200102194017859
whole_spatial_blocks,2014,4.0,5000,0,historical_spatial_month_balanced_minus_random,p95_absolute_error,36.86595093126621,56.12690934842577,19.260958417159557
whole_spatial_blocks,2014,4.0,5000,0,historical_spatial_month_balanced_minus_random,p99_absolute_error,62.31963296491992,101.6169107245723,39.29727775965239
whole_spatial_blocks,2014,4.0,5000,0,historical_spatial_month_balanced_minus_random,bias,-0.2587928472331529,-6.140836232375955,-5.8820433851428024
whole_spatial_blocks,2014,4.0,5000,1,historical_spatial_month_balanced_minus_random,rmse,24.223439672399586,31.19426981929536,6.970830146895775
whole_spatial_blocks,2014,4.0,5000,1,historical_spatial_month_balanced_minus_random,mae,12.743828155162172,16.61312283512455,3.869294679962378
whole_spatial_blocks,2014,4.0,5000,1,historical_spatial_month_balanced_minus_random,median_absolute_error,8.59934628032812,10.559334410551172,1.959988130223051
whole_spatial_blocks,2014,4.0,5000,1,historical_spatial_month_balanced_minus_random,p95_absolute_error,36.90055525978804,50.24643396338752,13.345878703599475
whole_spatial_blocks,2014,4.0,5000,1,historical_spatial_month_balanced_minus_random,p99_absolute_error,64.0323809077596,97.7982632407024,33.765882332942795
whole_spatial_blocks,2014,4.0,5000,1,historical_spatial_month_balanced_minus_random,bias,-0.8281394917829042,-5.266435132591332,-4.438295640808428
whole_spatial_blocks,2014,4.0,5000,2,historical_spatial_month_balanced_minus_random,rmse,23.508354510575675,34.710128161067786,11.201773650492111
whole_spatial_blocks,2014,4.0,5000,2,historical_spatial_month_balanced_minus_random,mae,12.509439611376427,18.054807919658828,5.5453683082824
whole_spatial_blocks,2014,4.0,5000,2,historical_spatial_month_balanced_minus_random,median_absolute_error,8.480461223597018,10.55535136492783,2.074890141330812
whole_spatial_blocks,2014,4.0,5000,2,historical_spatial_month_balanced_minus_random,p95_absolute_error,36.61036196849531,61.63509988330539,25.024737914810075
whole_spatial_blocks,2014,4.0,5000,2,historical_spatial_month_balanced_minus_random,p99_absolute_error,62.12396586406616,137.63473788596428,75.51077202189813
whole_spatial_blocks,2014,4.0,5000,2,historical_spatial_month_balanced_minus_random,bias,-0.8065892992160376,-6.702394629336384,-5.895805330120346
whole_spatial_blocks,2014,4.0,5000,3,historical_spatial_month_balanced_minus_random,rmse,23.91734655964496,32.12908483758059,8.21173827793563
whole_spatial_blocks,2014,4.0,5000,3,historical_spatial_month_balanced_minus_random,mae,12.58054554715598,16.70502563094632,4.12448008379034
whole_spatial_blocks,2014,4.0,5000,3,historical_spatial_month_balanced_minus_random,median_absolute_error,8.36026944770785,10.35880026269615,1.9985308149882997
whole_spatial_blocks,2014,4.0,5000,3,historical_spatial_month_balanced_minus_random,p95_absolute_error,37.25356910520532,52.08379543415562,14.830226328950296
whole_spatial_blocks,2014,4.0,5000,3,historical_spatial_month_balanced_minus_random,p99_absolute_error,61.79038075745756,106.03631280409088,44.24593204663332
whole_spatial_blocks,2014,4.0,5000,3,historical_spatial_month_balanced_minus_random,bias,-0.8559280630207172,-6.011592400160881,-5.155664337140164
whole_spatial_blocks,2014,4.0,5000,4,historical_spatial_month_balanced_minus_random,rmse,24.3472152922228,30.945561954565253,6.598346662342454
whole_spatial_blocks,2014,4.0,5000,4,historical_spatial_month_balanced_minus_random,mae,12.970362115510731,16.214089763689685,3.243727648178954
whole_spatial_blocks,2014,4.0,5000,4,historical_spatial_month_balanced_minus_random,median_absolute_error,8.634128791513518,10.249138915255829,1.6150101237423105
whole_spatial_blocks,2014,4.0,5000,4,historical_spatial_month_balanced_minus_random,p95_absolute_error,37.60699520564475,49.77995088911549,12.17295568347074
whole_spatial_blocks,2014,4.0,5000,4,historical_spatial_month_balanced_minus_random,p99_absolute_error,66.91206200236894,98.66169338461944,31.7496313822505
whole_spatial_blocks,2014,4.0,5000,4,historical_spatial_month_balanced_minus_random,bias,-0.2742062657342713,-5.085230696499685,-4.811024430765413
whole_spatial_blocks,2014,4.0,5000,5,historical_spatial_month_balanced_minus_random,rmse,24.442797671191187,31.42338157119178,6.9805839000005925
whole_spatial_blocks,2014,4.0,5000,5,historical_spatial_month_balanced_minus_random,mae,12.753700134017388,16.91109597025085,4.157395836233464
whole_spatial_blocks,2014,4.0,5000,5,historical_spatial_month_balanced_minus_random,median_absolute_error,8.619971407367444,10.581278234939504,1.9613068275720593
whole_spatial_blocks,2014,4.0,5000,5,historical_spatial_month_balanced_minus_random,p95_absolute_error,37.48639233168696,54.11640379493957,16.630011463252615
whole_spatial_blocks,2014,4.0,5000,5,historical_spatial_month_balanced_minus_random,p99_absolute_error,66.4630369253949,103.96072037334604,37.49768344795113
whole_spatial_blocks,2014,4.0,5000,5,historical_spatial_month_balanced_minus_random,bias,-0.9181729413702926,-3.843252210160807,-2.9250792687905145
whole_spatial_blocks,2014,4.0,5000,6,historical_spatial_month_balanced_minus_random,rmse,24.844260582835297,31.009449150558407,6.16518856772311
whole_spatial_blocks,2014,4.0,5000,6,historical_spatial_month_balanced_minus_random,mae,13.190815395958754,16.615441403132984,3.424626007174229
whole_spatial_blocks,2014,4.0,5000,6,historical_spatial_month_balanced_minus_random,median_absolute_error,8.622098294935455,10.526235876423016,1.9041375814875607
whole_spatial_blocks,2014,4.0,5000,6,historical_spatial_month_balanced_minus_random,p95_absolute_error,39.81028098202252,51.359320554690655,11.549039572668136
whole_spatial_blocks,2014,4.0,5000,6,historical_spatial_month_balanced_minus_random,p99_absolute_error,71.29643644460987,96.9982377597555,25.70180131514563
whole_spatial_blocks,2014,4.0,5000,6,historical_spatial_month_balanced_minus_random,bias,-0.7382157457287647,-3.544777113610323,-2.8065613678815584
whole_spatial_blocks,2014,4.0,5000,7,historical_spatial_month_balanced_minus_random,rmse,23.868241072275406,30.4663794881628,6.598138415887394
whole_spatial_blocks,2014,4.0,5000,7,historical_spatial_month_balanced_minus_random,mae,12.920546445448895,16.13862101837931,3.2180745729304157
whole_spatial_blocks,2014,4.0,5000,7,historical_spatial_month_balanced_minus_random,median_absolute_error,8.810005542102374,9.981853037707936,1.1718474956055616
whole_spatial_blocks,2014,4.0,5000,7,historical_spatial_month_balanced_minus_random,p95_absolute_error,37.429175779114885,51.21898747259448,13.789811693479592
whole_spatial_blocks,2014,4.0,5000,7,historical_spatial_month_balanced_minus_random,p99_absolute_error,62.44790900163541,97.84797634522155,35.400067343586144
whole_spatial_blocks,2014,4.0,5000,7,historical_spatial_month_balanced_minus_random,bias,-0.8543467679761088,-5.332212806822984,-4.477866038846875
whole_spatial_blocks,2014,4.0,5000,8,historical_spatial_month_balanced_minus_random,rmse,24.337410153733657,31.36314252884762,7.025732375113964
whole_spatial_blocks,2014,4.0,5000,8,historical_spatial_month_balanced_minus_random,mae,12.803420652486883,16.205299062759064,3.4018784102721806
whole_spatial_blocks,2014,4.0,5000,8,historical_spatial_month_balanced_minus_random,median_absolute_error,8.51974952002547,10.071758563826648,1.5520090438011778
whole_spatial_blocks,2014,4.0,5000,8,historical_spatial_month_balanced_minus_random,p95_absolute_error,37.55115176035315,47.15500531114348,9.603853550790333
whole_spatial_blocks,2014,4.0,5000,8,historical_spatial_month_balanced_minus_random,p99_absolute_error,71.65735597001891,103.87630477358772,32.21894880356881
whole_spatial_blocks,2014,4.0,5000,8,historical_spatial_month_balanced_minus_random,bias,-1.2279912084372118,-4.656870078075356,-3.428878869638144
whole_spatial_blocks,2014,4.0,5000,9,historical_spatial_month_balanced_minus_random,rmse,24.88343648485333,31.480898125952518,6.597461641099187
whole_spatial_blocks,2014,4.0,5000,9,historical_spatial_month_balanced_minus_random,mae,13.311126103717465,16.374658432763166,3.0635323290457013
whole_spatial_blocks,2014,4.0,5000,9,historical_spatial_month_balanced_minus_random,median_absolute_error,8.684392416530585,10.464688105893146,1.7802956893625606
whole_spatial_blocks,2014,4.0,5000,9,historical_spatial_month_balanced_minus_random,p95_absolute_error,41.011330549514696,49.223331882187466,8.21200133267277
whole_spatial_blocks,2014,4.0,5000,9,historical_spatial_month_balanced_minus_random,p99_absolute_error,70.79764861055772,101.57591634700728,30.778267736449564
whole_spatial_blocks,2014,4.0,5000,9,historical_spatial_month_balanced_minus_random,bias,-0.3359247544029843,-5.628502776494933,-5.292578022091949
whole_spatial_blocks,2014,4.0,5000,10,historical_spatial_month_balanced_minus_random,rmse,23.79734636746231,30.897324841462343,7.099978474000032
whole_spatial_blocks,2014,4.0,5000,10,historical_spatial_month_balanced_minus_random,mae,12.931447964957826,16.375808234960708,3.444360270002882
whole_spatial_blocks,2014,4.0,5000,10,historical_spatial_month_balanced_minus_random,median_absolute_error,8.839466258274626,10.28203501062373,1.4425687523491035
whole_spatial_blocks,2014,4.0,5000,10,historical_spatial_month_balanced_minus_random,p95_absolute_error,37.23982778677957,52.93086527798097,15.6910374912014
whole_spatial_blocks,2014,4.0,5000,10,historical_spatial_month_balanced_minus_random,p99_absolute_error,65.68747354179818,97.66659961540532,31.979126073607134
whole_spatial_blocks,2014,4.0,5000,10,historical_spatial_month_balanced_minus_random,bias,-0.9386235871065868,-4.399140490459707,-3.46051690335312
whole_spatial_blocks,2014,4.0,5000,11,historical_spatial_month_balanced_minus_random,rmse,24.18785963553357,35.74619298868975,11.55833335315618
whole_spatial_blocks,2014,4.0,5000,11,historical_spatial_month_balanced_minus_random,mae,13.12516291990998,18.15995329596589,5.034790376055911
whole_spatial_blocks,2014,4.0,5000,11,historical_spatial_month_balanced_minus_random,median_absolute_error,8.75687107620962,10.516882116521144,1.7600110403115234
whole_spatial_blocks,2014,4.0,5000,11,historical_spatial_month_balanced_minus_random,p95_absolute_error,38.44136332341195,56.53363833453034,18.09227501111839
whole_spatial_blocks,2014,4.0,5000,11,historical_spatial_month_balanced_minus_random,p99_absolute_error,67.80446333332875,152.48035773909814,84.67589440576938
whole_spatial_blocks,2014,4.0,5000,11,historical_spatial_month_balanced_minus_random,bias,-0.884402837829533,-6.6408479567137775,-5.756445118884244
whole_spatial_blocks,2014,4.0,5000,12,historical_spatial_month_balanced_minus_random,rmse,24.30461889702105,31.945692473978465,7.641073576957414
whole_spatial_blocks,2014,4.0,5000,12,historical_spatial_month_balanced_minus_random,mae,12.748058664965956,17.063476147405694,4.315417482439738
whole_spatial_blocks,2014,4.0,5000,12,historical_spatial_month_balanced_minus_random,median_absolute_error,8.501696850080378,10.65812427423714,2.156427424156762
whole_spatial_blocks,2014,4.0,5000,12,historical_spatial_month_balanced_minus_random,p95_absolute_error,37.65032046297948,53.18875467848504,15.53843421550556
whole_spatial_blocks,2014,4.0,5000,12,historical_spatial_month_balanced_minus_random,p99_absolute_error,68.91621609392767,105.84731788825776,36.93110179433009
whole_spatial_blocks,2014,4.0,5000,12,historical_spatial_month_balanced_minus_random,bias,-0.9277228709061603,-6.218345854700646,-5.290622983794485
whole_spatial_blocks,2014,4.0,5000,13,historical_spatial_month_balanced_minus_random,rmse,24.58339406899861,32.27776956496389,7.694375495965279
whole_spatial_blocks,2014,4.0,5000,13,historical_spatial_month_balanced_minus_random,mae,13.18206653357052,16.353616489625335,3.1715499560548146
whole_spatial_blocks,2014,4.0,5000,13,historical_spatial_month_balanced_minus_random,median_absolute_error,8.884472810579354,10.171065770451008,1.2865929598716548
whole_spatial_blocks,2014,4.0,5000,13,historical_spatial_month_balanced_minus_random,p95_absolute_error,38.170583961030346,50.18477475189046,12.014190790860113
whole_spatial_blocks,2014,4.0,5000,13,historical_spatial_month_balanced_minus_random,p99_absolute_error,72.47486633377822,99.95778890473645,27.482922570958223
whole_spatial_blocks,2014,4.0,5000,13,historical_spatial_month_balanced_minus_random,bias,-0.2026160608718678,-5.880658804296291,-5.678042743424424
whole_spatial_blocks,2014,4.0,5000,14,historical_spatial_month_balanced_minus_random,rmse,24.701141834409025,30.916081100052494,6.214939265643469
whole_spatial_blocks,2014,4.0,5000,14,historical_spatial_month_balanced_minus_random,mae,13.105665364632104,16.538995756548307,3.4333303919162024
whole_spatial_blocks,2014,4.0,5000,14,historical_spatial_month_balanced_minus_random,median_absolute_error,8.940067848720986,10.380272209958548,1.4402043612375621
whole_spatial_blocks,2014,4.0,5000,14,historical_spatial_month_balanced_minus_random,p95_absolute_error,37.996470086873785,51.44491612176731,13.448446034893522
whole_spatial_blocks,2014,4.0,5000,14,historical_spatial_month_balanced_minus_random,p99_absolute_error,65.7299823257986,95.62565655622974,29.89567423043114
whole_spatial_blocks,2014,4.0,5000,14,historical_spatial_month_balanced_minus_random,bias,-1.6143780590994292,-5.597924085206242,-3.9835460261068127
whole_spatial_blocks,2014,4.0,5000,15,historical_spatial_month_balanced_minus_random,rmse,24.27985808326888,32.51102270615171,8.231164622882826
whole_spatial_blocks,2014,4.0,5000,15,historical_spatial_month_balanced_minus_random,mae,12.794862480375334,16.979133416172765,4.18427093579743
whole_spatial_blocks,2014,4.0,5000,15,historical_spatial_month_balanced_minus_random,median_absolute_error,8.253027355522818,10.491364907675433,2.2383375521526148
whole_spatial_blocks,2014,4.0,5000,15,historical_spatial_month_balanced_minus_random,p95_absolute_error,38.76129162913669,53.37161408060487,14.610322451468178
whole_spatial_blocks,2014,4.0,5000,15,historical_spatial_month_balanced_minus_random,p99_absolute_error,65.77742762280529,103.71551713527327,37.93808951246798
whole_spatial_blocks,2014,4.0,5000,15,historical_spatial_month_balanced_minus_random,bias,-0.9593420894936232,-5.588531736880375,-4.6291896473867515
whole_spatial_blocks,2014,4.0,5000,16,historical_spatial_month_balanced_minus_random,rmse,24.28196008177367,32.546408872604324,8.264448790830656
whole_spatial_blocks,2014,4.0,5000,16,historical_spatial_month_balanced_minus_random,mae,12.963003692641989,17.189409143081484,4.226405450439495
whole_spatial_blocks,2014,4.0,5000,16,historical_spatial_month_balanced_minus_random,median_absolute_error,8.476471164651201,10.449182611832384,1.972711447181183
whole_spatial_blocks,2014,4.0,5000,16,historical_spatial_month_balanced_minus_random,p95_absolute_error,39.12045715856122,57.37203898594372,18.251581827382495
whole_spatial_blocks,2014,4.0,5000,16,historical_spatial_month_balanced_minus_random,p99_absolute_error,66.23421759809683,114.16611499650378,47.931897398406946
whole_spatial_blocks,2014,4.0,5000,16,historical_spatial_month_balanced_minus_random,bias,-0.4897570590202256,-6.038829099563697,-5.5490720405434715
whole_spatial_blocks,2014,4.0,5000,17,historical_spatial_month_balanced_minus_random,rmse,24.54138338396526,30.527357082236776,5.985973698271515
whole_spatial_blocks,2014,4.0,5000,17,historical_spatial_month_balanced_minus_random,mae,12.709082268977316,16.373923726889927,3.664841457912612
whole_spatial_blocks,2014,4.0,5000,17,historical_spatial_month_balanced_minus_random,median_absolute_error,8.598006463658407,10.35087608410177,1.752869620443363
whole_spatial_blocks,2014,4.0,5000,17,historical_spatial_month_balanced_minus_random,p95_absolute_error,36.85843677023283,51.15030932559914,14.29187255536631
whole_spatial_blocks,2014,4.0,5000,17,historical_spatial_month_balanced_minus_random,p99_absolute_error,66.29012965503222,95.27357519791197,28.98344554287975
whole_spatial_blocks,2014,4.0,5000,17,historical_spatial_month_balanced_minus_random,bias,-0.5435216878903067,-3.5021448348328725,-2.958623146942566
whole_spatial_blocks,2014,4.0,5000,18,historical_spatial_month_balanced_minus_random,rmse,24.71707899608777,30.36467437100258,5.647595374914808
whole_spatial_blocks,2014,4.0,5000,18,historical_spatial_month_balanced_minus_random,mae,12.954980190952368,15.839723736884729,2.884743545932361
whole_spatial_blocks,2014,4.0,5000,18,historical_spatial_month_balanced_minus_random,median_absolute_error,8.611593107719727,10.037468797754656,1.4258756900349283
whole_spatial_blocks,2014,4.0,5000,18,historical_spatial_month_balanced_minus_random,p95_absolute_error,38.62127515036694,47.64303779495826,9.02176264459132
whole_spatial_blocks,2014,4.0,5000,18,historical_spatial_month_balanced_minus_random,p99_absolute_error,65.05751946131943,95.15588646140908,30.098367000089652
whole_spatial_blocks,2014,4.0,5000,18,historical_spatial_month_balanced_minus_random,bias,-0.834591192580224,-4.6097529784885385,-3.7751617859083146
whole_spatial_blocks,2014,4.0,5000,19,historical_spatial_month_balanced_minus_random,rmse,24.20540699870971,31.893585799936645,7.688178801226936
whole_spatial_blocks,2014,4.0,5000,19,historical_spatial_month_balanced_minus_random,mae,12.764989923485146,16.613824005601135,3.8488340821159888
whole_spatial_blocks,2014,4.0,5000,19,historical_spatial_month_balanced_minus_random,median_absolute_error,8.561623565587695,10.19430194671213,1.6326783811244354
whole_spatial_blocks,2014,4.0,5000,19,historical_spatial_month_balanced_minus_random,p95_absolute_error,37.84271111366941,53.40996492866803,15.567253814998622
whole_spatial_blocks,2014,4.0,5000,19,historical_spatial_month_balanced_minus_random,p99_absolute_error,65.20107959738854,107.60420830352308,42.40312870613454
whole_spatial_blocks,2014,4.0,5000,19,historical_spatial_month_balanced_minus_random,bias,-0.6589573297545869,-5.306041722782056,-4.647084393027469
