year,evaluation_domain,strategy,budget,seed,n_candidates,n_evaluation,n_evaluation_domain,rmse,mae,bias,median_absolute_error,p95_absolute_error,p99_absolute_error,r2,correlation
2005,all,random,500,0,390000,97488,97488,31.775487787517193,16.32503837758662,-2.117495029440614,11.03987196030775,46.94219319888201,91.15548237552949,0.4935113710357212,0.7041313013236193
2005,spco2_le_threshold,random,500,0,390000,97488,97474,25.61325939700986,16.138657827691947,-1.9290738778790997,11.038084032782848,46.90498949788072,90.6989662992592,0.6029436244077853,0.7780299424792829
2005,all,random,1000,0,390000,97488,97488,28.876207758801886,13.25195635932266,-0.2370782594196868,8.619181702161711,37.95965870862952,79.08609758052718,0.5817214797889256,0.7633901068909129
2005,spco2_le_threshold,random,1000,0,390000,97488,97474,22.095814847187082,13.06859151488241,-0.05184411348982261,8.617901652440054,37.91091083347019,78.71223794058538,0.7045101807150993,0.8401494432787302
2005,all,random,2500,0,390000,97488,97488,27.932041976686016,12.065190540414473,0.6184780940195039,7.518055323861404,34.066107143935376,83.81544253183394,0.6086272180496309,0.7803322679508183
2005,spco2_le_threshold,random,2500,0,390000,97488,97474,21.939273172753698,11.900133944438538,0.7853564205172399,7.515970054971348,34.00322364485625,83.21483229178205,0.7086822481738255,0.8424100018626183
2005,all,random,5000,0,390000,97488,97488,26.032258269693298,11.141723891418655,0.23365066475501187,7.21828465066821,30.382084391417788,70.09686710995663,0.660054782360617,0.8125233444332484
2005,spco2_le_threshold,random,5000,0,390000,97488,97474,20.081370824840885,10.986061048603531,0.3909473303719756,7.2163132538924515,30.3449193246392,69.65491703995161,0.7559329284908735,0.86954104324912
2005,all,historical_density,500,0,390000,97488,97488,39.64337733613208,21.31565489339502,-2.8395296899569664,13.88174159141002,66.83439365722792,125.6490878430637,0.21163644412872762,0.5666755482814237
2005,spco2_le_threshold,historical_density,500,0,390000,97488,97474,34.308717278796706,21.116428071931846,-2.6376491787627008,13.880413157515136,66.75143919305802,125.0643260833274,0.287587648361477,0.6383156927504597
2005,all,historical_density,1000,0,390000,97488,97488,38.26037245465469,19.041811672815605,-3.4691864648044155,11.26618506834069,67.30545845755523,126.70578075703315,0.26568291275749656,0.612610436989637
2005,spco2_le_threshold,historical_density,1000,0,390000,97488,97474,32.73735183596906,18.842923740836742,-3.2680618671207267,11.264162850031681,67.05607868357083,125.9634199936594,0.35135127302715685,0.6872861710263639
2005,all,historical_density,2500,0,390000,97488,97488,36.17702090509554,17.66026165172351,-4.107927779623783,10.397228783706595,62.327629050330735,118.39336129730303,0.3434756340406273,0.6536585746875351
2005,spco2_le_threshold,historical_density,2500,0,390000,97488,97474,30.61243964396921,17.468709233198382,-3.914428865887527,10.395146089185431,62.28215490658215,118.03122098032532,0.43282332531672985,0.7264998413785569
2005,all,historical_density,5000,0,390000,97488,97488,34.59330038246272,15.727387228874449,-4.580325860287251,9.000893333321073,53.00608879536328,112.15620862070574,0.399698756208393,0.675261153659922
2005,spco2_le_threshold,historical_density,5000,0,390000,97488,97474,28.4623631241604,15.530888701526433,-4.382226302314043,8.99893717259954,52.902717074021666,111.63947892953564,0.5096971829485045,0.7551031036383083
2005,all,spatial_coverage,500,0,390000,97488,97488,31.848688511643424,16.27727952203346,-0.9204396559351935,10.947028402774436,46.36133344309738,87.1586118209683,0.49117510229917005,0.7021903313180019
2005,spco2_le_threshold,spatial_coverage,500,0,390000,97488,97474,25.643622339235446,16.090564434417793,-0.7315188954413713,10.944227235851628,46.30908460477285,86.8323583199979,0.6020016946588476,0.7769484661519808
2005,all,spatial_coverage,1000,0,390000,97488,97488,28.99866887213723,14.494007633353236,-0.008016979999580323,9.596572417442161,41.909916151367284,82.43666841603324,0.5781662020875943,0.7604005266733289
2005,spco2_le_threshold,spatial_coverage,1000,0,390000,97488,97474,23.09479763103623,14.323404181011355,0.16466706685106178,9.594980440785804,41.87704558484619,81.9958669885011,0.6771871601146991,0.8231284584859014
2005,all,spatial_coverage,2500,0,390000,97488,97488,26.11459807465759,12.212890691179734,-0.24317514782732472,8.19563109931616,33.99349877517406,68.23942989129057,0.6579008938805071,0.811266430579898
2005,spco2_le_threshold,spatial_coverage,2500,0,390000,97488,97474,20.227346487804805,12.056187234361415,-0.0847525041734701,8.193052113937483,33.97232041154928,67.64230868123789,0.752371682994248,0.8674072438340255
2005,all,spatial_coverage,5000,0,390000,97488,97488,24.054683049596118,11.185532961311965,-0.3147399452725845,7.5696833475986125,31.211017104599932,60.80832711365454,0.7097417817123023,0.8431828128048292
2005,spco2_le_threshold,spatial_coverage,5000,0,390000,97488,97474,18.610775886474798,11.039949444796905,-0.16759507801553694,7.568563328093234,31.187626244014094,60.481386924113544,0.7903709641184474,0.8890590866719109
2005,all,random,500,1,390000,97488,97488,31.863868577730685,15.948303403246847,-2.394961790629927,10.445474228910967,46.363825375582884,93.8087676417685,0.4906899434633054,0.7025807112541501
2005,spco2_le_threshold,random,500,1,390000,97488,97474,25.66143130339111,15.76121731375147,-2.2059290611836246,10.443715376998796,46.27607478767815,93.10981484991056,0.6014486995575401,0.7775514405790726
2005,all,random,1000,1,390000,97488,97488,29.522041659336097,13.596147568359608,-0.5702156573514804,8.744891597151309,39.05395090956194,84.41048624394614,0.5628021427611081,0.7503103098704028
2005,spco2_le_threshold,random,1000,1,390000,97488,97474,22.70338222452009,13.40946822059429,-0.38166542045927493,8.742526577030816,39.028665541811,83.77914222251312,0.6880366323446752,0.8295470983986281
2005,all,random,2500,1,390000,97488,97488,26.724725013098112,11.22575420856379,-0.47088019898048705,7.323542128443108,31.878567019698295,66.03740468033807,0.6417289325924023,0.8018600700698161
2005,spco2_le_threshold,random,2500,1,390000,97488,97474,18.96028556702087,11.039286002015416,-0.28286729091033014,7.322512093871353,31.7928150200806,65.82783622306057,0.7824233796513271,0.8855734484721962
2005,all,random,5000,1,390000,97488,97488,25.43076209136906,10.150775611517124,-0.3688723211802269,6.767828782535901,28.19932168625986,57.81903973716497,0.6755827061521944,0.8231696514334325
2005,spco2_le_threshold,random,5000,1,390000,97488,97474,17.243194135178317,9.96580185198299,-0.18249360600597458,6.766775784043148,28.169927773084446,57.513019335690174,0.8200474878126922,0.9070423884956582
2005,all,historical_density,500,1,390000,97488,97488,44.92420597112996,23.5263434600041,-7.058798832834929,14.01381902098521,86.77208191260405,162.70431165399984,-0.012385850770178175,0.5182890015803597
2005,spco2_le_threshold,historical_density,500,1,390000,97488,97474,40.195944955949095,23.32375792800908,-6.853848099609013,14.010444030892444,86.45411181356037,162.31490309865106,0.022116847410223572,0.5845600134092902
2005,all,historical_density,1000,1,390000,97488,97488,39.05548830899923,19.616526043156348,-3.299713630459929,11.640686792121926,65.41518187189425,120.99810852490359,0.23484505110214582,0.585391236356581
2005,spco2_le_threshold,historical_density,1000,1,390000,97488,97474,33.493693695144515,19.41352292807469,-3.0943669635205695,11.639426450768383,65.3197464982655,120.26453960676177,0.32103315592987136,0.6611339020384528
2005,all,historical_density,2500,1,390000,97488,97488,35.49659175114602,16.814801065493246,-4.407853023256684,9.770128161218736,55.93742038236842,118.2959750879409,0.3679396333541265,0.6606533997709462
2005,spco2_le_threshold,historical_density,2500,1,390000,97488,97474,29.69023034851339,16.61981489917676,-4.211084871255896,9.7693405340801,55.817616396413484,117.73408174628257,0.46648134153198584,0.7364251167643721
2005,all,historical_density,5000,1,390000,97488,97488,35.700839149646775,16.022934420605512,-5.099736671790308,8.703119665849243,56.89046944357418,121.85440792242825,0.36064495573142286,0.6626676581949932
2005,spco2_le_threshold,historical_density,5000,1,390000,97488,97474,29.836035085515924,15.826499010921761,-4.901732384575285,8.702254516235115,56.792970759758205,121.37640644301908,0.46122839780043356,0.7401093270445003
2005,all,spatial_coverage,500,1,390000,97488,97488,33.31193577671104,18.222656036963265,-2.6402321974321143,12.587878328907891,51.820376564880725,101.32645019225512,0.4433464432584987,0.6695084605783947
2005,spco2_le_threshold,spatial_coverage,500,1,390000,97488,97474,28.134546986808097,18.04810343507642,-2.463441522482161,12.586448855355798,51.739659638667355,100.76697951367507,0.5209262979257043,0.7260015997746985
2005,all,spatial_coverage,1000,1,390000,97488,97488,30.054669128871303,14.913287264739735,-0.6607791936907781,9.824105692429015,43.06062799418097,85.53462380819211,0.5468842589492957,0.7402366160823424
2005,spco2_le_threshold,spatial_coverage,1000,1,390000,97488,97474,24.158705765469076,14.737380083746814,-0.4828249528357924,9.82184104769189,43.008399847170175,84.94055795163835,0.6467600559987311,0.8052638836063514
2005,all,spatial_coverage,2500,1,390000,97488,97488,27.69969025290266,12.4284002784632,0.6531163926050163,8.023496900892951,34.05122697763516,77.35765254712221,0.615111378143325,0.7857025168270426
2005,spco2_le_threshold,spatial_coverage,2500,1,390000,97488,97474,22.939066515981917,12.285147079220588,0.7982484645049027,8.022343958180244,34.00204434761328,76.9430691539637,0.6815260167783799,0.8292662569745979
2005,all,spatial_coverage,5000,1,390000,97488,97488,25.648901346279395,11.236174709847013,0.36229556239529315,7.424043523907329,30.70062246462129,63.32414564761175,0.6699932815816687,0.8187716159375473
2005,spco2_le_threshold,spatial_coverage,5000,1,390000,97488,97474,20.236119224932732,11.092318617565057,0.5078175202805045,7.421630340712085,30.653680256693203,63.055775428822685,0.7521568402594994,0.8685237088778713
2005,all,random,500,2,390000,97488,97488,31.626793131656353,16.481232911687506,0.6045139261806939,11.104427373507463,46.448364750047375,90.72155032957853,0.49824054717181,0.7060398596194378
2005,spco2_le_threshold,random,500,2,390000,97488,97474,25.625547480802826,16.29867374257497,0.7895270876986961,11.102077056983632,46.38848063889423,90.19602563283044,0.602562553626059,0.7765579755801969
2005,all,random,1000,2,390000,97488,97488,29.40853100113631,13.587767695386535,1.0846690932761434,8.848321730335158,38.70386193209883,81.50139057664764,0.5661576837686064,0.7530013798375657
2005,spco2_le_threshold,random,1000,2,390000,97488,97474,22.989377882810622,13.40717166584011,1.26737249622513,8.847428396083501,38.6538255992513,81.05232330555201,0.6801274914682948,0.8254460022763985
2005,all,random,2500,2,390000,97488,97488,26.96621278734689,11.23613323422563,-0.2874657507066967,7.258805289942785,31.661162931808867,68.31146822073697,0.6352249198166463,0.7983577733993236
2005,spco2_le_threshold,random,2500,2,390000,97488,97474,19.45588666981715,11.050882098152506,-0.10064207893411391,7.257656010315657,31.629570125903253,67.6857922685015,0.7709002928796296,0.8796224298936546
2005,all,random,5000,2,390000,97488,97488,30.80534577226959,11.76244967386422,0.9475592683017892,7.007967219680154,30.859472355233915,87.67162155394314,0.5239666024868803,0.7290354904026931
2005,spco2_le_threshold,random,5000,2,390000,97488,97474,26.277680951968772,11.611854186512554,1.0999802693821439,7.0066477977759405,30.808837996302447,86.67154832377967,0.5820767341296011,0.7723663134413198
2005,all,historical_density,500,2,390000,97488,97488,40.62819359965738,22.148438281026827,-4.861899688704853,14.132464562850856,67.0559062429604,135.25394979129774,0.17198105447414336,0.5625605375595191
2005,spco2_le_threshold,historical_density,500,2,390000,97488,97474,35.480927730132095,21.950199528463504,-4.661178104409044,14.130018045371799,66.96391784923787,134.94069669706025,0.23807466937739452,0.6321347537484477
2005,all,historical_density,1000,2,390000,97488,97488,35.55974883536589,17.620628762352336,-2.7659019185115654,11.372976309239448,53.136995276746845,112.54573644035686,0.3656884536926409,0.6479521394613601
2005,spco2_le_threshold,historical_density,1000,2,390000,97488,97474,29.543991896385283,17.422035876671643,-2.565175477464172,11.371954811055389,53.019064900049266,111.81110626309524,0.471724062577049,0.7271328883737765
2005,all,historical_density,2500,2,390000,97488,97488,34.701270972664304,16.790844129162224,-3.929062260465377,10.087015267043569,54.21550766572701,112.964785402629,0.3959456579446874,0.6726182320838562
2005,spco2_le_threshold,historical_density,2500,2,390000,97488,97474,28.754464420948633,16.596794322625506,-3.73316514135134,10.085069494025333,54.13144233800455,112.59998134724151,0.4995818603586316,0.749416292109637
2005,all,historical_density,5000,2,390000,97488,97488,34.65295807069796,15.62142339727672,-4.842970716232021,8.832007677297156,52.56082905295242,114.65963230167786,0.3976264783828003,0.680968699017125
2005,spco2_le_threshold,historical_density,5000,2,390000,97488,97474,28.542064716057176,15.424968306620123,-4.644967537495167,8.830714121436529,52.48007645918597,114.16939049954222,0.5069474022132128,0.7608530897823286
2005,all,spatial_coverage,500,2,390000,97488,97488,31.517652109008214,16.665095857135803,0.2913225179010074,11.495948042020302,46.92974120949743,87.71929220750908,0.5016976191201001,0.7083605530567523
2005,spco2_le_threshold,spatial_coverage,500,2,390000,97488,97474,25.534251273417656,16.483090001000807,0.47576379124726137,11.49427930073017,46.86274316474526,87.18656498302686,0.6053894119442721,0.7781842874708281
2005,all,spatial_coverage,1000,2,390000,97488,97488,28.432573272060008,13.999625462905895,1.1926041856639327,9.259404324754883,40.67209333263737,79.99006977988965,0.5944750482487793,0.7718059038312887
2005,spco2_le_threshold,spatial_coverage,1000,2,390000,97488,97474,22.31603596051171,13.828332406553836,1.3660792722505186,9.25766072084204,40.63193930801742,79.42537779313503,0.6985907450557624,0.8366095767640971
2005,all,spatial_coverage,2500,2,390000,97488,97488,25.818644257927406,12.293799176156416,0.22697286036383613,8.33432077967683,34.42448368310139,66.73319865520025,0.6656108983541958,0.816779566208062
2005,spco2_le_threshold,spatial_coverage,2500,2,390000,97488,97474,19.472091924325635,12.130487287781804,0.3920830827404518,8.333139604708947,34.38961547624594,66.22549502325766,0.770518489131741,0.8781951775084973
2005,all,spatial_coverage,5000,2,390000,97488,97488,24.260784974518362,11.03869386936639,-0.12919901357069818,7.567604949694413,30.619301203720728,59.05324776612597,0.70474657475737,0.8406808134207572
2005,spco2_le_threshold,spatial_coverage,5000,2,390000,97488,97474,17.706747363329256,10.879065155283918,0.031996609923323135,7.566843519865927,30.57638673641405,58.611705403876606,0.8102420149687131,0.9005638470739958
2005,all,random,500,3,390000,97488,97488,32.63954826859864,16.737020843183224,0.11080446447012293,10.798786317971093,50.47808569175504,106.33769377537865,0.46559129195429594,0.6825109988976225
2005,spco2_le_threshold,random,500,3,390000,97488,97474,26.676243840729878,16.55227013078605,0.29797499706865427,10.796376929067634,50.432270065247074,105.87289728036384,0.569303011236683,0.7546425604881157
2005,all,random,1000,3,390000,97488,97488,30.145591867925045,14.459288216895004,1.0612120356087613,9.097309603292956,42.440637595232275,91.60670611650683,0.5441385396786138,0.7384338462093484
2005,spco2_le_threshold,random,1000,3,390000,97488,97474,24.38320088625482,14.287017588559761,1.2357118430434069,9.096622265808918,42.38842102116246,90.81822902108512,0.6401645789185184,0.801470943370351
2005,all,random,2500,3,390000,97488,97488,26.663607083010277,11.530419878251834,0.43874384421642565,7.358754886438533,33.470913071987724,70.63213330840826,0.6433657500104162,0.8026819322964476
2005,spco2_le_threshold,random,2500,3,390000,97488,97474,19.701901981521434,11.354976084291096,0.6159067457557419,7.357528186355495,33.43198882923696,70.11701419318563,0.765069833496769,0.8751831499014546
2005,all,random,5000,3,390000,97488,97488,25.21675530973144,10.425608650719242,0.22830310776465362,6.800522808092666,29.555230932039933,64.76268780668296,0.6810198515323531,0.8260994431212905
2005,spco2_le_threshold,random,5000,3,390000,97488,97474,17.747024850018263,10.252811933205864,0.40263002578913104,6.799208074909814,29.50247022692381,64.3045808304078,0.8093777492415984,0.9003738965597464
2005,all,historical_density,500,3,390000,97488,97488,42.46624376417614,22.294783974731075,-4.1349563912196805,13.570019528064819,75.93078710370791,152.3503599804977,0.09536592164005886,0.5377013876442095
2005,spco2_le_threshold,historical_density,500,3,390000,97488,97474,37.51439630577436,22.093844448770902,-3.9314086047370154,13.568205795256205,75.71517896547525,152.09582424549302,0.14823772238495514,0.6053768795395404
2005,all,historical_density,1000,3,390000,97488,97488,39.673715211203515,20.31668450551189,-4.513112587155403,12.052473732102328,72.09775898446495,129.60713968466513,0.21042936096581477,0.588471238606077
2005,spco2_le_threshold,historical_density,1000,3,390000,97488,97474,34.27921810159115,20.115852988508962,-4.310011234023281,12.05051208924715,71.94820444874125,129.07187252242136,0.28881220847957256,0.662421868925858
2005,all,historical_density,2500,3,390000,97488,97488,39.285965914052376,18.43210805238052,-6.009468232528175,9.925334431810228,69.17715332936156,139.26030902742826,0.22578760812285115,0.6152304752238261
2005,spco2_le_threshold,historical_density,2500,3,390000,97488,97474,33.86430494086533,18.231950545828184,-5.807526486512204,9.92309857507368,68.94763773120214,138.5572688681308,0.30592434639659327,0.6904001115234004
2005,all,historical_density,5000,3,390000,97488,97488,36.50490965978283,16.206580799126076,-5.57715751742732,8.670213844934892,58.52364398939108,124.55490102594646,0.33152094664977705,0.6485171308689267
2005,spco2_le_threshold,historical_density,5000,3,390000,97488,97474,30.620027200995715,16.006876210973076,-5.375926245995251,8.66871483998986,58.44534211168424,123.9375106827656,0.43254213121777596,0.7275939654279562
2005,all,spatial_coverage,500,3,390000,97488,97488,31.401107713891943,16.85500992597391,-1.2573518930338186,11.54634860648099,47.99563412184492,88.13696263227274,0.5053760008189554,0.7118046458650699
2005,spco2_le_threshold,spatial_coverage,500,3,390000,97488,97474,25.484034079138727,16.675238956248126,-1.0753406621875172,11.544858644132887,47.953397898858796,87.72362170853081,0.6069400155199642,0.7799575533532541
2005,all,spatial_coverage,1000,3,390000,97488,97488,29.593347488443257,14.370785899383138,-0.4578874742417746,9.448402569941607,41.49927578104235,84.33253765916797,0.5606876274505559,0.7488913394856325
2005,spco2_le_threshold,spatial_coverage,1000,3,390000,97488,97474,23.159979056718562,14.190455496343974,-0.2755587888098531,9.446523311356998,41.44565823971463,83.51460852533226,0.6753624120058134,0.8218604159159331
2005,all,spatial_coverage,2500,3,390000,97488,97488,25.90865688430439,11.670651403941571,0.18278866809449865,7.84444543709148,32.65939422272086,64.45365389579393,0.6632752443906695,0.8146039989178944
2005,spco2_le_threshold,spatial_coverage,2500,3,390000,97488,97474,19.148569830053948,11.502003664066859,0.3531388943861873,7.842488809530181,32.62373685333692,63.965948237042504,0.7780806538796575,0.8821568318849614
2005,all,spatial_coverage,5000,3,390000,97488,97488,24.478521232498952,10.568356172050278,-0.21984590916749885,7.248446279487695,29.086286234298026,55.02831797763363,0.6994230982123533,0.8373904855646048
2005,spco2_le_threshold,spatial_coverage,5000,3,390000,97488,97474,17.093062420294594,10.398957258180953,-0.048960659006646354,7.2476027952809545,29.061509551214602,54.72987495516357,0.8231674394997786,0.907958808371962
2005,all,random,500,4,390000,97488,97488,31.715070786134657,16.403296079981118,0.8900290057879443,11.014728491388098,47.388760429048,92.32075111200832,0.49543558588467373,0.7055885131378056
2005,spco2_le_threshold,random,500,4,390000,97488,97474,25.63500248617011,16.219619015413446,1.0761898768188878,11.01274766738706,47.333832630680305,91.75438305729303,0.6022692161712906,0.7782964540429429
2005,all,random,1000,4,390000,97488,97488,29.077582080006593,13.648874365474356,0.18311314332981557,8.969253113757276,39.63697369037454,79.76832108903238,0.5758672309522459,0.7593537830232426
2005,spco2_le_threshold,random,1000,4,390000,97488,97474,22.32426918865546,13.465008684703193,0.368965485417056,8.96749862384533,39.592932347989375,79.17110814366715,0.6983683015234408,0.8363467256907147
2005,all,random,2500,4,390000,97488,97488,27.299203497309936,11.818256586165626,0.562498423132343,7.5988840535039515,33.65456032437708,80.03956194900177,0.6261604897307261,0.7917139841905172
2005,spco2_le_threshold,random,2500,4,390000,97488,97474,20.320833712753096,11.641257353212243,0.741275879715923,7.5980174603461705,33.596201139662504,79.32907624276956,0.7500774046032802,0.8665270783054593
2005,all,random,5000,4,390000,97488,97488,25.385104280106873,10.571868704477557,0.09954545365079924,6.87895755882397,29.710771195461014,65.60009172737918,0.676746563278532,0.823870464747524
2005,spco2_le_threshold,random,5000,4,390000,97488,97474,17.90737188234811,10.396074285163422,0.27687258731146513,6.878055483983161,29.6663080424491,65.1749355882554,0.8059175867227998,0.8987937382345313
2005,all,historical_density,500,4,390000,97488,97488,42.189803305863606,22.65995076576967,-5.406416211625116,13.95838070713819,77.14228350862933,141.47825962178007,0.10710529289339166,0.5329965028750692
2005,spco2_le_threshold,historical_density,500,4,390000,97488,97474,37.202534915750036,22.459243380763887,-5.203230735192306,13.956650312514,77.03837066688934,141.24171264926548,0.16234044990057128,0.6005743578688064
2005,all,historical_density,1000,4,390000,97488,97488,40.54607261900978,20.142965412522333,-5.445599254272659,11.928381078480328,66.2720703401802,152.33414505232838,0.1753249888476861,0.5720677408155186
2005,spco2_le_threshold,historical_density,1000,4,390000,97488,97474,35.21572261125744,19.940744551511685,-5.24126743930285,11.926065407082888,66.09237911596661,151.10759056777135,0.24942224845230276,0.6456729536940417
2005,all,historical_density,2500,4,390000,97488,97488,38.199189344888914,18.541264321509,-5.7879419886973595,10.285045558544851,66.68805427814273,136.53744173344114,0.26802956426609315,0.6210881776366031
2005,spco2_le_threshold,historical_density,2500,4,390000,97488,97474,32.896225788369804,18.347489368064956,-5.59233530050703,10.282667222074423,66.57740309409832,135.73378538367527,0.34504022832933723,0.6919641523217457
2005,all,historical_density,5000,4,390000,97488,97488,34.277158242944516,15.634571112167587,-4.314979162614247,8.898306776398755,53.70694528503625,110.11211079904966,0.41062071693157987,0.6816947507527655
2005,spco2_le_threshold,historical_density,5000,4,390000,97488,97474,28.261314439522288,15.440647870783335,-4.1194301103748545,8.896767769303693,53.60414472668146,109.63216075349723,0.5165993917641658,0.7589980518686584
2005,all,spatial_coverage,500,4,390000,97488,97488,32.17168732650135,17.217079885670085,1.6169506814128676,11.788088736729406,49.623477760693184,90.20991134307314,0.4808021018792731,0.6943613837796113
2005,spco2_le_threshold,spatial_coverage,500,4,390000,97488,97474,26.30601846554835,17.035027560568192,1.8017081014933123,11.78664118190136,49.56469996250776,89.77243860094273,0.5811748819560816,0.7636622973091011
2005,all,spatial_coverage,1000,4,390000,97488,97488,40.618292903105356,18.535880641108154,3.708699839266575,10.436141457228842,56.46043526101538,149.73442631115745,0.1723845656672609,0.5903619730570063
2005,spco2_le_threshold,spatial_coverage,1000,4,390000,97488,97474,37.66728916934277,18.400256387614455,3.8451141266776747,10.43374800728526,56.34993621777212,149.1630298222619,0.14128072642988432,0.6141389854041641
2005,all,spatial_coverage,2500,4,390000,97488,97488,29.770275619773017,13.052930993741432,1.4574473659491711,8.331225886358197,36.15088182430953,75.69907055006466,0.5554189387754223,0.7520738281350142
2005,spco2_le_threshold,spatial_coverage,2500,4,390000,97488,97474,25.544632939888974,12.912871313560595,1.5977137884785102,8.328920216539018,36.09539163756293,75.26688537667665,0.6050684666943252,0.789757009992533
2005,all,spatial_coverage,5000,4,390000,97488,97488,25.109160486011387,11.182854256281255,0.3287671596897553,7.389260440100429,30.823814955088427,63.40871555032211,0.683736092606783,0.8269495226310741
2005,spco2_le_threshold,spatial_coverage,5000,4,390000,97488,97474,20.03517198640713,11.042702006555533,0.4689977603943792,7.388143518162764,30.78915650849644,63.0856365738641,0.7570546293014119,0.8709392375245847
2005,all,random,500,5,390000,97488,97488,31.872199293922574,16.33371900467035,-0.47017198806325233,10.838405240944667,46.725640952204394,89.10517349707723,0.4904235933700277,0.7003830730124948
2005,spco2_le_threshold,random,500,5,390000,97488,97474,26.11403319499227,16.153485004603382,-0.2876595377610163,10.836277489529664,46.696143205879295,88.58850883090719,0.5872658712068766,0.7663666803236708
2005,all,random,1000,5,390000,97488,97488,29.547747522773783,14.050879410310792,0.5210655284775119,9.041278580469907,41.4066093925902,84.08066946875539,0.5620404446753381,0.7498477600154021
2005,spco2_le_threshold,random,1000,5,390000,97488,97474,23.257917023710505,13.871775686705213,0.7022621920377738,9.039976955267292,41.36262901036734,83.49454073116476,0.6726109785429943,0.8203443054380183
2005,all,random,2500,5,390000,97488,97488,26.704794663631784,11.427039753507598,0.1673887243723326,7.336017164319401,32.93574883358494,69.66798888767299,0.6422631049754839,0.8016909834818355
2005,spco2_le_threshold,random,2500,5,390000,97488,97474,19.527637552678943,11.24843463915705,0.34765912381111364,7.334585505134868,32.884075180640735,69.0575114203394,0.769207394748455,0.8773065077255795
2005,all,random,5000,5,390000,97488,97488,24.938003102066784,10.228225338086256,0.26043148122072257,6.86532271092716,27.980606731195746,57.28537878964434,0.6880330431601225,0.8304389676296831
2005,spco2_le_threshold,random,5000,5,390000,97488,97474,17.313057115278163,10.051868348719339,0.43829493585499424,6.863865774165049,27.93656847924824,56.85982879360798,0.8185863330822499,0.9055804413313988
2005,all,historical_density,500,5,390000,97488,97488,39.11410929435071,20.875936483832252,-5.358344403256683,13.63813488589878,63.94655920373083,121.24595102074511,0.23254638316704446,0.5775580380463704
2005,spco2_le_threshold,historical_density,500,5,390000,97488,97474,33.63325459773853,20.67474530466148,-5.154924462681555,13.636161442465294,63.878429266661,120.38597742359023,0.31536315471827303,0.6515978841129126
2005,all,historical_density,1000,5,390000,97488,97488,37.59061350903009,18.959916502291286,-4.541933038048046,11.84209436478551,60.194367711521,119.6673271678543,0.2911667604410737,0.613607420477357
2005,spco2_le_threshold,historical_density,1000,5,390000,97488,97474,31.882452149813076,18.759571320314667,-4.339517029302245,11.83966514057633,60.03978365752277,119.24827918888452,0.3847864227465976,0.6903743889887745
2005,all,historical_density,2500,5,390000,97488,97488,35.03109734612014,16.624368019495236,-4.435505613255743,9.956302138386803,53.04014919491189,115.95211882539354,0.3844083351865871,0.6675669861528144
2005,spco2_le_threshold,historical_density,2500,5,390000,97488,97474,29.04955764977486,16.428900564769837,-4.238287496059457,9.954483227400772,52.96469403646219,114.8756624043918,0.48925805564372893,0.745591971903806
2005,all,historical_density,5000,5,390000,97488,97488,34.183895254284295,15.529845995935615,-4.395416158898391,8.90801121093935,51.82959579383238,109.40658457780714,0.4138235783919917,0.6788683008867091
2005,spco2_le_threshold,historical_density,5000,5,390000,97488,97474,27.936757738864053,15.33275943696042,-4.19673038354018,8.906630792218067,51.73766801683471,108.2929194237225,0.5276385123119042,0.7598155539449888
2005,all,spatial_coverage,500,5,390000,97488,97488,31.842286736692238,16.962936306171425,-0.9610944636779151,11.741437779361178,48.59082977466796,89.50429546393893,0.49137963537480156,0.7023802220805616
2005,spco2_le_threshold,spatial_coverage,500,5,390000,97488,97474,25.635147342849542,16.77698379696032,-0.7728436412161483,11.73860260938963,48.51730845076511,89.08577185678453,0.6022647212137834,0.7771578138810457
2005,all,spatial_coverage,1000,5,390000,97488,97488,28.994902827257025,13.826345195017067,-0.4129288321288949,9.239026192166108,39.60625838092012,81.01541620446125,0.5782757617272868,0.760515891833414
2005,spco2_le_threshold,spatial_coverage,1000,5,390000,97488,97474,22.159080531565962,13.642353732935923,-0.22701082728680352,9.23749502593742,39.56333447295973,80.38059233612508,0.7028156400042797,0.8383622691736032
2005,all,spatial_coverage,2500,5,390000,97488,97488,25.713564492380918,11.67181481725025,-0.6985904657242554,7.7229980825747475,33.489334030316314,68.04453560286026,0.6683272319170198,0.8184016715245382
2005,spco2_le_threshold,spatial_coverage,2500,5,390000,97488,97474,18.998431534583677,11.503573713125776,-0.5287732988453924,7.721144007493763,33.42659717641674,67.75898127516932,0.781547019464022,0.8844839254655982
2005,all,spatial_coverage,5000,5,390000,97488,97488,25.39316289759792,11.43359683695309,-0.08733201500666614,7.722827144637762,30.975638711499176,60.907990085754946,0.6765412941371333,0.8235052418107801
2005,spco2_le_threshold,spatial_coverage,5000,5,390000,97488,97474,20.933760812326994,11.295640869451384,0.0422980547149884,7.720954120437597,30.933845045733285,60.63338964460332,0.7347734515535265,0.8603464552912374
2005,all,random,500,6,390000,97488,97488,31.58098745517589,15.910949200918633,-0.6620333669150491,10.539059178668566,46.18912500702648,90.84128130117327,0.49969290988243176,0.7070560094011087
2005,spco2_le_threshold,random,500,6,390000,97488,97474,25.351731076101963,15.724407628778371,-0.47330162281430505,10.53705582966657,46.13712297739277,90.30761611710854,0.6110106447332107,0.7818166737326808
2005,all,random,1000,6,390000,97488,97488,29.752631024595,13.788780916660196,-1.3367555126146753,8.899144172653592,39.72196046913742,82.48885062384254,0.5559457816087399,0.7462421877238175
2005,spco2_le_threshold,random,1000,6,390000,97488,97474,23.05883489861433,13.60237586330861,-1.1485619992054683,8.897901129159436,39.67544107209064,81.94787611450357,0.6781917320657393,0.8240113615996997
2005,all,random,2500,6,390000,97488,97488,27.331845047898373,11.490020734439,0.13820003746976992,7.3532104475313815,33.426946517165874,70.91110364818809,0.6252659583830511,0.7909239186275898
2005,spco2_le_threshold,random,2500,6,390000,97488,97474,19.779296142287382,11.303425530707917,0.3264653798101942,7.35149663076632,33.37724803677469,70.30565743900497,0.7632204754675876,0.8739881018139577
2005,all,random,5000,6,390000,97488,97488,25.494411457153287,10.177250858296379,-0.2507609548287342,6.709337599563128,28.734475084531663,58.157570206019656,0.673956738708503,0.8214666790866145
2005,spco2_le_threshold,random,5000,6,390000,97488,97474,17.478891742400926,9.994405087226673,-0.06648946142641853,6.708057119648487,28.691669648881646,57.68361736437424,0.815094315246941,0.9034145379613444
2005,all,historical_density,500,6,390000,97488,97488,39.709324402464546,21.087759725112484,-5.300726534315047,13.31263626264311,67.70767309568471,128.9990066662989,0.2090113647175641,0.5744336811235774
2005,spco2_le_threshold,historical_density,500,6,390000,97488,97474,34.320095702694935,20.887450302924847,-5.098149651423311,13.310845807403268,67.61739811947149,128.53955243314047,0.28711502947263834,0.6476873513131675
2005,all,historical_density,1000,6,390000,97488,97488,37.34758660687802,18.8468299020452,-5.285605950594864,11.360840270512512,62.12318851401336,122.75251270445654,0.30030248203371435,0.6207473099482055
2005,spco2_le_threshold,historical_density,1000,6,390000,97488,97474,31.700051311802767,18.648860508412273,-5.085688784886096,11.359806928700692,62.018503805445214,122.46101505217122,0.3918056116611449,0.6961444579615266
2005,all,historical_density,2500,6,390000,97488,97488,34.718531170147415,16.118884804363034,-4.520699428495028,9.519529485099923,52.47518361093852,119.42050582513849,0.39534460271643657,0.6712023631166835
2005,spco2_le_threshold,historical_density,2500,6,390000,97488,97474,28.773957129833306,15.925004898130126,-4.325153697577978,9.518287744300125,52.3842734440252,119.0127045370747,0.4989031614774392,0.7479379821701714
2005,all,historical_density,5000,6,390000,97488,97488,35.522050652797766,16.26154680571819,-5.304002489023705,9.005857573594653,56.738329296626205,115.19847395406161,0.36703265425997866,0.6649677721231987
2005,spco2_le_threshold,historical_density,5000,6,390000,97488,97474,29.656335238526143,16.065581418547414,-5.106463291191275,9.004383078835787,56.66171480543518,114.70726583872384,0.4676988026974732,0.7420900283420988
2005,all,spatial_coverage,500,6,390000,97488,97488,31.468305098585674,16.66442578493751,-1.0054234692303186,11.705392108530162,46.037200639006336,84.0195189827759,0.5032567760455464,0.7100710956754569
2005,spco2_le_threshold,spatial_coverage,500,6,390000,97488,97474,25.317425699137026,16.4805023160999,-0.8192509285128241,11.703551032478458,45.96131833468994,83.68835199387198,0.6120626752823592,0.783038082571455
2005,all,spatial_coverage,1000,6,390000,97488,97488,28.094195495483664,13.512222110955284,-0.3068302443863222,9.15975367280734,38.2815681273153,70.82783450407754,0.6040699656480071,0.7786702086876077
2005,spco2_le_threshold,spatial_coverage,1000,6,390000,97488,97474,21.1922714718871,13.331506822345496,-0.12421829116718257,9.158411042184241,38.232940482552884,70.4453484962803,0.7281824488425237,0.8548774673780286
2005,all,spatial_coverage,2500,6,390000,97488,97488,25.961201959384965,11.999982764188948,-0.3632556308277408,8.178369313307712,34.16737440038729,64.00061744876871,0.6619080435073026,0.814394801954597
2005,spco2_le_threshold,spatial_coverage,2500,6,390000,97488,97474,18.798928587110733,11.825594164997911,-0.18719567127530462,8.176654858519242,34.125896519629556,63.56044782030127,0.7861108894425528,0.8872138623193944
2005,all,spatial_coverage,5000,6,390000,97488,97488,24.546281187731303,11.405649588682293,0.1357684133290428,7.685121140359001,31.506775312061336,64.43954053644777,0.6977567175786202,0.8358344447365263
2005,spco2_le_threshold,spatial_coverage,5000,6,390000,97488,97474,18.708261494421485,11.25400513552922,0.28907053777936814,7.684571242933288,31.48102705386607,64.13308389405343,0.7881690852901935,0.8878355017226115
2005,all,random,500,7,390000,97488,97488,31.948867929816323,16.509642595811787,-0.14196718902878794,10.834203421278119,48.29350894446054,91.5936014444301,0.4879690707104307,0.6988891838551169
2005,spco2_le_threshold,random,500,7,390000,97488,97474,26.120452023854455,16.32847593392992,0.04155033006315679,10.830776333616399,48.21881740699176,91.25152089622073,0.5870629461884587,0.7666034368647976
2005,all,random,1000,7,390000,97488,97488,29.39231758408457,13.638606989853985,0.5337355630239162,8.844805373020932,38.91930707784532,82.06803416617053,0.566635921012623,0.7531346895222357
2005,spco2_le_threshold,random,1000,7,390000,97488,97474,22.89270729847275,13.456735959299683,0.7176421394236752,8.843070255533547,38.880311407338205,81.29373431621586,0.6828119702085027,0.8268159777359463
2005,all,random,2500,7,390000,97488,97488,27.241714550707528,11.404406785025094,-0.20734450472152807,7.229920493674541,32.60457348758907,72.53186785655181,0.6277333568804561,0.7927963010898907
2005,spco2_le_threshold,random,2500,7,390000,97488,97474,19.901520439718123,11.220591374904824,-0.02192088244289786,7.2288054512354165,32.54545013198256,71.99244629739155,0.7602851204906286,0.8725392327853574
2005,all,random,5000,7,390000,97488,97488,25.761363571409294,10.658162080321684,-0.06680689924780493,6.9706648384701,30.218372146848008,62.803913286804104,0.6670929893384142,0.8181427395171827
2005,spco2_le_threshold,random,5000,7,390000,97488,97474,18.164512121092468,10.478670970363215,0.11420542634288294,6.969564952821145,30.18514017531285,62.31433294170162,0.8003037297093276,0.8959752389000821
2005,all,historical_density,500,7,390000,97488,97488,38.30040057712983,21.35602791788359,-1.7064485011249557,14.186970011120422,64.96280887776399,117.49218895727577,0.2641456193065159,0.5782364855310002
2005,spco2_le_threshold,historical_density,500,7,390000,97488,97474,33.095604205959596,21.16336181239908,-1.5109601649755038,14.184892844431772,64.89084745321874,117.03420900350059,0.33707697017680693,0.6447840099629214
2005,all,historical_density,1000,7,390000,97488,97488,36.562330613230316,18.745831580212574,-1.2474434772178813,12.006524810867319,56.62702955327001,119.90648864366362,0.3294163040762811,0.6232059098246011
2005,spco2_le_threshold,historical_density,1000,7,390000,97488,97474,30.916862447283254,18.550428999269112,-1.0495276370110083,12.003166745518826,56.5509284054772,119.60372610545807,0.4214867559894291,0.6968872057072402
2005,all,historical_density,2500,7,390000,97488,97488,35.88001977989546,16.977344068738326,-3.318759630949476,10.019758758849719,54.624310684361646,123.7981966487064,0.3542110719392527,0.6465424498803211
2005,spco2_le_threshold,historical_density,2500,7,390000,97488,97474,30.12316055052669,16.781589981681567,-3.1210437881206214,10.019138870710833,54.557266037471564,122.8230147971055,0.45080882321111804,0.7216497425222894
2005,all,historical_density,5000,7,390000,97488,97488,34.87936549068336,16.206517656369282,-4.725207722899067,9.160424330288066,56.108852329088606,110.37805631913052,0.38972946915552864,0.6686738892266284
2005,spco2_le_threshold,historical_density,5000,7,390000,97488,97474,28.83687914301198,16.010137684706308,-4.527178713143181,9.159614893286516,55.99246961413774,109.98448660265201,0.4967091986393978,0.7474457624237997
2005,all,spatial_coverage,500,7,390000,97488,97488,32.20237662807867,16.813889689541742,-2.3914906859606337,11.120348213480241,49.85593011924912,95.3423479678356,0.47981108014464335,0.6947985732409654
2005,spco2_le_threshold,spatial_coverage,500,7,390000,97488,97474,26.27173529599912,16.6308245774654,-2.2063541129198296,11.117929810372374,49.787679072204455,94.8887784485828,0.5822658335294548,0.7650227787744431
2005,all,spatial_coverage,1000,7,390000,97488,97488,28.921120570259976,13.447352773293845,-1.601380043384683,8.727248117639732,39.378911692383014,78.48553498128368,0.5804193230798154,0.7628027758859691
2005,spco2_le_threshold,spatial_coverage,1000,7,390000,97488,97474,22.0608524103562,13.264027639733891,-1.416353495927495,8.726229682573148,39.34554085974091,78.08913870730994,0.7054445541023857,0.8408038066830174
2005,all,spatial_coverage,2500,7,390000,97488,97488,28.506893727834388,12.485790408116099,-0.11715579250979609,8.01873630144516,34.9521517393278,72.39593686617462,0.5923522583662199,0.771692522404451
2005,spco2_le_threshold,spatial_coverage,2500,7,390000,97488,97474,23.61286647572175,12.33845312203947,0.03195797636858958,8.017277882163,34.89378897672211,71.87970284580106,0.6625418658462716,0.8183806861399953
2005,all,spatial_coverage,5000,7,390000,97488,97488,25.130712853942914,11.336310471289185,-0.13963357935027754,7.615227543545302,31.34814388302969,61.22850335753642,0.6831929313611754,0.826572388582986
2005,spco2_le_threshold,spatial_coverage,5000,7,390000,97488,97474,19.609201677207775,11.193349860708246,0.0029600519425477937,7.614718331208195,31.31390668987124,61.04143987442902,0.7672753934872827,0.8761766332283971
2005,all,random,500,8,390000,97488,97488,32.02178088867619,16.981969425955405,0.7937136305740784,11.54580131340407,48.452807910118395,96.35447311852576,0.4856293138713861,0.6973219145163773
2005,spco2_le_threshold,random,500,8,390000,97488,97474,26.295509856964156,16.802947125036702,0.9752890180880974,11.542257133329713,48.40533652264482,95.81158234770434,0.5815094358253424,0.7631266077339355
2005,all,random,1000,8,390000,97488,97488,28.956238082292234,13.761250935679467,0.4313388508457815,9.203359944377723,38.178106213821906,78.50828721508938,0.5793997515727649,0.7620043090790106
2005,spco2_le_threshold,random,1000,8,390000,97488,97474,22.496087387594812,13.582328962970225,0.6122992774710545,9.199823745557893,38.13718040077652,77.8512481407173,0.6937074319735026,0.8337267945148268
2005,all,random,2500,8,390000,97488,97488,36.64171115373117,14.191167629927854,1.5801283599987972,7.883828359493521,37.47777434980616,144.39612032203564,0.3265013322667548,0.6460286050583929
2005,spco2_le_threshold,random,2500,8,390000,97488,97474,33.761812535019516,14.060212824692105,1.710419223301352,7.88272228911481,37.43066243608292,141.64049249672854,0.31011931408967597,0.6654422129386544
2005,all,random,5000,8,390000,97488,97488,30.112919818745404,11.686263688408213,-0.020834109368032566,7.20477382910974,30.3582486733525,73.11245579491835,0.5451261372705215,0.7514120814280432
2005,spco2_le_threshold,random,5000,8,390000,97488,97474,26.215215524225872,11.550518374284882,0.11330432505558913,7.2039894090736425,30.30542406678207,72.44800878726464,0.5840612872752513,0.7857423647770194
2005,all,historical_density,500,8,390000,97488,97488,39.543910135126694,21.18210918209266,-3.7199075059045645,13.72434434229757,65.45892380310337,124.66267676695712,0.21558756768708032,0.5571596703798577
2005,spco2_le_threshold,historical_density,500,8,390000,97488,97474,34.11677245491018,20.980537977522705,-3.515828239456909,13.721912228089991,65.4251911341239,124.29827345216422,0.2955367270818189,0.6300683093117053
2005,all,historical_density,1000,8,390000,97488,97488,37.18395410851267,18.35514792196896,-4.691612815271496,11.181108370691646,58.47642253377947,118.20303701981057,0.30642027685656315,0.6119593481274923
2005,spco2_le_threshold,historical_density,1000,8,390000,97488,97474,31.41201264078213,18.1549686063352,-4.489471032810747,11.179511106669906,58.414838248440304,117.71765417147604,0.4028079668180754,0.6890651675589374
2005,all,historical_density,2500,8,390000,97488,97488,36.60540571002342,16.910017051912956,-5.504827444692823,9.53301802259503,57.50407695567328,120.91127444293667,0.32783530677633765,0.640329445364
2005,spco2_le_threshold,historical_density,2500,8,390000,97488,97474,30.735635739635423,16.709853128202063,-5.303025415902616,9.53181023056564,57.42573083332039,120.38708340802732,0.4282490703823263,0.7190237897402697
2005,all,historical_density,5000,8,390000,97488,97488,36.40419553114286,16.667636923004153,-5.6845507492603025,9.036913948154876,60.89782157953539,128.98356369728828,0.33520441900775,0.6552800759849334
2005,spco2_le_threshold,historical_density,5000,8,390000,97488,97474,30.704103671496544,16.472249911358155,-5.487586258425676,9.035438125631458,60.78485814552453,128.43103864769736,0.4294216012906805,0.731179134168934
2005,all,spatial_coverage,500,8,390000,97488,97488,53.4091998146181,27.238226757725222,5.480607251958944,15.704263675523606,92.17426329343641,195.40536403739975,-0.4309267085597499,0.40413905881067036
2005,spco2_le_threshold,spatial_coverage,500,8,390000,97488,97474,51.28723977336693,27.095744081788382,5.62421574399653,15.701731114030196,91.9909249805435,194.64168245182634,-0.5919929168486642,0.4123170001636021
2005,all,spatial_coverage,1000,8,390000,97488,97488,34.894348573847346,16.505598133035978,2.6175143121917563,10.121958842559565,48.34692818486652,105.08291650922038,0.38920505032402586,0.6611853436277788
2005,spco2_le_threshold,spatial_coverage,1000,8,390000,97488,97474,31.350616691238113,16.358550274585795,2.7666138997736605,10.120071390730743,48.25800706150663,104.34050422136579,0.4051401535921998,0.6912880093449645
2005,all,spatial_coverage,2500,8,390000,97488,97488,28.588037180404026,12.644907531198141,0.8425840219568549,8.214028441772172,34.484243640588815,75.5393874838862,0.59002825752165,0.7706851559535176
2005,spco2_le_threshold,spatial_coverage,2500,8,390000,97488,97474,23.83034046829017,12.49512361418385,0.9943051210068105,8.212106569143714,34.4445798372355,75.09589757167458,0.6562972770768805,0.815654570424221
2005,all,spatial_coverage,5000,8,390000,97488,97488,25.65574880591171,11.566869952890348,0.7403086474486331,7.62136840685838,30.93161430903924,69.49699271796257,0.6698170549832569,0.8201035758469455
2005,spco2_le_threshold,spatial_coverage,5000,8,390000,97488,97474,21.88734047843071,11.438919210833266,0.8621478062441397,7.6195498136363256,30.884432228881337,69.03503642161922,0.7100597787534573,0.8477706341933046
2005,all,random,500,9,390000,97488,97488,31.283712937242182,16.166919188896557,0.19513734593991572,11.172819384177075,45.30087425669656,83.50382428078834,0.5090674458756361,0.713673651583202
2005,spco2_le_threshold,random,500,9,390000,97488,97474,25.00396764778949,15.981061390043394,0.3833451949755631,11.171518280473578,45.23017911922483,82.8152035188483,0.6216094036433283,0.7885769819247991
2005,all,random,1000,9,390000,97488,97488,29.291795738235983,13.39344359293901,0.8202104976584197,8.746701336231496,37.81684176571919,77.30249630588638,0.5695950660312793,0.7550372360932693
2005,spco2_le_threshold,random,1000,9,390000,97488,97474,22.540094313658958,13.208140612834521,1.007554957103744,8.744854572947787,37.76786485739634,76.68444374546826,0.6925079186544941,0.8326015594734517
2005,all,random,2500,9,390000,97488,97488,27.106008308542624,11.220883107766802,-0.5068549664749863,7.315646749227511,31.82311706647058,66.06462470200819,0.6314330561513974,0.7950651202039224
2005,spco2_le_threshold,random,2500,9,390000,97488,97474,19.406851552168188,11.033005395802764,-0.3174384196013496,7.313995985222988,31.776535705736947,65.71580297400664,0.7720536481304321,0.879294918540903
2005,all,random,5000,9,390000,97488,97488,25.337476966904358,10.230934607855188,-0.23700006616453537,6.753413539354398,28.511271645083237,59.67521532045219,0.6779583960031133,0.8246650185266577
2005,spco2_le_threshold,random,5000,9,390000,97488,97474,17.52561946314112,10.050181977170958,-0.05481202620620722,6.7523883525688575,28.471057925543143,59.18909168983492,0.8141043473902281,0.9035533810472638
2005,all,historical_density,500,9,390000,97488,97488,39.480668872938104,22.356602654619593,-1.8344159977581893,14.809766019461136,67.83853731223329,110.0271215705247,0.21809453093512332,0.5648848222940237
2005,spco2_le_threshold,historical_density,500,9,390000,97488,97474,34.259254920761855,22.160456956786856,-1.6353227383890794,14.807634308999042,67.79104141400283,109.36964797875726,0.28964031583754213,0.6337648957705645
2005,all,historical_density,1000,9,390000,97488,97488,35.719529435784224,17.794885000567938,-3.338692636582986,11.01834555462824,54.78909040210647,119.1239644350052,0.35997534364402684,0.6520885182252433
2005,spco2_le_threshold,historical_density,1000,9,390000,97488,97474,29.834177269422973,17.598545080127177,-3.1402764015034963,11.015900759270579,54.742714656843766,118.56703215341442,0.4612954916610714,0.7294427181579073
2005,all,historical_density,2500,9,390000,97488,97488,36.32104504469247,16.90622415602354,-4.984059568315383,9.496862861521322,58.722299734669,121.70038333411462,0.33823785760310277,0.6496838451280595
2005,spco2_le_threshold,historical_density,2500,9,390000,97488,97474,30.463639504827825,16.70788848738082,-4.784011542487894,9.494623816483426,58.582484344779544,121.02893432661176,0.43832375940443835,0.7278762310657074
2005,all,historical_density,5000,9,390000,97488,97488,36.112011161314975,16.17060927378677,-5.5611932498995325,8.789242915704307,57.91388929681671,124.6520006055454,0.3458330494138041,0.6556539590322881
2005,spco2_le_threshold,historical_density,5000,9,390000,97488,97474,30.241141903587362,15.972860199574418,-5.361920366011429,8.788137806265865,57.69002598116173,124.00492093269023,0.44649843846331316,0.7338860321980486
2005,all,spatial_coverage,500,9,390000,97488,97488,31.044737429838214,16.392869555194906,-0.5742606022986152,11.004491523230627,47.24249390505374,88.16402891251155,0.5165392412409547,0.7188258590008434
2005,spco2_le_threshold,spatial_coverage,500,9,390000,97488,97474,25.05965830582488,16.21257110528892,-0.39169015652357203,11.00262519560124,47.18532503892534,87.71985978831013,0.6199219683479424,0.7874243277793275
2005,all,spatial_coverage,1000,9,390000,97488,97488,28.952767201281326,14.17623871681417,-0.9046518897682947,9.308369834724175,41.874319981635715,79.58146170193051,0.5795005772337218,0.7615192247816561
2005,spco2_le_threshold,spatial_coverage,1000,9,390000,97488,97474,22.431019003261998,13.996834956179516,-0.7233419570715665,9.307257900278529,41.822272002407765,79.14109723952461,0.6954767298224427,0.8341475827174791
2005,all,spatial_coverage,2500,9,390000,97488,97488,25.756893105330175,11.918352873568288,0.09805985315308074,8.136937222256648,33.498333106470284,62.81682227621041,0.6672085205185693,0.8171861509561832
2005,spco2_le_threshold,spatial_coverage,2500,9,390000,97488,97474,18.892228347408587,11.750559230784456,0.2675793897975767,8.135257938605804,33.46616547720591,62.3096965554684,0.7839825422511844,0.8855791722596353
2005,all,spatial_coverage,5000,9,390000,97488,97488,24.21674819476102,11.02707329476199,0.4207659306236557,7.577463337012176,30.383478883191014,58.82376815667144,0.7058174560024496,0.8408816963522229
2005,spco2_le_threshold,spatial_coverage,5000,9,390000,97488,97474,17.656274129931003,10.871262342655154,0.5782211134910562,7.575883463671175,30.336463399665455,58.3873984127563,0.8113222865979677,0.9010125788919341
2005,all,random,500,10,390000,97488,97488,33.980655844079465,17.520559092476628,1.2380395850457633,11.068361433603627,51.893887544198854,114.73805042228746,0.420773049475454,0.6522512277622962
2005,spco2_le_threshold,random,500,10,390000,97488,97474,28.79881199939018,17.34501230855594,1.4162806298102217,11.066976949741388,51.844622916577045,114.0890838171636,0.49803709528654916,0.7104787626886881
2005,all,random,1000,10,390000,97488,97488,31.47046337224695,14.702539849118375,1.7120405011464197,8.9662780705724,43.74587278256115,99.66252795729268,0.5031886348108077,0.7111618291051985
2005,spco2_le_threshold,random,1000,10,390000,97488,97474,26.052475908922265,14.53114909757214,1.8857888467680377,8.965415732163507,43.673152825577965,98.64581634080818,0.5892094122581852,0.7704066970849031
2005,all,random,2500,10,390000,97488,97488,28.973139693271158,12.025081206306227,0.8736728800688315,7.300276224450016,34.15936142981036,82.07812366274105,0.5789086037621853,0.7611123295427058
2005,spco2_le_threshold,random,2500,10,390000,97488,97474,23.198616031198224,11.85658381906165,1.0440228901380544,7.299917204138438,34.11057893082461,81.46940928886183,0.6742783456769657,0.8216740004144774
2005,all,random,5000,10,390000,97488,97488,25.599238983845922,10.646248330954258,0.2774211619575901,6.919176285315217,29.007134959075408,71.73989392908867,0.6712699870920535,0.8200267033935368
2005,spco2_le_threshold,random,5000,10,390000,97488,97474,18.871856875968337,10.479622317099452,0.4456161210993523,6.917854292580984,28.970954709215782,71.0319304229637,0.7844481539103723,0.8860709070245403
2005,all,historical_density,500,10,390000,97488,97488,39.65618316701931,21.90211154809982,-2.4737623403008806,14.653650015444981,66.59821001345311,120.34331277905584,0.21112703844081482,0.5654953460904216
2005,spco2_le_threshold,historical_density,500,10,390000,97488,97474,34.30465825477855,21.702787558374087,-2.271647894772476,14.650850556408898,66.50531727880549,119.89034925203586,0.2877562077259025,0.6374520333889827
2005,all,historical_density,1000,10,390000,97488,97488,39.63855497731379,20.258079881632725,-2.8794331915568274,12.316908455873147,67.6691029345912,133.46105360549348,0.21182823105359228,0.5842545972229306
2005,spco2_le_threshold,historical_density,1000,10,390000,97488,97474,34.23971390851319,20.056989329852236,-2.6758465787378967,12.31458949542332,67.55868304959999,132.3776205230507,0.2904504437000789,0.6579993288974186
2005,all,historical_density,2500,10,390000,97488,97488,36.763319044294505,17.33787988136386,-4.609237514378887,9.937138765498759,58.32600483156132,115.73393789274297,0.32202344841984387,0.6343284308665572
2005,spco2_le_threshold,historical_density,2500,10,390000,97488,97474,30.875342451706956,17.13669820850147,-4.406227651505442,9.93543909155963,58.2342149056801,114.79336756020224,0.42303954864792426,0.7134298721979344
2005,all,historical_density,5000,10,390000,97488,97488,36.36316217545258,16.5094377681693,-5.595935039457836,8.965165076703755,59.18105129883541,126.79306615256877,0.3367022364628509,0.6521294754455906
2005,spco2_le_threshold,historical_density,5000,10,390000,97488,97474,30.5801086140192,16.312148938358337,-5.397078724592375,8.962765757845204,59.06711515802129,126.2401219939099,0.43402072891036003,0.7292307175294315
2005,all,spatial_coverage,500,10,390000,97488,97488,34.41195636863982,19.068417449689328,2.85946396762332,12.827651671344597,55.95064688070049,100.97515056738152,0.40597602387224463,0.6437163264577256
2005,spco2_le_threshold,spatial_coverage,500,10,390000,97488,97474,29.39523308811743,18.894016324872815,3.0370145511656714,12.82564022507259,55.90247707182606,100.25938903715834,0.47703057994069,0.6992241013862583
2005,all,spatial_coverage,1000,10,390000,97488,97488,30.112522577779725,15.05298447872138,0.5363534782562756,9.913353757769158,43.736191193525094,84.31030292580968,0.5451381383213492,0.7384354822746904
2005,spco2_le_threshold,spatial_coverage,1000,10,390000,97488,97474,24.141227410854516,14.876789305298477,0.714787717803454,9.912239090659654,43.678138925860786,83.97355384844587,0.6472709955880828,0.8047325265123292
2005,all,spatial_coverage,2500,10,390000,97488,97488,25.43999938082034,11.785032671214186,0.3067681900280521,7.884597065646915,33.51576565843195,62.03620188370202,0.6753469852805871,0.8227551217462947
2005,spco2_le_threshold,spatial_coverage,2500,10,390000,97488,97474,19.031256670746092,11.623649544961523,0.46988803799171114,7.883131454026852,33.47082219270389,61.6208582288206,0.7807914893497331,0.88405403166847
2005,all,spatial_coverage,5000,10,390000,97488,97488,25.09928603364776,11.381522608710815,-0.1798850895499301,7.637205556790292,32.28556470924929,59.71900909860977,0.683984792186034,0.8276550007157304
2005,spco2_le_threshold,spatial_coverage,5000,10,390000,97488,97474,18.481209613537175,11.219141081833854,-0.015894693381992668,7.635792294061048,32.2614489794827,59.3400491401779,0.793279634615256,0.8908462614441859
2005,all,random,500,11,390000,97488,97488,33.519327669560894,17.38897087596237,-0.5799492607516238,11.442999375551778,50.771342497108016,102.4661927849708,0.4363936919703939,0.6624235348646391
2005,spco2_le_threshold,random,500,11,390000,97488,97474,27.738978843761753,17.202778004498,-0.39134214238436155,11.442264266112716,50.700311581457825,101.91537578760422,0.5343030249532097,0.7325310329354364
2005,all,random,1000,11,390000,97488,97488,43.70625887496822,18.142573511677003,2.714465427452654,9.706359792743228,55.70706657677152,144.6021254467887,0.04176392949641772,0.5366294246679068
2005,spco2_le_threshold,random,1000,11,390000,97488,97474,40.091223633115874,17.983005491376453,2.877029103468037,9.704523528388847,55.564843992992984,143.70365379446702,0.027205510993821735,0.5777587452769947
2005,all,random,2500,11,390000,97488,97488,36.39069620320224,14.023797937366425,1.6770143232076051,8.106400324022133,38.243209384055305,102.80970096220368,0.33569736381897086,0.6518492669405345
2005,spco2_le_threshold,random,2500,11,390000,97488,97474,32.00653551563594,13.868275272341895,1.8347920651926373,8.105052524690535,38.18951805094302,101.94876423177982,0.3799884027854896,0.7025281469806863
2005,all,random,5000,11,390000,97488,97488,30.036805886590123,12.189787246453376,0.9183533634138104,7.435011364774965,33.97220969685262,87.86080061100773,0.5474227250908783,0.7501462641767341
2005,spco2_le_threshold,random,5000,11,390000,97488,97474,25.07375577131182,12.040101272576807,1.0699220338919142,7.4342869112581695,33.93211484786023,87.1936837331669,0.6194942175785858,0.8018217978336204
2005,all,historical_density,500,11,390000,97488,97488,40.362225639120055,21.212996827628142,-2.68464899401134,13.42472696825476,68.63758560888539,135.0784482947464,0.18278663781788584,0.555775903691774
2005,spco2_le_threshold,historical_density,500,11,390000,97488,97474,35.03686898833526,21.011199163064735,-2.480190139082599,13.422326705329311,68.4857099796015,134.66125961036337,0.25702695692500166,0.6281330179467854
2005,all,historical_density,1000,11,390000,97488,97488,38.38230029466134,18.795388848917288,-3.7615868390800133,11.293061896823076,60.13302186842337,136.09415522409526,0.26099522399769826,0.6102519831737654
2005,spco2_le_threshold,historical_density,1000,11,390000,97488,97474,32.75577436052023,18.593792527053456,-3.557831241633586,11.29123672082585,60.064690067069456,135.504996786309,0.3506210301265684,0.686989795112005
2005,all,historical_density,2500,11,390000,97488,97488,36.15312861223703,16.669747391685256,-4.346656487367933,9.74366499279924,55.59816602451603,121.6667570151376,0.34434252093947193,0.6497759417718211
2005,spco2_le_threshold,historical_density,2500,11,390000,97488,97474,30.18542170229926,16.46980555177454,-4.144944706009646,9.741585459946464,55.49282888621309,121.28519534226828,0.44853624547406024,0.7295259936134234
2005,all,historical_density,5000,11,390000,97488,97488,35.23434595163875,15.71755896454503,-5.045832146768523,8.70848219475667,54.54403799313481,119.54546754446535,0.3772443511014949,0.6640870497365353
2005,spco2_le_threshold,historical_density,5000,11,390000,97488,97474,29.14198712010651,15.518873960195874,-4.84561438316614,8.70677009432029,54.488209469467954,119.11854049077863,0.48600274207161,0.7444539376396627
2005,all,spatial_coverage,500,11,390000,97488,97488,31.681451216020847,16.995712904574614,-0.6173813124859251,11.877525598858853,47.99479872176265,87.02127060966846,0.4965047462134351,0.7053034563669656
2005,spco2_le_threshold,spatial_coverage,500,11,390000,97488,97474,25.741922018337313,16.814021569647227,-0.4333375898214086,11.875880509640268,47.94477684452466,86.73414255904551,0.5989445531625279,0.7745720160619611
2005,all,spatial_coverage,1000,11,390000,97488,97488,30.00076024226259,14.949176281753102,1.2317908203189152,9.916710397561928,43.12358730227516,88.44598325033559,0.5485083033030761,0.7415513915476324
2005,spco2_le_threshold,spatial_coverage,1000,11,390000,97488,97474,24.089646441677807,14.775955381922536,1.4073357608108767,9.9146804854918,43.07873975720619,87.81041750067165,0.6487766909302274,0.8069579938045747
2005,all,spatial_coverage,2500,11,390000,97488,97488,28.47338143764756,12.866058371209533,0.2653868375935019,8.283631777842771,36.20574734234709,75.40953241516252,0.5933101445240254,0.7720810778736926
2005,spco2_le_threshold,spatial_coverage,2500,11,390000,97488,97474,23.21043871862341,12.71556113387725,0.41777011872129405,8.2829980007821,36.13063185299849,75.04719465196484,0.6739462666798391,0.8244804879225054
2005,all,spatial_coverage,5000,11,390000,97488,97488,27.36840801568283,11.667592844601158,-0.015543534231885826,7.627108837307588,31.30984464924494,72.29511110737697,0.6242626925492519,0.7942893021071559
2005,spco2_le_threshold,spatial_coverage,5000,11,390000,97488,97474,22.662010292949205,11.534652479031047,0.11758792370068118,7.62478002946952,31.28006085709101,71.90000090769914,0.6891725659527312,0.8378952260390948
2005,all,random,500,12,390000,97488,97488,31.831855692491043,15.603288925712503,0.05243745975057269,10.164492519611002,45.28078436819997,93.00318454236778,0.4917128132372026,0.7012793273759617
2005,spco2_le_threshold,random,500,12,390000,97488,97474,25.833188944569326,15.41940419666891,0.2385707901585937,10.162467597827458,45.224296401655955,92.21870782546594,0.5960956605860754,0.7721821221946364
2005,all,random,1000,12,390000,97488,97488,30.024866835077567,13.65382396121854,-0.6937643947979262,8.482238267212466,40.36621927935599,85.06599725045712,0.5477824350784524,0.7403117831252536
2005,spco2_le_threshold,random,1000,12,390000,97488,97474,23.693863916114623,13.471915735508098,-0.5099947410766319,8.479996499301393,40.31147164384289,84.42125821280695,0.6602227806371892,0.8126616152745723
2005,all,random,2500,12,390000,97488,97488,26.604775307400292,11.483650505583341,-0.648240101527752,7.511760483799975,32.80729241552853,65.47578739642158,0.6449378013031212,0.8037648860222876
2005,spco2_le_threshold,random,2500,12,390000,97488,97474,19.211194700522952,11.302183731779506,-0.4652170589172941,7.51054721571947,32.775049589195824,65.0101329741641,0.7766267180084188,0.8819163837763948
2005,all,random,5000,12,390000,97488,97488,24.923120922650618,10.145527149561321,-0.1240757458576617,6.7373364248272765,27.87111683077538,57.9912054253014,0.6884052752819125,0.8308898604564918
2005,spco2_le_threshold,random,5000,12,390000,97488,97474,17.238188898465957,9.968868284807101,0.05402248036373712,6.7359297560872164,27.840135625166194,57.7370116660408,0.8201519434243594,0.9066396324952941
2005,all,historical_density,500,12,390000,97488,97488,40.89588346392628,21.944351522739016,-5.454089935900598,13.739351495459886,70.87332763836532,134.78671792111066,0.16103385414389937,0.5539683909574444
2005,spco2_le_threshold,historical_density,500,12,390000,97488,97474,35.74294090306301,21.745015698676657,-5.252385647814845,13.736956481945725,70.66463595413582,134.12557040034142,0.22678006133829332,0.6236936574094194
2005,all,historical_density,1000,12,390000,97488,97488,37.920034774904344,18.748992106109416,-4.067800336229745,11.51810439654642,58.915465405310236,130.64907588020498,0.2786887576671926,0.6066314533148839
2005,spco2_le_threshold,historical_density,1000,12,390000,97488,97474,32.18492620178627,18.547196684317147,-3.8638962835740855,11.516197367626091,58.798203730064714,130.21307976259135,0.373057785467238,0.6843229779328516
2005,all,historical_density,2500,12,390000,97488,97488,37.48251327617924,17.089278994962108,-5.53830296642,9.701175311187967,57.07460246276087,125.04681250870539,0.2952377161862436,0.6318632648164966
2005,spco2_le_threshold,historical_density,2500,12,390000,97488,97474,31.688742846921418,16.886921977122963,-5.334286904482948,9.699893323612201,56.89271305701212,124.55483987779363,0.3922394606826185,0.7107038110652936
2005,all,historical_density,5000,12,390000,97488,97488,35.53843151659739,15.457757636963331,-5.0293321487262705,8.437688852787943,52.170972800627176,127.54258420320814,0.3664487385006413,0.662983348487151
2005,spco2_le_threshold,historical_density,5000,12,390000,97488,97474,29.467820240076005,15.258243290744621,-4.828319988148497,8.436512946329259,52.05001235006889,126.92431040384638,0.47444460077891526,0.743634030758754
2005,all,spatial_coverage,500,12,390000,97488,97488,30.78019085614631,16.399946781017412,-2.1278787651866606,11.655522672756263,44.394190260850415,82.7970331980337,0.5247437202764648,0.7259593833624971
2005,spco2_le_threshold,spatial_coverage,500,12,390000,97488,97474,24.503106136598685,16.216105647274023,-1.9419877622245951,11.652533428806208,44.35420690913346,82.29095327742253,0.636616870574427,0.7993192072995464
2005,all,spatial_coverage,1000,12,390000,97488,97488,28.256952719472128,13.661507288593018,-0.7974603999020865,9.229251248983331,39.39496102819215,72.83923268691574,0.5994692192921073,0.7744640352753536
2005,spco2_le_threshold,spatial_coverage,1000,12,390000,97488,97474,21.36375549627257,13.4792391792438,-0.6133446526551536,9.227126262035029,39.34249972142322,72.48874859995563,0.7237656540639814,0.8508818581666057
2005,all,spatial_coverage,2500,12,390000,97488,97488,26.32285579002462,12.212388831382743,0.23301189567264446,8.296916918598782,34.144854014058936,67.3959940703991,0.6524228192683473,0.8079182286621247
2005,spco2_le_threshold,spatial_coverage,2500,12,390000,97488,97474,19.420140091823257,12.040767235307632,0.40642100031597633,8.295158152291378,34.107792338472635,67.06184901309672,0.7717413758194295,0.8786024704060885
2005,all,spatial_coverage,5000,12,390000,97488,97488,24.363489437746743,10.78846565256301,-0.029191857130911412,7.470663000257389,29.58491878818313,56.92111920689232,0.7022414595803717,0.8389001832568849
2005,spco2_le_threshold,spatial_coverage,5000,12,390000,97488,97474,17.103361274724232,10.620768200246202,0.1400509286403162,7.469751267551715,29.531681001078173,56.65215821418147,0.8229542861867362,0.9076596688159758
2005,all,random,500,13,390000,97488,97488,32.7910741426105,17.21938182127359,-0.009615009862843919,11.07974147048489,53.181409136790236,101.39909198033466,0.4606178953149821,0.6788014996992502
2005,spco2_le_threshold,random,500,13,390000,97488,97474,27.154506192968277,17.03903247232958,0.17320614423289696,11.077376399517277,53.0962268173045,100.99681705457458,0.5537211581684532,0.744286702616996
2005,all,random,1000,13,390000,97488,97488,29.459828468424895,13.643044490005115,0.4313650768641117,8.554611634268156,40.65207191929054,83.66189945072044,0.5646428565372685,0.7515119076773042
2005,spco2_le_threshold,random,1000,13,390000,97488,97474,22.844174451300173,13.459925415683967,0.6165056311074533,8.551852548334864,40.608072556981405,82.9628251314972,0.68415543039348,0.8273177708875583
2005,all,random,2500,13,390000,97488,97488,27.219805675300204,11.239061758010296,-0.707970787462939,7.22874791974931,31.93909585129327,69.2015439331694,0.6283318995176603,0.7928336792580879
2005,spco2_le_threshold,random,2500,13,390000,97488,97474,19.58586711114318,11.05229642690075,-0.5196928963518762,7.227287052048467,31.901656495022287,68.70023041683511,0.7678289393872174,0.8763822393964193
2005,all,random,5000,13,390000,97488,97488,25.27000877048953,10.631136017164252,-0.14273504090719497,6.977279820508528,29.672646376385757,63.76551859955751,0.6796711662466857,0.8253731441734719
2005,spco2_le_threshold,random,5000,13,390000,97488,97474,17.964427590569517,10.459222270041872,0.030685134736304232,6.976443060371139,29.624599689541853,63.48971082243728,0.8046788621808885,0.8977188136528413
2005,all,historical_density,500,13,390000,97488,97488,39.362477380969054,21.698875694223382,-2.315706250370212,14.251615511966833,66.28188615476373,121.03664631364984,0.22276903356831212,0.5712078041867662
2005,spco2_le_threshold,historical_density,500,13,390000,97488,97474,34.033122259129165,21.50053519919168,-2.1145817886169853,14.249145886883326,66.20225058917364,120.67097036766802,0.29898700937422296,0.6423779511047247
2005,all,historical_density,1000,13,390000,97488,97488,37.07038083947005,18.95570707212361,-2.0166497683336178,11.981118675374347,59.42801255065662,116.55777349100524,0.31065069393251765,0.6260351783622107
2005,spco2_le_threshold,historical_density,1000,13,390000,97488,97474,31.58207730473039,18.76095195410527,-1.8194617266407282,11.979090096771927,59.32888521591235,115.69496334373788,0.3963240658988878,0.6980573292779194
2005,all,historical_density,2500,13,390000,97488,97488,36.26517145124627,17.389514819268534,-4.642127458560628,10.125767784288882,58.04031812886032,126.80248013908177,0.34027230286975907,0.6507928350757529
2005,spco2_le_threshold,historical_density,2500,13,390000,97488,97474,30.521694257835172,17.193645412982434,-4.444427169956678,10.124546222775336,57.90919362522216,126.262226475783,0.43618093953378245,0.7268688418090211
2005,all,historical_density,5000,13,390000,97488,97488,35.085443388050855,16.18963223530946,-5.1666803867704765,8.84753968099784,59.30302831730937,115.09810401951717,0.38249683806483203,0.6725838738018278
2005,spco2_le_threshold,historical_density,5000,13,390000,97488,97474,29.25763509654035,15.996284091150606,-4.971749037594085,8.846210069909574,59.19455240876132,114.42824418325878,0.4819151217079314,0.74832271896673
2005,all,spatial_coverage,500,13,390000,97488,97488,34.43737754031845,18.318923648180288,2.6890773496069893,11.70057306482579,53.90719459253143,118.69045368342141,0.4050980520984737,0.6435759322982916
2005,spco2_le_threshold,spatial_coverage,500,13,390000,97488,97474,29.676441224008375,18.15088946264996,2.8601288732374166,11.698909421434365,53.83007117761531,117.69552987885453,0.4669767938582806,0.693373181654215
2005,all,spatial_coverage,1000,13,390000,97488,97488,33.95656623782121,16.509286088493443,2.11567360736929,10.386024244351404,47.01382633292719,106.4506388835362,0.421594010867371,0.673976205242374
2005,spco2_le_threshold,spatial_coverage,1000,13,390000,97488,97474,29.785876868083207,16.35751053588279,2.270124226518119,10.384183047887149,46.97446755749862,105.68560346100197,0.4630383640260929,0.7150021067570893
2005,all,spatial_coverage,2500,13,390000,97488,97488,32.50924561346125,13.256356606118382,1.1064585031079068,8.31905161826424,35.07542736495322,82.16609454927223,0.46984967665108424,0.7166946513989001
2005,spco2_le_threshold,spatial_coverage,2500,13,390000,97488,97474,28.852009782328224,13.119503378273949,1.238295105282269,8.317314224182041,35.03144294618702,81.64879703222026,0.49618090919698454,0.7494172428149135
2005,all,spatial_coverage,5000,13,390000,97488,97488,26.409531511561685,11.502521325047779,0.46142130619800176,7.425972801902475,30.929688148430316,68.24714354086164,0.6501300510867332,0.8083018522572455
2005,spco2_le_threshold,spatial_coverage,5000,13,390000,97488,97474,22.68715837425944,11.374952614824917,0.5834016979019068,7.4245540915256925,30.892111608349918,67.55776878094042,0.6884823314505255,0.8355770910468189
2005,all,random,500,14,390000,97488,97488,31.51258940608998,16.27888561208766,0.04262691116269993,11.082613624498805,46.18589816778335,87.5722996141748,0.5018576915958668,0.709036009549085
2005,spco2_le_threshold,random,500,14,390000,97488,97474,25.45558505758399,16.095605786658716,0.22825096351703603,11.080449499048456,46.12075168071926,87.16599485179354,0.607817108239646,0.780387397485109
2005,all,random,1000,14,390000,97488,97488,29.606078836219258,13.544223024268184,-1.2032486518006487,8.644293925927172,39.437438382294104,84.1594610115968,0.5603095531763029,0.7490817141462384
2005,spco2_le_threshold,random,1000,14,390000,97488,97474,22.891895486698772,13.358118920023216,-1.0153720375405537,8.642757976829785,39.38461382016491,83.53255140353946,0.6828344657926348,0.8268397167044571
2005,all,random,2500,14,390000,97488,97488,27.024243682519415,11.12515478210591,-1.1959238304967588,7.213773818443087,30.884397564715048,66.3175779334166,0.6336532492627319,0.7966742114359873
2005,spco2_le_threshold,random,2500,14,390000,97488,97474,19.33835712355372,10.937485132955029,-1.0068280653218862,7.212387482753826,30.839452075313808,65.96414821119738,0.7736598337367205,0.8802804609060725
2005,all,random,5000,14,390000,97488,97488,25.817549940434226,10.138517187426162,-0.759803067444752,6.63529230660356,28.399858771365377,58.90235426314943,0.6656392437688443,0.8166132039029369
2005,spco2_le_threshold,random,5000,14,390000,97488,97474,17.7529307196769,9.952364885449537,-0.5723037191000719,6.634122671841737,28.369922375618046,58.199301850103694,0.8092508572698767,0.9004545968238253
2005,all,historical_density,500,14,390000,97488,97488,38.319705590681565,20.82299778598452,-3.0247551277865368,13.748745156278062,60.81171381259632,114.16876711997995,0.26340362921204075,0.590799768198606
2005,spco2_le_threshold,historical_density,500,14,390000,97488,97474,32.7643325196789,20.623066977403685,-2.82226799241892,13.745880570865864,60.72713774569794,113.52096946359332,0.3502816570117866,0.665213703548905
2005,all,historical_density,1000,14,390000,97488,97488,36.99412081339571,18.624942146134085,-3.3210026940192834,11.575161086317308,58.622838353631,122.83725958320947,0.31348399223682766,0.6280087091990242
2005,spco2_le_threshold,historical_density,1000,14,390000,97488,97474,31.285805656608822,18.427036708622857,-3.1208991816129084,11.573138513191338,58.47187647441671,122.22957359232785,0.4075971152358071,0.7040611513457626
2005,all,historical_density,2500,14,390000,97488,97488,34.6727206486137,16.61262647875,-3.3407901675359186,10.106772149567007,51.362729576771436,114.21279759967452,0.3969392153684683,0.6681547535119334
2005,spco2_le_threshold,historical_density,2500,14,390000,97488,97474,28.668338053031317,16.417780456606252,-3.144037937497174,10.104160381546365,51.200057663723115,113.78972050063923,0.5025751103857309,0.74569117247143
2005,all,historical_density,5000,14,390000,97488,97488,35.37797111640931,16.170440925738845,-5.731888495930835,8.873669324028015,58.79988825541144,116.86512127051775,0.37215694683537415,0.6696585102347977
2005,spco2_le_threshold,historical_density,5000,14,390000,97488,97474,29.53071201416657,15.975275193549118,-5.535223494869231,8.871335235594728,58.70673255128768,116.3502218437767,0.47219887082562906,0.7463404458576135
2005,all,spatial_coverage,500,14,390000,97488,97488,32.51733749061771,17.349470377830187,-0.24326770943526158,11.490771646997928,50.37478558470215,102.54124248266166,0.4695857243439173,0.688333730941964
2005,spco2_le_threshold,spatial_coverage,500,14,390000,97488,97474,27.034752977831108,17.174103710723458,-0.0654441118921358,11.488169438359364,50.26286955454451,102.18805933498088,0.5576487185836893,0.7506488672583963
2005,all,spatial_coverage,1000,14,390000,97488,97488,32.75755917698034,16.095435468328482,1.6551761634788031,9.74641098941811,49.058549927203366,105.84274743337207,0.4617199107230928,0.69614061935613
2005,spco2_le_threshold,spatial_coverage,1000,14,390000,97488,97474,27.97090955793593,15.933352673840423,1.8198084436024744,9.744551859573164,48.98970937689336,105.33594984302478,0.5264829118909808,0.7479789371454179
2005,all,spatial_coverage,2500,14,390000,97488,97488,28.25330516860951,12.774128255870453,0.628966717335335,8.165492086049909,36.04168966470878,77.397788360582,0.5995726177098591,0.7770561517353155
2005,spco2_le_threshold,spatial_coverage,2500,14,390000,97488,97474,24.24870206969517,12.643277704333006,0.758432498031105,8.163440784952371,35.98780959140141,76.77181689972984,0.644123366553476,0.8093316766350493
2005,all,spatial_coverage,5000,14,390000,97488,97488,24.67888764288708,11.223165705690485,0.03257059062109712,7.399246693242702,31.236282909058765,63.742713494215685,0.6944822768978662,0.8334007015915037
2005,spco2_le_threshold,spatial_coverage,5000,14,390000,97488,97474,19.676983885704647,11.089718421042118,0.16477803177838743,7.398785328251023,31.213332640808286,63.46576487107136,0.7656637163063018,0.8752573322222859
2005,all,random,500,15,390000,97488,97488,35.203855222372944,17.931290114669032,0.8215252536498896,11.247690130669412,55.02238766059588,117.67717577110581,0.37832171226373,0.6213076082172402
2005,spco2_le_threshold,random,500,15,390000,97488,97474,29.606517018689846,17.742481448357488,1.0130273501598077,11.24610835469278,54.95546793491091,117.34517830152564,0.46948567383043793,0.6909296528236797
2005,all,random,1000,15,390000,97488,97488,30.151963089932313,14.280528450665193,0.5601896396502161,9.038869978356871,41.858334250254416,89.8853826972018,0.543945828153789,0.7376438931816774
2005,spco2_le_threshold,random,1000,15,390000,97488,97474,23.64076051813527,14.096018986080598,0.7468306475516364,9.036808557515172,41.8023705628366,89.27396138615671,0.661744111674428,0.8137231927124576
2005,all,random,2500,15,390000,97488,97488,27.578133361609325,11.78779208134584,-0.2695590056553551,7.646528010996235,33.640452424760724,68.71261868991388,0.6184820445125083,0.7864848759953358
2005,spco2_le_threshold,random,2500,15,390000,97488,97474,20.163550446787706,11.602331937059182,-0.08244452007707267,7.645746476688828,33.591285176147444,68.33508470357108,0.7539312344351401,0.8683736571384234
2005,all,random,5000,15,390000,97488,97488,27.52198364948464,11.322253595703986,0.1949693106468648,7.184531439302333,31.05196174460069,72.86322953009866,0.620034021589646,0.7886331207977247
2005,spco2_le_threshold,random,5000,15,390000,97488,97474,21.77880042833,11.163248257605657,0.35562884494816777,7.183440518399948,31.017211553296406,72.00880668188735,0.7129282949598583,0.8469074007245273
2005,all,historical_density,500,15,390000,97488,97488,42.58826220312026,23.115643212297655,-4.410112770859774,14.585997238702106,77.17538786461466,139.34413728701247,0.09015987519710733,0.5401616398346908
2005,spco2_le_threshold,historical_density,500,15,390000,97488,97474,37.62319149997227,22.915013466703243,-4.206796386508571,14.58215279362605,76.93354995873861,138.4053016244364,0.14329018096733814,0.6085261538677201
2005,all,historical_density,1000,15,390000,97488,97488,40.201618712371626,19.92705530668189,-4.849137940580285,11.96333171411041,66.01545463779316,144.04125959283502,0.18927731038320894,0.5832278512030835
2005,spco2_le_threshold,historical_density,1000,15,390000,97488,97474,34.88667494653459,19.72580543195467,-4.645722454068126,11.961803113845377,65.90042156380821,143.23712702072066,0.2633831724447736,0.6563896307139175
2005,all,historical_density,2500,15,390000,97488,97488,36.211186529756816,16.692647699495215,-4.364405938483441,9.615343319773274,54.44385347970332,123.59741639030841,0.342235003594337,0.6435208080000914
2005,spco2_le_threshold,historical_density,2500,15,390000,97488,97474,30.24850655842234,16.492300224787883,-4.162287782521065,9.613658963085982,54.34834634495262,123.07274141739093,0.44622881608444687,0.723066413320738
2005,all,historical_density,5000,15,390000,97488,97488,36.021221687043166,16.103686231824838,-5.641274555571488,8.722465482291142,57.96838430338827,118.6397464592115,0.3491182065319369,0.6568731450361136
2005,spco2_le_threshold,historical_density,5000,15,390000,97488,97474,30.06512227860765,15.904517902671525,-5.440603530689389,8.720508189075929,57.855673361711055,117.66825883433059,0.4529230370162163,0.7364422075609325
2005,all,spatial_coverage,500,15,390000,97488,97488,32.85279021124568,17.747333664158816,4.49424464810877,11.809819880320788,50.285596530749324,107.61844986743449,0.4585856429388806,0.6851540887321227
2005,spco2_le_threshold,spatial_coverage,500,15,390000,97488,97474,27.69006550284474,17.57675371861879,4.668019108046195,11.806966289393898,50.21662809598215,106.59546568744541,0.5359439441532735,0.7420860882985613
2005,all,spatial_coverage,1000,15,390000,97488,97488,29.897976041653763,14.709091306993768,1.2825224827204162,9.514561373314422,42.027046465436456,94.20713754826157,0.5515966729093756,0.7450537243960265
2005,spco2_le_threshold,spatial_coverage,1000,15,390000,97488,97474,24.37964046837939,14.542554525845265,1.4513561080843624,9.512548613942386,41.95893752343976,93.83764324517875,0.6402696570773736,0.8040575212738305
2005,all,spatial_coverage,2500,15,390000,97488,97488,25.77218904553104,12.033004830766039,-0.168905603758548,8.170737618968985,33.34559899815103,66.141556456666,0.666813141306948,0.816817177005601
2005,spco2_le_threshold,spatial_coverage,2500,15,390000,97488,97474,19.253538201847064,11.868330834987107,-0.0025275906090568828,8.1696941820407,33.31300366830658,65.61454912122542,0.7756409562509611,0.8807214435311866
2005,all,spatial_coverage,5000,15,390000,97488,97488,24.207461600450536,10.79601448396652,-0.08102451504357547,7.529379288227091,29.338375887261527,55.68094716450351,0.706043037909237,0.8411352891290528
2005,spco2_le_threshold,spatial_coverage,5000,15,390000,97488,97474,17.241455197747747,10.635926968033997,0.08060197394396516,7.528052890567324,29.302205275305,55.35360175526491,0.8200837815965196,0.9059528745880056
2005,all,random,500,16,390000,97488,97488,31.77078120320108,16.42623365414464,0.6091796357437855,11.161701001184042,47.469869187253515,88.66171955518358,0.4936614020852391,0.7032342826043363
2005,spco2_le_threshold,random,500,16,390000,97488,97474,25.821102574121856,16.243448541716038,0.7944115112687854,11.159412115433838,47.44398385564519,88.01918860216709,0.596473515251402,0.7731282708581391
2005,all,random,1000,16,390000,97488,97488,29.147257293614228,14.038664079550564,0.6722615938499302,9.145399768861722,41.03405668591713,80.83637362764594,0.5738321960821984,0.7581667640175533
2005,spco2_le_threshold,random,1000,16,390000,97488,97474,22.6271917521842,13.858035469453089,0.8550031054332146,9.144474600889595,40.990138869649215,80.39283575634427,0.6901269599808566,0.8315100079793795
2005,all,random,2500,16,390000,97488,97488,35.18707266976,14.546343132518116,1.351532420744677,8.091689083496135,41.267687638490465,125.65655505614949,0.3789143099544151,0.6735158585472042
2005,spco2_le_threshold,random,2500,16,390000,97488,97474,32.389932093121836,14.419652583920909,1.4716066986491483,8.088795811887167,41.18325467891456,124.49110340307553,0.3650455762379887,0.6903979255445802
2005,all,random,5000,16,390000,97488,97488,29.806712324093237,11.770956863933923,0.4793232073783942,7.245417689819533,31.07024736890873,77.52409936105734,0.5543300014651755,0.7564604615525872
2005,spco2_le_threshold,random,5000,16,390000,97488,97474,26.378465119489082,11.64187351507415,0.600686668175403,7.244442460164635,31.037655731608744,77.08216380081433,0.5788648204808786,0.7818473294121588
2005,all,historical_density,500,16,390000,97488,97488,37.7995283980476,20.4238431308796,-1.727818766215404,13.756996899526484,61.99105211909613,107.85249534764162,0.2832659944181881,0.5928498876357039
2005,spco2_le_threshold,historical_density,500,16,390000,97488,97474,32.103488003058885,20.223267796905393,-1.5245581588236172,13.755280393233619,61.912230690525696,107.20809182489087,0.3762265017152493,0.6691294582008372
2005,all,historical_density,1000,16,390000,97488,97488,37.833623174339515,18.85289968325249,-4.363139586880699,11.132316249816967,66.58708289398679,118.44756457867305,0.2819724382536607,0.6129694665693525
2005,spco2_le_threshold,historical_density,1000,16,390000,97488,97474,32.20643088114593,18.653512398476717,-4.161671166198432,11.131021767671541,66.51359102542088,118.11592553236326,0.3722197101927269,0.6886652690207763
2005,all,historical_density,2500,16,390000,97488,97488,35.59608596792861,16.744912051985622,-4.497706658653355,9.552628426628019,58.022966402586675,122.02191099558513,0.36439143445192224,0.6588089428498334
2005,spco2_le_threshold,historical_density,2500,16,390000,97488,97474,29.785687879222483,16.550011717191666,-4.301047281699369,9.550298788866456,57.936723814759695,121.49135103624015,0.4630451779564898,0.7348189977636495
2005,all,historical_density,5000,16,390000,97488,97488,35.88476538615625,16.09826529726914,-6.328697313050146,8.590138427684138,60.243147372132725,118.53109759351693,0.3540402324207783,0.6634102908442265
2005,spco2_le_threshold,historical_density,5000,16,390000,97488,97474,30.001992972330893,15.901310944294519,-6.130339776131301,8.58862541997837,60.02555648910162,118.09584631024117,0.4552180770758667,0.7417017084196663
2005,all,spatial_coverage,500,16,390000,97488,97488,31.936799963069184,16.98663073011237,1.1338111557681907,11.665926807931442,47.13939122788941,93.12906758051756,0.4883558140041233,0.6992911813376049
2005,spco2_le_threshold,spatial_coverage,500,16,390000,97488,97474,26.197293139851904,16.807943066881084,1.3151014226312387,11.663465351591839,47.079634137039,92.41600564567125,0.5846298170479887,0.7652951181564507
2005,all,spatial_coverage,1000,16,390000,97488,97488,29.102043383605864,14.32355276906022,0.10537712263388911,9.490573285153971,41.83256709412022,79.54667787195436,0.5751533336081753,0.7584972262130186
2005,spco2_le_threshold,spatial_coverage,1000,16,390000,97488,97474,22.512817061618104,14.142551948934276,0.28845034174298806,9.488093558782253,41.77592501250751,79.23233698293599,0.6932517011542665,0.8327592229947172
2005,all,spatial_coverage,2500,16,390000,97488,97488,26.187469907412147,11.969954107534567,0.17155508151145593,8.062096036191008,33.73988659665671,63.34690333355809,0.6559889999237181,0.8109844857302297
2005,spco2_le_threshold,spatial_coverage,2500,16,390000,97488,97474,19.097054510916216,11.795696870754952,0.34755617951197776,8.061105698294142,33.71471309418093,62.990646741726266,0.7792731051151592,0.8836354641353245
2005,all,spatial_coverage,5000,16,390000,97488,97488,24.667211446605755,11.21940095193928,0.2556660887933687,7.751146997723282,30.7709933035005,59.07832790769391,0.694771304593791,0.8345238776720691
2005,spco2_le_threshold,spatial_coverage,5000,16,390000,97488,97474,18.15544899121627,11.062509440774305,0.41420574139678296,7.747798693777554,30.734867044934013,58.59773635407468,0.8005029557282717,0.8951134141378371
2005,all,random,500,17,390000,97488,97488,32.339011187731266,16.66300046066281,-0.4578103384303936,11.098174126729646,48.22500903572536,95.01961692675255,0.47538739601960345,0.6895597350374976
2005,spco2_le_threshold,random,500,17,390000,97488,97474,26.31211362284692,16.47690868813352,-0.26939104613469006,11.09581455643098,48.160565852156594,94.62761872565451,0.5809807742294841,0.7622674937607876
2005,all,random,1000,17,390000,97488,97488,29.80775622634086,13.822878510470726,-0.21221797142270396,8.709846912976616,40.28855131795339,85.27552343063101,0.5542987840632061,0.7448468660903448
2005,spco2_le_threshold,random,1000,17,390000,97488,97474,23.18193170003376,13.637079233309919,-0.02446382170565902,8.706689019276155,40.23145807498697,84.61200514456979,0.6747466920409613,0.8218969130423686
2005,all,random,2500,17,390000,97488,97488,27.348522580124804,11.772078385722335,0.39028480235933494,7.359640685337638,34.43259406141776,76.83631409579135,0.6248085032959018,0.7915028078053774
2005,spco2_le_threshold,random,2500,17,390000,97488,97474,20.69962874341495,11.596959311410197,0.5671507331114765,7.358203282788907,34.40423532385671,76.2028109650456,0.7406730866593735,0.8614934728062065
2005,all,random,5000,17,390000,97488,97488,25.43204885334441,10.662874719115745,0.37375788800388177,6.847653207659079,30.224589874444035,66.52660177021977,0.675549875173908,0.8221423450400567
2005,spco2_le_threshold,random,5000,17,390000,97488,97474,18.80726032449025,10.497279268283828,0.5409385087939368,6.8464646287252435,30.18868312582301,66.28016178807316,0.7859212549324832,0.886628773410137
2005,all,historical_density,500,17,390000,97488,97488,43.61067687623722,23.01996482267637,-5.602823469607105,13.716127926476616,81.32835591230504,149.13830903489887,0.04595051380703452,0.5232598716978147
2005,spco2_le_threshold,historical_density,500,17,390000,97488,97474,38.73595382717604,22.818398120508558,-5.398755177487684,13.711937145244292,81.189947415712,148.26368617493353,0.09186380137023409,0.5905645939737716
2005,all,historical_density,1000,17,390000,97488,97488,39.292037696834804,19.307340465538687,-5.087140168760418,11.298330264467182,64.34326970117047,140.20752978342455,0.22554827518917453,0.5957273758138669
2005,spco2_le_threshold,historical_density,1000,17,390000,97488,97474,33.87421236085215,19.107067766980574,-4.8848250506426805,11.296441815060291,64.23000559064559,139.6963338099132,0.30551816620673433,0.6697056296337118
2005,all,historical_density,2500,17,390000,97488,97488,35.61116669823981,16.756938362600863,-4.562414141777791,9.529003661088296,58.767758004550686,122.99164281187363,0.363852753212324,0.6599792471844116
2005,spco2_le_threshold,historical_density,2500,17,390000,97488,97474,29.86896194152058,16.563013798249454,-4.366738101760136,9.527166647034107,58.62875082811751,122.58394718527285,0.46003857188560915,0.7348726901318791
2005,all,historical_density,5000,17,390000,97488,97488,35.61024706598483,16.133025495955735,-5.326044092779183,8.787423173235425,56.04795939308298,119.5026015736093,0.36388560886000043,0.6605196020380025
2005,spco2_le_threshold,historical_density,5000,17,390000,97488,97474,29.729305995594093,15.937048205357176,-5.128514616575801,8.786046845333601,55.93447282259306,118.57194135976196,0.46507607754875124,0.7379230545817029
2005,all,spatial_coverage,500,17,390000,97488,97488,31.80275958252366,16.769911694345083,0.4922894117361147,11.427083131658549,48.352068964891046,91.2745685252452,0.49264159482957626,0.7023099927326376
2005,spco2_le_threshold,spatial_coverage,500,17,390000,97488,97474,25.829799038354047,16.587208725263842,0.6774717170042889,11.424884652898754,48.302247874422235,90.63658406161764,0.5962016566362289,0.7726562924750418
2005,all,spatial_coverage,1000,17,390000,97488,97488,28.83232086329297,14.009544978057269,0.5312694532408251,9.249575104770457,41.02252855958215,82.58992006757792,0.5829919371948913,0.7636354941390203
2005,spco2_le_threshold,spatial_coverage,1000,17,390000,97488,97474,22.425600607643702,13.833399431274023,0.7095034687648439,9.248320050355517,40.98298648628204,82.0734458608709,0.6956238322134444,0.834251301619836
2005,all,spatial_coverage,2500,17,390000,97488,97488,26.07093652386689,12.08661730531375,0.10309689051573091,8.137482814320805,33.98845626605917,65.67106353051886,0.6590438631166525,0.8123102075139232
2005,spco2_le_threshold,spatial_coverage,2500,17,390000,97488,97474,19.70404761412981,11.92057274848594,0.2708922321552996,8.136149018063918,33.95158654438833,65.36632697064263,0.7650186606430563,0.8748000927437779
2005,all,spatial_coverage,5000,17,390000,97488,97488,24.58174544437083,11.091058040637332,0.5983183335355612,7.5526888925321884,30.735641745881548,60.661778811887885,0.6968827296622767,0.835983207782379
2005,spco2_le_threshold,spatial_coverage,5000,17,390000,97488,97474,17.848655760079883,10.928560273721015,0.762495022720774,7.549965349200278,30.68772428328612,60.382793396122295,0.8071882459917835,0.8990977399817028
2005,all,random,500,18,390000,97488,97488,31.421701751077062,15.76706424838496,-1.619360963773732,10.31485104368224,45.45725174855528,90.04560404401487,0.504727001719485,0.7119471703104984
2005,spco2_le_threshold,random,500,18,390000,97488,97474,25.38725313178013,15.584521659836824,-1.434786368270053,10.31175471935623,45.42103623620988,89.44036793256774,0.6099198015114263,0.7824237026564
2005,all,random,1000,18,390000,97488,97488,30.720222445325906,14.52842716241567,-0.38419482208715355,8.956852200839506,42.72723157049142,92.54215681737968,0.5265937803118348,0.7257295231192381
2005,spco2_le_threshold,random,1000,18,390000,97488,97474,25.08719839023134,14.354636639879383,-0.20837279112026336,8.955138192749274,42.656724251376524,92.02579565253689,0.6190861123541722,0.7868563650685293
2005,all,random,2500,18,390000,97488,97488,27.381799004023307,12.012380253324013,0.06722312456454282,7.705173500154814,34.59922858135183,75.6666733464355,0.6238949163292465,0.7904814154914381
2005,spco2_le_threshold,random,2500,18,390000,97488,97474,20.531179515500753,11.833959851249102,0.2473784964497673,7.704094744173943,34.5498973054968,74.9853395348398,0.7448766089186902,0.8635883232322492
2005,all,random,5000,18,390000,97488,97488,25.60848695056639,10.610636946106169,-0.13117859071092527,6.807862445279625,29.45635276360319,69.61746170631473,0.6710324305497772,0.8209170115243553
2005,spco2_le_threshold,random,5000,18,390000,97488,97474,18.64685237960317,10.438880403876158,0.04208309562905999,6.806542577422334,29.40940781497222,69.18372563743613,0.7895574557998313,0.8898335984215221
2005,all,historical_density,500,18,390000,97488,97488,38.319932875167325,20.97887766252005,-1.5250898421321564,14.067708165834404,60.98711039987504,109.49180280274012,0.2633948912835382,0.5613379114882553
2005,spco2_le_threshold,historical_density,500,18,390000,97488,97474,32.70219784011501,20.778153773864382,-1.3215718439756425,14.065568426711252,60.9179477203401,108.8168689419206,0.3527435879487385,0.6363042113344889
2005,all,historical_density,1000,18,390000,97488,97488,37.275833918793516,18.596568295379793,-3.7649160158341233,11.60303436366064,59.018280945430185,124.13043971627961,0.3029884360609508,0.6126309188019017
2005,spco2_le_threshold,historical_density,1000,18,390000,97488,97474,31.50460707870894,18.396281749708074,-3.5624992289502484,11.599670048532943,58.89295376362393,123.7345911212988,0.39928204433980985,0.6898864155064645
2005,all,historical_density,2500,18,390000,97488,97488,37.966889352092956,17.68013649722314,-5.85037224262223,9.938710709055215,62.6521514416223,124.05015664516843,0.27690512991669525,0.6264067232037573
2005,spco2_le_threshold,historical_density,2500,18,390000,97488,97474,32.30882733648223,17.478991491061876,-5.6475281505553525,9.937420081721172,62.46925376844156,123.12982848029748,0.36822146115811916,0.7035912787973427
2005,all,historical_density,5000,18,390000,97488,97488,35.0329110963068,15.754761300116272,-4.816500724727768,8.876516486139224,51.220332428435015,120.72256268523888,0.3843445884880281,0.6714418261940911
2005,spco2_le_threshold,historical_density,5000,18,390000,97488,97474,29.056972433204855,15.559184017660462,-4.619352401296357,8.874630245736398,51.14934309883852,120.33669446044675,0.4889972926906263,0.7495514798804932
2005,all,spatial_coverage,500,18,390000,97488,97488,31.78009064218205,16.349272395516902,-1.4190786989120936,11.061333648679721,46.94117514919695,88.43863585232263,0.49336462506508627,0.7032087000544367
2005,spco2_le_threshold,spatial_coverage,500,18,390000,97488,97474,25.467593307877582,16.160590192749783,-1.2282521016217962,11.058137182543362,46.91338951193418,87.97223259044169,0.6074470094096789,0.7802397110423877
2005,all,spatial_coverage,1000,18,390000,97488,97488,33.05229349660879,15.862680114257204,0.3182770290745527,9.828064818802176,46.94632372446484,98.489880896645,0.45199004436913026,0.6875311904669322
2005,spco2_le_threshold,spatial_coverage,1000,18,390000,97488,97474,28.086191730435523,15.700971469156396,0.48230971340640416,9.825448312609723,46.86202417508299,97.6678615668006,0.5225716646739589,0.7421379818743017
2005,all,spatial_coverage,2500,18,390000,97488,97488,27.835344931574202,12.599370420737563,0.054559032458006806,8.16383537006746,35.35459570247756,77.74889255382621,0.611332289529273,0.7819566146947587
2005,spco2_le_threshold,spatial_coverage,2500,18,390000,97488,97474,21.934825005042534,12.441177740022457,0.21456917231447226,8.162255255048905,35.323660552421124,77.28192822907292,0.708800365017803,0.8422736403591825
2005,all,spatial_coverage,5000,18,390000,97488,97488,25.157798839118588,11.469857970315505,0.020687341642925513,7.793698077697172,31.565444894230513,62.405036813787106,0.6825096514279663,0.826536204863719
2005,spco2_le_threshold,spatial_coverage,5000,18,390000,97488,97474,19.020866816763665,11.314712599411575,0.17748307709911962,7.792791044669883,31.528147825801643,61.94767888240383,0.7810307717849039,0.8838000781443235
2005,all,random,500,19,390000,97488,97488,32.56546748998288,17.189489634677802,-0.41792304552379095,11.295849544106233,50.37756616877579,93.10582969577344,0.46801439447705895,0.6847994387334959
2005,spco2_le_threshold,random,500,19,390000,97488,97474,26.85885185529994,17.00864239994114,-0.23466694347637862,11.294486363353286,50.25956167158483,92.58380084835468,0.5633862928880449,0.7513324096884585
2005,all,random,1000,19,390000,97488,97488,30.035033167413257,14.150888954913764,0.8224714541065618,8.951706946514975,41.07011048377586,85.31231367068084,0.5474761441356553,0.7401771496663218
2005,spco2_le_threshold,random,1000,19,390000,97488,97474,23.857607478648422,13.972223559143638,1.0032874443503572,8.94992895683825,41.03030887652895,84.71830734949441,0.6555102881238579,0.8100247936633506
2005,all,random,2500,19,390000,97488,97488,26.87894313540787,11.62473824971222,0.11526330384488072,7.550869425672602,33.107431903171666,68.81960806143854,0.6375821127477262,0.7992258566026493
2005,spco2_le_threshold,random,2500,19,390000,97488,97474,19.459600859702316,11.441916287298676,0.29977145972283703,7.549391506384751,33.065134287607535,68.43400409666182,0.7708128128227238,0.8788411019966832
2005,all,random,5000,19,390000,97488,97488,25.361029322215135,10.501646547736643,0.44055611270578765,6.84933220478635,29.67818093134677,64.10657768338673,0.677359412645703,0.8239665611604364
2005,spco2_le_threshold,random,5000,19,390000,97488,97474,17.75452576049839,10.324873036920389,0.6189012306916071,6.847905359664395,29.64070458477646,63.770798839961834,0.8092165793985595,0.9004781093173632
2005,all,historical_density,500,19,390000,97488,97488,40.21476335261341,21.684718593586013,-5.653445479410551,13.705755056692595,69.55515973048621,128.55714895053114,0.18874706306357392,0.5713736041810897
2005,spco2_le_threshold,historical_density,500,19,390000,97488,97474,34.98602335184735,21.48581660686899,-5.452240952286866,13.703290642536274,69.46579851174259,128.12204706368175,0.2591818027968812,0.6422414087560662
2005,all,historical_density,1000,19,390000,97488,97488,37.68183621507783,19.225732411166838,-4.434429255614708,11.7691854072321,60.546686769890314,121.3727006944236,0.2877222758313197,0.6105399746881285
2005,spco2_le_threshold,historical_density,1000,19,390000,97488,97474,32.01234821287106,19.026203075082037,-4.232775473583523,11.76455432006449,60.42620873685696,120.70228683175941,0.3797631820989016,0.6866243825417028
2005,all,historical_density,2500,19,390000,97488,97488,36.796823919119156,17.679951799917635,-4.991777418305767,9.984057215223032,64.22508185555895,128.90555114646136,0.32078711442320496,0.636537459251793
2005,spco2_le_threshold,historical_density,2500,19,390000,97488,97474,31.27489343368558,17.48558615436691,-4.795589395081579,9.982847520839726,64.05009315530206,128.4770946178388,0.4080102933422205,0.7090642360635737
2005,all,historical_density,5000,19,390000,97488,97488,36.11238388659304,16.32127125003634,-4.683869908435411,8.83979145911161,56.57205005286356,123.7378279875735,0.34581954555129313,0.6513290221869896
2005,spco2_le_threshold,historical_density,5000,19,390000,97488,97474,30.256661662715565,16.123891933712382,-4.484819134914838,8.838626782867493,56.47527423889544,123.16027620672664,0.4459301784955928,0.7290569491377137
2005,all,spatial_coverage,500,19,390000,97488,97488,35.75194314629636,18.291651669242526,2.913626993833715,11.661592641939109,52.068711467250424,124.16174605810531,0.35881323501314866,0.6220581508639809
2005,spco2_le_threshold,spatial_coverage,500,19,390000,97488,97474,31.00919471270885,18.120494089038793,3.0878302467428167,11.660345366782053,52.0239452165515,122.77804804637145,0.4180261719617262,0.674797348325112
2005,all,spatial_coverage,1000,19,390000,97488,97488,30.68784565327163,15.040225474619062,0.6148013889628516,9.578792110989667,44.22606505413462,90.93507206888886,0.5275911232062223,0.7292084352299936
2005,spco2_le_threshold,spatial_coverage,1000,19,390000,97488,97474,25.103780077634106,14.870559564867206,0.7867157996081762,9.577147764910507,44.15738117886707,90.38556545191628,0.6185824066556083,0.7906468571341967
2005,all,spatial_coverage,2500,19,390000,97488,97488,27.126036691724487,12.150409737366457,0.6101502321801512,8.020789946598654,33.12054110831328,70.05007411767413,0.6308881933986108,0.7944029259881078
2005,spco2_le_threshold,spatial_coverage,2500,19,390000,97488,97474,20.64504747324049,11.98290652553752,0.7794862182829846,8.018674678071221,33.07795591813273,69.32621982256317,0.7420388822664074,0.8616996678035385
2005,all,spatial_coverage,5000,19,390000,97488,97488,25.18323434131998,11.21485868751836,0.4144086365587324,7.571920524336349,30.96175206750096,58.585635783794345,0.6818673369833987,0.8260295261341081
2005,spco2_le_threshold,spatial_coverage,5000,19,390000,97488,97474,18.728283954500114,11.056894891026111,0.5740427219745627,7.570586942303862,30.926536200406566,58.157345410039454,0.7877154198660306,0.8876530043758223
2010,all,random,500,0,390000,97488,97488,33.2143597976882,16.882457668255405,-1.6851708964595955,11.189335050324047,48.91040351565773,91.29261274589383,0.456793178922279,0.6780556638469613
2010,spco2_le_threshold,random,500,0,390000,97488,97471,26.333686374569076,16.656277451271553,-1.4563401077660025,11.186608640888892,48.85595228578535,90.49515721777497,0.5764555665925934,0.7610567687970499
2010,all,random,1000,0,390000,97488,97488,30.630013361133344,13.963953518379183,-0.17059192972990614,8.879524642581913,41.23774728197429,82.96261638004664,0.5380363378593369,0.7335228900108652
2010,spco2_le_threshold,random,1000,0,390000,97488,97471,23.11297685152603,13.739586941645,0.05618035892892183,8.877793008343474,41.17888464037313,82.53670164476046,0.6737222723704317,0.8208320516596813
2010,all,random,2500,0,390000,97488,97488,28.521367451713527,12.185304950232585,0.2907201581871062,7.728494444239004,35.43947348375583,72.86987804770223,0.5994524029465438,0.7743377844895815
2010,spco2_le_threshold,random,2500,0,390000,97488,97471,20.65293034879003,11.9645758631374,0.5136251994311491,7.7268798170179025,35.36802802569835,72.36712628769418,0.7394812287575557,0.8601220089603414
2010,all,random,5000,0,390000,97488,97488,27.599336152706016,11.27260635691159,-0.09364772961514736,7.158646380538443,31.48505340392101,67.84408151736024,0.6249313932785898,0.7908622342281901
2010,spco2_le_threshold,random,5000,0,390000,97488,97471,19.94807369051521,11.05578093892525,0.12512742005204364,7.1571464731223955,31.45004017744327,67.28278649941326,0.7569600942563388,0.8706669226984755
2010,all,historical_density,500,0,390000,97488,97488,40.757448368933,22.073685670866414,-0.3950232922958391,14.734891007936312,65.69649472277567,113.37482394122392,0.18204875626483552,0.5368741746503174
2010,spco2_le_threshold,historical_density,500,0,390000,97488,97471,34.780572471402834,21.83506472059415,-0.15262134808244854,14.730735423660064,65.61874081719918,112.18137977288761,0.2611621900257808,0.6159221728179463
2010,all,historical_density,1000,0,390000,97488,97488,40.98652759790727,20.532916082125453,-3.18548541939605,12.246411679425137,70.52487412038093,120.52145433361328,0.17282824689826037,0.567550842994984
2010,spco2_le_threshold,historical_density,1000,0,390000,97488,97471,35.03238386359905,20.293163092841063,-2.9427068499774007,12.242307113008621,70.32853970088661,120.07146501587937,0.25042508839974675,0.6483647289410942
2010,all,historical_density,2500,0,390000,97488,97488,40.98073712018819,19.008378617878137,-5.465233219157967,9.902592163363806,74.32797959722527,141.51767631071283,0.17306195204709163,0.5823053800540922
2010,spco2_le_threshold,historical_density,2500,0,390000,97488,97471,35.17398215967916,18.771708697280577,-5.226201227054229,9.901459381198833,74.1338661348893,141.18067622862392,0.24435339012692114,0.6612637953256459
2010,all,historical_density,5000,0,390000,97488,97488,37.73242517095564,16.55002912055844,-3.852196358331852,9.046794326559422,53.44362018928491,147.32057654019238,0.29895986570689603,0.6138844316805573
2010,spco2_le_threshold,historical_density,5000,0,390000,97488,97471,31.330665730948123,16.314845488780247,-3.614798086743273,9.044929888876766,53.3694272101597,146.6741349112751,0.4004644963159968,0.6981159686429164
2010,all,spatial_coverage,500,0,390000,97488,97488,33.26054585520921,16.9236682991654,-0.46732140847199344,11.466975042409103,48.046977187453,90.89975609501819,0.4552814216560772,0.6768449682008062
2010,spco2_le_threshold,spatial_coverage,500,0,390000,97488,97471,26.403870122876285,16.69660611486038,-0.23738905871117744,11.463186358785663,47.97862214878464,90.35956418295386,0.5741949223498821,0.7595865678578475
2010,all,spatial_coverage,1000,0,390000,97488,97488,31.156941694522764,15.068364146224207,-0.8652175799388542,9.70440172830888,44.79710242328144,85.32478667134389,0.5220052945391217,0.7241732817735422
2010,spco2_le_threshold,spatial_coverage,1000,0,390000,97488,97471,24.208112340090672,14.847649922765777,-0.6420261736093461,9.70351686913915,44.74123946880172,84.70362749891761,0.642070484579109,0.8032098698606221
2010,all,spatial_coverage,2500,0,390000,97488,97488,27.82238523152715,12.961267257176782,0.23014990768837162,8.624239487958675,37.11082183859788,73.0581816166037,0.6188445252231698,0.7866952753587422
2010,spco2_le_threshold,spatial_coverage,2500,0,390000,97488,97471,20.551968473798,12.74974773929384,0.44397015185710764,8.622408569336926,37.07289960997872,72.36417540564524,0.7420220956814783,0.8615169921965328
2010,all,spatial_coverage,5000,0,390000,97488,97488,26.33581091084637,11.745708961060442,0.026326878726662614,7.820973942670122,33.14895078314808,63.08984625981023,0.6584873196366172,0.8114866709307844
2010,spco2_le_threshold,spatial_coverage,5000,0,390000,97488,97471,19.250987087923384,11.54196693829004,0.23212207227890247,7.819520138880591,33.09100453132979,62.59330907108614,0.7736493918067503,0.8797209267083441
2010,all,random,500,1,390000,97488,97488,33.60396492809456,16.67538105425277,-2.7360040302238353,10.67198677134877,50.00511138164728,97.62122990798895,0.4439747826646079,0.6692669020591563
2010,spco2_le_threshold,random,500,1,390000,97488,97471,26.705617090097405,16.44558597506118,-2.503777772431344,10.670334726999954,49.956569519379144,96.90681495643243,0.564406996235886,0.7542948424420174
2010,all,random,1000,1,390000,97488,97488,30.83374109315084,13.86998130391227,-0.4800940072871942,8.79517514305391,40.00730761547741,83.67566734807956,0.5318706337579677,0.7295730753369987
2010,spco2_le_threshold,random,1000,1,390000,97488,97471,23.276841978267075,13.64351351135024,-0.25129087309490994,8.792140672395476,39.93934205118458,83.13773575732898,0.6690794199954124,0.8183773839445776
2010,all,random,2500,1,390000,97488,97488,28.25623169962289,11.734241716509224,-0.2845515947280535,7.623073648179684,33.44480074323255,71.45975016004438,0.6068648014764619,0.78053261023261
2010,spco2_le_threshold,random,2500,1,390000,97488,97471,19.77316119238475,11.50850895271162,-0.056821880739416256,7.6217834113138565,33.39001348969225,70.88112822937678,0.7612035457728787,0.8744615623581815
2010,all,random,5000,1,390000,97488,97488,27.09870483654197,10.535497748818617,-0.4821693939156332,6.934037710211612,29.820682849552252,58.24745290374623,0.6384149115512154,0.8003623957438797
2010,spco2_le_threshold,random,5000,1,390000,97488,97471,18.029121861484946,10.30927339177842,-0.254191627327639,6.9320704576187495,29.776520545882192,57.937763020421244,0.8014706097520392,0.8970353063686893
2010,all,historical_density,500,1,390000,97488,97488,41.21329039238739,22.214912741766103,-5.169623550161473,14.526973143796283,65.38796926293155,127.31749920921361,0.1636500768625594,0.548464157670384
2010,spco2_le_threshold,historical_density,500,1,390000,97488,97471,35.25523268144201,21.974125307860092,-4.925863232872123,14.52495607405973,65.29026369270676,126.93268205690117,0.2408583298857131,0.6285928687275365
2010,all,historical_density,1000,1,390000,97488,97488,37.919126756156516,19.257049507804,-2.283604326718264,12.318086373628717,56.41809342709139,95.11818105420856,0.2920051514688956,0.5935809333960199
2010,spco2_le_threshold,historical_density,1000,1,390000,97488,97471,31.37444438013969,19.01658728516539,-2.040181751071288,12.316083673556648,56.34987576794157,93.9066212053309,0.3987878519565089,0.6801418006816654
2010,all,historical_density,2500,1,390000,97488,97488,36.71824988753432,17.232624566688628,-3.1249892407422086,9.949154698753176,55.65940687366631,124.72447640308903,0.33613864317929065,0.6264790913289929
2010,spco2_le_threshold,historical_density,2500,1,390000,97488,97471,30.24536750938338,16.999134829615596,-2.88903897899475,9.946954489607322,55.4877326369072,124.0788636443555,0.44128106194311323,0.7099783224039349
2010,all,historical_density,5000,1,390000,97488,97488,37.79953858166126,16.773407176561967,-4.284536679259234,8.954686834272167,58.058597668532485,142.13900641815127,0.29646381427845614,0.6158186112788637
2010,spco2_le_threshold,historical_density,5000,1,390000,97488,97471,31.47217371838166,16.538986913546083,-4.04793822171929,8.95156983218061,57.95044857095485,141.08237101169306,0.39503654561909896,0.6989125012259984
2010,all,spatial_coverage,500,1,390000,97488,97488,36.17385543373249,19.3083248861295,-2.7380997495770893,12.758964545854582,57.74829097229712,109.4534944179397,0.35567788145503487,0.6084910639145853
2010,spco2_le_threshold,spatial_coverage,500,1,390000,97488,97471,30.167873210138886,19.083044962146307,-2.5099297985363975,12.755387759011683,57.637376704703485,108.57719392628135,0.4441404792981798,0.6790013170038247
2010,all,spatial_coverage,1000,1,390000,97488,97488,32.32561807426102,15.681684404545484,-1.0769123515860766,9.959103628941193,46.330979853204674,90.83986632682661,0.4854742458354744,0.7019861780921702
2010,spco2_le_threshold,spatial_coverage,1000,1,390000,97488,97471,25.44667762004018,15.457085368016052,-0.8497660843428883,9.956029868452902,46.277248933363865,90.34640613940654,0.6045078789187972,0.7829320026635167
2010,all,spatial_coverage,2500,1,390000,97488,97488,29.466159619202486,12.776351573709345,-0.3584568797911925,8.282645152798068,35.22494166502689,73.85266768638469,0.572475982890747,0.7584154722822959
2010,spco2_le_threshold,spatial_coverage,2500,1,390000,97488,97471,22.431815807073303,12.558902312667454,-0.13884180317547357,8.281190433367442,35.19237090243871,73.11033435505014,0.6926703079851771,0.8347306160162885
2010,all,spatial_coverage,5000,1,390000,97488,97488,27.900772613497686,11.810307570712185,-0.1894045953386857,7.857291706981698,32.18248717773198,62.47944584909766,0.6166937485237786,0.7865525320681294
2010,spco2_le_threshold,spatial_coverage,5000,1,390000,97488,97471,21.10938021685915,11.607132853225965,0.01579693371796256,7.856281781963105,32.144410582881534,61.90640640110793,0.7278385406108074,0.8557104485545578
2010,all,random,500,2,390000,97488,97488,32.30861109923529,16.30295890548259,0.5025318854932425,10.961007909698594,45.05614130539213,85.51883798019068,0.48601550229292445,0.6972988317665053
2010,spco2_le_threshold,random,500,2,390000,97488,97471,25.414780087149268,16.079317165377212,0.729104685538977,10.958441300244033,45.01865479439934,84.85250853496916,0.6054987600473432,0.7784417932869336
2010,all,random,1000,2,390000,97488,97488,31.145720703332078,14.143712483657454,0.646153973302344,8.730640378173007,42.0688981128449,84.3611509637704,0.5223495265630285,0.7229128134180189
2010,spco2_le_threshold,random,1000,2,390000,97488,97471,24.10707797341709,13.923220250913836,0.8692257192321238,8.7291850098552,41.99737849894288,83.44957952344829,0.6450519410863915,0.803461170373404
2010,all,random,2500,2,390000,97488,97488,28.500759092180964,11.593231696968651,-0.11733780685458223,7.283789751244001,33.32072268970633,72.16376819431356,0.6000310320517139,0.7757698445619896
2010,spco2_le_threshold,random,2500,2,390000,97488,97471,20.15332959723452,11.366217848384172,0.1116775621424505,7.281922413714597,33.281859491425905,71.51037006118021,0.7519328394905085,0.868693199069889
2010,all,random,5000,2,390000,97488,97488,29.877976260456766,11.865815242097872,0.6319476747064809,7.280618312372326,32.49585176197919,80.61681215301985,0.5604423946877825,0.749049907388832
2010,spco2_le_threshold,random,5000,2,390000,97488,97471,23.230571126376013,11.655046316681313,0.8448963455815445,7.278540068042162,32.438779154509035,79.59782658404785,0.6703937527737645,0.8198429893204546
2010,all,historical_density,500,2,390000,97488,97488,40.94433496407448,21.43031795919568,-4.4876183745337865,13.340702527848975,72.6115230230831,128.02819587943816,0.17453039602651677,0.5547158333590734
2010,spco2_le_threshold,historical_density,500,2,390000,97488,97471,35.09211522631761,21.194537736460582,-4.248883161155936,13.339182903595315,72.40682983655259,127.66714973672711,0.24786680969785357,0.6325191925939235
2010,all,historical_density,1000,2,390000,97488,97488,37.73121113010058,18.331276444787445,-2.459632557540697,11.519731979578609,55.37033128513616,122.5389049085439,0.2990049769165932,0.6031642040017725
2010,spco2_le_threshold,historical_density,1000,2,390000,97488,97471,31.22326049943319,18.09335906050411,-2.2189469863496343,11.51774530473017,55.29505229430234,121.60168959621606,0.40456800795439896,0.688956824527864
2010,all,historical_density,2500,2,390000,97488,97488,39.64583284570629,18.082264841483834,-5.474218767379131,10.162404902104953,64.40130585150253,123.81089704456437,0.22605778848270053,0.5985741093398927
2010,spco2_le_threshold,historical_density,2500,2,390000,97488,97471,33.43857380448955,17.84089074294156,-5.230645688799106,10.160733482226306,64.24853331943294,122.8493931881019,0.3170779233420521,0.6830193281585103
2010,all,historical_density,5000,2,390000,97488,97488,38.042848482076806,16.585525525614308,-4.124026775797483,9.011700955521945,54.29354642054567,150.93471738736184,0.28737755307213264,0.6159560672329853
2010,spco2_le_threshold,historical_density,5000,2,390000,97488,97471,31.620987471225774,16.34752721177508,-3.883855041363957,9.009647043770428,54.171944486827385,149.9940367729958,0.3893019735249631,0.701531234392903
2010,all,spatial_coverage,500,2,390000,97488,97488,33.456845622012885,17.557992703921382,-0.818592291555186,12.168586778279774,49.491802572973285,90.45089169254585,0.4488327200086981,0.6704826664322345
2010,spco2_le_threshold,spatial_coverage,500,2,390000,97488,97471,26.717706250606515,17.33090711855687,-0.5885871731294502,12.166602328814804,49.401691822977824,90.01497109812627,0.5640125364768444,0.7513409428736539
2010,all,spatial_coverage,1000,2,390000,97488,97488,30.474971556454012,14.986729483331164,0.9314262302913621,9.900434587564263,43.63173388005726,82.9048134778669,0.5427012009176905,0.7371582106032726
2010,spco2_le_threshold,spatial_coverage,1000,2,390000,97488,97471,23.328804200871332,14.765750815066763,1.155181197630681,9.89688897596426,43.56376921552484,82.22780253352721,0.6676003050914106,0.8177230536570462
2010,all,spatial_coverage,2500,2,390000,97488,97488,28.730312912402994,13.131922755020941,0.08150161323407808,8.684941016686452,37.20638152167566,74.0164848947689,0.5935621408270503,0.7707555851801617
2010,spco2_le_threshold,spatial_coverage,2500,2,390000,97488,97471,21.802035435278952,12.922540476068242,0.2931884567676273,8.68308854586752,37.160137415308014,73.63527468173005,0.7096848214320525,0.8432903567407338
2010,all,spatial_coverage,5000,2,390000,97488,97488,26.105859490737746,11.77754078464011,-0.37471053543956,8.005723617800953,32.97705706482156,61.090775408809805,0.6644251263390932,0.8163583496289437
2010,spco2_le_threshold,spatial_coverage,5000,2,390000,97488,97471,18.783239861106527,11.572658088876999,-0.16783906235564622,8.003053114373984,32.94129129488343,60.741423882088796,0.7845151860086075,0.8862132917320581
2010,all,random,500,3,390000,97488,97488,36.98954398177004,18.325189228961182,1.0967521713208035,11.121958407744131,54.977868443539634,141.2285250574259,0.3262924762280578,0.5902816754233189
2010,spco2_le_threshold,random,500,3,390000,97488,97471,31.228521827245014,18.105153238602973,1.3201755589951913,11.119550179265275,54.8707238336101,139.96948767896333,0.40436732251697727,0.6573454891153835
2010,all,random,1000,3,390000,97488,97488,33.56917526828215,15.624972634032478,1.4347195686259087,9.349802554260663,46.25882844482092,115.07467856505167,0.4451254751478494,0.673714801862932
2010,spco2_le_threshold,random,1000,3,390000,97488,97471,27.34279218893095,15.40800994524563,1.6546576528375008,9.347542446687498,46.1834774569858,113.90226368613655,0.5433732140698928,0.7453788747842105
2010,all,random,2500,3,390000,97488,97488,29.1664138348731,12.354263534194766,0.9704410029430063,7.678806522748573,36.007177008764636,81.29707468911072,0.5811297555766197,0.7627753648173424
2010,spco2_le_threshold,random,2500,3,390000,97488,97471,21.467235570340062,12.134997134560667,1.1920313756268481,7.677219142382512,35.96111915758152,80.32119093333763,0.7185327276913424,0.848361630422842
2010,all,random,5000,3,390000,97488,97488,27.122951816367195,10.988553817446848,0.004362279057657258,7.099766959841844,31.17162977750194,64.22670680834958,0.6377675545091636,0.798866164493585
2010,spco2_le_threshold,random,5000,3,390000,97488,97471,18.60138424417368,10.76619419203079,0.22863918831855778,7.098255804498706,31.130009843412154,63.82241800706746,0.7886675498267443,0.8883609736573082
2010,all,historical_density,500,3,390000,97488,97488,42.79776656420237,23.18278045648073,-3.729086211495564,14.922911229338496,74.51458349887204,137.71196617998731,0.09810567507555124,0.5221181485694283
2010,spco2_le_threshold,historical_density,500,3,390000,97488,97471,37.256369612069264,22.948645117102828,-3.4915579367608376,14.919455990877225,74.19355100328141,137.28245544056747,0.15223257057823625,0.5954595948269517
2010,all,historical_density,1000,3,390000,97488,97488,39.970503617991895,20.373666864039972,-3.5368262444641263,12.036762163347078,72.04655933644248,119.80874668075693,0.2133298277514193,0.5681477149841627
2010,spco2_le_threshold,historical_density,1000,3,390000,97488,97471,34.17685743350531,20.144015151689366,-3.3042380044228965,12.035431499732795,71.85158736105333,119.26561328780826,0.28658881518878765,0.6431781331460122
2010,all,historical_density,2500,3,390000,97488,97488,41.3440015098517,19.334876493786158,-5.154999579422502,10.444778971339474,73.47733325949504,139.0222363834853,0.15833656800355578,0.5765362600718295
2010,spco2_le_threshold,historical_density,2500,3,390000,97488,97471,35.62192341817581,19.100304636256475,-4.91795459750152,10.442392020641705,73.26969379909022,138.5448743074555,0.22498449411561072,0.6543188160506829
2010,all,historical_density,5000,3,390000,97488,97488,36.64797457156162,15.803453838974216,-3.5856666092447775,9.02040396799643,50.185020454748084,126.17873145225563,0.3386773492417917,0.6304292513411823
2010,spco2_le_threshold,historical_density,5000,3,390000,97488,97471,29.861392475507675,15.564334673274965,-3.3444165288847003,9.018198348411659,50.10829583224475,124.64037325704484,0.4553772591182864,0.7198415166062653
2010,all,spatial_coverage,500,3,390000,97488,97488,33.236682429584086,17.82942158284029,-1.9037204684745053,12.298871955990933,50.19933022326269,88.11249206151291,0.45606277913578575,0.6789962603548093
2010,spco2_le_threshold,spatial_coverage,500,3,390000,97488,97471,26.575922017746347,17.60709415031259,-1.6786154208721282,12.29519989022657,50.131667248258594,87.47537208725397,0.568627612786154,0.7577038057193166
2010,all,spatial_coverage,1000,3,390000,97488,97488,31.283348817938183,15.035458650394789,-0.4492801498364077,9.737803907707587,44.749609142893334,84.21974115030629,0.5181188729819142,0.7200224733034792
2010,spco2_le_threshold,spatial_coverage,1000,3,390000,97488,97471,24.008704681935225,14.811492805000626,-0.22277031664577693,9.735771722874347,44.69845968633467,83.75982351237785,0.6479428900017257,0.8050713286489629
2010,all,spatial_coverage,2500,3,390000,97488,97488,28.32926766166601,12.366867631256902,-0.3360960870515668,8.064140609534263,35.25559356498617,72.45618433220423,0.60482984394534,0.7779915075544979
2010,spco2_le_threshold,spatial_coverage,2500,3,390000,97488,97471,20.61251233798738,12.148568125107573,-0.11569828380616383,8.061989066839715,35.19554015112399,71.66040216784124,0.7404999071738436,0.860950028265757
2010,all,spatial_coverage,5000,3,390000,97488,97488,26.30870187832163,11.436724066775051,-0.012044278512806154,7.793312721015496,31.9179351758855,60.6736790787539,0.6591900368183852,0.8124531591265363
2010,spco2_le_threshold,spatial_coverage,5000,3,390000,97488,97471,18.179922824131623,11.223139531551533,0.2035328448282068,7.791787551596656,31.884133615118515,60.30618102946723,0.7981356020514159,0.8936893975577793
2010,all,random,500,4,390000,97488,97488,33.41847182202589,17.184379809680426,1.7394439155611388,11.285692844141607,51.26764438050837,96.39939020022106,0.45009633307227626,0.6720778427663647
2010,spco2_le_threshold,random,500,4,390000,97488,97471,26.87393667884938,16.9638520193128,1.9632722261176334,11.284546047301603,51.212554839816505,95.53400456386115,0.5588987998742532,0.7492649576593259
2010,all,random,1000,4,390000,97488,97488,31.311463022096074,14.478559869570251,0.8036450519754785,9.248114617868055,43.02008628216697,86.41066735663284,0.5172523550081484,0.7194889224710641
2010,spco2_le_threshold,random,1000,4,390000,97488,97471,23.813658399816482,14.250869008549575,1.0340012953526165,9.246761011182969,42.96917948443118,85.86659012505461,0.6536398657298232,0.8091004728228264
2010,all,random,2500,4,390000,97488,97488,28.78926222482242,12.002081749391861,0.5483854281269471,7.50260710738749,35.11141581012504,76.26578840614427,0.5918925584330575,0.7697252080716743
2010,spco2_le_threshold,random,2500,4,390000,97488,97471,20.67721630588312,11.778816911312694,0.7738392038595463,7.499911913868516,35.02888450884677,75.73275454347832,0.7388681760285405,0.860190077256993
2010,all,random,5000,4,390000,97488,97488,27.084947001228073,10.779227654730148,0.18903085352853038,6.9614230719144246,30.867180051717416,64.02120258227484,0.6387819671234838,0.7999270154626289
2010,spco2_le_threshold,random,5000,4,390000,97488,97471,18.246969130948692,10.554257202817565,0.4159142887350186,6.960232182473817,30.815136780444533,63.43159247112184,0.796643932454519,0.8934837457706707
2010,all,historical_density,500,4,390000,97488,97488,42.17390809968873,22.66395327869862,-5.178102437253719,13.982822177323527,80.39115808335846,129.96346993569938,0.12420766950102324,0.5373811039829649
2010,spco2_le_threshold,historical_density,500,4,390000,97488,97471,36.58546878757403,22.430656891205434,-4.9417563276451935,13.978381516529396,80.26889180536119,129.44256096610184,0.18249031055925613,0.6113434783157252
2010,all,historical_density,1000,4,390000,97488,97488,40.59211328449305,18.9632462140429,-3.874371754977325,11.03444225587188,62.059264971710746,145.9570680949124,0.18867143490239735,0.56201992313365
2010,spco2_le_threshold,historical_density,1000,4,390000,97488,97471,34.418544005313784,18.719618292720202,-3.6281121702285404,11.031868744908877,61.955849594645514,144.44074757212275,0.27646315884072237,0.6459080229933742
2010,all,historical_density,2500,4,390000,97488,97488,39.004259497067764,18.010640697356735,-3.8360710951271377,10.247568783849118,58.12108963250687,153.14318510902555,0.2509039322946147,0.5923176228640308
2010,spco2_le_threshold,historical_density,2500,4,390000,97488,97471,32.80395414201595,17.773609072574388,-3.5965672716063186,10.244464657882816,57.98974816812057,152.5493633424782,0.3427538473535974,0.6747099974658208
2010,all,historical_density,5000,4,390000,97488,97488,39.443692090644134,16.834473199789773,-4.59301604963291,9.126563708790542,52.44675580390739,163.35852458376488,0.23392981037984095,0.5935313667359068
2010,spco2_le_threshold,historical_density,5000,4,390000,97488,97471,33.07194766741199,16.59176458333156,-4.348172390222918,9.124260869910586,52.394837234367145,162.27262198732055,0.33197117184960556,0.6803838628227634
2010,all,spatial_coverage,500,4,390000,97488,97488,33.90075936116996,18.381181016943746,1.820754569266543,12.620377844611596,51.41516734500974,93.926208569384,0.4341096401974054,0.6601103901741616
2010,spco2_le_threshold,spatial_coverage,500,4,390000,97488,97471,27.705626499898322,18.165259067763692,2.0401999552120462,12.617502604727804,51.338886042158606,93.10772380206934,0.5311740841319735,0.730562962434348
2010,all,spatial_coverage,1000,4,390000,97488,97488,41.26008015780069,19.05353141604154,1.379346281228215,10.502150175651082,58.419090735045586,154.14965244324506,0.16174996987694734,0.5634650464538925
2010,spco2_le_threshold,spatial_coverage,1000,4,390000,97488,97471,37.23033221506628,18.859489639064098,1.5769517737810963,10.499819688675814,58.30607408584646,152.64668020647383,0.153417116685986,0.6042238199023313
2010,all,spatial_coverage,2500,4,390000,97488,97488,30.68079826821922,13.250093741668715,1.2669023126455399,8.389429307568548,37.59072183416118,77.01669782160737,0.5365031860123479,0.7372324537061963
2010,spco2_le_threshold,spatial_coverage,2500,4,390000,97488,97471,24.829769574681904,13.049563773144566,1.4699642027968727,8.38781123852607,37.51261749941233,76.327943178467,0.6234513986616599,0.7977071314196826
2010,all,spatial_coverage,5000,4,390000,97488,97488,26.059000876617592,11.679887579007987,0.25071490155565684,7.743886748238339,32.91095846661517,63.98747535577918,0.6656287228831477,0.816046951293047
2010,spco2_le_threshold,spatial_coverage,5000,4,390000,97488,97471,19.6275344953329,11.49126427200915,0.44141903507899694,7.742526076392608,32.856405978615186,63.51225368832395,0.7647080012747489,0.8746138337047854
2010,all,random,500,5,390000,97488,97488,33.65470101012802,17.373152183256174,0.18522165140918553,11.757908846557655,48.604480224479914,91.71268606972109,0.4422945144236625,0.6650811250126034
2010,spco2_le_threshold,random,500,5,390000,97488,97471,27.11104369973931,17.148840080025064,0.4125961255525612,11.754624943694012,48.55584580181977,90.84940720943395,0.5510808474705424,0.7424259556908221
2010,all,random,1000,5,390000,97488,97488,30.72146948578398,14.420024078772151,0.3981257998146166,9.321656151852409,41.61616670298836,82.98764383557892,0.5352735260629832,0.7321326433460169
2010,spco2_le_threshold,random,1000,5,390000,97488,97471,23.612705363664812,14.200898380121748,0.619835944586798,9.319373497141157,41.55464852998816,82.11334190963203,0.6594607646870594,0.8126332493791236
2010,all,random,2500,5,390000,97488,97488,28.056630827221667,11.904012985893011,0.4746470188757054,7.62755859158645,34.453802719320535,71.7618310745858,0.6123993663489793,0.7831248844930649
2010,spco2_le_threshold,random,2500,5,390000,97488,97471,20.32826420168165,11.689316495586093,0.6915024818009513,7.625768654825492,34.418355361492985,70.69614320523682,0.7476076116436718,0.8651525528021602
2010,all,random,5000,5,390000,97488,97488,26.6281046660521,10.838064296089932,0.12184769475761492,7.208902950750257,30.476506782672512,62.69934330546066,0.650864545277309,0.8077503273738154
2010,spco2_le_threshold,random,5000,5,390000,97488,97471,18.3197021873395,10.62432912108743,0.33749439733082465,7.207107814831204,30.436931976496595,62.24103470646741,0.7950195326583789,0.8924702762209351
2010,all,historical_density,500,5,390000,97488,97488,40.3333086556853,20.947327848426653,-5.455760457130853,13.466168751837216,64.81454601091474,116.35943280377697,0.1989840890934399,0.5596832568657671
2010,spco2_le_threshold,historical_density,500,5,390000,97488,97471,34.17888760989975,20.705930369843347,-5.211661081104693,13.463133793128463,64.72291072794957,115.66744165119141,0.28650405645593646,0.642547232970107
2010,all,historical_density,1000,5,390000,97488,97488,41.20476801177861,20.37801009896392,-6.299041066943764,11.833586519575789,70.61364758867461,131.50097431436618,0.16399593400434564,0.565120920466374
2010,spco2_le_threshold,historical_density,1000,5,390000,97488,97471,35.2323757791975,20.136852265425723,-6.055427708443841,11.830356209922058,70.47979127110315,130.76565938473786,0.24184235414902377,0.646626547343768
2010,all,historical_density,2500,5,390000,97488,97488,37.69858224473876,17.50072156873509,-3.958462864191196,10.08137606777953,57.56983345864532,114.56982702066286,0.30021685407273047,0.6151689394006081
2010,spco2_le_threshold,historical_density,2500,5,390000,97488,97471,31.1350334404672,17.260845227439205,-3.716224606038218,10.079268768393206,57.477393357651835,113.67772293237579,0.4079282587104204,0.7024058640045774
2010,all,historical_density,5000,5,390000,97488,97488,36.28620945515644,15.793001009542786,-3.523509792521815,8.703078114315673,52.04794837590839,127.6314768334473,0.35166920705060234,0.6358452586934431
2010,spco2_le_threshold,historical_density,5000,5,390000,97488,97471,29.61288907441391,15.558330194958897,-3.2866990455407037,8.701177183241839,51.93849506661846,126.9386395758394,0.4644041294039192,0.7223771289160519
2010,all,spatial_coverage,500,5,390000,97488,97488,33.20451803103781,17.514523515027875,-0.6630918973632299,12.079218325102573,50.17631957967374,91.94273282769076,0.457115047099374,0.676615679211998
2010,spco2_le_threshold,spatial_coverage,500,5,390000,97488,97471,26.38097423636849,17.289351344478447,-0.43498065429479216,12.076265356577096,50.13411428736782,91.38806856618324,0.5749330685175887,0.7585646866295555
2010,all,spatial_coverage,1000,5,390000,97488,97488,30.66392796386498,14.386348896484595,0.15765811419570633,9.383233696297765,42.57578203253971,80.44921814012231,0.5370127674424887,0.7334291424548307
2010,spco2_le_threshold,spatial_coverage,1000,5,390000,97488,97471,22.953066408970596,14.15781749530676,0.38872614800459315,9.380677714975661,42.53982559520509,80.13976691741438,0.6782214526622143,0.8240022535413393
2010,all,spatial_coverage,2500,5,390000,97488,97488,27.28558862961206,11.944489208576082,-0.3614262115013966,7.8739885328959645,34.53269795782261,67.44419968601724,0.6334104359769983,0.7961308359454268
2010,spco2_le_threshold,spatial_coverage,2500,5,390000,97488,97471,19.22716834067916,11.724987614685357,-0.13990440574303586,7.870776895794791,34.470567320995315,66.83605091255801,0.774209160777377,0.8800311986700022
2010,all,spatial_coverage,5000,5,390000,97488,97488,27.14080681364194,11.679907602715467,0.2253239268239652,7.9493174774980275,31.367230785821707,60.56022884319041,0.6372904834148418,0.7985394718154992
2010,spco2_le_threshold,spatial_coverage,5000,5,390000,97488,97471,20.46621106254199,11.474079866714607,0.433228064380182,7.94779758031865,31.308556500002567,60.24572286253601,0.744170538031343,0.8636958490379785
2010,all,random,500,6,390000,97488,97488,34.180843819352376,17.09400204333337,0.3625341198769511,11.27852322493419,49.84661160422389,99.85768481862547,0.4247203615581341,0.6520258840869196
2010,spco2_le_threshold,random,500,6,390000,97488,97471,27.435946474019385,16.8645273873363,0.5950533851914037,11.275817223875038,49.74228049764139,99.02962000901445,0.5402565461881166,0.7352615676303612
2010,all,random,1000,6,390000,97488,97488,31.10742615292963,14.203661697925742,-1.4012621479062664,9.041169281114747,41.72136118685871,82.418324485592,0.5235233741935987,0.7242173010327663
2010,spco2_le_threshold,random,1000,6,390000,97488,97471,23.61602451102999,13.975000971154175,-1.1703685437419342,9.037701846769153,41.63964183792615,81.82194549203433,0.6593650213718247,0.8125569535574492
2010,all,random,2500,6,390000,97488,97488,29.56336955560871,12.044679199987213,-0.35216787854382214,7.4801447436474575,35.38112890177215,73.4569343523761,0.5696504951893748,0.7548321662189543
2010,spco2_le_threshold,random,2500,6,390000,97488,97471,21.39890581944007,11.817095784644136,-0.12254516235778032,7.477764236957626,35.33627033370553,72.95536337644413,0.7203216846421983,0.8487230744048013
2010,all,random,5000,6,390000,97488,97488,27.236432589185945,10.576770286777744,-0.20562001504041702,6.863133445521726,29.612856325421376,61.52256729610965,0.6347300966761604,0.7970667133273304
2010,spco2_le_threshold,random,5000,6,390000,97488,97471,18.52033523521942,10.354818513530578,0.01814059934534,6.860987311277881,29.567158275405347,61.05232738771599,0.7905051518216152,0.8895641675436178
2010,all,historical_density,500,6,390000,97488,97488,39.642162761662945,20.967588716653275,-2.412996659005403,13.96246629441822,60.62340775720804,113.34748661302848,0.22620107221696295,0.558045871340646
2010,spco2_le_threshold,historical_density,500,6,390000,97488,97471,33.42552224652025,20.728115438276507,-2.1702872584489126,13.959141857832208,60.5482673541093,112.40804096791418,0.31761092798808677,0.6405207071006849
2010,all,historical_density,1000,6,390000,97488,97488,36.333911749033255,17.966270082077326,-0.6725415493200909,11.528462437767502,53.485089132263,110.44119537127402,0.34996347945341744,0.6121071064148115
2010,spco2_le_threshold,historical_density,1000,6,390000,97488,97471,29.709405496256295,17.73184873937433,-0.4351039927169923,11.526549168524241,53.405781331451664,109.59104449768495,0.4609071359905147,0.6971667149083727
2010,all,historical_density,2500,6,390000,97488,97488,37.03201038855371,16.95377255455442,-3.4297703865405103,9.832451867091635,57.93235613365812,115.36490123895118,0.3247446679713121,0.6293843800094094
2010,spco2_le_threshold,historical_density,2500,6,390000,97488,97471,30.437342689166975,16.715333221339055,-3.1889723206061196,9.830747892144245,57.82731965049885,114.36249075881348,0.43416588487797225,0.7161134560903302
2010,all,historical_density,5000,6,390000,97488,97488,36.414997534924446,15.636532501330569,-3.089838515294261,8.933934999819627,47.951642025225205,129.33009626635805,0.347058890645047,0.6324065858113204
2010,spco2_le_threshold,historical_density,5000,6,390000,97488,97471,29.591464381650365,15.396465617942946,-2.847583352338739,8.932989832997066,47.86823674444804,128.07364038368866,0.4651788478662917,0.7219238235407066
2010,all,spatial_coverage,500,6,390000,97488,97488,33.944813362163,17.963583711842404,-1.4098362759838612,12.013819889286651,53.831566909583906,93.49715871787208,0.4326379367297196,0.6585369029183187
2010,spco2_le_threshold,spatial_coverage,500,6,390000,97488,97471,27.3999742104944,17.739883496117724,-1.1832489070914765,12.011107520061046,53.778293024739014,93.16786979976737,0.5414613284540561,0.7364389322067313
2010,all,spatial_coverage,1000,6,390000,97488,97488,29.992920360300865,14.325664072481795,0.8077662813099067,9.465392415077531,41.65996050981409,79.114453139292,0.557053829157791,0.747251677543816
2010,spco2_le_threshold,spatial_coverage,1000,6,390000,97488,97471,22.54482086615409,14.104156288218444,1.0319135000308373,9.462940881322766,41.595169694515334,78.47346355065346,0.6895660305858364,0.8315192561685507
2010,all,spatial_coverage,2500,6,390000,97488,97488,27.51753370656454,12.397429389038987,-0.011466536447364084,8.23221289292701,36.03791224581942,69.03831099414126,0.6271514510661014,0.79226261742436
2010,spco2_le_threshold,spatial_coverage,2500,6,390000,97488,97471,19.65252174512491,12.18358555882964,0.20453754007621308,8.230202187279986,35.98269357818339,68.33553863380902,0.7641085329786711,0.8743308313187445
2010,all,spatial_coverage,5000,6,390000,97488,97488,25.930160395012148,11.756966799778167,-0.1778502942441024,7.976465421691728,33.012116799859335,61.808017006958984,0.6689269350820481,0.8187759192748781
2010,spco2_le_threshold,spatial_coverage,5000,6,390000,97488,97471,18.5558595753851,11.55340424654314,0.027731782547615314,7.973755319393547,32.96959521562269,61.23464716815518,0.7897007059342105,0.8889069239660568
2010,all,random,500,7,390000,97488,97488,32.779982186344846,16.433575203571163,-0.8606137989088455,10.971142448471113,46.79846759760676,90.85668934254201,0.47090839655860717,0.6869423655038539
2010,spco2_le_threshold,random,500,7,390000,97488,97471,25.892714031248616,16.20807686100965,-0.6323993629053928,10.968612474583892,46.75024497259071,90.22233816614299,0.5905217769146471,0.7692747182958624
2010,all,random,1000,7,390000,97488,97488,31.06225465228846,14.1308423069207,-0.001613224131544588,9.057323875398964,41.238783597608396,82.74668838570997,0.5249061653681668,0.7248940176710589
2010,spco2_le_threshold,random,1000,7,390000,97488,97471,23.73525472717427,13.905121427613514,0.22657194603556233,9.05589163138984,41.189931566671646,82.08368489222536,0.6559168113643311,0.8104499791351524
2010,all,random,2500,7,390000,97488,97488,28.977216216890326,11.947933760828345,-0.5435368476966429,7.428196875547826,34.78613684324909,72.78389119414427,0.5865464115051934,0.765998524498328
2010,spco2_le_threshold,random,2500,7,390000,97488,97471,20.657687759860668,11.717971935236214,-0.311585971540514,7.426496154102381,34.73102271887551,72.27976687700124,0.7393611937201012,0.8600447889520711
2010,all,random,5000,7,390000,97488,97488,27.629364212055428,11.175837249447163,-0.4043227537734121,7.255117125177918,32.02575717188741,62.99553283191517,0.6241148005053835,0.7907575860798262
2010,spco2_le_threshold,random,5000,7,390000,97488,97471,18.92830750074119,10.94927275881302,-0.17587959413590687,7.252819137582833,31.96933318002334,62.63159549168369,0.7811738468713101,0.8848245914217465
2010,all,historical_density,500,7,390000,97488,97488,41.494377427996554,22.220392410311884,-4.091645538015682,14.16279846721551,70.25112722346316,131.95341895498962,0.15220285676370238,0.5223292667107606
2010,spco2_le_threshold,historical_density,500,7,390000,97488,97471,35.709867104168154,21.98278803135934,-3.8508793089043336,14.1582591891123,70.15814543411454,131.41969965856885,0.2211530415774211,0.5978044322066169
2010,all,historical_density,1000,7,390000,97488,97488,37.62973497261786,18.609471047408558,-1.4252666357642088,11.660018722542247,57.559455094542805,107.81044373685558,0.3027704868606602,0.5997724765015693
2010,spco2_le_threshold,historical_density,1000,7,390000,97488,97471,31.131909779074878,18.371406930262975,-1.184205406913628,11.65772139806819,57.508957509860466,106.49145634932123,0.40804705343534076,0.684963616317276
2010,all,historical_density,2500,7,390000,97488,97488,35.86618149555007,16.470418038838233,-3.7166087738665405,9.880085714639478,52.632183632018894,97.93320922643214,0.3665917339602758,0.6419290760817827
2010,spco2_le_threshold,historical_density,2500,7,390000,97488,97471,28.999319227268096,16.23247762395269,-3.476443956261171,9.878096019505733,52.561027105707694,96.91568625797952,0.4863689547087744,0.7311134839950391
2010,all,historical_density,5000,7,390000,97488,97488,37.685295313671176,16.522919667668738,-3.982373407815012,9.307026662032541,52.226889130200156,138.84514771220333,0.3007100467248516,0.6105100449381867
2010,spco2_le_threshold,historical_density,5000,7,390000,97488,97471,31.050078903469952,16.28258637350947,-3.739852906317999,9.305462916127453,52.135068777993894,137.02282056023284,0.4111548849474205,0.6989308540830742
2010,all,spatial_coverage,500,7,390000,97488,97488,32.938889631200944,17.015083025697997,-2.6817854064565885,11.52615100033347,49.64697593709444,89.40976955583508,0.46576621049657907,0.6850675282394848
2010,spco2_le_threshold,spatial_coverage,500,7,390000,97488,97471,25.94564897513506,16.786917428560308,-2.4511199266919945,11.52443574311576,49.588957555693725,88.96681034821916,0.5888457947373831,0.7697573042735928
2010,all,spatial_coverage,1000,7,390000,97488,97488,30.4069854898233,13.941586962971487,-1.9165128611018711,9.172286758255552,40.13343214316903,77.03017698937234,0.5447392843702243,0.7393897585041701
2010,spco2_le_threshold,spatial_coverage,1000,7,390000,97488,97471,22.432693730441606,13.710130500631106,-1.6829590953611795,9.170070846920055,40.10662788389365,76.72423629385331,0.6926462513327345,0.8336409625160021
2010,all,spatial_coverage,2500,7,390000,97488,97488,29.192155287044738,12.74247742853955,-0.22366688464237364,8.048572159376107,36.39221469891037,78.33018900048667,0.5803900632364445,0.7633668866018184
2010,spco2_le_threshold,spatial_coverage,2500,7,390000,97488,97471,23.126740029644342,12.539820436756212,-0.018826476465994103,8.046170877623922,36.34408503804457,77.91329084703573,0.6733335768308077,0.8239718115464431
2010,all,spatial_coverage,5000,7,390000,97488,97488,26.720783796899585,11.803532938419385,-0.18151919298534808,7.8219075243433736,33.27160510901767,65.948670928442,0.6484299836614578,0.8054970631424516
2010,spco2_le_threshold,spatial_coverage,5000,7,390000,97488,97471,19.85896712825416,11.603978193600517,0.02006255713430038,7.820350782142668,33.23051445380574,65.39040359172857,0.7591265271611983,0.8712797334975206
2010,all,random,500,8,390000,97488,97488,33.422518853580925,17.46960029425999,2.0483727420196103,11.91198567270547,49.95189530534995,94.05411148917871,0.4499631365420088,0.6724598697626211
2010,spco2_le_threshold,random,500,8,390000,97488,97471,26.855883283542312,17.24584746864461,2.2755297139104695,11.908099459435675,49.88414677206637,93.33098940069073,0.5594912474646707,0.7502203155758255
2010,all,random,1000,8,390000,97488,97488,31.592974822648976,14.980265865852934,1.8360373302655415,9.618631415940996,43.051484092286074,88.84699047117073,0.5085328600058039,0.7143897190116597
2010,spco2_le_threshold,random,1000,8,390000,97488,97471,24.582806765506206,14.756980146090536,2.0622559957690707,9.616096942203228,42.99535368429167,88.11176217003607,0.6309046319535956,0.7960437087954343
2010,all,random,2500,8,390000,97488,97488,31.810815773467766,13.453890591319935,0.93978601289952,8.035829672731893,38.436002177499475,97.20678478249273,0.5017319318057666,0.7146915382735475
2010,spco2_le_threshold,random,2500,8,390000,97488,97471,26.01702709474543,13.246791519485873,1.1493954981106014,8.033170417604254,38.3893783877364,95.68979825785574,0.5865804605871505,0.775838914968946
2010,all,random,5000,8,390000,97488,97488,27.590365739339344,11.089475143723496,-0.11263268989408327,7.158586755952427,30.706646328474008,67.95400029143642,0.6251751653498905,0.7907054234173856
2010,spco2_le_threshold,random,5000,8,390000,97488,97471,19.63885818747621,10.867374196462407,0.11138273779416191,7.157775877070776,30.653728435625652,67.1789987910538,0.7644364294443464,0.8743951959437429
2010,all,historical_density,500,8,390000,97488,97488,38.18798308699682,20.607667200312612,-2.792471008421799,14.147342967838284,58.63858182351097,101.6610474143764,0.28192982933920074,0.5750977464904243
2010,spco2_le_threshold,historical_density,500,8,390000,97488,97471,31.95718226133373,20.375383194056244,-2.5570798386474425,14.144507554178688,58.57272774446764,100.94585558786895,0.37624704011900045,0.6550417009274083
2010,all,historical_density,1000,8,390000,97488,97488,39.19021821004668,19.155839873362783,-5.113269000020359,11.228320088500112,64.79520092241904,125.4546150004281,0.24374404711223108,0.5778357298862693
2010,spco2_le_threshold,historical_density,1000,8,390000,97488,97471,33.04989151394929,18.919952448252022,-4.874932398181676,11.226923356454733,64.63432989961578,125.07322994039006,0.33286191062877724,0.6585816608613559
2010,all,historical_density,2500,8,390000,97488,97488,41.95441491341351,18.807977780285277,-6.605326475218126,9.884424731880387,63.40789671375329,167.02276402064587,0.1333000314936693,0.5640240670485186
2010,spco2_le_threshold,historical_density,2500,8,390000,97488,97471,36.14774557188232,18.568259424918065,-6.363479845059579,9.882794750531048,63.235312472572105,166.58799542168146,0.20193531391889852,0.6440052505375194
2010,all,historical_density,5000,8,390000,97488,97488,40.367416998516056,17.813686463773625,-6.273002640799355,9.028003717155059,68.57166879304097,150.6447591866815,0.19762873896149347,0.594337273645005
2010,spco2_le_threshold,historical_density,5000,8,390000,97488,97471,34.55081651104652,17.580379611296213,-6.037682967842104,9.026176760214469,68.31171213592665,150.38685699312686,0.2708912828724327,0.6729622542646182
2010,all,spatial_coverage,500,8,390000,97488,97488,52.63856846400646,25.999740217732676,6.349579577052515,14.883870332029261,84.50363423791735,190.50764219691862,-0.3643367664198658,0.39323522514473597
2010,spco2_le_threshold,spatial_coverage,500,8,390000,97488,97471,49.53940922515742,25.79715592204143,6.557805945119255,14.881162205013652,84.34282139266799,188.84622475387502,-0.49891603866965983,0.4180245329782395
2010,all,spatial_coverage,1000,8,390000,97488,97488,36.058837281841285,16.910520959829835,2.017557011279605,10.438803477502518,49.368260937535055,105.90561452326243,0.3597687321858416,0.6354579102263196
2010,spco2_le_threshold,spatial_coverage,1000,8,390000,97488,97471,31.203370582688418,16.70410137496399,2.2272778583209547,10.435951680547817,49.29514600974065,104.86589731741114,0.4053263733782416,0.6855460563392898
2010,all,spatial_coverage,2500,8,390000,97488,97488,31.218226874967755,13.913141255794836,0.5112441416087751,8.738556134910027,38.93308438473831,92.05388159297661,0.520123030069261,0.7316855767043959
2010,spco2_le_threshold,spatial_coverage,2500,8,390000,97488,97471,25.95086540110365,13.718980964411335,0.707920202316033,8.73723119176816,38.88684071112098,91.16988068343474,0.5886804513243717,0.7846473509377141
2010,all,spatial_coverage,5000,8,390000,97488,97488,27.676264310712565,12.433376428726573,0.6429589902285853,8.202403670555583,33.98243081086085,71.54665368233238,0.6228376074997843,0.7906820980907175
2010,spco2_le_threshold,spatial_coverage,5000,8,390000,97488,97471,22.281663644409438,12.25254792857478,0.8260681451610034,8.200634145374295,33.92867195196135,70.98148054683799,0.6967708920401404,0.839307188049333
2010,all,random,500,9,390000,97488,97488,33.512600585743705,17.049215741472096,-0.3745520805479724,11.40078796812952,48.52843166199582,90.96409398882652,0.4469941774463829,0.6686328322694199
2010,spco2_le_threshold,random,500,9,390000,97488,97471,26.650858298924756,16.821603571269485,-0.14403166807600912,11.398298879760546,48.47156328051713,90.64624353452517,0.5661914966207071,0.752542909937601
2010,all,random,1000,9,390000,97488,97488,30.731861908488863,13.833561053740988,0.2733993269814938,8.922611497268093,40.04521398498149,79.61692725378771,0.5349590586288654,0.7314386066587412
2010,spco2_le_threshold,random,1000,9,390000,97488,97471,23.079759321934727,13.605684920818632,0.5037358668605089,8.920604613600574,39.98288533301661,78.87913282009748,0.6746594387041298,0.8215295634789439
2010,all,random,2500,9,390000,97488,97488,28.63580458189095,12.021088978890186,-0.09676617332702822,7.693898779770819,34.15522174018922,74.59664597667529,0.5962316965620531,0.7732707307551943
2010,spco2_le_threshold,random,2500,9,390000,97488,97471,20.589519005138207,11.799318774681122,0.12708376216307565,7.692440034191009,34.12017475118313,74.13298285109106,0.7410785308692931,0.8621488122447006
2010,all,random,5000,9,390000,97488,97488,26.70964914543212,10.757187694426463,0.014618017602298802,7.07634869403438,30.38554345929522,64.94392503075873,0.6487229237197877,0.8078098769742702
2010,spco2_le_threshold,random,5000,9,390000,97488,97471,18.0505809546925,10.536077269598618,0.23760716222479356,7.074892696133304,30.336190037713067,64.66988284128475,0.8009977308062979,0.8975082001433278
2010,all,historical_density,500,9,390000,97488,97488,40.09172709778607,21.939010243826107,1.938347556172992,14.739449660158044,62.8111197439463,126.1932832712947,0.20855092848834256,0.5304166195030374
2010,spco2_le_threshold,historical_density,500,9,390000,97488,97471,34.14978907506537,21.703057275119274,2.1784649951591883,14.737319483091994,62.75081283683491,125.15175110003842,0.2877184229953289,0.6071483515713874
2010,all,historical_density,1000,9,390000,97488,97488,38.14960437881387,18.89150863611058,-1.9750877528848323,11.870159247406292,57.55527428536834,114.19119530475115,0.2833724170427806,0.6004081646332062
2010,spco2_le_threshold,historical_density,1000,9,390000,97488,97471,31.659025097447035,18.65134713413675,-1.731975843558918,11.866810432028274,57.49084004226589,113.64408159147294,0.38783184391924075,0.6867804109361408
2010,all,historical_density,2500,9,390000,97488,97488,38.578826187918416,17.592442102148826,-3.767994450687425,10.035738229044796,57.585791568784735,140.8813961658356,0.26715612568357516,0.607114432576679
2010,spco2_le_threshold,historical_density,2500,9,390000,97488,97471,32.21116101180966,17.353669674078727,-3.5268108889460295,10.033656605799194,57.441985517643104,140.3767658939735,0.36629312646343226,0.6925598462726381
2010,all,historical_density,5000,9,390000,97488,97488,40.08878500162581,17.766941245412394,-5.656037225141811,9.193667716156142,65.34635070348884,150.93217936013394,0.2086670838153748,0.5941296409254706
2010,spco2_le_threshold,historical_density,5000,9,390000,97488,97471,34.18157804881116,17.532655597401842,-5.419639304061891,9.191761701129394,65.1942346546405,149.9008678415232,0.2863917243739664,0.6737457860618892
2010,all,spatial_coverage,500,9,390000,97488,97488,33.1179985508639,17.293696246920568,-0.2789621883177355,11.628142986249287,50.7030093699855,88.1223280267378,0.45994050175185763,0.6800406998995272
2010,spco2_le_threshold,spatial_coverage,500,9,390000,97488,97471,26.30506652818133,17.068016670495954,-0.050315057656515096,11.623351648575749,50.61685922817708,87.69879052529082,0.5773756952358539,0.7615695958096231
2010,all,spatial_coverage,1000,9,390000,97488,97488,30.785032296276807,14.611722585402521,-1.0564029397712138,9.333750229845407,44.20933296520886,83.90459882668937,0.5333484957985142,0.7310240093445376
2010,spco2_le_threshold,spatial_coverage,1000,9,390000,97488,97471,23.366774042533248,14.385818739401982,-0.8281348989437437,9.332690880916005,44.11210386125032,83.46757888636792,0.6665174004773553,0.8169539539923691
2010,all,spatial_coverage,2500,9,390000,97488,97488,27.654282528466034,12.27754226848149,-0.0870385490180424,8.256799904754644,34.503011240073505,65.13780059682132,0.6234364895641551,0.7897057306535411
2010,spco2_le_threshold,spatial_coverage,2500,9,390000,97488,97471,19.398158366051206,12.057110828396128,0.13551904718791458,8.255329363376063,34.44500635036283,64.65993094869259,0.7701753213832575,0.8777148538022186
2010,all,spatial_coverage,5000,9,390000,97488,97488,28.033048148847147,12.039068692258322,0.20122174565917364,7.925593647684337,33.57515988898466,67.83582080681572,0.6130506790171785,0.7831962870072426
2010,spco2_le_threshold,spatial_coverage,5000,9,390000,97488,97471,20.6439713190778,11.828507150213738,0.4139181271682596,7.923617865775441,33.54762386419512,67.16316558865998,0.7397072004856438,0.8606812249144578
2010,all,random,500,10,390000,97488,97488,39.230367227219205,20.00844532858452,2.522716361866149,11.587954709203359,66.90212899941781,145.50602585064422,0.24219373749355666,0.547711777039903
2010,spco2_le_threshold,random,500,10,390000,97488,97471,34.256271300957124,19.798020586777376,2.73707078274438,11.585520452425271,66.8019038951999,144.05394811417978,0.28326957711722067,0.6004487308534437
2010,all,random,1000,10,390000,97488,97488,34.86793488536675,16.28272806113275,2.33837726423032,9.585583363378987,49.29620521629001,111.72877903866049,0.40135977484932783,0.6499349728901418
2010,spco2_le_threshold,random,1000,10,390000,97488,97471,29.141265448850625,16.07002456484338,2.554328483335002,9.583354472936776,49.212107099358064,110.70474780825363,0.48132839351187695,0.7147158145140623
2010,all,random,2500,10,390000,97488,97488,30.461553216711042,12.521336997268689,0.7670813684876467,7.610646127934444,35.99454923347189,81.10979672258156,0.5431038158789733,0.737156228838603
2010,spco2_le_threshold,random,2500,10,390000,97488,97471,23.515943816181043,12.305304980417443,0.9854310296866252,7.60902271473924,35.93663398002781,80.17408274923098,0.6622460100358154,0.8142021837387622
2010,all,random,5000,10,390000,97488,97488,27.686148552817098,11.41352094018947,0.3267040230866477,7.287564456862725,32.3062657547217,69.49290837187942,0.6225681614461571,0.7892559552755449
2010,spco2_le_threshold,random,5000,10,390000,97488,97471,20.121690613098572,11.201067166826084,0.5412054190698454,7.286009993580137,32.230468501443426,68.7740167564262,0.7527111160638326,0.8677413252860052
2010,all,historical_density,500,10,390000,97488,97488,40.02466345597036,21.59765490700215,-2.7847066072072586,14.103251030808224,66.2782886560879,111.52334752891116,0.21119651490191038,0.5507246727758992
2010,spco2_le_threshold,historical_density,500,10,390000,97488,97471,33.96724485582971,21.35980850060962,-2.5435790185031086,14.100275995781658,66.183503990991,110.9560282714974,0.29531292801687936,0.6302637247090065
2010,all,historical_density,1000,10,390000,97488,97488,38.73828017774055,19.21112632682637,-0.11108694596593234,12.657847676381834,53.56856104185944,111.2892827182252,0.2610856262143406,0.5768708388528305
2010,spco2_le_threshold,historical_density,1000,10,390000,97488,97471,32.34663061778632,18.971498248806416,0.1318723861652395,12.656243792946384,53.50233924845281,109.72794936053613,0.3609515900452661,0.6618145052179425
2010,all,historical_density,2500,10,390000,97488,97488,36.67290564399514,17.024360769653182,-2.8333212844390396,10.446409206728049,52.10060941097536,96.40871843959829,0.33777726724841617,0.6248448148586674
2010,spco2_le_threshold,historical_density,2500,10,390000,97488,97471,29.895063225352494,16.784490766636775,-2.590976210157862,10.444583668316568,51.98124974051751,95.6304226119557,0.45414836835756944,0.7139042354832845
2010,all,historical_density,5000,10,390000,97488,97488,36.829818080998514,16.635836962101216,-3.711349811612066,9.005972441405277,60.697716442229954,120.87528757369226,0.33209823619948686,0.6366827160145324
2010,spco2_le_threshold,historical_density,5000,10,390000,97488,97471,30.482707656364653,16.405399191645294,-3.4786578703611517,9.001790484538787,60.61366929018493,120.4197304616252,0.43247794678213236,0.7187576907906514
2010,all,spatial_coverage,500,10,390000,97488,97488,36.69426920972149,19.679272134030697,3.094447055472147,12.944242302485776,57.27152987741751,105.25463512348978,0.3370054953160887,0.5916206707862863
2010,spco2_le_threshold,spatial_coverage,500,10,390000,97488,97471,31.022201108716274,19.46083656539307,3.3168546078405416,12.942347530008874,57.198058180130886,104.59363570128131,0.41221177978029055,0.6556396238061829
2010,all,spatial_coverage,1000,10,390000,97488,97488,31.438821656601846,15.111746129005397,0.5090743979260779,10.032740103039771,43.394352595533285,82.45197248903641,0.5133172390228162,0.7167321109066225
2010,spco2_le_threshold,spatial_coverage,1000,10,390000,97488,97471,24.331338876825402,14.887936310146534,0.7356086573770957,10.031568158569144,43.3236408224478,81.99374323204194,0.6384172735080132,0.7993877015496613
2010,all,spatial_coverage,2500,10,390000,97488,97488,28.3261013599306,12.989244993778417,0.3547796416050756,8.587019205733696,37.7677584433063,69.90302838083092,0.6049181736573751,0.7778438945575422
2010,spco2_le_threshold,spatial_coverage,2500,10,390000,97488,97471,20.77138035042618,12.771587813448315,0.5747641646196828,8.585701546407222,37.7350725528309,69.50201873313964,0.7364843717471403,0.8583053202562351
2010,all,spatial_coverage,5000,10,390000,97488,97488,25.880314890462365,11.121895355283899,-0.3222060913117713,7.52636229113844,31.037918737406006,57.9313610944555,0.6701985541036397,0.8195581389742642
2010,spco2_le_threshold,spatial_coverage,5000,10,390000,97488,97471,17.78612482124553,10.906741960020797,-0.10516911306001307,7.524286771665288,30.993307798952088,57.29867738962155,0.8067861154853343,0.8986894097350483
2010,all,random,500,11,390000,97488,97488,34.22561733048153,17.316135989542673,-0.5947330276222251,11.292923273090537,51.35477039571238,97.86813628729637,0.42321225607215085,0.6509480886290077
2010,spco2_le_threshold,random,500,11,390000,97488,97471,27.486166091804385,17.086260292510463,-0.3619409364794329,11.2899128592735,51.25783743719657,97.39326198833301,0.5385719481240319,0.7340194898214882
2010,all,random,1000,11,390000,97488,97488,36.44763941349449,16.237910224266898,1.3559603955440973,9.2910573392152,48.29431889767074,118.77178191338872,0.345887792016358,0.61685610660472
2010,spco2_le_threshold,random,1000,11,390000,97488,97471,30.725901247101422,16.019699640643292,1.577239541104455,9.289549703169996,48.21644178735548,117.06333384235921,0.4233863473096726,0.6839817900193458
2010,all,random,2500,11,390000,97488,97488,34.96339697828541,13.455302098077334,1.134380831919131,7.82201324214833,37.08689085660057,93.74260712215428,0.39807735054341564,0.6679971331520008
2010,spco2_le_threshold,random,2500,11,390000,97488,97471,29.09384271507506,13.239940187529204,1.3522873414742482,7.820479529611816,37.021135100274904,92.597644095755,0.4830151295845503,0.7384135389800721
2010,all,random,5000,11,390000,97488,97488,30.463089137647525,11.820811446414856,0.6102159879661474,7.221617675945737,32.995759687157204,80.99295375071458,0.5430577398235701,0.745153911917809
2010,spco2_le_threshold,random,5000,11,390000,97488,97471,23.40398259263844,11.603194427164805,0.8300011132824594,7.219958613867618,32.92171007495725,80.16727540585472,0.6654544995072748,0.825485720793506
2010,all,historical_density,500,11,390000,97488,97488,41.12942131961602,21.323677637020147,-4.588361080325065,12.908296868888073,75.42419876829783,128.31741093149896,0.16705055862294704,0.5491267546345776
2010,spco2_le_threshold,historical_density,500,11,390000,97488,97471,35.35964707426831,21.0885218919521,-4.3502865144645355,12.904851760766974,75.32122949280577,127.77905627269642,0.2363550156595523,0.6252324947979402
2010,all,historical_density,1000,11,390000,97488,97488,40.21932773792548,19.35556247989794,-4.954091465187036,11.184077430996808,63.28562163919661,146.5910604422963,0.20350499378502485,0.5753680197329842
2010,spco2_le_threshold,historical_density,1000,11,390000,97488,97471,34.14089042232684,19.116565614157,-4.712582826639312,11.181475489816762,63.143754142581116,146.0164641309614,0.2880895831555249,0.6573624811955752
2010,all,historical_density,2500,11,390000,97488,97488,38.079790703545164,17.121415390025938,-4.397214734715006,9.52264720247419,56.59885760664843,135.42730392213815,0.2859928703043133,0.6108098230816199
2010,spco2_le_threshold,historical_density,2500,11,390000,97488,97471,31.668202310366524,16.88426938982897,-4.157849495861001,9.520948794176832,56.48198461237675,134.43790745459773,0.3874768859407932,0.6959678333912672
2010,all,historical_density,5000,11,390000,97488,97488,37.941536835068725,16.27355372734003,-3.8782433485900887,8.851713891249148,52.28321318936689,147.60168426634743,0.2911680589393624,0.6115406938179494
2010,spco2_le_threshold,historical_density,5000,11,390000,97488,97471,31.49228827580124,16.036144046509733,-3.6386717911355775,8.8488917977229,52.1778731439303,146.8932307044641,0.3942630076455441,0.6971177151406734
2010,all,spatial_coverage,500,11,390000,97488,97488,32.58220294685404,16.517962317264388,-1.4077975263193852,11.036507615056848,48.90110339058234,85.81118398863157,0.4772737233994434,0.6923480560404551
2010,spco2_le_threshold,spatial_coverage,500,11,390000,97488,97471,25.590460953739534,16.29191454383973,-1.179114376203755,11.034083981863375,48.82856820385888,85.1785230069834,0.6000258926001342,0.7763063055965546
2010,all,spatial_coverage,1000,11,390000,97488,97488,31.406373338419233,15.304268815779709,0.5615119116351783,9.938287981676524,44.959699179773175,87.4489282046011,0.5143213407474865,0.7188602366483318
2010,spco2_le_threshold,spatial_coverage,1000,11,390000,97488,97471,24.441200455203333,15.081128870162388,0.787419021561534,9.936419548824233,44.902414026765456,86.94814315622986,0.6351446438474221,0.7990434462264218
2010,all,spatial_coverage,2500,11,390000,97488,97488,28.474092746381377,12.185353618859256,0.2514647793928489,7.925942456756474,34.023060868175385,70.12440082948656,0.6007791329118097,0.7755183945772746
2010,spco2_le_threshold,spatial_coverage,2500,11,390000,97488,97471,21.363943048059465,11.97368496037614,0.4653025539491607,7.9251407582353295,33.97184864203132,69.37239497519221,0.7212348472947518,0.8502557127059306
2010,all,spatial_coverage,5000,11,390000,97488,97488,27.035609610705357,11.451783763356344,0.11765440507109907,7.524037556738449,31.35412838610553,64.57829577522051,0.6400967434425391,0.8004689159856878
2010,spco2_le_threshold,spatial_coverage,5000,11,390000,97488,97471,20.633403551160534,11.256194780644671,0.31526122333245543,7.52282262244853,31.319055713989513,64.09701554954542,0.7399736230455426,0.8619675432940351
2010,all,random,500,12,390000,97488,97488,33.46381411031136,16.413111751201903,-0.38726486036833213,10.54638809608943,48.29257320827702,93.84786475844527,0.4486030986767138,0.670080464119391
2010,spco2_le_threshold,random,500,12,390000,97488,97471,26.954601962708836,16.192083558194206,-0.16344158577591741,10.541551909183568,48.22254230660613,93.14776527570504,0.5562467913460603,0.7460998388783677
2010,all,random,1000,12,390000,97488,97488,33.288445851218086,14.821154255770832,-0.5514690056221911,8.625906687313972,45.051801578270684,99.39159793753348,0.4543671840869967,0.6754840060024047
2010,spco2_le_threshold,random,1000,12,390000,97488,97471,27.277959062783165,14.611304831356174,-0.3391307932680153,8.624551731840313,44.99612857487429,98.6709371499825,0.5455360834508725,0.7409089361383414
2010,all,random,2500,12,390000,97488,97488,28.243969969461386,11.887935952292047,-0.42634815307561247,7.5045941317087,34.863896118856196,73.22563070516506,0.6072059277700129,0.7798383988892538
2010,spco2_le_threshold,random,2500,12,390000,97488,97471,20.064527878216467,11.66695607998679,-0.20336925549528104,7.503275037689093,34.81450522063521,72.2340212938293,0.7541141423262124,0.8690443018656749
2010,all,random,5000,12,390000,97488,97488,27.109358686428987,10.684041398519753,-0.2643396037256685,7.001967104374643,29.91511838811701,60.201468595180096,0.638130541465106,0.7993350162106058
2010,spco2_le_threshold,random,5000,12,390000,97488,97471,18.12497703293998,10.458585839132251,-0.0370667352871532,6.999799992974204,29.872395948093697,59.7621200794159,0.7993539612171519,0.8947752310884054
2010,all,historical_density,500,12,390000,97488,97488,39.16564718316749,20.86960371530685,-2.850110455311909,14.005180894769808,61.30994782787979,107.57676093045829,0.24469204694667646,0.5645214344551369
2010,spco2_le_threshold,historical_density,500,12,390000,97488,97471,32.90548149026975,20.63121062902178,-2.6085745738834643,14.001799298272886,61.25564264634497,106.66827463588928,0.33867923365768726,0.6470402971642356
2010,all,historical_density,1000,12,390000,97488,97488,38.18100474846194,18.818445827093097,-3.3267941496125246,11.978704407715554,54.64297912043114,129.10689901750573,0.28219224062658055,0.5944272191203999
2010,spco2_le_threshold,historical_density,1000,12,390000,97488,97471,31.773822830689745,18.58116651473522,-3.086812925111372,11.976566520200606,54.55355334531936,128.3674144507168,0.38338426991363705,0.6789210212884594
2010,all,historical_density,2500,12,390000,97488,97488,37.34434477386025,16.592965092271758,-4.993882095351414,9.678935373257133,52.30007633339822,105.98902621932095,0.31330619280320526,0.6228163146527252
2010,spco2_le_threshold,historical_density,2500,12,390000,97488,97471,30.62376696830089,16.35189389296109,-4.750787890111316,9.676838203365264,52.24104107027222,104.8567467830675,0.42721335561965046,0.7124583266296267
2010,all,historical_density,5000,12,390000,97488,97488,36.589119807560394,16.11118125640293,-4.007952463941566,9.017735925854623,52.274501029681595,133.8321298687511,0.34079974403369506,0.6320415736894442
2010,spco2_le_threshold,historical_density,5000,12,390000,97488,97471,30.004640203159738,15.876770047307328,-3.7714303204196056,9.01517227102579,52.18296610248544,133.20841945366007,0.45013951979583744,0.7175690228401721
2010,all,spatial_coverage,500,12,390000,97488,97488,32.44848178415818,17.384281098170845,-0.6041230218634985,12.09845549625382,49.95679655184831,90.72190914005925,0.48155557798159454,0.6955465269967027
2010,spco2_le_threshold,spatial_coverage,500,12,390000,97488,97471,26.068568556572146,17.171103103964295,-0.38801838601690025,12.096142635940112,49.88174509580392,90.20744892365943,0.5849408148382826,0.7670640936595483
2010,all,spatial_coverage,1000,12,390000,97488,97488,29.713486239875134,14.483545123578672,-0.1773150913213931,9.813276872633963,41.502491361950305,77.2784474886388,0.5652689472708256,0.7521385229556011
2010,spco2_le_threshold,spatial_coverage,1000,12,390000,97488,97471,22.377139188101477,14.266075711781822,0.04264948222149779,9.811186610659547,41.44067678538073,76.9780927212141,0.6941666887859136,0.833606053937523
2010,all,spatial_coverage,2500,12,390000,97488,97488,27.867014296327028,12.477479729827742,0.6949706312359162,8.29627456120943,35.79449991235618,67.95591092262529,0.6176207440591226,0.7860457283504617
2010,spco2_le_threshold,spatial_coverage,2500,12,390000,97488,97471,19.951051776909004,12.259643798706,0.9151039806270751,8.294931049949923,35.740471777518394,67.34175024349963,0.7568875210469189,0.8702879686367399
2010,all,spatial_coverage,5000,12,390000,97488,97488,25.852025631835165,11.144689664387577,0.2125431952693117,7.685753195182741,30.56886171283041,57.753826128186205,0.6709191588804708,0.8195815958839952
2010,spco2_le_threshold,spatial_coverage,5000,12,390000,97488,97471,17.796141206830953,10.940137015788999,0.4190766685092119,7.683722859179227,30.541237028105115,57.28352751427802,0.8065684345989477,0.8983249200494497
2010,all,random,500,13,390000,97488,97488,33.91922380400793,17.016624639241506,-1.463959808075719,10.754855618478501,51.79472071967025,100.33111135329744,0.43349303479139245,0.6592089003111308
2010,spco2_le_threshold,random,500,13,390000,97488,97471,27.220884602422014,16.789275895897777,-1.2338985112326937,10.752256729304236,51.720787115094964,99.6937569602377,0.5474358697965067,0.740524329062567
2010,all,random,1000,13,390000,97488,97488,31.045235556287377,13.96966884457345,-0.9683349656079118,8.668422257017085,42.15130645740486,83.69104233408363,0.525426633221624,0.7253889280278721
2010,spco2_le_threshold,random,1000,13,390000,97488,97471,23.428347153736194,13.739396041751412,-0.7357945890876202,8.666799536609119,42.10399200624502,83.33276917919366,0.6647575841805778,0.8159988866179754
2010,all,random,2500,13,390000,97488,97488,28.953220474910285,11.59626981070846,-1.2563997010768504,7.261040613384637,33.62382160492465,69.89884420494009,0.5872308815221698,0.7668435908262082
2010,spco2_le_threshold,random,2500,13,390000,97488,97471,20.36389158808411,11.364462965564886,-1.0227894703943603,7.26008565877396,33.583569761515975,69.51225570430725,0.7467221488385811,0.8645088329320672
2010,all,random,5000,13,390000,97488,97488,26.919143940144863,10.993769337666695,-0.312434728169247,7.156495481155503,31.564599812506604,64.20925060178158,0.643190891474723,0.8033547609195811
2010,spco2_le_threshold,random,5000,13,390000,97488,97471,18.528066147771824,10.774448254060493,-0.09125070391032272,7.154425869208296,31.521754957394364,63.82814925592563,0.7903302171499169,0.8902768960620719
2010,all,historical_density,500,13,390000,97488,97488,41.74558640064914,22.304503620858547,-4.508487506148995,13.788682162710614,75.446651468873,131.65299348774843,0.14190657370914384,0.5292662467793352
2010,spco2_le_threshold,historical_density,500,13,390000,97488,97471,36.03959022182793,22.06849304643882,-4.269373113424851,13.78482563025733,75.30409218152354,131.15130602265376,0.20670384569817113,0.6041213581199124
2010,all,historical_density,1000,13,390000,97488,97488,38.09630481254051,18.87161702961569,-0.3154881355959329,11.440737204849626,59.45990085329502,126.46094141185412,0.2853734473455459,0.5887471957417586
2010,spco2_le_threshold,historical_density,1000,13,390000,97488,97471,31.88614519639809,18.638931710078662,-0.07956642583824076,11.438658503936665,59.31304304721456,126.02514916228105,0.37901701725001824,0.6689670163976199
2010,all,historical_density,2500,13,390000,97488,97488,38.91686628459601,17.517123135092774,-3.1100174312394104,9.557982944745618,57.90521240507693,155.78485073454598,0.254257031210655,0.594783573758113
2010,spco2_le_threshold,historical_density,2500,13,390000,97488,97471,32.76841404532131,17.28199934169953,-2.8723808822884553,9.555439968990925,57.7646122668431,154.50979193288282,0.34417720859003487,0.6761461572864014
2010,all,historical_density,5000,13,390000,97488,97488,37.28915027078542,16.12396681789139,-4.14699813624454,8.895450364313888,51.95661637879882,142.1016169315267,0.3153345435230277,0.6242801756108018
2010,spco2_le_threshold,historical_density,5000,13,390000,97488,97471,30.6884172037252,15.88623664333894,-3.9071790483990276,8.89092284266269,51.86187279660746,141.54586307281875,0.4247923680553337,0.7116423557930666
2010,all,spatial_coverage,500,13,390000,97488,97488,36.20518578049201,18.966959720224203,2.23669497001325,12.092583225467848,56.659616453642265,125.22677766258073,0.3545612972749218,0.6127261319569483
2010,spco2_le_threshold,spatial_coverage,500,13,390000,97488,97471,30.50018074270303,18.747984212259997,2.4593686254237137,12.090775816874384,56.60009423210164,124.47020410250968,0.4318271381964438,0.6779740059279391
2010,all,spatial_coverage,1000,13,390000,97488,97488,33.173238943816514,16.134588191387863,0.6434648661261118,10.21863632891396,47.01369851483726,100.30585486738978,0.45813737470197946,0.6859908075140482
2010,spco2_le_threshold,spatial_coverage,1000,13,390000,97488,97471,26.80021009904398,15.915804496815884,0.8651748352000193,10.216337565900176,46.94152083369474,99.10275697292096,0.561315734464086,0.760131622535822
2010,all,spatial_coverage,2500,13,390000,97488,97488,30.000798340704584,13.093805619512368,1.1177728813091286,8.290524354818103,36.33251372860268,78.69429805148344,0.5568211089362838,0.7518984461742609
2010,spco2_le_threshold,spatial_coverage,2500,13,390000,97488,97471,24.707460402520027,12.900454001985118,1.3136031523283314,8.288150740700132,36.28514421348248,77.94621285590979,0.6271519497567177,0.8029581686235086
2010,all,spatial_coverage,5000,13,390000,97488,97488,26.558428212267376,11.547865059801167,0.02948302796965645,7.779596366060474,31.27601402785812,61.75047207826234,0.6526892859920295,0.80790565225779
2010,spco2_le_threshold,spatial_coverage,5000,13,390000,97488,97471,20.307789347249795,11.34998281697849,0.22938448591777663,7.778093544451849,31.237033428570328,61.191183951988386,0.7481157804552169,0.8652973205712621
2010,all,random,500,14,390000,97488,97488,33.52209776167821,16.962716375256303,1.021059399613882,11.194130903528333,49.47789683362059,93.5508180019729,0.4466806990721499,0.6694288090625801
2010,spco2_le_threshold,random,500,14,390000,97488,97471,26.801633928806798,16.736497940929976,1.2504143995666313,11.19160170262694,49.39514299958611,92.92642043711183,0.5612691207768433,0.7508543593465843
2010,all,random,1000,14,390000,97488,97488,30.965807790620495,13.936071804172137,-0.5426550126210518,8.705487186612288,41.50306748336657,86.45315268959595,0.5278518738068356,0.728009249218938
2010,spco2_le_threshold,random,1000,14,390000,97488,97471,23.450520661487747,13.7083538373091,-0.31260108854554886,8.702852228138056,41.44920914937393,85.6077787118597,0.6641227107142323,0.8168942794344692
2010,all,random,2500,14,390000,97488,97488,28.468800556502984,11.651988962372103,-1.1387120621870677,7.369360197307003,34.20558809950621,68.79285046454122,0.6009275173616988,0.7764692561160979
2010,spco2_le_threshold,random,2500,14,390000,97488,97471,19.90846261404994,11.422169266819141,-0.9070587370693817,7.368112061601835,34.146437439792265,68.26525822848139,0.7579243491669632,0.8722189002819437
2010,all,random,5000,14,390000,97488,97488,27.125640347436796,10.357661063664377,-0.6784370466466918,6.627048612527773,29.625919454814287,59.101783336079876,0.6376957392098749,0.7996595943124024
2010,spco2_le_threshold,random,5000,14,390000,97488,97471,18.03075131118688,10.130050447657021,-0.44913826894725073,6.625914971603777,29.581033227401235,58.825942809673144,0.8014347224496262,0.8966875471843682
2010,all,historical_density,500,14,390000,97488,97488,40.334474839953714,21.963341877247903,-3.853989545106741,14.69658733722136,66.19676746794309,118.12860878463931,0.19893776779276895,0.5538464466147904
2010,spco2_le_threshold,historical_density,500,14,390000,97488,97471,34.40562667198735,21.727938413011387,-3.6154276133296577,14.690010345723124,66.05683209096046,117.604343987208,0.27700614594292583,0.6316451536653539
2010,all,historical_density,1000,14,390000,97488,97488,43.59217707320089,20.724781236787315,-3.651712277554706,12.141650325006623,61.12668759103319,172.1745366373271,0.06431307455662205,0.5225201930725464
2010,spco2_le_threshold,historical_density,1000,14,390000,97488,97471,37.873349619800344,20.48097376998302,-3.4049270822741793,12.138887215256716,60.96287376314288,171.67732522161148,0.12392135493261758,0.6013426735287276
2010,all,historical_density,2500,14,390000,97488,97488,37.76487408736,17.631583909741828,-4.020241119099354,10.176592105513151,58.173589190000584,131.17390452523395,0.2977535942332038,0.617667875022339
2010,spco2_le_threshold,historical_density,2500,14,390000,97488,97471,31.445833142183123,17.39723263219428,-3.7835158756805103,10.173888775699766,58.02134023711233,130.59335000974647,0.39604876788820365,0.7006412193893903
2010,all,historical_density,5000,14,390000,97488,97488,35.638648963850336,15.359682436912841,-3.486499857152397,8.82522421547094,47.58028178194373,121.3172940172485,0.374602837104396,0.6446225542353714
2010,spco2_le_threshold,historical_density,5000,14,390000,97488,97471,28.72036738232873,15.122448624534247,-3.247195232903035,8.822837745288837,47.49973283309302,119.7053662601842,0.49620292434118995,0.734304401031056
2010,all,spatial_coverage,500,14,390000,97488,97488,34.023037982247736,17.81751046012181,-0.4282423615957135,11.836417184876865,51.764122919742,98.04044823818222,0.43001999216289166,0.6566513907131887
2010,spco2_le_threshold,spatial_coverage,500,14,390000,97488,97471,27.580909176793284,17.594459584457784,-0.20215860889467088,11.835101750647027,51.69136289718091,97.57868131446959,0.535385438804046,0.7325679667099694
2010,all,spatial_coverage,1000,14,390000,97488,97488,34.71143797471383,16.604058092129105,2.0670566755719006,9.707166693329441,49.875384820735704,130.90581203949222,0.4067214404195777,0.6616087498743976
2010,spco2_le_threshold,spatial_coverage,1000,14,390000,97488,97471,29.478889815937134,16.397399238986385,2.276971973719297,9.705623429356876,49.786371656009464,129.91606920813237,0.4692403390564206,0.7176920696878493
2010,all,spatial_coverage,2500,14,390000,97488,97488,27.973170671054646,12.994275479769989,0.7321173496315128,8.341398053082855,37.11496697703753,80.64037739620605,0.6147019303996413,0.7845696784143811
2010,spco2_le_threshold,spatial_coverage,2500,14,390000,97488,97471,21.978243251792055,12.80003227524205,0.9287545860058452,8.339682047852364,37.08737003031405,79.69275247995637,0.7049731027588364,0.8417771297766072
2010,all,spatial_coverage,5000,14,390000,97488,97488,25.663790477660704,11.882180950893963,0.10702013412563709,8.168597095478844,33.09757189437506,62.58919726295923,0.6756939542203093,0.8224819465514029
2010,spco2_le_threshold,spatial_coverage,5000,14,390000,97488,97471,18.951281230799438,11.687014582229398,0.3042775495471358,8.167259986694091,33.05523423945337,62.053535498177126,0.7806423356605171,0.8835736819502187
2010,all,random,500,15,390000,97488,97488,37.485260887941415,19.076815975311234,0.9387622060500025,11.723028691603446,57.3998985372735,132.47384573559754,0.3081140388885033,0.5691444923663193
2010,spco2_le_threshold,random,500,15,390000,97488,97471,31.766500168299284,18.85579551572911,1.1632735996441241,11.72147759368795,57.31385619245111,130.89446513109613,0.3836684502932488,0.6349193475976715
2010,all,random,1000,15,390000,97488,97488,33.00430197569949,15.485849216472722,0.4059168810817887,9.38401883437254,47.41397488961728,108.22039192940782,0.4636422662067823,0.6824459182800569
2010,spco2_le_threshold,random,1000,15,390000,97488,97471,26.42511200865941,15.265408961817396,0.6291288321766518,9.381625498202368,47.31872688888629,107.29915452296663,0.5735095272853994,0.7591435440571803
2010,all,random,2500,15,390000,97488,97488,30.805883119666518,12.898925887435349,-0.6352733440108561,7.983740025203076,37.037051595542195,84.39741590509078,0.5327161519301264,0.7300896196205037
2010,spco2_le_threshold,random,2500,15,390000,97488,97471,23.302144173869312,12.674208741179582,-0.40841728368589764,7.982210157087934,36.9803490664319,83.56140694796436,0.6683596000099485,0.8176258949434423
2010,all,random,5000,15,390000,97488,97488,27.18087150309734,11.404519056361998,-0.1551622860445597,7.2967693320178455,32.51869662843964,68.70997516370792,0.6362188446794099,0.798220016086159
2010,spco2_le_threshold,random,5000,15,390000,97488,97471,19.376841808148484,11.189553342218689,0.061765437979590374,7.295224845251255,32.48687432199554,68.04745162072503,0.7706801506760289,0.8782196859855143
2010,all,historical_density,500,15,390000,97488,97488,44.825572030667935,23.540336156487673,-5.247709657352034,14.238860758990285,78.52785525228619,152.18378213088567,0.010615450973742502,0.5037182228635664
2010,spco2_le_threshold,historical_density,500,15,390000,97488,97471,39.37160578926765,23.298431699153195,-5.002614767473673,14.234611915302423,78.37401351997812,151.90937305553254,0.05323560632371571,0.5781587277894654
2010,all,historical_density,1000,15,390000,97488,97488,40.950704923429264,19.891436173526156,-4.812972230949449,11.394329311898161,68.04714685594709,123.29501685738698,0.17427352938764096,0.5599528912716927
2010,spco2_le_threshold,historical_density,1000,15,390000,97488,97471,34.92287851141042,19.650595984509447,-4.569502194213685,11.392468653855929,67.90094665035969,122.08367805224184,0.2551038551660405,0.6415973269715829
2010,all,historical_density,2500,15,390000,97488,97488,39.7157560649091,18.46437620974079,-4.779227394056966,10.13340125424645,65.59539402736442,139.58912356298143,0.22332538259848755,0.5844729065541608
2010,spco2_le_threshold,historical_density,2500,15,390000,97488,97471,33.580051913980974,18.226133477336184,-4.538597823209472,10.131597792255434,65.46869743117435,138.5069522982006,0.31128683185155426,0.6669309610119623
2010,all,historical_density,5000,15,390000,97488,97488,38.91481938101155,17.019254793989383,-5.6083645383613145,9.05327849505062,62.543896182662785,130.99762686796709,0.2543354765716541,0.6077799984892244
2010,spco2_le_threshold,historical_density,5000,15,390000,97488,97471,32.55804171412341,16.77860472389052,-5.365724285189072,9.051140779110028,62.43784698876249,129.9135327555976,0.3525709073016431,0.6938752179120101
2010,all,spatial_coverage,500,15,390000,97488,97488,32.6693638087954,17.329382061708586,1.816610897017463,12.133585996125362,47.75884769839565,87.10288206388798,0.47447328577831616,0.6902795095434913
2010,spco2_le_threshold,spatial_coverage,500,15,390000,97488,97471,25.981438362289385,17.10753694212857,2.041795285511294,12.12857060865963,47.66096632588173,86.64867192123366,0.5877107214971176,0.7685952139702754
2010,all,spatial_coverage,1000,15,390000,97488,97488,32.9472652210154,15.957262180210728,1.3522032119173453,10.076355536386217,47.191497858563245,108.71913408778548,0.46549448962077955,0.6889282268682482
2010,spco2_le_threshold,spatial_coverage,1000,15,390000,97488,97471,26.64312879580875,15.7398420439504,1.5726423067568,10.074546095713004,47.12082773164056,107.00059505818963,0.5664430936154878,0.7611589453544532
2010,all,spatial_coverage,2500,15,390000,97488,97488,27.226991240786155,12.254385605856942,-0.16718240749016366,8.153762596806388,34.5926320721176,67.82406827437427,0.6349832900913066,0.7974961874999167
2010,spco2_le_threshold,spatial_coverage,2500,15,390000,97488,97471,19.47332321574519,12.04018255061255,0.04912878714309816,8.151710888536343,34.542489584545734,67.36381440023926,0.7683908008572037,0.8769350668951857
2010,all,spatial_coverage,5000,15,390000,97488,97488,26.25302772783643,11.574516904535784,-0.13480105498835707,7.944530516715787,31.99065103057704,60.50371031634436,0.6606309462687547,0.813256078686415
2010,spco2_le_threshold,spatial_coverage,5000,15,390000,97488,97471,18.312497572337584,11.36480452811357,0.07690653200358842,7.942538396799364,31.955609481596014,59.900649892470234,0.7951807268680178,0.8919085289901523
2010,all,random,500,16,390000,97488,97488,32.671891218139095,16.086002147992478,0.3633722635009932,10.65477092112107,45.711108662896315,91.82488935983076,0.47439196968575714,0.6903334450557774
2010,spco2_le_threshold,random,500,16,390000,97488,97471,25.702116975905618,15.859759404833644,0.5924839560395927,10.652005804452699,45.6557415934094,91.03123019841257,0.5965279527353635,0.7745821183908995
2010,all,random,1000,16,390000,97488,97488,30.708387296520353,13.711498412133981,0.0562665062496422,8.552931485079483,40.860259983612984,84.6462847554113,0.5356692327356518,0.7322669966505173
2010,spco2_le_threshold,random,1000,16,390000,97488,97471,23.22289796446472,13.485177474420734,0.2849886915505041,8.549881800359401,40.76274463845013,84.21721726425426,0.6706114576591065,0.8194901201508152
2010,all,random,2500,16,390000,97488,97488,32.482442180101415,13.500375369523415,0.7425148478956385,8.037210035654141,38.11503324859239,101.31872959952189,0.4804698081489439,0.7028702790136762
2010,spco2_le_threshold,random,2500,16,390000,97488,97471,26.773070596686917,13.289185335538857,0.9561889964752703,8.03589231190466,38.022035018669015,99.62765382216652,0.5622037606709664,0.7639030693582008
2010,all,random,5000,16,390000,97488,97488,29.349716511848534,11.579919685887308,0.4532033252502733,7.191954334719782,31.75382699306378,73.83227467847831,0.575848248705536,0.7603517407687865
2010,spco2_le_threshold,random,5000,16,390000,97488,97471,22.81258146941242,11.36677965020382,0.6684420681511839,7.1905345306766435,31.68849115025685,73.08557092706877,0.682148309280145,0.8286993796076148
2010,all,historical_density,500,16,390000,97488,97488,38.64288788837575,20.283233978183777,-1.9799632899225579,13.341470507699569,59.345622225114965,102.45544104893982,0.2647202711859876,0.548604623539759
2010,spco2_le_threshold,historical_density,500,16,390000,97488,97471,32.30705421658997,20.044650377785477,-1.7381874005182931,13.337981459423759,59.25134333957578,101.77103060896478,0.36251439666487295,0.6312838584352042
2010,all,historical_density,1000,16,390000,97488,97488,36.970816575814986,18.20418680588893,-1.598136083280194,11.341878125127579,56.614647281178705,109.38528733268913,0.32697448519933026,0.604148067538825
2010,spco2_le_threshold,historical_density,1000,16,390000,97488,97471,30.475845160641065,17.9697890149143,-1.360842016877132,11.337252650206835,56.55620666245542,108.95848957324596,0.4327334476591793,0.6877869744960269
2010,all,historical_density,2500,16,390000,97488,97488,36.47820506096549,16.603747391705486,-2.9018624680767875,9.723733218112983,51.53101809189711,132.57385607577567,0.34479023141298537,0.6300155089906077
2010,spco2_le_threshold,historical_density,2500,16,390000,97488,97471,29.881173352377697,16.368987606349513,-2.6647129253191104,9.72144942774679,51.42517992367283,132.11630977622488,0.4546554787413529,0.7153895117502456
2010,all,historical_density,5000,16,390000,97488,97488,37.58398266448169,16.22702501120327,-4.497363800499116,8.915146223090318,52.25630948444456,141.6016064587966,0.30446491637207074,0.6154868393637439
2010,spco2_le_threshold,historical_density,5000,16,390000,97488,97471,31.031404789870095,15.98881668261417,-4.257109691723273,8.913009199422788,52.15153251830671,140.82294888763502,0.4118629574746655,0.7022973003957161
2010,all,spatial_coverage,500,16,390000,97488,97488,33.88499758627228,18.061924843605894,0.42827073410943595,12.434123456309635,51.19047685768502,102.53624652575533,0.434635726523519,0.6604110432784224
2010,spco2_le_threshold,spatial_coverage,500,16,390000,97488,97471,27.676385200198286,17.845812489790152,0.6476079786600759,12.431751745967233,51.134313748723656,101.79823226138832,0.532163186084871,0.7311267722011014
2010,all,spatial_coverage,1000,16,390000,97488,97488,29.901036773816966,14.196812564176676,-0.16440325303680212,9.394492398723486,41.66149391046524,78.55332572757534,0.5597636113789815,0.7483641487083222
2010,spco2_le_threshold,spatial_coverage,1000,16,390000,97488,97471,22.487513338037818,13.978051139092186,0.0568055764889019,9.393268860610249,41.60546066552661,78.01172160681689,0.6911422322990655,0.8315149320391697
2010,all,spatial_coverage,2500,16,390000,97488,97488,27.297880842393003,12.090628028046122,0.39032593452279474,8.112074838063734,34.153330945642466,62.625976408433885,0.6330800628990462,0.7962735218846058
2010,spco2_le_threshold,spatial_coverage,2500,16,390000,97488,97471,19.26885832085458,11.877296552146772,0.6058342242166442,8.110807511019743,34.10710561831527,62.27997846629385,0.7732289414636446,0.879863531043762
2010,all,spatial_coverage,5000,16,390000,97488,97488,25.538909543143305,11.165228195776685,-0.014217952770811912,7.779736917272601,30.794980758098212,55.85106805094233,0.6788424451448107,0.8248882737021873
2010,spco2_le_threshold,spatial_coverage,5000,16,390000,97488,97471,17.293787715627154,10.95767736942208,0.19527773076316843,7.77790233496853,30.75650459256724,55.408854424390086,0.8173347617819251,0.9046127552718942
2010,all,random,500,17,390000,97488,97488,33.63991899105931,17.065955061677435,0.6228771132036977,11.307753837973365,49.85762057934497,97.79123237979915,0.4427843243095183,0.6655838988950001
2010,spco2_le_threshold,random,500,17,390000,97488,97471,26.919350061686366,16.840445493803728,0.851471805339727,11.305518100181587,49.800835272009806,97.32506707434052,0.5574067353856235,0.7469812699675215
2010,all,random,1000,17,390000,97488,97488,30.89952080722084,13.85075991360634,-0.2035657804223448,8.737970808084327,40.742523451547974,83.30369465814346,0.5298711188363889,0.7280938243929928
2010,spco2_le_threshold,random,1000,17,390000,97488,97471,23.319258775508654,13.623369724300606,0.026204627617824574,8.736021852059423,40.663413024600686,82.33199840275721,0.667872264796284,0.817576090664774
2010,all,random,2500,17,390000,97488,97488,28.5956277252565,11.863598803588856,0.01601289793426062,7.619924709226268,33.851600094888006,71.66548889221596,0.5973638988111125,0.7740000836318347
2010,spco2_le_threshold,random,2500,17,390000,97488,97471,20.352614508790573,11.636327618851816,0.24535601585066982,7.618005731403059,33.80187360849078,71.25020643943925,0.7470025906724332,0.8657583270950185
2010,all,random,5000,17,390000,97488,97488,26.45799888917499,10.487900172538241,-0.2140117701475309,6.889392066594439,29.460884569049032,60.33223345215032,0.6553109946890856,0.810026420556729
2010,spco2_le_threshold,random,5000,17,390000,97488,97471,17.500381456467426,10.262141649763823,0.013538630240133926,6.888192936203893,29.411690531630597,59.77207046626286,0.8129444102967567,0.9022104935239016
2010,all,historical_density,500,17,390000,97488,97488,41.69176073497979,21.61529025464882,-4.116398725710852,13.62621683243114,69.67384563315035,122.9758071505703,0.1441179535177569,0.5441253256369813
2010,spco2_le_threshold,historical_density,500,17,390000,97488,97471,35.78403827467729,21.374469015381376,-3.8725254898906702,13.622717395756808,69.60318636775742,122.22634472368811,0.21791427376682448,0.6240761103131481
2010,all,historical_density,1000,17,390000,97488,97488,40.57295320532758,20.018124662585688,-2.920198737928075,12.10703726472164,62.15814524287689,140.8882395606093,0.1894371723580517,0.561130955052025
2010,spco2_le_threshold,historical_density,1000,17,390000,97488,97471,34.480088953507746,19.777235439580007,-2.676327451121686,12.104357953185286,62.01840433814064,139.84073315792395,0.2738732846018621,0.6433959502046127
2010,all,historical_density,2500,17,390000,97488,97488,37.521664313358464,17.368743033069777,-2.4563180857218705,9.723288971721132,58.6258882587218,134.39399039874056,0.3067695504979904,0.6165006631798334
2010,spco2_le_threshold,historical_density,2500,17,390000,97488,97471,31.234598033958967,17.13645430064124,-2.221428464576641,9.721110891221429,58.50349090537125,133.3763412609743,0.4041355126739835,0.6981549168847008
2010,all,historical_density,5000,17,390000,97488,97488,37.2072699351746,16.520593069742183,-3.7480509614240836,9.122462921569678,54.696233756471806,141.21358024736307,0.3183380492270238,0.6273398905706141
2010,spco2_le_threshold,historical_density,5000,17,390000,97488,97471,30.788435751502618,16.286662483383388,-3.511892705134325,9.120849459541205,54.61916175795446,140.62841435665172,0.4210368674841174,0.7112495713231474
2010,all,spatial_coverage,500,17,390000,97488,97488,33.45871393393241,17.58249922293719,-1.0647011602909286,11.66169656449469,52.29334401911769,92.80166828832108,0.4487711612375912,0.6704682931602783
2010,spco2_le_threshold,spatial_coverage,500,17,390000,97488,97471,26.817047683965026,17.35909585323477,-0.8384169073815543,11.65846289070771,52.20813866465846,92.25324965367011,0.5607643429754703,0.7492445206068777
2010,all,spatial_coverage,1000,17,390000,97488,97488,30.70406410876431,14.88899515469188,-0.375606004429084,9.695361136422804,44.840716862266206,78.82937327802804,0.5357999623481384,0.7320605327532363
2010,spco2_le_threshold,spatial_coverage,1000,17,390000,97488,97471,23.161281198203742,14.662776182698202,-0.146855739891427,9.69344644226743,44.80090603207759,78.51543834086107,0.6723570564723886,0.819985340365012
2010,all,spatial_coverage,2500,17,390000,97488,97488,27.223312935554446,12.202738818910719,-0.13891241179793742,8.200793064829213,34.684689080894465,64.33464620922379,0.6350819093010335,0.7978693911970575
2010,spco2_le_threshold,spatial_coverage,2500,17,390000,97488,97471,19.24020252220558,11.986582065277616,0.07934840405798896,8.199693579501968,34.63990854401874,63.99338334996294,0.7739029278189775,0.8804304350970747
2010,all,spatial_coverage,5000,17,390000,97488,97488,25.794336084063854,11.467410892537211,0.11695558427022328,7.86594142381,32.19782571380228,60.474251901264815,0.6723862271028578,0.8214396275822657
2010,spco2_le_threshold,spatial_coverage,5000,17,390000,97488,97471,18.090934406687698,11.265268468439153,0.3211184475769248,7.864879511917195,32.156012572599565,60.233082986813955,0.8001069666968121,0.8952539000444976
2010,all,random,500,18,390000,97488,97488,34.02668578519879,17.40822019631814,-1.9552279461570696,11.26562087608599,52.522326918849316,95.35426391125071,0.42989776402936797,0.6572234761990363
2010,spco2_le_threshold,random,500,18,390000,97488,97471,27.560771669245195,17.18476981448916,-1.7290823948084095,11.263106295324349,52.42249110393644,94.71640526492482,0.5360636444123921,0.7335190781351794
2010,all,random,1000,18,390000,97488,97488,34.76220366744968,16.478271243489864,-0.5184072665471318,9.59190831748893,51.3894815739002,106.90237653594727,0.40498482431573735,0.6428856500262081
2010,spco2_le_threshold,random,1000,18,390000,97488,97471,28.861176068023177,16.261181378651845,-0.2985338282605129,9.59003343032316,51.313791817859226,105.9594019963536,0.49125083573335593,0.7091175125907707
2010,all,random,2500,18,390000,97488,97488,29.448386090267956,12.844639333934776,-0.26945220083689553,8.070233057763772,37.716604923599824,78.62072443016518,0.5729915790121736,0.7573692955218655
2010,spco2_le_threshold,random,2500,18,390000,97488,97471,21.804587763337913,12.621555277352273,-0.04417489517248502,8.067588495941152,37.628836392889696,78.0715138731128,0.7096168440222345,0.8428031462383735
2010,all,random,5000,18,390000,97488,97488,28.072503257600438,11.357155761000824,-0.3417871764679825,7.1175771521265006,32.37986966474498,72.19340960209456,0.6119606889940976,0.783392696095879
2010,spco2_le_threshold,random,5000,18,390000,97488,97471,20.037160050573018,11.133855745479613,-0.11656596114439884,7.11529887262526,32.331042563438615,71.77379811597298,0.7547844568654287,0.8698838358405332
2010,all,historical_density,500,18,390000,97488,97488,39.2232095422687,21.730733596182567,1.1112790641624342,15.281157940346816,59.183219144272904,102.1364050005538,0.24247023980743376,0.535750877020722
2010,spco2_le_threshold,historical_density,500,18,390000,97488,97471,33.07588387632534,21.494641655696643,1.3513548995014464,15.27774958243964,59.09276891602295,101.40899807367425,0.33181214538190407,0.6152836991406883
2010,all,historical_density,1000,18,390000,97488,97488,44.25399047531871,21.356085845516386,-6.911326784817581,11.799846021301022,81.0101832405782,159.8557930409158,0.03568633940900623,0.5274315694565318
2010,spco2_le_threshold,historical_density,1000,18,390000,97488,97471,38.67763579540844,21.113275994106395,-6.665997610695894,11.797062807817156,80.75264227302077,159.535206408969,0.08631709466609294,0.6050367651616984
2010,all,historical_density,2500,18,390000,97488,97488,37.03115752609001,17.010886652432763,-3.6574391613563724,10.038626728355098,55.7647242592646,101.36585416953002,0.32477577043042516,0.625086171051054
2010,spco2_le_threshold,historical_density,2500,18,390000,97488,97471,30.328304829667413,16.770422953182962,-3.4146464759737873,10.03522818847847,55.60570951431927,100.31660191940684,0.43821267897466665,0.7136270377671589
2010,all,historical_density,5000,18,390000,97488,97488,35.939059191731545,16.24191795849909,-3.415195874529173,9.206923892607733,56.76389194256827,104.22229981328509,0.36401503180652206,0.6418912417352494
2010,spco2_le_threshold,historical_density,5000,18,390000,97488,97471,29.267284127638757,16.00883413402959,-3.1798749305530802,9.206298622571296,56.62343589086041,103.55124586700273,0.47683280032694353,0.7276562132145281
2010,all,spatial_coverage,500,18,390000,97488,97488,33.54164768273214,17.051284284531622,-1.420861549897109,11.191979923257094,51.18689999156216,92.0026185721758,0.4460351247384847,0.6686490673892352
2010,spco2_le_threshold,spatial_coverage,500,18,390000,97488,97471,26.685415659473122,16.824235411992223,-1.1910865620363438,11.189644270789302,51.09800536476473,91.55253979762547,0.5650657545482203,0.7524691908633463
2010,all,spatial_coverage,1000,18,390000,97488,97488,31.622903547198874,15.207790525852214,0.22401850770374301,9.682985624793616,45.166458676913585,86.37121371016866,0.5076012635471456,0.7143431315882092
2010,spco2_le_threshold,spatial_coverage,1000,18,390000,97488,97471,24.512858697901105,14.983403180352965,0.45109732813985215,9.681144594824389,45.10360984416951,85.79508003129503,0.6330020960353915,0.7975951127142543
2010,all,spatial_coverage,2500,18,390000,97488,97488,27.918308354841074,12.632859265972309,-0.2613681704310623,8.521494454955644,35.3377218436149,70.26160378769744,0.6162117782473941,0.7856235242463251
2010,spco2_le_threshold,spatial_coverage,2500,18,390000,97488,97471,20.358890052329286,12.416742119658469,-0.04309330183445077,8.520339776134279,35.26842706788344,69.85428636108743,0.7468465477195654,0.8645628946696711
2010,all,spatial_coverage,5000,18,390000,97488,97488,26.218885795072914,11.627449862368882,0.012780929244117506,7.902021756291106,32.29398904248008,61.49791977442542,0.6615130678511867,0.8140544499483655
2010,spco2_le_threshold,spatial_coverage,5000,18,390000,97488,97471,18.43041988967071,11.416760212756087,0.22550076140821243,7.899614849895954,32.25567341609769,61.243542798671754,0.7925343889319029,0.8905589002887424
2010,all,random,500,19,390000,97488,97488,34.37729345906408,18.02650028546229,-0.557085408573756,11.806927101699017,52.576635596976914,96.72905334190743,0.4180886796185882,0.6472469665271241
2010,spco2_le_threshold,random,500,19,390000,97488,97471,28.028491538809444,17.805455127218156,-0.3329933948248308,11.80356984257935,52.530029279684015,96.16881508333704,0.5201835749396979,0.7218362975710292
2010,all,random,1000,19,390000,97488,97488,33.211671163117586,15.621752282601017,1.6025369467189297,9.417698117142777,47.422039137809385,101.90071824841122,0.4568811183277298,0.6784557583472949
2010,spco2_le_threshold,random,1000,19,390000,97488,97471,26.972998949196025,15.40764940584022,1.8196439264118665,9.415430242609034,47.343843560186855,100.75335225456134,0.555640846006123,0.7490278948532205
2010,all,random,2500,19,390000,97488,97488,28.770978883061836,12.111721496768302,0.49716380846411273,7.5416082809735485,35.35175689844217,79.13695856324551,0.5924107515318056,0.769955006978197
2010,spco2_le_threshold,random,2500,19,390000,97488,97471,20.834572302231322,11.890296339258263,0.7207880923829179,7.5386183006746705,35.30097970118658,78.73074029996648,0.7348785663974244,0.8576598519068059
2010,all,random,5000,19,390000,97488,97488,27.198656914267033,10.819413124656423,0.43928500575785545,6.965173323547958,31.02520745554979,65.29271034824522,0.6357426190221741,0.7980662589684768
2010,spco2_le_threshold,random,5000,19,390000,97488,97471,18.484619877548685,10.595723637718335,0.664938131811343,6.963724943304896,30.966263445552983,64.82787811141975,0.791312369279241,0.8905403608730527
2010,all,historical_density,500,19,390000,97488,97488,47.7183412668381,24.381175457452663,-9.215629648203782,13.732993335890853,96.25796129765905,172.42024534121722,-0.12120266291095527,0.5030800595098182
2010,spco2_le_threshold,historical_density,500,19,390000,97488,97471,42.52215562071732,24.136497476623653,-8.9683066316333,13.729610882805446,96.05034519296487,172.0639724564832,-0.10434865210671229,0.5778078756041549
2010,all,historical_density,1000,19,390000,97488,97488,39.07104826547245,19.227016339959807,-3.906467249248482,11.643156594374972,59.93771675223532,134.37741617350088,0.24833631328182282,0.5811320092487385
2010,spco2_le_threshold,historical_density,1000,19,390000,97488,97471,32.84168640345607,18.98953711046251,-3.6663159497555755,11.640580080384325,59.829644637352885,133.71650272347068,0.3412410025229856,0.66363310656175
2010,all,historical_density,2500,19,390000,97488,97488,39.36193092780262,18.303787536712907,-4.733385534184678,10.199781087410571,61.44666078936572,146.1379752603421,0.237102427835293,0.5924261593704453
2010,spco2_le_threshold,historical_density,2500,19,390000,97488,97471,33.304694114464375,18.067963207312108,-4.4951943794302585,10.196613568186137,61.28593513682574,145.48932449173586,0.32253547462672205,0.672982848966286
2010,all,historical_density,5000,19,390000,97488,97488,36.66392746033177,16.00952653988434,-2.721104139059324,9.033670941995211,50.826291169669986,129.9105746898108,0.3381014755120859,0.62593518968127
2010,spco2_le_threshold,historical_density,5000,19,390000,97488,97471,29.909491227015714,15.771267360407977,-2.4805273145314692,9.031010927828106,50.71398358583147,129.16772104250842,0.4536213616980106,0.7146382667327227
2010,all,spatial_coverage,500,19,390000,97488,97488,38.65115693625183,20.460607940950727,3.8543857827199597,12.988627861078925,59.024272161012064,137.77625831672134,0.2644055579677361,0.5716415595421488
2010,spco2_le_threshold,spatial_coverage,500,19,390000,97488,97471,33.66902675326442,20.251531475569056,4.067703046834609,12.986349744404095,58.91553416477666,136.53861722808304,0.30763232137465235,0.6257574376893468
2010,all,spatial_coverage,1000,19,390000,97488,97488,33.25931859611751,15.851895626426922,2.072599200856965,9.648027793356562,48.402591728088666,99.63893977038504,0.4553216193423768,0.6822745186883198
2010,spco2_le_threshold,spatial_coverage,1000,19,390000,97488,97471,27.00297252914369,15.63699234180095,2.2906287118688753,9.645055901103547,48.32885994629916,98.60834705955334,0.554652714504642,0.754265925317425
2010,all,spatial_coverage,2500,19,390000,97488,97488,29.322601969421232,12.813444675497989,0.904399868639605,8.283470115391026,36.711799418824334,72.9799079097194,0.5766315863052285,0.7601572200540619
2010,spco2_le_threshold,spatial_coverage,2500,19,390000,97488,97471,21.74273914273115,12.591444037973059,1.128793047097225,8.281270338523086,36.64944760689784,72.44873275589032,0.7112618488619902,0.8444657026896116
2010,all,spatial_coverage,5000,19,390000,97488,97488,27.368049676885647,12.000450821193148,0.4536219926185466,8.013281357257796,33.35204852922944,63.347281371814056,0.6311913130138264,0.7945397191625093
2010,spco2_le_threshold,spatial_coverage,5000,19,390000,97488,97471,20.279826045969607,11.793171697717385,0.6630732415247922,8.0112636357116,33.307050597503064,63.01766939095671,0.7488089789939525,0.8656465734396456
2014,all,random,500,0,390000,97488,97488,30.20317241715101,16.7456434644709,-0.9233146510283191,11.178294418181196,49.45813267897023,91.13238432313452,0.5201291592965256,0.721880842180476
2014,spco2_le_threshold,random,500,0,390000,97488,97478,26.170087187502173,16.613795249696814,-0.7898432670454462,11.17704780207876,49.41430594349963,90.86833913692406,0.5931884428695842,0.770954273887087
2014,all,random,1000,0,390000,97488,97488,27.966253788672276,14.341657890053371,0.37264157875488446,9.221083732930168,42.23896725888282,82.77604486062545,0.5885777015223046,0.7682943495011143
2014,spco2_le_threshold,random,1000,0,390000,97488,97478,23.664306691111793,14.211262557685172,0.5045464106479832,9.220329205831831,42.206351097206024,82.34809142059639,0.6673630318232266,0.8182356153791315
2014,all,random,2500,0,390000,97488,97488,26.558679454739515,13.070391110028327,1.0965773399810843,8.237364018600346,39.07884603252377,84.29289190387982,0.6289502085576375,0.793947403481317
2014,spco2_le_threshold,random,2500,0,390000,97488,97478,22.541690912551818,12.948618161609943,1.2198036387400593,8.236450465897008,39.03888490242158,83.94130261752791,0.6981745030822348,0.8368742181260842
2014,all,random,5000,0,390000,97488,97488,24.63884198480858,12.028356943328182,0.5518313015487794,7.765809235195292,34.45684297982385,73.41289814764824,0.6806552198540645,0.8251407420105277
2014,spco2_le_threshold,random,5000,0,390000,97488,97478,20.71703932733911,11.910830998588281,0.6706478132109518,7.764288067815983,34.41715390706527,73.07095606797526,0.7450597988047838,0.8635398736353386
2014,all,historical_density,500,0,390000,97488,97488,35.876851328475276,21.11215785079498,-1.4468424004056504,14.478441608549446,63.46268378907717,100.04501883496806,0.3229076937072485,0.6214008407353
2014,spco2_le_threshold,historical_density,500,0,390000,97488,97478,32.224010197215186,20.974418862005432,-1.3070860009746863,14.475729463760956,63.40633862911464,99.79120608044673,0.38320319433048977,0.6701181025529122
2014,all,historical_density,1000,0,390000,97488,97488,38.506976527886046,20.513346375822696,-3.8105534154891996,11.682382362733819,75.51424052655202,129.98633525959565,0.2199937589213683,0.6201305264997445
2014,spco2_le_threshold,historical_density,1000,0,390000,97488,97478,35.08673725829991,20.374507544106304,-3.6700010901680615,11.680347280201147,75.40787732523485,129.7290443570009,0.26874489205397445,0.6679174096499481
2014,all,historical_density,2500,0,390000,97488,97488,37.809642763365716,18.706950505382316,-6.4588841367451995,10.140548971880634,74.26840775541118,145.5890217983677,0.24798866757320748,0.6432161143447415
2014,spco2_le_threshold,historical_density,2500,0,390000,97488,97478,34.41581673007034,18.56995323754359,-6.3206303734543114,10.139354664107657,74.14342719551989,145.19936806755342,0.29644329872084274,0.6904745179185514
2014,all,historical_density,5000,0,390000,97488,97488,33.81356715882009,16.27335019432884,-4.9346628133919035,9.157408328725097,56.10080650101515,125.94509480022542,0.39854766506306327,0.6855499583951532
2014,spco2_le_threshold,historical_density,5000,0,390000,97488,97478,29.930461605374806,16.136427196688217,-4.7965766109890815,9.156491569139973,56.0274798615177,125.3629039770574,0.4678797665414963,0.7370249945327988
2014,all,spatial_coverage,500,0,390000,97488,97488,30.37958570600108,17.28767710193995,-0.1256115586620219,12.135467176517153,48.430746088194844,88.5427428785769,0.5145070462352568,0.7175122019314096
2014,spco2_le_threshold,spatial_coverage,500,0,390000,97488,97478,26.394729944595205,17.15657824728658,0.007247905107591362,12.13418924466123,48.38448780404158,88.23379387522849,0.5861743659889246,0.7657720117377472
2014,all,spatial_coverage,1000,0,390000,97488,97488,27.233131700074047,14.60994758887808,0.21458720617930185,9.676117947487313,42.86669025965702,78.28164392689182,0.6098654526784959,0.7809561616789058
2014,spco2_le_threshold,spatial_coverage,1000,0,390000,97488,97478,22.958509056575732,14.48172208599999,0.34433351732131406,9.675241870527515,42.83585152427771,78.10190292391768,0.6869092004257185,0.8288428620700045
2014,all,spatial_coverage,2500,0,390000,97488,97488,24.53820088759088,12.683576841507977,0.2861302663241952,8.70129777003416,36.31092015545639,67.97278386513506,0.6832587164259241,0.8266260625988905
2014,spco2_le_threshold,spatial_coverage,2500,0,390000,97488,97478,19.98171782289866,12.559165563780196,0.41187207064339315,8.70027220623237,36.28804218513532,67.74399252000666,0.7628360982480334,0.8734958330055921
2014,all,spatial_coverage,5000,0,390000,97488,97488,22.50813005528477,11.458822850150124,-0.06826095002212958,7.944109215983019,31.986613696156773,59.94088257466401,0.7334994749651313,0.8569294657958518
2014,spco2_le_threshold,spatial_coverage,5000,0,390000,97488,97478,17.967762166875623,11.33980832912006,0.051922097434421825,7.942796869155046,31.959888884564844,59.62768211327843,0.8082343027032779,0.8992434577175411
2014,all,random,500,1,390000,97488,97488,30.566515693609155,16.46790806643274,-1.815643101841703,10.599404307193254,49.36394967500459,99.30745727561616,0.508514048076959,0.714382828604609
2014,spco2_le_threshold,random,500,1,390000,97488,97478,26.58725018592116,16.336092751619358,-1.682324651452644,10.597936568016934,49.33007719856578,98.91897317993804,0.580115553302469,0.7628869037089354
2014,all,random,1000,1,390000,97488,97488,28.140925794970013,14.496165362036836,-0.9433271255730739,9.206075694035917,43.301992228225934,84.31958511646857,0.5834223179448665,0.764248328549258
2014,spco2_le_threshold,random,1000,1,390000,97488,97478,23.84524461809266,14.365701650479094,-0.811473065604771,9.20465414240428,43.25585756912446,84.0755239394036,0.6622568828371591,0.8141266259968208
2014,all,random,2500,1,390000,97488,97488,24.65775444292769,11.659914848156474,-0.280592587271297,7.572497924402114,33.97612211675911,72.23962879040083,0.6801647818098238,0.8253331901399589
2014,spco2_le_threshold,random,2500,1,390000,97488,97478,19.65585907982243,11.530348811372907,-0.1498591771049277,7.571652198018484,33.95050760355695,71.88359462800054,0.7705082894739321,0.8784746609864105
2014,all,random,5000,1,390000,97488,97488,23.329602053307827,10.547739708906775,-0.523496660562674,7.024270664249457,30.35784233733143,59.86988185769389,0.7136917260027811,0.8457072932018743
2014,spco2_le_threshold,random,5000,1,390000,97488,97478,17.79450992091802,10.416756092551623,-0.3914846846752855,7.0233503970630125,30.335873817444867,59.55754289651463,0.8119146340407855,0.9021487207390634
2014,all,historical_density,500,1,390000,97488,97488,38.87778230461941,22.58500346659897,-5.136963727154472,15.200778570290652,67.27058143566391,129.95908437844224,0.20489917445562356,0.5851307558359075
2014,spco2_le_threshold,historical_density,500,1,390000,97488,97478,35.50598250564214,22.4475021091454,-4.997672423278173,15.198275754985218,67.21437913325558,129.83260922586808,0.25116521041806494,0.6311155469040027
2014,all,historical_density,1000,1,390000,97488,97488,35.9749668683653,20.084787502018543,-2.821263019933341,12.57856895886502,63.48712634220319,101.59830430338864,0.319199223473704,0.6258106362888122
2014,spco2_le_threshold,historical_density,1000,1,390000,97488,97478,32.320419949381616,19.947063254873967,-2.6817677552789605,12.576157469142913,63.44291492379822,101.24851395301354,0.3795069329001134,0.6747482015806823
2014,all,historical_density,2500,1,390000,97488,97488,33.999117192287,17.866987528271448,-4.200033852493311,10.699566051224593,62.10597428210619,115.15293455165269,0.39192868290605676,0.6728809501192659
2014,spco2_le_threshold,historical_density,2500,1,390000,97488,97478,30.2084306277807,17.731122735874692,-4.062767004896841,10.697754861789093,62.05417568902282,114.38242124116066,0.45795009764954475,0.7226434729100581
2014,all,historical_density,5000,1,390000,97488,97488,33.538502676852985,16.46713949342433,-5.027578607065194,9.190267632706934,56.77692673567562,117.14882029875551,0.4082931779293686,0.6919941022816695
2014,spco2_le_threshold,historical_density,5000,1,390000,97488,97478,29.65222760084805,16.330313626531503,-4.889579187074606,9.189724789887293,56.671921546517176,116.67073726531311,0.47772697769291006,0.7432769381917708
2014,all,spatial_coverage,500,1,390000,97488,97488,32.58371569504216,18.852079286641352,-2.084370285629894,12.907647400072506,55.3769196715344,102.04961530941559,0.4415035041483011,0.6665347173195394
2014,spco2_le_threshold,spatial_coverage,500,1,390000,97488,97478,29.131144187904226,18.724136909096096,-1.9547077549217744,12.90674968943074,55.327227939462524,101.83220007823573,0.49592166874637844,0.7062728111798963
2014,all,spatial_coverage,1000,1,390000,97488,97488,28.65142474787159,15.364901057991949,-0.949018527916357,10.229526414816746,44.52714213373688,86.31936483396937,0.5681711207453249,0.7545163500719743
2014,spco2_le_threshold,spatial_coverage,1000,1,390000,97488,97478,24.62718420442929,15.237076950553607,-0.8197155347263523,10.22833760833268,44.48755851075105,86.07733840572776,0.6397429728676083,0.8005820416791487
2014,all,spatial_coverage,2500,1,390000,97488,97488,25.05691914161238,12.358163468308327,0.12116248378430589,8.262116716159369,35.33552945442107,70.93171837857773,0.6697258525244832,0.818374515282336
2014,spco2_le_threshold,spatial_coverage,2500,1,390000,97488,97478,20.717806818475346,12.233704580337424,0.24690159149218607,8.260766044091184,35.30600247492163,70.58966809019634,0.7450409092360648,0.8631877137866788
2014,all,spatial_coverage,5000,1,390000,97488,97488,24.013607832073713,11.623090889065926,0.29285527235349107,7.827804397231944,33.3208029319515,63.28508794688229,0.6966569389910162,0.8347053415500325
2014,spco2_le_threshold,spatial_coverage,5000,1,390000,97488,97478,19.49173530901237,11.501336188341247,0.4158323972314586,7.826175416974735,33.297068700595844,63.08922573286627,0.7743247388825085,0.8801009496002069
2014,all,random,500,2,390000,97488,97488,30.300431045003695,17.056094864602848,0.0867174491077317,11.702062933136403,48.24681758766391,89.266897518597,0.5170336749202451,0.7190887699795039
2014,spco2_le_threshold,random,500,2,390000,97488,97478,26.48919394108398,16.92740956208457,0.21716138560636755,11.701182409087039,48.213696272048445,88.77390418958174,0.5832069875956103,0.7637396662509307
2014,all,random,1000,2,390000,97488,97488,28.299476681201867,14.480611488000271,0.6633118283460707,9.331869035541501,42.32024079361472,82.69539263791188,0.5787149514368799,0.7608969892237125
2014,spco2_le_threshold,random,1000,2,390000,97488,97478,24.349286728604447,14.354904634175867,0.790572255624625,9.330988363946062,42.295026747056625,82.15124235605371,0.6478275076442128,0.8051460305809055
2014,all,random,2500,2,390000,97488,97488,24.831423007240534,11.754517591240244,0.09337041723078741,7.7617505896457715,33.20527403905834,71.28104239421688,0.6756436133758253,0.8236075251564685
2014,spco2_le_threshold,random,2500,2,390000,97488,97478,20.04992502096448,11.626900589823508,0.22220286090202906,7.760792925805617,33.177401515092576,71.0356200326366,0.761214226286964,0.8741647004178414
2014,all,random,5000,2,390000,97488,97488,24.28958286184557,11.101259646167152,0.3315241446026958,7.226182298230327,31.029719355552775,70.02111119927002,0.6896445686327735,0.8323112216703185
2014,spco2_le_threshold,random,5000,2,390000,97488,97478,19.755464153138163,10.977920833207286,0.45603581541671845,7.224753960298244,31.000670073013502,69.49460139214514,0.7681765210374165,0.878092630039177
2014,all,historical_density,500,2,390000,97488,97488,36.910086737325685,21.834546435834692,-4.132314271003361,14.858484041410463,65.60355752837337,116.53562011629906,0.2833462648878893,0.6095537969165293
2014,spco2_le_threshold,historical_density,500,2,390000,97488,97478,33.415886284652004,21.698137521129688,-3.9940893329736302,14.855997063508568,65.54463655133547,116.12542190544688,0.33673220296591255,0.6561263749818899
2014,all,historical_density,1000,2,390000,97488,97488,33.73719268460349,18.425722523589787,-1.420481757916212,11.870485330440204,55.665838219870196,100.87274526245214,0.4012615892350595,0.6625287089446412
2014,spco2_le_threshold,historical_density,1000,2,390000,97488,97478,29.802645104236458,18.288649223623064,-1.2816639370559881,11.868919261672033,55.61394341861755,100.57050122175913,0.4724148467358874,0.7144420122242503
2014,all,historical_density,2500,2,390000,97488,97488,33.623268492340564,17.007943781411914,-4.9006997431177775,10.097001790051365,61.266512950461916,102.62661904165832,0.40529841724961535,0.6938683396640345
2014,spco2_le_threshold,historical_density,2500,2,390000,97488,97478,29.784015217126708,16.871501136243936,-4.763015049073305,10.095542381418994,61.196069210202616,102.42554707692197,0.4730742365157041,0.7445190434161449
2014,all,historical_density,5000,2,390000,97488,97488,34.22649622546383,16.54515887283053,-5.184155494283562,9.321258016179428,55.977659893914385,129.12235767580984,0.38376817665522545,0.6837894501368421
2014,spco2_le_threshold,historical_density,5000,2,390000,97488,97478,30.405410962205497,16.408016887670758,-5.045848015024755,9.320148902034617,55.854070159614764,128.61705645301927,0.4508579523700825,0.7347913647245536
2014,all,spatial_coverage,500,2,390000,97488,97488,30.43741900512513,17.42570023368944,-0.5112107915175502,12.152646096398058,48.81643261510243,88.82848532933286,0.5126568310899573,0.716174997718272
2014,spco2_le_threshold,spatial_coverage,500,2,390000,97488,97478,26.536067617879414,17.29542971216033,-0.379205059023693,12.150923672184405,48.77198050043028,88.41180926997951,0.5817306190500495,0.7628267264008592
2014,all,spatial_coverage,1000,2,390000,97488,97488,27.545433664213572,14.87232884969395,0.6282944081214534,9.819186886117933,44.443075396869204,85.78403439005191,0.6008662381109487,0.7766263336080633
2014,spco2_le_threshold,spatial_coverage,1000,2,390000,97488,97478,23.431866186197453,14.746103783191156,0.7561096409446311,9.816624598122871,44.399421605987065,85.45304951688833,0.6738655319660947,0.8223685593143641
2014,all,spatial_coverage,2500,2,390000,97488,97488,24.477662838418652,12.883345599173511,0.27230693452055144,8.847523442582201,37.40813842384463,68.4498225952626,0.6848196496294294,0.8278888037254646
2014,spco2_le_threshold,spatial_coverage,2500,2,390000,97488,97478,19.95723156386108,12.759947755665321,0.3970543802501356,8.845869769963684,37.385122808098046,68.27339830738495,0.7634169991076794,0.8740060780284161
2014,all,spatial_coverage,5000,2,390000,97488,97488,22.693537870634522,11.338105859509573,-0.17932268344560243,7.785585799593207,32.11920255287164,61.23754446303151,0.7290908644288694,0.854366156610139
2014,spco2_le_threshold,spatial_coverage,5000,2,390000,97488,97478,17.89226189454205,11.216731110510993,-0.05680318556254743,7.784371259431964,32.09717316439588,60.96971078937156,0.8098425100362889,0.9002190033104533
2014,all,random,500,3,390000,97488,97488,33.17830226158148,18.28797006201063,0.9775878693147947,11.462101698459435,56.53385054645769,117.6326232351492,0.42093468017479696,0.6554671990211756
2014,spco2_le_threshold,random,500,3,390000,97488,97478,29.73088279776357,18.16148839430889,1.1060459376332206,11.460224520683568,56.482582584050675,117.08511839040925,0.4749525506595089,0.6963639874665345
2014,all,random,1000,3,390000,97488,97488,29.524940283267913,15.007656251528024,0.6750777113963755,9.333474493629268,45.19031937172531,98.93553394439907,0.5414388129674876,0.7365832899382155
2014,spco2_le_threshold,random,1000,3,390000,97488,97478,25.81110332936058,14.883881723938138,0.8004610875431576,9.332223616875496,45.12693084276708,98.59720147364183,0.6042726360410905,0.7784001896402766
2014,all,random,2500,3,390000,97488,97488,25.100628135330798,12.012519880339186,0.6771809350535137,7.7191626613509925,35.04845943325971,73.81911665696079,0.6685725948947983,0.8180023973963177
2014,spco2_le_threshold,random,2500,3,390000,97488,97478,20.514608533400448,11.888409258798687,0.8025933581097795,7.718682245870525,35.01463270886894,73.51351829097219,0.7500176126256659,0.8664100694186948
2014,all,random,5000,3,390000,97488,97488,23.373010232750737,11.060220396258643,0.1525314834446226,7.329474531477473,31.753046771316075,64.84540171532547,0.7126252969153959,0.8450186148699524
2014,spco2_le_threshold,random,5000,3,390000,97488,97478,18.420488171922244,10.935378044260151,0.27852412082850303,7.328229885427675,31.721307902744382,64.32151931095652,0.798448880722666,0.8943328961925993
2014,all,historical_density,500,3,390000,97488,97488,40.068437074828445,22.65144637640369,-6.071427708160337,14.13773302806311,75.36802634376335,146.75871032612665,0.15545257489952824,0.5736584508662176
2014,spco2_le_threshold,historical_density,500,3,390000,97488,97478,36.89901501274885,22.51712422585769,-5.935404659086644,14.135910719287097,75.25024378236458,146.5052938593617,0.1912533594478275,0.6166287271530719
2014,all,historical_density,1000,3,390000,97488,97488,36.88465142974578,20.511299733448627,-4.014930134449005,12.717484206028672,66.91389121881114,123.49513024408674,0.28433363875167894,0.6151960771569224
2014,spco2_le_threshold,historical_density,1000,3,390000,97488,97478,33.42114810910624,20.37596739210754,-3.877905475908241,12.715842703338296,66.827916954181,123.33368479952107,0.33652330391350904,0.6612993166261383
2014,all,historical_density,2500,3,390000,97488,97488,41.836486456775404,20.005176753039798,-7.164733843799942,10.234780807386812,76.71064012861028,182.79049296371517,0.07927561492213053,0.5938092290123744
2014,spco2_le_threshold,historical_density,2500,3,390000,97488,97478,38.71114544861168,19.866862313710545,-7.025102138737982,10.234256778809225,76.54235297174824,182.42585466870264,0.10986682468784426,0.6391011400393434
2014,all,historical_density,5000,3,390000,97488,97488,34.93693334986433,16.650991334376844,-5.739253326132459,9.17679741662414,57.76214617495321,127.80430882764861,0.3579205063679295,0.6752301009860181
2014,spco2_le_threshold,historical_density,5000,3,390000,97488,97478,31.143541255366298,16.512749381582477,-5.599891968138127,9.17617206856275,57.70205223573004,126.4174805123432,0.4238720691482276,0.7265956335912253
2014,all,spatial_coverage,500,3,390000,97488,97488,30.75011158718008,18.078365521977823,-0.8282226615462848,12.481166451017003,51.99462018610526,92.49999284827257,0.5025921564018041,0.7126582167796321
2014,spco2_le_threshold,spatial_coverage,500,3,390000,97488,97478,27.047681340783775,17.951394207621647,-0.6994817024640739,12.479000910619789,51.95766094145577,92.13066545213628,0.5654467266600158,0.7559727581540202
2014,all,spatial_coverage,1000,3,390000,97488,97488,28.297692913992456,15.017325055430724,-0.6455145964388094,9.772340968572877,44.874248314193,87.37428842683309,0.578768058480555,0.7609250538732183
2014,spco2_le_threshold,spatial_coverage,1000,3,390000,97488,97478,24.154692884266023,14.888980288542639,-0.5156954650316555,9.77170103177059,44.82694372147057,87.02932242873844,0.653433976499135,0.8084642648611204
2014,all,spatial_coverage,2500,3,390000,97488,97488,24.518434716860515,12.417601215949482,-0.3265173866948648,8.447030573919108,35.71336088294426,66.86617140362257,0.6837687978872526,0.8269926531210122
2014,spco2_le_threshold,spatial_coverage,2500,3,390000,97488,97478,19.7500871439693,12.291405166696793,-0.19908094639709234,8.44546557415822,35.68244535913554,66.48426668633401,0.7683026985167031,0.8765802425032369
2014,all,spatial_coverage,5000,3,390000,97488,97488,22.86598255582718,11.288562853639494,-0.23603807991532735,7.737045883803262,32.02399812858421,60.525685157749976,0.7249580282099719,0.852293077324388
2014,spco2_le_threshold,spatial_coverage,5000,3,390000,97488,97478,17.98394047428042,11.165800011141735,-0.11214138929043113,7.73595207398418,31.986574421295384,60.35307618124458,0.8078888126969207,0.8994773863606361
2014,all,random,500,4,390000,97488,97488,30.151336953111464,16.955858910633754,1.1224421467551933,11.414967959665432,49.52342807435309,92.59108472294024,0.521774879314413,0.7244061199981845
2014,spco2_le_threshold,random,500,4,390000,97488,97478,26.245091896834335,16.82722875503765,1.252926905549701,11.412658414193373,49.455779577211864,92.2030740347508,0.5908532188470866,0.7710722338130986
2014,all,random,1000,4,390000,97488,97488,27.22308718053042,13.68159590823269,0.4262353476640048,8.945015280148908,39.9497208517263,82.4321275193214,0.6101531897959024,0.7820620619897167
2014,spco2_le_threshold,random,1000,4,390000,97488,97478,22.802123096042557,13.552203172400729,0.5570753671144127,8.944330031646189,39.93074172073211,81.99250063551281,0.6911600204770606,0.8324713227474032
2014,all,random,2500,4,390000,97488,97488,25.096709451487992,12.032416550665523,0.7129695583782298,7.874442906012774,34.406674811043125,76.62309322745405,0.6686760710173862,0.8191436146935656
2014,spco2_le_threshold,random,2500,4,390000,97488,97478,20.44857322330667,11.906416570086648,0.8402770530740397,7.873390756589544,34.36774839512756,76.19645440486575,0.7516243794176526,0.8684342931331588
2014,all,random,5000,4,390000,97488,97488,23.207485370284537,10.818499455156324,0.2613537793993155,7.262325516930787,30.305156187683032,65.43007492776549,0.7166811907433439,0.8484181925536926
2014,spco2_le_threshold,random,5000,4,390000,97488,97478,18.08595791128437,10.69208596340242,0.3889039228320148,7.261797715352998,30.290738329306663,65.15292684168658,0.8057030537204856,0.8994755269908743
2014,all,historical_density,500,4,390000,97488,97488,39.26808848430942,23.16479192674271,-4.457628087623106,15.050834930827676,75.97083626022689,128.43010187196927,0.18885450776423418,0.5761171287911487
2014,spco2_le_threshold,historical_density,500,4,390000,97488,97478,36.02218323105551,23.029767543780974,-4.320684588159276,15.047008034518285,75.92029023161297,128.11786413851434,0.22923318997818432,0.6197339634623666
2014,all,historical_density,1000,4,390000,97488,97488,39.55787165681839,20.0843811024693,-3.9957952921955706,12.009128729157425,61.341160213483114,172.44185037802905,0.1768384593565835,0.5892300682245228
2014,spco2_le_threshold,historical_density,1000,4,390000,97488,97478,36.23628599693519,19.94602329404545,-3.8557869999897108,12.007690289517768,61.27651647767717,172.12277098410433,0.22004364563042478,0.635268082767564
2014,all,historical_density,2500,4,390000,97488,97488,37.680676917263064,18.899057472809194,-4.609874994713431,10.755109714759783,60.61370066642821,164.98256608468583,0.25311002649148273,0.6285919410304952
2014,spco2_le_threshold,historical_density,2500,4,390000,97488,97478,34.25245020261141,18.76186420237315,-4.47121583633569,10.753909056997145,60.503856850517415,164.42807451456576,0.3031067942042964,0.6757171885254074
2014,all,historical_density,5000,4,390000,97488,97488,35.357910265036445,16.771270238298058,-5.592544998616473,9.31994217895479,57.85359597940776,131.03506758047126,0.3423536475148148,0.6675682327425272
2014,spco2_le_threshold,historical_density,5000,4,390000,97488,97478,31.613217541464632,16.632679092385192,-5.452807058017659,9.318182542437427,57.788305126727856,130.11516527515542,0.40636384564623507,0.7184641151905455
2014,all,spatial_coverage,500,4,390000,97488,97488,30.620497297553868,17.61911619410621,2.8049287257460076,11.904092247442605,51.74298708089518,90.61614614811691,0.5067765502338666,0.7157880679987871
2014,spco2_le_threshold,spatial_coverage,500,4,390000,97488,97478,26.88452613011601,17.49178711690801,2.9343530495557344,11.903295763162788,51.672394914250326,90.33693920650512,0.5706734809955719,0.7598348219487093
2014,all,spatial_coverage,1000,4,390000,97488,97488,29.570685243739774,16.05585425333439,1.6327380048954303,10.104882774775689,49.52011313127136,97.09712273791034,0.5400167532714795,0.7397174712075458
2014,spco2_le_threshold,spatial_coverage,1000,4,390000,97488,97478,25.883794833956593,15.9325978428422,1.7578090394318413,10.103655933238286,49.469801450535506,96.78244600765451,0.6020405327616929,0.7816965833920781
2014,all,spatial_coverage,2500,4,390000,97488,97488,24.924629449242364,12.402665064399745,0.7123991851106989,8.185747444837006,35.750663363205184,69.70310915368285,0.6732040557343787,0.820697877522351
2014,spco2_le_threshold,spatial_coverage,2500,4,390000,97488,97478,21.217467158225762,12.288199024469888,0.8282106634214716,8.184972109930754,35.7181238387045,69.38913621956583,0.7325946940039785,0.8561740780270716
2014,all,spatial_coverage,5000,4,390000,97488,97488,22.970676647823595,11.386230915953426,0.16294426008550683,7.704763221718565,32.33297668620399,61.97821444017995,0.7224336503156761,0.8500455288575958
2014,spco2_le_threshold,spatial_coverage,5000,4,390000,97488,97478,18.86280044294231,11.271922548026044,0.2784374261392387,7.704191456225033,32.30539603725881,61.77553601507055,0.7886533912052496,0.8880891646736766
2014,all,random,500,5,390000,97488,97488,31.205297833099422,17.46622079839361,0.23411385705505286,11.75285849630174,49.36756406756807,95.15665155555641,0.4877571547431626,0.6986078515825683
2014,spco2_le_threshold,random,500,5,390000,97488,97478,27.49983788621595,17.336413493762926,0.36573699035020074,11.752298844552769,49.337288521767725,94.73387987753848,0.5507964181795464,0.7424120577576798
2014,all,random,1000,5,390000,97488,97488,28.364837265819133,14.991808564170974,0.11570497746063739,9.779387195568233,44.243552299309655,85.65996155561103,0.5767667009195309,0.7595501814858626
2014,spco2_le_threshold,random,1000,5,390000,97488,97478,24.209558650658746,14.862110958277835,0.24695242162924683,9.77737457239806,44.202601311443296,85.32261797042182,0.6518577854224709,0.8075056162714771
2014,all,random,2500,5,390000,97488,97488,24.907084801421615,11.984656544250116,0.15752659879877637,7.819714615041875,34.90790997137709,68.64360034843203,0.6736639624164539,0.8210621103148634
2014,spco2_le_threshold,random,2500,5,390000,97488,97478,20.107476841123606,11.855941134338302,0.2874876418937777,7.818016463305696,34.88021071994165,68.40724457864634,0.7598414252032931,0.8720114391070233
2014,all,random,5000,5,390000,97488,97488,23.38629466362564,10.701758214194106,0.060769463605265354,7.1920366501828425,29.860775328504573,61.18474189504567,0.7122985358999754,0.8445122978218995
2014,spco2_le_threshold,random,5000,5,390000,97488,97478,18.204494449845157,10.574094750640736,0.18953702528106425,7.191494542849824,29.842074339297685,60.94853626199221,0.803147838027461,0.8967477605068345
2014,all,historical_density,500,5,390000,97488,97488,39.889978267807415,22.55841458760758,-6.330731704313801,14.365608088621713,73.99395690583651,137.4999467927055,0.16295879683614412,0.5707552493313517
2014,spco2_le_threshold,historical_density,500,5,390000,97488,97478,36.601456560656814,22.419794570985655,-6.190446934323602,14.364558623990689,73.93843334793928,137.24162753769792,0.2042444425108083,0.6158689394459868
2014,all,historical_density,1000,5,390000,97488,97488,38.896024029093326,21.139085636386234,-5.727760586483788,12.695670804826108,72.9509896209055,142.52313206424526,0.20415286579193148,0.5934046386127474
2014,spco2_le_threshold,historical_density,1000,5,390000,97488,97478,35.54308646910369,21.00128586786719,-5.588379812501983,12.69446042230851,72.86797461400664,142.269279108172,0.24959931902070542,0.639346824935481
2014,all,historical_density,2500,5,390000,97488,97488,34.0730967625001,17.35900229400844,-4.907352772012378,10.259173896572037,60.174563163978064,113.6899047719725,0.3892795672654935,0.6793011612663431
2014,spco2_le_threshold,historical_density,2500,5,390000,97488,97478,30.267141759212354,17.222233125659386,-4.769306223175213,10.258426163597846,60.10715870799055,113.34309269211717,0.4558410646231046,0.7296458186522486
2014,all,historical_density,5000,5,390000,97488,97488,34.81254472275703,16.67974637091313,-5.709748962001951,9.137427079885953,60.77420541708398,132.2089550046713,0.3624844563251628,0.6762479493616124
2014,spco2_le_threshold,historical_density,5000,5,390000,97488,97478,31.041619893211443,16.54212617674044,-5.571003385957568,9.136254468541864,60.70565879254628,131.49737792300328,0.4276368086131236,0.7270563927013542
2014,all,spatial_coverage,500,5,390000,97488,97488,29.59582810431872,17.03130548125687,-0.9482044552190484,12.267648319013716,46.265392888566694,87.90441915554008,0.5392342072251477,0.7346856868579443
2014,spco2_le_threshold,spatial_coverage,500,5,390000,97488,97478,25.492854241281858,16.900481508386672,-0.8157305612357773,12.267169343483033,46.21863594912816,87.43962970717511,0.6139710558432714,0.7838296623251075
2014,all,spatial_coverage,1000,5,390000,97488,97488,28.117544848604393,14.412970633110808,-0.3902128496166492,9.501175483811807,42.55574386315777,86.44852869566002,0.5841142592314281,0.7648068832243202
2014,spco2_le_threshold,spatial_coverage,1000,5,390000,97488,97478,23.594019270473034,14.280075565574395,-0.25587922591541196,9.500261861037615,42.52317686010167,85.9805055656803,0.6693360854207684,0.8184714024565577
2014,all,spatial_coverage,2500,5,390000,97488,97488,23.94016579087268,11.85902984825253,-0.5075525101151941,8.026543390012478,34.012113135730466,64.9026106094587,0.6985095607681611,0.8363877211699622
2014,spco2_le_threshold,spatial_coverage,2500,5,390000,97488,97478,19.126036272634114,11.732781536524252,-0.380139681538175,8.02580081194509,33.99229941593906,64.67238486556666,0.7827134254659174,0.885216334402296
2014,all,spatial_coverage,5000,5,390000,97488,97488,22.85276966705409,11.272690094548087,-0.135945498517468,7.713843325171496,31.65360193389002,59.876267518403026,0.72527579710599,0.8518129208197901
2014,spco2_le_threshold,spatial_coverage,5000,5,390000,97488,97478,18.267720415252636,11.150375866426876,-0.01248878238911371,7.712604592511383,31.630538986897083,59.67175493714286,0.8017780904205,0.895469609792197
2014,all,random,500,6,390000,97488,97488,30.811048250431238,16.995204381451458,0.3431284379104397,11.413207699909748,49.33223859342295,95.24281461482266,0.5006188037652347,0.7080696687156136
2014,spco2_le_threshold,random,500,6,390000,97488,97478,26.926055550710473,16.86409591297164,0.4760155982816993,11.41266731668685,49.29996120013515,94.90481859674777,0.5693460666647822,0.7552604632037488
2014,all,random,1000,6,390000,97488,97488,28.54777183416033,14.4298592408592,-0.7370034864306146,9.207055482800655,42.3200023671193,85.747657115185,0.5712899434030999,0.756265187107493
2014,spco2_le_threshold,random,1000,6,390000,97488,97478,24.307278944935376,14.298084899035539,-0.6038244321842103,9.204633552662187,42.27344525695777,85.40393700452071,0.6490416068189331,0.806086145807939
2014,all,random,2500,6,390000,97488,97488,25.170666199452175,11.865585196034598,-0.22370837561255882,7.678932521907228,35.077193910113536,69.54784008181625,0.6667204564869023,0.817064358290657
2014,spco2_le_threshold,random,2500,6,390000,97488,97478,20.128584891025447,11.73317146385418,-0.090100335298981,7.6782110864311335,35.041907093757374,69.22996115989858,0.7593369422204058,0.8721028021951812
2014,all,random,5000,6,390000,97488,97488,23.225402893415655,10.608256317119501,-0.4357106813489946,7.054792174743824,30.234804067045825,59.45193494283396,0.716243544797333,0.8467998899978003
2014,spco2_le_threshold,random,5000,6,390000,97488,97478,17.821050243526557,10.477869745574472,-0.30428053631704644,7.053307775472263,30.219230942835058,59.17063269035538,0.8113531609847054,0.901287135309184
2014,all,historical_density,500,6,390000,97488,97488,36.59904355600752,21.492430485978407,-1.7181913404718494,14.783628596884057,63.22641660390167,111.74147562863259,0.2953739266597901,0.6079817832975206
2014,spco2_le_threshold,historical_density,500,6,390000,97488,97478,33.005920490540994,21.35476895046863,-1.578501220138264,14.78001013271026,63.14761193955063,111.36357506356232,0.35290708979142604,0.6561749596997107
2014,all,historical_density,1000,6,390000,97488,97488,34.76771080842882,18.40763416026397,-3.468443697364562,11.593890155494933,56.27653971989722,118.28647140392164,0.364125468919291,0.6513886086540535
2014,spco2_le_threshold,historical_density,1000,6,390000,97488,97478,30.959003815852586,18.269086087405476,-3.328363054032434,11.593122399812813,56.20007437213693,117.70127323932289,0.43067939958548873,0.702153533950413
2014,all,historical_density,2500,6,390000,97488,97488,36.47833691738499,17.78897653305255,-4.90210406770132,9.982937342743924,62.14337330260505,149.12857045766668,0.3000140910247503,0.6514008902119498
2014,spco2_le_threshold,historical_density,2500,6,390000,97488,97478,32.87384396061168,17.650649359771595,-4.762454865607155,9.981689310273993,62.05519381133907,148.57111059432495,0.35807554350274984,0.7009077458232659
2014,all,historical_density,5000,6,390000,97488,97488,34.34674612045094,16.52007769777446,-4.729195300816856,9.395260327222132,56.10332787332252,124.12956827794326,0.379430485492775,0.6811712716658024
2014,spco2_le_threshold,historical_density,5000,6,390000,97488,97478,30.51345782546529,16.38209420313787,-4.590002211974704,9.393856320221289,56.029704061003656,123.45212239750079,0.4469482208389387,0.7324933284173105
2014,all,spatial_coverage,500,6,390000,97488,97488,29.86614160877108,16.86506486852708,-0.12880482075196534,11.33028461336238,49.036157221039794,89.1900980780611,0.5307789607613556,0.7307862805111629
2014,spco2_le_threshold,spatial_coverage,500,6,390000,97488,97478,26.024034911198417,16.737570160602335,0.00040681407400578227,11.328661974946812,49.01381509517051,88.93774134373305,0.5977165101429451,0.7754104459916333
2014,all,spatial_coverage,1000,6,390000,97488,97488,26.633785569969636,14.026322126929243,0.6740959727294087,9.34605068682282,41.22915542319636,77.90961005091079,0.6268486347211255,0.7927807703240131
2014,spco2_le_threshold,spatial_coverage,1000,6,390000,97488,97478,22.297209019466578,13.899908537134502,0.8020176379975529,9.34517779828829,41.20806911491314,77.58993968204985,0.7046860562681541,0.8405475548405416
2014,all,spatial_coverage,2500,6,390000,97488,97488,25.091080369599965,12.961416312346318,0.1638659896314827,8.62431036080983,38.50873547150266,73.19481127125184,0.6688246833579876,0.8178637570019869
2014,spco2_le_threshold,spatial_coverage,2500,6,390000,97488,97478,20.61450762097258,12.837014324028477,0.28961446457214945,8.623225381659665,38.464050013952885,72.97949037949999,0.7475770281653259,0.8646636087385358
2014,all,spatial_coverage,5000,6,390000,97488,97488,23.29426093524774,11.78856990194747,-0.029050640034037078,8.11189460000108,33.03452592612402,63.431399859836894,0.7145585037952842,0.8459677940421686
2014,spco2_le_threshold,spatial_coverage,5000,6,390000,97488,97478,18.74524653452243,11.668869614158782,0.09185602450242088,8.111490781713968,32.993541009183346,63.16839540456062,0.7912794279401429,0.8899444833333509
2014,all,random,500,7,390000,97488,97488,31.05093989374225,17.4729536197498,-0.5981131655332401,11.851843808701119,49.58484500173013,97.52788068313265,0.49281227022369933,0.7022741861317818
2014,spco2_le_threshold,random,500,7,390000,97488,97478,27.330511717670994,17.344189875628384,-0.4676182779277377,11.850662224137523,49.56762287791688,97.03695203966642,0.5563111962467095,0.7460951369492401
2014,all,random,1000,7,390000,97488,97488,27.985407398143224,14.314598900641029,0.19796466699761953,9.374756108700183,40.7964125223253,88.10249764086441,0.5880139563309055,0.7673147739399989
2014,spco2_le_threshold,random,1000,7,390000,97488,97478,23.91118630593335,14.187577950261534,0.3264744213705947,9.37395246984181,40.756903556153915,87.56185347450862,0.6603863089613708,0.813116345475781
2014,all,random,2500,7,390000,97488,97488,25.50877890160681,12.075875818591538,0.10777593772120397,7.889213467966044,34.64265021313249,72.35199357540601,0.6577065598268657,0.8117813294238375
2014,spco2_le_threshold,random,2500,7,390000,97488,97478,20.770178808889096,11.946820261194206,0.2380813824527356,7.88884402258978,34.6063147204686,72.18685258437861,0.74375027146148,0.86329536346827
2014,all,random,5000,7,390000,97488,97488,23.819193808140852,10.99167504001693,0.05113913488637364,7.30885798494586,31.531495089165396,62.54722904084596,0.7015487835128631,0.8388925805331139
2014,spco2_le_threshold,random,5000,7,390000,97488,97478,18.70119315988875,10.864278631856116,0.17966839499068904,7.3077995427734095,31.51295612938928,62.381081536367695,0.7922593074090682,0.8915019288056023
2014,all,historical_density,500,7,390000,97488,97488,35.62783317708307,20.986698838591582,1.5940059833203222,14.52410540245387,61.38116343575458,118.49711839479038,0.3322743532896467,0.6029759259596396
2014,spco2_le_threshold,historical_density,500,7,390000,97488,97478,32.14504145909891,20.85424985086487,1.7287714634680822,14.522598042251218,61.32742050428496,118.12408469464378,0.3862225567984331,0.647513411889914
2014,all,historical_density,1000,7,390000,97488,97488,36.18633516499916,19.63003336968063,-0.836660710335449,11.89609760460408,64.51271580671593,125.49354885640884,0.3111757310762181,0.6211222417857927
2014,spco2_le_threshold,historical_density,1000,7,390000,97488,97478,32.68046901244004,19.494850644170338,-0.699550024397226,11.894641554386197,64.44420567994682,125.05494608380137,0.3656053605425915,0.6673554716628448
2014,all,historical_density,2500,7,390000,97488,97488,35.50715537101758,18.507177118147045,-3.4552352249849476,10.54192477469644,67.69767322110984,112.80604842243686,0.3367901034824937,0.6527808080245471
2014,spco2_le_threshold,historical_density,2500,7,390000,97488,97478,31.829550302212454,18.369737127832913,-3.316251097337965,10.54149210476723,67.62722543115504,112.65025226300291,0.39821141040392927,0.7022259718915578
2014,all,historical_density,5000,7,390000,97488,97488,34.15194210312769,16.928927644462007,-5.002822910037331,9.601149736501355,61.8191844884858,112.42323364200774,0.38644987594523295,0.6821166604237685
2014,spco2_le_threshold,historical_density,5000,7,390000,97488,97478,30.30448029066493,16.791941051751532,-4.8646128510334945,9.599045078128,61.698292466690866,112.13956554318578,0.454497652138532,0.7334315333564967
2014,all,spatial_coverage,500,7,390000,97488,97488,30.50558095419901,17.473514579002657,-2.2379698205010783,12.100975795752191,50.833244309619744,93.2259743019969,0.5104716619101664,0.7163458355962617
2014,spco2_le_threshold,spatial_coverage,500,7,390000,97488,97478,26.523873478448664,17.34159729493604,-2.1044895637884764,12.0997196464362,50.80958147516291,92.88475106162686,0.5821149460212431,0.7646950627850561
2014,all,spatial_coverage,1000,7,390000,97488,97488,26.95998909937455,14.151856471408069,-1.4265142494550083,9.459046190886966,42.04642839258474,77.285023549095,0.6176521418450586,0.7868248879907578
2014,spco2_le_threshold,spatial_coverage,1000,7,390000,97488,97478,22.376016373875277,14.02051114838608,-1.2938634685633474,9.45826583181639,41.989500984712585,76.9893122846532,0.702594849378144,0.83913259391632
2014,all,spatial_coverage,2500,7,390000,97488,97488,24.244383591049385,12.375122200793985,-0.5129141442110189,8.436461827683615,35.34240474780104,65.18952798074805,0.690798543767935,0.8320099200464907
2014,spco2_le_threshold,spatial_coverage,2500,7,390000,97488,97478,19.70921643576926,12.251463236674056,-0.388038268782224,8.434779706074494,35.30743681280576,64.95747739914627,0.7692606522240386,0.877723901812767
2014,all,spatial_coverage,5000,7,390000,97488,97488,22.91629045776025,11.415194552793208,-0.25228366615659625,7.864831022556729,32.030966285511774,62.6932325452825,0.7237464462626328,0.8512743622218982
2014,spco2_le_threshold,spatial_coverage,5000,7,390000,97488,97478,18.23300351579242,11.294121332130821,-0.13006527315926233,7.863322899659465,31.98257070523591,62.520925812104636,0.8025307963774022,0.8961568774308065
2014,all,random,500,8,390000,97488,97488,30.40269942850528,17.1059083138037,-0.016739802047181063,11.737943091161384,48.05530606554922,93.60954705551515,0.5137680092800105,0.7169633585096644
2014,spco2_le_threshold,random,500,8,390000,97488,97478,26.565266682025037,16.97596347924496,0.11495816332176881,11.73646173743299,48.01098640917962,93.08755074927947,0.5808096239717859,0.7623234444343868
2014,all,random,1000,8,390000,97488,97488,27.475829292084924,14.178049410117055,0.5793299537117936,9.272255949565988,41.16413019461203,79.78436774076025,0.6028808264339045,0.7772300216727002
2014,spco2_le_threshold,random,1000,8,390000,97488,97478,23.266797392933803,14.049887778081505,0.7090055047202242,9.271204686934794,41.14469726565357,79.48647268252506,0.6784443393212307,0.8245078853441902
2014,all,random,2500,8,390000,97488,97488,26.47829524920656,12.48590507067228,0.42831161940985035,7.79075110650777,36.782493929216194,82.15418218942627,0.631192895757792,0.7945610219231208
2014,spco2_le_threshold,random,2500,8,390000,97488,97478,22.551716301576825,12.363617379305897,0.5519241447582673,7.789388689578601,36.73324826379424,81.7240456647948,0.6979059703512476,0.8355179382037734
2014,all,random,5000,8,390000,97488,97488,23.64245477943438,10.849513532245025,0.012925389336878057,7.052871674733382,30.50145116097816,66.19338907021854,0.7059613831051528,0.840331956121055
2014,spco2_le_threshold,random,5000,8,390000,97488,97478,19.257819085520023,10.727850170892491,0.1357030984316301,7.052218143351723,30.473723835147982,65.83148115234796,0.7797088002297422,0.8830350776976708
2014,all,historical_density,500,8,390000,97488,97488,35.56753220244712,20.99103990122542,-2.8484896327451272,14.361282043062857,62.47172401608432,103.48775625818134,0.3345327243085576,0.6032869626232537
2014,spco2_le_threshold,historical_density,500,8,390000,97488,97478,31.961446812250777,20.85546678392961,-2.7110553211010027,14.36024699188269,62.43123150363569,103.3466404316848,0.39321364762558464,0.6502732586955892
2014,all,historical_density,1000,8,390000,97488,97488,36.87220414521877,19.644234801905746,-5.565982015879737,11.855030411134607,67.52982267683666,131.88059313091176,0.28481658216540184,0.6230249336167576
2014,spco2_le_threshold,historical_density,1000,8,390000,97488,97478,33.27259252336245,19.505246416063066,-5.425549380792505,11.853159109290942,67.44168904748499,131.51017318343173,0.34240844671831006,0.6720870230752474
2014,all,historical_density,2500,8,390000,97488,97488,36.72040907621534,18.242051539441427,-5.647426031770555,10.42472542950074,61.20123829907544,148.55124282309495,0.2906929791304457,0.6400436751381319
2014,spco2_le_threshold,historical_density,2500,8,390000,97488,97478,33.10567234549608,18.10270332857118,-5.506785772898951,10.42398068394462,61.154631426998314,147.77538591469863,0.34898983748877155,0.6897014822057573
2014,all,historical_density,5000,8,390000,97488,97488,37.214676886159516,17.99412834789135,-6.896169719071631,9.440461984451446,67.27409321768589,157.58752812662902,0.27146949309616775,0.6502983087268636
2014,spco2_le_threshold,historical_density,5000,8,390000,97488,97478,33.76407107115625,17.85732831391579,-6.758231176034656,9.43971027322553,67.14501350146521,157.2901132391942,0.3228380377639335,0.698033442378425
2014,all,spatial_coverage,500,8,390000,97488,97488,41.70416845048413,23.20618909501261,4.668922801422456,14.535710408712106,73.24875698614598,150.3615776128162,0.08509043205263023,0.5204057105425802
2014,spco2_le_threshold,spatial_coverage,500,8,390000,97488,97478,39.72851639621405,23.0977172938278,4.780254233692895,14.532958884727577,73.17462757482646,149.99176990705314,0.062464680430516784,0.5355459736489303
2014,all,spatial_coverage,1000,8,390000,97488,97488,31.324426694464677,16.559742699409668,2.7671388586221455,10.39674499912931,48.927122524122424,109.51518085012393,0.48383862864693716,0.7089409301225736
2014,spco2_le_threshold,spatial_coverage,1000,8,390000,97488,97478,28.462049050992807,16.44640527243091,2.8824589772398452,10.395496576534413,48.88285393861643,109.00904303867972,0.5188114675415696,0.7377102461597177
2014,all,spatial_coverage,2500,8,390000,97488,97488,27.52408500179406,13.140440081753388,0.5331727345958641,8.47451263699682,36.969656760655845,85.26890363643807,0.6014846832603598,0.7811106327356543
2014,spco2_le_threshold,spatial_coverage,2500,8,390000,97488,97478,24.296935242142162,13.025682616310277,0.6493329383816098,8.473546194611743,36.94163637812443,84.8034214885333,0.6493402364534291,0.8138138904017718
2014,all,spatial_coverage,5000,8,390000,97488,97488,24.293239816511424,11.805191908219207,0.33882285117894756,8.009709511654137,32.39929038183242,65.07345632627906,0.6895511095407214,0.8307523312225829
2014,spco2_le_threshold,spatial_coverage,5000,8,390000,97488,97478,20.691252953881342,11.694405994680224,0.4508545858016008,8.008298152703532,32.379018227152635,64.91930842268506,0.7456940488860853,0.86454394553552
2014,all,random,500,9,390000,97488,97488,30.581150341833947,17.03826921783721,-0.30748924670407396,11.490145243227005,48.704973057931916,91.17168242049327,0.5080433077443984,0.7130584187190663
2014,spco2_le_threshold,random,500,9,390000,97488,97478,26.65201333600064,16.907110438639275,-0.17461410279090697,11.488073103717483,48.67026519278379,90.98633856436743,0.5780674920223567,0.7606701255279418
2014,all,random,1000,9,390000,97488,97488,27.492093490103155,13.84883937321117,0.4962916257527063,9.041914268887552,40.76588550652843,79.32527583849122,0.6024105413375951,0.7767159530012194
2014,spco2_le_threshold,random,1000,9,390000,97488,97478,23.080000271813216,13.718116964343094,0.6284856621674076,9.040649580136233,40.74324479093265,79.03027967032574,0.6835868221931827,0.827524054241578
2014,all,random,2500,9,390000,97488,97488,25.506720763819555,11.995590634863186,0.2531370408057506,7.669359456217592,34.76447766554183,74.05207166284832,0.6577617924701861,0.8129517057325301
2014,spco2_le_threshold,random,2500,9,390000,97488,97478,20.776747712689488,11.867399814822306,0.38258442414047,7.6682267354784415,34.728570258680016,73.57508181786216,0.743588159617059,0.864437353986043
2014,all,random,5000,9,390000,97488,97488,23.251883753903208,10.763543807350423,0.24313703832524092,7.0504973064854255,30.783416425561303,63.91220676152878,0.7155961158753159,0.8486066275894677
2014,spco2_le_threshold,random,5000,9,390000,97488,97478,18.15310258267028,10.638031828275038,0.36977816252523693,7.049832819913064,30.749007687172185,63.7226264319107,0.8042577090482586,0.8995182630988086
2014,all,historical_density,500,9,390000,97488,97488,37.50114472483144,22.820696314989355,-0.28666295632515926,15.80082452815762,64.47957767112815,108.80247406403522,0.2602102891703473,0.5815361886638155
2014,spco2_le_threshold,historical_density,500,9,390000,97488,97478,34.1042680259918,22.685357709653356,-0.14901264646520035,15.798313752454163,64.43640694107907,108.56185223120494,0.3091235185837732,0.6261906774095425
2014,all,historical_density,1000,9,390000,97488,97488,35.81219098669469,19.357249685634127,-3.050952292105066,12.017915445109026,63.15368152017364,112.84868488994401,0.3253461221292341,0.6433028411864288
2014,spco2_le_threshold,historical_density,1000,9,390000,97488,97478,32.120982433913284,19.21921947255522,-2.911249260811434,12.014971572762988,63.02316937705082,112.6292629244618,0.38714097905830414,0.6931696337726373
2014,all,historical_density,2500,9,390000,97488,97488,35.96063357741101,18.19327398884839,-4.8742877582260284,10.481306288345536,65.09171004528245,132.8419683174056,0.31974161016796987,0.6557739343725374
2014,spco2_le_threshold,historical_density,2500,9,390000,97488,97478,32.32221022651189,18.055508808883108,-4.73515622008448,10.479841665823898,65.01334489168669,132.2255856483344,0.37943819089024944,0.7052750755151298
2014,all,historical_density,5000,9,390000,97488,97488,37.83123068338318,17.75759602793424,-5.839206828995131,9.353735414782733,66.0594505373582,160.7767207387502,0.24712968060997909,0.6436322922515038
2014,spco2_le_threshold,historical_density,5000,9,390000,97488,97478,34.43579211752004,17.620993396909952,-5.701381523193051,9.351796882288255,65.85080174363966,160.2915930820151,0.295626354795299,0.690961209831931
2014,all,spatial_coverage,500,9,390000,97488,97488,29.65807292803258,16.732370986690842,-0.3972363681877873,11.438519631744725,48.78512882989627,85.53046830288685,0.5372940388278922,0.7332492070885148
2014,spco2_le_threshold,spatial_coverage,500,9,390000,97488,97478,25.625570994629467,16.60213656563048,-0.2653261705810799,11.43547214974808,48.76599142514124,85.19791366413772,0.6099412311043021,0.7811709068735978
2014,all,spatial_coverage,1000,9,390000,97488,97488,27.229544297882015,14.59724670530258,-0.3537635198134701,9.894127408301955,42.872237197102834,78.88069740800725,0.6099682302336801,0.781093131674331
2014,spco2_le_threshold,spatial_coverage,1000,9,390000,97488,97478,22.789436352123495,14.46675225337123,-0.2218078681051973,9.892680281435815,42.83987777353421,78.64968695599639,0.69150359231995,0.8316169661725297
2014,all,spatial_coverage,2500,9,390000,97488,97488,23.38360466770873,11.919443110203456,0.05474515357319034,8.11231275697682,34.324765805640155,64.21972114283885,0.7123647175046484,0.8451190008693396
2014,spco2_le_threshold,spatial_coverage,2500,9,390000,97488,97478,18.89594422390673,11.797664052083594,0.17775261074348692,8.111664261337978,34.309761527077626,63.95527621599713,0.7879100254667616,0.88841502478703
2014,all,spatial_coverage,5000,9,390000,97488,97488,22.332806811602925,11.321474193989713,0.09144003058915885,7.840328507522031,31.70023468849193,58.13505852402707,0.7376350262602296,0.8597801958343176
2014,spco2_le_threshold,spatial_coverage,5000,9,390000,97488,97478,17.933372773826676,11.20278527375548,0.21129977031338856,7.839171491520119,31.668727414929513,57.99814953825036,0.8089676600249878,0.8999203542688381
2014,all,random,500,10,390000,97488,97488,37.0537793031342,20.47358148489232,2.985623927083067,12.05992000530884,65.6806002135629,139.008204796449,0.2777554753959486,0.5697410157346343
2014,spco2_le_threshold,random,500,10,390000,97488,97478,34.21242819530103,20.35070872555836,3.110903301798139,12.058614498274295,65.58936280523275,138.3330286285494,0.3047344015879294,0.6002429617566976
2014,all,random,1000,10,390000,97488,97488,32.95878971133321,16.201337931792096,2.3664707248847474,9.493826474183066,48.794839412349894,119.72185978967352,0.42857169594983147,0.6725140559991384
2014,spco2_le_threshold,random,1000,10,390000,97488,97478,29.953233505765215,16.082209872829903,2.4875036042840324,9.492611221550419,48.74526811316896,118.63008196644654,0.4670697557418224,0.7050010311122723
2014,all,random,2500,10,390000,97488,97488,28.067777804946626,12.73938245490724,1.2097197572028895,7.830232271224617,36.068095010104074,81.46278263891693,0.5855851619790498,0.7658103177298932
2014,spco2_le_threshold,random,2500,10,390000,97488,97478,24.33525484559704,12.61694674918378,1.3335864629686263,7.828716391922256,36.02498897747248,80.71129213081225,0.6482332870326385,0.8060023109750445
2014,all,random,5000,10,390000,97488,97488,23.66070051025787,11.140553448227635,0.2646935569824806,7.314749426246124,31.32701834565802,65.45293620433232,0.7055073676767499,0.8412999998696843
2014,spco2_le_threshold,random,5000,10,390000,97488,97478,18.961484393194265,11.017062404811508,0.38935463332964787,7.313195567794793,31.29323114377461,65.16705971926758,0.7864362150755944,0.8879835250573506
2014,all,historical_density,500,10,390000,97488,97488,37.57978731058806,21.907270359255307,-3.120591594219881,14.86806983888917,64.01243092323054,115.28436270203048,0.25710425179777197,0.5938557876762321
2014,spco2_le_threshold,historical_density,500,10,390000,97488,97478,34.100890037856736,21.77007757581077,-2.981471537055636,14.86617302529254,63.974002539734265,115.05178881280352,0.3092603728318404,0.6405831920096088
2014,all,historical_density,1000,10,390000,97488,97488,33.01027386238496,17.701296456940593,-0.8093091827553314,11.728131823168695,52.316399787796385,91.77971705355978,0.4267850721608767,0.6737816456426855
2014,spco2_le_threshold,historical_density,1000,10,390000,97488,97478,29.001986776806007,17.564569268740456,-0.6708490920259891,11.72592594608193,52.25902821977447,91.29404866149667,0.5003815776545348,0.7261841546294143
2014,all,historical_density,2500,10,390000,97488,97488,33.114357641915724,16.761940205972913,-3.287272985389993,10.2804230648932,53.52167357054259,104.08463687611476,0.4231645971345648,0.6852884754215782
2014,spco2_le_threshold,historical_density,2500,10,390000,97488,97478,29.17102841438362,16.624904631824055,-3.1488550821801575,10.278395234452574,53.475940920389355,103.77962208941638,0.4945404296718895,0.7367013022964324
2014,all,historical_density,5000,10,390000,97488,97488,33.90166726021926,16.438923921352508,-4.610466196020196,9.12803510290263,57.76897159372403,130.40510581024685,0.3954094548483067,0.6855596833342459
2014,spco2_le_threshold,historical_density,5000,10,390000,97488,97478,30.054696324526784,16.302113971275183,-4.47244279698769,9.127685346248057,57.65585685978703,129.99429247178801,0.46345317211948645,0.7365530407914525
2014,all,spatial_coverage,500,10,390000,97488,97488,32.278429910449084,18.57079063103374,2.1633309674695487,12.731251752388147,53.75510083349312,95.2045203903229,0.45191989170633007,0.6759496569497179
2014,spco2_le_threshold,spatial_coverage,500,10,390000,97488,97478,28.733589506416738,18.442580613005376,2.2936680420233326,12.729628514914424,53.70581805280955,94.84474750884452,0.5095861696585064,0.7180360571379324
2014,all,spatial_coverage,1000,10,390000,97488,97488,28.027008691634567,14.974304302945093,0.18272972995706263,9.977614968376969,43.17490255133436,79.14239149519831,0.5867881824088252,0.7664805062279869
2014,spco2_le_threshold,spatial_coverage,1000,10,390000,97488,97478,23.873477077335387,14.845458520319603,0.3131304310290646,9.97564332354608,43.160018879674894,78.7713003440733,0.6614566424714773,0.81379070102624
2014,all,spatial_coverage,2500,10,390000,97488,97488,23.749264204291542,11.993347474235186,0.34272296578574796,8.16296104980023,34.845733091726544,61.338269606707314,0.7032986276978059,0.8399857298869293
2014,spco2_le_threshold,spatial_coverage,2500,10,390000,97488,97478,18.875247346059858,11.868019056195271,0.4693169073735407,8.162090331980608,34.81960738877745,61.232544093481145,0.7883743786910762,0.8892087276017492
2014,all,spatial_coverage,5000,10,390000,97488,97488,22.36770745926341,11.07119090173887,-0.0821552565050066,7.580019980091464,31.530116166659003,58.50445395572753,0.7368143625239056,0.8595148559903212
2014,spco2_le_threshold,spatial_coverage,5000,10,390000,97488,97478,17.606785746994454,10.949423247824528,0.040739732361347585,7.579271084059144,31.50060836407168,58.21327587271663,0.815862135529138,0.9040484067914621
2014,all,random,500,11,390000,97488,97488,32.02823008773109,18.101465709639,-1.1015212664231102,12.264813884607776,51.669095411793265,100.56668899434054,0.46038362926253207,0.6809984703388021
2014,spco2_le_threshold,random,500,11,390000,97488,97478,28.25777129043692,17.968985162240234,-0.9672967414659979,12.263635612296099,51.638162179886756,100.25785074822014,0.5256938511885837,0.7272853859037166
2014,all,random,1000,11,390000,97488,97488,29.37328280926393,15.471629934329375,2.0829025050678824,9.68059893526086,46.742083529251374,102.4289066865326,0.5461375944437934,0.7418383910387386
2014,spco2_le_threshold,random,1000,11,390000,97488,97478,25.62163606152264,15.345990589669526,2.2103427209437383,9.680140322784467,46.71922945365654,101.92141875360767,0.6100610128115163,0.7845141394667878
2014,all,random,2500,11,390000,97488,97488,27.76992060077752,13.239429751988634,1.531511892687909,8.260851340235178,39.0702494741054,91.53451009991137,0.5943340902209512,0.7745077663243594
2014,spco2_le_threshold,random,2500,11,390000,97488,97478,23.840723698954942,13.116938181609031,1.6555187733574894,8.25972660555459,39.02736145542668,91.12124343283918,0.6623849389422585,0.8182053349683183
2014,all,random,5000,11,390000,97488,97488,24.320055862472547,11.605936480415927,0.6468302749512469,7.578657132587864,33.2502485673199,69.73892814676903,0.688865354445714,0.8301406649372749
2014,spco2_le_threshold,random,5000,11,390000,97488,97478,19.863098479083337,11.484779350067434,0.7692443829516586,7.577649917253524,33.22123058189361,69.36517581462475,0.7656435369943213,0.875316512323434
2014,all,historical_density,500,11,390000,97488,97488,43.917549967646025,23.549656837234433,-6.14477023277564,13.620395163377992,79.79289508150671,180.06702877762666,-0.014601372193340234,0.5196763553100654
2014,spco2_le_threshold,historical_density,500,11,390000,97488,97478,40.970128607723694,23.411638888507024,-6.004966764586974,13.619558517594527,79.65306966016578,179.77610881022093,0.0029484849958718584,0.5604171217181537
2014,all,historical_density,1000,11,390000,97488,97488,38.12164535701518,19.646663267518957,-5.85114162622636,11.258886738662852,65.9424998919709,155.50420181429467,0.235526367365554,0.6130556747620144
2014,spco2_le_threshold,historical_density,1000,11,390000,97488,97478,34.64897839878954,19.50703655334158,-5.710099667415188,11.258368726847522,65.86743291130446,155.22828252973142,0.286878037693837,0.6610520393330779
2014,all,historical_density,2500,11,390000,97488,97488,34.676653146559374,17.22149320328873,-4.306872675090037,10.103253471983123,56.39893539021602,133.6566380396342,0.3674518556245565,0.6653714352886062
2014,spco2_le_threshold,historical_density,2500,11,390000,97488,97478,30.841708893466535,17.082555060656937,-4.166609657047565,10.101814308447217,56.3460287878757,133.13281355724484,0.4349852172891724,0.7168057334134138
2014,all,historical_density,5000,11,390000,97488,97488,33.349927569468484,16.25197991853883,-4.4466513526441185,9.348682154808188,55.52154400781638,121.20897893638178,0.41492838689427936,0.6918959552299193
2014,spco2_le_threshold,historical_density,5000,11,390000,97488,97478,29.4180062230271,16.11522812726573,-4.308688485172712,9.346564956202684,55.466561243564186,120.18163509020141,0.4859452052925035,0.7436507546065798
2014,all,spatial_coverage,500,11,390000,97488,97488,30.643998068715977,17.46337446699334,-0.8816263747514961,12.018689774058373,51.09006015549367,92.98167958511812,0.5060191765490709,0.7163816792127558
2014,spco2_le_threshold,spatial_coverage,500,11,390000,97488,97478,26.850401516245935,17.33441366169835,-0.750964493511958,12.017744512525752,51.04792645081274,92.63613299374633,0.5717626803057527,0.7614315575887308
2014,all,spatial_coverage,1000,11,390000,97488,97488,29.451065057141097,15.974231877014981,0.9641148322691178,10.275730076353085,48.51065293337747,95.12337689917256,0.5437307010864938,0.7382766275360415
2014,spco2_le_threshold,spatial_coverage,1000,11,390000,97488,97478,25.58666804310364,15.846982245520334,1.0931021221799508,10.274604512459206,48.46963508074275,94.8790825578707,0.6111246520705257,0.7828535683869169
2014,all,spatial_coverage,2500,11,390000,97488,97488,25.249179267574473,12.867307550971807,0.24450083297380307,8.65145185083125,37.24895551683458,71.942287384452,0.664638063481181,0.8152813336470277
2014,spco2_le_threshold,spatial_coverage,2500,11,390000,97488,97478,20.85833378814557,12.742437482561824,0.37071600575440616,8.650646673051568,37.22436548936184,71.68716302682351,0.7415704512027212,0.8612363235514173
2014,all,spatial_coverage,5000,11,390000,97488,97488,23.826997319602786,12.091081987101761,0.04146776304346304,8.199870821215882,34.170289952320935,66.72586425797391,0.7013531976329109,0.8374727673248435
2014,spco2_le_threshold,spatial_coverage,5000,11,390000,97488,97478,19.625053359369957,11.973576008511941,0.16021838655318008,8.19852182648097,34.13136651429125,66.57503102262866,0.771227069302181,0.8783087865147495
2014,all,random,500,12,390000,97488,97488,30.368263353212637,16.236136175861958,0.2494212191907858,10.669440446369208,46.56637226862276,94.14005908194552,0.5148688614496745,0.7178386383137536
2014,spco2_le_threshold,random,500,12,390000,97488,97478,26.62965493814305,16.109352253338873,0.37789634971927216,10.668640152031287,46.514330008215495,93.6284289736862,0.5787751142030312,0.7610732627430603
2014,all,random,1000,12,390000,97488,97488,28.74693572737848,14.310871326820351,0.04841773418234729,8.965251332254383,41.64232678798313,90.62354075186785,0.5652872750203539,0.7519142041874025
2014,spco2_le_threshold,random,1000,12,390000,97488,97478,24.779672274567666,14.184292665944383,0.1764694750415954,8.96386820217657,41.60211739977063,90.38358120475658,0.6352678389702311,0.7970883920138884
2014,all,random,2500,12,390000,97488,97488,24.592539192157716,11.705825971445643,-0.016555764320364767,7.679070390050384,33.959764010763394,69.90504838239129,0.6818543558570307,0.826916119662454
2014,spco2_le_threshold,random,2500,12,390000,97488,97478,19.54083585299014,11.575899217429319,0.11457015978635245,7.678651449838924,33.92462817420318,69.7068069237048,0.7731863348982019,0.880669324991267
2014,all,random,5000,12,390000,97488,97488,23.439282270421245,10.574542051322434,-0.015605826350593497,7.043283546244396,30.20667568215737,59.21200202060751,0.7109933370602795,0.8437964232866343
2014,spco2_le_threshold,random,5000,12,390000,97488,97478,17.979681351769052,10.443180735674133,0.11683870153277184,7.042534918456113,30.190346590042953,58.9232942696792,0.8079797970052702,0.8996275402058057
2014,all,historical_density,500,12,390000,97488,97488,38.83681339361414,22.841383024235117,-4.321824023712042,15.369697375409345,69.6397080593384,126.17995730296813,0.20657402573471073,0.5810136695294963
2014,spco2_le_threshold,historical_density,500,12,390000,97488,97478,35.491593268349014,22.704119617812147,-4.182660746651543,15.367939216953317,69.5551667009376,125.947191218438,0.25177203649845237,0.6262788179065606
2014,all,historical_density,1000,12,390000,97488,97488,38.989024926241775,20.346466013911872,-6.5333306308757715,11.736931022233676,70.38664368377447,160.77773929999506,0.20034255437141646,0.6096890811249153
2014,spco2_le_threshold,historical_density,1000,12,390000,97488,97478,35.655398669628795,20.20864569611423,-6.394093261498996,11.735340779772287,70.32192509473803,160.2276497650319,0.2448494609461589,0.6560449234097032
2014,all,historical_density,2500,12,390000,97488,97488,35.38722202366793,17.52149524762724,-5.480705007767271,9.913738714809199,61.6058397216583,128.03127825109502,0.34126281600130526,0.6593039869872798
2014,spco2_le_threshold,historical_density,2500,12,390000,97488,97478,31.712600805208304,17.38449482832278,-5.342469356898785,9.912855280370593,61.45825037285418,127.79570866532279,0.40262552104354454,0.7087127177509688
2014,all,historical_density,5000,12,390000,97488,97488,33.651673287231844,16.439896937907044,-5.152489170306917,9.411739869758833,57.1107746082259,126.52134362524684,0.404293190063718,0.6890185880725291
2014,spco2_le_threshold,historical_density,5000,12,390000,97488,97478,29.770919144508625,16.303193145846347,-5.0146274341185615,9.409202367650522,56.99168828353854,125.9229241144763,0.47353751461291127,0.7403048731403251
2014,all,spatial_coverage,500,12,390000,97488,97488,29.044313255135265,16.551776789295566,-1.0225945939632348,11.595917306191012,46.94283271233547,87.69889876039025,0.5562468371825765,0.7462404730245898
2014,spco2_le_threshold,spatial_coverage,500,12,390000,97488,97478,25.063612611181814,16.42409896517348,-0.8933236737378926,11.593827217905812,46.90737653609196,87.34107657410048,0.6268613104137277,0.7920904881359923
2014,all,spatial_coverage,1000,12,390000,97488,97488,26.894579332561367,14.335893104594556,-0.3033758991113501,9.66141608002701,42.17798889388171,76.85922323118406,0.6195051801120848,0.7871726194145753
2014,spco2_le_threshold,spatial_coverage,1000,12,390000,97488,97478,22.528172608089385,14.207787302196063,-0.17383053935576392,9.660714604973265,42.138775693952326,76.67566618026777,0.698536405437677,0.8358603664360114
2014,all,spatial_coverage,2500,12,390000,97488,97488,24.712643801593387,12.680085592535466,0.5404003767922061,8.442609404052092,37.19987226234558,70.85372526060131,0.6787392594818107,0.8239692753680741
2014,spco2_le_threshold,spatial_coverage,2500,12,390000,97488,97478,20.214364562391754,12.55725034559484,0.6645918770381232,8.441768576900017,37.172014021965154,70.65636874283263,0.7572813594566518,0.8703706049003135
2014,all,spatial_coverage,5000,12,390000,97488,97488,23.994934952174063,11.9774788596619,0.14005956120271565,8.189789964262872,34.138748012556356,63.40338578374064,0.6971285121359427,0.8350434934035369
2014,spco2_le_threshold,spatial_coverage,5000,12,390000,97488,97478,19.169422141096305,11.855302074564339,0.2634794512491736,8.189114874343062,34.10768045031455,63.177313575923826,0.7817265132808771,0.8842444706280973
2014,all,random,500,13,390000,97488,97488,30.872468984470828,17.360096198527955,0.9314633680110812,11.421704904285065,52.49893066440412,98.64947734393537,0.49862582179848336,0.70650244864009
2014,spco2_le_threshold,random,500,13,390000,97488,97478,27.19066923487,17.23211785601492,1.0613181913266108,11.420380246411554,52.469103282417855,98.3817320345354,0.5608400398524787,0.7493725421364599
2014,all,random,1000,13,390000,97488,97488,28.758502376800067,14.376963631759246,0.31494090032680155,8.861938421081817,43.68891837009324,89.720001288327,0.5649373816399504,0.751660171540542
2014,spco2_le_threshold,random,1000,13,390000,97488,97478,24.481172488703887,14.244612744143202,0.44879899003276263,8.861320972582064,43.656686895063736,89.13285051231678,0.6440021534035755,0.8025743935507004
2014,all,random,2500,13,390000,97488,97488,25.60799690682333,11.803705201149238,-0.9037556191699899,7.55454739148945,34.593462177232546,71.84761203009903,0.6550386375011643,0.8096737079376262
2014,spco2_le_threshold,random,2500,13,390000,97488,97478,20.650121234313634,11.671728347181269,-0.770660569344288,7.553434252041086,34.55640630752968,71.54166783395007,0.7467041031769301,0.8644558637529387
2014,all,random,5000,13,390000,97488,97488,23.426485250039242,10.987154894463295,-0.125040228533072,7.279916928821933,31.64307781880844,64.73036463205531,0.7113088257778115,0.8448516035521114
2014,spco2_le_threshold,random,5000,13,390000,97488,97478,18.498145500028038,10.86088055418037,0.002348426227572858,7.2789200374251095,31.628461921657475,64.45013796038145,0.7967458949995969,0.893960094815135
2014,all,historical_density,500,13,390000,97488,97488,39.14152789583428,22.4068806436844,-6.0689524269569395,14.201331739600647,72.57541509972353,137.43888884698023,0.19407470667557536,0.5911832997904145
2014,spco2_le_threshold,historical_density,500,13,390000,97488,97478,35.82042058553915,22.26880046601194,-5.9291961861505715,14.200214048636383,72.52311083994597,137.11189052701002,0.23784324191640693,0.6367390327825942
2014,all,historical_density,1000,13,390000,97488,97488,34.21440257623738,18.924860176601126,-2.2255270242245344,11.80685241325034,61.134089958253035,111.80730159736575,0.3842035805497125,0.6700404740863339
2014,spco2_le_threshold,historical_density,1000,13,390000,97488,97478,30.49684342136452,18.788899142213662,-2.0878528511645125,11.805412544447535,61.06723443084815,111.57447745249578,0.447550323964908,0.7187741087024073
2014,all,historical_density,2500,13,390000,97488,97488,36.48917467645791,18.103687983105544,-4.870956813258131,10.244074483562457,61.35517367320946,155.7280564691518,0.29959809587675423,0.6510313350057373
2014,spco2_le_threshold,historical_density,2500,13,390000,97488,97478,32.91787823686897,17.966289129460634,-4.7322004501064745,10.2431921778944,61.296361102977556,155.37562311120396,0.35635468540087656,0.6999326137904992
2014,all,historical_density,5000,13,390000,97488,97488,34.71866900753192,16.60880568440602,-4.855663318828443,9.248016645334616,56.943181318110106,138.77179793761258,0.3659180769300636,0.6759723344319546
2014,spco2_le_threshold,historical_density,5000,13,390000,97488,97478,30.93250708349567,16.47123628836125,-4.716888200224168,9.24701840778863,56.815136689339305,138.02047948866203,0.43165350587413176,0.7268951014508889
2014,all,spatial_coverage,500,13,390000,97488,97488,32.335388270572075,18.513521535790407,2.1414137421517094,12.682412233567447,51.54439506083902,109.92263124877988,0.44998390612024364,0.6740942854032794
2014,spco2_le_threshold,spatial_coverage,500,13,390000,97488,97478,28.894680672991818,18.38738951135481,2.269664699605823,12.681030257903217,51.49029327172907,109.3706508050263,0.5040718713894906,0.7138723686552189
2014,all,spatial_coverage,1000,13,390000,97488,97488,28.176765623040943,14.851948902687633,1.1788219329546505,9.616160244139706,44.266760926840426,87.48896896356133,0.5823605490491767,0.7646022636143285
2014,spco2_le_threshold,spatial_coverage,1000,13,390000,97488,97478,24.038736936500342,14.723893713637532,1.3085216747074788,9.615040669095919,44.236497772999165,86.88125006784277,0.6567534087440654,0.8120969529076877
2014,all,spatial_coverage,2500,13,390000,97488,97488,25.528893523782845,12.981860170894183,0.5326471327955931,8.612352928170083,37.20583318141726,73.86670076580418,0.657166524740973,0.8108200937882497
2014,spco2_le_threshold,spatial_coverage,2500,13,390000,97488,97478,21.47817477489356,12.860540791694223,0.6553529281411133,8.611126554307447,37.17581431003928,73.72721876275958,0.7259828863591329,0.8524147683865396
2014,all,spatial_coverage,5000,13,390000,97488,97488,22.763671364967422,11.489226695811423,0.11002241694315755,7.769823173680095,32.67550999242534,63.09350126807681,0.7274138087392568,0.8533043201740028
2014,spco2_le_threshold,spatial_coverage,5000,13,390000,97488,97478,18.66541215615309,11.374248266506623,0.22619078132179737,7.7689672398705625,32.65779713365587,62.85458423214287,0.793053487704351,0.8906626540206238
2014,all,random,500,14,390000,97488,97488,30.567695669535954,17.01080424803408,0.42330872608683623,11.31682069737056,50.125235131013106,92.5905245150609,0.508476101142389,0.7140121185524471
2014,spco2_le_threshold,random,500,14,390000,97488,97478,26.803351916715187,16.882658012592355,0.5532434792427251,11.316156070894351,50.086261230140586,92.03278109057604,0.5732621544571928,0.7581580968512709
2014,all,random,1000,14,390000,97488,97488,27.905490207665338,14.17920878217812,-1.0967463203691177,9.070235707364077,41.86127236411625,84.83888702737734,0.5903635920152062,0.769523167675348
2014,spco2_le_threshold,random,1000,14,390000,97488,97478,23.607025671156183,14.049350697327641,-0.96554614166548,9.066706047434735,41.83484616563082,84.51010825356505,0.6689714224333683,0.8191148673300773
2014,all,random,2500,14,390000,97488,97488,24.62406447159122,11.580774376406987,-0.6288572400907367,7.633516065248841,32.83324451131214,68.0292200013511,0.6810381685762952,0.8261911454287769
2014,spco2_le_threshold,random,2500,14,390000,97488,97478,19.571099055659364,11.449746018784472,-0.4967053554019812,7.632967527297893,32.790418805928134,67.66509529137517,0.7724832510339037,0.8799519861218243
2014,all,random,5000,14,390000,97488,97488,23.56133406622207,10.757938477984593,-0.5239983473105211,7.05976834634825,30.600231677390017,59.942918669307595,0.7079757002834886,0.8431981880343185
2014,spco2_le_threshold,random,5000,14,390000,97488,97478,18.250721752107438,10.628022405803268,-0.39303240334985184,7.057952960428196,30.580736079184923,59.72669228370806,0.8021468216774243,0.8975849093150997
2014,all,historical_density,500,14,390000,97488,97488,38.31483165384581,22.659421274207094,-2.7012634096875408,15.156571552708385,67.20763413480957,129.68286306395086,0.22775859988800873,0.5862954101665346
2014,spco2_le_threshold,historical_density,500,14,390000,97488,97478,34.91802971555194,22.521732115991394,-2.5615267989323436,15.153572991363745,67.14095223048567,128.81090970449043,0.27576017282640053,0.6321443068728438
2014,all,historical_density,1000,14,390000,97488,97488,36.78727978954151,19.865104365384624,-4.220863237869895,12.299942358029,61.547406127317025,137.48014597936668,0.2881072206271392,0.6224515905260858
2014,spco2_le_threshold,historical_density,1000,14,390000,97488,97478,33.21451968227738,19.726893677003797,-4.081047649806317,12.298140726455756,61.49714415544565,136.92119474238,0.34470191895378177,0.6708454798677301
2014,all,historical_density,2500,14,390000,97488,97488,36.035911617962746,18.229310593499115,-4.596249719886044,10.516845733332445,59.6278243924442,147.5408615360263,0.3168905971504542,0.6518590310195732
2014,spco2_le_threshold,historical_density,2500,14,390000,97488,97478,32.46520997872429,18.092791704478195,-4.458332252634798,10.516241123895384,59.53285232550572,147.13473141675513,0.37393507175073104,0.7001031290198723
2014,all,historical_density,5000,14,390000,97488,97488,31.583869568293597,15.573140146013545,-4.5877763496624535,9.338705612356847,51.45415031471954,95.9258912065312,0.47525306312597204,0.7202775481214201
2014,spco2_le_threshold,historical_density,5000,14,390000,97488,97478,27.411820788666784,15.436427180932276,-4.4499364263140535,9.338143482313143,51.40893189337995,95.58263844173601,0.5536672949336023,0.7738306257735275
2014,all,spatial_coverage,500,14,390000,97488,97488,30.409571637834134,17.122130743055795,-0.6641623880685826,11.54395544696149,49.58567973516922,93.99586942526092,0.5135481692171555,0.7168353775537407
2014,spco2_le_threshold,spatial_coverage,500,14,390000,97488,97478,26.540367159941912,16.99234213994315,-0.5326854072342985,11.5422896427161,49.54066986913147,93.38292806410672,0.5815950667508809,0.7627764777177205
2014,all,spatial_coverage,1000,14,390000,97488,97488,29.12804606080237,15.418411715697129,1.006432610866415,9.831129650795901,45.94509456719991,98.99880140138437,0.5536845278484404,0.7467372465986779
2014,spco2_le_threshold,spatial_coverage,1000,14,390000,97488,97478,25.62060613532355,15.296964089830956,1.1295652163512273,9.8293159691992,45.9102652225472,98.67636498674835,0.6100923613410292,0.7846850951481482
2014,all,spatial_coverage,2500,14,390000,97488,97488,23.97658158577616,12.282593902126653,0.48431248832872736,8.171741328942943,35.403302944629765,66.87686958602903,0.6975916586718076,0.8355649028731925
2014,spco2_le_threshold,spatial_coverage,2500,14,390000,97488,97478,20.365073362224802,12.168028911734675,0.6001872005441352,8.171358808884094,35.37483278043149,66.74526100773195,0.7536486757848698,0.8682696521411951
2014,all,spatial_coverage,5000,14,390000,97488,97488,21.74407042134695,11.09524495647308,0.047712129047094695,7.602567284431672,31.488755576697667,58.53065559157909,0.7512856009580935,0.8676777371905205
2014,spco2_le_threshold,spatial_coverage,5000,14,390000,97488,97478,17.62628336640215,10.982704675249723,0.16139553559981015,7.601574862499092,31.46390330986615,58.382760469244054,0.815454084001816,0.9033880405329228
2014,all,random,500,15,390000,97488,97488,32.798405958684256,18.174430885535813,0.2793531981414556,11.853572729088228,53.73917170220738,105.57460578924734,0.43411952271800835,0.6625793209593509
2014,spco2_le_threshold,random,500,15,390000,97488,97478,29.031381163166376,18.041410776706122,0.4142664299408071,11.851353712447633,53.66801002847831,105.20953275076369,0.49936830781257213,0.7099834647915956
2014,all,random,1000,15,390000,97488,97488,29.458867251891146,14.73317501363833,0.18189541637496748,9.366028179157752,43.43393028751259,93.88340708800722,0.5434889187626684,0.738121748168547
2014,spco2_le_threshold,random,1000,15,390000,97488,97478,25.198126218914144,14.600035321952221,0.31656520412685785,9.365269571964575,43.37402430412403,92.93030999833879,0.6228453754286589,0.7899230470568166
2014,all,random,2500,15,390000,97488,97488,25.593115231045523,12.005488691627518,-0.22584437537727609,7.7269016527016845,35.40056298794717,69.81735874258456,0.6554394585037421,0.8097173237237427
2014,spco2_le_threshold,random,2500,15,390000,97488,97478,20.627006841985203,11.873733655088472,-0.09288089751647162,7.726249612524299,35.366365868311306,69.4020632113704,0.7472708314725206,0.864650177425269
2014,all,random,5000,15,390000,97488,97488,23.390157132031938,10.880808913754073,0.19130891448013443,7.152140252837512,31.300540894549933,64.94992951696558,0.7122034948002844,0.8442763135269382
2014,spco2_le_threshold,random,5000,15,390000,97488,97478,18.30737144723603,10.75476936298137,0.31848432337756566,7.150716873758199,31.27228718231022,64.62157465759444,0.8009166547247563,0.8952924437009177
2014,all,historical_density,500,15,390000,97488,97488,40.561130716632434,23.558223235493543,-3.6859150425046354,15.087467248272247,77.56155451317802,136.45642858695567,0.13455525809401214,0.5630255792123984
2014,spco2_le_threshold,historical_density,500,15,390000,97488,97478,37.35847037205961,23.420128907953714,-3.5457820695070623,15.086331022730946,77.4728322082908,136.1473359263251,0.17098743107280967,0.6069527443102917
2014,all,historical_density,1000,15,390000,97488,97488,35.96807691349166,19.64129201458571,-3.9098999162319585,12.043327881432674,67.28231423712406,109.62227411557367,0.3194599735371193,0.6366890923822187
2014,spco2_le_threshold,historical_density,1000,15,390000,97488,97478,32.328913646440746,19.503681909762918,-3.7706759711479463,12.041926563191083,67.19926742542829,109.44999309402752,0.37918076308837256,0.6855889134537424
2014,all,historical_density,2500,15,390000,97488,97488,37.512459662074264,18.651709925736064,-5.979568531772578,10.368858714076879,70.07649708129935,130.89792845267434,0.25976379949529815,0.6338776667868945
2014,spco2_le_threshold,historical_density,2500,15,390000,97488,97478,34.00699568569073,18.513061326625706,-5.839619932519219,10.367060789203776,69.99985232011554,130.478123035746,0.31305894001351464,0.6823685038824716
2014,all,historical_density,5000,15,390000,97488,97488,33.78579649955018,16.68697530209315,-4.8272566221943585,9.607944303582656,58.01724971307049,109.7674858584868,0.39953518991730863,0.6888331131309918
2014,spco2_le_threshold,historical_density,5000,15,390000,97488,97478,29.88311869125644,16.550090441755113,-4.689155105925763,9.607192508117407,57.92685580639129,109.39786278599885,0.46956181200101543,0.7407124858850254
2014,all,spatial_coverage,500,15,390000,97488,97488,31.05547780582738,18.281561869657917,3.842101338873198,12.70655963072221,51.73624705393495,98.97558898559944,0.49266401438880647,0.7087696608103233
2014,spco2_le_threshold,spatial_coverage,500,15,390000,97488,97478,27.712968893285336,18.159739484826613,3.966193329483089,12.705593385050776,51.69936737748731,98.51638993397788,0.5438065432385002,0.7456894635767228
2014,all,spatial_coverage,1000,15,390000,97488,97488,27.999207617366114,14.657183415966609,0.6755423377091464,9.379334969496256,44.219652636495105,90.88217270155202,0.5876075374097572,0.7668534619588556
2014,spco2_le_threshold,spatial_coverage,1000,15,390000,97488,97478,24.121915493258733,14.534063891721978,0.8002348041308495,9.378729710827429,44.17955538928382,90.68590956653696,0.6543739033944467,0.8094381188541684
2014,all,spatial_coverage,2500,15,390000,97488,97488,24.348785523670614,12.222895058943047,0.4966586693477873,8.165134200338713,35.0827072902758,70.60988400080588,0.6881298238390345,0.829917811403047
2014,spco2_le_threshold,spatial_coverage,2500,15,390000,97488,97478,19.870625675994972,12.099909279600244,0.6209493127346113,8.164627921842595,35.04948277506536,70.24102184642734,0.7654658827886965,0.8752117322576315
2014,all,spatial_coverage,5000,15,390000,97488,97488,22.580958027597365,11.114347020496037,0.15227981021802223,7.7030452693543054,30.823812351578276,57.80781377542388,0.7317720909059902,0.8560398009790676
2014,spco2_le_threshold,spatial_coverage,5000,15,390000,97488,97478,17.749768128845265,10.992426339146885,0.27535630383565957,7.702421544263785,30.78923754419587,57.49012492954097,0.812859273354679,0.9020031673410606
2014,all,random,500,16,390000,97488,97488,30.62521049355882,16.840240309640006,0.13580720553330838,11.16134903674947,48.76806965189104,92.42370560990297,0.5066247017723922,0.712106419032537
2014,spco2_le_threshold,random,500,16,390000,97488,97478,26.85937280690918,16.711798592043053,0.26599044916846176,11.160039112346055,48.73770776227382,91.94566735731115,0.5714764660913392,0.7563210777534652
2014,all,random,1000,16,390000,97488,97488,27.559436870092718,13.89651763389853,-0.18596310948522643,8.756805619169597,41.681243518343166,83.470020481703,0.600460321618136,0.775901494111834
2014,spco2_le_threshold,random,1000,16,390000,97488,97478,23.236248371640386,13.76688975606083,-0.054928703556634255,8.755856125423492,41.65776020110885,82.83369583498803,0.679288182303258,0.8252886529352416
2014,all,random,2500,16,390000,97488,97488,26.553520998389047,12.920692143160027,0.8526104089807528,8.227158247572902,37.59311236731489,81.94907615286934,0.6290943315570634,0.7937909988298081
2014,spco2_le_threshold,random,2500,16,390000,97488,97478,22.67421099879513,12.798188037032588,0.9765274803467243,8.225852177429346,37.57388660052443,81.20778947485998,0.6946152747391757,0.83396471308849
2014,all,random,5000,16,390000,97488,97488,25.761788251616117,11.55261412091118,0.2744002812251653,7.3963959399009696,31.23070768431765,74.49107970592361,0.650882796905567,0.806837644748898
2014,spco2_le_threshold,random,5000,16,390000,97488,97478,22.772024025045525,11.44274287584467,0.38548482718029975,7.394147050219175,31.199360302256974,74.14075751084276,0.6919748271642145,0.832444380617273
2014,all,historical_density,500,16,390000,97488,97488,34.741583026060425,19.897900478873705,-1.2426295435827919,13.631331647452356,57.658956233541865,94.77213853569843,0.36508082366107,0.6260403204443602
2014,spco2_le_threshold,historical_density,500,16,390000,97488,97478,30.898906374544104,19.760083817882016,-1.1028990896393283,13.62928805597258,57.60902990277292,94.29943178013411,0.4328875780444167,0.6773523709571925
2014,all,historical_density,1000,16,390000,97488,97488,36.525098428685126,19.545540242299953,-3.885899117092803,11.994876937877166,61.74668627984346,142.15025489483637,0.2982183195307304,0.6244731265124608
2014,spco2_le_threshold,historical_density,1000,16,390000,97488,97478,32.947594053798,19.407954748200993,-3.746707143467672,11.99147809670643,61.67444029232294,141.45353843406323,0.3551920904628829,0.6726349678623263
2014,all,historical_density,2500,16,390000,97488,97488,34.380292554525454,17.334741118303317,-4.536603543700257,10.237321170683515,58.19346967344814,129.7443769887404,0.37821767420388297,0.6709585711867039
2014,spco2_le_threshold,historical_density,2500,16,390000,97488,97478,30.62851364430347,17.19830147490502,-4.398850974557219,10.236498750183472,58.15418166189951,128.82840290531047,0.44276961921294666,0.720562869098495
2014,all,historical_density,5000,16,390000,97488,97488,33.59438532262553,16.152944032603504,-4.72328033200823,9.347244999871776,52.78649972534639,130.0502899975467,0.4063197033916369,0.6859090987290168
2014,spco2_le_threshold,historical_density,5000,16,390000,97488,97478,29.685410976392948,16.015893618125368,-4.585057379757404,9.345065455295554,52.705993634957714,129.4173728978547,0.47655738737529674,0.737499494531682
2014,all,spatial_coverage,500,16,390000,97488,97488,32.08515291610566,18.666966239205422,0.265351298220938,12.751716110448115,53.64349979002929,104.73939684815285,0.4584638362717144,0.6796674251569694
2014,spco2_le_threshold,spatial_coverage,500,16,390000,97488,97478,28.582158027580107,18.540823007157083,0.3934367446702097,12.750040842904639,53.609632655927726,104.46500094900459,0.5147416966847465,0.7203666167670509
2014,all,spatial_coverage,1000,16,390000,97488,97488,27.23894165269142,14.309051528246515,-0.1929857467080435,9.323282799222937,43.026448770636456,81.63559557544116,0.6096989712729945,0.7809059029166447
2014,spco2_le_threshold,spatial_coverage,1000,16,390000,97488,97478,22.829853712535506,14.180937959380937,-0.06342404946667513,9.322420100560151,42.962474426880895,81.22595987737391,0.6904083772454517,0.8309931245004084
2014,all,spatial_coverage,2500,16,390000,97488,97488,24.589339518407144,12.466644172530417,0.31210251824420465,8.311567653613196,36.76208169072563,68.08588342369555,0.681937136739168,0.8260158215539801
2014,spco2_le_threshold,spatial_coverage,2500,16,390000,97488,97478,19.845126816935654,12.342233989771971,0.4378236374899372,8.308922887514967,36.731181152732255,67.92081906531097,0.7660674255253446,0.8754800878612979
2014,all,spatial_coverage,5000,16,390000,97488,97488,22.221706967287297,11.00976104077578,0.11640759579951312,7.658802698230858,31.067355275299818,57.589319562993076,0.7402389268269273,0.8612056633120736
2014,spco2_le_threshold,spatial_coverage,5000,16,390000,97488,97478,17.264052071334714,10.890780517793164,0.23652952183067133,7.65830610194638,31.03047838348311,57.42501315044983,0.8229612160778772,0.9078069471011846
2014,all,random,500,17,390000,97488,97488,30.409648041327646,16.80893619192997,0.8992887214339214,11.234809432657528,48.37400232256172,95.01909010599786,0.5135457248113986,0.7189826266097696
2014,spco2_le_threshold,random,500,17,390000,97488,97478,26.53296178997449,16.679478071479235,1.0305634799889782,11.231170774519967,48.32457411084836,94.70848022073646,0.5818285232844644,0.7654951884158725
2014,all,random,1000,17,390000,97488,97488,27.871159853135875,14.208676098251606,0.7064935758966119,9.03213512880032,42.479074758261945,82.16867030431104,0.5913708714160666,0.7694331608166021
2014,spco2_le_threshold,random,1000,17,390000,97488,97478,23.61117906937572,14.07952847118059,0.837171309214591,9.030994481158785,42.45149239068887,81.61792488361716,0.668854930464191,0.8183816451370713
2014,all,random,2500,17,390000,97488,97488,24.83393458802651,11.600447402169545,0.47611020724670466,7.464430747312832,33.527867467212054,72.50421044926114,0.6755779958341266,0.8237730371164136
2014,spco2_le_threshold,random,2500,17,390000,97488,97478,20.026160272119938,11.472518641679695,0.6052778685766855,7.463353298463687,33.51512827829714,72.17585759873317,0.7617799461979402,0.874763091308804
2014,all,random,5000,17,390000,97488,97488,22.997350800044558,10.69180518262068,0.28045471019953117,7.03126070888942,30.58304578558033,64.45250636205182,0.7217886413812701,0.8498000447508394
2014,spco2_le_threshold,random,5000,17,390000,97488,97478,18.032613493677516,10.56745265284662,0.40593285394728695,7.030588453715865,30.571084061753584,64.11646815646299,0.8068475186415364,0.8984234145277153
2014,all,historical_density,500,17,390000,97488,97488,38.23658687609963,21.287026440811395,-4.5861316740564,13.34588707242824,65.98421962417713,137.4415058760929,0.2309094507052709,0.5929488968531164
2014,spco2_le_threshold,historical_density,500,17,390000,97488,97478,34.804991359572284,21.149108099571805,-4.446500033942528,13.345110294652358,65.89623301338246,137.0402635099053,0.2804416722310761,0.6395717489305376
2014,all,historical_density,1000,17,390000,97488,97488,39.11311152846071,20.30762382050729,-5.287895538474627,11.876032133435785,67.2619736921149,151.6348843666866,0.19524446970322584,0.6032910566966423
2014,spco2_le_threshold,historical_density,1000,17,390000,97488,97478,35.76768740977883,20.169407866396917,-5.148138751737198,11.874889999847909,67.18836245070965,151.1304205514167,0.24008561439518306,0.6497444123669978
2014,all,historical_density,2500,17,390000,97488,97488,35.19590940369556,17.639215845797615,-4.444243506133255,9.987460059978332,64.9294157058361,123.55266066927302,0.34836617523312463,0.669037297686661
2014,spco2_le_threshold,historical_density,2500,17,390000,97488,97478,31.477244233474888,17.50187279926862,-4.305546823672084,9.985591669317586,64.8442598250906,122.94003863933887,0.41145950412117716,0.7192693857532736
2014,all,historical_density,5000,17,390000,97488,97488,34.63250080353365,16.76945160815657,-5.419306709858671,9.210365496305855,60.42418271738856,130.29724313180986,0.3690616247360078,0.6814600395428984
2014,spco2_le_threshold,historical_density,5000,17,390000,97488,97478,30.878153584164124,16.63267394036027,-5.281364661904974,9.209060522315411,60.32516112190496,129.79542246306264,0.43364910745130414,0.7318672128428596
2014,all,spatial_coverage,500,17,390000,97488,97488,30.55772257001869,17.594129952591405,-0.9728276381315604,12.128738688367406,51.83643564759841,91.289007160267,0.5087967806688242,0.7136490335964363
2014,spco2_le_threshold,spatial_coverage,500,17,390000,97488,97478,26.759653047612808,17.465880881343097,-0.8428734331798047,12.127544732474632,51.782812846594254,90.84539530370401,0.5746524850360721,0.758336856055551
2014,all,spatial_coverage,1000,17,390000,97488,97488,27.53176484772632,14.720130636529808,-0.6693607899425125,9.865575967191262,44.19865158325846,78.37543973500613,0.6012622625540129,0.77570454019068
2014,spco2_le_threshold,spatial_coverage,1000,17,390000,97488,97478,22.992546127655977,14.588672629558873,-0.5364613531262167,9.864425537025255,44.15329375592993,78.22320888460307,0.6859801685536001,0.828421438978655
2014,all,spatial_coverage,2500,17,390000,97488,97488,24.10582822964129,12.308224914598162,-0.31211753099179496,8.472617763889076,35.508007190955,66.10238123776335,0.6943225847776126,0.8336339033378568
2014,spco2_le_threshold,spatial_coverage,2500,17,390000,97488,97478,19.291877640079424,12.182764707014577,-0.1854266757355471,8.471820265211363,35.49171153550803,65.80986172122279,0.7789289160301535,0.8828687295370976
2014,all,spatial_coverage,5000,17,390000,97488,97488,22.37579565313274,11.181078167920967,-0.07515198784178763,7.74386616284994,31.49924002698783,58.35100911379053,0.7366239915318676,0.8590994438956211
2014,spco2_le_threshold,spatial_coverage,5000,17,390000,97488,97478,17.46195594069507,11.06082030596923,0.04624520054053552,7.74303348734702,31.484253775527907,58.16146871699098,0.8188790366488814,0.9055351516480936
2014,all,random,500,18,390000,97488,97488,31.211358499659408,17.3930176585921,-0.3307175490187219,11.578413034684615,51.02879813236219,96.02219167663151,0.4875581606762358,0.6986551532760901
2014,spco2_le_threshold,random,500,18,390000,97488,97478,27.46014818423881,17.263245188471288,-0.19919470444320683,11.577735381810612,50.96152836343182,95.45874872769234,0.5520921269400951,0.7434610144173557
2014,all,random,1000,18,390000,97488,97488,30.704477040866397,15.61088994682988,0.08940333053199022,9.5819067883333,45.88953565753757,100.91396878757202,0.5040674120643698,0.7104721066045764
2014,spco2_le_threshold,random,1000,18,390000,97488,97478,27.195810978376652,15.486229862537506,0.21567406474305006,9.57933205411058,45.84288525546787,100.49384739732625,0.5606739342408888,0.7495426884927536
2014,all,random,2500,18,390000,97488,97488,25.477811729724493,12.530132548424788,-0.3116926865336252,8.201166426214797,36.222304726972354,78.1667402149917,0.6585371308097347,0.8121452525768623
2014,spco2_le_threshold,random,2500,18,390000,97488,97478,20.9603663325429,12.403249688083179,-0.18355637004171604,8.19971613195213,36.195537800068124,77.69351123752193,0.7390359518226812,0.8602344235221285
2014,all,random,5000,18,390000,97488,97488,23.955866112252465,11.056218179900336,-0.09321294974661208,7.100999217816508,31.588568074954974,71.81873686211915,0.6981139871552222,0.8366571039029758
2014,spco2_le_threshold,random,5000,18,390000,97488,97478,19.33844876945494,10.931344106935427,0.03278578778159972,7.099749175432663,31.568460555853935,71.4951249416473,0.7778602842367061,0.8828775306007444
2014,all,historical_density,500,18,390000,97488,97488,37.212352139535575,22.341518519524666,-0.7388534500290811,14.713165457182726,65.9438310593124,105.00547296497862,0.2715605107310467,0.5766317349203881
2014,spco2_le_threshold,historical_density,500,18,390000,97488,97478,33.725049365065615,22.205181428139635,-0.6003002006320404,14.711795901497396,65.89523325062852,104.639623574433,0.3244023482803202,0.6226946852981351
2014,all,historical_density,1000,18,390000,97488,97488,35.77953517553696,19.099962295295033,-4.022485572246386,11.739945026325046,62.44268342367101,120.63955869977292,0.3265759449482617,0.6363097185091771
2014,spco2_le_threshold,historical_density,1000,18,390000,97488,97478,32.10811038015005,18.962197382189085,-3.8831739022596024,11.737768644039761,62.39539615383551,119.86608824960625,0.3876320707381261,0.6855430402565627
2014,all,historical_density,2500,18,390000,97488,97488,35.95073173125179,17.982188510936492,-5.432241872119138,10.220583137866441,65.59052501236515,125.94179195241135,0.3201161801292539,0.655338146662207
2014,spco2_le_threshold,historical_density,2500,18,390000,97488,97478,32.33740954688245,17.84533743572152,-5.294103332385113,10.218545405985964,65.51123355574754,125.67233994006108,0.37885442292525384,0.7043341115865219
2014,all,historical_density,5000,18,390000,97488,97488,34.02080644747438,16.749845457387156,-4.951696474609296,9.523849462137548,56.805072842507535,128.11345149578162,0.39115261447823935,0.6804427454511264
2014,spco2_le_threshold,historical_density,5000,18,390000,97488,97478,30.201417159609488,16.612897012119653,-4.813537689677171,9.522458235466104,56.73271184137159,127.89038351193953,0.4582017630519042,0.7309930705182472
2014,all,spatial_coverage,500,18,390000,97488,97488,31.87232427823187,18.21722700641974,-1.5159310331292954,12.2107276710247,53.28200373125479,100.48510337793367,0.4656242913963746,0.6837943519350619
2014,spco2_le_threshold,spatial_coverage,500,18,390000,97488,97478,28.01825274127903,18.084795939705145,-1.3817866263817364,12.208822223372778,53.23923226415157,100.26602795912622,0.5337004026988921,0.7317078793130082
2014,all,spatial_coverage,1000,18,390000,97488,97488,27.84726452448624,14.795338785029488,-0.2054385173155327,9.648286163423307,43.91392141526117,86.49387800420217,0.5920712471200944,0.7696382025933649
2014,spco2_le_threshold,spatial_coverage,1000,18,390000,97488,97478,23.450398431552514,14.664431834703466,-0.07303482923660697,9.64771323304106,43.87304673072005,86.17290837316547,0.6733494489506487,0.8208209634160789
2014,all,spatial_coverage,2500,18,390000,97488,97488,24.119242615513198,12.45577215511436,-0.25089551371736074,8.537711973045987,35.41121800747033,67.14773829395293,0.6939822840275206,0.8339766365231908
2014,spco2_le_threshold,spatial_coverage,2500,18,390000,97488,97478,19.623017167245152,12.333803493056541,-0.12767478692273915,8.536850346456333,35.38440035667805,66.87522716665518,0.771274539387028,0.878900703864014
2014,all,spatial_coverage,5000,18,390000,97488,97488,22.569127923952887,11.10698223768528,-0.1288356639572377,7.70232205779061,31.24875942644899,57.908745849787664,0.7320530650573065,0.8565161977265479
2014,spco2_le_threshold,spatial_coverage,5000,18,390000,97488,97478,17.433856376482776,10.9816726848248,-0.0023998932246531313,7.701063509148753,31.22279187507471,57.765015277183366,0.8194614828812596,0.9060476270378179
2014,all,random,500,19,390000,97488,97488,31.937508047399287,17.890141900832813,0.721139973812304,11.518137793468043,54.87191076923621,93.45972620776818,0.46343629647327156,0.6810184276596268
2014,spco2_le_threshold,random,500,19,390000,97488,97478,28.44426311993557,17.763923355508947,0.849267799371162,11.516125252509624,54.82276685408204,93.0161656797692,0.5194126689505962,0.7210970414376856
2014,all,random,1000,19,390000,97488,97488,29.640939055509296,14.874434237605806,1.464264529230955,9.075321543025552,44.868412254965335,93.1004848138885,0.5378285074653419,0.7341393830849964
2014,spco2_le_threshold,random,1000,19,390000,97488,97478,25.936963529297014,14.750440622665806,1.5899342863534807,9.07423795650206,44.808556946831,92.75159623642368,0.6004039321420848,0.7758281374951751
2014,all,random,2500,19,390000,97488,97488,25.235893921352194,12.163852522712652,0.25843215882883613,7.760440174860037,36.42941401225413,75.80531746907336,0.6649908850316747,0.8167377259145953
2014,spco2_le_threshold,random,2500,19,390000,97488,97478,20.582994038241708,12.036792734101677,0.38676631546967616,7.759808064311642,36.397506785261484,75.52307789844578,0.7483482007881899,0.8663718082977274
2014,all,random,5000,19,390000,97488,97488,23.433735052659056,11.001525285077927,0.40533823982028017,7.213482428680976,31.678067829400014,65.38560460144569,0.711130115411108,0.8445456120550733
2014,spco2_le_threshold,random,5000,19,390000,97488,97478,18.531253142151865,10.876110374644925,0.5319233490186341,7.212473441757965,31.64918629401667,65.1451551545463,0.7960176829606721,0.8933848736114892
2014,all,historical_density,500,19,390000,97488,97488,41.65746567280605,23.748108379491345,-7.248148656452903,14.843090659992015,82.19047923040485,145.8741194967758,0.08713842363782642,0.5684769813900045
2014,spco2_le_threshold,historical_density,500,19,390000,97488,97478,38.56646110498735,23.610944074842728,-7.1092916663036565,14.840974925797923,82.05470207835386,145.5665030309175,0.11650820184823585,0.6116948771516281
2014,all,historical_density,1000,19,390000,97488,97488,37.50717738749268,19.987147759241054,-5.143798181248341,11.98748330089137,66.63260227627126,136.21113436558213,0.25997225586425843,0.6258380100282104
2014,spco2_le_threshold,historical_density,1000,19,390000,97488,97478,34.01423899579828,19.84911909865314,-5.0042467822396555,11.986641276025296,66.52771325176035,135.55223917837003,0.3127662792286072,0.6738057192352986
2014,all,historical_density,2500,19,390000,97488,97488,37.40299124629909,18.49581092493594,-4.390316336825041,10.27203947046985,64.07557755416335,156.54557887289877,0.26407779281269206,0.6293342291133086
2014,spco2_le_threshold,historical_density,2500,19,390000,97488,97478,33.92870385448129,18.358093342073417,-4.251151710056392,10.270290731682621,63.95868915819947,156.23232871486718,0.316218287870595,0.6769416192616865
2014,all,historical_density,5000,19,390000,97488,97488,34.37320257864495,16.616455977877422,-5.436460310549266,9.268630304443775,58.271524392692235,128.05097104801322,0.37847409826594447,0.6790836227021625
2014,spco2_le_threshold,historical_density,5000,19,390000,97488,97478,30.506304993764115,16.478049769349777,-5.296907177005997,9.26784014670767,58.20430364167346,127.35034644325569,0.44720747842031106,0.7310023064206761
2014,all,spatial_coverage,500,19,390000,97488,97488,37.10581506880014,20.671107899649286,2.8713548599709617,13.217904862846211,63.120678839507065,133.64628832852688,0.27572551047964455,0.5877467015654948
2014,spco2_le_threshold,spatial_coverage,500,19,390000,97488,97478,34.27881802088207,20.54918420282142,2.9956937133223125,13.216506845361323,63.083209560788596,132.60286122232216,0.3020334329631641,0.6194954216874444
2014,all,spatial_coverage,1000,19,390000,97488,97488,29.947951467218253,15.69780904762554,1.546108167014266,9.9337047763496,47.588210874882684,95.29384195296925,0.5282048430632631,0.7295482775352328
2014,spco2_le_threshold,spatial_coverage,1000,19,390000,97488,97478,26.12616286405247,15.570995866604918,1.67469035408904,9.932917818511385,47.5457959463909,95.09792335457094,0.5945528958450392,0.7742355991934227
2014,all,spatial_coverage,2500,19,390000,97488,97488,26.053698255068007,12.896546192062692,0.9895026403310073,8.628740915155959,36.58727090605244,72.61317210679533,0.6429261919594634,0.8022999726639743
2014,spco2_le_threshold,spatial_coverage,2500,19,390000,97488,97478,21.701474151024104,12.771971031927736,1.1155023320353847,8.626724308820826,36.56581796391067,72.33934749565147,0.7202555912704167,0.8493397780851984
2014,all,spatial_coverage,5000,19,390000,97488,97488,23.95381072709938,11.838862085256817,0.4072560508008892,8.07128848107584,33.25851059301359,63.89000329793984,0.6981657878629965,0.8356158702872596
2014,spco2_le_threshold,spatial_coverage,5000,19,390000,97488,97478,19.691681078837984,11.720339883995111,0.5270345476509397,8.07095293823079,33.23118951098775,63.62103116095837,0.7696710487429937,0.8774480028462325
