year,evaluation_domain,strategy,budget,seed,n_candidates,n_evaluation,n_evaluation_domain,rmse,mae,bias,median_absolute_error,p95_absolute_error,p99_absolute_error,r2,correlation
2005,all,random,500,0,390000,97488,97488,31.74723627284941,16.31007191482159,-2.022824219864343,10.997301710233046,46.74201338048668,91.25526211960769,0.4942893956170007,0.7045334685427199
2005,spco2_le_threshold,random,500,0,390000,97488,97474,25.575714705422765,16.12359090543572,-1.834291161032168,10.995587697138689,46.70397286577661,90.77154894633985,0.6039921739177552,0.7785451900349024
2005,all,random,1000,0,390000,97488,97488,28.90801667345295,13.247960762605475,-0.24035118114559237,8.530673174113105,38.19111326047446,80.37043289031666,0.5806981241550995,0.762619717089207
2005,spco2_le_threshold,random,1000,0,390000,97488,97474,22.12697796945377,13.064513408282812,-0.055035569296406815,8.52862511845504,38.15014485811112,79.81955477174319,0.7035902957260639,0.8394938308472365
2005,all,random,2500,0,390000,97488,97488,27.642364152892323,11.84419686379311,0.6237585724352559,7.365662026296775,33.451582168297904,82.08655747455823,0.6166101772557978,0.7853853457577926
2005,spco2_le_threshold,random,2500,0,390000,97488,97474,21.54331162044911,11.678494983615133,0.7912512006702276,7.364360619837186,33.402938951611404,81.41291017605232,0.7190214686491274,0.8483811453680264
2005,all,random,5000,0,390000,97488,97488,25.942004013465326,11.086567198748,0.28619850940273006,7.129977570780824,30.538712061374778,69.39330063634345,0.6623262844001998,0.8139831211652802
2005,spco2_le_threshold,random,5000,0,390000,97488,97474,20.05228236048107,10.931384987902032,0.4430141683467963,7.128523992259318,30.490360869408033,68.82692331304591,0.756569027586685,0.8698986782061959
2005,all,historical_density,500,0,390000,97488,97488,39.14668075805544,20.93296817568532,-3.0004918826189644,13.648646671268807,65.31895094960362,124.27837440382962,0.23108187080648823,0.5736497395390004
2005,spco2_le_threshold,historical_density,500,0,390000,97488,97474,33.74140181287901,20.733862219734128,-2.7988103201665178,13.646483540411253,65.21187064068727,123.40301427193882,0.31075368218717536,0.6460472179636089
2005,all,historical_density,1000,0,390000,97488,97488,38.06845548875837,18.85055997535867,-3.595231351134291,11.222848659405145,65.4492601527086,126.27798913383809,0.27285549545198784,0.6162922228885934
2005,spco2_le_threshold,historical_density,1000,0,390000,97488,97474,32.499807010943854,18.651323428456884,-3.3938037112155017,11.220524520705538,65.28394037875478,125.74126765194133,0.3605453124538375,0.6916037205184322
2005,all,historical_density,2500,0,390000,97488,97488,36.72485397264406,17.804998744882386,-4.467718030919973,10.277695991150239,63.72764516628109,124.8384553760426,0.3232778878467756,0.6466726969314568
2005,spco2_le_threshold,historical_density,2500,0,390000,97488,97474,31.257327473762796,17.613294239998993,-4.274097918489995,10.275495374575968,63.5890761789027,124.21543415425813,0.40850388475111366,0.7187237675933921
2005,all,historical_density,5000,0,390000,97488,97488,34.50673134357942,15.701807301972847,-4.458865267645243,9.054716510584427,52.357205515821995,112.5216916669979,0.4025551009717252,0.6770215782899117
2005,spco2_le_threshold,historical_density,5000,0,390000,97488,97474,28.393642537768198,15.505866937383392,-4.261310101278079,9.052176297660083,52.27192583382626,111.98790814980056,0.5119206516736464,0.7564170713950215
2005,all,spatial_coverage,500,0,390000,97488,97488,31.874290304443157,16.23120994769054,-0.7866319647338295,10.866922291013054,46.15090171634954,88.26143504776103,0.4902335375536989,0.7014459006402844
2005,spco2_le_threshold,spatial_coverage,500,0,390000,97488,97474,25.655588950796034,16.044133526666272,-0.5973372691772597,10.862998818111208,46.104990725881535,87.75067955535748,0.6015148066991245,0.776553495865384
2005,all,spatial_coverage,1000,0,390000,97488,97488,28.828868588510296,14.404389316685505,-0.2632423253474398,9.570690340770227,41.772348974545125,81.12713657751713,0.5829910181383837,0.7636325289972498
2005,spco2_le_threshold,spatial_coverage,1000,0,390000,97488,97474,22.919584579405623,14.234273025458524,-0.0910949688324965,9.569128190386039,41.685219054727106,80.56684570184277,0.6819746826861753,0.8261441070814528
2005,all,spatial_coverage,2500,0,390000,97488,97488,26.085850966195494,12.242281433647351,-0.2516234728561478,8.24259332541115,33.892131584495054,67.92131539938592,0.6585711386384665,0.8117415009570998
2005,spco2_le_threshold,spatial_coverage,2500,0,390000,97488,97474,20.216717310545828,12.085805977779776,-0.09342582223457478,8.241278595079677,33.86092610360592,67.50082584958069,0.7525602387228043,0.8675065880045889
2005,all,spatial_coverage,5000,0,390000,97488,97488,24.123738970219154,11.229012691093612,-0.2641904706622274,7.541856328937882,31.65367869181195,60.52106541612163,0.7080022847021741,0.8421895920204687
2005,spco2_le_threshold,spatial_coverage,5000,0,390000,97488,97474,18.649794877203902,11.082800405382216,-0.1164033289781015,7.540823947320831,31.60545025435122,60.268627699415816,0.7894300809384385,0.8885386855121356
2005,all,random,500,1,390000,97488,97488,31.920937477633906,15.99248458847029,-2.2838117077801168,10.466572623578628,46.36536383370373,93.77967363269961,0.48874038653326446,0.7010186884909284
2005,spco2_le_threshold,random,500,1,390000,97488,97474,25.728968178766355,15.805371526891637,-2.094729696324267,10.465020395315833,46.302157015839605,93.22481845893628,0.599232079743785,0.7759637883966501
2005,all,random,1000,1,390000,97488,97488,29.564028942691852,13.560728043122385,-0.7273357074081482,8.675451093481342,38.99747721662639,84.8940442295152,0.5614516818615092,0.749491564751968
2005,spco2_le_threshold,random,1000,1,390000,97488,97474,22.756669244154867,13.373853394372153,-0.5386178236136999,8.673857116256414,38.95934241062277,84.20080942142727,0.686479743473031,0.828646856070714
2005,all,random,2500,1,390000,97488,97488,26.737173430272538,11.184910699218664,-0.47606464139182436,7.246613740719511,32.02852052785445,67.59964553203162,0.6413084064618095,0.8014983611739005
2005,spco2_le_threshold,random,2500,1,390000,97488,97474,19.00855984363069,10.998765933954768,-0.28838178551084365,7.245574876498694,31.96746495503121,66.94128820702348,0.781250716094944,0.8847658050604134
2005,all,random,5000,1,390000,97488,97488,25.380399464226905,10.053161125925294,-0.31260877606838877,6.643449646378116,28.132562197838887,57.86811927082445,0.676788266377309,0.8240363857404267
2005,spco2_le_threshold,random,5000,1,390000,97488,97474,17.15929760887876,9.868148481824292,-0.12619711548198662,6.642794893234253,28.09950557305086,57.59867811436909,0.8217427408991433,0.908148484574245
2005,all,historical_density,500,1,390000,97488,97488,44.79071177741452,23.58367899041951,-6.840720248834774,14.098882705663499,86.4526022263534,160.45307048676008,-0.006621356495552844,0.5190532771558409
2005,spco2_le_threshold,historical_density,500,1,390000,97488,97474,40.047286924494365,23.381141564523055,-6.635778064516774,14.095254673803623,86.26539767272449,160.03499894246693,0.029055491273087708,0.5854703967556676
2005,all,historical_density,1000,1,390000,97488,97488,38.960825779526644,19.63229255195389,-3.2186441697165007,11.729189282593723,64.01786692792139,118.64110596504264,0.23836565693401524,0.5880880005233582
2005,spco2_le_threshold,historical_density,1000,1,390000,97488,97474,33.38621769772056,19.429409350619117,-3.013403508163093,11.725412430483743,63.95804684131639,118.27976484496673,0.3251882236475412,0.6640245067540493
2005,all,historical_density,2500,1,390000,97488,97488,35.98008605577899,16.840920955292777,-4.792510722239325,9.488992664298507,59.708259215714506,123.53808138293124,0.3504469778590963,0.6545561006242658
2005,spco2_le_threshold,historical_density,2500,1,390000,97488,97474,30.28286362599366,16.64626599864018,-4.596125275986808,9.487470892102749,59.58733653773808,123.06521772037586,0.4448094149331744,0.7293000471827648
2005,all,historical_density,5000,1,390000,97488,97488,35.40647666728214,15.971479124922372,-5.109075442500905,8.842732672319414,55.90285413280996,120.3802652165853,0.3709927720930083,0.6666466206257123
2005,spco2_le_threshold,historical_density,5000,1,390000,97488,97474,29.488448966135874,15.77528094390595,-4.911317115686077,8.840712811635342,55.79638618847643,119.79262134366748,0.4735561319771546,0.7444945892364914
2005,all,spatial_coverage,500,1,390000,97488,97488,33.447333193037196,18.368343621411082,-2.5591690383314583,12.656577630033752,52.48247157114367,101.94442518525157,0.4386765248044233,0.666270732766448
2005,spco2_le_threshold,spatial_coverage,500,1,390000,97488,97474,28.294891303611013,18.193716142641055,-2.38227091873246,12.653456681172429,52.419090503177664,101.4100740332751,0.5153097640385179,0.7225108199016914
2005,all,spatial_coverage,1000,1,390000,97488,97488,30.03610516500863,14.913133328527744,-0.6646306795286636,9.89126692733393,43.02544287387239,85.61462457443473,0.547334449093593,0.740455681633649
2005,spco2_le_threshold,spatial_coverage,1000,1,390000,97488,97474,24.12982795012327,14.73712111390549,-0.48657198033528126,9.889405174688136,42.969934287277795,85.14145993611103,0.6475019962792046,0.8056031199256359
2005,all,spatial_coverage,2500,1,390000,97488,97488,27.791008383240328,12.416428034157038,0.6362448831459756,7.950821200082345,34.074142769155436,77.40090327997135,0.6124758050672505,0.7841562621146149
2005,spco2_le_threshold,spatial_coverage,2500,1,390000,97488,97474,23.068145084111197,12.273737938412193,0.7808097087761465,7.949981611511106,34.03626783370552,77.00310569881042,0.6778385587172895,0.8272841036829216
2005,all,spatial_coverage,5000,1,390000,97488,97488,25.766566376576755,11.447202278737622,0.4047721463495081,7.648875545314809,31.05033426986964,63.13673844639703,0.6668780041215003,0.8168809101768538
2005,spco2_le_threshold,spatial_coverage,5000,1,390000,97488,97474,20.39117290190004,11.303287877605976,0.550388823390127,7.647083775061816,31.02586769909457,62.73116165071038,0.7482713623217635,0.8663193921431465
2005,all,random,500,2,390000,97488,97488,31.59480305379058,16.407241722600798,0.5810878528670832,10.991040054115444,46.670983812689705,90.05851028308952,0.4991340396806476,0.7066344332847676
2005,spco2_le_threshold,random,500,2,390000,97488,97474,25.586118103655554,16.224664297351797,0.7661052786706529,10.988624089011097,46.62690858665045,89.76466940923794,0.6036699412784178,0.7772213728707952
2005,all,random,1000,2,390000,97488,97488,29.298761688887026,13.599588375794534,1.018786259456378,8.86722323451599,38.6019800557384,80.40697426915146,0.5692862434935365,0.7550040644034685
2005,spco2_le_threshold,random,1000,2,390000,97488,97474,22.848572131386266,13.41892109752449,1.2015531462876117,8.866336506920334,38.552137112117784,79.6808766171014,0.6839423248365759,0.8276685625710624
2005,all,random,2500,2,390000,97488,97488,27.02212323673858,11.285460918864612,-0.2566416513741881,7.2812192033852625,31.573216339799203,68.83954870134023,0.6336221980392966,0.797372722395656
2005,spco2_le_threshold,random,2500,2,390000,97488,97474,19.55412240420791,11.100466254362416,-0.07006293912854437,7.28037934182575,31.516502151805337,68.48446544283783,0.7685139256335429,0.8782733154673967
2005,all,random,5000,2,390000,97488,97488,30.654809585916276,11.82805933921922,0.9590869457824964,7.069391044395701,31.233115556925345,86.4967403110062,0.528493745601734,0.7319186410801742
2005,spco2_le_threshold,random,5000,2,390000,97488,97474,26.061476843907638,11.67692207897525,1.112060798840856,7.0672784699153794,31.19037183885642,85.6664999959946,0.5888064854293891,0.7763051133396843
2005,all,historical_density,500,2,390000,97488,97488,40.781270315683116,22.232413510882594,-5.157865463533912,14.305994124812969,67.11620879796246,136.84231392202105,0.16552810994024103,0.5595796033572031
2005,spco2_le_threshold,historical_density,500,2,390000,97488,97474,35.665130349658156,22.034364252699877,-4.957363821406115,14.302972603273929,67.02658555608089,136.58576601503336,0.22992000337557073,0.6286757591655809
2005,all,historical_density,1000,2,390000,97488,97488,35.47419791130616,17.533232365257565,-2.5676589152718026,11.303364044300139,52.518490895695976,113.03927295721984,0.3685842924396687,0.6464390998008417
2005,spco2_le_threshold,historical_density,1000,2,390000,97488,97474,29.43297008637694,17.334457721498907,-2.366734795465176,11.301780896238085,52.411382498038925,111.76468901221196,0.47553514700493704,0.7258732632974825
2005,all,historical_density,2500,2,390000,97488,97488,34.67531622926603,16.741114159905596,-4.034357322320181,10.067311099425183,54.73843403974355,112.97570616904304,0.39670312869974056,0.6747860398628527
2005,spco2_le_threshold,historical_density,2500,2,390000,97488,97474,28.734252604295662,16.547415710524408,-3.838833826303727,10.065290126818923,54.62095126939434,112.36675524513494,0.5001404177832627,0.7515440452861495
2005,all,historical_density,5000,2,390000,97488,97488,33.84329092625737,15.246657014376257,-4.38321853990004,8.927397033536977,48.91096273798788,108.94787316280704,0.425307688733649,0.6903194089994601
2005,spco2_le_threshold,historical_density,5000,2,390000,97488,97474,27.556185515730757,15.050297196248257,-4.185298427348472,8.92604554788295,48.827821807516784,108.64961311610712,0.540287396096615,0.7714517504530909
2005,all,spatial_coverage,500,2,390000,97488,97488,31.56555614293141,16.77519458363824,0.2839932680100501,11.629541255971532,47.18361341787132,87.63161342482731,0.5000609010997534,0.7071881046913068
2005,spco2_le_threshold,spatial_coverage,500,2,390000,97488,97474,25.60331240255321,16.593447228366784,0.4681908010717147,11.627945817921471,47.14793922824608,87.0467316533072,0.6031370814493042,0.776715114644983
2005,all,spatial_coverage,1000,2,390000,97488,97488,28.535160261818476,14.057300786692107,1.010236360538095,9.249862679853265,40.87929091985779,80.16231943596588,0.59144470422195,0.7699268314488938
2005,spco2_le_threshold,spatial_coverage,1000,2,390000,97488,97474,22.461271802852288,13.886308806844047,1.1833924612805582,9.24737387046639,40.852888531004254,79.60355671758659,0.6945663390451369,0.8341746246145224
2005,all,spatial_coverage,2500,2,390000,97488,97488,25.7981176634281,12.338881911615825,0.2008639235877431,8.416423336258589,34.17945423308166,65.87484081426997,0.666061685600061,0.81710984750454
2005,spco2_le_threshold,spatial_coverage,2500,2,390000,97488,97474,19.437079781929903,12.175580508194184,0.3659663861809842,8.415515756649881,34.14560936833576,65.43572292684159,0.7712767856421722,0.8786622784107846
2005,all,spatial_coverage,5000,2,390000,97488,97488,24.253177098376117,10.90511962981039,-0.1772800795769608,7.493617207587249,30.24328166623464,58.68219399285603,0.7048603973092835,0.8405913976492431
2005,spco2_le_threshold,spatial_coverage,5000,2,390000,97488,97474,17.57285278907067,10.744236789821663,-0.014856420972980993,7.491722842593532,30.22001175363868,58.31257423375786,0.8130468646779805,0.902057199266895
2005,all,random,500,3,390000,97488,97488,32.66963186009268,16.714899490252336,0.28335404333064335,10.735812396849411,50.4047709592156,107.22769905487333,0.4644763026050672,0.6816479636072988
2005,spco2_le_threshold,random,500,3,390000,97488,97474,26.7190635500404,16.530286264822063,0.47040869467418495,10.734877933361162,50.35097500434802,106.88478056971488,0.5677941140301739,0.7536461395744303
2005,all,random,1000,3,390000,97488,97488,30.02533963895166,14.282796581963014,1.0423790235242767,8.925497586798173,42.139903806712994,91.22795543215798,0.5476588792708559,0.7408728789793175
2005,spco2_le_threshold,random,1000,3,390000,97488,97474,24.26022956185817,14.110952771766614,1.2164239587230021,8.923875404764289,42.10714781976489,90.446951780399,0.6436817856496129,0.803770165202146
2005,all,random,2500,3,390000,97488,97488,26.752393060071302,11.583818954312946,0.47927049725755133,7.383925564452369,33.80594057250068,72.20785146712305,0.6408999334390613,0.8009152941677693
2005,spco2_le_threshold,random,2500,3,390000,97488,97474,19.729268479209374,11.407371465325602,0.6574505841922667,7.382293504872251,33.76018784765575,71.67271729845875,0.7643485172302483,0.8746112728621022
2005,all,random,5000,3,390000,97488,97488,25.18069337346085,10.40285546761001,0.15501867405624833,6.829951584750262,29.309420563832493,65.42620493215772,0.6818546488786772,0.8266114798476775
2005,spco2_le_threshold,random,5000,3,390000,97488,97474,17.716087349261446,10.230094268080197,0.3292962804020653,6.828077727240128,29.278343664325615,65.05120315872938,0.8099867715394926,0.900696830103857
2005,all,historical_density,500,3,390000,97488,97488,42.73534604783741,22.521783750680836,-4.34488217978367,13.685887572737954,76.08500367265086,153.97083324147982,0.0836430833752293,0.532615480017979
2005,spco2_le_threshold,historical_density,500,3,390000,97488,97474,37.818642629715654,22.32081255541381,-4.141300271690735,13.683163148471863,75.92586761476059,153.74552349476,0.13411526029589937,0.5997713768290103
2005,all,historical_density,1000,3,390000,97488,97488,39.56660643802628,20.126130706085643,-4.450727526368238,11.938982604983522,72.03795281039402,128.92538295016183,0.2144970533402888,0.5908704499544356
2005,spco2_le_threshold,historical_density,1000,3,390000,97488,97474,34.15865434198253,19.925263790099873,-4.247609182878561,11.937156543758249,71.92968323680236,128.3889141070599,0.29360158130465575,0.6649997934627119
2005,all,historical_density,2500,3,390000,97488,97488,39.66852896608886,18.47662339053923,-6.007010684658396,9.891108605009407,70.90312107887696,138.85534847390227,0.21044497154035458,0.611002081805949
2005,spco2_le_threshold,historical_density,2500,3,390000,97488,97474,34.26518742808703,18.275421247604854,-5.804017555636627,9.889507737986435,70.65898619401011,138.11429347394844,0.28918851783148514,0.68639899103927
2005,all,historical_density,5000,3,390000,97488,97488,37.350442483037256,16.619450693166527,-6.149401585263814,8.716318528425859,61.885486637152205,127.40265999706665,0.3000263129456944,0.639974615564216
2005,spco2_le_threshold,historical_density,5000,3,390000,97488,97474,31.569051090295098,16.41859148200082,-5.94703858141995,8.714770843487514,61.76507363879322,126.95910800648683,0.396647290876302,0.7187696576181045
2005,all,spatial_coverage,500,3,390000,97488,97488,31.476230859092226,16.91129464078752,-1.3623282308239755,11.557840767830726,48.4374023654034,87.62140313878962,0.5028863869220594,0.7103024127271478
2005,spco2_le_threshold,spatial_coverage,500,3,390000,97488,97474,25.579088194299214,16.731524561598192,-1.180324883996719,11.556194175779439,48.369062449959706,87.1515333373261,0.6038876985498153,0.7782712178875513
2005,all,spatial_coverage,1000,3,390000,97488,97488,29.66850363842761,14.540380126840947,-0.5586408875265378,9.625246218393102,41.87484051399499,83.64088745015522,0.5583466816846318,0.7473308301477418
2005,spco2_le_threshold,spatial_coverage,1000,3,390000,97488,97474,23.252362671238117,14.360114613598038,-0.376367204419354,9.622911589065723,41.80597547692629,83.36208203534795,0.6726725800052853,0.8202189808059899
2005,all,spatial_coverage,2500,3,390000,97488,97488,25.840997309741383,11.620876265269658,0.12382619033640285,7.895582087205895,32.37905507138619,64.53717011883293,0.6649506698973442,0.8156399550578732
2005,spco2_le_threshold,spatial_coverage,2500,3,390000,97488,97474,19.0107405138054,11.451495667330905,0.2948936569209318,7.89454275129512,32.349127780170626,64.18508478040962,0.781200523191847,0.8839209802639959
2005,all,spatial_coverage,5000,3,390000,97488,97488,24.42428901143186,10.53571109321302,-0.10004538692739491,7.252277863403862,29.08995472887612,54.54423777507634,0.7006811466260511,0.8381953707424299
2005,spco2_le_threshold,spatial_coverage,5000,3,390000,97488,97474,16.961250671612106,10.366065439754388,0.0710991207886604,7.250814012520607,29.05175970991268,54.29081012644426,0.8258337678724504,0.9095075180521988
2005,all,random,500,4,390000,97488,97488,31.768821201919316,16.46012655069444,0.9579060161629378,11.088545393775348,47.40226331707225,92.22892977332285,0.4936014971032321,0.7044128008832126
2005,spco2_le_threshold,random,500,4,390000,97488,97474,25.71070381094905,16.27673572316588,1.1437985616463966,11.086852155227803,47.350213576334525,91.68648680866623,0.5998008685572283,0.7768498243899565
2005,all,random,1000,4,390000,97488,97488,29.227981846434453,13.803997398378817,0.18562955049505223,9.1020547286505,39.985498273520065,79.88357287188583,0.5713647632853116,0.7562979036509533
2005,spco2_le_threshold,random,1000,4,390000,97488,97474,22.504667721281045,13.619960370418491,0.37167588121595324,9.101014399221754,39.948797252191376,79.25950452277371,0.6933849831103455,0.8332709596501903
2005,all,random,2500,4,390000,97488,97488,27.301992107307548,11.857344910297991,0.585022452163787,7.594396315541701,33.783814015220486,79.91376552722295,0.6259937275573321,0.7915809268111218
2005,spco2_le_threshold,random,2500,4,390000,97488,97474,20.293853770917224,11.679844295840773,0.7643101395130025,7.593613735035348,33.735687699199424,79.20681786109857,0.7506684340980248,0.8668560716690519
2005,all,random,5000,4,390000,97488,97488,25.33301802991861,10.467282888344428,0.17956682096860146,6.801389044598892,29.564678719094033,64.91624597768421,0.6779939164967923,0.8246308322239291
2005,spco2_le_threshold,random,5000,4,390000,97488,97474,17.781897889098232,10.290796192016675,0.3575827034991402,6.799101455745813,29.525374134008175,64.41475240877348,0.808572452561657,0.9003148497919079
2005,all,historical_density,500,4,390000,97488,97488,42.89373948434307,23.128506092788022,-5.8718544842780585,14.246627296188649,80.19122006090998,144.73613517241085,0.07683776105251716,0.5232487014827046
2005,spco2_le_threshold,historical_density,500,4,390000,97488,97474,37.96545448641996,22.92683060779007,-5.66770046015665,14.245503837446563,80.01248962014243,144.59037191787667,0.12737948759938,0.5903354619063241
2005,all,historical_density,1000,4,390000,97488,97488,40.250609346560786,19.990494357477612,-5.449085897642873,11.78181104913503,65.73865975111326,148.90168626887726,0.18710372928094166,0.5766259391534053
2005,spco2_le_threshold,historical_density,1000,4,390000,97488,97474,34.88551289799681,19.788514050914102,-5.245017037019433,11.779622605281503,65.61342478977987,147.94164346902085,0.2632189688520974,0.6505842962186573
2005,all,historical_density,2500,4,390000,97488,97488,38.01906207500319,18.54474903133787,-5.353850065197772,10.467991230714404,65.08364152348221,135.55349065532567,0.27474119575174105,0.6217787329487185
2005,spco2_le_threshold,historical_density,2500,4,390000,97488,97474,32.688345490490015,18.350994295053077,-5.158200745890573,10.465949510839579,65.02013710140895,134.9014946459953,0.3531045595165435,0.6928104652287113
2005,all,historical_density,5000,4,390000,97488,97488,34.631482034742504,15.801432432884384,-4.479298242095176,8.907273758707134,54.75255883640633,111.5356380419436,0.39822745898844947,0.6768172870022222
2005,spco2_le_threshold,historical_density,5000,4,390000,97488,97474,28.65597086082674,15.606783558600824,-4.283023191819343,8.905410980192954,54.6446723728502,110.46106143771864,0.5028602781996325,0.7541466439445202
2005,all,spatial_coverage,500,4,390000,97488,97488,32.18346499554446,17.25446065786015,1.581616152676632,11.861112638877984,49.58702839892875,90.58397670650285,0.4802962956067023,0.6939411993766996
2005,spco2_le_threshold,spatial_coverage,500,4,390000,97488,97474,26.349409042591024,17.072763189928725,1.7660190094845498,11.859378839870374,49.54559135272427,90.04138771277864,0.5796704043468568,0.7626031478066152
2005,all,spatial_coverage,1000,4,390000,97488,97488,40.67825756215216,18.600844290345908,3.6158182569289834,10.490958903557726,56.790044134846895,150.35795659646303,0.16973850741900842,0.5897004566071546
2005,spco2_le_threshold,spatial_coverage,1000,4,390000,97488,97474,37.73944452498607,18.46556887332194,3.751900812967913,10.48987591968978,56.71125898863635,149.7888836461888,0.13773805692176888,0.6132656820670589
2005,all,spatial_coverage,2500,4,390000,97488,97488,29.820558139493457,13.138370690336163,1.454161593990715,8.491737469589282,36.148579012328696,76.3266140758471,0.5538080325299648,0.7511188692864388
2005,spco2_le_threshold,spatial_coverage,2500,4,390000,97488,97474,25.616180826280445,12.998601842137766,1.5941637561160287,8.489735554168504,36.12000703026618,75.67749008282023,0.6027380484237168,0.7884809978511497
2005,all,spatial_coverage,5000,4,390000,97488,97488,25.096390887216582,11.274799979735144,0.37255896898624175,7.433289983011093,31.305767999459174,63.96440709542299,0.6839813216898061,0.8270832777178899
2005,spco2_le_threshold,spatial_coverage,5000,4,390000,97488,97474,20.097293527936525,11.136402066141283,0.511385676572989,7.431591719139163,31.271369674890465,63.66551385502567,0.7554749466507822,0.8699134406627271
2005,all,random,500,5,390000,97488,97488,31.886709583268086,16.370519009893698,-0.32047314403768334,10.902801288256995,46.72856569819853,89.0027750631603,0.4898362163808938,0.6999207453619335
2005,spco2_le_threshold,random,500,5,390000,97488,97474,26.140641116033233,16.190457918048832,-0.13810681549254802,10.90137373229453,46.683612510178584,88.57189271744906,0.5863046107150156,0.765725089153695
2005,all,random,1000,5,390000,97488,97488,29.504449343850187,14.04969361553547,0.4478466812064746,9.039889194043838,41.37698940906272,84.13597457383014,0.5632174902261506,0.7507179507571294
2005,spco2_le_threshold,random,1000,5,390000,97488,97474,23.227544489315207,13.871077280247022,0.6285452698563748,9.038248226633215,41.33550692602458,83.67943365191276,0.673370946550822,0.820856286315889
2005,all,random,2500,5,390000,97488,97488,26.712374467546912,11.452932751338615,0.23981971688587192,7.358875392064988,32.68159248636953,69.54297366205124,0.6419734770836444,0.801643077819258
2005,spco2_le_threshold,random,2500,5,390000,97488,97474,19.535608239648898,11.274025845505209,0.4204060298899596,7.357276822284064,32.644743542179455,69.04781368205343,0.7689520677568293,0.8772992240712146
2005,all,random,5000,5,390000,97488,97488,25.073145909136308,10.312528109226486,0.19775781168724774,6.909495284453271,28.24844881673279,58.09198303171663,0.684566461227905,0.8284788627366034
2005,spco2_le_threshold,random,5000,5,390000,97488,97474,17.463308649620764,10.135891528176877,0.37590396454978053,6.908085704915891,28.20682564894384,57.72126080658935,0.8153704246056499,0.9039383455467472
2005,all,historical_density,500,5,390000,97488,97488,39.41711758980301,21.090058994688164,-4.691152303122983,13.855721289180934,64.09743194627103,123.432287224804,0.2204213475016772,0.5707520306216264
2005,spco2_le_threshold,historical_density,500,5,390000,97488,97474,33.979489745888166,20.888796033943894,-4.487533999480281,13.852846126190371,63.989762653242536,122.77517522868472,0.3009923686462366,0.644218177219902
2005,all,historical_density,1000,5,390000,97488,97488,37.1724001670752,18.696133117522947,-4.600352028109623,11.657039014373794,59.3659600086712,117.14912361974673,0.30668368547671776,0.6200865259288636
2005,spco2_le_threshold,historical_density,1000,5,390000,97488,97474,31.40465975264482,18.496167623753337,-4.3983619848678295,11.655491733017016,59.28139077039067,116.64460238614245,0.4029146766312318,0.6973510356906595
2005,all,historical_density,2500,5,390000,97488,97488,34.380686774429925,16.28950771127436,-4.069970597032285,9.838456152237,51.020409097764265,112.78141974877337,0.40691176688889774,0.6760024604124419
2005,spco2_le_threshold,historical_density,2500,5,390000,97488,97474,28.28350680294015,16.094348680001474,-3.8730564975401878,9.83586188768055,50.92832162950339,112.15797550126443,0.5156997175589197,0.7547504934624629
2005,all,historical_density,5000,5,390000,97488,97488,34.90129903942885,15.770318957815332,-4.9179825713394205,8.825199477962485,54.04553193197984,114.39108222965338,0.3888140022936796,0.6705686200350263
2005,spco2_le_threshold,historical_density,5000,5,390000,97488,97474,28.81955450401113,15.573234928091228,-4.719339841762938,8.823101820508072,53.95712750715471,113.92601553145533,0.497168197652464,0.7501717434679983
2005,all,spatial_coverage,500,5,390000,97488,97488,31.808395460399176,16.977869296671894,-0.9363167292035025,11.784542704597328,48.64781423164547,89.34865076017023,0.4923390752338206,0.7027085227519492
2005,spco2_le_threshold,spatial_coverage,500,5,390000,97488,97474,25.585016198857627,16.791517573219902,-0.7476609889270821,11.781283471733957,48.60867702632394,88.80649706659291,0.6037040776477989,0.7777469543329129
2005,all,spatial_coverage,1000,5,390000,97488,97488,28.9088853190992,13.796668337888581,-0.38560508060378296,9.227677046811436,39.7219938069802,81.08337789077103,0.5806729249015322,0.7620705486858043
2005,spco2_le_threshold,spatial_coverage,1000,5,390000,97488,97474,22.141418213813033,13.613888507240615,-0.20089904516682924,9.226082052411499,39.67469212851428,80.49679754051577,0.7032032907566613,0.8385869648334292
2005,all,spatial_coverage,2500,5,390000,97488,97488,25.837934560096983,11.717798447018176,-0.6776936962376802,7.769164404371793,33.289965811754215,68.81446658692556,0.6650300872195072,0.8163257194091578
2005,spco2_le_threshold,spatial_coverage,2500,5,390000,97488,97474,19.09937673349905,11.548375657091713,-0.5066852376558756,7.76812370454428,33.24895520467091,68.36374942220854,0.7791554930130697,0.8831085026938966
2005,all,spatial_coverage,5000,5,390000,97488,97488,25.346561427870057,11.433031194329923,-0.037128399067052155,7.744131593624957,30.803708726704347,60.968988734913744,0.6776495262414759,0.8239300023221058
2005,spco2_le_threshold,spatial_coverage,5000,5,390000,97488,97474,20.860775752837437,11.295489153804864,0.09313835681627673,7.743250999696755,30.77128457366486,60.625042978128164,0.7365433772491947,0.8609052697219973
2005,all,random,500,6,390000,97488,97488,31.657207853213986,16.099998362100177,-0.6974164051892108,10.833965872372943,46.305845412289734,91.17568972836162,0.49715350459218066,0.7052641759462406
2005,spco2_le_threshold,random,500,6,390000,97488,97474,25.457522726683045,15.913639636692759,-0.5088454370565819,10.831358854037916,46.26705035399708,90.63369292718326,0.607643825511863,0.7796321431906128
2005,all,random,1000,6,390000,97488,97488,29.719488215391355,13.754556463648669,-1.3467456473416788,8.894027701996976,39.75818868754452,83.2402279295223,0.5568274371848951,0.7468278176497993
2005,spco2_le_threshold,random,1000,6,390000,97488,97474,23.032599011778917,13.568389979187598,-1.1587970532777574,8.89186454799605,39.72397411555592,82.58672855425708,0.6788306411666101,0.8244049930819157
2005,all,random,2500,6,390000,97488,97488,27.35004141629705,11.504065077552113,-0.018350306569210988,7.290265878998923,33.49172095454338,72.08610823916071,0.624676127258525,0.7905185048603846
2005,spco2_le_threshold,random,2500,6,390000,97488,97474,19.825600057717914,11.317826065187212,0.16953837654679846,7.289652762719356,33.42625412636309,71.57252890749999,0.7620416806294944,0.873240557269911
2005,all,random,5000,6,390000,97488,97488,25.539244294231356,10.26266487400328,-0.21219390520277387,6.732325995247635,29.170585103127344,58.51396306748463,0.6727299242796208,0.8206515756178363
2005,spco2_le_threshold,random,5000,6,390000,97488,97474,17.591234274908718,10.080392646263494,-0.028478147972424765,6.731262422068511,29.13285262583998,58.13566871922683,0.8126555481677601,0.9019724577877805
2005,all,historical_density,500,6,390000,97488,97488,39.35590047699194,20.788485025985313,-5.422774226677407,13.100741057217533,68.05382992124764,126.55263796128463,0.22284093059049692,0.5790870687522874
2005,spco2_le_threshold,historical_density,500,6,390000,97488,97474,33.91288592922868,20.588212779842546,-5.220295033541698,13.097863947799112,67.92047493988588,126.06426245385191,0.3037299581906199,0.6529435540467112
2005,all,historical_density,1000,6,390000,97488,97488,37.38158964233392,18.93235345899751,-5.1946712704267854,11.486084055269913,61.992496586258795,120.13567960581761,0.29885838661922637,0.618174342953763
2005,spco2_le_threshold,historical_density,1000,6,390000,97488,97474,31.720180406587357,18.73398005804492,-4.994324753046838,11.482926306136903,61.87627481717899,119.87339947446438,0.390856648409844,0.693816545765898
2005,all,historical_density,2500,6,390000,97488,97488,34.45158536464645,15.899666931622713,-3.952470499618224,9.499294071088059,49.986689251842655,117.93393748115365,0.40446315520448317,0.6740058082505436
2005,spco2_le_threshold,historical_density,2500,6,390000,97488,97474,28.38003223918467,15.704490975427001,-3.7555785909629043,9.497717921475129,49.890429115431736,117.06839520998119,0.5123884545304738,0.7524104879469816
2005,all,historical_density,5000,6,390000,97488,97488,35.78056469617546,16.39616240911253,-5.546521094366621,9.009742566853163,58.78626802824527,114.02594144069897,0.35763097211178463,0.6621724598621868
2005,spco2_le_threshold,historical_density,5000,6,390000,97488,97474,29.883716081894143,16.198607653508223,-5.347408025997816,9.007289157486156,58.708988519362435,113.41129665009733,0.459348497284885,0.7403689970418462
2005,all,spatial_coverage,500,6,390000,97488,97488,31.45455048536468,16.647937196189734,-1.0508821015651881,11.74646818378389,45.698273107942235,84.15418811677138,0.5035709604489242,0.7102591898085931
2005,spco2_le_threshold,spatial_coverage,500,6,390000,97488,97474,25.27767883037116,16.46367073785176,-0.8643754687055488,11.745166837412597,45.64218654080332,83.48685373084845,0.6131678208600948,0.7837039753890667
2005,all,spatial_coverage,1000,6,390000,97488,97488,28.152296303643737,13.52473847211357,-0.44381104045018044,9.176271631913892,38.496033965582996,70.92823710024267,0.6023345484825393,0.7775712366857743
2005,spco2_le_threshold,spatial_coverage,1000,6,390000,97488,97474,21.23773257283186,13.343635234997931,-0.2608290153085725,9.1749886026208,38.449415960247876,70.64459394205424,0.7269359628415666,0.8541773256820593
2005,all,spatial_coverage,2500,6,390000,97488,97488,25.985730544507593,11.954136972281557,-0.28011217286876033,8.124205616494038,33.891309498369054,64.59909798512611,0.6611869935403565,0.8137622765533502
2005,spco2_le_threshold,spatial_coverage,2500,6,390000,97488,97474,18.80636568514049,11.779381344048671,-0.103679827283639,8.122971618125575,33.86548983591746,64.26114868059335,0.7858796402511682,0.8869325433104506
2005,all,spatial_coverage,5000,6,390000,97488,97488,24.599585104124323,11.470517170477711,-0.04665355953772673,7.76634291882857,31.415353891531232,64.21849832941611,0.6963692327631814,0.8350724448600727
2005,spco2_le_threshold,spatial_coverage,5000,6,390000,97488,97474,18.783224292034962,11.31891436864108,0.10659002948885268,7.764598210694544,31.3740769155193,63.791191558293455,0.7864062698922372,0.8868326710508667
2005,all,random,500,7,390000,97488,97488,31.971666190425314,16.490948624465645,-0.10040182115897132,10.830802500688833,48.29769513412665,92.05218326692395,0.48711410907968666,0.6981776612234188
2005,spco2_le_threshold,random,500,7,390000,97488,97474,26.14894331049001,16.309770435838175,0.08313050965252967,10.830048815356236,48.22258747643981,91.46437476520879,0.5860417919908001,0.765828500907018
2005,all,random,1000,7,390000,97488,97488,29.35407151325664,13.579434038013515,0.3324544530371612,8.696544066549052,38.87630706747675,81.95208058046173,0.5676585167947682,0.7537833945640259
2005,spco2_le_threshold,random,1000,7,390000,97488,97474,22.849744110546837,13.39761707059272,0.5162695577958573,8.694043410229398,38.84209825329188,81.08174077312744,0.683909900709015,0.8274153398590979
2005,all,random,2500,7,390000,97488,97488,27.28850850242208,11.513517709549873,-0.20888868257242355,7.329594540061663,32.87100381983215,72.76650709415519,0.6263630564695744,0.7919264890379943
2005,spco2_le_threshold,random,2500,7,390000,97488,97474,19.982040117018194,11.329804895707724,-0.023552206970446504,7.32842951319796,32.83407736121979,72.19597751059612,0.7582714960208189,0.8713695041054946
2005,all,random,5000,7,390000,97488,97488,25.70815748964274,10.546068978229362,-0.06884615938395895,6.911229360464972,29.795931199873976,62.29281209099798,0.6683865661359825,0.8190303142129012
2005,spco2_le_threshold,random,5000,7,390000,97488,97474,18.046553054128378,10.365947046371886,0.11278059549774723,6.9102892791336785,29.754348156984356,61.76612873161917,0.8028318614134944,0.8975172698140074
2005,all,historical_density,500,7,390000,97488,97488,37.89305841660192,20.954733695585006,-1.5461334626822898,13.882924527630678,64.07375769989899,115.34681311232674,0.2795405685959881,0.5852611548445242
2005,spco2_le_threshold,historical_density,500,7,390000,97488,97474,32.61602233192404,20.762028722491838,-1.3506408702930999,13.879780569606226,63.995341156191216,114.67463589697063,0.3559639128545188,0.6527781902144426
2005,all,historical_density,1000,7,390000,97488,97488,36.56964402578354,18.628221982039,-1.2186628537387352,11.90474709498028,56.400793078255056,121.71186065904972,0.3289858506871519,0.6228664121872368
2005,spco2_le_threshold,historical_density,1000,7,390000,97488,97474,30.917664697637665,18.432691079575207,-1.0206314503434493,11.902535897258332,56.313645386196946,121.02830301370243,0.4212892136699099,0.6966957963170607
2005,all,historical_density,2500,7,390000,97488,97488,36.407410201413256,17.411658800547322,-3.545552346126581,10.175944546398682,56.612682217149754,125.93352204731193,0.334926281567522,0.6376035402157764
2005,spco2_le_threshold,historical_density,2500,7,390000,97488,97474,30.73337490992158,17.215644570615442,-3.3475465544411893,10.174795479947477,56.50842483006718,125.57796156178337,0.4281676525933936,0.7120522991443223
2005,all,historical_density,5000,7,390000,97488,97488,34.43529087332963,16.06958802481837,-4.422675911069656,9.258907380732836,54.07936659861829,107.17965526687787,0.4050263615133317,0.6737431513325177
2005,spco2_le_threshold,historical_density,5000,7,390000,97488,97474,28.283697461763445,15.873021937022912,-4.224437000063985,9.257822815272874,53.987771952875235,106.5883966116926,0.5156931882106438,0.753516645061644
2005,all,spatial_coverage,500,7,390000,97488,97488,32.215162596759434,16.791121011453235,-2.4725508495205797,11.100789539922488,49.808886469251824,95.16367271202765,0.4792720756783718,0.6945204995926252
2005,spco2_le_threshold,spatial_coverage,500,7,390000,97488,97474,26.27591567064766,16.60787198440477,-2.287245274241131,11.096968307852364,49.76526120549771,94.85541462973303,0.5820118882332959,0.7649744628497627
2005,all,spatial_coverage,1000,7,390000,97488,97488,28.97134937979761,13.53852149323261,-1.486738766575653,8.76910445009051,39.41400856040359,78.84299269141957,0.5788588688189451,0.7616554818430498
2005,spco2_le_threshold,spatial_coverage,1000,7,390000,97488,97474,22.174617013117334,13.355933808758044,-1.3024201081165034,8.767827554542322,39.37375395624186,78.21915846818038,0.7023125906854806,0.8388033838896712
2005,all,spatial_coverage,2500,7,390000,97488,97488,28.57558747272393,12.66067188947349,-0.09334039218141293,8.172702379470138,35.05383245575984,72.89097922735945,0.590286242098912,0.7704100157566299
2005,spco2_le_threshold,spatial_coverage,2500,7,390000,97488,97474,23.70287110028646,12.513781150576866,0.05535536796151075,8.171715252831092,34.98853781864125,72.53004468319291,0.6598659418388271,0.8168385344019278
2005,all,spatial_coverage,5000,7,390000,97488,97488,24.971960696361002,11.262321366946784,-0.05842700678505153,7.603847252891427,30.90242690036387,60.60852261958468,0.6871072518642889,0.8289688914602968
2005,spco2_le_threshold,spatial_coverage,5000,7,390000,97488,97474,19.392189649983827,11.117952874097643,0.08533069333470732,7.601391178228965,30.87206157937406,60.32360522824359,0.7723320428142486,0.8789595079688705
2005,all,random,500,8,390000,97488,97488,31.585344698283475,16.524564233578307,0.6244162686127829,11.24031405565114,47.305649108174784,93.74103220876422,0.4994338775499715,0.7074763437672776
2005,spco2_le_threshold,random,500,8,390000,97488,97474,25.724424577705488,16.344734839188238,0.8067087375358596,11.238623471167983,47.261252096777206,93.17064315772262,0.5993736142780636,0.7750583373510769
2005,all,random,1000,8,390000,97488,97488,28.90319128349719,13.634421817447226,0.5210844101847831,9.046420750822193,38.01338595949489,78.63758249211642,0.5808380940614785,0.7632546570233112
2005,spco2_le_threshold,random,1000,8,390000,97488,97474,22.43647975377665,13.455572663253575,0.7019666920554228,9.045091776935095,37.98476629152683,78.14385883184094,0.6952402231715333,0.8349638041291114
2005,all,random,2500,8,390000,97488,97488,36.64828384358709,14.267281704299124,1.5820960512115585,7.932108406074121,37.73974488040731,146.11525663905257,0.32609683337250617,0.6444057555791645
2005,spco2_le_threshold,random,2500,8,390000,97488,97474,33.7641539391438,14.136061344055994,1.7127457377310285,7.930089604633139,37.66279181525921,143.67665498143347,0.3098238389914323,0.6636238669310459
2005,all,random,5000,8,390000,97488,97488,30.7690302685863,11.559468589276394,0.003819883014637293,7.066530656333839,29.890332665296608,74.42138609083536,0.5249735084161655,0.7435619630529731
2005,spco2_le_threshold,random,5000,8,390000,97488,97474,27.07069354794054,11.426560083944523,0.1345727821883002,7.064464858792832,29.85593298790873,73.95443051458078,0.5563433698472048,0.7757503661678382
2005,all,historical_density,500,8,390000,97488,97488,39.17725666710802,20.966410833240108,-3.8476633486859053,13.64607758046401,64.73932952921565,121.70463268870695,0.22988025923495603,0.5623611297052815
2005,spco2_le_threshold,historical_density,500,8,390000,97488,97474,33.722553494940954,20.76559302565142,-3.6443868088734055,13.643927607808052,64.66374241361255,121.22632285020624,0.31152350824910036,0.6353533831338818
2005,all,historical_density,1000,8,390000,97488,97488,37.06530425130622,18.191457352162058,-4.440449319218933,11.034826513958023,58.73307948508859,117.0227597618729,0.3106729024224488,0.6141049816298206
2005,spco2_le_threshold,historical_density,1000,8,390000,97488,97474,31.270299937598264,17.991301120626744,-4.2383180572912975,11.031964464215577,58.681137638561566,116.36589090762463,0.408012815626024,0.6914787098965898
2005,all,historical_density,2500,8,390000,97488,97488,36.6241971121901,16.85155566033018,-5.52567054030817,9.47402465282542,56.97998369412142,122.21267690769473,0.3269823749944638,0.6401347040470697
2005,spco2_le_threshold,historical_density,2500,8,390000,97488,97474,30.759615694774702,16.651348227046917,-5.323836392294002,9.47200132865163,56.871846997548495,121.56272687055173,0.42719075138594764,0.7187889183735726
2005,all,historical_density,5000,8,390000,97488,97488,36.45318796128229,16.623570294009593,-5.409221997211875,9.106536558155284,59.82913212448327,127.72781881675732,0.33325273623350216,0.6501318337687539
2005,spco2_le_threshold,historical_density,5000,8,390000,97488,97474,30.719643667574463,16.427281320253524,-5.2113223285406995,9.104816325262618,59.719271511999715,126.79927995948873,0.4286785118460642,0.7264708837692372
2005,all,spatial_coverage,500,8,390000,97488,97488,53.449586101621776,27.17046345881812,5.720411792568232,15.614709848635442,92.72685303736726,197.26932926204339,-0.43343797347354296,0.4063325725591864
2005,spco2_le_threshold,spatial_coverage,500,8,390000,97488,97474,51.322997223983066,27.027756043747555,5.864296642695299,15.612222677356385,92.52560952137593,196.2984354147671,-0.5946751734032039,0.4150143994127184
2005,all,spatial_coverage,1000,8,390000,97488,97488,34.74391180326191,16.50985815943508,2.624970591894969,10.29302281867814,47.50147958428243,104.83631430623615,0.3943138539872515,0.6627731879585833
2005,spco2_le_threshold,spatial_coverage,1000,8,390000,97488,97474,31.186558773463187,16.3631554338383,2.7738552241479977,10.291633755092704,47.4046977289995,103.62379112124148,0.41117922704174825,0.6927746697078219
2005,all,spatial_coverage,2500,8,390000,97488,97488,29.010667332502816,12.5649536539943,0.893171056977843,8.160010418765665,34.156033575212746,74.03610046053436,0.5777150047320543,0.763980879306058
2005,spco2_le_threshold,spatial_coverage,2500,8,390000,97488,97474,24.274650033156664,12.413841884602176,1.046215790503517,8.158518697249661,34.12022971313488,73.48551375993793,0.6432580630557212,0.8095078511606295
2005,all,spatial_coverage,5000,8,390000,97488,97488,25.726756301987095,11.538775346372704,0.7727977492364713,7.611940851615344,30.792090406079904,69.42757748685453,0.6679065747526883,0.8190814581590119
2005,spco2_le_threshold,spatial_coverage,5000,8,390000,97488,97474,21.925957263366836,11.409509485936747,0.8952487814748079,7.610457531788654,30.756032970124863,69.0968676227636,0.7089515185264486,0.8473378842868331
2005,all,random,500,9,390000,97488,97488,31.391430055310106,16.217814361941574,0.20635535911544134,11.239760762419962,45.042856822121806,85.03560004365873,0.5055613480976573,0.7113045698354273
2005,spco2_le_threshold,random,500,9,390000,97488,97474,25.132614272103417,16.03180861355633,0.39472007887863925,11.23774558854521,44.99859847717538,84.60561432793182,0.6175950169032478,0.7861028186944633
2005,all,random,1000,9,390000,97488,97488,29.26877941908683,13.375071681256992,0.7996920059712505,8.734211506858827,37.72094809300281,78.18622746650175,0.5701673161252823,0.75543790710664
2005,spco2_le_threshold,random,1000,9,390000,97488,97474,22.53810588480553,13.190243365836249,0.9865562149802465,8.73318773017698,37.669431774686,77.67136962665137,0.692473149169466,0.832600320084051
2005,all,random,2500,9,390000,97488,97488,27.183999923176593,11.326439996489578,-0.5057700636873983,7.351498372064356,32.15237105311294,67.04069108716364,0.6292194597994869,0.7937080263278522
2005,spco2_le_threshold,random,2500,9,390000,97488,97474,19.544586602411208,11.138815519667734,-0.31659143520398897,7.350833002608397,32.109761098513715,66.53976352662826,0.7687396444916359,0.8774413252928246
2005,all,random,5000,9,390000,97488,97488,25.37538140167994,10.26248935460068,-0.21383348820200646,6.791980447468745,28.299235457414937,59.72235026843765,0.6769160607693243,0.824357837141008
2005,spco2_le_threshold,random,5000,9,390000,97488,97474,17.574052632294155,10.081615733041446,-0.031516597851816416,6.789905602811416,28.276328658946777,59.34064389812208,0.813021334149373,0.9033034344893881
2005,all,historical_density,500,9,390000,97488,97488,39.31051988231818,22.38281810178674,-1.4763134968816898,14.896641253546278,67.66512143477827,110.17015922807727,0.2246321541111641,0.5653543760995309
2005,spco2_le_threshold,historical_density,500,9,390000,97488,97474,34.09181179906557,22.187356969550034,-1.2778496042733085,14.894710462450547,67.61828023052269,109.43443147356537,0.29636347396955487,0.6338762888406932
2005,all,historical_density,1000,9,390000,97488,97488,36.038577176809014,18.057739842389907,-3.506088714456255,11.137959016545096,56.63083576579085,120.78528934802308,0.34833336611547383,0.6476627391746373
2005,spco2_le_threshold,historical_density,1000,9,390000,97488,97474,30.23807778575967,17.86181729590412,-3.308076142776152,11.136728333893728,56.57186660411317,120.13003330945419,0.44645036215356215,0.7240795609426707
2005,all,historical_density,2500,9,390000,97488,97488,36.25632566790133,16.938178994647267,-4.647374518770082,9.578360246480742,58.627959056158744,123.97032413550815,0.3404347129360834,0.6500334324720564
2005,spco2_le_threshold,historical_density,2500,9,390000,97488,97474,30.411492939593387,16.740312406427627,-4.4477426263394495,9.577257274092347,58.483714669518285,123.19732978291015,0.44008294961982597,0.727877197504292
2005,all,historical_density,5000,9,390000,97488,97488,36.1757420323555,16.120671059517825,-5.362542154939819,8.794327555967811,56.80804285675611,126.7892629717769,0.34336336616896845,0.6533622608710031
2005,spco2_le_threshold,historical_density,5000,9,390000,97488,97474,30.293259483738435,15.922467637932147,-5.1627935643381555,8.792191242043344,56.65370852477305,125.91928846859088,0.4444281647911533,0.7318557378904612
2005,all,spatial_coverage,500,9,390000,97488,97488,31.106499832317372,16.41657131206212,-0.641960241210243,10.938503409927392,47.8120437240507,88.16696953618273,0.5144963441038628,0.717437705881984
2005,spco2_le_threshold,spatial_coverage,500,9,390000,97488,97474,25.132820568651393,16.236254029066924,-0.45937728167574077,10.936160545891823,47.725232265884685,87.54003692415071,0.61758873907231,0.7859727349643995
2005,all,spatial_coverage,1000,9,390000,97488,97488,28.865415188928985,14.015961789887943,-1.1413369537327465,9.127258349425915,41.30655361972094,79.91150768839121,0.5819330563465154,0.7632900708363869
2005,spco2_le_threshold,spatial_coverage,1000,9,390000,97488,97474,22.3251815160032,13.836728101618206,-0.960254108275388,9.125522012239998,41.27081308058372,79.35680018298869,0.6982563020523362,0.8359570343642589
2005,all,spatial_coverage,2500,9,390000,97488,97488,25.800818680945003,12.079238261036467,0.10560260384242277,8.2052746990704,33.86903135172137,63.641516773809506,0.665991756431892,0.8166087784026141
2005,spco2_le_threshold,spatial_coverage,2500,9,390000,97488,97474,19.018076091505986,11.912032471607032,0.27455847813662354,8.203018357008034,33.8217433957382,63.33860225937724,0.7810316365330272,0.8840049053659232
2005,all,spatial_coverage,5000,9,390000,97488,97488,24.240172472506053,11.011730933987918,0.4478018340894489,7.560283428016959,30.201844111773095,57.77548206295838,0.7051768219224431,0.8406600449990432
2005,spco2_le_threshold,spatial_coverage,5000,9,390000,97488,97474,17.59091388210123,10.85471945904064,0.6064592193179638,7.559204993866615,30.176138556589578,57.41072816939527,0.8126623723925233,0.9018739378525631
2005,all,random,500,10,390000,97488,97488,33.92762765716048,17.50861291965275,1.207256702753154,11.105267332906578,51.896508404061656,114.16917458682671,0.4224398789161098,0.6535229550066319
2005,spco2_le_threshold,random,500,10,390000,97488,97474,28.7385892782222,17.33310756113489,1.385450185024151,11.103495828278682,51.85059897542007,113.68674255402337,0.49998952528381047,0.7118481975429458
2005,all,random,1000,10,390000,97488,97488,31.518221628553903,14.751900983647833,1.6450526716719935,8.9683349304986,44.250307567515605,99.8616909886593,0.5015591564295278,0.709842949170655
2005,spco2_le_threshold,random,1000,10,390000,97488,97474,26.12001967382772,14.58070947536479,1.8185992423426949,8.966806337952477,44.18633713868942,99.09060841290226,0.5869570530648567,0.7687253983804949
2005,all,random,2500,10,390000,97488,97488,28.767440422890008,11.951518934720152,0.8265405766688523,7.337895589415268,33.54977609067967,81.82666807800304,0.5847662390775639,0.7649324235266851
2005,spco2_le_threshold,random,2500,10,390000,97488,97474,22.871899675264626,11.782003028328084,0.9978917707597871,7.337000896936502,33.51545374994613,81.16101883335308,0.6832966290840582,0.8270290922669727
2005,all,random,5000,10,390000,97488,97488,25.56862671794814,10.570126436064024,0.2681407498901969,6.871326882408653,28.932754802483544,71.61697629010784,0.6719764548792626,0.8203694564058835
2005,spco2_le_threshold,random,5000,10,390000,97488,97474,18.758352431870527,10.402619048126688,0.4372048169481523,6.869744234424786,28.894068843802245,71.04828200216691,0.7869715568782502,0.8874524940390842
2005,all,historical_density,500,10,390000,97488,97488,39.90364897557609,22.229573093731968,-3.0174929258082734,14.838717518960664,67.1884989902709,120.56012037142992,0.20105766396033353,0.5641054745344797
2005,spco2_le_threshold,historical_density,500,10,390000,97488,97474,34.60195739500282,22.030585748071783,-2.815746186644685,14.836397271576828,67.10208124326194,119.61114342316101,0.27514765995823,0.6354664701800455
2005,all,historical_density,1000,10,390000,97488,97488,39.31399419634156,20.06674914236101,-2.4175961793448297,12.358614748799368,65.8002897098521,132.83765008140293,0.2244950920508194,0.5873941031368362
2005,spco2_le_threshold,historical_density,1000,10,390000,97488,97474,33.85462284748684,19.865601542250108,-2.2139136659085006,12.357209157974921,65.70255592788014,132.430110402629,0.3061203174827162,0.6618366565494337
2005,all,historical_density,2500,10,390000,97488,97488,37.26160715616334,17.513670318704143,-4.8462465343144645,9.913037157429812,60.37879932711798,119.8561872136276,0.303352026859792,0.627432435568917
2005,spco2_le_threshold,historical_density,2500,10,390000,97488,97474,31.41629821266458,17.311540887515363,-4.642297705819926,9.912222420047442,60.22217309554562,119.01176970485837,0.40247203904907014,0.7065946241954284
2005,all,historical_density,5000,10,390000,97488,97488,36.160565011109675,16.436316633300013,-5.3992813634895915,8.897474275877983,59.158358735514064,129.03377859744555,0.3439142158311952,0.6548213315750744
2005,spco2_le_threshold,historical_density,5000,10,390000,97488,97474,30.359080828225594,16.23961022517807,-5.2009897275758545,8.894660726104973,59.0608312855503,127.89612443832418,0.44201124341197506,0.7319033696279718
2005,all,spatial_coverage,500,10,390000,97488,97488,34.62057335115534,19.132098592834392,2.936072047175057,12.767349776329809,57.123328987557045,101.85950481461072,0.3986065078747101,0.6385439219682348
2005,spco2_le_threshold,spatial_coverage,500,10,390000,97488,97474,29.618976231684147,18.957217999388547,3.1141222488134415,12.763810013446829,57.074420220091696,101.41481492926039,0.46888532960165874,0.6940207216831923
2005,all,spatial_coverage,1000,10,390000,97488,97488,30.008314881075087,15.088718600616863,0.6095228445531797,10.010609763087729,43.66301868145455,82.720614480075,0.5481717004324218,0.7405160257685752
2005,spco2_le_threshold,spatial_coverage,1000,10,390000,97488,97474,24.028785354327734,14.912872863368019,0.7876232895213359,10.008372429749585,43.59633092333661,82.2059886958161,0.6504479551491819,0.8067449376089653
2005,all,spatial_coverage,2500,10,390000,97488,97488,25.485213325312486,11.88373011998872,0.3091000000176256,8.074931009392486,33.73747644753566,61.75424045596164,0.674113208315406,0.8219947496776879
2005,spco2_le_threshold,spatial_coverage,2500,10,390000,97488,97474,19.081823943399883,11.722185420956075,0.47239593139612546,8.073753064530138,33.693330669017655,61.35340477164887,0.7795612293949274,0.8833561892107551
2005,all,spatial_coverage,5000,10,390000,97488,97488,24.925704182724463,11.37395781015771,-0.28144724568824747,7.663016213746545,32.14188930144921,60.28434557204372,0.6882653445826595,0.830273003709862
2005,spco2_le_threshold,spatial_coverage,5000,10,390000,97488,97474,18.4751577363728,11.214802666567309,-0.12069890649796476,7.661405268004586,32.10819569847554,59.911966796201746,0.7933551809914204,0.8908592789885065
2005,all,random,500,11,390000,97488,97488,33.58900725019103,17.44519165273816,-0.6634035381164927,11.509208816088432,51.368783203703494,103.0831790727656,0.4339112182835497,0.6608503580921813
2005,spco2_le_threshold,random,500,11,390000,97488,97474,27.842174738209156,17.259285104873477,-0.4750866548433423,11.507428075107754,51.25599161463233,102.71672071426012,0.5306957137320865,0.7303864443979422
2005,all,random,1000,11,390000,97488,97488,43.769881566332096,18.089326207615176,2.7390857933006303,9.641878979153063,55.83831534751526,146.54459626320713,0.0387398131297646,0.5358256679573419
2005,spco2_le_threshold,random,1000,11,390000,97488,97474,40.14991827156003,17.929543044731304,2.901860500268184,9.638742096366826,55.76630118231535,145.12246720835986,0.024072530433635664,0.5771804951822964
2005,all,random,2500,11,390000,97488,97488,36.30207278253251,13.942464341412805,1.6247491933284262,8.069954162316094,38.062098784019994,102.53318851162464,0.3387692245529965,0.6535195564395907
2005,spco2_le_threshold,random,2500,11,390000,97488,97474,31.904174723263846,13.786918116652352,1.7825313065256547,8.069167168041844,37.99858166672801,101.35484088619074,0.3837694267952788,0.7044022837884788
2005,all,random,5000,11,390000,97488,97488,30.136338574420996,12.14728093204329,0.8663418162498329,7.361315436930823,33.66288210678171,88.34160297834595,0.5443082300158248,0.7488785675174361
2005,spco2_le_threshold,random,5000,11,390000,97488,97474,25.23326131159329,11.997933473865835,1.0175583956132053,7.359992711860997,33.610717830250366,87.83770413077725,0.6145260966434625,0.7998525603305797
2005,all,historical_density,500,11,390000,97488,97488,39.889209396338686,21.006696560665777,-2.477991399639151,13.328702991041666,66.09087500234172,131.55565131400758,0.2016357716862055,0.5616542003015254
2005,spco2_le_threshold,historical_density,500,11,390000,97488,97474,34.51003523458873,20.80533945379173,-2.2739730510775313,13.326646503862293,65.97138025426962,131.31954639664096,0.2789937712660949,0.6344851365887786
2005,all,historical_density,1000,11,390000,97488,97488,38.40150769613283,18.922123048512915,-3.545698373709357,11.481615383423048,60.596872342199596,135.4332555062359,0.26007659727291854,0.6099815636389233
2005,spco2_le_threshold,historical_density,1000,11,390000,97488,97474,32.789074938460274,18.720768866015376,-3.342135705405885,11.47694984360001,60.51005823012249,134.9669586644434,0.349111587868438,0.6865023987280506
2005,all,historical_density,2500,11,390000,97488,97488,36.25808301273912,16.70473629214124,-4.406482367885543,9.69411505728823,55.72992821166867,122.39930214997077,0.3403707731009534,0.6490758341222116
2005,spco2_le_threshold,historical_density,2500,11,390000,97488,97474,30.31865202985207,16.50497672699108,-4.2049564285746905,9.692018749383976,55.65080958504949,121.96804026362298,0.44349638681405346,0.7285570029481101
2005,all,historical_density,5000,11,390000,97488,97488,35.38590282183462,15.787232129669695,-5.063026262199986,8.729616831196296,55.49750485246464,119.87411413060428,0.3717235614192017,0.6629171156641361
2005,spco2_le_threshold,historical_density,5000,11,390000,97488,97474,29.356851349624453,15.589115117034003,-4.863368952847789,8.72688510437007,55.37131050946913,119.45807529686167,0.47824435235458806,0.7425016773052316
2005,all,spatial_coverage,500,11,390000,97488,97488,31.70694764204747,16.87774041644417,-0.5442711206651812,11.68563532456372,48.1308213293009,87.64607240651188,0.49557211891695396,0.705041807895801
2005,spco2_le_threshold,spatial_coverage,500,11,390000,97488,97474,25.736028794300807,16.69531032978454,-0.3594950897523024,11.683389219486997,48.075993203921,87.18539973367004,0.5990120898517266,0.7751048895464716
2005,all,spatial_coverage,1000,11,390000,97488,97488,29.937316616387996,14.87620869412759,1.0163018760914377,9.846438916391008,42.89894460568236,87.34070410094598,0.5503071803218278,0.7426306161892813
2005,spco2_le_threshold,spatial_coverage,1000,11,390000,97488,97474,24.029195347499474,14.703197834090934,1.191595346341926,9.845404572074756,42.84571358056696,86.71645802049507,0.6504360265250673,0.8078312906628524
2005,all,spatial_coverage,2500,11,390000,97488,97488,28.368121701897127,12.92374222853493,0.39367168182411016,8.337463783404303,36.305004949238395,75.49471582954898,0.5962138902723597,0.7736554760042562
2005,spco2_le_threshold,spatial_coverage,2500,11,390000,97488,97474,23.099346776082964,12.773135732973444,0.5461909315020302,8.334987524359462,36.279028969804806,75.07868424066803,0.6769664660445901,0.8258991822031571
2005,all,spatial_coverage,5000,11,390000,97488,97488,27.703963803549808,11.76793215260911,0.09939526803276996,7.671202015300736,31.84683654992303,73.2088872394635,0.6148995425705304,0.78925553952924
2005,spco2_le_threshold,spatial_coverage,5000,11,390000,97488,97474,23.024031620957935,11.634083819081154,0.23262687171017316,7.668908056102794,31.801636797015917,72.75389456026552,0.6790695262064521,0.8329879403060516
2005,all,random,500,12,390000,97488,97488,31.7055752457826,15.52267329579518,0.11091032370116014,10.171069410408563,45.048922703383056,91.51434027530073,0.49561578505382564,0.7040226605743743
2005,spco2_le_threshold,random,500,12,390000,97488,97474,25.684494874509053,15.338956120323955,0.29687292021463946,10.168477501312196,45.00357672713822,91.05805259658726,0.6006163614081066,0.7750635410947863
2005,all,random,1000,12,390000,97488,97488,30.075145548559256,13.71661107138221,-0.5727211935588472,8.573691786628189,40.30627551373554,84.80466238394914,0.5461569514349295,0.7391459338014491
2005,spco2_le_threshold,random,1000,12,390000,97488,97474,23.783499530213277,13.535001622792775,-0.38922391377043014,8.571747912905579,40.24029325626816,84.40913373063958,0.6575479847495511,0.8109566265534776
2005,all,random,2500,12,390000,97488,97488,26.570537622212623,11.510352409161731,-0.6341808967047243,7.616762870161722,32.47943227298353,66.19663714896588,0.645765467473712,0.8042298916002113
2005,spco2_le_threshold,random,2500,12,390000,97488,97474,19.193259388609402,11.329275912557922,-0.45154227685600634,7.615932110239129,32.44398251456057,65.74159355210853,0.7769790422863936,0.8820506847601435
2005,all,random,5000,12,390000,97488,97488,24.920109132478462,10.250166384865489,-0.16888288730414605,6.909267718151938,28.063155703732257,57.798316540810994,0.6884052784670903,0.8310028554290135
2005,spco2_le_threshold,random,5000,12,390000,97488,97474,17.26520127511878,10.073683123667392,0.009048328927764096,6.90801834080753,28.02970317857579,57.51559581794001,0.8195356163912568,0.9063868186857812
2005,all,historical_density,500,12,390000,97488,97488,40.951138006445206,22.135358562605713,-5.219247990217929,14.02938268953497,71.09567477882605,134.28195734965422,0.15856192033085825,0.5526074779177068
2005,spco2_le_threshold,historical_density,500,12,390000,97488,97474,35.825181728465935,21.936593930940475,-5.018053730672305,14.027463001789016,70.99942145124584,133.48806405618043,0.22299284967497146,0.6218276982253933
2005,all,historical_density,1000,12,390000,97488,97488,38.46938723939394,19.048554075285562,-4.408940957709012,11.511461020511035,61.72831719294912,134.19275329665444,0.257458468154515,0.6024398863834488
2005,spco2_le_threshold,historical_density,1000,12,390000,97488,97474,32.81495240728884,18.846334641013584,-4.204618864434162,11.509865471924627,61.65215379187238,133.55494501954823,0.34808380705448094,0.6795673936538664
2005,all,historical_density,2500,12,390000,97488,97488,37.95788659346581,17.118298761166873,-6.031526060232255,9.527957265101207,59.423648053237734,127.91391422219047,0.27707330803584307,0.6278723783837411
2005,spco2_le_threshold,historical_density,2500,12,390000,97488,97474,32.213917204695285,16.91507110764337,-5.826706035226993,9.526801060017618,59.32821039157989,126.98685647223883,0.3717459637115804,0.7066973476171131
2005,all,historical_density,5000,12,390000,97488,97488,35.18360170891765,15.493829505475073,-4.92877174691491,8.59903400792578,51.620772960138126,126.30377083281148,0.3788867362731516,0.6663037360708803
2005,spco2_le_threshold,historical_density,5000,12,390000,97488,97474,29.111505931310482,15.29557854369869,-4.729003346553675,8.597461806855819,51.508415181677904,125.53545384670885,0.4869288970673671,0.7462742434330243
2005,all,spatial_coverage,500,12,390000,97488,97488,30.765337174831487,16.32846498588138,-2.201836141668392,11.543793949801909,44.4746763959039,83.65000176524023,0.5250875329448548,0.7263907668069474
2005,spco2_le_threshold,spatial_coverage,500,12,390000,97488,97474,24.499917184848893,16.14486251508337,-2.0162046907955053,11.541899062731517,44.40790843845735,83.00563124499057,0.6366062581433048,0.7995363009925202
2005,all,spatial_coverage,1000,12,390000,97488,97488,28.41941219118118,13.659805364401295,-0.9164077680217356,9.158795481689538,39.812504188180355,74.86473775331588,0.5947524533905264,0.7714787581354149
2005,spco2_le_threshold,spatial_coverage,1000,12,390000,97488,97474,21.549490462351358,13.476988883653144,-0.7317609779977842,9.156206551918956,39.74883305751325,74.60546162532611,0.7188602705081464,0.8480497820443116
2005,all,spatial_coverage,2500,12,390000,97488,97488,26.32708926223019,12.17646495507526,0.09922207314373617,8.310961793898315,33.749794330973714,67.36904640953303,0.652226966071885,0.8077837472039683
2005,spco2_le_threshold,spatial_coverage,2500,12,390000,97488,97474,19.376809346723903,12.004148683490165,0.2733014776503793,8.308846983924496,33.69932025973456,67.1482749333146,0.7726930349141206,0.8791202799185482
2005,all,spatial_coverage,5000,12,390000,97488,97488,24.483350119760562,10.828555373346035,-0.07726106288375877,7.480921799262205,29.750395255534116,56.99665654670861,0.6992318125477998,0.837124584178726
2005,spco2_le_threshold,spatial_coverage,5000,12,390000,97488,97474,17.18425888408066,10.660203022586503,0.09263547525237194,7.480322448531183,29.71698487398207,56.78844607682518,0.8212237493971399,0.9067482661147357
2005,all,random,500,13,390000,97488,97488,32.812419751344876,17.14925058969163,0.16258534108030231,10.897073496853949,53.9588693370378,102.26609083320518,0.45978488741327395,0.6780981186878138
2005,spco2_le_threshold,random,500,13,390000,97488,97474,27.194287519562597,16.969211379284552,0.34511101662711674,10.89266284875356,53.85405344041255,101.71293400002048,0.5522830041017951,0.7432335692692883
2005,all,random,1000,13,390000,97488,97488,29.31913178979132,13.514423189321466,0.48082136140355886,8.507492748594899,40.24960281778344,82.57161408920634,0.5686871237938009,0.7542419587849823
2005,spco2_le_threshold,random,1000,13,390000,97488,97474,22.653657317279357,13.330971173364649,0.6662834869661185,8.505093005320418,40.18774098611651,81.63342530325419,0.6893117245501229,0.830493004529285
2005,all,random,2500,13,390000,97488,97488,27.165459458119777,11.185406032448592,-0.6683708397557069,7.226040092834182,31.544266651922666,67.96608777798157,0.6297250586340899,0.7937078071968627
2005,spco2_le_threshold,random,2500,13,390000,97488,97474,19.489443240370854,10.9981384402772,-0.47959270638668666,7.2250788408718165,31.50406720251887,67.3819954359803,0.7700427657873142,0.8776736432342221
2005,all,random,5000,13,390000,97488,97488,25.153329188152217,10.472411564440842,-0.1832138872910764,6.884674548738445,29.12986611136973,63.07812928972814,0.6825457385057734,0.8270186910601006
2005,spco2_le_threshold,random,5000,13,390000,97488,97474,17.744624072172854,10.299677732490547,-0.00900223799995323,6.8836365983274845,29.079759853997082,62.62617155183252,0.8093741394324094,0.900267800415377
2005,all,historical_density,500,13,390000,97488,97488,39.362727055069236,21.683225674204852,-2.496690770407292,14.08498703436598,66.28804697953684,122.17200220921826,0.22257129899132722,0.5728279669028333
2005,spco2_le_threshold,historical_density,500,13,390000,97488,97474,34.0296551345727,21.484889906005954,-2.2955992777213208,14.080495505052,66.1881975520406,121.52939805030277,0.2989268947677076,0.6441672214655727
2005,all,historical_density,1000,13,390000,97488,97488,36.73283215626062,18.877648576255112,-1.9674496326921111,12.144958994273082,57.93184457706602,112.1594340470503,0.32298383087279303,0.6295428290175722
2005,spco2_le_threshold,historical_density,1000,13,390000,97488,97474,31.13394438735561,18.682114473761068,-1.7694867513933623,12.143278061053792,57.85821630155198,111.68061346735215,0.41316433289426724,0.7030314459769266
2005,all,historical_density,2500,13,390000,97488,97488,35.690524117887875,17.194990321826108,-4.257030717818654,10.143538520602476,57.02575250725921,123.45594284167024,0.3608599040162048,0.6589062304587903
2005,spco2_le_threshold,historical_density,2500,13,390000,97488,97474,29.876589099192074,16.99992901490672,-4.060111157062797,10.14126007921709,56.90595101142013,122.31901609602147,0.4596063470395584,0.7352475200008985
2005,all,historical_density,5000,13,390000,97488,97488,34.65381063427243,16.019738755675107,-4.674553995817309,9.007702642200115,56.42858103040946,113.66144617555622,0.3974512248254475,0.6774476269693562
2005,spco2_le_threshold,historical_density,5000,13,390000,97488,97474,28.78004593218634,15.827063330310384,-4.480249083752154,9.007071065587724,56.3250045680397,112.89853526631921,0.4985459114659032,0.7531141825533111
2005,all,spatial_coverage,500,13,390000,97488,97488,34.3907833377333,18.361928124870502,2.6264964157541235,11.831759066329965,53.987088453439654,117.97038458755588,0.4065633717449213,0.6444108363076417
2005,spco2_le_threshold,spatial_coverage,500,13,390000,97488,97474,29.611508093612443,18.193516311457458,2.7979227555390063,11.830117700466559,53.942866393830855,116.6719095784419,0.4691531266794504,0.6945372944812986
2005,all,spatial_coverage,1000,13,390000,97488,97488,33.960669829548905,16.541571560090574,2.0306964571926853,10.386812633703414,47.29950995227374,107.05796507387022,0.4213143576052427,0.673068270838526
2005,spco2_le_threshold,spatial_coverage,1000,13,390000,97488,97474,29.782304240880524,16.38967814541711,2.185257370401574,10.38461954906947,47.23312952177706,105.55345381685622,0.4630117252823537,0.7140919047960892
2005,all,spatial_coverage,2500,13,390000,97488,97488,32.375863072025886,13.060664528391419,1.1863957813667767,8.13329080278882,34.83193524052007,81.48889657603627,0.4740639728013587,0.719017227617054
2005,spco2_le_threshold,spatial_coverage,2500,13,390000,97488,97474,28.69835662444419,12.923687980639626,1.3184108306475444,8.132088435600394,34.80237410458009,80.94567675963425,0.5013885269450342,0.7520761841428311
2005,all,spatial_coverage,5000,13,390000,97488,97488,26.553536326970942,11.456231674551363,0.40646102682730756,7.402746834491012,30.513133132013994,68.31013316471335,0.6462186400222986,0.8062185653198719
2005,spco2_le_threshold,spatial_coverage,5000,13,390000,97488,97474,22.868532152988003,11.328656004605067,0.5285143652670288,7.401474992557183,30.478462466759932,67.75679155706092,0.6833898812545216,0.8331501843488989
2005,all,random,500,14,390000,97488,97488,31.539489925772767,16.341292431566682,-0.18791677954198754,11.19105390142596,46.335078068086545,88.116614786966,0.5008862399895087,0.7081452204412045
2005,spco2_le_threshold,random,500,14,390000,97488,97474,25.504887317729477,16.15825882839048,-0.0025630986104045214,11.188249191699299,46.31122796018245,87.59788828693637,0.6061824831937715,0.779055222136122
2005,all,random,1000,14,390000,97488,97488,29.65421248736701,13.582731574037465,-1.1807975440957783,8.718772192421085,39.3076329686584,83.78592864803176,0.5587720630386723,0.7479952855440671
2005,spco2_le_threshold,random,1000,14,390000,97488,97474,22.914671995617354,13.396014959490312,-0.9922996640171078,8.717506325771723,39.26748655388866,83.41468869695139,0.6821109991694172,0.8263245504062313
2005,all,random,2500,14,390000,97488,97488,26.99477645084443,11.063669014849099,-1.1809841358299733,7.185516199261883,30.681724382504285,66.55472828219192,0.6343633822461805,0.7971216644666095
2005,spco2_le_threshold,random,2500,14,390000,97488,97474,19.292144368503997,10.875938949432754,-0.9918346397110177,7.184198870600568,30.65682877532634,65.99231810877636,0.7746750841268607,0.8808670435246246
2005,all,random,5000,14,390000,97488,97488,25.802835142179244,10.16090576969177,-0.8122382799632352,6.673398872078138,28.594138274046887,58.720481626245835,0.6659395456084567,0.81686512646501
2005,spco2_le_threshold,random,5000,14,390000,97488,97474,17.78439865575881,9.97519273048962,-0.6251825099317757,6.67231228481819,28.572538754592077,58.40610716563263,0.8085186057457828,0.9000923313265876
2005,all,historical_density,500,14,390000,97488,97488,38.67779431735686,21.074051299134982,-2.9078183443369614,13.913804593159284,61.472242780115316,116.45340865599215,0.2493912696926236,0.5851806538263524
2005,spco2_le_threshold,historical_density,500,14,390000,97488,97474,33.17827823205086,20.874017756751805,-2.7051756214403406,13.911144200541997,61.342589350680946,115.94145017997751,0.3335679103649488,0.6590060771866834
2005,all,historical_density,1000,14,390000,97488,97488,37.232821618434194,18.885744760601707,-3.43692642059466,11.713858589914025,60.34272380215273,123.13829410242629,0.3044279676025301,0.6249221452811303
2005,spco2_le_threshold,historical_density,1000,14,390000,97488,97474,31.574965743393022,18.68811162322248,-3.237074399648943,11.711660639388441,60.2187257476393,122.48529706883438,0.39642118612190624,0.7004536658225975
2005,all,historical_density,2500,14,390000,97488,97488,34.259133145606484,16.40177036757731,-3.1796378623942516,9.9535530099499,51.26843488771061,112.50858357177754,0.41109810475896424,0.6738012815642856
2005,spco2_le_threshold,historical_density,2500,14,390000,97488,97474,28.20469382514136,16.207657209817217,-2.9836256355996174,9.952236265017348,51.21050676125892,111.85744864015706,0.5183949963193324,0.7514023032476456
2005,all,historical_density,5000,14,390000,97488,97488,35.12154104141911,16.11199287229804,-5.500441955300692,8.925043644540523,57.662347614146256,117.05978073843316,0.38107597816039174,0.6718920628063403
2005,spco2_le_threshold,historical_density,5000,14,390000,97488,97474,29.241391893455834,15.917273472894257,-5.304198439590636,8.924023902611339,57.53195095000658,116.55084612889475,0.4823403746785758,0.748618949879972
2005,all,spatial_coverage,500,14,390000,97488,97488,32.628946207115895,17.40256922172076,-0.2316273265902741,11.483868618239512,50.43246310013475,103.2082467928578,0.4658093181900559,0.686116178226905
2005,spco2_le_threshold,spatial_coverage,500,14,390000,97488,97474,27.18093757145687,17.227296866901764,-0.05388874296634414,11.48254744085449,50.38432601048106,102.61587812469226,0.5527224737200187,0.7480156827400303
2005,all,spatial_coverage,1000,14,390000,97488,97488,32.8120814285112,16.04170481964803,1.7010323771289635,9.579201316004742,49.198796907666356,106.7462988859339,0.4597960274734604,0.6959275236770697
2005,spco2_le_threshold,spatial_coverage,1000,14,390000,97488,97474,28.01091092627967,15.879071338769585,1.8662142126533114,9.577710860820957,49.14842129989296,106.048357422269,0.5249900835867604,0.7483058054657757
2005,all,spatial_coverage,2500,14,390000,97488,97488,28.19219946030739,12.76415472972495,0.6332240063163284,8.149327833422547,36.16741511313242,78.02958895524563,0.6012064449421712,0.7777619628108864
2005,spco2_le_threshold,spatial_coverage,2500,14,390000,97488,97474,24.193150578391705,12.633675854437948,0.7628885259821131,8.147640816956368,36.09540679668717,77.56110481575294,0.6456494850933854,0.8097574494419554
2005,all,spatial_coverage,5000,14,390000,97488,97488,24.72956492328637,11.232525724318268,0.0800250841389013,7.412965564547363,31.224690120053122,64.11761082582171,0.6931520941517733,0.8325829442482249
2005,spco2_le_threshold,spatial_coverage,5000,14,390000,97488,97474,19.615529480781305,11.097138080692611,0.21530760289707002,7.411906110559585,31.165964394671974,63.60263257662482,0.7670577413304236,0.8761083027663293
2005,all,random,500,15,390000,97488,97488,35.02212277921264,17.822764484285848,0.7141823158038977,11.21118840922827,54.382462452810415,117.01065988861069,0.3845749852827114,0.6262279687547567
2005,spco2_le_threshold,random,500,15,390000,97488,97474,29.384378660274784,17.633838302946316,0.9057709225614997,11.20860953525937,54.29806577984847,116.59105716167599,0.4772654147057017,0.6964135073630743
2005,all,random,1000,15,390000,97488,97488,30.312604372430336,14.381600914172028,0.5944599318595073,9.109456557740714,42.14059627707052,91.0390577471709,0.5389620081890993,0.73426958339961
2005,spco2_le_threshold,random,1000,15,390000,97488,97474,23.810452600336088,14.196401148487688,0.7818106798760034,9.107067185296046,42.0983123568129,90.4627635781479,0.6567713653731987,0.8106426982555625
2005,all,random,2500,15,390000,97488,97488,27.62078406283983,11.861375515232053,-0.22524435981699242,7.702682721879313,33.74550898194421,69.45543738422943,0.6172085600355831,0.7856578815323663
2005,spco2_le_threshold,random,2500,15,390000,97488,97474,20.2530310806656,11.676530848446573,-0.03872841826925547,7.700933891213964,33.71899987077521,68.90714485150649,0.7516705254786425,0.8670448691622827
2005,all,random,5000,15,390000,97488,97488,27.315338606496105,11.29251525710602,0.11733770870346863,7.216476925790715,30.50694414536735,73.34166535423152,0.62562797443025,0.7917373815979623
2005,spco2_le_threshold,random,5000,15,390000,97488,97474,21.57887496436056,11.134389414002934,0.27710232667494306,7.214997674787668,30.447902587754246,72.37297548717879,0.7180930334971527,0.8493230131086003
2005,all,historical_density,500,15,390000,97488,97488,41.93286462529282,22.860028720090206,-4.051153866784793,14.58266213530922,74.55217741845104,135.94147486233803,0.11773454184939058,0.5437293659837066
2005,spco2_le_threshold,historical_density,500,15,390000,97488,97474,36.878919750809274,22.659507365559964,-3.847931030341972,14.580491785825814,74.41039429450815,135.13451807385414,0.1766118853669515,0.6128992271997673
2005,all,historical_density,1000,15,390000,97488,97488,40.19387177297629,20.059543087444215,-4.464017435665245,12.177310028426263,65.39061250800728,144.11455075752355,0.1893938439364261,0.5818068993265355
2005,spco2_le_threshold,historical_density,1000,15,390000,97488,97474,34.88225289659466,19.85842349027418,-4.260657883644432,12.174177456917874,65.18376076585004,143.20146661421387,0.26335666469015184,0.6548279441245999
2005,all,historical_density,2500,15,390000,97488,97488,35.919012808309034,16.608636310187908,-4.2357674328535495,9.750354382811054,53.314172989729165,121.15730241736294,0.3526502323956433,0.6473994002678036
2005,spco2_le_threshold,historical_density,2500,15,390000,97488,97474,29.887996785687022,16.408207499358298,-4.033561531063453,9.74887268566286,53.22903478793476,120.60022751229984,0.4591935945483401,0.7276689678445192
2005,all,historical_density,5000,15,390000,97488,97488,36.353142011876,16.37188744722118,-5.619297983419649,8.759844682704198,59.108934978576876,119.97392879887981,0.33690749622287564,0.6505555898387632
2005,spco2_le_threshold,historical_density,5000,15,390000,97488,97474,30.473710526354342,16.172949189338645,-5.418815352140178,8.758615545556864,59.00858495016596,119.28767631155442,0.4377895848591452,0.7292918588052243
2005,all,spatial_coverage,500,15,390000,97488,97488,32.80312963595011,17.75539769153303,4.430803804647834,11.799283474850284,50.51287456329231,105.87671235914706,0.46009074417789053,0.6859419064055614
2005,spco2_le_threshold,spatial_coverage,500,15,390000,97488,97474,27.629073554934617,17.584904733963317,4.604483322951143,11.79758582387717,50.44865508587629,105.35125572871576,0.5378522357450896,0.7429759888039297
2005,all,spatial_coverage,1000,15,390000,97488,97488,29.837835767269052,14.655123603494559,1.1643538904750226,9.536792389155295,41.76900268691121,94.6056668895486,0.5532908475745623,0.7462434112404936
2005,spco2_le_threshold,spatial_coverage,1000,15,390000,97488,97474,24.316775996673776,14.488820236957743,1.3329293776277507,9.534189527381955,41.71955396694817,93.8603955644633,0.6420188165496823,0.8052394718372666
2005,all,spatial_coverage,2500,15,390000,97488,97488,25.596748310025248,11.88542964873272,-0.13556260981412552,8.038690768242333,33.096070581785824,64.78782614167507,0.6712545062798531,0.8196543365673775
2005,spco2_le_threshold,spatial_coverage,2500,15,390000,97488,97474,19.054110473149194,11.72099504265333,0.03055960669004272,8.03717580328896,33.05356646215183,64.17393722119805,0.7802010725293607,0.8833493846992145
2005,all,spatial_coverage,5000,15,390000,97488,97488,24.356988924831324,10.876202072632035,-0.020631378073154762,7.507283166723056,29.869888209970924,56.21021910248829,0.7023283947013491,0.8387913941388475
2005,spco2_le_threshold,spatial_coverage,5000,15,390000,97488,97474,17.41102578278802,10.715604454246812,0.14152540470179192,7.505882880265403,29.835017465847248,55.764113873206824,0.8164742834265283,0.9038853246649143
2005,all,random,500,16,390000,97488,97488,31.859577632854457,16.521233276636057,0.7389051993322121,11.2910200895993,48.0056905222881,88.71572858373621,0.4907040293218342,0.7012019745787883
2005,spco2_le_threshold,random,500,16,390000,97488,97474,25.933319008219634,16.3384603125196,0.9241572033840711,11.28772246601173,47.95007298346836,88.25664354918774,0.5928406466754166,0.7708732521117596
2005,all,random,1000,16,390000,97488,97488,29.176102650292133,14.021902231963958,0.5455001553636812,9.144120721248754,40.67888811843881,80.76885134756455,0.5728850540980305,0.757437163868618
2005,spco2_le_threshold,random,1000,16,390000,97488,97474,22.63210217248904,13.840801970846787,0.7286927039977548,9.143172847566632,40.64041399081524,80.14003813030097,0.6899026882585744,0.8312636288150687
2005,all,random,2500,16,390000,97488,97488,35.717345368080224,14.749078698335788,1.267754940794769,8.29661453372708,41.57250141081903,129.2366162186722,0.3598989219005684,0.6646595450994814
2005,spco2_le_threshold,random,2500,16,390000,97488,97474,32.91253254220056,14.621564056396528,1.3890354191435803,8.295917407434104,41.519031899742636,127.92220549949997,0.34420090317512075,0.6818530170162836
2005,all,random,5000,16,390000,97488,97488,29.89713350593061,11.836614377105368,0.48172311316878663,7.272930671192995,31.13287662653786,78.52137549907292,0.551513562930276,0.7549662390198806
2005,spco2_le_threshold,random,5000,16,390000,97488,97474,26.449094999817827,11.706863787682305,0.603815982799711,7.2717888028120115,31.09316361030629,77.85419190239821,0.5764839785281991,0.7807627592573053
2005,all,historical_density,500,16,390000,97488,97488,37.672779058162526,20.2308806360951,-1.8312716154394262,13.554066553704985,62.13804766408906,106.70304859022933,0.2878925499302605,0.5942916838127863
2005,spco2_le_threshold,historical_density,500,16,390000,97488,97474,31.938733864543803,20.030059452439204,-1.6278077319221425,13.5521191328057,62.06477930273127,105.7617802420713,0.3824336809917819,0.6711358756263863
2005,all,historical_density,1000,16,390000,97488,97488,36.90818118997458,18.515727074772684,-3.660866979891433,11.111039088346786,63.69983803128898,113.95477527780031,0.31650475082997553,0.6228169818901597
2005,spco2_le_threshold,historical_density,1000,16,390000,97488,97474,31.161406386596106,18.31736509500249,-3.4603714256159552,11.107934556653476,63.55833831211602,113.49685558264304,0.4121286280738057,0.699172478051499
2005,all,historical_density,2500,16,390000,97488,97488,34.57511948669911,16.211635523827237,-3.729050022967686,9.489220914805003,53.373560139839704,115.67799060035627,0.40018462810415645,0.6705193330874248
2005,spco2_le_threshold,historical_density,2500,16,390000,97488,97474,28.55200145219672,16.01667198154818,-3.532293631344063,9.48743646040262,53.309002689396046,114.77540267922497,0.5064611722211205,0.7482453316031074
2005,all,historical_density,5000,16,390000,97488,97488,35.277040502224004,15.893371108422143,-6.130330839416761,8.671519921876808,57.20527465932752,114.8306779965462,0.3755833144714482,0.6712559740528332
2005,spco2_le_threshold,historical_density,5000,16,390000,97488,97474,29.293060767197897,15.69669992116803,-5.932257405781396,8.670280280402636,57.04473046071757,114.16707807948016,0.48050937289231843,0.7501897462480028
2005,all,spatial_coverage,500,16,390000,97488,97488,32.05713222405898,17.106856103724947,1.1017457022542325,11.786906745174662,47.39321158660934,93.61963205234619,0.48436837095831353,0.6964036944541261
2005,spco2_le_threshold,spatial_coverage,500,16,390000,97488,97474,26.3025107280601,16.92766790626827,1.2835491655795912,11.784338968415597,47.34551631388229,93.05797252895539,0.5811653302151235,0.7630011625768378
2005,all,spatial_coverage,1000,16,390000,97488,97488,29.087814105115584,14.182122698350431,0.1130041145389473,9.349815586472317,41.59467003405195,79.37587374131455,0.5754660912104159,0.7586918661707339
2005,spco2_le_threshold,spatial_coverage,1000,16,390000,97488,97474,22.473057415578907,14.000837246950969,0.2963427470470165,9.348201907801865,41.561526317728365,79.0240365274327,0.6942457278815949,0.8333495510301446
2005,all,spatial_coverage,2500,16,390000,97488,97488,26.22060012094253,11.970180936128337,0.11201891808427085,8.051567065918078,33.83177869199022,63.85008572459678,0.6550346561112758,0.8103470648705824
2005,spco2_le_threshold,spatial_coverage,2500,16,390000,97488,97474,19.11197948709947,11.795468123997416,0.2884670729523196,8.050082023337808,33.774855518628634,63.4309369242979,0.7788639476699958,0.8833669070526139
2005,all,spatial_coverage,5000,16,390000,97488,97488,24.621306136657093,11.262251653426636,0.16455460943007502,7.8026420111083326,30.788847206195847,58.39034095843735,0.6958327940012572,0.835317613877892
2005,spco2_le_threshold,spatial_coverage,5000,16,390000,97488,97474,18.11294497038426,11.105236342037626,0.32321113065637375,7.801122373697041,30.747053562653207,57.9544237105707,0.8013784592316879,0.8956794834799432
2005,all,random,500,17,390000,97488,97488,32.21763990324744,16.544878117116685,-0.6491658462274498,10.949645437826462,48.31694161049815,93.76834995863844,0.47919198592179557,0.6924002442075596
2005,spco2_le_threshold,random,500,17,390000,97488,97474,26.189291902283436,16.359282551264894,-0.46128721030782227,10.947039700189578,48.26336288990424,93.30960853056717,0.5847633069000421,0.7647824066137111
2005,all,random,1000,17,390000,97488,97488,29.86768531133164,13.944050578797548,-0.2070193027841455,8.882947838446029,40.84972522737582,85.43852529545173,0.5523966316347111,0.743727296275594
2005,spco2_le_threshold,random,1000,17,390000,97488,97474,23.277433264445666,13.758537534084327,-0.019533235132871345,8.88083961322215,40.74269842221343,84.90218638259492,0.6719663535712322,0.8203901668913766
2005,all,random,2500,17,390000,97488,97488,27.443215707904855,11.79534527162004,0.4226785707583956,7.418233907368176,34.206784646424445,76.40469972097652,0.6221145147860365,0.7898178607229074
2005,spco2_le_threshold,random,2500,17,390000,97488,97474,20.778725541140897,11.619484381894582,0.6002943113547861,7.416697065277617,34.14012766741578,76.00247511276112,0.7386117720455716,0.8603473129001752
2005,all,random,5000,17,390000,97488,97488,25.285984593419645,10.55704706168215,0.35927801339014176,6.79951965880619,29.987260156577637,65.61480656369247,0.679188483481591,0.8243991910198851
2005,spco2_le_threshold,random,5000,17,390000,97488,97474,18.588684686653572,10.391151683244468,0.5267412822504077,6.797847276075515,29.949845223850968,65.2340980503006,0.7908077781824876,0.8893897881870809
2005,all,historical_density,500,17,390000,97488,97488,43.446385186321535,22.9379405629449,-5.830034918393351,13.615904331804359,81.58478514962562,147.65597096160468,0.05289635345633381,0.5250509345890406
2005,spco2_le_threshold,historical_density,500,17,390000,97488,97474,38.56458037976669,22.736634200454745,-5.626271380871662,13.612987775836615,81.48631174520362,146.84309105492702,0.09962084585155695,0.5923241556115604
2005,all,historical_density,1000,17,390000,97488,97488,39.32227531975712,19.50530119414889,-4.66481251549953,11.53023785504979,64.83754902742048,139.57057126132887,0.22416835200031948,0.5923575906873463
2005,spco2_le_threshold,historical_density,1000,17,390000,97488,97474,33.899345659718065,19.304908070871882,-4.462287881855644,11.52806494600938,64.59049922740867,138.60573352849178,0.304285841400329,0.6663296490484757
2005,all,historical_density,2500,17,390000,97488,97488,35.40655795397108,16.59104737038035,-4.477894546108497,9.415456437104297,58.340137602669316,121.0565429535395,0.3709898839223468,0.6622870338609647
2005,spco2_le_threshold,historical_density,2500,17,390000,97488,97474,29.611945431683885,16.39685153507289,-4.281958922349355,9.414442007667049,58.22586985716249,120.70800630002664,0.4691374462040433,0.7377254217819085
2005,all,historical_density,5000,17,390000,97488,97488,35.644941625634175,15.95534307717409,-5.508653344176873,8.481781973329078,57.170393345198086,120.95851067261094,0.3624914291936938,0.663587679916413
2005,spco2_le_threshold,historical_density,5000,17,390000,97488,97474,29.78588573874643,15.75976569349137,-5.311575522877334,8.478648929765114,57.06313473364511,120.51885170293973,0.4628825654978198,0.7408686675076749
2005,all,spatial_coverage,500,17,390000,97488,97488,31.811527082665286,16.794893847964826,0.8025760641397702,11.474823623176974,48.31223120675362,91.55653700142742,0.492239109140418,0.7021903659154725
2005,spco2_le_threshold,spatial_coverage,500,17,390000,97488,97474,25.849563589343443,16.61240548749024,0.9875919148042469,11.472486511860268,48.25847955552489,91.16537491093996,0.5954663602461049,0.7724112117922505
2005,all,spatial_coverage,1000,17,390000,97488,97488,28.887330998386627,14.15769717883067,0.5464318098067302,9.42293167283816,41.09989855686652,81.08353347775105,0.5812979881442606,0.7625299788769027
2005,spco2_le_threshold,spatial_coverage,1000,17,390000,97488,97474,22.51306223496745,13.981603510193462,0.7246374037352054,9.420724133591818,41.03477475454678,80.49638154860723,0.693156198217134,0.8327541503004678
2005,all,spatial_coverage,2500,17,390000,97488,97488,26.122128541294398,12.110895295882218,0.1592447310425874,8.10330953682174,34.08035070060745,67.79813358253044,0.6576208285318319,0.8115354369844506
2005,spco2_le_threshold,spatial_coverage,2500,17,390000,97488,97474,19.730201862328123,11.94423666150827,0.3276657016331372,8.10174406821966,34.03852335633133,67.57649912708382,0.764326219564311,0.8744778513697434
2005,all,spatial_coverage,5000,17,390000,97488,97488,24.491275507781765,10.98787767729245,0.6048002342194255,7.506886664669821,30.724183547779855,59.33286964412548,0.699037060572508,0.8372658025372615
2005,spco2_le_threshold,spatial_coverage,5000,17,390000,97488,97474,17.710019716347997,10.8246210563754,0.769721888794282,7.505850736277836,30.69466986879258,58.99004623959201,0.8101169055878357,0.9007275011785381
2005,all,random,500,18,390000,97488,97488,31.347513947843346,15.678472190703948,-1.656287609325017,10.218327603911575,45.294652004943224,89.22019122748246,0.5069438039010845,0.7135917349372036
2005,spco2_le_threshold,random,500,18,390000,97488,97474,25.300273687918384,15.49607195804517,-1.4718733977165768,10.215636330618736,45.23812768590104,88.68349794117057,0.6124759595209079,0.784144860923511
2005,all,random,1000,18,390000,97488,97488,30.76116451445688,14.599078032723437,-0.4370997889756352,9.039895803679116,42.943619254651594,93.73792258317239,0.5252163476584594,0.7248045087798333
2005,spco2_le_threshold,random,1000,18,390000,97488,97474,25.138991286725933,14.425283886297802,-0.26127158530999856,9.038416000685089,42.89723982729972,92.91596386380618,0.6174009335085451,0.7857850051605306
2005,all,random,2500,18,390000,97488,97488,27.321320778132943,12.031779264489801,-0.01967304698187468,7.734815282652363,34.53333830371267,76.3318541711409,0.6254639784438605,0.7914422254734511
2005,spco2_le_threshold,random,2500,18,390000,97488,97474,20.505504936447778,11.854106576712478,0.15972491612061365,7.7337163233066235,34.504312798931366,75.85244164413815,0.745440595000469,0.8638478032421086
2005,all,random,5000,18,390000,97488,97488,25.56945041651998,10.594136758041971,-0.08399005431484058,6.81473653460597,29.369041124968618,69.05144216554358,0.6719553198468042,0.8216748208731195
2005,spco2_le_threshold,random,5000,18,390000,97488,97474,18.54014104161027,10.421789548589723,0.08986670695483927,6.8133341582368985,29.349886533175592,68.33798365250543,0.7918989466535689,0.8913664595641398
2005,all,historical_density,500,18,390000,97488,97488,38.46484203481317,21.168146152792414,-1.4970460836243624,14.357069115805842,61.38390475052755,109.436118068355,0.2576339221470938,0.5576967723255793
2005,spco2_le_threshold,historical_density,500,18,390000,97488,97474,32.8669038587489,20.967341038656027,-1.2934156478538106,14.355073862491338,61.302385459744265,108.72118315357764,0.3460179925851242,0.6324258256145566
2005,all,historical_density,1000,18,390000,97488,97488,37.459063770559965,18.87962276350171,-3.784188873020833,11.823501846100356,59.99148632172655,123.86608164513984,0.295949113589547,0.6083064216481279
2005,spco2_le_threshold,historical_density,1000,18,390000,97488,97474,31.740646807869478,18.6797613876346,-3.582159369504638,11.821266649137215,59.89830676042396,123.18215517884218,0.39007033546561265,0.6847951040818006
2005,all,historical_density,2500,18,390000,97488,97488,37.5887103532749,17.53319579912381,-5.542358183562727,10.11522855332268,60.74278663066167,121.56849974580373,0.2910672110845425,0.6290811108116803
2005,spco2_le_threshold,historical_density,2500,18,390000,97488,97474,31.866403996696523,17.331970545950185,-5.339410709831645,10.113955884161811,60.61269239334652,120.84979673771866,0.3852276496764354,0.7067506616450022
2005,all,historical_density,5000,18,390000,97488,97488,35.34321861317433,15.77170384155043,-5.1947313343829595,8.795635173370982,51.822495120390464,123.78292611184376,0.37323836286176204,0.6658944196449041
2005,spco2_le_threshold,historical_density,5000,18,390000,97488,97474,29.38868524453891,15.575483727891179,-4.996992070846814,8.794755167770006,51.738725007718166,123.05581182422382,0.47711217916965576,0.7441885618300201
2005,all,spatial_coverage,500,18,390000,97488,97488,31.864621783938745,16.400577788292626,-1.3612809524428646,11.061672467570418,46.97789270829275,89.3196921334304,0.49054274851532664,0.7010774091929478
2005,spco2_le_threshold,spatial_coverage,500,18,390000,97488,97474,25.551177692588144,16.211546777584037,-1.1700898769405694,11.060086160678253,46.92123083001688,88.8955830297998,0.6047516590866207,0.7783359940795278
2005,all,spatial_coverage,1000,18,390000,97488,97488,32.92600952668914,15.81971823072852,0.3597842032399399,9.825219035859618,46.77026428346558,98.32660850415897,0.4560381886591921,0.6899199308459009
2005,spco2_le_threshold,spatial_coverage,1000,18,390000,97488,97474,27.956247611004933,15.658238849304606,0.523587414957835,9.82198159912295,46.7225446559985,97.78358382917861,0.5268422390505157,0.744426544139865
2005,all,spatial_coverage,2500,18,390000,97488,97488,27.930976127140497,12.681613793523734,0.13736135237511773,8.255158237690608,35.60157453938455,76.82057427113264,0.608562490587514,0.7804310676922372
2005,spco2_le_threshold,spatial_coverage,2500,18,390000,97488,97474,22.082757843490185,12.524337849850681,0.2964784603796119,8.252781167932824,35.57543208721723,76.28277552650958,0.7047738443537442,0.840351769307931
2005,all,spatial_coverage,5000,18,390000,97488,97488,25.10920420308957,11.431385072356214,0.021809456630541995,7.6923350026790445,31.78165348054063,62.60078851825649,0.6836585437361762,0.8271065226595735
2005,spco2_le_threshold,spatial_coverage,5000,18,390000,97488,97474,19.10750444125403,11.278739517743423,0.1761000111756833,7.6899124491071404,31.729642038146952,62.312005195897946,0.7789674930004871,0.8826025160099439
2005,all,random,500,19,390000,97488,97488,32.656274440059676,17.25325806931038,-0.21708952121493902,11.329997294582483,50.86711175866739,93.21188948735511,0.4649141252686406,0.682430234250285
2005,spco2_le_threshold,random,500,19,390000,97488,97474,26.96505900431008,17.072445229881676,-0.033829810213577796,11.327587841953914,50.79591344004401,92.84907972640822,0.5597990646178139,0.7488531667375952
2005,all,random,1000,19,390000,97488,97488,29.9934012392723,14.153859285000868,0.9057755336866333,8.935114024542628,40.8154605443062,85.81420863484993,0.5486206913873728,0.7410690349849479
2005,spco2_le_threshold,random,1000,19,390000,97488,97474,23.811868141526773,13.975393166670006,1.086404637915906,8.932213279945529,40.76770129782523,84.99463744406638,0.6567305539933892,0.8108966682860179
2005,all,random,2500,19,390000,97488,97488,26.871826331423822,11.58588988541351,0.2283675249736404,7.513928887965079,33.20584399262416,69.97685690814352,0.6376864466152181,0.7994160693802125
2005,spco2_le_threshold,random,2500,19,390000,97488,97474,19.466256123266465,11.40316829633667,0.4127859727383909,7.5133015698437475,33.16462825096938,69.4734792907627,0.7705896129613243,0.8788584198222577
2005,all,random,5000,19,390000,97488,97488,25.404904549932297,10.550443073260933,0.5198908632321633,6.896937807653245,29.73219142032064,63.61962813819715,0.6761638353211424,0.8232093279324871
2005,spco2_le_threshold,random,5000,19,390000,97488,97474,17.829888737197123,10.373918562249244,0.6980053846580218,6.89531922906292,29.68887627697862,63.11602948277394,0.8075377860361044,0.8995210138505348
2005,all,historical_density,500,19,390000,97488,97488,40.53709546878901,21.95562057008739,-5.890977215525415,13.922286467040408,69.14833516002425,130.51232349689812,0.17549087246730766,0.5692500738701225
2005,spco2_le_threshold,historical_density,500,19,390000,97488,97474,35.34312057907153,21.75648617660939,-5.689535488738391,13.919850373132277,69.00381111411382,130.16433994954582,0.24376287132011054,0.6399853966458187
2005,all,historical_density,1000,19,390000,97488,97488,36.75368784161538,18.704206678244926,-3.8641652272429883,11.70241887921037,57.35376105902038,116.01027702272297,0.32221483791988437,0.6218828193674331
2005,spco2_le_threshold,historical_density,1000,19,390000,97488,97474,30.924201501706747,18.504857957703948,-3.662685060569565,11.701001446405968,57.277091932489434,115.48651849650115,0.4210444785669206,0.6994651970252156
2005,all,historical_density,2500,19,390000,97488,97488,36.816789516855046,17.587072041341138,-5.197013842798866,9.805897023960625,65.00055413989277,130.57064983338245,0.3198854883148976,0.637397759271576
2005,spco2_le_threshold,historical_density,2500,19,390000,97488,97474,31.306436446344534,17.392734147575588,-5.000896389204239,9.803637346982839,64.92511340449293,130.30607206433783,0.406643803445356,0.7098284852396226
2005,all,historical_density,5000,19,390000,97488,97488,36.21682517282682,16.450949840318216,-4.905633622562243,8.878471008653207,58.95997126965512,123.33053503093352,0.34187109473783506,0.6497643833980682
2005,spco2_le_threshold,historical_density,5000,19,390000,97488,97474,30.374310551427055,16.253204783536592,-4.706230334590264,8.877933813883459,58.875297802284486,122.81077753551241,0.44145126955192726,0.7274553962654192
2005,all,spatial_coverage,500,19,390000,97488,97488,35.569028107204524,18.191106436256426,2.828418656488422,11.51591140181057,52.210913418888474,122.31060450217844,0.3652039590583006,0.6269896364695622
2005,spco2_le_threshold,spatial_coverage,500,19,390000,97488,97474,30.850313282947063,18.02082587235113,3.001718213677043,11.5125242066473,52.14711800205316,121.73040836278149,0.42380780856143474,0.6791224439694963
2005,all,spatial_coverage,1000,19,390000,97488,97488,30.570363605134183,14.855035148113712,0.701826301639821,9.380259986308062,43.86913285035331,89.30577949528127,0.5310879202966516,0.7312688117397601
2005,spco2_le_threshold,spatial_coverage,1000,19,390000,97488,97474,24.98175309450886,14.685245932836818,0.8738499185037713,9.377057050884275,43.8221812176289,89.03926073693646,0.6221720911447963,0.7925259531393809
2005,all,spatial_coverage,2500,19,390000,97488,97488,27.138511091329498,12.06016983522653,0.46595164807952505,7.9366605749003725,33.154141014501725,69.29357399964512,0.6304593260347116,0.7940963963865116
2005,spco2_le_threshold,spatial_coverage,2500,19,390000,97488,97474,20.616833698803788,11.891750573985126,0.6361700116535124,7.934842106922218,33.120836500017674,68.88455042178042,0.7426689768463143,0.8620420995182013
2005,all,spatial_coverage,5000,19,390000,97488,97488,25.210069959002634,11.199422653377638,0.4458392270364398,7.539781163859516,30.860160315818952,59.69147006705403,0.68111189921206,0.8255557948835527
2005,spco2_le_threshold,spatial_coverage,5000,19,390000,97488,97474,18.77488027113149,11.041584710624507,0.6053497559800002,7.539033146303495,30.81649990666141,59.31069788627783,0.786595996071666,0.8870306043465082
2010,all,random,500,0,390000,97488,97488,33.13716666989129,16.801480805386454,-1.4355640107800656,11.152297307337676,48.50992347224894,92.17269677680372,0.45917381301759896,0.6791541363791531
2010,spco2_le_threshold,random,500,0,390000,97488,97471,26.248306231974013,16.575591620969544,-1.2069948437477296,11.150675562325318,48.42969070172077,91.49966209557002,0.5790580999707364,0.7621541891847535
2010,all,random,1000,0,390000,97488,97488,30.678407509550738,13.954121372684186,-0.07859284362749737,8.891309966720428,41.37951956416743,83.8759247273428,0.5364542625935194,0.7324325052826983
2010,spco2_le_threshold,random,1000,0,390000,97488,97471,23.178196902830873,13.729614867889952,0.14833370389733672,8.890273484283625,41.293656247693605,83.32359323267836,0.6717695376392647,0.819631447765089
2010,all,random,2500,0,390000,97488,97488,28.547268298359313,12.110505547208257,0.2602613860067274,7.6433126775347375,35.13134197768247,73.37817357096358,0.5986196740781768,0.7738464749643262
2010,spco2_le_threshold,random,2500,0,390000,97488,97471,20.619043106692114,11.889093420211182,0.48383110898480675,7.6419901868383135,35.080100736334856,72.77752137300116,0.7402493746643066,0.8606028232172058
2010,all,random,5000,0,390000,97488,97488,27.527480974198987,11.338427493200461,-0.1347227997438878,7.266830137762923,31.70862664670645,66.62542786484664,0.626784295478187,0.7919103779844145
2010,spco2_le_threshold,random,5000,0,390000,97488,97471,19.89241231115144,11.122317177124977,0.08334156399488837,7.264650389465885,31.66334060422099,66.301294998216,0.7582344074749456,0.8712311636513886
2010,all,historical_density,500,0,390000,97488,97488,40.95709127375892,22.089581939053875,-0.4453730765426931,14.73296824146891,65.39251555148815,113.98216865920746,0.1738000207295325,0.5352037736567704
2010,spco2_le_threshold,historical_density,500,0,390000,97488,97471,35.011744729222585,21.850902372157275,-0.20291852477199548,14.731352034578492,65.31807474503032,113.00058323958991,0.2510598810351372,0.6139580407282299
2010,all,historical_density,1000,0,390000,97488,97488,40.34836150186739,20.09339516803534,-2.9974136484697356,12.070430772093232,68.40918306756767,117.84817326896159,0.19817651141045078,0.5757108445303877
2010,spco2_le_threshold,historical_density,1000,0,390000,97488,97471,34.30266867948481,19.854216637631247,-2.755253393390279,12.068949842486461,68.31621520843206,117.009970278263,0.28108854136691186,0.6573719339582533
2010,all,historical_density,2500,0,390000,97488,97488,41.21850282971391,19.096834990123632,-5.382348286948234,9.966376302986106,76.43225535761492,141.01560802251694,0.16321980306390105,0.580261552450228
2010,spco2_le_threshold,historical_density,2500,0,390000,97488,97471,35.43639385248804,18.859887884841086,-5.143009226376897,9.964946420259821,76.23291298843266,140.70699195912826,0.23278227370622906,0.6591952074378938
2010,all,historical_density,5000,0,390000,97488,97488,37.65808140165741,16.47673471939457,-3.672217760098293,9.120864107757768,52.185139785466845,147.39703473854277,0.301537092330214,0.6134810419952383
2010,spco2_le_threshold,historical_density,5000,0,390000,97488,97471,31.221750420166206,16.240967224505354,-3.434217018517157,9.119173464852452,52.088652227788344,146.52452987111116,0.4044282573812813,0.6981768214843246
2010,all,spatial_coverage,500,0,390000,97488,97488,33.19762386657602,16.79249390640831,-0.3442005112356591,11.362490142602212,47.476775369980935,91.43432134080663,0.45719858910054056,0.6775842966065614
2010,spco2_le_threshold,spatial_coverage,500,0,390000,97488,97471,26.291102434284745,16.564618280145126,-0.11345612413368099,11.360507673148732,47.398832158387506,90.8090599530766,0.5776843427094822,0.7611910619714006
2010,all,spatial_coverage,1000,0,390000,97488,97488,31.1225561762634,14.97237534998752,-0.9298587889078165,9.625465464165273,44.570932939906726,86.19741400189503,0.5229350755159401,0.7250200866871918
2010,spco2_le_threshold,spatial_coverage,1000,0,390000,97488,97471,24.163502998709895,14.751695035273857,-0.7067293069388827,9.623416286927807,44.50411462370059,85.630289083194,0.6432702105096832,0.8041829868617482
2010,all,spatial_coverage,2500,0,390000,97488,97488,27.666595200191757,12.81632831053761,0.2766146635549695,8.470435853696841,36.823060743034475,71.98965289295431,0.6230025614602173,0.7893586920089622
2010,spco2_le_threshold,spatial_coverage,2500,0,390000,97488,97471,20.32830401757626,12.604817200197514,0.49040932521350344,8.46760148169301,36.76655535067462,71.5321484244931,0.7475229641162756,0.8646957700682172
2010,all,spatial_coverage,5000,0,390000,97488,97488,26.12169253216522,11.620043649723977,0.010973835872339775,7.833501456227822,32.36996504099813,61.142414660700524,0.6639301173674255,0.8148774911889927
2010,spco2_le_threshold,spatial_coverage,5000,0,390000,97488,97471,18.925673050215547,11.416014049336072,0.21703201191100516,7.831781481736414,32.31983499465761,60.64087068282942,0.7811622429003804,0.8838959342403125
2010,all,random,500,1,390000,97488,97488,33.68693509881579,16.753980410654226,-2.9302381982201187,10.736013096352423,50.7580259518742,98.3402807211338,0.4410795918686514,0.6673766682666528
2010,spco2_le_threshold,random,500,1,390000,97488,97471,26.823657431100603,16.52429193197771,-2.6981387089085294,10.732363967520428,50.70877560953923,97.65229192058206,0.5604021328355503,0.7517997837102721
2010,all,random,1000,1,390000,97488,97488,30.741430968518426,13.738006356085409,-0.5262800330704273,8.683871840281881,39.47240602711896,82.81912254156317,0.5345477579251299,0.7315024167507512
2010,spco2_le_threshold,random,1000,1,390000,97488,97471,23.155262821160164,13.511344942939463,-0.29731435150114427,8.682497042660714,39.4385253217969,81.93863728625972,0.6724187632948326,0.8205391612327047
2010,all,random,2500,1,390000,97488,97488,28.212414971836086,11.699810204399123,-0.32451243455655837,7.651691082299038,33.31223515119176,70.99905151206363,0.6079806590680366,0.7811570512976114
2010,spco2_le_threshold,random,2500,1,390000,97488,97471,19.725037705416288,11.474453861262326,-0.09717211606209385,7.649755332500774,33.245992748148296,70.34421440614643,0.7622857193247058,0.8749479715577357
2010,all,random,5000,1,390000,97488,97488,27.145617168031773,10.58829428763843,-0.3957046195554879,7.003395132261886,29.718299872348926,58.60748243605094,0.6370670424550136,0.7994594847747544
2010,spco2_le_threshold,random,5000,1,390000,97488,97471,18.09399003147818,10.36211556133819,-0.1677481950233904,7.001943214517553,29.684902530430406,58.267722810032076,0.7999731563271174,0.8961466173513594
2010,all,historical_density,500,1,390000,97488,97488,40.7735590302606,21.949736626543444,-5.15315513123413,14.422975839722994,64.71072358742755,125.13185043023057,0.18118797665256636,0.555545151730625
2010,spco2_le_threshold,historical_density,500,1,390000,97488,97471,34.745287985318896,21.70901190718606,-4.909500905814221,14.420543366480103,64.61578967192415,124.6502815228123,0.26241611427454303,0.6365513280880252
2010,all,historical_density,1000,1,390000,97488,97488,38.02199315846948,19.15792586553859,-2.562991125361719,12.185007454350341,56.728373031530076,97.42446981824324,0.2879725668546361,0.5937583208051007
2010,spco2_le_threshold,historical_density,1000,1,390000,97488,97471,31.49640281108409,18.91757558524303,-2.319746508385679,12.182039998172115,56.6865015297127,96.57933621415815,0.393903884315399,0.680182286332046
2010,all,historical_density,2500,1,390000,97488,97488,37.10024540115756,17.46898556675317,-2.896781335928713,10.148907234039825,55.70193885235165,129.75073992359717,0.32207674422760146,0.6196830716631034
2010,spco2_le_threshold,historical_density,2500,1,390000,97488,97471,30.68277767807613,17.235023881056605,-2.6602780996999495,10.146833005587098,55.59035531877653,128.43529953259664,0.42481316782035783,0.7028528327269228
2010,all,historical_density,5000,1,390000,97488,97488,37.820842710439166,16.674288140110253,-4.342529103061675,8.879934812889616,57.796756446567215,144.66842604257062,0.2954864171076631,0.618660446525198
2010,spco2_le_threshold,historical_density,5000,1,390000,97488,97471,31.50343084598357,16.440085078613187,-4.106175248983942,8.87839964366134,57.692653842602994,143.87764268464255,0.3936333683504546,0.7018319598016067
2010,all,spatial_coverage,500,1,390000,97488,97488,36.06906970865652,19.184589806767196,-2.628692782508041,12.689653934751533,57.611918869954174,109.13032264325503,0.3592378496820541,0.6109547761855542
2010,spco2_le_threshold,spatial_coverage,500,1,390000,97488,97471,30.04165976236599,18.959311507788737,-2.4005269554503323,12.686347544749992,57.51279005508809,108.49583130950533,0.4485991452220891,0.6817943294913149
2010,all,spatial_coverage,1000,1,390000,97488,97488,32.25376563746473,15.60785215399829,-1.0788655749284835,9.897224974470731,45.994969220661666,90.22767694673058,0.48762513166358723,0.7028227286512291
2010,spco2_le_threshold,spatial_coverage,1000,1,390000,97488,97471,25.37012684300326,15.383452951022026,-0.8519323590474154,9.894152954258459,45.91736754036367,89.52575952484389,0.6067535001980776,0.7836370641945014
2010,all,spatial_coverage,2500,1,390000,97488,97488,29.316022677429345,12.6223296429587,-0.2504201646672944,8.209569074712277,34.7298599652108,72.37730473770502,0.5767109189656663,0.76106452424599
2010,spco2_le_threshold,spatial_coverage,2500,1,390000,97488,97471,22.233429835231313,12.405112745610825,-0.03104547206615379,8.206857485098624,34.69537648547255,71.74436784601626,0.6979822157527189,0.8377493193498879
2010,all,spatial_coverage,5000,1,390000,97488,97488,27.9717308610967,11.777012024614582,-0.12107324304173828,7.836714961176625,31.866734461556014,62.97377358438786,0.6146408728704299,0.7852932778528312
2010,spco2_le_threshold,spatial_coverage,5000,1,390000,97488,97471,21.066881395217838,11.57295267682997,0.08501902693805725,7.83499966563636,31.826189232782582,62.51475768084592,0.7288434565946107,0.8562470849595081
2010,all,random,500,2,390000,97488,97488,32.40070445230841,16.391364402368414,0.3384735404493577,10.96054469455757,45.827139487206416,84.88187523012438,0.4829460345706975,0.6950084705465697
2010,spco2_le_threshold,random,500,2,390000,97488,97471,25.54637828338165,16.168077238680592,0.5646785693999543,10.95834759216234,45.77391943554662,84.39334120088328,0.6012705935732596,0.7755836797522678
2010,all,random,1000,2,390000,97488,97488,31.172400241575428,14.150090029265503,0.6402957531972068,8.784370628185059,41.78556549796603,83.86974535156727,0.5214057733255262,0.7222277528305088
2010,spco2_le_threshold,random,1000,2,390000,97488,97471,24.09650081943302,13.928699649144354,0.8642657370805207,8.783248057007881,41.71295944686531,83.32265041939067,0.645245796187796,0.8035577941955715
2010,all,random,2500,2,390000,97488,97488,28.459317132243136,11.554121880012449,-0.1622001827382907,7.316461772668902,32.97817548852004,71.51400492023154,0.6010890863287737,0.7765599282804209
2010,spco2_le_threshold,random,2500,2,390000,97488,97471,20.1189215241785,11.327335196198108,0.06657337582704023,7.314979895879333,32.9232672477053,70.94109972712755,0.7526972294170576,0.8692348199865242
2010,all,random,5000,2,390000,97488,97488,30.05267909770753,11.831052416949936,0.758505776403927,7.213403267889191,32.36309884271268,81.83081490172229,0.5551707305248255,0.7456060619777845
2010,spco2_le_threshold,random,5000,2,390000,97488,97471,23.358284872259436,11.619138941416784,0.9726150074878261,7.21154573240284,32.31105698075237,80.50778097634164,0.6666492089944878,0.8176212921321171
2010,all,historical_density,500,2,390000,97488,97488,40.23127555475496,21.071276376475357,-4.229031745448229,13.248018070759372,69.82595917213288,126.49287063190873,0.20282334423045367,0.5624145614712082
2010,spco2_le_threshold,historical_density,500,2,390000,97488,97471,34.29274112960065,20.836506982985185,-3.9913248817492035,13.24454783870749,69.74863888634454,126.22553563448284,0.2815046020920525,0.6407657190221341
2010,all,historical_density,1000,2,390000,97488,97488,38.30242695791456,18.668247373113307,-2.532317914656556,11.651963022810207,57.13514277047661,125.98703054975826,0.27743061964124616,0.5937009289698877
2010,spco2_le_threshold,historical_density,1000,2,390000,97488,97471,31.91392788371782,18.430524627190785,-2.29178088755508,11.64812936743067,57.049455213743386,124.71888236711375,0.37772821846151017,0.6781582355400685
2010,all,historical_density,2500,2,390000,97488,97488,38.30367286965294,17.56058749133919,-4.863671927976367,10.144852926652817,59.44494215005479,117.54274245536924,0.27738361101092157,0.6156052854355891
2010,spco2_le_threshold,historical_density,2500,2,390000,97488,97471,31.8693967214891,17.31946412810056,-4.620334084896783,10.14319656124917,59.29454499142645,116.42401725773071,0.37946358320974993,0.7019740241319854
2010,all,historical_density,5000,2,390000,97488,97488,37.70568523659831,16.425087508188096,-3.6888507145017595,9.012556150810184,53.32651019707865,147.91834587128312,0.2997701128560817,0.6170811743751459
2010,spco2_le_threshold,historical_density,5000,2,390000,97488,97471,31.256240585801258,16.18822789174395,-3.4497697601674435,9.008982610334101,53.24713464531237,146.99172196214374,0.4031116935350283,0.7023671492764335
2010,all,spatial_coverage,500,2,390000,97488,97488,33.31128857738926,17.490862851206135,-0.6732164253394022,12.178618578517586,48.873717199996314,89.27630049311891,0.45347525107711595,0.6738502822300563
2010,spco2_le_threshold,spatial_coverage,500,2,390000,97488,97471,26.550478084711788,17.264110552647445,-0.44353094676573723,12.175937684137352,48.80978770388964,88.79458300497274,0.5693105040141943,0.7547997622666799
2010,all,spatial_coverage,1000,2,390000,97488,97488,30.465391667629216,14.943595133443797,1.0210256619677012,9.859668465502125,43.792093686945904,83.96233315037581,0.5428691832771871,0.7374057062480605
2010,spco2_le_threshold,spatial_coverage,1000,2,390000,97488,97471,23.353496160343823,14.723083772848963,1.244321425651885,9.856891065784907,43.76115210377199,83.3002102190385,0.666785876329594,0.8173629311321059
2010,all,spatial_coverage,2500,2,390000,97488,97488,28.634857880450934,13.076165338762111,0.09093262649456799,8.65840482488602,36.92178429214648,73.89819599822069,0.5961528412371486,0.7723618720312035
2010,spco2_le_threshold,spatial_coverage,2500,2,390000,97488,97471,21.671163167772043,12.866496180401974,0.30289826960821387,8.656854106387243,36.8877451001303,73.33728628482844,0.7130646653422644,0.8451632154555945
2010,all,spatial_coverage,5000,2,390000,97488,97488,26.06111289289905,11.69881527178377,-0.33777721580094183,7.934507820941491,33.00968846931997,61.96875069283978,0.665487090342528,0.8167711867714339
2010,spco2_le_threshold,spatial_coverage,5000,2,390000,97488,97471,18.759044705291302,11.494686932804877,-0.13166738851319884,7.932668744298837,32.9516623462294,61.54705290433961,0.7849987299464541,0.8863289103014352
2010,all,random,500,3,390000,97488,97488,37.06120557268575,18.443952716115,1.0123488638608968,11.204692405984787,55.54514391705123,140.12183466958837,0.3235027230866342,0.5885607685874196
2010,spco2_le_threshold,random,500,3,390000,97488,97471,31.29400491581779,18.22351090528272,1.2361840647975118,11.202169005464725,55.45994325561338,138.92166611788394,0.4016684806705857,0.6558798527197397
2010,all,random,1000,3,390000,97488,97488,33.54586662054346,15.691960598146771,1.5352109853777716,9.482248213170408,46.292193071754305,113.6172144742974,0.445750896165481,0.6736866514922817
2010,spco2_le_threshold,random,1000,3,390000,97488,97471,27.3230227435553,15.475094656043078,1.7550815331274519,9.479891393542744,46.21433966634541,112.23584351764254,0.5438821422833934,0.7451786050166197
2010,all,random,2500,3,390000,97488,97488,29.100045129799216,12.309301709650983,0.980344828073813,7.5925290678771375,36.02281169399446,81.75328026210772,0.5829248709499661,0.7639438696112906
2010,spco2_le_threshold,random,2500,3,390000,97488,97471,21.40813176587685,12.09017966657168,1.2017847297073667,7.591468537162825,35.94910333980425,81.13307673340873,0.7199876883507784,0.8492210525643225
2010,all,random,5000,3,390000,97488,97488,27.188891213226764,10.943912211263184,-0.024186409910906332,7.041228498236649,31.293086728958357,64.61056276141336,0.6359089847403858,0.7976985979838889
2010,spco2_le_threshold,random,5000,3,390000,97488,97471,18.691992910247446,10.721466698961178,0.2001636210543225,7.037987637036451,31.228123020114253,64.25038982493854,0.7865329718926577,0.8871539491742698
2010,all,historical_density,500,3,390000,97488,97488,42.65055365891739,22.863516512884072,-3.860927781040937,14.550995496850163,73.75351374592115,139.50114729237274,0.10406538882546679,0.523546320429092
2010,spco2_le_threshold,historical_density,500,3,390000,97488,97471,37.06387300317868,22.628628991754983,-3.6227260022511985,14.546304975004603,73.56146383000748,138.95178791153253,0.16069233980215192,0.5976200480724118
2010,all,historical_density,1000,3,390000,97488,97488,39.74748618719003,20.341625505759165,-2.992966095817238,12.05301301375951,71.74661632054432,118.20218408902952,0.2218804947087002,0.570011084694721
2010,spco2_le_threshold,historical_density,1000,3,390000,97488,97471,33.938245311681385,20.11274960150862,-2.7610643971255917,12.051175058320496,71.55425048803633,117.51020501981483,0.29628248954765746,0.644942856913891
2010,all,historical_density,2500,3,390000,97488,97488,41.012679778351625,19.217350365242666,-4.937049117937731,10.437453697696839,72.03374318524722,138.27530738288638,0.17155579942431343,0.5808820713540771
2010,spco2_le_threshold,historical_density,2500,3,390000,97488,97471,35.23649360414641,18.98279750539381,-4.700005618604267,10.43542842982049,71.79211303518468,137.81197989095654,0.2414137634288207,0.6592829260772818
2010,all,historical_density,5000,3,390000,97488,97488,37.35097984951124,16.155737407201293,-4.00404603479925,9.055384433501615,52.91318773096145,128.72593837808904,0.31288256801841663,0.6211124155785194
2010,spco2_le_threshold,historical_density,5000,3,390000,97488,97471,30.6457965419895,15.915034288122552,-3.7612235288943685,9.05187311896725,52.784353310012506,127.02352429300309,0.42619884704510613,0.7104700622955855
2010,all,spatial_coverage,500,3,390000,97488,97488,33.36640418583008,17.87859303181562,-1.9344342258985563,12.20968242194931,50.78514393871497,88.8304230098593,0.4516652362290343,0.6757175167095448
2010,spco2_le_threshold,spatial_coverage,500,3,390000,97488,97471,26.733910642514218,17.656043122342027,-1.709103482128601,12.205187411654776,50.720359488983576,88.31686198425521,0.5633388312871179,0.7541592965230952
2010,all,spatial_coverage,1000,3,390000,97488,97488,31.190863351977185,14.943504327074589,-0.5124256443109049,9.645613609320947,44.5502183451116,86.07988529954586,0.5208386719913392,0.721832112093108
2010,spco2_le_threshold,spatial_coverage,1000,3,390000,97488,97471,23.88195524714425,14.71944547867266,-0.2858498592036282,9.643248307409863,44.48298471045629,85.71758714706604,0.651534851482475,0.8072307953899711
2010,all,spatial_coverage,2500,3,390000,97488,97488,28.23254595591631,12.343044254542205,-0.1302338144278842,8.081243757644131,34.96408862189436,72.15381104761276,0.6074210082408905,0.7795394125272586
2010,spco2_le_threshold,spatial_coverage,2500,3,390000,97488,97471,20.45459795976487,12.123915567924012,0.09102491884502625,8.080083348545486,34.93302904790761,71.6546372902131,0.7443760837427237,0.8630662045319766
2010,all,spatial_coverage,5000,3,390000,97488,97488,26.32065261956187,11.428713038125201,-0.04724064954364463,7.803031136956037,31.863851833499954,60.70303707452313,0.6587911597566339,0.8120912961076162
2010,spco2_le_threshold,spatial_coverage,5000,3,390000,97488,97471,18.185073829687205,11.21518683406893,0.1682706067907995,7.800738280966414,31.795744624770634,60.223166481992855,0.7979542470988721,0.8934988776687655
2010,all,random,500,4,390000,97488,97488,33.362728492469365,17.10673178392681,1.6660299293394487,11.193473413644199,50.92961415450452,96.43798252318504,0.4517860403422723,0.6733318091890891
2010,spco2_le_threshold,random,500,4,390000,97488,97471,26.782754437850137,16.885895474908278,1.8901404116928786,11.190436419351556,50.87659661008783,95.926687015008,0.5617417830500049,0.7511614900050035
2010,all,random,1000,4,390000,97488,97488,31.26008453134349,14.518616971085587,0.7666811768385928,9.277327438695835,43.2235681633376,85.95120929089464,0.5187095281790387,0.720510694449871
2010,spco2_le_threshold,random,1000,4,390000,97488,97471,23.805430293807117,14.29171555318238,0.9962485165905002,9.275440471863192,43.17961162757405,85.35942940940586,0.6537644474743296,0.8091744708072138
2010,all,random,2500,4,390000,97488,97488,28.79746299777893,12.102222641851343,0.6449232006275669,7.578088788772021,35.250182343454085,75.79330896905661,0.5915532679433405,0.7696128258037943
2010,spco2_le_threshold,random,2500,4,390000,97488,97471,20.756403947535578,11.879870516470929,0.869498566554627,7.575797446482454,35.198264603726216,75.12384081623807,0.7367770107956763,0.8590847704294661
2010,all,random,5000,4,390000,97488,97488,27.033126901266815,10.769466115330342,0.19450738681653618,6.986509912742548,30.924903043687483,63.96654187644589,0.6400687670787135,0.8008314124887592
2010,spco2_le_threshold,random,5000,4,390000,97488,97471,18.245611775313158,10.545609489660212,0.4202762484290156,6.985636627601707,30.86108577783918,63.582686358932946,0.7966067910384221,0.8935364761355556
2010,all,historical_density,500,4,390000,97488,97488,41.99610574965025,22.539870274041554,-5.000095275973945,14.109116475936503,78.313574590423,129.7983033624772,0.13134962974824127,0.5368099909251898
2010,spco2_le_threshold,historical_density,500,4,390000,97488,97471,36.38648829756005,22.30669760862605,-4.763863483485085,14.105965124348586,78.16488075812218,129.238535806876,0.19109061285268591,0.610759759583009
2010,all,historical_density,1000,4,390000,97488,97488,40.50417081787974,19.134768734467773,-3.178478682867771,11.332009011399748,61.01790948505778,144.1910998416148,0.19197190816692666,0.5585292169030536
2010,spco2_le_threshold,historical_density,1000,4,390000,97488,97471,34.34881701783861,18.891914759273348,-2.9328417575561097,11.330504634027307,60.92318196957032,142.77583747850414,0.2791528968704273,0.6416969531342729
2010,all,historical_density,2500,4,390000,97488,97488,39.108462608881126,18.130319031543518,-3.675884353127699,10.304572544938878,58.448998827667275,154.36546100369446,0.24669915371611173,0.5903359853683776
2010,spco2_le_threshold,historical_density,2500,4,390000,97488,97471,32.96902727764223,17.89431821671838,-3.437362528058149,10.302921722092037,58.34399796140153,153.98691779823594,0.3359024832005637,0.6717076215856708
2010,all,historical_density,5000,4,390000,97488,97488,38.78496060737678,16.385955749031197,-4.118653407625981,8.969983735225924,51.050713744998774,157.29602787852696,0.2591100952636449,0.5999499771488146
2010,spco2_le_threshold,historical_density,5000,4,390000,97488,97471,32.28928508330972,16.143325552825004,-3.873883660786226,8.968128831845775,50.99963006681375,156.46305627423828,0.36300437806051267,0.6879235788414896
2010,all,spatial_coverage,500,4,390000,97488,97488,33.70916115192917,18.17529401931565,2.2468070515710847,12.538454407044924,50.50413376799121,94.88923886674647,0.4403418166601534,0.6654550931377377
2010,spco2_le_threshold,spatial_coverage,500,4,390000,97488,97471,27.504201299210184,17.96010084536616,2.46556206153544,12.533975052942594,50.4443901597499,93.89537637361303,0.5378130653962668,0.7358936340776682
2010,all,spatial_coverage,1000,4,390000,97488,97488,41.41862526909269,19.07750801950805,1.255786465168827,10.557743331615455,58.2520699500434,155.89248343632255,0.1550746739772666,0.561873734110131
2010,spco2_le_threshold,spatial_coverage,1000,4,390000,97488,97471,37.398941321840155,18.883289903258877,1.4535509286006458,10.5559829485573,58.087788544300736,154.12141831176632,0.14544856931257777,0.6027149155971332
2010,all,spatial_coverage,2500,4,390000,97488,97488,30.57637841760437,13.273200254197144,1.1960757707774206,8.455829029544219,37.6305408935505,77.53236657022507,0.5395324213560516,0.738928121348814
2010,spco2_le_threshold,spatial_coverage,2500,4,390000,97488,97471,24.714722400131585,13.072638100868001,1.3991615228428493,8.454469701936887,37.57081827879111,76.92720974472725,0.6268090854818205,0.7993521090589724
2010,all,spatial_coverage,5000,4,390000,97488,97488,25.98772070715561,11.707354127720754,0.17555621169532526,7.840240923130523,32.81650734858013,63.08246525171668,0.6673685191579791,0.8170058264002689
2010,spco2_le_threshold,spatial_coverage,5000,4,390000,97488,97471,19.71616565301306,11.5210061897416,0.36397665817208313,7.83951067189372,32.7878513282285,62.61446276611994,0.7624995125030913,0.8734754839229757
2010,all,random,500,5,390000,97488,97488,33.84708908482493,17.479723832135342,0.14791334782809154,11.743465533264782,49.16611835216588,92.90144757980562,0.4357525348054401,0.6601706429296135
2010,spco2_le_threshold,random,500,5,390000,97488,97471,27.335604415682635,17.25531915964394,0.3753924715107131,11.741247232987234,49.098744142547844,92.17723916362623,0.5434619803802465,0.7372874699730182
2010,all,random,1000,5,390000,97488,97488,30.860892455883587,14.612620721289623,0.4326141652174243,9.407631399244565,42.19032745315841,83.59563774416348,0.5309232255941481,0.7289068288340187
2010,spco2_le_threshold,random,1000,5,390000,97488,97471,23.835645781983718,14.394078397671551,0.6537805410466262,9.405890409800008,42.11744185822809,82.94575400387959,0.6528849577567571,0.8083232888239807
2010,all,random,2500,5,390000,97488,97488,28.06827572697873,11.84533454281187,0.44224598613337646,7.554334652825247,34.08350207489394,71.80640634556256,0.6119761360122004,0.7829409185297653
2010,spco2_le_threshold,random,2500,5,390000,97488,97471,20.384297260685855,11.631150472150296,0.6585731441644457,7.553547729342029,34.04335859270884,71.36505909927703,0.7461301791736892,0.8643491044851976
2010,all,random,5000,5,390000,97488,97488,26.53468314439807,10.76948641804434,0.12316445781244803,7.139363460506047,30.141761648831146,62.64137500782299,0.6532194110580717,0.8091055871800115
2010,spco2_le_threshold,random,5000,5,390000,97488,97471,18.17746037447464,10.55588913677583,0.3386615355833987,7.138006594439673,30.0979488148877,62.26549372185441,0.7981233906828711,0.8941147988196169
2010,all,historical_density,500,5,390000,97488,97488,40.40415173553962,20.940806024846054,-5.352141591398393,13.399236612847488,65.5319100282274,116.38969478501966,0.19595759370332644,0.5608744927733775
2010,spco2_le_threshold,historical_density,500,5,390000,97488,97471,34.25558669246877,20.69940702587202,-5.108023760203812,13.396002733484579,65.45926709214629,115.84691584007962,0.283060664962391,0.6438535991025958
2010,all,historical_density,1000,5,390000,97488,97488,41.298628337273065,20.353317200744748,-6.169829564263629,11.77125771409115,69.90601561197097,133.89158334605767,0.1599633720514041,0.5650587341977734
2010,spco2_le_threshold,historical_density,1000,5,390000,97488,97471,35.34888308183758,20.1121817491374,-5.926220358515867,11.766992468695605,69.81681310289656,133.01377452157953,0.23656690897770893,0.6463403412432134
2010,all,historical_density,2500,5,390000,97488,97488,37.488435769737315,17.345964745054296,-3.5810446627203736,9.9873747460382,56.75645368833477,112.98667949607682,0.30781591917906226,0.6162712300372972
2010,spco2_le_threshold,historical_density,2500,5,390000,97488,97471,30.878957209635008,17.10595956938153,-3.3386387356302665,9.986461731711984,56.64543131168631,112.21087344891188,0.41743439512358815,0.7039073423828861
2010,all,historical_density,5000,5,390000,97488,97488,36.086412958852115,15.668232745841957,-3.4066441743114284,8.852579037052834,50.091229271472386,128.81815276444206,0.3586215005435476,0.6373523040464989
2010,spco2_le_threshold,historical_density,5000,5,390000,97488,97471,29.35307890685236,15.433257718605542,-3.1695305929849145,8.849206979197618,49.98697184089866,128.10502189703828,0.4735866280326648,0.7245385276804454
2010,all,spatial_coverage,500,5,390000,97488,97488,33.253761786367455,17.57528401116404,-0.5769632724468552,12.04015882486786,50.558076032538985,91.6606021263006,0.455361258429715,0.6755162237600383
2010,spco2_le_threshold,spatial_coverage,500,5,390000,97488,97471,26.458343570919496,17.35022814468458,-0.34894271439186786,12.03823811408597,50.490882026506085,91.02926332101437,0.5722944440212361,0.7570230407651546
2010,all,spatial_coverage,1000,5,390000,97488,97488,30.54181851467851,14.283491090847665,0.12315501094592118,9.323137274846971,42.20228011538943,80.33287694702689,0.5405727487038883,0.7357711990950857
2010,spco2_le_threshold,spatial_coverage,1000,5,390000,97488,97471,22.798716375878616,14.054982932104446,0.35417584508726363,9.320616859261406,42.164853123042406,79.92826306493619,0.6824293336646342,0.8264810106873024
2010,all,spatial_coverage,2500,5,390000,97488,97488,27.316663419086893,11.999603066124191,-0.41874908424909685,7.937523684697879,34.783181250690674,67.05811545693538,0.6324789057327371,0.7955853562934392
2010,spco2_le_threshold,spatial_coverage,2500,5,390000,97488,97471,19.257881289264397,11.780005266366853,-0.19713145790034425,7.935651816337497,34.71502317388334,66.70277689456309,0.773412160139273,0.8796081796686668
2010,all,spatial_coverage,5000,5,390000,97488,97488,27.290776364502044,11.72908553970936,0.18830441349946592,7.935745715353448,31.625038217558945,60.78201953296306,0.6331751496641614,0.7961448888632303
2010,spco2_le_threshold,spatial_coverage,5000,5,390000,97488,97471,20.620637072671407,11.52339084177938,0.3960776335458141,7.932641645130218,31.591372570604335,60.3617330897716,0.7402092127943996,0.8617506456206602
2010,all,random,500,6,390000,97488,97488,34.09254310290227,17.002509057860156,0.40784703671296874,11.219417333987025,49.4504359084187,99.63191016868018,0.42753918527804924,0.654163890929976
2010,spco2_le_threshold,random,500,6,390000,97488,97471,27.339647278666302,16.7733662616749,0.6400263879105652,11.216629133459094,49.384732693999496,98.87441130494166,0.5433269288832561,0.7373544482246019
2010,all,random,1000,6,390000,97488,97488,31.152286961365206,14.324162879350798,-1.4180660933369988,9.192806649435937,41.89187087218114,81.45176722525564,0.5220231780940306,0.7231968652487412
2010,spco2_le_threshold,random,1000,6,390000,97488,97471,23.66731317295325,14.095354336878385,-1.1870065875487052,9.191927866415028,41.85784713458537,81.10917925752267,0.6577704520010134,0.8115822723058468
2010,all,random,2500,6,390000,97488,97488,29.648455719095388,12.024383634836862,-0.3793157644046576,7.482861829259605,35.33905721441321,74.9331621387296,0.567056600689587,0.753099227374163
2010,spco2_le_threshold,random,2500,6,390000,97488,97471,21.493628350565213,11.796617904401247,-0.14951900777871685,7.481120177542664,35.28967093059563,74.20540930404373,0.7177466800496849,0.8472119740977181
2010,all,random,5000,6,390000,97488,97488,27.36612253558423,10.697471647807857,-0.10699004364536763,6.958862539196673,30.117005644401424,62.28777749292305,0.6311468452190314,0.794705885478436
2010,spco2_le_threshold,random,5000,6,390000,97488,97471,18.696851027650375,10.475186410233345,0.11714228883194357,6.957556611161465,30.07999305850217,61.82202190605072,0.786421995748439,0.8871563185252375
2010,all,historical_density,500,6,390000,97488,97488,39.34362788263094,21.02227296964929,-2.1436254794887324,14.149522775078992,60.32298036342921,111.2950516700989,0.23761248532040224,0.5613396958986626
2010,spco2_le_threshold,historical_density,500,6,390000,97488,97471,33.12363024091532,20.78381961247738,-1.9018794813535356,14.145930172513147,60.23672242727895,110.5598073021913,0.3296595222685397,0.6433668159975743
2010,all,historical_density,1000,6,390000,97488,97488,36.51293850029387,18.184230058792227,-0.8555526389594807,11.703970067616467,53.97774379513188,109.36438015521452,0.34337027471341797,0.6090984089194713
2010,spco2_le_threshold,historical_density,1000,6,390000,97488,97471,29.92324867687812,17.949624218358775,-0.6179244891608088,11.702186133708892,53.90873431061061,108.33912132893438,0.45293734078548675,0.6937933020234963
2010,all,historical_density,2500,6,390000,97488,97488,36.53392513506014,16.738316221068054,-3.0420200858656683,9.80707958156762,55.30063406086631,112.03544369008513,0.34261523230384383,0.6346621821086644
2010,spco2_le_threshold,historical_density,2500,6,390000,97488,97471,29.839847328883796,16.500039342711972,-2.8013544248532205,9.805202974361748,55.20536694723339,111.30073607976902,0.45598261038180055,0.7221598703971317
2010,all,historical_density,5000,6,390000,97488,97488,36.48409662828567,15.65055738565236,-3.2250655358514724,8.920241875589653,48.809064375167935,127.79555322814417,0.34440721950392983,0.6314258069220989
2010,spco2_le_threshold,historical_density,5000,6,390000,97488,97471,29.649725912254073,15.40979062702959,-2.982131636628455,8.918687616603677,48.68817077523127,125.86803189903549,0.4628928241687974,0.7213095882237825
2010,all,spatial_coverage,500,6,390000,97488,97488,33.946973802911685,17.923306416762646,-1.2056209093826373,11.89736590342443,53.90236859132147,94.04817900568293,0.4324173670917937,0.6582271792527354
2010,spco2_le_threshold,spatial_coverage,500,6,390000,97488,97471,27.40449306709549,17.699632172271475,-0.9790309191452911,11.896311010044712,53.83476419701452,93.57382385149826,0.5411580315039404,0.7360949914230497
2010,all,spatial_coverage,1000,6,390000,97488,97488,30.048165231834748,14.341921361463783,0.8274410011985099,9.446707550305689,41.79374736870281,79.36868371116745,0.5553043458248432,0.7459802820739067
2010,spco2_le_threshold,spatial_coverage,1000,6,390000,97488,97471,22.59075904046171,14.120006194616426,1.0520018694356639,9.445561178227877,41.72292755877737,78.83734425039438,0.6881963209805162,0.8306084453134145
2010,all,spatial_coverage,2500,6,390000,97488,97488,27.502482743629397,12.416322054710664,0.013231618859865507,8.269510273374294,35.99044639741525,69.01848957093657,0.6274618362955734,0.7925263111090383
2010,spco2_le_threshold,spatial_coverage,2500,6,390000,97488,97471,19.647627865664063,12.202530870912982,0.22919065168393427,8.265477547653745,35.94977537124555,68.44451068444923,0.7641478518035,0.8744052762653348
2010,all,spatial_coverage,5000,6,390000,97488,97488,26.046290826519954,11.868873977132738,-0.20584075261512402,8.130400885417146,33.10546969200205,62.128818354588525,0.6658674856548756,0.8170087059291914
2010,spco2_le_threshold,spatial_coverage,5000,6,390000,97488,97471,18.66336875337281,11.664511684347174,0.0005556997134509588,8.127976602288584,33.07277193415072,61.81230863127257,0.787186260729928,0.887565171608858
2010,all,random,500,7,390000,97488,97488,32.72209406554926,16.353600412371133,-0.4538066046460189,10.85898702658028,46.68113174865988,89.91099745336813,0.4726376203825057,0.6884150589799372
2010,spco2_le_threshold,random,500,7,390000,97488,97471,25.807316186635816,16.12787320369823,-0.22530629941381483,10.855921313401439,46.63597765766616,89.15384223486114,0.593083524587231,0.7713300287755346
2010,all,random,1000,7,390000,97488,97488,31.20860116064406,14.299009156375341,-0.1668241720129995,9.093122798490072,41.87749050009014,84.01374543187757,0.520293532309278,0.7219443238384525
2010,spco2_le_threshold,random,1000,7,390000,97488,97471,23.9163679229873,14.07312034175292,0.061529449010650175,9.091679960451415,41.82685513109962,83.67174510894772,0.65052988704564,0.8073922763540018
2010,all,random,2500,7,390000,97488,97488,28.879828834435777,11.875816524871832,-0.4823398130978079,7.393048277262096,34.65044000425604,72.35059072069066,0.5892134668341913,0.7677534706999543
2010,spco2_le_threshold,random,2500,7,390000,97488,97471,20.516233247161416,11.645914822172704,-0.25045096443629156,7.392436755945653,34.590420038438,71.66223410018037,0.7428332334441032,0.8621181799380775
2010,all,random,5000,7,390000,97488,97488,27.595927281342515,11.181974385268354,-0.3832376801933853,7.256185733816409,32.24542137013003,62.754201770884464,0.6249260073534748,0.7911714944463232
2010,spco2_le_threshold,random,5000,7,390000,97488,97471,18.9084178943851,10.95550142055733,-0.15488129863030914,7.2548483862088915,32.189885393214695,62.40827776432424,0.7815611040877861,0.8849070799020906
2010,all,historical_density,500,7,390000,97488,97488,41.9505618184346,22.397118884354285,-3.666962916351294,14.112577305227546,71.93145483004785,135.62764677901063,0.13323267580907017,0.5162513743427015
2010,spco2_le_threshold,historical_density,500,7,390000,97488,97471,36.24270024685798,22.15976874969219,-3.4263460392585747,14.110991799264696,71.82805722694866,135.2363622605224,0.1974710961592102,0.5907539000941487
2010,all,historical_density,1000,7,390000,97488,97488,37.50101616989262,18.495381965831985,-1.064182502076988,11.485976307759586,57.298624489965874,112.79583653375877,0.30735127382110017,0.601385851146564
2010,spco2_le_threshold,historical_density,1000,7,390000,97488,97471,30.979950835508244,18.257287582091674,-0.8230479280145917,11.483410982354542,57.20616513469531,112.0139221201064,0.41361745099809055,0.6868391029183373
2010,all,historical_density,2500,7,390000,97488,97488,35.720241884703434,16.292348265618532,-3.974537367635876,9.753944524192349,51.8089691699218,96.88470172226913,0.37157167733141916,0.6448819405322622
2010,spco2_le_threshold,historical_density,2500,7,390000,97488,97471,28.770524056269352,16.053535784178685,-3.733576526322163,9.75136703194579,51.69790028773903,96.09790731644237,0.4942741722235382,0.7353453001356174
2010,all,historical_density,5000,7,390000,97488,97488,37.8673058818887,16.64599632687995,-4.287783045235928,9.316002796402415,52.88844559357348,143.8538696611406,0.2937543540451756,0.6095058102714753
2010,spco2_le_threshold,historical_density,5000,7,390000,97488,97471,31.297214378998685,16.405925515678646,-4.045556827546667,9.313612594599817,52.82508432323746,142.02715536735406,0.40154574652651864,0.6971084693272641
2010,all,spatial_coverage,500,7,390000,97488,97488,32.96078149889793,17.00900861155791,-2.9159068927444265,11.430360314561511,49.86035341884257,89.62786219040825,0.46491599585068566,0.6849156868519777
2010,spco2_le_threshold,spatial_coverage,500,7,390000,97488,97471,25.97674424623105,16.780856569110558,-2.685296860441426,11.42863657261762,49.78057566572255,89.18757459785574,0.5877230773392126,0.7695096495525449
2010,all,spatial_coverage,1000,7,390000,97488,97488,30.498787880009743,13.959267235882283,-1.9970175108943642,9.111337752154554,40.34146977483562,78.56137564958532,0.5418664188581558,0.7376159887082993
2010,spco2_le_threshold,spatial_coverage,1000,7,390000,97488,97471,22.55465851975165,13.727705423188421,-1.7633693520531895,9.1103027203161,40.27887179197086,78.2601913825109,0.6891920627585051,0.8317935767697215
2010,all,spatial_coverage,2500,7,390000,97488,97488,29.16586864075201,12.768292521245668,-0.24155603291114683,8.052922103134307,36.73701239703802,77.05333769778491,0.5810359117701798,0.7633362682234889
2010,spco2_le_threshold,spatial_coverage,2500,7,390000,97488,97471,23.07327267364717,12.565226605136374,-0.036305318038100415,8.051458053993656,36.67400942252678,76.44764651302071,0.6747345117965695,0.8240767241137956
2010,all,spatial_coverage,5000,7,390000,97488,97488,26.658465520305903,11.836983235383132,-0.17715411744163526,7.825965271011938,33.33687928996568,65.66375324660466,0.6499764518901701,0.8064649270679667
2010,spco2_le_threshold,spatial_coverage,5000,7,390000,97488,97471,19.836935436902117,11.638242738159887,0.023619980493670752,7.825102299493096,33.28198360267004,65.09827934242485,0.7595810211090025,0.8715409333457587
2010,all,random,500,8,390000,97488,97488,33.517924672675136,17.576460386589247,2.2771099713081036,11.9350465193981,50.25024362891465,93.91164290221023,0.4466738325078049,0.6703878244148779
2010,spco2_le_threshold,random,500,8,390000,97488,97471,26.983158006709072,17.35282800584833,2.5042050301387526,11.931431027958581,50.19138433653245,93.44145297139016,0.5551586586729507,0.7477917566251151
2010,all,random,1000,8,390000,97488,97488,31.46808363284861,14.840166807500982,1.8378255046119107,9.518549486366027,42.31760578130082,88.7133759382201,0.5122833756162556,0.716971322065465
2010,spco2_le_threshold,random,1000,8,390000,97488,97471,24.417807473340385,14.61681759115344,2.0640835437816873,9.517027018006615,42.27773775867354,88.02315173455592,0.6357220206375586,0.7990224790883191
2010,all,random,2500,8,390000,97488,97488,31.963606817404088,13.503886930828086,1.0940444584572329,7.990034328301476,38.562789922902894,99.53766425686484,0.4968024390047412,0.7121884142585098
2010,spco2_le_threshold,random,2500,8,390000,97488,97471,26.193683666431248,13.296847479421597,1.303629947491508,7.988273729632283,38.49945531116194,97.71044669373161,0.5808082321317194,0.7733777008748489
2010,all,random,5000,8,390000,97488,97488,27.506126262202102,10.980835402110326,-0.07564875511761548,6.995257354004565,30.88560285330928,68.38754206541898,0.6273631223255116,0.7920698789374956
2010,spco2_le_threshold,random,5000,8,390000,97488,97471,19.58677401136961,10.75948508033406,0.1476035495355981,6.993016769204985,30.8004816333235,67.62768902552607,0.7656065811333519,0.875042771724501
2010,all,historical_density,500,8,390000,97488,97488,38.086312059450584,20.602406648822953,-2.6791966096722244,14.271678869436215,58.150007363768935,99.2685403560906,0.285561564502933,0.5748688196384177
2010,spco2_le_threshold,historical_density,500,8,390000,97488,97471,31.829921808441433,20.370059677660308,-2.4437236362046306,14.26893400629615,58.097385547033326,98.55380095222382,0.3809998815340252,0.6551263384483103
2010,all,historical_density,1000,8,390000,97488,97488,38.629311318459614,18.771377671270084,-4.842097004580625,11.083519085152957,62.60149032043277,121.27293828939965,0.26504474568977654,0.5848511273049288
2010,spco2_le_threshold,historical_density,1000,8,390000,97488,97471,32.38344481270908,18.53549916863969,-4.603789084263593,11.081408073492298,62.51748936128405,120.65505722590449,0.3592838380124296,0.6667353396945965
2010,all,historical_density,2500,8,390000,97488,97488,42.05292447493066,18.716526337755077,-6.680850624109414,9.710177817681569,63.70644975157942,166.56768506446562,0.12899755477558528,0.5630303020063558
2010,spco2_le_threshold,historical_density,2500,8,390000,97488,97471,36.240106239170835,18.476367218970427,-6.438592352888325,9.707328800424762,63.53612389992159,165.94360300213756,0.19758597124479516,0.64330778892074
2010,all,historical_density,5000,8,390000,97488,97488,40.16522098329377,17.882971998266566,-6.185671914562272,9.071281419755366,68.55641054521443,146.83046747405984,0.20543891798553982,0.5961663183902105
2010,spco2_le_threshold,historical_density,5000,8,390000,97488,97471,34.28805416883472,17.649234464487154,-5.949894244727801,9.069520965084905,68.41155132612144,146.0560259461629,0.2817009894031246,0.6756006008973465
2010,all,spatial_coverage,500,8,390000,97488,97488,52.30639001162249,25.80482305283019,6.462427846234514,14.911049142666513,84.15968689613234,187.67711490315665,-0.3475238582951119,0.3973994017189801
2010,spco2_le_threshold,spatial_coverage,500,8,390000,97488,97471,49.179948204143216,25.60201975944506,6.670858898289243,14.905428450842521,83.99913033505698,186.1828917463446,-0.4777321519174311,0.4227573011471987
2010,all,spatial_coverage,1000,8,390000,97488,97488,36.073525366182096,16.87074054667827,1.9145134341226693,10.439009012965442,48.97204487694824,104.20845778688988,0.3590795315961075,0.6342906144147371
2010,spco2_le_threshold,spatial_coverage,1000,8,390000,97488,97471,31.236470027786027,16.66446280140664,2.1240675315162014,10.436279200229365,48.91394689078328,103.24770573948692,0.4038665560825814,0.6838426427271928
2010,all,spatial_coverage,2500,8,390000,97488,97488,30.965360802754375,13.88509730207628,0.5028933156784962,8.789605603717803,38.65186907323884,92.47603283300332,0.5277420721441494,0.73508083615743
2010,spco2_le_threshold,spatial_coverage,2500,8,390000,97488,97471,25.64105416533258,13.690647421904389,0.6998526175296745,8.787576427583247,38.583181708183105,91.30576955293733,0.5983097034311509,0.7882812462350965
2010,all,spatial_coverage,5000,8,390000,97488,97488,27.357072885973583,12.201660326788764,0.631814954363579,8.040740528457235,33.39018519621967,70.5717003070129,0.6313907555418924,0.7959523295314632
2010,spco2_le_threshold,spatial_coverage,5000,8,390000,97488,97471,21.924024289774696,12.021767609563952,0.8139459689258541,8.039956301781558,33.35698416388033,69.80133716895139,0.7063296250420243,0.8447412369220992
2010,all,random,500,9,390000,97488,97488,33.49434890375052,16.96220923033032,-0.30088674057304965,11.28755675596102,48.646749131871736,91.44703048014033,0.4474519535984064,0.6689519517409308
2010,spco2_le_threshold,random,500,9,390000,97488,97471,26.652318125357187,16.734924872368516,-0.0706964671869059,11.285609887282305,48.58424456128532,91.01720866994425,0.5660001639443629,0.7523634584632325
2010,all,random,1000,9,390000,97488,97488,30.701221305087593,13.852459312938578,0.45697717845016717,8.913128147012628,39.73481454732302,79.08155684546888,0.5357645807855718,0.7320437317877254
2010,spco2_le_threshold,random,1000,9,390000,97488,97471,23.064263092291615,13.624973031495113,0.68695918088094,8.911161219499604,39.69024325305682,78.35831232089211,0.6749884795602287,0.8218343142887566
2010,all,random,2500,9,390000,97488,97488,28.476096633858972,11.884962144611919,-0.18020935612771838,7.573239002364488,33.55840538689491,73.2051266733046,0.6006185550417561,0.7763212559187095
2010,spco2_le_threshold,random,2500,9,390000,97488,97471,20.419358252760965,11.664076031426935,0.042718192944907495,7.570213713015676,33.4914844108462,72.58393965118712,0.7452561159219389,0.8647568973307916
2010,all,random,5000,9,390000,97488,97488,26.74795278589409,10.770159562628132,0.05506545374459694,7.088304539752301,30.328773171244897,64.9028004563586,0.6476225863085558,0.807111652498785
2010,spco2_le_threshold,random,5000,9,390000,97488,97471,18.093609180826046,10.548869418587884,0.2782436344857957,7.087412177771284,30.289023701027048,64.53671424973932,0.7999815767531245,0.8969427700413318
2010,all,historical_density,500,9,390000,97488,97488,39.880368435107876,21.630216008975385,1.8753026491804337,14.363531347020228,61.61059985741064,127.7436853837462,0.21666904022540534,0.5348194311033624
2010,spco2_le_threshold,historical_density,500,9,390000,97488,97471,33.90019713033354,21.39408687350411,2.115531402150126,14.360007162568252,61.55247058635001,126.76802019762144,0.29785948107338256,0.612135032639789
2010,all,historical_density,1000,9,390000,97488,97488,38.00281148354455,18.91079252762565,-1.6926427079508046,11.8279603257767,57.20659930668181,111.06243287389894,0.2886908055634245,0.6008736107860678
2010,spco2_le_threshold,historical_density,1000,9,390000,97488,97471,31.469021388761696,18.67022982937,-1.4490769775426733,11.823956652913466,57.117704433724526,110.48354757791296,0.39495724650641617,0.6877819233926269
2010,all,historical_density,2500,9,390000,97488,97488,38.097985256157656,17.229128583586046,-4.037061198409578,9.729390718110125,57.6096295953748,134.4587029010889,0.2851235563060387,0.6165304096134567
2010,spco2_le_threshold,historical_density,2500,9,390000,97488,97471,31.603621026647538,16.989476495290077,-3.7951082704223373,9.727588647435027,57.50791893156645,134.08012268427245,0.3897703867430339,0.7036527725855336
2010,all,historical_density,5000,9,390000,97488,97488,39.49232113682387,17.46519463570647,-5.053438015911167,9.147136031973787,62.46242040277118,149.64038660315032,0.23183894060101495,0.5994174808906624
2010,spco2_le_threshold,historical_density,5000,9,390000,97488,97471,33.478936813776684,17.230977558575738,-4.817056193753335,9.142035676279022,62.27182312529669,148.84814987686295,0.3152013365616886,0.6799573117190374
2010,all,spatial_coverage,500,9,390000,97488,97488,33.085554602722546,17.220973507975973,-0.19825929286022026,11.431301635852265,50.81878362746311,88.25037254355992,0.4608572049625942,0.6805934377736279
2010,spco2_le_threshold,spatial_coverage,500,9,390000,97488,97471,26.27211299988241,16.99553637913209,0.03014678204614679,11.428343471846517,50.749375746165896,87.620813912875,0.5782941793895464,0.7620720462473736
2010,all,spatial_coverage,1000,9,390000,97488,97488,30.721776957823977,14.582192467816544,-1.3635571352145535,9.349990610083609,43.69149677631917,83.25279024150308,0.5351427256117504,0.7324370465198689
2010,spco2_le_threshold,spatial_coverage,1000,9,390000,97488,97471,23.243128552933538,14.355780597297509,-1.1348397912659405,9.34630124650647,43.64411986853233,82.94551889762137,0.6699279450234403,0.8191874339952187
2010,all,spatial_coverage,2500,9,390000,97488,97488,27.520599160202885,12.222635517084932,-0.1284577166446067,8.23473092606477,34.41983672874338,63.98071935659261,0.6269708784796495,0.7919775204197129
2010,spco2_le_threshold,spatial_coverage,2500,9,390000,97488,97471,19.295862934018885,12.00345906875135,0.09282808752412294,8.232699500178455,34.360012119565084,63.65086058564113,0.772517496230775,0.879058850122648
2010,all,spatial_coverage,5000,9,390000,97488,97488,27.941941979719,12.000623826279423,0.23262555417348502,7.930649157593507,32.86655250148554,67.40598465260754,0.6154612228731366,0.7846617386037205
2010,spco2_le_threshold,spatial_coverage,5000,9,390000,97488,97471,20.577333544005693,11.790518750300285,0.44486424158030763,7.928591918593554,32.81650919923402,66.74083748093612,0.7412991932211439,0.8615061531085034
2010,all,random,500,10,390000,97488,97488,39.32681743823062,20.07165734582446,2.384307389351802,11.6387396275465,67.3633285148056,146.1178731818809,0.23826384034990988,0.5455523768949736
2010,spco2_le_threshold,random,500,10,390000,97488,97471,34.36729850375538,19.861315807138308,2.5985654919441212,11.635159484269593,67.24607724068136,144.563599573582,0.27837698021299495,0.5980412453003271
2010,all,random,1000,10,390000,97488,97488,34.761296412609354,16.222000982599255,2.4361873086553065,9.560449586607575,49.32790005115276,110.15490335409382,0.40486033284440537,0.6522489519476111
2010,spco2_le_threshold,random,1000,10,390000,97488,97471,29.02079473092985,16.009590570925155,2.6518519108163363,9.558575388141321,49.252704388804716,108.98166233771808,0.48543743057604616,0.7171764495633204
2010,all,random,2500,10,390000,97488,97488,30.539621727717837,12.591974764744148,0.9100720598894049,7.691534328314759,36.09905629990657,81.40374809811725,0.5406388369427264,0.73557868967382
2010,spco2_le_threshold,random,2500,10,390000,97488,97471,23.69094192037294,12.377106045743917,1.1272956823585534,7.690020136188366,36.050116370154655,79.85471867876385,0.6570867671121156,0.8112056505704016
2010,all,random,5000,10,390000,97488,97488,27.578241715886364,11.369691307008985,0.23152481704715275,7.275866758246394,32.065545924833344,69.43314244146875,0.625406605087224,0.7909788050584288
2010,spco2_le_threshold,random,5000,10,390000,97488,97471,19.999802483467004,11.158466168354828,0.4447733336712577,7.2741594505880585,32.01091253229242,68.86871795320131,0.755616994345218,0.8693510148381697
2010,all,historical_density,500,10,390000,97488,97488,39.61685636881877,21.185651550971393,-3.0898055848146675,13.83306340364092,64.56657619622726,109.35500951593566,0.22698665817265085,0.5590220839058
2010,spco2_le_threshold,historical_density,500,10,390000,97488,97471,33.48693844786542,20.947908266465255,-2.8489061884247446,13.830454446602118,64.5044961503406,108.66520312521817,0.3148739568020036,0.6395522678174361
2010,all,historical_density,1000,10,390000,97488,97488,39.005765395617495,19.267324711717432,-0.5617291093101318,12.511006153894783,54.95663149915198,110.9663086944279,0.2506502332487174,0.5751871884718649
2010,spco2_le_threshold,historical_density,1000,10,390000,97488,97471,32.64402316129194,19.02706664518992,-0.3182085839462347,12.508502682924416,54.87724521285159,109.18765165593783,0.3489311110595996,0.6600293295538097
2010,all,historical_density,2500,10,390000,97488,97488,36.568201189658645,16.878425106117334,-3.0109338432711508,10.375429668054608,51.75545237841795,96.65837546944286,0.3413811395472762,0.6276710246322135
2010,spco2_le_threshold,historical_density,2500,10,390000,97488,97471,29.759678150727225,16.63825641759373,-2.768346513803384,10.373676870493966,51.682371089788745,95.83031392756692,0.45890185052244203,0.7171477706497172
2010,all,historical_density,5000,10,390000,97488,97488,35.78687428557522,16.009071424961856,-3.6925050136537028,8.839619110827925,56.53543423653644,110.92298767348807,0.36922495506911435,0.6517726840146795
2010,spco2_le_threshold,historical_density,5000,10,390000,97488,97471,29.18283819157452,15.777668784123714,-3.458954229993672,8.837784267522636,56.40733111342294,110.30612301690691,0.4796750599068247,0.736409347593403
2010,all,spatial_coverage,500,10,390000,97488,97488,36.91538931834514,19.945382454141534,3.005180662154043,13.105018644988036,58.172753960693754,105.2196110645202,0.3288155692761723,0.5862507798510631
2010,spco2_le_threshold,spatial_coverage,500,10,390000,97488,97471,31.289907481485628,19.72705861678428,3.2275073267417285,13.101108881590335,58.09049807576102,104.51048935576095,0.4018251537212878,0.6495213125784152
2010,all,spatial_coverage,1000,10,390000,97488,97488,31.50684529378284,15.143762987658492,0.4750445033200828,10.084684296532515,43.4732439908146,82.50445271773944,0.5110811193976613,0.7152138205768644
2010,spco2_le_threshold,spatial_coverage,1000,10,390000,97488,97471,24.397279295842992,14.919620014571755,0.7019115659036603,10.082737222543756,43.40467854353005,81.99511040773304,0.6363342639477526,0.7981127846814889
2010,all,spatial_coverage,2500,10,390000,97488,97488,28.20716678125926,12.946635568106826,0.46104807610101917,8.603956150719654,37.31486243722813,69.33062873487442,0.6081264956333037,0.7800361271508096
2010,spco2_le_threshold,spatial_coverage,2500,10,390000,97488,97471,20.62291409452109,12.729051077327437,0.6809710123867804,8.600535602853085,37.26401677611591,68.85552989697045,0.7401518351336153,0.8605344366794148
2010,all,spatial_coverage,5000,10,390000,97488,97488,25.89250111921364,11.184181922717851,-0.2684206582448323,7.649007171086993,30.83895326605704,57.21054108914425,0.6698015918810505,0.8190925944091448
2010,spco2_le_threshold,spatial_coverage,5000,10,390000,97488,97471,17.746443882399703,10.96812071489674,-0.05045562321874782,7.647338167787041,30.801070260899706,56.91324129876141,0.8075835185565114,0.8989906613750601
2010,all,random,500,11,390000,97488,97488,34.31601015636932,17.414020742594786,-0.5085673242985642,11.35466664430706,51.52153533312233,97.61720276082701,0.42000994986422735,0.6485986667291502
2010,spco2_le_threshold,random,500,11,390000,97488,97471,27.59836253231165,17.18410131425361,-0.2756994014501905,11.352177086107417,51.45421252612621,97.15510314610243,0.5346430342288084,0.7314159252946201
2010,all,random,1000,11,390000,97488,97488,36.504041132676896,16.307340890747216,1.492115018644845,9.372880885997063,48.51293928230935,118.07827650141428,0.34369024700157347,0.6148344783776837
2010,spco2_le_threshold,random,1000,11,390000,97488,97471,30.792668454061022,16.089140390000917,1.7134199376330788,9.369407930735804,48.43587412461778,117.33489578784261,0.42068571119654397,0.6817601727395398
2010,all,random,2500,11,390000,97488,97488,35.102100331817965,13.504478214006808,1.1589924326764431,7.892451811742603,37.23185657149432,94.41984361148025,0.39313348621009037,0.6658567097764712
2010,spco2_le_threshold,random,2500,11,390000,97488,97471,29.214572719411006,13.28861341501179,1.3774147000568606,7.88956291866964,37.177141524858314,93.78008353933998,0.47854280236422053,0.7368919973513915
2010,all,random,5000,11,390000,97488,97488,30.33316092044002,11.796609366792437,0.6261030394492626,7.289940376829463,32.74931060375037,78.80391493888402,0.5468287955355676,0.7469237673609265
2010,spco2_le_threshold,random,5000,11,390000,97488,97471,23.21743796037418,11.578565737945464,0.8463133241313642,7.2882481889765245,32.69144178870121,77.93070693782366,0.6706571980011672,0.8277401067619934
2010,all,historical_density,500,11,390000,97488,97488,41.615664896930404,21.51132273693248,-5.103105202506204,12.734121036064295,77.22651022881921,132.61972348062037,0.14701647431845477,0.5440297077307589
2010,spco2_le_threshold,historical_density,500,11,390000,97488,97471,35.95531656700896,21.276959278986894,-4.865879973386777,12.731679872070174,77.05265541156803,132.3980545511437,0.2101478179240187,0.6186666286313959
2010,all,historical_density,1000,11,390000,97488,97488,39.897785860280734,19.24922942260083,-4.539025819659671,11.165193807260863,62.8531263382159,144.04703928561537,0.21598466401323846,0.5769919224088979
2010,spco2_le_threshold,historical_density,1000,11,390000,97488,97471,33.77830263396567,19.010468707603835,-4.297699485542627,11.16424777786284,62.70417596798589,143.20591466066182,0.30289975812306513,0.6591340698672802
2010,all,historical_density,2500,11,390000,97488,97488,38.20125588251708,17.286510508996123,-4.520938952634501,9.636018340946862,56.70000294344916,136.3355285350757,0.2812427318585561,0.6067851629035955
2010,spco2_le_threshold,historical_density,2500,11,390000,97488,97471,31.847922527611065,17.05001597742628,-4.282217966873586,9.633619145085618,56.56514979637478,135.76885976724364,0.3802995594880102,0.6909292648846381
2010,all,historical_density,5000,11,390000,97488,97488,37.78480713665819,16.285073229177957,-3.822033375294216,8.906958372216366,52.42713024881059,146.62321532006112,0.29682829395598775,0.6123630144761952
2010,spco2_le_threshold,historical_density,5000,11,390000,97488,97471,31.30593842524732,16.047739728578936,-3.5825261853156243,8.905308079768986,52.31816713378947,145.9081503778357,0.4012120637785095,0.6981543434363516
2010,all,spatial_coverage,500,11,390000,97488,97488,32.651033161633215,16.600608208282182,-1.0573936354245288,11.093374845360557,49.200994385508366,86.6808538263765,0.4749256253129913,0.690380889860929
2010,spco2_le_threshold,spatial_coverage,500,11,390000,97488,97471,25.68631888177555,16.374667033626597,-0.8287415554972367,11.089982044149906,49.12031400860491,85.90648329297245,0.5968902262015814,0.7740494781532233
2010,all,spatial_coverage,1000,11,390000,97488,97488,31.438369073148458,15.385791960608206,0.589376083341783,9.997648232897603,45.09464717684542,88.25408117398314,0.513204019056883,0.7179263787456968
2010,spco2_le_threshold,spatial_coverage,1000,11,390000,97488,97471,24.52812047433936,15.164140129871258,0.8138141567226669,9.994512165211631,45.039279513259544,87.73440893871283,0.6324231684637462,0.7972253450395984
2010,all,spatial_coverage,2500,11,390000,97488,97488,28.54763991867167,12.28571725433792,0.20738564401448242,8.018350675916224,34.06555010662577,70.20684902871433,0.5986092238976972,0.7741277231913445
2010,spco2_le_threshold,spatial_coverage,2500,11,390000,97488,97471,21.502157243802323,12.074404521166965,0.42087730988615724,8.016086373500514,34.01726929917723,69.53179236685365,0.7175226335541559,0.8481073358667407
2010,all,spatial_coverage,5000,11,390000,97488,97488,26.97522506678105,11.376776708320103,0.13474945236173128,7.534536551701734,30.896168586409708,63.605993942449224,0.6416089780641447,0.801451475046398
2010,spco2_le_threshold,spatial_coverage,5000,11,390000,97488,97471,20.55485808723974,11.181636964513425,0.33189693123557434,7.53326818814503,30.870525530600048,62.92851606037906,0.7418640130900902,0.8631512372654111
2010,all,random,500,12,390000,97488,97488,33.60931505353507,16.517554746624782,-0.9659111081558179,10.516360389944737,49.35137648195901,96.49189584753205,0.44365230714293125,0.6667574963302983
2010,spco2_le_threshold,random,500,12,390000,97488,97471,27.118047478133263,16.296080313119848,-0.7417242992586721,10.515073887362348,49.28624725860837,95.97743964534332,0.5506999963359127,0.7426990786357939
2010,all,random,1000,12,390000,97488,97488,33.25290792781315,14.82560078489104,-0.5188776697499565,8.655077137417862,44.98616476541992,98.8588785409887,0.4553892275046727,0.6763931880431643
2010,spco2_le_threshold,random,1000,12,390000,97488,97471,27.225712525145582,14.615567354479262,-0.3063489915931312,8.652942053916888,44.88045453479515,98.25896766949786,0.5471252600672645,0.742183665359227
2010,all,random,2500,12,390000,97488,97488,28.225305364498233,11.83906961147548,-0.34520287358322604,7.506818119023137,34.33963884976907,72.5099327583464,0.6076223460575458,0.7799450131431421
2010,spco2_le_threshold,random,2500,12,390000,97488,97471,20.023393851564244,11.61812478029683,-0.12225338733235572,7.504874326278355,34.27756836863483,72.00359578887293,0.7550401156703722,0.8694157013007372
2010,all,random,5000,12,390000,97488,97488,27.13366810088875,10.70609112476394,-0.2975210682072205,6.991825625971956,30.129742521387854,61.134187498708066,0.6373864867156455,0.7989638373705358
2010,spco2_le_threshold,random,5000,12,390000,97488,97471,18.216304976405176,10.4813205886287,-0.07093516451689835,6.991025402377943,30.072153288746165,60.62612155275504,0.7972596621739194,0.8936866864462748
2010,all,historical_density,500,12,390000,97488,97488,39.444898765018266,20.96810835080469,-3.18168955498224,14.103251115194723,62.13194649967927,108.58619744191878,0.23368264828585128,0.563875979842513
2010,spco2_le_threshold,historical_density,500,12,390000,97488,97471,33.21683739312454,20.729311065655438,-2.939790125405114,14.098889947861778,62.051929949379,108.0367389722867,0.32588164925166685,0.6463582596378399
2010,all,historical_density,1000,12,390000,97488,97488,38.38898933463624,18.967924685729898,-3.8316712401907718,12.061685870610347,56.012424402317144,129.73305982992912,0.2741609573533177,0.5909859302774607
2010,spco2_le_threshold,historical_density,1000,12,390000,97488,97471,32.01260496930598,18.730541580319077,-3.591648207944543,12.060064269387055,55.90595852889214,129.0091220116412,0.3738741710467628,0.6752341973269576
2010,all,historical_density,2500,12,390000,97488,97488,37.446278440579775,16.597962777055507,-5.000840584888974,9.707289147074903,52.11449767068681,109.39579183631288,0.309371824305931,0.620429414363636
2010,spco2_le_threshold,historical_density,2500,12,390000,97488,97471,30.72654251467046,16.35637820294753,-4.757233346837188,9.703002551364364,52.047128906325156,107.29168726529834,0.4231711449958727,0.710239057663787
2010,all,historical_density,5000,12,390000,97488,97488,37.32965732350969,16.423306511899664,-4.335072675073926,9.103353074551961,54.24831135197394,138.7668020011791,0.3136668525241083,0.6218350441644375
2010,spco2_le_threshold,historical_density,5000,12,390000,97488,97471,30.859863817675443,16.187956370944853,-4.097614214975716,9.10143033090634,54.171460286954954,137.77575230047063,0.41815460821042905,0.7067249130612023
2010,all,spatial_coverage,500,12,390000,97488,97488,32.50381281603907,17.406965385262815,-0.5800973175289325,12.099873721668757,50.14684977967005,91.42329380053057,0.4796499694242179,0.6939628756056023
2010,spco2_le_threshold,spatial_coverage,500,12,390000,97488,97471,26.11733952950088,17.193346411216275,-0.36354355511301495,12.098077992446008,50.08942924654414,90.8751881038767,0.5832482246419278,0.765667310543956
2010,all,spatial_coverage,1000,12,390000,97488,97488,29.720611739746147,14.439156984085834,-0.06758926808650394,9.750721632089068,41.41703890035305,77.37517571092808,0.5649467109056112,0.7518534475998842
2010,spco2_le_threshold,spatial_coverage,1000,12,390000,97488,97471,22.345375728033954,14.220826964014757,0.15324730933159994,9.74820638474074,41.34842569630743,76.97834454594911,0.694933224483061,0.8339731275155504
2010,all,spatial_coverage,2500,12,390000,97488,97488,27.944858055241866,12.480776273122075,0.6719698666188774,8.313844681782257,35.62712374125827,67.88286558551609,0.6153809562524977,0.7846041778499162
2010,spco2_le_threshold,spatial_coverage,2500,12,390000,97488,97471,19.95149273208328,12.261989250186344,0.8930508711940214,8.311276779698346,35.57494877972505,67.30027684653534,0.7567961883289652,0.870224566364394
2010,all,spatial_coverage,5000,12,390000,97488,97488,25.826183362486542,11.143390913003984,0.22986823732991388,7.681923722455764,30.357169354160547,58.00311278745549,0.6714908820892812,0.8200127770153397
2010,spco2_le_threshold,spatial_coverage,5000,12,390000,97488,97471,17.770457524709833,10.938738370174486,0.43650439995971746,7.680080212851124,30.3213496725794,57.427333445350115,0.8070624286083065,0.898652434854037
2010,all,random,500,13,390000,97488,97488,33.86574204877483,17.052433916940526,-1.3009575137807938,10.8155899661935,51.49218258482809,100.26073147636241,0.43513045544685425,0.6602761499297434
2010,spco2_le_threshold,random,500,13,390000,97488,97471,27.15785367078133,16.825112448282777,-1.0708888167284063,10.812835463834006,51.44065913936785,99.5670985667562,0.5493799861819681,0.7416948782337413
2010,all,random,1000,13,390000,97488,97488,31.107559590219637,13.929915732449471,-0.5831668065468838,8.626856425601204,42.281671518796664,84.81305318828709,0.5233947178066571,0.7235979393180277
2010,spco2_le_threshold,random,1000,13,390000,97488,97471,23.49434949947234,13.699276358227054,-0.3501996144941332,8.62533111276963,42.20317295072684,84.11206916464232,0.6627542863241311,0.8142796229519436
2010,all,random,2500,13,390000,97488,97488,29.11522163694969,11.713951965949935,-1.248847594653028,7.3609260752508305,34.127336501062025,71.2544248155951,0.5824897242537052,0.763735003258637
2010,spco2_le_threshold,random,2500,13,390000,97488,97471,20.543233057568276,11.481203883494445,-1.014274284444543,7.357640003683116,34.083016465365006,70.61963114935043,0.7421559139064805,0.8618659579641026
2010,all,random,5000,13,390000,97488,97488,26.93142822141213,10.980201047380326,-0.3413769541863723,7.127413731241802,31.273278448413112,64.9878948303076,0.6427717971942118,0.8029283036813473
2010,spco2_le_threshold,random,5000,13,390000,97488,97471,18.616344431539822,10.761461273638643,-0.12078165408726675,7.126225614956866,31.229540221882445,64.69062054033392,0.7882573229290198,0.8888918151142399
2010,all,historical_density,500,13,390000,97488,97488,41.68665969905732,22.30685245753809,-4.255433372755254,13.70801461180156,74.40998280110887,132.13924748537406,0.14410367448093198,0.526926418154425
2010,spco2_le_threshold,historical_density,500,13,390000,97488,97471,35.972506927499374,22.071099188427063,-4.016531740290604,13.703870890977669,74.32406973645175,131.58674232183827,0.20939237528867927,0.6016701915411395
2010,all,historical_density,1000,13,390000,97488,97488,38.18109715262264,18.826947530774962,0.03266570386814544,11.374597288624301,58.66234743499981,129.07684108591758,0.28200110538963563,0.5861238321852298
2010,spco2_le_threshold,historical_density,1000,13,390000,97488,97471,31.977073135960076,18.59432408631855,0.2685784695071571,11.37181892124471,58.53527991540304,128.24317929541854,0.37526331460899043,0.6663606911370289
2010,all,historical_density,2500,13,390000,97488,97488,38.965751399769246,17.65606903109013,-3.2427880123075514,9.755853951821138,57.77343586580676,155.26691144810684,0.2521868829408569,0.5936758570547873
2010,spco2_le_threshold,historical_density,2500,13,390000,97488,97471,32.82007153407771,17.420723959456783,-3.004929108074567,9.754619952028463,57.670382551132434,154.50244252323594,0.3418897798964152,0.6750506755052916
2010,all,historical_density,5000,13,390000,97488,97488,36.65456444859849,15.840511691070365,-3.6976072069832426,8.741564230236179,51.718875478628334,138.58943009869876,0.33826654070198625,0.633293360305475
2010,spco2_le_threshold,historical_density,5000,13,390000,97488,97471,29.987239646961545,15.604319705118066,-3.459297366733465,8.73919673237458,51.61854971050698,137.47541571723974,0.4505950482083686,0.7206346880174931
2010,all,spatial_coverage,500,13,390000,97488,97488,36.16356170201804,19.038663687225036,2.2034357251241503,12.211797431826824,56.44371027789256,123.09508418746816,0.3558761770774974,0.6111742337841214
2010,spco2_le_threshold,spatial_coverage,500,13,390000,97488,97471,30.413978224323625,18.818615739080045,2.4271885258920696,12.209288839749831,56.35556499335016,122.17045917725102,0.4348469835563836,0.6770121839016728
2010,all,spatial_coverage,1000,13,390000,97488,97488,32.857815153229566,15.884782852987653,0.685907812330617,10.148839150974283,45.83799704199416,98.88370046089135,0.4682538771299085,0.6919846633274948
2010,spco2_le_threshold,spatial_coverage,1000,13,390000,97488,97471,26.406889496145975,15.66577327597968,0.9078074975893593,10.14528800198957,45.801762426554774,97.50186813747831,0.5739563617208532,0.7668628217557917
2010,all,spatial_coverage,2500,13,390000,97488,97488,29.93426878857074,13.002507512707746,1.0542954692638897,8.145229682002878,36.326329256053434,83.39676741032243,0.5586691610079298,0.7519360518024106
2010,spco2_le_threshold,spatial_coverage,2500,13,390000,97488,97471,24.549382262526883,12.807900826647321,1.2513538142864,8.1426161702571,36.28429665893313,82.59320773710353,0.6317856366935319,0.8039382911618972
2010,all,spatial_coverage,5000,13,390000,97488,97488,26.44920658311676,11.417356827478116,0.006340610921619301,7.638039582247018,31.228278721026033,61.27470538507623,0.6554499912856304,0.8096063180110408
2010,spco2_le_threshold,spatial_coverage,5000,13,390000,97488,97471,20.275142883513485,11.221046160563324,0.2046436946214367,7.636060283635288,31.168248626023086,60.586311715643326,0.7488417574062823,0.865788331467539
2010,all,random,500,14,390000,97488,97488,33.19585635488005,16.725555391928832,0.884898123683802,11.042147867236935,48.415200254444834,91.97937215814466,0.45725638735175045,0.6772762347113805
2010,spco2_le_threshold,random,500,14,390000,97488,97471,26.443381421523387,16.500408118565023,1.1131168512213137,11.03948421089575,48.34678188427898,91.35377806371456,0.5727780408106938,0.758394274785651
2010,all,random,1000,14,390000,97488,97488,30.90872479433611,13.865959005460901,-0.5875773392540632,8.61723023771495,41.58204905216553,86.64854561186291,0.5294680228952886,0.7294225521808211
2010,spco2_le_threshold,random,1000,14,390000,97488,97471,23.401801824646302,13.638605588882502,-0.3579080288372314,8.615760954610266,41.53342814602988,86.01202386187936,0.6654059735903202,0.8180096359887253
2010,all,random,2500,14,390000,97488,97488,28.50788065825466,11.709615451909798,-1.052327078381023,7.410859670926243,34.33849450861063,68.8707368716379,0.5997265062455597,0.7755795893936328
2010,spco2_le_threshold,random,2500,14,390000,97488,97471,19.94768354042224,11.479429370205667,-0.8202822499486305,7.410045129703235,34.285913753439075,68.34375190885386,0.7568890456913165,0.8715145955721789
2010,all,random,5000,14,390000,97488,97488,27.133996325390306,10.365282989073307,-0.7233686393976271,6.706015988262379,29.470169393504715,59.25271866200862,0.6373777138981207,0.7993722689408905
2010,spco2_le_threshold,random,5000,14,390000,97488,97471,18.02191582795968,10.137723636645891,-0.4941276324889369,6.704561495896144,29.438642120679475,58.70602028286267,0.8015635255137548,0.8966496280815719
2010,all,historical_density,500,14,390000,97488,97488,40.5076256390015,21.960029829161332,-4.437520528448469,14.55298776844296,67.01868339687408,120.5739934585079,0.19183406006302395,0.5500147028419946
2010,spco2_le_threshold,historical_density,500,14,390000,97488,97471,34.61614317999527,21.725026424261277,-4.199461007800019,14.549564477970705,66.8264337169932,119.89278437672392,0.2678889772664842,0.6271952737486585
2010,all,historical_density,1000,14,390000,97488,97488,43.482009711176545,20.59904754189743,-3.6015728278765944,12.087022307004531,60.85576787318243,172.56165330049257,0.06879310023823937,0.5225082759470955
2010,spco2_le_threshold,historical_density,1000,14,390000,97488,97471,37.73404964200171,20.355127157252706,-3.354687899212226,12.083998973835378,60.71876280097743,171.91625282920728,0.13006576634553257,0.6017111697591455
2010,all,historical_density,2500,14,390000,97488,97488,38.01507197653596,17.575556115338458,-3.9689406594130237,10.047436815365103,58.32673725148019,136.7522179254706,0.28823176541137696,0.6144959306206874
2010,spco2_le_threshold,historical_density,2500,14,390000,97488,97471,31.72456076493784,17.340484433170207,-3.731495835871945,10.04475813735695,58.17536512124079,136.12091780666367,0.38509103564285974,0.6974407717202707
2010,all,historical_density,5000,14,390000,97488,97488,35.80666227936533,15.620403870070621,-3.9303019816052283,8.947611044027951,49.11398248947075,120.95495389058418,0.36852720072443346,0.6430221491599172
2010,spco2_le_threshold,historical_density,5000,14,390000,97488,97471,28.93200661217787,15.383194624249311,-3.691053855172208,8.944571702059363,49.051519476277775,119.7796123959742,0.4885811869051391,0.7323185530122571
2010,all,spatial_coverage,500,14,390000,97488,97488,33.8699215725231,17.604994402559345,-0.402324598437912,11.59973126608594,51.1282330108267,98.15401710334594,0.4349910206542251,0.6602102503622262
2010,spco2_le_threshold,spatial_coverage,500,14,390000,97488,97471,27.41000458133199,17.382195985558063,-0.17652584916682337,11.597661542494166,51.068256036630714,97.51938149783574,0.5409734509434097,0.7361628747490707
2010,all,spatial_coverage,1000,14,390000,97488,97488,34.77621360433957,16.718131879584746,1.9598408971053638,9.78963727937338,50.62626513557482,130.05641162985737,0.40434943605313256,0.6607616994745162
2010,spco2_le_threshold,spatial_coverage,1000,14,390000,97488,97471,29.548541742883934,16.511266223151058,2.1699641946549075,9.787846308224914,50.52406928159044,129.29208084525158,0.46655248769305546,0.7169476319885745
2010,all,spatial_coverage,2500,14,390000,97488,97488,27.92179305762621,12.998760618763397,0.7675401286795828,8.354325641752126,37.404397361838896,80.10691747241881,0.6160156044055881,0.7852704276608626
2010,spco2_le_threshold,spatial_coverage,2500,14,390000,97488,97471,21.944338183058452,12.805373250552869,0.9633284891104292,8.351604970530502,37.34254718963123,79.37488203084885,0.7057851672990156,0.8419412902397834
2010,all,spatial_coverage,5000,14,390000,97488,97488,25.53940954511405,11.800304622102114,0.13105996342112625,8.078952359483225,32.7544797409674,61.886183714113784,0.6787459047081197,0.8242211948971704
2010,spco2_le_threshold,spatial_coverage,5000,14,390000,97488,97471,18.895221650219504,11.606904000378211,0.3265415445889028,8.077478519608746,32.71119282760398,61.18354502428957,0.7818658960744499,0.8842747466037336
2010,all,random,500,15,390000,97488,97488,37.40808063382439,19.00179588626634,0.970130638078269,11.61755991642255,57.008195875950456,131.6988950119593,0.3107800831626508,0.5710628497561275
2010,spco2_le_threshold,random,500,15,390000,97488,97471,31.67462845702197,18.780736940342795,1.1946729046911877,11.615654081803598,56.941161627257884,130.68828293554236,0.3870251623976667,0.6371004797645885
2010,all,random,1000,15,390000,97488,97488,32.927532107825186,15.460568304391053,0.4228998582276603,9.370160682926723,47.312116467877644,107.14711372786068,0.46599498991588284,0.6839636719741222
2010,spco2_le_threshold,random,1000,15,390000,97488,97471,26.327102996697477,15.23982059361619,0.6464178181921744,9.367643939796608,47.249739296855665,106.59425403808494,0.576526992202268,0.7608994918428084
2010,all,random,2500,15,390000,97488,97488,30.74439256898437,12.88702669723847,-0.6675387805935614,8.00258540379528,36.75219457692673,83.86318389270996,0.534458071145141,0.7312668749446996
2010,spco2_le_threshold,random,2500,15,390000,97488,97471,23.2134883025178,12.662306430869734,-0.44068730294574804,8.000894942720322,36.68344256363213,83.09610311284438,0.6707692414354909,0.8190901606682149
2010,all,random,5000,15,390000,97488,97488,27.377996380579418,11.42932990621982,-0.19160720993919428,7.319704929341555,32.13165683269746,71.15866826320527,0.630826693518187,0.794620662217155
2010,spco2_le_threshold,random,5000,15,390000,97488,97471,19.597632943661115,11.213428706768724,0.026253970283992855,7.318590188170049,32.08991330476633,70.38991211779117,0.7653466130741013,0.8750249719492202
2010,all,historical_density,500,15,390000,97488,97488,44.82204474136428,23.617821167212494,-4.738836466103517,14.450310861660967,78.37512812726418,153.66754198097877,0.010512533831254167,0.5006159293833157
2010,spco2_le_threshold,historical_density,500,15,390000,97488,97471,39.37976890034119,23.37625417382186,-4.49397677293634,14.446532611614145,78.19769754680496,153.38318877405442,0.05252902424285988,0.5745891991369643
2010,all,historical_density,1000,15,390000,97488,97488,41.05100728523552,19.95635522186662,-5.106186006219305,11.513135930875166,68.22706937273374,123.80588069838335,0.17000666692986943,0.5602482945591335
2010,spco2_le_threshold,historical_density,1000,15,390000,97488,97471,35.01916754734066,19.71488487391868,-4.862125627629778,11.509460716128217,68.1260685319391,122.79254160582401,0.25074228271871135,0.6422425930737395
2010,all,historical_density,2500,15,390000,97488,97488,39.389768317300266,17.986823557492322,-4.831031482026904,9.75160275538974,62.83022557417606,139.72333432490032,0.23582324929185727,0.5901566203466971
2010,spco2_le_threshold,historical_density,2500,15,390000,97488,97471,33.182650668860404,17.74835307632488,-4.590266487975807,9.749413981988994,62.7239649606838,138.65669273741685,0.32726853858746674,0.673568536934358
2010,all,historical_density,5000,15,390000,97488,97488,39.93483777934877,17.495219607916102,-5.847413554627701,9.146771296971849,66.63739206929013,134.79093290742853,0.2145278031494141,0.5972080351135923
2010,spco2_le_threshold,historical_density,5000,15,390000,97488,97471,33.77245032369265,17.254613515686255,-5.604775958638724,9.144656431107876,66.36280922305923,133.5158849729312,0.30314129148478597,0.6815371625161741
2010,all,spatial_coverage,500,15,390000,97488,97488,32.59480136437167,17.182011644361637,1.9619309773037445,11.957837219803935,47.58432371634832,86.47971282731596,0.4767326401674358,0.692021299127624
2010,spco2_le_threshold,spatial_coverage,500,15,390000,97488,97471,25.918571219702567,16.960720828835303,2.1865607041428574,11.954820045730742,47.516650298720435,85.93701182979754,0.5895675380304661,0.7699607011724092
2010,all,spatial_coverage,1000,15,390000,97488,97488,32.97773805208049,16.009458784360305,1.2667639238058754,10.121411615132445,47.668182309354684,108.1082857980049,0.46436531023020144,0.6882848869856297
2010,spco2_le_threshold,spatial_coverage,1000,15,390000,97488,97471,26.658875423034345,15.791604878687176,1.4876309901733549,10.120054050273382,47.60158789882479,107.05695581803388,0.5657865828075047,0.7608705247111338
2010,all,spatial_coverage,2500,15,390000,97488,97488,27.230117817267107,12.203990502390024,-0.17211663469673608,8.146224336406334,34.45760057099319,67.76497714753944,0.6348040028536412,0.797394640407319
2010,spco2_le_threshold,spatial_coverage,2500,15,390000,97488,97471,19.425183365599874,11.989165349334773,0.04480700771176392,8.144281965066227,34.42880823133447,67.19321007506232,0.769458113450022,0.8775704497350535
2010,all,spatial_coverage,5000,15,390000,97488,97488,26.08884429503594,11.384964343161977,-0.20469431247798145,7.766395842142913,31.478591010590034,59.46240597365482,0.6647748070579684,0.8158693345054889
2010,spco2_le_threshold,spatial_coverage,5000,15,390000,97488,97471,18.088566931976732,11.175126634718557,0.007093356369267405,7.764632847077678,31.424960381570855,58.945092336631625,0.8000930417600476,0.8946938591411823
2010,all,random,500,16,390000,97488,97488,32.818409007955495,16.25406930539876,0.4006606658803962,10.85190890296056,46.33292479981704,91.76302720365582,0.4695285510446616,0.686420731138757
2010,spco2_le_threshold,random,500,16,390000,97488,97471,25.90047298094288,16.02811149224997,0.6295232446467729,10.850254731216182,46.256267773763796,90.84756906692945,0.5901405257315238,0.7699614255752627
2010,all,random,1000,16,390000,97488,97488,30.604962080775564,13.629405820225779,0.1089436121902435,8.558585336288075,40.3127150462758,84.77155811782934,0.5386711027247716,0.7343460377434837
2010,spco2_le_threshold,random,1000,16,390000,97488,97471,23.10430100309411,13.40335456101094,0.3373909886127758,8.556018859679739,40.248056573340506,83.96130780602981,0.6738591066561302,0.821506032008118
2010,all,random,2500,16,390000,97488,97488,32.391529554289605,13.506809321438828,0.758984112353137,7.996944037236119,38.77369552401299,99.1976639878046,0.4832388211515055,0.7044164833709234
2010,spco2_le_threshold,random,2500,16,390000,97488,97471,26.73461001685396,13.297011133269312,0.971270409687171,7.995981539486024,38.71221161199716,98.38520825453853,0.5633159843781694,0.7643265442344354
2010,all,random,5000,16,390000,97488,97488,29.350640528753843,11.675898525611146,0.43220586570461483,7.346754209103125,31.821335824271163,74.35106024074366,0.5757106461557069,0.7599778121976095
2010,spco2_le_threshold,random,5000,16,390000,97488,97471,22.845337768628404,11.46309937845742,0.6471167976420432,7.345406928099749,31.76499286461356,73.64341839010599,0.6811291968862725,0.8277100751389395
2010,all,historical_density,500,16,390000,97488,97488,38.39527265336776,20.022349180355295,-1.8922059170659307,13.157481547534502,58.85631823793415,100.35050708626484,0.27392333446371686,0.5550459603949535
2010,spco2_le_threshold,historical_density,500,16,390000,97488,97471,32.0070801280297,19.78370004841619,-1.6503946914222776,13.154958948990839,58.78556472554436,99.68524366716059,0.37409027013168406,0.6385549244036502
2010,all,historical_density,1000,16,390000,97488,97488,36.9170919507201,18.077410608910483,-1.5381198008708348,11.1483892706527,56.93666792540795,108.98864338221262,0.3287536543557883,0.6043326663735171
2010,spco2_le_threshold,historical_density,1000,16,390000,97488,97471,30.417879184896726,17.84334072552908,-1.301165285714478,11.145490114337065,56.869940168530434,108.51700871190614,0.43470199883886307,0.6879473458986756
2010,all,historical_density,2500,16,390000,97488,97488,36.539024663154116,16.614769347509924,-2.5904345110547338,9.694788439989935,51.689744885968,135.71246441238907,0.34243169954379615,0.6287826079785217
2010,spco2_le_threshold,historical_density,2500,16,390000,97488,97471,29.957878374388855,16.380273400513765,-2.3534925678933605,9.693425917080617,51.56969495866167,135.14715076578074,0.45167039435447165,0.7139986951887448
2010,all,historical_density,5000,16,390000,97488,97488,37.35629686299389,16.056038512790778,-4.264257306518481,8.75701832886378,52.30557976044051,139.41763869143526,0.3126869280271052,0.6194008559365739
2010,spco2_le_threshold,historical_density,5000,16,390000,97488,97471,30.741691758229937,15.81731926886729,-4.023481448006997,8.755570672809654,52.176147712828566,138.54998635092718,0.4226022118001992,0.7069973132617603
2010,all,spatial_coverage,500,16,390000,97488,97488,33.958757455469176,18.08947930805404,0.34360325660224517,12.386668363072317,51.44686593561746,102.08551552729891,0.4320232608374913,0.6582114365294777
2010,spco2_le_threshold,spatial_coverage,500,16,390000,97488,97471,27.763796287625002,17.873265989553133,0.5630315047088715,12.385438030620037,51.38186622008061,101.44908440848559,0.5290473044529845,0.728708878384025
2010,all,spatial_coverage,1000,16,390000,97488,97488,29.859779901554234,14.173255063699717,-0.08030933410755886,9.344365184604982,41.216385048353445,77.77301590930301,0.5608628568588515,0.7490581507284776
2010,spco2_le_threshold,spatial_coverage,1000,16,390000,97488,97471,22.413774437920843,13.954403766609586,0.1409999256320118,9.34293319506395,41.17511618351651,77.22019051260517,0.6930627605820168,0.8326477338513796
2010,all,spatial_coverage,2500,16,390000,97488,97488,27.371096943022597,12.198760473075057,0.3541292567044432,8.256288907385823,34.42001242369603,62.846187833445136,0.6310127383403658,0.7949297135023972
2010,spco2_le_threshold,spatial_coverage,2500,16,390000,97488,97471,19.379203602958576,11.985042247603438,0.5700368423488924,8.254498496008864,34.34222748379625,62.36829346225381,0.7705482154601326,0.8782885788111953
2010,all,spatial_coverage,5000,16,390000,97488,97488,25.559709080308135,11.11352101941837,0.03891678211347633,7.725897787409707,30.551115936829373,56.19709371774916,0.6782350158033505,0.824700063176246
2010,spco2_le_threshold,spatial_coverage,5000,16,390000,97488,97471,17.339945232415467,10.906176889916521,0.24820601777639714,7.723420881367417,30.51190677889241,55.83875286115633,0.8162975148665923,0.9041861613489723
2010,all,random,500,17,390000,97488,97488,33.66113244183283,17.108370606135193,0.5020609683476179,11.284470939366003,49.744068263483896,97.1858116853001,0.44193547907674835,0.6648772186296079
2010,spco2_le_threshold,random,500,17,390000,97488,97471,26.950957205672328,16.88290342255888,0.730599602270861,11.282043912676215,49.69410769960015,96.2994777320847,0.5562197428115638,0.7460544892252812
2010,all,random,1000,17,390000,97488,97488,30.95061695621215,13.987055214311129,-0.18146510281510636,8.872423757862634,40.73231619876228,83.06215261462808,0.528191686847741,0.726933719275001
2010,spco2_le_threshold,random,1000,17,390000,97488,97471,23.445211299552902,13.760609259241205,0.04738869696653113,8.869653410452656,40.6665582996724,82.22069363940092,0.6641635032579837,0.815270792247629
2010,all,random,2500,17,390000,97488,97488,28.690469509593026,11.934525447016496,-0.057807240852289686,7.635246764413694,34.27749924800401,72.80949897501685,0.5945826985188766,0.7721146559829702
2010,spco2_le_threshold,random,2500,17,390000,97488,97471,20.506560240807893,11.70750191757973,0.1712877171068565,7.633944567895583,34.204350165096145,72.36868810690706,0.7430756745701099,0.8633530252352071
2010,all,random,5000,17,390000,97488,97488,26.464411648924067,10.516701944133269,-0.27077854335690454,6.901676781158528,29.80562718399691,60.819601172419674,0.6550537290079246,0.809978758151071
2010,spco2_le_threshold,random,5000,17,390000,97488,97471,17.548366964995164,10.291209210895524,-0.04349880990562923,6.90053428572088,29.761097070240027,60.36631382914873,0.8118548602602566,0.9017052485050977
2010,all,historical_density,500,17,390000,97488,97488,40.80825021926713,21.122957055564736,-3.5235290683138776,13.550303870965678,65.13297458165113,118.49373600314257,0.1797940514015458,0.5499370510562765
2010,spco2_le_threshold,historical_density,500,17,390000,97488,97471,34.755120401803225,20.882133530942856,-3.279636012490068,13.547212505168147,65.03919770174639,117.65222549195727,0.26199860395784724,0.6312329799833287
2010,all,historical_density,1000,17,390000,97488,97488,40.64897797122634,20.132678650294142,-3.040524274754175,12.264253156965651,62.255397303780654,142.4789704360479,0.18618399030420918,0.5602550753273569
2010,spco2_le_threshold,historical_density,1000,17,390000,97488,97471,34.58469776201528,19.892056612937797,-2.796921180217909,12.262251710382486,62.140685215389595,141.18409409206328,0.2692184772386823,0.642088017340025
2010,all,historical_density,2500,17,390000,97488,97488,36.91183637567622,17.11891606807874,-2.261573554799649,9.68050733471506,57.090391105530784,129.01748956184093,0.32894476011442353,0.6252688408507544
2010,spco2_le_threshold,historical_density,2500,17,390000,97488,97471,30.531596164594035,16.887264792902112,-2.0273309978804983,9.677662898903634,56.918537444756396,128.48775926133212,0.43046737462426177,0.7075369804292893
2010,all,historical_density,5000,17,390000,97488,97488,36.87161096503206,16.524937613301052,-3.492331658057897,9.184612808488396,55.26945481718142,136.86422580449488,0.3304065548610673,0.6304275940412344
2010,spco2_le_threshold,historical_density,5000,17,390000,97488,97471,30.405397331044785,16.2916015922343,-3.256722609103474,9.181687446808098,55.124274641243375,135.6875519941638,0.4351658391543973,0.7144796560015902
2010,all,spatial_coverage,500,17,390000,97488,97488,33.453657812738264,17.595115085551377,-1.0088078432459557,11.6737601829183,52.32119196656232,91.59322652676371,0.4487936799616219,0.6703822548799662
2010,spco2_le_threshold,spatial_coverage,500,17,390000,97488,97471,26.804268555246203,17.3714737757574,-0.7822737015007414,11.671601190270621,52.22773853201937,91.24031831584193,0.5610374099638493,0.7493328136758989
2010,all,spatial_coverage,1000,17,390000,97488,97488,30.672769574898187,14.842486202959861,-0.27542072570688253,9.727772418600864,44.61748802461151,79.07401056018598,0.5366246234854393,0.7326525845228329
2010,spco2_le_threshold,spatial_coverage,1000,17,390000,97488,97471,23.11879756009244,14.616254975441183,-0.046648843910383916,9.726555061810132,44.554168144723974,78.74021310550488,0.6734497107352829,0.8206720149339588
2010,all,spatial_coverage,2500,17,390000,97488,97488,27.340645173857478,12.2599235664175,-0.17325735473532067,8.180561115027558,34.94857190695893,65.24652309361433,0.631833316664127,0.7957779241726936
2010,spco2_le_threshold,spatial_coverage,2500,17,390000,97488,97471,19.40872137870846,12.04350532258664,0.045268934828103596,8.178544194718427,34.89577331180183,64.7337060842812,0.7698486960581815,0.8780733069847134
2010,all,spatial_coverage,5000,17,390000,97488,97488,25.581832227632482,11.29871134800912,0.1969778161828637,7.72959377185299,31.535545282587464,59.31548828089748,0.6776777688638318,0.8246118946064602
2010,spco2_le_threshold,spatial_coverage,5000,17,390000,97488,97471,17.844448230668558,11.097273384254573,0.40042075286055073,7.726869819018589,31.494286429390797,58.96827951127718,0.805452418661752,0.8981920149083737
2010,all,random,500,18,390000,97488,97488,34.017720872573356,17.413606487945096,-1.8744411341329272,11.275589311808915,52.56019661596758,95.48065058223537,0.430049164815812,0.6572735624316074
2010,spco2_le_threshold,random,500,18,390000,97488,97471,27.551038624178904,17.19024458861269,-1.6483690357565526,11.272129564358977,52.466023440256464,95.04586587091373,0.5362375946941098,0.7335757528316592
2010,all,random,1000,18,390000,97488,97488,34.631966970321045,16.498105160154218,-0.7144135916889992,9.746283400387597,50.831332054032565,105.95249127496032,0.4092805304428174,0.6465087848583558
2010,spco2_le_threshold,random,1000,18,390000,97488,97471,28.696295136043723,16.2807109674706,-0.49426655193636526,9.743770125394292,50.73740010205691,104.77871428574906,0.49688038513013444,0.7133537809833927
2010,all,random,2500,18,390000,97488,97488,29.355827277472727,12.673612018543475,-0.36453809800843073,7.885742331998472,37.32387489328148,79.50833378076165,0.5755606748657107,0.759057257653116
2010,spco2_le_threshold,random,2500,18,390000,97488,97471,21.675289007960888,12.45031423415637,-0.13909347757112495,7.884209313206441,37.268605761413795,79.09108567801097,0.7129553992157458,0.8447612029356718
2010,all,random,5000,18,390000,97488,97488,28.054286612455748,11.343042058252575,-0.3097393028407003,7.107665607938145,32.260092373623074,73.03025946632732,0.6123628186605907,0.7835137938002698
2010,spco2_le_threshold,random,5000,18,390000,97488,97471,19.987898262356364,11.11974876250654,-0.08452167937829722,7.104752583553761,32.210765456355404,72.61865732927214,0.7559078295710182,0.8704037699451197
2010,all,historical_density,500,18,390000,97488,97488,39.36077972692194,21.774042522260963,1.111528432472831,15.085514731687368,59.36647365740109,102.85470423615122,0.23694761515152452,0.5349572044589679
2010,spco2_le_threshold,historical_density,500,18,390000,97488,97471,33.23136135668299,21.5378410326848,1.3517214139412608,15.083918492388534,59.325446634460235,102.19927893379966,0.3252920078743765,0.6143400804972423
2010,all,historical_density,1000,18,390000,97488,97488,43.348713015408315,21.019455791674247,-6.32266109647703,11.779921621329606,75.25970860877753,154.42896218198462,0.0744936897269548,0.5308643688137225
2010,spco2_le_threshold,historical_density,1000,18,390000,97488,97471,37.65464033379841,20.777146667937966,-6.077788692279706,11.775662336404821,75.16584396450665,153.81565885058822,0.13372337467595052,0.609228039889418
2010,all,historical_density,2500,18,390000,97488,97488,37.66124886676619,17.34865084442013,-4.181506660740881,9.999590678965916,59.39482483554858,105.34126957392739,0.3014195903306731,0.6182360417358017
2010,spco2_le_threshold,historical_density,2500,18,390000,97488,97471,31.092011417899723,17.108129187619063,-3.938688511125312,9.997720437137048,59.317824574394876,104.59290537656668,0.40936765641523953,0.7055996769438057
2010,all,historical_density,5000,18,390000,97488,97488,35.412531366136996,15.991770342780862,-3.0239057506270446,9.323539630380395,54.57358236695961,99.80953869768504,0.38235218097764434,0.6489878371742256
2010,spco2_le_threshold,historical_density,5000,18,390000,97488,97471,28.620907424085186,15.758818505069108,-2.7886921766238117,9.322345247633052,54.48533794231588,99.11572328827641,0.49952039248687974,0.7358043059935739
2010,all,spatial_coverage,500,18,390000,97488,97488,33.68999291986025,17.213504474492645,-1.5451702110797274,11.384554761031495,51.746422156980785,92.83298677773023,0.44097811892971217,0.6649484514391539
2010,spco2_le_threshold,spatial_coverage,500,18,390000,97488,97471,26.858554769908796,16.986153929612776,-1.31508693869652,11.381758715760157,51.65061481412755,92.33469508228939,0.5592575629819911,0.7486059024070914
2010,all,spatial_coverage,1000,18,390000,97488,97488,31.661013177836374,15.195700198708094,0.4339219385236709,9.641661668192057,45.11546801408324,86.99208918703998,0.5062847012973855,0.7137850359874564
2010,spco2_le_threshold,spatial_coverage,1000,18,390000,97488,97471,24.54827269629197,14.970962092105529,0.6613860208147252,9.638387233945934,45.07554293661863,86.43399110133132,0.6318189205446283,0.7972596926956425
2010,all,spatial_coverage,2500,18,390000,97488,97488,28.112150474513914,12.793816967259557,-0.169109023230737,8.69952871094867,35.527460206737075,71.4997420238557,0.6107621138139208,0.7821316052774483
2010,spco2_le_threshold,spatial_coverage,2500,18,390000,97488,97471,20.554483794815088,12.576705600976068,0.05020422910140574,8.698093097500248,35.4896065523636,70.845708073453,0.741873414027264,0.8617088846151394
2010,all,spatial_coverage,5000,18,390000,97488,97488,26.289735076371038,11.774969518063045,0.04315234573973986,8.044760015902682,32.52506981055431,60.7014240559894,0.6595922905887173,0.812843835751507
2010,spco2_le_threshold,spatial_coverage,5000,18,390000,97488,97471,18.486145562958768,11.563467111049684,0.25671596143757763,8.042860689148995,32.48797344520972,60.236682114537615,0.7912087350431491,0.8898134633344843
2010,all,random,500,19,390000,97488,97488,34.4254211328736,17.97868263735594,-0.2882909283679936,11.662893017057883,52.92159965752421,96.63470536729471,0.4163056474686079,0.6456320329640035
2010,spco2_le_threshold,random,500,19,390000,97488,97471,28.08156429137243,17.75741971714338,-0.06394261189343899,11.661820022471147,52.84862135615484,96.09336655969908,0.5182051184453991,0.7202530872872888
2010,all,random,1000,19,390000,97488,97488,33.281200636499285,15.68366333914709,1.6114430608357977,9.413158632760911,47.29888782957653,101.77370103033068,0.4544620863949864,0.6765382003026776
2010,spco2_le_threshold,random,1000,19,390000,97488,97471,27.056578945968738,15.469378778366792,1.8287440758311924,9.411084561138694,47.25046865488008,100.67526061822693,0.5527345462845844,0.7469180930020531
2010,all,random,2500,19,390000,97488,97488,28.82808383588036,12.192545423351117,0.5039256602801658,7.595401625474921,35.34433719685579,80.37706788330394,0.5906841892539741,0.7687958547208186
2010,spco2_le_threshold,random,2500,19,390000,97488,97471,20.929831647235627,11.971314721753815,0.7273707641963294,7.593803804631989,35.293882664748025,79.21723599950576,0.7323599769095239,0.85614398642339
2010,all,random,5000,19,390000,97488,97488,27.253677037689435,10.871179393696226,0.5367252363386896,6.952332257858103,31.12926338945322,66.89837188774777,0.6341718017751931,0.7970987357501397
2010,spco2_le_threshold,random,5000,19,390000,97488,97471,18.612688620074845,10.648262976428736,0.7616313159540653,6.951038390796668,31.064213753988838,66.249410149402,0.788340477310124,0.8888780215970409
2010,all,historical_density,500,19,390000,97488,97488,47.44805409966517,24.118090503873585,-9.279030622791199,13.388291750671783,94.28205088282262,172.6250062380937,-0.10882696868863917,0.505488445117673
2010,spco2_le_threshold,historical_density,500,19,390000,97488,97471,42.23784885082097,23.873883846299947,-9.03223587216447,13.386131916757051,94.0732936975275,172.03159583903425,-0.08999165268491005,0.5802223547032855
2010,all,historical_density,1000,19,390000,97488,97488,38.84012086410812,19.209228177409432,-3.8571008949722803,11.76711095776838,59.38656525197634,133.20761681368018,0.2570011985227234,0.5845214179319921
2010,spco2_le_threshold,historical_density,1000,19,390000,97488,97471,32.590698955485244,18.972312445452282,-3.6175075854402463,11.761506299956295,59.27960703683928,132.39955789623102,0.35105642358290634,0.6670445127390721
2010,all,historical_density,2500,19,390000,97488,97488,38.98528381812981,18.041611426859042,-4.551827328163151,10.01645158402468,61.19135998777673,140.83144655638858,0.25143698031773554,0.5961182682733311
2010,spco2_le_threshold,historical_density,2500,19,390000,97488,97471,32.83177815859206,17.805278883426507,-4.313142020014156,10.01517399388257,61.0991783482682,139.98329313673005,0.3414202121658251,0.6778343454300749
2010,all,historical_density,5000,19,390000,97488,97488,36.728812877732885,16.330092558457178,-2.724803822520968,9.343890124876452,51.08228397917765,129.8726896049576,0.3355829768512786,0.6237729974890467
2010,spco2_le_threshold,historical_density,5000,19,390000,97488,97471,29.99764342185308,16.09204404006911,-2.484382394154431,9.341840166732652,51.009167365365556,129.2200264126505,0.45021376089784093,0.7121454362161137
2010,all,spatial_coverage,500,19,390000,97488,97488,38.66387295761593,20.504715796845,3.8378149849821233,13.010477796985612,59.351284202703496,137.52193740461053,0.2637290286511249,0.5703088891117932
2010,spco2_le_threshold,spatial_coverage,500,19,390000,97488,97471,33.67557957974938,20.29540748796874,4.051368895353099,13.00880478540131,59.27617025056355,136.6561029740799,0.30713320838946656,0.6244305195889029
2010,all,spatial_coverage,1000,19,390000,97488,97488,33.26579380015428,15.884801363684518,1.8859654684857803,9.725549095271191,48.39543927219123,100.28822622798107,0.45496706023797007,0.6821441157614623
2010,spco2_le_threshold,spatial_coverage,1000,19,390000,97488,97471,27.024099713072577,15.669980414992665,2.103885831733214,9.723447512428777,48.33191721832179,99.29648712627268,0.5538077137178772,0.7538808207895794
2010,all,spatial_coverage,2500,19,390000,97488,97488,29.394843571030073,12.859858538229593,0.968385431706502,8.304605938784704,36.8819218245458,73.13750742044785,0.574431696010539,0.7589742258995766
2010,spco2_le_threshold,spatial_coverage,2500,19,390000,97488,97471,21.840897651222566,12.637985700970216,1.19267006475631,8.302340613272179,36.813161107711096,72.5904963348483,0.708552351227237,0.8431787844621959
2010,all,spatial_coverage,5000,19,390000,97488,97488,27.289249682732404,11.828013644140603,0.44983027016097243,7.946509616206839,32.728653440741354,61.904987874910574,0.6332161898412467,0.7958280502693683
2010,spco2_le_threshold,spatial_coverage,5000,19,390000,97488,97471,20.104323839649677,11.619879928361973,0.6601053751378556,7.944917941433516,32.68611794522823,61.557430276453665,0.7530559701331201,0.8682202490315797
2014,all,random,500,0,390000,97488,97488,30.212981598988318,16.779112419917816,-1.000470973154795,11.227451366851085,49.399178472599246,91.1317763690486,0.5196893471488178,0.7216753460326701
2014,spco2_le_threshold,random,500,0,390000,97488,97478,26.184226313522398,16.647325523019457,-0.867065388814474,11.226178177529562,49.36253324477958,90.85914823060216,0.5926236173525705,0.7706897798973277
2014,all,random,1000,0,390000,97488,97488,27.66897902112557,14.120686655896586,0.4131242333161086,9.077688658345437,41.60136590138593,82.43369445639462,0.5971704559527559,0.7738749883679052
2014,spco2_le_threshold,random,1000,0,390000,97488,97478,23.284810656256926,13.989785948912402,0.545515923998071,9.076558257130841,41.55227647442505,81.66746080709864,0.6778472989097177,0.8246565448955026
2014,all,random,2500,0,390000,97488,97488,26.57467268629057,13.061920604558512,1.1294984874680598,8.19438822765494,39.13786672346616,84.35217715292855,0.6284041159748124,0.7935183630113722
2014,spco2_le_threshold,random,2500,0,390000,97488,97478,22.562361838906664,12.940025966571884,1.2528489841194148,8.192589276653734,39.111473673250615,83.7925725780016,0.6975277929728019,0.8363746726444532
2014,all,random,5000,0,390000,97488,97488,24.31884385825411,11.897036333606183,0.6028171753270143,7.719121997410042,34.01756659411439,72.84501037637781,0.688813394504786,0.830064057647276
2014,spco2_le_threshold,random,5000,0,390000,97488,97478,20.32231472891236,11.779620069164016,0.7215157653717709,7.71855296550811,33.97267782746082,72.53730611406709,0.7546066997483962,0.8689285397011736
2014,all,historical_density,500,0,390000,97488,97488,35.610621982688016,20.874505194456535,-1.443333105244259,14.381264721077457,62.322279141907885,99.9478595033212,0.3327414228164217,0.625789928170306
2014,spco2_le_threshold,historical_density,500,0,390000,97488,97478,31.941729680138238,20.73721071209484,-1.3040452323647844,14.378803686140628,62.25266772338696,99.77285907493652,0.3937758748357951,0.6745555419852243
2014,all,historical_density,1000,0,390000,97488,97488,38.34313999342631,20.494510846115734,-3.6247623612078663,11.699875459197983,74.07153692436442,129.8062385829911,0.22641080164972927,0.6195986644212677
2014,spco2_le_threshold,historical_density,1000,0,390000,97488,97478,34.91469845872747,20.355738468995185,-3.484259362974356,11.69703799343469,73.9749670834995,129.60157354937536,0.2756758811952277,0.6673089083168785
2014,all,historical_density,2500,0,390000,97488,97488,37.042828571628384,18.48593746075904,-5.640589119040365,10.229772417793583,72.20154660890078,139.6076731590284,0.2779898046370407,0.6483374111034664
2014,spco2_le_threshold,historical_density,2500,0,390000,97488,97478,33.57393146513061,18.349014139931548,-5.50234802924534,10.229042526287913,72.11880108316956,139.26971307681177,0.33023761270665963,0.6960937745910718
2014,all,historical_density,5000,0,390000,97488,97488,34.03974896820009,16.268257011112713,-4.972612271568078,9.110467959720864,55.889704529492555,129.12808458454307,0.3903118642574921,0.6824670360713158
2014,spco2_le_threshold,historical_density,5000,0,390000,97488,97478,30.18006722730658,16.13112845602598,-4.834324927345383,9.109267078984033,55.79175704832703,128.78389289120696,0.45880127942798576,0.7338173385407866
2014,all,spatial_coverage,500,0,390000,97488,97488,30.377284047127386,17.392456916016975,0.10479687506744058,12.215939236802,48.467022927641196,88.59675860536106,0.5144511488187982,0.7174789777069487
2014,spco2_le_threshold,spatial_coverage,500,0,390000,97488,97478,26.417980806719942,17.26175205813982,0.23729672810156527,12.213929765321751,48.44638284439274,88.18817480521744,0.585317606885546,0.7652513196896199
2014,all,spatial_coverage,1000,0,390000,97488,97488,27.253757389884495,14.625706855957967,-0.008754052016549472,9.663969351156425,43.14008374533443,79.10779709618427,0.609170067405874,0.7804999353480335
2014,spco2_le_threshold,spatial_coverage,1000,0,390000,97488,97478,23.007883721567282,14.497834022392524,0.12061829454710192,9.663040527152248,43.09737680494481,78.9056884598968,0.6854644753034642,0.8279460838036417
2014,all,spatial_coverage,2500,0,390000,97488,97488,24.43230180255795,12.525550841325632,0.16896112849928252,8.557167635517402,35.961166110326076,67.13872015593341,0.6859029804211882,0.8282049503703962
2014,spco2_le_threshold,spatial_coverage,2500,0,390000,97488,97478,19.809330848587987,12.400618426468407,0.2951958384353781,8.556295138243172,35.934880146489114,66.86995241348964,0.7668389692807454,0.8757463439398115
2014,all,spatial_coverage,5000,0,390000,97488,97488,22.533479464721882,11.482638525515762,0.0001783638519417994,7.979417882343682,32.176312808961896,59.13302296075847,0.7328276183100332,0.8566082691645888
2014,spco2_le_threshold,spatial_coverage,5000,0,390000,97488,97478,18.006326603479106,11.363613029796579,0.12038185018330429,7.978966833374301,32.15757275182334,58.83760002063142,0.8073510696618174,0.8988072815018489
2014,all,random,500,1,390000,97488,97488,30.679336502928226,16.614822941185253,-1.7527606628168844,10.681053607312322,49.73020948543763,99.32560198650766,0.5047471623928572,0.7116105656731834
2014,spco2_le_threshold,random,500,1,390000,97488,97478,26.71153122172026,16.48287369343896,-1.6192867569653406,10.67956569259374,49.71286896174204,98.59439711169844,0.5760506982478737,0.7600627869292822
2014,all,random,1000,1,390000,97488,97488,28.048079551481557,14.41921893588272,-0.9404919586748084,9.150614998513333,43.012260006083515,83.78639769922235,0.5860562710012456,0.7659715123124065
2014,spco2_le_threshold,random,1000,1,390000,97488,97478,23.748994986907842,14.289046787806354,-0.8089370650581961,9.14877651006995,42.97848659560387,83.20804159587534,0.6648749998643142,0.8157384830660058
2014,all,random,2500,1,390000,97488,97488,24.690664209009345,11.689190785425092,-0.4340803694009682,7.566545860097278,34.015684378655855,71.43630292411972,0.679224941452544,0.824648841510699
2014,spco2_le_threshold,random,2500,1,390000,97488,97478,19.68643784994642,11.559552930471773,-0.3032878836164849,7.565303135029808,33.991902000489766,71.12392484405724,0.769722961389269,0.8778882807972272
2014,all,random,5000,1,390000,97488,97488,23.36050991652918,10.5969364805995,-0.5203147395063256,7.089570151736638,30.44351059601361,59.46111742306129,0.7128560413453877,0.8452332620422205
2014,spco2_le_threshold,random,5000,1,390000,97488,97478,17.844267016920522,10.465922772945982,-0.3882672989344984,7.0882430290971,30.418512230277205,59.2077896998031,0.8108032019777625,0.9015497973566419
2014,all,historical_density,500,1,390000,97488,97488,38.90821674503446,22.45722687644149,-5.258520726900143,14.981930675477656,67.93039359057731,131.6337740597784,0.20344145711705042,0.5849369623778194
2014,spco2_le_threshold,historical_density,500,1,390000,97488,97478,35.526528200277056,22.319409551150976,-5.118939033634336,14.979294782576233,67.82983871651861,131.46900971121357,0.25006798797363505,0.6311685019588024
2014,all,historical_density,1000,1,390000,97488,97488,36.20623113975604,20.291487286719747,-3.1593549728890378,12.711544893940157,64.9409776920824,101.27107340969846,0.31023415472528637,0.6219605467973693
2014,spco2_le_threshold,historical_density,1000,1,390000,97488,97478,32.57633769990753,20.15377938896144,-3.0198895367821965,12.710214423102997,64.88200035239618,101.00239588790451,0.3694480510501881,0.6706422480336988
2014,all,historical_density,2500,1,390000,97488,97488,34.83099191094324,18.184401571668918,-4.821767420479125,10.532466566520014,64.98416543588037,120.3944923324303,0.36163843403132345,0.6620584010699199
2014,spco2_le_threshold,historical_density,2500,1,390000,97488,97478,31.130493693618714,18.04831799091894,-4.684313003832723,10.531490193334378,64.90495897144106,119.8900405863041,0.4241778432856149,0.7111737535309639
2014,all,historical_density,5000,1,390000,97488,97488,34.149656494139435,16.599198037534386,-5.1796462855783165,9.113087125358646,57.87385255322835,120.9887800714777,0.3863683866202787,0.6842352667502136
2014,spco2_le_threshold,historical_density,5000,1,390000,97488,97478,30.342728070561492,16.462203950712496,-5.041480698340747,9.112758817776012,57.79729817062117,120.62505774334288,0.45295178471171205,0.734895548699131
2014,all,spatial_coverage,500,1,390000,97488,97488,32.62347608834611,18.830794806692847,-2.2365360244332217,12.821547632978252,55.30298912354756,102.82984323770626,0.4399903449996021,0.6656350174476909
2014,spco2_le_threshold,spatial_coverage,500,1,390000,97488,97478,29.174935574218082,18.702925640719247,-2.1069644990777876,12.819089900147361,55.25171869300199,102.59624634751692,0.49424967922374474,0.7053221425831541
2014,all,spatial_coverage,1000,1,390000,97488,97488,28.415056996339636,15.225915412667778,-0.9517500311371472,10.197376050507586,43.908487813080356,84.75549224464179,0.5751534365243145,0.7588929291043925
2014,spco2_le_threshold,spatial_coverage,1000,1,390000,97488,97478,24.350423820055433,15.098075324973795,-0.822445596064111,10.195746610701093,43.88486109203945,84.47839286619684,0.6476864028737364,0.8052642940805363
2014,all,spatial_coverage,2500,1,390000,97488,97488,25.13031697155223,12.399843755220035,0.11575839751822709,8.2837845249297,35.542788025030696,71.12371417940773,0.6676995116655575,0.8171392996310826
2014,spco2_le_threshold,spatial_coverage,2500,1,390000,97488,97478,20.82887426444729,12.27567829142227,0.24120780252864757,8.282371467210652,35.51213342269727,70.73028840719377,0.7422207521460302,0.8615956834788763
2014,all,spatial_coverage,5000,1,390000,97488,97488,23.893184081100568,11.434643758893483,0.3228189694896911,7.712318150162787,32.3372583901245,62.332141098317265,0.6996116365865808,0.8364762987684884
2014,spco2_le_threshold,spatial_coverage,5000,1,390000,97488,97478,19.2719088512081,11.312455577673097,0.44621331648372725,7.710933198988158,32.30750386955248,62.01883368416399,0.7793185537740522,0.8829244648561628
2014,all,random,500,2,390000,97488,97488,30.304628812250684,17.04064761688655,0.27095015611584905,11.584257984824575,48.445302896445575,89.58866171971991,0.5167710058462414,0.7189546888201026
2014,spco2_le_threshold,random,500,2,390000,97488,97478,26.501113628343088,16.912086021535004,0.40128770068393393,11.582931463446641,48.43037854769628,89.05551580648233,0.5827036327831215,0.7634833681027825
2014,all,random,1000,2,390000,97488,97488,28.32460405214261,14.465949738894292,0.5929144477403498,9.218101722140773,42.662134424019165,82.7688881511869,0.5778539384493471,0.7603106134248638
2014,spco2_le_threshold,random,1000,2,390000,97488,97478,24.367882316319196,14.340087127811978,0.7203219062945692,9.216978568307525,42.62639182554448,82.46778665895303,0.6471810259937106,0.8047209278859327
2014,all,random,2500,2,390000,97488,97488,24.909853148600437,11.735818635167924,-0.014057247023062915,7.721436017191024,33.122476566364234,71.53732732888288,0.6735043637545618,0.8220808683002454
2014,spco2_le_threshold,random,2500,2,390000,97488,97478,20.141965392319573,11.608140899654307,0.1148229917618717,7.720813231171093,33.10066334312531,71.2132730910384,0.7589428340315517,0.8726210896506409
2014,all,random,5000,2,390000,97488,97488,24.18175343098107,11.016141156840833,0.3237903454976085,7.203033037658827,30.432743924076444,69.32167937286599,0.6923119539991061,0.8338660620874299
2014,spco2_le_threshold,random,5000,2,390000,97488,97478,19.63096199097677,10.892886098367676,0.4482087363639576,7.2014387515131375,30.40063371871996,68.90452936926457,0.7710189619220555,0.8796583520307331
2014,all,historical_density,500,2,390000,97488,97488,36.61970812948579,21.53691808162446,-4.273030413173708,14.42755131739193,65.56635429450088,113.62270641052807,0.2943898755134092,0.6140303021407473
2014,spco2_le_threshold,historical_density,500,2,390000,97488,97478,33.10199767259193,21.400589800895133,-4.134931077676285,14.425469583445306,65.486695050065,113.30631066050898,0.3489343793565265,0.6608037736259358
2014,all,historical_density,1000,2,390000,97488,97488,33.71160704578267,18.61833417128811,-1.461156252532701,12.268186071990328,55.186639101059946,99.52175011398974,0.40200994882312113,0.6619713741273837
2014,spco2_le_threshold,historical_density,1000,2,390000,97488,97478,29.783081545197664,18.481393526917284,-1.3224555004535963,12.265894505036272,55.15926407563765,98.80732377368038,0.4729453895652169,0.7137401880978169
2014,all,historical_density,2500,2,390000,97488,97488,33.26891274640739,16.9734615067281,-4.617902902100673,10.213240038670278,59.51942413251376,99.04241921254639,0.4176122080638093,0.6977580103704945
2014,spco2_le_threshold,historical_density,2500,2,390000,97488,97478,29.397219691453383,16.83713029732221,-4.480304169909681,10.212807585091042,59.471193891202,98.73799902206554,0.48651368756420965,0.7485114139089076
2014,all,historical_density,5000,2,390000,97488,97488,33.90155798603899,16.48800976528151,-5.0077744499634145,9.280650210647252,55.67003824731619,128.14387788645072,0.3952521110748952,0.6884140980965152
2014,spco2_le_threshold,historical_density,5000,2,390000,97488,97478,30.035827323422215,16.350727333937815,-4.869314292844121,9.278830981858192,55.61753551944154,127.31553472828864,0.4639620306294294,0.7398263293977828
2014,all,spatial_coverage,500,2,390000,97488,97488,30.512060302242205,17.510144153975975,-0.43946619079970617,12.213870455713817,48.83280638153456,88.51934550338983,0.510133078313564,0.7143135131413223
2014,spco2_le_threshold,spatial_coverage,500,2,390000,97488,97478,26.612893077922614,17.379761789448153,-0.30733259235621635,12.212315575934952,48.796347770547285,88.24793844121496,0.5791759673759097,0.7610738414116229
2014,all,spatial_coverage,1000,2,390000,97488,97488,27.395597846871418,14.684274117595905,0.9088604551526198,9.597622066664798,44.26130295872358,85.31178118280296,0.6050913819816499,0.7792990553649234
2014,spco2_le_threshold,spatial_coverage,1000,2,390000,97488,97478,23.249132718965594,14.558016677556067,1.0367175519942717,9.59590641071037,44.221588981538396,85.06608350769955,0.6788337736073682,0.8253846813176224
2014,all,spatial_coverage,2500,2,390000,97488,97488,24.24786961629129,12.706044142289471,0.457787049899533,8.757609059587935,36.847782601799835,67.80092890885606,0.6906271323917006,0.8314311265426947
2014,spco2_le_threshold,spatial_coverage,2500,2,390000,97488,97478,19.772918907501648,12.583964183620866,0.5812174498156192,8.756842811735481,36.79251776853052,67.64689854797962,0.7676953377364432,0.8764834324218551
2014,all,spatial_coverage,5000,2,390000,97488,97488,22.83035787152113,11.43073779763843,-0.1942389465224758,7.859780894117023,32.32710030578362,61.80207912164488,0.725741254551845,0.852356512078993
2014,spco2_le_threshold,spatial_coverage,5000,2,390000,97488,97478,18.033256604021528,11.308769584079085,-0.0711180114412374,7.859497367668922,32.3015069223102,61.55775505976157,0.806774392865008,0.8984829041796922
2014,all,random,500,3,390000,97488,97488,33.18787242200921,18.319488598754273,0.9274544244685944,11.522281980276006,56.38908924752841,117.95449580412306,0.4204460494984904,0.6548301809833876
2014,spco2_le_threshold,random,500,3,390000,97488,97478,29.744634377816865,18.19311513762974,1.0558023765575775,11.52127684859002,56.3441045381702,117.48475298775446,0.47430526748717594,0.6956223878310432
2014,all,random,1000,3,390000,97488,97488,29.504148745435096,14.957722217487309,0.573487494273033,9.296570981738512,44.595568801236524,98.97417986908023,0.5419623008815422,0.7369878255654199
2014,spco2_le_threshold,random,1000,3,390000,97488,97478,25.779146695043,14.833840668665236,0.698962347195698,9.296094719629735,44.56392490871364,98.65901617051826,0.6051306441891977,0.7789995043781054
2014,all,random,2500,3,390000,97488,97488,25.180985941849848,12.055516636165748,0.7606526872515311,7.709158235479833,35.24308899688811,74.31796729017226,0.6663581598864514,0.8166698335240143
2014,spco2_le_threshold,random,2500,3,390000,97488,97478,20.614107746113604,11.931400264644935,0.8860838343446207,7.707728993133713,35.20616303340197,73.70800998362071,0.747509269447842,0.8649944485705889
2014,all,random,5000,3,390000,97488,97488,23.345725765026003,11.018429470780925,0.17879608243874726,7.324467486655152,31.49927934074523,63.63316974839039,0.7132193755774723,0.8454305748708144
2014,spco2_le_threshold,random,5000,3,390000,97488,97478,18.371870692032957,10.893506624687223,0.3048676211146955,7.323170633696037,31.47418327188158,63.439391757610075,0.7994497925312003,0.8949619804719308
2014,all,historical_density,500,3,390000,97488,97488,40.07581410277534,22.79410176431133,-6.041024028839573,14.297651402097244,75.4823540616271,146.02451500902208,0.1549162448563861,0.5740769073309767
2014,spco2_le_threshold,historical_density,500,3,390000,97488,97478,36.90294732282502,22.659745596275773,-5.90494920862245,14.296835123641245,75.30957403518731,145.68128047863547,0.19083244229254837,0.6171576588368382
2014,all,historical_density,1000,3,390000,97488,97488,37.70692726746288,20.817649564194465,-5.015250546074207,12.618646870304019,70.37211450854018,130.65497892388768,0.25186954723193256,0.6094583840076273
2014,spco2_le_threshold,historical_density,1000,3,390000,97488,97478,34.323392228603204,20.68218817448419,-4.878168031698051,12.616565528883967,70.303604354838,130.43298024400457,0.3000020599439537,0.6549655778605615
2014,all,historical_density,2500,3,390000,97488,97488,41.287499484416344,19.72925726960602,-7.161718788699102,10.111184775108597,75.10356161660887,180.3837290109616,0.1030417904178409,0.5968338028043606
2014,spco2_le_threshold,historical_density,2500,3,390000,97488,97478,38.12472626394395,19.591064546523175,-7.022236796398491,10.109685082864019,74.9559453546305,180.07095638196085,0.1363658165582391,0.6423189217070373
2014,all,historical_density,5000,3,390000,97488,97488,34.59445328534809,16.525581840215295,-5.520703484353728,9.186618551607268,56.82373512076798,128.26149190023372,0.3702792705600578,0.6782828897298819
2014,spco2_le_threshold,historical_density,5000,3,390000,97488,97478,30.75452183140391,16.387360721011174,-5.38135340493747,9.185807717961467,56.678780359710984,127.59647396574663,0.4380025906360038,0.7300431271412176
2014,all,spatial_coverage,500,3,390000,97488,97488,30.970543567238096,18.237037727384457,-0.21796944792948328,12.594947164136727,52.545138936717656,93.20563306346706,0.4953007002400349,0.7075566603846122
2014,spco2_le_threshold,spatial_coverage,500,3,390000,97488,97478,27.297350176965008,18.10999325857447,-0.0890764524489187,12.593713299125852,52.49068867375715,92.83374923254279,0.5572512562839738,0.7506289030594765
2014,all,spatial_coverage,1000,3,390000,97488,97488,28.398962410419898,15.182310291331953,-0.48448028672643645,9.958552864692308,45.625306064726466,87.02395855826188,0.5756345753120096,0.7588303481946909
2014,spco2_le_threshold,spatial_coverage,1000,3,390000,97488,97478,24.253969572198436,15.053810763285975,-0.35447294871260754,9.958231793375091,45.58533164795813,86.63722200924148,0.650471967518405,0.8066070154687991
2014,all,spatial_coverage,2500,3,390000,97488,97488,24.35774690582136,12.295588005041692,-0.39376619923687206,8.372798618594402,35.20173259974626,66.9892564532431,0.6878169827917556,0.8295123218553999
2014,spco2_le_threshold,spatial_coverage,2500,3,390000,97488,97478,19.59212927613547,12.16953910785057,-0.26649632687127084,8.371903493792445,35.175963765142974,66.71132703685137,0.7719239772351949,0.8786997003274784
2014,all,spatial_coverage,5000,3,390000,97488,97488,23.013972217212483,11.386924480162222,-0.25938737089382513,7.795433202897499,32.24131223010069,61.97234885083856,0.7213120341988577,0.8500262134312893
2014,spco2_le_threshold,spatial_coverage,5000,3,390000,97488,97478,18.14023767723662,11.263955070077502,-0.13527641737271504,7.794682812194111,32.19959418596269,61.80175458177866,0.8044749968806919,0.897475172018908
2014,all,random,500,4,390000,97488,97488,30.252961352358618,17.018693444172634,1.0562387306565473,11.458082474308213,49.88151975670312,93.34157098282569,0.5184173504409315,0.7215894252469441
2014,spco2_le_threshold,random,500,4,390000,97488,97478,26.363369201741232,16.889894653863376,1.1868917785598063,11.457175342399239,49.824513971173886,92.95220817651146,0.587030308826338,0.7680395812567297
2014,all,random,1000,4,390000,97488,97488,27.20118432188545,13.682982645126295,0.6340399488749054,9.012736738168485,39.87983404158085,81.86909917924083,0.6106764513079725,0.7826370328728782
2014,spco2_le_threshold,random,1000,4,390000,97488,97478,22.78010472117944,13.553581911888081,0.7649094260957598,9.011771052876469,39.84894727732343,81.54935660569149,0.6916614768248046,0.8330504133161797
2014,all,random,2500,4,390000,97488,97488,24.964018027822394,11.916141064149858,0.779688806179123,7.782312054966411,34.14953724677118,75.76716813982209,0.6720829323547707,0.8212951085827852
2014,spco2_le_threshold,random,2500,4,390000,97488,97478,20.30804869169288,11.790283114666414,0.9068491859412274,7.781032377871867,34.12608903399382,75.3873595741605,0.7549511055155367,0.8704130727380488
2014,all,random,5000,4,390000,97488,97488,23.17506169721173,10.744908064187324,0.24480698018952257,7.180763633268953,30.336412082504168,65.7403797807947,0.7173969500147267,0.848684830578114
2014,spco2_le_threshold,random,5000,4,390000,97488,97478,18.04497593359188,10.618688405437458,0.37215404358909043,7.179548167077257,30.306744207904632,65.29338417844521,0.8065231669847562,0.8997718407618245
2014,all,historical_density,500,4,390000,97488,97488,39.54272126403834,23.20356176314127,-4.598403518562802,15.056379967600435,77.14079048194054,130.51940103809767,0.177249502665643,0.5722983039724507
2014,spco2_le_threshold,historical_density,500,4,390000,97488,97478,36.32079264117466,23.06844626674431,-4.461379370137221,15.054464531654304,77.03424895497477,130.31574303743474,0.21616077818554313,0.6156474682001069
2014,all,historical_density,1000,4,390000,97488,97488,39.98766761983894,20.502675038736726,-4.183526611904892,12.22124567607895,64.93620585763847,171.5880501593699,0.15862966857917238,0.5829351700048249
2014,spco2_le_threshold,historical_density,1000,4,390000,97488,97478,36.7099989101774,20.36443488073798,-4.043612317339244,12.220160353152494,64.83892175281615,171.16996304035416,0.19927184606346082,0.6284166706346924
2014,all,historical_density,2500,4,390000,97488,97488,38.427437492182875,19.123932010347602,-5.236142931515439,10.680935879319549,63.49011755639008,169.4586244974585,0.22300558661120506,0.6219583583904212
2014,spco2_le_threshold,historical_density,2500,4,390000,97488,97478,35.065124958834616,18.986619369395093,-5.097405580466413,10.67992570467024,63.42777034949906,168.9938608568963,0.2694210794462143,0.6686197978671247
2014,all,historical_density,5000,4,390000,97488,97488,34.95061977316136,16.583122962976972,-4.910999241288618,9.406824290506336,55.78597157032621,126.46442103294075,0.35724596827699007,0.6707663106163548
2014,spco2_le_threshold,historical_density,5000,4,390000,97488,97478,31.161664058316415,16.444719659113503,-4.771398526345549,9.40585043902658,55.71862564275059,125.97237717172843,0.42302414668254407,0.7219324705730655
2014,all,spatial_coverage,500,4,390000,97488,97488,30.45787360958864,17.450651937033687,2.5002462825162635,11.813050465847596,51.10608021627405,90.73961358666025,0.5118714531030434,0.718557944215868
2014,spco2_le_threshold,spatial_coverage,500,4,390000,97488,97478,26.707345513297998,17.323410474713743,2.629534452628692,11.809824140004224,51.05280418849648,90.35332823261818,0.5761835539133587,0.7625855215369717
2014,all,spatial_coverage,1000,4,390000,97488,97488,29.527237490317145,15.948884243367184,1.441358694614072,9.950922332656972,48.89697775451895,97.82307127982956,0.541245137091702,0.7406107359623024
2014,spco2_le_threshold,spatial_coverage,1000,4,390000,97488,97478,25.83716004262148,15.825726496368178,1.5663004588208584,9.948426774360769,48.82087387867551,97.35697718500205,0.6033514178110095,0.7826029474854825
2014,all,spatial_coverage,2500,4,390000,97488,97488,24.91270880510907,12.333918239094498,0.6921609506492353,8.098820791915557,35.7097903885358,69.98017231995648,0.6734295007816014,0.8207886564551232
2014,spco2_le_threshold,spatial_coverage,2500,4,390000,97488,97478,21.222776600733678,12.219525672438625,0.8078898269534118,8.098129187143115,35.67671195076821,69.51232713472739,0.73237864786559,0.856091434152525
2014,all,spatial_coverage,5000,4,390000,97488,97488,22.867964683053767,11.32700931936862,0.12805840563795945,7.620211460042157,32.22176308183288,62.451802410207804,0.7248369768560545,0.8515234784813993
2014,spco2_le_threshold,spatial_coverage,5000,4,390000,97488,97478,18.72703424777379,11.212507697354198,0.24373517155408117,7.619182688576842,32.19000939711377,62.29265090498649,0.7916208006728271,0.8897553311091181
2014,all,random,500,5,390000,97488,97488,31.237559426344728,17.507289880903198,0.4062679130846832,11.757094412629556,49.56686072133743,94.79956260381152,0.4865605467181461,0.6979172559634825
2014,spco2_le_threshold,random,500,5,390000,97488,97478,27.540697875598635,17.377521614560383,0.5378738820674785,11.755435005660388,49.52220908921562,94.36686964661664,0.5493221253990929,0.7416153487266289
2014,all,random,1000,5,390000,97488,97488,28.505420331088022,15.103904564101523,0.1686072793944233,9.880734259948468,44.49164536815672,85.66609919766564,0.5724470125640877,0.7566744064643628
2014,spco2_le_threshold,random,1000,5,390000,97488,97478,24.391199512401645,14.974464819888432,0.29961378860510307,9.879873633018775,44.45276807401157,85.46969263437384,0.6465054904582749,0.804155990993792
2014,all,random,2500,5,390000,97488,97488,25.002232183952238,12.081524770297568,0.060659364775586935,7.983818008046967,34.810100894327725,68.73005326558275,0.6710782331032883,0.8194398136196908
2014,spco2_le_threshold,random,2500,5,390000,97488,97478,20.219867010907286,11.952814400346611,0.1906153680115005,7.983330137877971,34.77598803144846,68.39023797462738,0.7570745895353945,0.870368395906981
2014,all,random,5000,5,390000,97488,97488,23.456336715891606,10.830094841303193,0.21822305551021273,7.292753022587732,30.21868504743374,61.39698580938284,0.7104954316432257,0.8436117770917747
2014,spco2_le_threshold,random,5000,5,390000,97488,97478,18.337904730690653,10.703003236067854,0.34644807730075383,7.291385549949922,30.198671857706888,61.20830795063572,0.8001906625054189,0.8952647349577747
2014,all,historical_density,500,5,390000,97488,97488,39.812433694585714,22.485082293164012,-6.165982238908119,14.321901059298597,74.5891600340121,136.2988430135857,0.16598761597600298,0.5714896692201771
2014,spco2_le_threshold,historical_density,500,5,390000,97488,97478,36.52897476273499,22.346771305074135,-6.025997119213746,14.320546278552797,74.4379688226687,136.10727295067124,0.20714946766933218,0.6164289238678136
2014,all,historical_density,1000,5,390000,97488,97488,38.788454209702216,20.87868297153362,-5.3968189480663895,12.536087439879651,72.49195861737769,144.20131958062498,0.20833764910680452,0.5962369872631498
2014,spco2_le_threshold,historical_density,1000,5,390000,97488,97478,35.40801384345552,20.740689050541143,-5.257236785211802,12.533899274444593,72.42883435168842,143.97361691924394,0.2550630983442861,0.642701629145853
2014,all,historical_density,2500,5,390000,97488,97488,34.20212141603846,17.43389555455261,-5.008971902322176,10.301897379370928,61.55404997008962,114.01431969058295,0.38448146485987444,0.6775025327473088
2014,spco2_le_threshold,historical_density,2500,5,390000,97488,97478,30.399940436735623,17.2968364908867,-4.87063819990165,10.299535606824264,61.49543373757346,113.50185494182182,0.4508868794437223,0.7279407532545852
2014,all,historical_density,5000,5,390000,97488,97488,34.652897015963376,16.721587038169318,-5.603308921075295,9.209052239940576,60.76903572574461,130.02097118223793,0.3681497779512931,0.678465587641287
2014,spco2_le_threshold,historical_density,5000,5,390000,97488,97478,30.859412062224052,16.5840171193875,-5.464598408711633,9.208506243020565,60.59626681102962,129.37719205381188,0.43416259850037053,0.7295068907961301
2014,all,spatial_coverage,500,5,390000,97488,97488,29.50802958822414,17.004039581567643,-0.8667881758201792,12.231762203722752,46.54399443714911,87.5875716431528,0.5418417965264429,0.7364750287495315
2014,spco2_le_threshold,spatial_coverage,500,5,390000,97488,97478,25.414398254435284,16.87360983643618,-0.734702954437077,12.230145521974407,46.48246221737909,87.23490273486574,0.6162255853431922,0.7852770746544995
2014,all,spatial_coverage,1000,5,390000,97488,97488,28.21135779987422,14.35378546544601,-0.4094009787326972,9.34603455583985,42.702559047927984,87.638897769619,0.5812228039342948,0.7629174594375734
2014,spco2_le_threshold,spatial_coverage,1000,5,390000,97488,97478,23.719590920756264,14.220899307411548,-0.27508430463443356,9.344927440466876,42.62255894566926,87.04929099647158,0.6657043349537446,0.8162588103377039
2014,all,spatial_coverage,2500,5,390000,97488,97488,23.88755800099717,11.80834687676383,-0.450518205610861,7.981100861452319,33.85895755729992,64.91399103180072,0.6997530836216385,0.8370298792671981
2014,spco2_le_threshold,spatial_coverage,2500,5,390000,97488,97478,19.074088943558028,11.682286469678424,-0.32329263011092413,7.980592931388799,33.82562661434685,64.60094168139084,0.7838257492452674,0.8857472403968254
2014,all,spatial_coverage,5000,5,390000,97488,97488,23.01016339914739,11.338375434866016,-0.07992217633010924,7.7756048170936936,31.998533985760652,60.834755448563314,0.7214042724193381,0.8495657916994517
2014,spco2_le_threshold,spatial_coverage,5000,5,390000,97488,97478,18.39288371837487,11.215258866487444,0.044349365812650844,7.77426823384846,31.963474626956852,60.55254314397271,0.7989907672242421,0.8939405129375622
2014,all,random,500,6,390000,97488,97488,30.815380880341074,16.969999645710672,0.4584660867608365,11.355680963744305,49.313110563309436,94.75957679708881,0.500345127769817,0.7079387706648548
2014,spco2_le_threshold,random,500,6,390000,97488,97478,26.930206158281155,16.83885329832313,0.5914003725275498,11.353100825773282,49.25310368571235,94.22135494719755,0.5690809322028707,0.7551674468024782
2014,all,random,1000,6,390000,97488,97488,28.557023300668803,14.446197729198719,-0.7136330859226669,9.261381224991482,42.42873021611884,86.18694835240376,0.5708976248529646,0.7561170940001873
2014,spco2_le_threshold,random,1000,6,390000,97488,97478,24.32227614630744,14.3145116859665,-0.5805382566419779,9.260995480350914,42.38724669435169,85.86536312816219,0.6485004401681485,0.8058832057364017
2014,all,random,2500,6,390000,97488,97488,25.213559399070075,12.02604431200605,-0.2694400337736003,7.878899138214308,35.117043188290914,69.93900340393232,0.6654944210777864,0.8163365033736859
2014,spco2_le_threshold,random,2500,6,390000,97488,97478,20.185989135520835,11.893637555588437,-0.1358271996483772,7.878344439698253,35.085915755527864,69.47510039666183,0.7578879383444035,0.8712907683797192
2014,all,random,5000,6,390000,97488,97488,23.190360661758945,10.66861449796014,-0.38081728033169865,7.1272131282780435,30.314425354065595,59.52028232866597,0.7170237073295702,0.8472347638948423
2014,spco2_le_threshold,random,5000,6,390000,97488,97478,17.805930899756785,10.538402918210586,-0.2495503037523345,7.126344643244181,30.295827573893202,59.25091371619506,0.8116152588096306,0.9013969379891122
2014,all,historical_density,500,6,390000,97488,97488,36.59763973005056,21.55628134759733,-1.529746079273917,14.837644518897918,63.57623635705291,111.73489836159229,0.2952400731162298,0.608301732971591
2014,spco2_le_threshold,historical_density,500,6,390000,97488,97478,32.9948939623094,21.418651796447588,-1.3900620609348213,14.836331484289417,63.51067439537261,111.4229823436235,0.35314069546943105,0.6567201336362691
2014,all,historical_density,1000,6,390000,97488,97488,34.71825070176107,18.285502100144324,-3.720901800913351,11.429910006538165,56.16882988909746,117.64085711583867,0.36576425273175284,0.6529399441013112
2014,spco2_le_threshold,historical_density,1000,6,390000,97488,97478,30.89060482081903,18.146775320361773,-3.580680878832104,11.42884337752352,56.137705086921926,117.04914889571818,0.43301812110223814,0.7040359122058903
2014,all,historical_density,2500,6,390000,97488,97488,35.325743158360176,17.419807647827344,-4.434688180149578,10.00477230278105,59.37299935102475,143.38086740217676,0.34337462681634634,0.6643255982027625
2014,spco2_le_threshold,historical_density,2500,6,390000,97488,97478,31.61355840318061,17.28196808945164,-4.295516514070835,10.003714330164257,59.28617077847207,142.9329906941853,0.406168651242085,0.714512915107673
2014,all,historical_density,5000,6,390000,97488,97488,34.02376411160887,16.38925092747977,-4.726683701884843,9.263131006047843,56.07072012990026,121.69300869460217,0.3908843414015375,0.6851638759133126
2014,spco2_le_threshold,historical_density,5000,6,390000,97488,97478,30.169606725967803,16.251482548420814,-4.5877188921209475,9.261455590509371,55.96409951047457,121.37940263010731,0.45917637659409405,0.73646502870516
2014,all,spatial_coverage,500,6,390000,97488,97488,30.08215163626203,17.12879030380547,0.023273138566008184,11.56004074501115,49.53626311765221,88.96709416828851,0.5238400775263161,0.7251564801410364
2014,spco2_le_threshold,spatial_coverage,500,6,390000,97488,97478,26.27192431220173,17.001397220176262,0.15242580522342355,11.559504387220386,49.5070036342532,88.65208478088381,0.5898902219736306,0.7694602959045992
2014,all,spatial_coverage,1000,6,390000,97488,97488,26.647756323659543,14.017278062534878,0.7124063510795009,9.341350093163157,41.243589317585624,77.38837465157691,0.6263574362276993,0.792531179107583
2014,spco2_le_threshold,spatial_coverage,1000,6,390000,97488,97478,22.32390004280438,13.890917376224811,0.8402781152136501,9.339703260398352,41.20945527423767,76.99260825444023,0.7038876683438005,0.8401303383009846
2014,all,spatial_coverage,2500,6,390000,97488,97488,25.15113718181861,13.01574269924044,0.1815068857189132,8.727417210173087,38.23265298383648,73.95471347971714,0.6671486684726813,0.8168323071223184
2014,spco2_le_threshold,spatial_coverage,2500,6,390000,97488,97478,20.69449097909414,12.891533379514794,0.3070700749930669,8.726139718391352,38.19569926257236,73.61547859891354,0.745536291241988,0.8634820374268651
2014,all,spatial_coverage,5000,6,390000,97488,97488,23.314291865650723,11.803048476396842,-0.004029469791238386,8.092958455411747,33.071171401435244,62.922655957297636,0.7139911283596297,0.8453910310092739
2014,spco2_le_threshold,spatial_coverage,5000,6,390000,97488,97478,18.76227334416919,11.683615485577613,0.11661394994596297,8.092350155858668,33.03807038203739,62.508556182348656,0.7908358388437653,0.8895122030947108
2014,all,random,500,7,390000,97488,97488,30.91698953142572,17.311841661539546,-0.5660424485035975,11.690108282935597,49.54390252649605,96.45506154182947,0.4970446357582625,0.7053225241817349
2014,spco2_le_threshold,random,500,7,390000,97488,97478,27.182859971274386,17.183103576678675,-0.4355864581447657,11.688868853987117,49.511157111110066,96.04756739691602,0.5609574103171422,0.7492525336293085
2014,all,random,1000,7,390000,97488,97488,28.07580119690347,14.397725048207391,0.2928146802356107,9.454902340601791,41.05325722567546,87.54154545167485,0.5852376144452318,0.7655035950148106
2014,spco2_le_threshold,random,1000,7,390000,97488,97478,24.009757479739335,14.270486312423527,0.42156047809793656,9.453128638913796,41.03856452501013,87.12713809321413,0.6574752940601176,0.8113390934037632
2014,all,random,2500,7,390000,97488,97488,25.340567937306563,12.000043896866462,0.1403192832324843,7.820999773661242,34.58863318686468,72.34548238138409,0.6621159159506997,0.8148510495546692
2014,spco2_le_threshold,random,2500,7,390000,97488,97478,20.554675895573734,11.870801118346785,0.27080750823035105,7.819403272474375,34.541399009739166,72.0186774767014,0.7489630660329146,0.8667062204327123
2014,all,random,5000,7,390000,97488,97488,23.76238955595823,10.95048150977096,0.09312478227297621,7.262990948189412,31.517231146159656,62.80568446720611,0.7028913682577609,0.839739641320981
2014,spco2_le_threshold,random,5000,7,390000,97488,97478,18.671411100053696,10.823464683410865,0.22127454183769496,7.26153601045786,31.49309392574607,62.61497048741121,0.7928568205828325,0.8918571491945514
2014,all,historical_density,500,7,390000,97488,97488,35.58813360962263,20.863951400011,0.6374844813354063,14.32661940295182,62.009330624253835,117.80389621621164,0.33358391423713707,0.602654299507468
2014,spco2_le_threshold,historical_density,500,7,390000,97488,97478,32.10479277013036,20.73137555478463,0.7722660997497109,14.323796443186069,61.95784194956179,117.48526048852275,0.3875705063316739,0.6470251130660258
2014,all,historical_density,1000,7,390000,97488,97488,35.71072156393251,19.361664255915876,-0.506396974467378,12.052818747212484,61.97199985203546,128.19753575873003,0.3289848931487589,0.6293820361724949
2014,spco2_le_threshold,historical_density,1000,7,390000,97488,97478,32.13039428628777,19.226177247768078,-0.36897565629254786,12.051479138740689,61.88374425514954,127.54469011703479,0.386593370286088,0.676678019125776
2014,all,historical_density,2500,7,390000,97488,97488,34.801209624072996,18.25646870785962,-3.08656297464253,10.728680286884185,64.26244552569558,108.20299025654553,0.36272963116241597,0.6597406420091296
2014,spco2_le_threshold,historical_density,2500,7,390000,97488,97478,31.04668368752559,18.11915804809588,-2.947696075959931,10.726902477134956,64.1938596263887,107.90800127054268,0.4272741446954348,0.7097511837033775
2014,all,historical_density,5000,7,390000,97488,97488,33.99986428366912,17.09631968046286,-4.815169844180005,9.888285441393293,60.76765889581484,110.14344825872105,0.39173978152124034,0.6827468389742923
2014,spco2_le_threshold,historical_density,5000,7,390000,97488,97478,30.16056912865501,16.959795828568733,-4.677386102891723,9.88576066669441,60.71700889314936,109.77726294575092,0.459500345950684,0.7337002523421822
2014,all,spatial_coverage,500,7,390000,97488,97488,30.575745842486025,17.573622591115896,-2.356358407173916,12.2469469093395,50.8543393388497,92.8406311179259,0.50808601906641,0.7149008970185534
2014,spco2_le_threshold,spatial_coverage,500,7,390000,97488,97478,26.599462536214716,17.44160421988889,-2.2227789386548094,12.24618772956228,50.78900566220256,92.2617347787131,0.5796006088122471,0.7632613141859766
2014,all,spatial_coverage,1000,7,390000,97488,97488,27.03752719177643,14.194438971555638,-1.6158628405015218,9.387460259809814,42.486072500784466,77.14512972632326,0.6153471230054066,0.7855412974756834
2014,spco2_le_threshold,spatial_coverage,1000,7,390000,97488,97478,22.463171357467456,14.063055677736626,-1.4831891451425674,9.38589601827718,42.433446288604834,76.94395102612468,0.7001814526065336,0.837869613622545
2014,all,spatial_coverage,2500,7,390000,97488,97488,24.215196932729732,12.429315954225872,-0.4028195873564497,8.494590913755076,35.364639441510825,65.3875296187251,0.6914602968674144,0.8324811488703497
2014,spco2_le_threshold,spatial_coverage,2500,7,390000,97488,97478,19.687382081001754,12.305612239300107,-0.2778821072357804,8.493628566815403,35.343431883859196,64.98371201411305,0.7697008710601487,0.8780364060669681
2014,all,spatial_coverage,5000,7,390000,97488,97488,22.975366699785226,11.5083766082497,-0.2526518701048433,7.896006160334537,32.607797639002484,62.41411910061646,0.7222462379161334,0.8504406878607077
2014,spco2_le_threshold,spatial_coverage,5000,7,390000,97488,97478,18.33620824348842,11.387397141218864,-0.13051770922122455,7.895048512108559,32.56975305891716,62.255604137464,0.8002276305570303,0.8948992675386763
2014,all,random,500,8,390000,97488,97488,30.67184441195792,17.41353453220799,0.2698535711430144,12.026414999183373,48.824224778654425,93.89550408752437,0.5049890207036368,0.7108251858824012
2014,spco2_le_threshold,random,500,8,390000,97488,97478,26.871111986060093,17.283507818039535,0.4016943754757444,12.024683929981052,48.790436368333545,93.46091113585277,0.570970027753611,0.7558840835070793
2014,all,random,1000,8,390000,97488,97488,27.469105361734727,14.120180309227766,0.48070305672635183,9.260716431100604,41.18455166224538,80.97458028913483,0.6029693114171436,0.7774883075668702
2014,spco2_le_threshold,random,1000,8,390000,97488,97478,23.257747355930718,13.99200446700971,0.6103767634231557,9.260196148968788,41.152137607724605,80.24482381322305,0.6785957223161068,0.8247955582477853
2014,all,random,2500,8,390000,97488,97488,26.436634886503874,12.517288598488804,0.45646386380407766,7.822993025080393,36.81382149496432,82.32604448306198,0.6322544782326289,0.7952381351900587
2014,spco2_le_threshold,random,2500,8,390000,97488,97478,22.494273755393515,12.394964878236,0.5801185256500939,7.822048857039761,36.77421949318249,81.99396551525643,0.6993506232151314,0.8363928433206745
2014,all,random,5000,8,390000,97488,97488,23.595818424539342,10.81367367432918,0.06124937492263973,7.021727258247751,30.578499578469785,66.17717478449464,0.7070421513856997,0.8409216517610808
2014,spco2_le_threshold,random,5000,8,390000,97488,97478,19.238449841668366,10.692485267890687,0.18355340981568183,7.020725258083672,30.561084876019457,65.84285470036603,0.7800841627210537,0.8832358789384085
2014,all,historical_density,500,8,390000,97488,97488,35.646755788456545,20.99616386925302,-3.668083348304735,14.359629837995527,62.74897832807353,104.03473490796844,0.33138661220699994,0.6025068268070719
2014,spco2_le_threshold,historical_density,500,8,390000,97488,97478,32.03866636951697,20.860314315097177,-3.530456154012561,14.357132111354815,62.70226186710207,103.82028720092492,0.3900907562905547,0.6496620868953028
2014,all,historical_density,1000,8,390000,97488,97488,36.742413038786204,19.672304453923676,-5.7411966554261875,11.928796396188687,67.14568020442978,130.29491263918504,0.28965325201392134,0.6244998345946869
2014,spco2_le_threshold,historical_density,1000,8,390000,97488,97478,33.11782011614654,19.53309903092931,-5.60056207838696,11.92766361987077,67.10259661873847,129.77010563460604,0.34831182411785055,0.6739296316684629
2014,all,historical_density,2500,8,390000,97488,97488,36.45587830821416,17.96322848850362,-5.602874597895849,10.23106443815962,59.09645760610183,150.2476357318412,0.3006892918646459,0.6431047215724947
2014,spco2_le_threshold,historical_density,2500,8,390000,97488,97478,32.81403259631753,17.823900727813463,-5.462278822485381,10.229734559685312,59.023076549438606,149.42073532679962,0.36021277228104476,0.6929961796792085
2014,all,historical_density,5000,8,390000,97488,97488,36.34187481733607,17.671053223054628,-6.724597891229481,9.483939276114313,64.7775040512556,148.10672397267953,0.3050561709993942,0.6608899729770579
2014,spco2_le_threshold,historical_density,5000,8,390000,97488,97478,32.78809001333019,17.534018430313193,-6.5864401317333074,9.48307242042344,64.64833324664247,147.5865960079267,0.3612239964983084,0.7096459570585375
2014,all,spatial_coverage,500,8,390000,97488,97488,41.52952210159645,23.186428255152396,4.970950642077299,14.530128637023438,73.37091423013585,149.58010673646618,0.09249523577313423,0.5215727797581118
2014,spco2_le_threshold,spatial_coverage,500,8,390000,97488,97478,39.54387424220931,23.07789932742841,5.082368157882415,14.526968020254884,73.29709156706468,149.250566028849,0.070873625797516,0.5367104422038305
2014,all,spatial_coverage,1000,8,390000,97488,97488,31.229752265756396,16.424601589098543,2.6766354308856912,10.338527790486097,48.17785594751026,109.55833861445568,0.4868171610899318,0.7107596125634472
2014,spco2_le_threshold,spatial_coverage,1000,8,390000,97488,97478,28.350745519043468,16.31124530071118,2.791951262659252,10.337278613099983,48.13242892910983,108.77870422416065,0.5224208888188895,0.7398023192042668
2014,all,spatial_coverage,2500,8,390000,97488,97488,27.17864537427479,12.970319572683161,0.4124197742165772,8.37847362660355,36.633565711588815,82.53849254774755,0.6113213723156312,0.7860684193008727
2014,spco2_le_threshold,spatial_coverage,2500,8,390000,97488,97478,23.91953309695136,12.855707598530666,0.5284046468022465,8.37721330683803,36.61271310968111,82.17998405360622,0.6600447505988323,0.8187474377599564
2014,all,spatial_coverage,5000,8,390000,97488,97488,24.2145658676946,11.754348850932127,0.3335885426483052,8.005108164844927,32.06092929674667,63.96563381624026,0.6914763781804854,0.8319192368416538
2014,spco2_le_threshold,spatial_coverage,5000,8,390000,97488,97478,20.59840441990931,11.643396848244631,0.44578061359669563,8.004038702580175,32.03703240290974,63.73920207909263,0.7478938055291644,0.8658288474912454
2014,all,random,500,9,390000,97488,97488,30.776804440163453,17.23865947265163,-0.4464706941487065,11.61610777256169,49.18630139962133,92.14667540123126,0.5015953373098399,0.7083937620699545
2014,spco2_le_threshold,random,500,9,390000,97488,97478,26.887420047658665,17.107764857619674,-0.3138534146408156,11.61499166653573,49.151286152453984,91.76754350519651,0.5704491136694347,0.7554567084942705
2014,all,random,1000,9,390000,97488,97488,27.479734368371915,13.870338519221301,0.5098732757521696,9.009668637558292,40.903050984630866,79.46001131635349,0.6026619946531974,0.7767589187246839
2014,spco2_le_threshold,random,1000,9,390000,97488,97478,23.093244336914346,13.739891983927036,0.6417950374354616,9.009334806067443,40.86999405599068,79.04320861557004,0.6831262549043788,0.8270942568941174
2014,all,random,2500,9,390000,97488,97488,25.55680815467509,12.130960393007616,0.33222615369486186,7.782593961014044,35.20323593849298,74.51846570321806,0.6563247380058641,0.8119505510914456
2014,spco2_le_threshold,random,2500,9,390000,97488,97478,20.84558455937052,12.0026329169487,0.4618321937935297,7.781262912123424,35.18146698059527,74.08796045067972,0.7418069712465816,0.8632791842092263
2014,all,random,5000,9,390000,97488,97488,23.276057991633998,10.854806415840129,0.13496304253583993,7.217283208572354,31.026486366560498,64.53783444640872,0.7149284298834836,0.8482124857295853
2014,spco2_le_threshold,random,5000,9,390000,97488,97478,18.198222625185306,10.729385799673844,0.2615110689340106,7.216785816983133,31.007479842385724,64.1567239661047,0.8032230146960263,0.898918930530919
2014,all,historical_density,500,9,390000,97488,97488,37.51532279854757,22.76894354675871,0.04923676038730309,15.59991468245613,64.7214199758846,109.23186800044373,0.25945334949439547,0.5813762655691614
2014,spco2_le_threshold,historical_density,500,9,390000,97488,97478,34.11833920173976,22.633673034284755,0.1868481272393885,15.597888984904074,64.67678931778798,108.92654594680847,0.30834085936773004,0.6260865966322383
2014,all,historical_density,1000,9,390000,97488,97488,35.67764655473024,19.150820586183585,-3.1438040954194957,11.822498820605233,62.961860386662785,115.00796740182332,0.3302272961011792,0.6447434216222838
2014,spco2_le_threshold,historical_density,1000,9,390000,97488,97478,31.98137227528934,19.012913870497812,-3.0042552639239224,11.820623646801522,62.89338656811019,114.71104095884532,0.3922701823801673,0.6945577968265122
2014,all,historical_density,2500,9,390000,97488,97488,35.9054712561922,18.096267036110568,-4.9061432069062905,10.225006556032213,66.12731418093709,131.350868393908,0.32164612687349947,0.6610017723665146
2014,spco2_le_threshold,historical_density,2500,9,390000,97488,97478,32.27995630255038,17.958957460437414,-4.767480492696318,10.223064893269537,66.01337965946138,131.06071306246744,0.3808694532563872,0.7103859392839682
2014,all,historical_density,5000,9,390000,97488,97488,36.902542573605814,17.610932768877277,-5.712883485950746,9.378267411220861,66.05787485787515,151.1047224746796,0.28344814189087275,0.6544459606483308
2014,spco2_le_threshold,historical_density,5000,9,390000,97488,97478,33.42876610914874,17.474558546277407,-5.575288675189144,9.376929632796362,65.91894278075337,150.66694057377487,0.33601686464068314,0.7023225945737337
2014,all,spatial_coverage,500,9,390000,97488,97488,29.599221857544418,16.69636824011838,-0.3141902392874165,11.394144115620264,48.661691559892375,86.61113689250098,0.53900561623672,0.7342901163167934
2014,spco2_le_threshold,spatial_coverage,500,9,390000,97488,97478,25.55466824602201,16.566148006871042,-0.18228940344248398,11.391910982602184,48.62134209661809,86.32302017687466,0.6119775530846037,0.782363133316595
2014,all,spatial_coverage,1000,9,390000,97488,97488,27.222642182409366,14.597348092179002,-0.43098053721165946,9.828195905069322,43.07251967647655,78.87678334147948,0.6100619673659782,0.7812845704211274
2014,spco2_le_threshold,spatial_coverage,1000,9,390000,97488,97478,22.780913140969403,14.46697006449252,-0.2991492208287557,9.826903648378192,43.05042282604926,78.72693189873024,0.6916395918167958,0.8318157118908445
2014,all,spatial_coverage,2500,9,390000,97488,97488,23.455583577422978,12.002317752788851,-0.08760695420398386,8.191214172396968,34.509575262366276,63.59743049109856,0.710514022229602,0.8442095182549578
2014,spco2_le_threshold,spatial_coverage,2500,9,390000,97488,97478,18.95767717806957,11.880337123083907,0.03559597292177528,8.19041123061146,34.45078039558524,63.33627141202677,0.786456378981184,0.8877597768174792
2014,all,spatial_coverage,5000,9,390000,97488,97488,22.32430811475761,11.268058403289979,0.14425991505635308,7.7529100149285455,31.560417551815302,57.42804250836485,0.7377647543709711,0.8597696189917562
2014,spco2_le_threshold,spatial_coverage,5000,9,390000,97488,97478,17.914511036253792,11.149374545219867,0.2641145314840786,7.751400259959411,31.53682663239559,57.292619562248944,0.8093107224626355,0.9000559447296845
2014,all,random,500,10,390000,97488,97488,37.022563044655435,20.343934364397082,3.0724630594039746,11.872229843650558,65.23371062271416,140.56942748200615,0.27877958852835794,0.5708267816244127
2014,spco2_le_threshold,random,500,10,390000,97488,97478,34.192536808679606,20.221417494612556,3.197382153015805,11.871067465286416,65.15268642747391,140.0010173737449,0.3053292675491225,0.6010710717307138
2014,all,random,1000,10,390000,97488,97488,32.88106166598699,16.1283749864432,2.218709919570743,9.355271419694787,48.5527420420345,119.81002935984672,0.4311120826135021,0.6734092456510811
2014,spco2_le_threshold,random,1000,10,390000,97488,97478,29.84885666042114,16.008814844179394,2.3401522388289444,9.353590099391766,48.51103315741222,119.18495260517476,0.4706148477560438,0.7063116012147365
2014,all,random,2500,10,390000,97488,97488,27.97557852487622,12.79278777384855,1.194628741451901,7.932120627007265,36.226688118155906,81.79832323815663,0.588193498067648,0.7674660384733849
2014,spco2_le_threshold,random,2500,10,390000,97488,97478,24.223102986113407,12.670248833276817,1.3186026126249286,7.930771216572225,36.169913320642415,81.34267492328765,0.6513610485390822,0.8078613689725721
2014,all,random,5000,10,390000,97488,97488,23.5256599244466,11.09315789820846,0.29052150557753365,7.3295569486821535,31.174558934942404,65.3741686532271,0.7087816907045199,0.8434863019050893
2014,spco2_le_threshold,random,5000,10,390000,97488,97478,18.730055789831823,10.968790915225906,0.41605630893019974,7.328876101851193,31.145659343102064,65.15252451127292,0.7915535527252362,0.8911365160991289
2014,all,historical_density,500,10,390000,97488,97488,37.50534466167696,21.835640979738926,-2.716757309435526,14.743556871470673,64.47518990982127,115.83453125951827,0.2598472308530224,0.5948531113418046
2014,spco2_le_threshold,historical_density,500,10,390000,97488,97478,34.024123348191665,21.69855932116118,-2.5777142971502505,14.742752791348863,64.40008930553734,115.55016828099109,0.3121555398443745,0.6415750301959091
2014,all,historical_density,1000,10,390000,97488,97488,32.87288048159109,17.719128436735335,-0.4928673132396442,11.74345861495604,52.05089529907128,91.3100569706853,0.43139513904238325,0.6743941543066825
2014,spco2_le_threshold,historical_density,1000,10,390000,97488,97478,28.854948080669725,17.58251619633432,-0.3544878780743211,11.742252144848209,52.00669259159558,91.10870506636407,0.5052828682798743,0.726835443629632
2014,all,historical_density,2500,10,390000,97488,97488,32.926188493008866,16.67055321494086,-3.0685753051070073,10.215735049420147,53.18493543186377,100.73688138413023,0.42954949783821605,0.6882908339386359
2014,spco2_le_threshold,historical_density,2500,10,390000,97488,97478,28.953547622626598,16.533484640782508,-2.9301113414341144,10.214924970634144,53.13151599255506,100.49457031732597,0.5018961199817014,0.7399984364087877
2014,all,historical_density,5000,10,390000,97488,97488,34.2856977143118,16.691779610866476,-4.586731746293008,9.217670492538105,59.56490477975251,133.41783169737204,0.3814696275051149,0.6808065113777388
2014,spco2_le_threshold,historical_density,5000,10,390000,97488,97478,30.515464953512183,16.555196164460725,-4.448906476310188,9.215982414748282,59.47370534603963,133.2452994557168,0.4467055185333617,0.7309370776459295
2014,all,spatial_coverage,500,10,390000,97488,97488,32.26924599086196,18.51264873929771,2.128269975979192,12.542721218137018,54.20664029582488,94.85227403935669,0.4520856408969338,0.6758840983575516
2014,spco2_le_threshold,spatial_coverage,500,10,390000,97488,97478,28.739536805856154,18.384640554217462,2.2583956561573397,12.540877716023715,54.153061076765255,94.74344523317974,0.5092323989629195,0.7176125094694159
2014,all,spatial_coverage,1000,10,390000,97488,97488,28.01144278763142,14.968297700662413,0.39031357644107223,9.97346276094106,43.189353972315175,78.98937642125762,0.5871369620264151,0.7666895082725059
2014,spco2_le_threshold,spatial_coverage,1000,10,390000,97488,97478,23.855331122645712,14.839478104536381,0.5207087702688501,9.972201069637862,43.1601557195251,78.50975881701807,0.6618672365971255,0.8140452728160843
2014,all,spatial_coverage,2500,10,390000,97488,97488,23.74281640903713,11.995794129133406,0.30871281703749653,8.176058865475483,34.86823546310102,61.66336563707401,0.7033806251000919,0.8399040638708666
2014,spco2_le_threshold,spatial_coverage,2500,10,390000,97488,97478,18.932726865689794,11.87076120529525,0.43500802641148717,8.17515645365583,34.8412641062998,61.23648999992057,0.7870181011698152,0.8882690073685774
2014,all,spatial_coverage,5000,10,390000,97488,97488,22.39833589148458,11.096014013894678,-0.0729476422430907,7.587292379136244,31.732524994684137,58.06116236458756,0.7360227179756287,0.8590675228961856
2014,spco2_le_threshold,spatial_coverage,5000,10,390000,97488,97478,17.62130825880084,10.974045364162832,0.050151833559422807,7.584964341817965,31.71720697304391,57.888124989640865,0.815501579401617,0.9038714102833345
2014,all,random,500,11,390000,97488,97488,32.00364090294624,18.04572767801115,-1.0922376191294105,12.073453014042371,51.923891248298375,99.81435933086706,0.46106818263648175,0.6818863854246592
2014,spco2_le_threshold,random,500,11,390000,97488,97478,28.22692617027681,17.913243306172458,-0.9580140353599387,12.072186577237318,51.868850713081564,99.45783927768935,0.5265833475645504,0.7282765975000893
2014,all,random,1000,11,390000,97488,97488,29.151856074675223,15.300772155000779,2.1637866135536523,9.592896080127474,46.37467418981512,102.99320955350412,0.5528353445847007,0.7461267882294247
2014,spco2_le_threshold,random,1000,11,390000,97488,97478,25.409287849925366,15.175742527674567,2.2906078819443665,9.59245329073471,46.35327415884327,102.67562127179046,0.616379910878939,0.7883229212451356
2014,all,random,2500,11,390000,97488,97488,27.764199323549683,13.129057260441252,1.4531440504421933,8.117972627718785,38.790882942225764,90.94605558413919,0.5943930818392447,0.774671178043616
2014,spco2_le_threshold,random,2500,11,390000,97488,97478,23.831574057246403,13.006566075836265,1.5771311829852663,8.117008328194004,38.76082223576729,90.57320516475596,0.6625403810742607,0.818435137862638
2014,all,random,5000,11,390000,97488,97488,24.362062337179722,11.642649202635178,0.673894084814982,7.605230125661137,33.22351297826499,71.48911230776446,0.6877063548483362,0.8294613778292113
2014,spco2_le_threshold,random,5000,11,390000,97488,97478,19.96451318142748,11.521815190881131,0.7959916168800172,7.604491791561685,33.197428779050234,71.04060034448378,0.763171586866241,0.8739445505757517
2014,all,historical_density,500,11,390000,97488,97488,43.682482330091,23.37361735756054,-6.3100746150467275,13.456919929797266,80.39361045104982,176.3833733142442,-0.00403688223107701,0.5236357999372699
2014,spco2_le_threshold,historical_density,500,11,390000,97488,97478,40.72139473112028,23.235739773357388,-6.170446528910576,13.455998461441254,80.24075319426804,176.208751210357,0.01471551446292918,0.5645809923652554
2014,all,historical_density,1000,11,390000,97488,97488,38.585122730639085,19.91375382358671,-6.1885507854960125,11.410725858655866,67.85935764493082,155.36687268708607,0.21661578098731504,0.6057369782510617
2014,spco2_le_threshold,historical_density,1000,11,390000,97488,97478,35.14746464745265,19.774029077713674,-6.0474180087813405,11.40973341677801,67.79118912001798,154.92571261608933,0.2659859700927518,0.6534306656673586
2014,all,historical_density,2500,11,390000,97488,97488,35.07148278444914,17.485099313917882,-3.9052499314795743,10.251229521368714,57.78582290279097,134.37951471833654,0.35279285641952474,0.6571563469756545
2014,spco2_le_threshold,historical_density,2500,11,390000,97488,97478,31.286637838384262,17.3461282302238,-3.7648857283757327,10.250717193781384,57.71622282908296,133.90933540290243,0.41838694595768433,0.7080614350012496
2014,all,historical_density,5000,11,390000,97488,97488,32.65138796241852,15.83800033791863,-4.1208390233703325,9.322202855371529,52.01649054316007,117.3266176623183,0.43903167305124635,0.7000357057629691
2014,spco2_le_threshold,historical_density,5000,11,390000,97488,97478,28.60592909251205,15.700934220212464,-3.982570874301754,9.320389619504624,51.9444645072987,117.04059749969603,0.5137848677018388,0.7528244950526448
2014,all,spatial_coverage,500,11,390000,97488,97488,30.555716798795213,17.41662333882864,-0.8980473422937768,12.021016379427408,50.7402522402979,92.50182810962258,0.508730277403749,0.7180486305315363
2014,spco2_le_threshold,spatial_coverage,500,11,390000,97488,97478,26.7433203918025,17.287516433720356,-0.767245841892556,12.018583720326262,50.71900287937834,92.03456039587572,0.5750410207585421,0.7633584580970292
2014,all,spatial_coverage,1000,11,390000,97488,97488,29.50516812793489,16.076735199104387,0.86072034868666,10.348033286432923,48.518348148438086,95.40034726366885,0.541930649490083,0.7369484808153123
2014,spco2_le_threshold,spatial_coverage,1000,11,390000,97488,97478,25.655331327914237,15.949690322662645,0.9895027921227796,10.347062641679912,48.48611575789496,94.92122787950518,0.6089145929078652,0.7813185416697268
2014,all,spatial_coverage,2500,11,390000,97488,97488,25.19554798907247,12.900818883799639,0.48722073737018035,8.699123984453394,37.27059171551085,71.09650581349005,0.665972161254883,0.8161477520499496
2014,spco2_le_threshold,spatial_coverage,2500,11,390000,97488,97478,20.809465600015205,12.776130043829507,0.6132830195140496,8.697908185268574,37.23191791980738,70.9177920106006,0.742700933633449,0.8619467015012449
2014,all,spatial_coverage,5000,11,390000,97488,97488,23.702957905918314,11.925261226457053,0.047683926601678375,8.121378493366166,33.24856868598882,66.23209469882154,0.7043756949559536,0.8392787072363845
2014,spco2_le_threshold,spatial_coverage,5000,11,390000,97488,97478,19.502929459047948,11.807959953744833,0.16621347083701682,8.11875226031168,33.218934824867645,65.93264657005287,0.7739960365781953,0.8799055968184016
2014,all,random,500,12,390000,97488,97488,30.477148471723318,16.29926530707834,0.12082859304538238,10.74650120898562,46.74330422076908,93.42502669356627,0.5112534462373398,0.7153211903254622
2014,spco2_le_threshold,random,500,12,390000,97488,97478,26.757614000602146,16.172615424005315,0.24916296840385765,10.744689740941226,46.71595533334342,92.83879363846597,0.5745866403325977,0.7583044479751786
2014,all,random,1000,12,390000,97488,97488,28.933466468069707,14.35798628309287,0.052587657677793234,8.919655274756366,42.08531020753135,92.25057110406145,0.5595100702076673,0.7480097829609761
2014,spco2_le_threshold,random,1000,12,390000,97488,97478,24.994360652308117,14.231432355770206,0.18061992615854253,8.917841178448526,42.04322929826134,91.88221407493704,0.6288064511810679,0.7929859672371706
2014,all,random,2500,12,390000,97488,97488,24.65573062218663,11.807236462073758,-0.10474090466653847,7.795540700932378,34.273468661979614,69.87143252075228,0.6801319965227373,0.8260106040171976
2014,spco2_le_threshold,random,2500,12,390000,97488,97478,19.65241615727747,11.677474772945589,0.026221311304347662,7.794386608979977,34.25039761383432,69.59413562645962,0.7705181936257695,0.8792694165279744
2014,all,random,5000,12,390000,97488,97488,23.382978531764895,10.51207652878032,0.08539191811108605,6.977434177111917,29.891439875032354,59.3674343537696,0.7123034138686117,0.8446814390470397
2014,spco2_le_threshold,random,5000,12,390000,97488,97478,17.91552011065094,10.381061229975142,0.21749438206603103,6.976211913958565,29.86395595245883,59.1873440346227,0.8092892398682608,0.9004856707680549
2014,all,historical_density,500,12,390000,97488,97488,38.71445229300959,22.84289550638013,-4.058479246288267,15.350703936135034,69.23603865673954,125.02442335067227,0.2113554876756759,0.5814046477699045
2014,spco2_le_threshold,historical_density,500,12,390000,97488,97478,35.35712087696213,22.705611017119203,-3.919267715411784,15.349462839268512,69.14763939888246,124.82369449005368,0.2572029982493663,0.6267817468552694
2014,all,historical_density,1000,12,390000,97488,97488,39.105383761479,20.659671874145786,-6.2380856600864325,12.055549665407682,73.24242162562888,157.2415620338849,0.19534789632027694,0.6046495349586397
2014,spco2_le_threshold,historical_density,1000,12,390000,97488,97478,35.79431824262468,20.52264433192846,-6.099578646992182,12.053953645779046,73.13181638673262,156.45226456622524,0.23871978047235698,0.6505212630503556
2014,all,historical_density,2500,12,390000,97488,97488,36.02019561605914,17.785384397893313,-5.739781503901805,10.010422224883456,61.53785632063075,134.02911596252727,0.3173042791591081,0.6510123371756595
2014,spco2_le_threshold,historical_density,2500,12,390000,97488,97478,32.40830460037316,17.64828611282023,-5.601447493547733,10.008755991634331,61.35104029281971,133.75951491487453,0.3759362166610145,0.6999525040388336
2014,all,historical_density,5000,12,390000,97488,97488,34.483420983050955,16.873190991894795,-5.7828698878832965,9.401020890489491,61.600812631819075,126.54214943960362,0.374315012205352,0.6803067821489438
2014,spco2_le_threshold,historical_density,5000,12,390000,97488,97478,30.698705566676903,16.736345671060352,-5.6448868415001145,9.399360495598614,61.52491679418944,126.10742055303193,0.4400406734243363,0.7309962710920108
2014,all,spatial_coverage,500,12,390000,97488,97488,29.10155301246524,16.592075547447433,-1.1315824593591606,11.684991847355832,46.66948503971345,88.1507550265381,0.5543772254409842,0.7450545627063475
2014,spco2_le_threshold,spatial_coverage,500,12,390000,97488,97478,25.12417578572537,16.464197633653363,-1.0021184960884781,11.683076139861129,46.61350115159847,87.85719073871574,0.6249406451454298,0.7909410819170684
2014,all,spatial_coverage,1000,12,390000,97488,97488,26.739727384577943,14.206762515287135,-0.27044577736417835,9.537939099508435,41.99868348662012,76.11117952149168,0.6237738337355566,0.7898296879460489
2014,spco2_le_threshold,spatial_coverage,1000,12,390000,97488,97478,22.33728670994847,14.07856613808268,-0.14081971174408756,9.536055073180279,41.96164472959933,75.76883016238699,0.7035324306192554,0.8387902734585334
2014,all,spatial_coverage,2500,12,390000,97488,97488,24.608032691409985,12.626512613761026,0.5415133761916953,8.413367677316472,36.97733501314978,70.29478323656134,0.6813684055594846,0.8255466078521567
2014,spco2_le_threshold,spatial_coverage,2500,12,390000,97488,97478,20.102248533612972,12.503837391392274,0.6655394701406934,8.41233809874089,36.93694391269492,70.05764524180172,0.7598925520907192,0.8718737883615747
2014,all,spatial_coverage,5000,12,390000,97488,97488,23.877298946975273,11.839325538808861,0.15642727052680291,8.095885543027634,33.729991089598556,63.985581296210455,0.7000109239495117,0.8367199210986301
2014,spco2_le_threshold,spatial_coverage,5000,12,390000,97488,97478,19.026602772975277,11.717512309245205,0.2794711113883268,8.094916293379384,33.69915156752064,63.84751063243889,0.7849007687999003,0.8859992673814866
2014,all,random,500,13,390000,97488,97488,31.087632528958665,17.546958411450877,0.9726763338612605,11.512718131909224,53.10928446956362,99.77064333313109,0.4914772978350733,0.7014100600398453
2014,spco2_le_threshold,random,500,13,390000,97488,97478,27.432333557517698,17.41900070413017,1.1025339195899517,11.510964373088541,53.07091138078483,99.41592917321712,0.5528617103852005,0.7440323033737801
2014,all,random,1000,13,390000,97488,97488,28.694041601359157,14.40979338936042,0.43340280456998387,8.941108298848519,43.696972177864204,89.138716345009,0.5667700287579314,0.7529091701230015
2014,spco2_le_threshold,random,1000,13,390000,97488,97478,24.425237085348083,14.277808691954645,0.5669102246612808,8.940348229881863,43.670075563834914,88.77045678781136,0.6455182089219461,0.8035619611391055
2014,all,random,2500,13,390000,97488,97488,25.583508315085425,11.792668378100469,-0.8405462253917,7.529721250673219,34.42218704262912,72.09805105805779,0.6556062619018335,0.8100136166661871
2014,spco2_le_threshold,random,2500,13,390000,97488,97478,20.627585474697124,11.660694569991163,-0.7074488691840846,7.528788268937603,34.40230880648984,71.70509022036218,0.7471789991263775,0.8647326875863632
2014,all,random,5000,13,390000,97488,97488,23.34428287518317,10.982930427585329,-0.11296721452302462,7.29521072725521,31.45751660760966,64.66142435252407,0.713254823613397,0.8462216067631527
2014,spco2_le_threshold,random,5000,13,390000,97488,97478,18.43841980399796,10.857256273275523,0.013822059425371267,7.294563267771252,31.43211694235024,64.44381975237702,0.797994240063423,0.8948424943800208
2014,all,historical_density,500,13,390000,97488,97488,38.31595471214767,21.94844475828982,-5.84241132251678,13.911579958283681,70.68145744440203,131.9070771190441,0.22750736206372668,0.6009629337500558
2014,spco2_le_threshold,historical_density,500,13,390000,97488,97478,34.92851215796807,21.810462563637273,-5.7027768541782935,13.90954088535213,70.61581033529582,131.41703022488952,0.2751026226373461,0.647098916375191
2014,all,historical_density,1000,13,390000,97488,97488,34.51201539314239,19.1491939067157,-2.2299371030529525,11.940068533520417,62.12745875664297,113.67752805874422,0.3732769185091639,0.6639827932322591
2014,spco2_le_threshold,historical_density,1000,13,390000,97488,97478,30.839128651192997,19.013491055175145,-2.092498551477145,11.939096776850704,62.07070125217905,113.47229188114092,0.43490618627220023,0.7121911619186517
2014,all,historical_density,2500,13,390000,97488,97488,36.57042928942335,18.14287049243165,-4.837234819411071,10.230884490571555,62.24536014925572,150.81502702882273,0.29628766521656313,0.648636153669086
2014,spco2_le_threshold,historical_density,2500,13,390000,97488,97478,33.00374134691975,18.00525895592274,-4.69825829432289,10.23008467107266,62.169373508279286,150.4992636815399,0.35279374600758595,0.6974940527849041
2014,all,historical_density,5000,13,390000,97488,97488,34.793808447374346,16.60782712860602,-4.953924252366372,9.218914838589342,58.21959434856873,138.77732074223724,0.36300065904454315,0.6766801657905575
2014,spco2_le_threshold,historical_density,5000,13,390000,97488,97478,31.022399172872177,16.47058180248306,-4.815483384390257,9.21808008084281,58.116602721235495,137.81845925235797,0.428169759186649,0.7274970773031564
2014,all,spatial_coverage,500,13,390000,97488,97488,32.24009773615897,18.418436022850447,2.1845067134751197,12.585019743627669,51.549769293329355,109.85552482346037,0.45307503706990027,0.6765119176156705
2014,spco2_le_threshold,spatial_coverage,500,13,390000,97488,97478,28.793668570209263,18.29230133324505,2.3127550023271515,12.58443964398549,51.50777168250079,109.35280628177789,0.507381907401949,0.7163406607791784
2014,all,spatial_coverage,1000,13,390000,97488,97488,28.1124812783229,14.809532635170163,1.1701076973501996,9.620133581590437,44.10074395162487,86.92865092209387,0.5841531605457603,0.7656405515916657
2014,spco2_le_threshold,spatial_coverage,1000,13,390000,97488,97478,23.97302203748608,14.681557757627624,1.2997218822577348,9.619592315068871,44.077345457796305,86.55305065619072,0.6585226324676053,0.8130497737687717
2014,all,spatial_coverage,2500,13,390000,97488,97488,25.582289038608444,13.019318244517024,0.5204145077827406,8.621290823536867,37.49565772413307,74.2082707416797,0.6556390878279966,0.8098645007098542
2014,spco2_le_threshold,spatial_coverage,2500,13,390000,97488,97478,21.509016076330553,12.897415077657005,0.6437066785977335,8.620235030346606,37.463922010868224,73.95104774621763,0.7251109478021711,0.8518734387660722
2014,all,spatial_coverage,5000,13,390000,97488,97488,22.65041672792072,11.45829287025121,0.17002503972706592,7.720565774992764,32.63889580205,63.860566065113616,0.7300474464112678,0.8548418114275891
2014,spco2_le_threshold,spatial_coverage,5000,13,390000,97488,97478,18.590075640461205,11.343991534665319,0.28551929247477514,7.719433342820992,32.6276228178047,63.545115490936325,0.7946575831731423,0.8915577118055426
2014,all,random,500,14,390000,97488,97488,30.64780357600389,17.00638907773705,0.47000170227435195,11.276881533248599,50.46205712509103,93.63727551579875,0.5057647036879601,0.7124612875185607
2014,spco2_le_threshold,random,500,14,390000,97488,97478,26.87724661835473,16.877916025653047,0.6002676092363821,11.276042459165609,50.428839415615535,92.86080707979133,0.5707741116665903,0.7569097499480586
2014,all,random,1000,14,390000,97488,97488,27.974109028586735,14.316722150815727,-0.7588701353302738,9.238739466643892,42.02639584966481,85.78781311192597,0.5882367595310332,0.7679231875853769
2014,spco2_le_threshold,random,1000,14,390000,97488,97478,23.710475875603063,14.18723597152521,-0.6279930932793919,9.237451068797384,42.012921286495434,85.58754778743645,0.6659612141396256,0.8170604439614289
2014,all,random,2500,14,390000,97488,97488,24.75202608468709,11.634772247049849,-0.7013030545992482,7.6778322458543755,32.98342790334768,69.33690665963059,0.6776285633322631,0.8241129077303855
2014,spco2_le_threshold,random,2500,14,390000,97488,97478,19.701207328546733,11.503419994413273,-0.5688291674202667,7.676412882964712,32.95636428218306,68.97168904123843,0.7693773074295784,0.8781828179577904
2014,all,random,5000,14,390000,97488,97488,23.438789007818222,10.696542075139188,-0.4807613788752238,7.109724140118203,30.599021008887856,60.15354709574519,0.7109284269129914,0.8448351977754626
2014,spco2_le_threshold,random,5000,14,390000,97488,97478,18.100556570969708,10.566510396819663,-0.34968169170279884,7.1089737631900505,30.556307623129047,59.94764547242905,0.8053294688765631,0.8992316283416193
2014,all,historical_density,500,14,390000,97488,97488,38.39805250096919,22.593008968415337,-2.318448457504464,14.976461522790544,68.30481364505115,129.75539460195918,0.22419344850543554,0.5854227326052645
2014,spco2_le_threshold,historical_density,500,14,390000,97488,97478,35.01735429788253,22.455588406579785,-2.1789479842518817,14.97483770318658,68.2284966692076,129.06971689290856,0.27141031889362444,0.6310480293082051
2014,all,historical_density,1000,14,390000,97488,97488,37.91127601765199,20.405919512154384,-4.545153715082175,12.409631459708947,64.40118737667508,145.13697120450425,0.24373874520660965,0.6102761210417587
2014,spco2_le_threshold,historical_density,1000,14,390000,97488,97478,34.44129036701963,20.267470666716104,-4.405077757290644,12.407948160822912,64.32548461666617,144.73316114194637,0.2951849257379614,0.6578456193669718
2014,all,historical_density,2500,14,390000,97488,97488,36.378660779606356,18.308419742013232,-4.319492169779509,10.631484479974944,59.16492307641062,149.02084447699303,0.30364858727486743,0.6457495296071364
2014,spco2_le_threshold,historical_density,2500,14,390000,97488,97478,32.76918964459419,18.170525828409417,-4.180163170559223,10.63032252235601,59.080940145982,148.52045401943397,0.3619602164056669,0.6950125116910878
2014,all,historical_density,5000,14,390000,97488,97488,32.29285006781546,15.997947506716281,-5.249683029914148,9.420828299381753,54.4724552580187,100.17853926413386,0.4512837787912243,0.7110770843676235
2014,spco2_le_threshold,historical_density,5000,14,390000,97488,97478,28.225657801704116,15.861322569745731,-5.111955458043744,9.420019528837827,54.431195221504595,99.60412732960975,0.526625892282967,0.7639124042927766
2014,all,spatial_coverage,500,14,390000,97488,97488,30.52111370934906,17.142762194144897,-0.7762077283577444,11.45393369882754,49.69122143572022,94.23180295418533,0.5098423327796291,0.7143896204219493
2014,spco2_le_threshold,spatial_coverage,500,14,390000,97488,97478,26.666120200671017,17.012913516232718,-0.6446800506234739,11.452574327442989,49.661411455073015,93.67769739566769,0.5774909455942316,0.7602140948812585
2014,all,spatial_coverage,1000,14,390000,97488,97488,29.301307737752364,15.625455194997873,0.979028900012277,9.990635511000107,46.06030203807594,98.91840104378416,0.5482386693455493,0.743306272506815
2014,spco2_le_threshold,spatial_coverage,1000,14,390000,97488,97478,25.805676064196238,15.503690838722441,1.1024966646562633,9.989224492092802,46.026703801931625,98.56204363050463,0.604317504384413,0.7812498235818633
2014,all,spatial_coverage,2500,14,390000,97488,97488,23.89873804241476,12.236649669875522,0.44418478807546946,8.148530477604027,35.18262512468136,67.39382380198344,0.6994719700400811,0.8366026998337938
2014,spco2_le_threshold,spatial_coverage,2500,14,390000,97488,97478,20.280572988488128,12.122130090142287,0.5600052597492421,8.147834545796002,35.148365360432415,67.12370607189185,0.7556137330458559,0.8693701431705589
2014,all,spatial_coverage,5000,14,390000,97488,97488,21.728191970793965,11.081813282324772,0.11082860286189099,7.621139826887827,31.28951244142245,58.127026806716245,0.7515824776444814,0.8679261681354182
2014,spco2_le_threshold,spatial_coverage,5000,14,390000,97488,97478,17.605655308021788,10.969272221277377,0.22451788626563196,7.620374198032096,31.266555256806985,57.8848091475701,0.815829212512406,0.9036533449717504
2014,all,random,500,15,390000,97488,97488,33.06884330646533,18.370408584327254,0.20403817249186743,11.988876401944651,54.48309269221145,107.2651269318282,0.42459576341993355,0.6558815636946975
2014,spco2_le_threshold,random,500,15,390000,97488,97478,29.339049007898158,18.237395119205228,0.33895713903542923,11.988073001026521,54.45456766676382,106.78376186897138,0.4885438317170334,0.7028279442014416
2014,all,random,1000,15,390000,97488,97488,29.46049857225522,14.77347776461002,0.2293783900260461,9.35617127270828,43.63674776346279,93.20626859465034,0.5433165941599134,0.7379452891599781
2014,spco2_le_threshold,random,1000,15,390000,97488,97478,25.215239287297305,14.640590453250086,0.36380480314787905,9.354993196009161,43.589877135249196,92.88232776732671,0.6222168849668883,0.7894887768279857
2014,all,random,2500,15,390000,97488,97488,25.68917975278071,12.136894307731193,-0.2295810004800729,7.855968243578019,35.77200684948195,70.3494422034589,0.6527553831338866,0.8080525900731379
2014,spco2_le_threshold,random,2500,15,390000,97488,97478,20.74609769360577,12.005186811008628,-0.09665196522499443,7.854825915392951,35.74855761498586,70.11758079623937,0.7442655752879314,0.8629026373170094
2014,all,random,5000,15,390000,97488,97488,23.24190353782413,10.793637678091523,0.222629964839559,7.084140708967112,31.20049280547491,64.71827398710037,0.7157644237024063,0.8464532613163724
2014,spco2_le_threshold,random,5000,15,390000,97488,97478,18.133426896459852,10.667506089336324,0.3498916822025373,7.083224380256496,31.17511477046844,64.40195159376339,0.804621789658827,0.8974265832400512
2014,all,historical_density,500,15,390000,97488,97488,40.31745089629493,23.45623262012479,-3.368768173357787,15.10060066888829,77.24435711879619,135.38927333662375,0.1446946708429866,0.5661307281529017
2014,spco2_le_threshold,historical_density,500,15,390000,97488,97478,37.09971601370908,23.318180135366152,-3.228654970852915,15.098800713578498,77.17724500023137,134.99259154098516,0.1821803787181524,0.6102039573998986
2014,all,historical_density,1000,15,390000,97488,97488,35.66329574376601,19.431002842168624,-3.7997870193347913,11.922343408663153,66.6604035959812,107.03052122173088,0.3307660002642314,0.6405976280509891
2014,spco2_le_threshold,historical_density,1000,15,390000,97488,97478,32.00094373946164,19.293705243896742,-3.660885857610353,11.919161390079438,66.59534277632676,106.81331789776044,0.3915261366492918,0.6896125543253038
2014,all,historical_density,2500,15,390000,97488,97488,38.99250623617464,19.246728999662036,-6.918492278540343,10.305876811538838,76.59568593065148,140.02685282412386,0.19998644188074666,0.6201172244256776
2014,spco2_le_threshold,historical_density,2500,15,390000,97488,97478,35.628202231911864,19.10802649950124,-6.778525058471351,10.303744482800454,76.5036119271084,139.89383661728786,0.24576935685813595,0.667466215697867
2014,all,historical_density,5000,15,390000,97488,97488,33.59528458338451,16.554989236552533,-4.814761223267259,9.56769122156956,57.09472891927941,107.75534816014743,0.40612957840579733,0.6906564697849126
2014,spco2_le_threshold,historical_density,5000,15,390000,97488,97478,29.67872794028019,16.418097980777024,-4.676665569780137,9.566096936157237,57.06632380228265,107.42584065842499,0.4766322944442638,0.742534246974467
2014,all,spatial_coverage,500,15,390000,97488,97488,30.83585247007959,18.15306575424159,3.7921973121718775,12.620529283472365,50.778736980648155,97.51916444421228,0.4996810355606621,0.7134300517370004
2014,spco2_le_threshold,spatial_coverage,500,15,390000,97488,97478,27.471273962962012,18.031263819820353,3.9162505507916445,12.61784226344733,50.73875048973775,97.0440066991204,0.5515913770171937,0.7505760392855059
2014,all,spatial_coverage,1000,15,390000,97488,97488,28.179905579336836,14.797354438681195,0.869894189667404,9.51337316213528,44.1812144575569,92.23878782271093,0.5821560543313771,0.7633669041605081
2014,spco2_le_threshold,spatial_coverage,1000,15,390000,97488,97478,24.321707577357788,14.674115269047501,0.994740619260097,9.512666425097905,44.1414886959606,91.8366430430019,0.6485168736136384,0.8058979855859655
2014,all,spatial_coverage,2500,15,390000,97488,97488,24.27946138295632,12.130962968626665,0.5285817299607704,8.0607559364812,35.02273115734022,70.15201685036867,0.6898204633953877,0.8309627579745572
2014,spco2_le_threshold,spatial_coverage,2500,15,390000,97488,97478,19.77538988525862,12.007849723678145,0.6529936827919501,8.059921959174574,35.00038175923673,69.66400103386005,0.7676372729132414,0.8764811928385995
2014,all,spatial_coverage,5000,15,390000,97488,97488,22.567236626153985,11.08849021674187,0.1704669691427242,7.635802334865019,31.08544232109033,58.35099500834258,0.7320265226024609,0.8562693321339994
2014,spco2_le_threshold,spatial_coverage,5000,15,390000,97488,97478,17.762927697757657,10.967078190480503,0.29303402086479763,7.634710091500182,31.057292601295348,58.124154829395025,0.8125240980679656,0.9018765746441364
2014,all,random,500,16,390000,97488,97488,30.56793583983238,16.74006782229334,0.2720939569534766,11.089006981293807,48.46878694267272,93.20068831444969,0.5083372874313375,0.7133529260753873
2014,spco2_le_threshold,random,500,16,390000,97488,97478,26.778869215716423,16.61141337698742,0.40249363316065,11.088138108834642,48.43828355625779,92.5925539543878,0.5739105080077889,0.7580002634363029
2014,all,random,1000,16,390000,97488,97488,27.695176392109893,14.109161262771124,-0.14627383995586285,9.007554531407322,41.787687558605114,83.26617708325958,0.5964072856963267,0.7731071038882776
2014,spco2_le_threshold,random,1000,16,390000,97488,97478,23.416779937552036,13.979612658571348,-0.015292821526947213,9.006524279123823,41.76146186362569,82.9981875408145,0.6741852774972124,0.8219856854582086
2014,all,random,2500,16,390000,97488,97488,26.810221582817906,13.110381263342475,0.7541250590737391,8.292188604698282,38.17598399660573,86.01022783124252,0.6217875216574489,0.7887840809577051
2014,spco2_le_threshold,random,2500,16,390000,97488,97478,23.11397062010321,12.989843293218073,0.8760853507806954,8.290712836357727,38.1427427613472,85.3547609146281,0.6825572086403688,0.826446522103813
2014,all,random,5000,16,390000,97488,97488,25.67522240839103,11.561880737706552,0.3356591149937875,7.4459203070698265,31.046082603625866,74.11597977705104,0.653132607796596,0.8082565979315002
2014,spco2_le_threshold,random,5000,16,390000,97488,97478,22.679448316385397,11.452244892576303,0.4465154960247205,7.445294001851437,31.01277282772317,73.6160413367461,0.6943803123210375,0.8339597234755499
2014,all,historical_density,500,16,390000,97488,97488,34.773231077711245,19.84032491478968,-1.4133910279016484,13.621869832578028,57.420627112039114,95.60912983160655,0.3637538904654327,0.6258619719005604
2014,spco2_le_threshold,historical_density,500,16,390000,97488,97478,30.926628856192675,19.702416153192495,-1.2735918978226628,13.619575500741036,57.36479401988414,95.18001975681379,0.43169494306873135,0.677287017810809
2014,all,historical_density,1000,16,390000,97488,97488,36.34889183915508,19.462142378155598,-3.665748150439056,12.015239251955336,60.855321326885345,141.15102731082308,0.304787780509601,0.6244469039015391
2014,spco2_le_threshold,historical_density,1000,16,390000,97488,97478,32.69837580817469,19.323362381690288,-3.5253476453227974,12.012963275554569,60.77367339529931,140.37795843341664,0.36471482989585313,0.6738020606545845
2014,all,historical_density,2500,16,390000,97488,97488,34.397293700079864,17.362102617519497,-4.413177252017314,10.217230635298506,58.32894112665744,131.04350239736033,0.3774365847916372,0.6698052300552279
2014,spco2_le_threshold,historical_density,2500,16,390000,97488,97478,30.636714545545,17.225561253317778,-4.275307493165985,10.215639802830111,58.29557146117175,130.1702473932219,0.44229988284343136,0.7195748884138241
2014,all,historical_density,5000,16,390000,97488,97488,33.589224870678486,16.166070313073508,-4.816534134673992,9.271625457940559,53.790219574076765,130.40992626140445,0.40634379653966535,0.6879624662033621
2014,spco2_le_threshold,historical_density,5000,16,390000,97488,97478,29.676298053451053,16.029007463542634,-4.678306967432616,9.270249628435323,53.76666993461507,129.8546256531114,0.47671799031621187,0.739681491150448
2014,all,spatial_coverage,500,16,390000,97488,97488,32.009056913610124,18.751844351466858,0.3894060715246816,12.989509273073935,53.09450512873102,101.57045606797064,0.46088575917661634,0.6818513513939856
2014,spco2_le_threshold,spatial_coverage,500,16,390000,97488,97478,28.502562791150126,18.625818274270284,0.5173957969724495,12.987439680564279,53.0575949992643,101.23170156877148,0.5172923543276552,0.7225980433554432
2014,all,spatial_coverage,1000,16,390000,97488,97488,27.215800713551488,14.30145987179941,-0.16817189781708342,9.274293086880618,43.02031992464062,80.60620872085502,0.6102579375929472,0.7812813979533003
2014,spco2_le_threshold,spatial_coverage,1000,16,390000,97488,97478,22.804178777056933,14.173299904938764,-0.03856203580327391,9.272677322705562,42.93127521900995,80.32392038237774,0.691009427044949,0.831377724222942
2014,all,spatial_coverage,2500,16,390000,97488,97488,24.44434083100844,12.435402359497408,0.3607601850646711,8.367193241859212,36.399547935798736,66.89787260540419,0.6855933612428988,0.8283700334314502
2014,spco2_le_threshold,spatial_coverage,2500,16,390000,97488,97478,19.666605683643432,12.311132072198385,0.48634319549553673,8.366885553884458,36.37237782163374,66.70619478562233,0.7701866910097166,0.8779732686895408
2014,all,spatial_coverage,5000,16,390000,97488,97488,22.31742839056173,11.109265170399706,0.12571786460348044,7.728820083780761,31.369758268063414,58.9647115054664,0.7379263565283766,0.8598497628119846
2014,spco2_le_threshold,spatial_coverage,5000,16,390000,97488,97478,17.48599424275783,10.991180867592506,0.24495473342916496,7.727473206331609,31.348089565025592,58.73919103957551,0.8183242266098535,0.9051987022765519
2014,all,random,500,17,390000,97488,97488,30.41297625115511,16.671273843707386,0.8292309628212539,11.03965958318696,48.30127234250366,95.7266720508545,0.5133094740149482,0.7188089490868264
2014,spco2_le_threshold,random,500,17,390000,97488,97478,26.539704968479576,16.541926724470752,0.9603734107275903,11.037732654517868,48.27684276431871,95.40234416544386,0.5814874007606106,0.7652506246459667
2014,all,random,1000,17,390000,97488,97488,27.899389007956433,14.294497938014429,0.7510560190638196,9.096973709249596,42.82610058227405,82.91605761630305,0.5904334956539022,0.7687739111824464
2014,spco2_le_threshold,random,1000,17,390000,97488,97478,23.65563936140872,14.165590240504294,0.8815071985860067,9.096194325717676,42.78210556212529,82.6914930889143,0.6675045269563014,0.817499934264123
2014,all,random,2500,17,390000,97488,97488,24.76492294836654,11.55160271662269,0.37395682172292066,7.448585588306059,33.39549862598174,72.22961195340169,0.6772925372148697,0.8250412483006963
2014,spco2_le_threshold,random,2500,17,390000,97488,97478,19.95783355534172,11.423743611227144,0.5030393374816626,7.448377009975758,33.37429316601869,71.96970441381784,0.7633300340665871,0.8758613956265641
2014,all,random,5000,17,390000,97488,97488,22.92334931049725,10.637446433208149,0.3049513430496826,6.956351940700216,30.415454083004974,64.61996959989706,0.7235025112307407,0.8509172092212738
2014,spco2_le_threshold,random,5000,17,390000,97488,97478,18.014566595615648,10.51364368489925,0.4298766418598464,6.955513586713465,30.399700890465418,64.37389344061071,0.8071747106606559,0.8986815485611117
2014,all,historical_density,500,17,390000,97488,97488,38.11855624582492,21.412487664293405,-4.285932510159025,13.600294424911283,66.97386657574015,133.0571470518772,0.23544640794783478,0.5926770811900456
2014,spco2_le_threshold,historical_density,500,17,390000,97488,97478,34.676036204294036,21.274715119964565,-4.146402999627131,13.598991306941087,66.91447636972573,132.6555298562306,0.2855443896052621,0.6393664021706493
2014,all,historical_density,1000,17,390000,97488,97488,39.286201030006445,20.29512333328599,-5.662492394669461,11.734798664466979,68.63879313768922,150.51432516594917,0.18788951823038424,0.599641809219076
2014,spco2_le_threshold,historical_density,1000,17,390000,97488,97478,35.94752067928309,20.156750467419936,-5.522618407428471,11.733253131643892,68.56253396826925,149.60180194360836,0.23218915868629708,0.646057146919426
2014,all,historical_density,2500,17,390000,97488,97488,35.472257045360905,17.67706691104876,-4.969557042862882,9.871661234838712,65.42385790509921,125.83906331360288,0.3379166105268052,0.6672143204235595
2014,spco2_le_threshold,historical_density,2500,17,390000,97488,97478,31.777364673590764,17.539366086574717,-4.830552589891311,9.870899020261675,65.33116283349831,125.29282935479692,0.3999988105049537,0.7173953281163318
2014,all,historical_density,5000,17,390000,97488,97488,34.56924403273015,16.902885987866252,-5.532331772435593,9.354289079465161,61.172469321616305,127.34060476382365,0.37119670115356795,0.6810060807634611
2014,spco2_le_threshold,historical_density,5000,17,390000,97488,97478,30.820522414854384,16.76637946134697,-5.394658772023183,9.353640333662838,61.10296204113023,126.80850887835392,0.43558785905047914,0.7312093831137616
2014,all,spatial_coverage,500,17,390000,97488,97488,30.589952422660172,17.736843527391507,-0.9951788779754194,12.298776796902388,52.02555108428226,91.0341830343423,0.5076287913684667,0.7128601917246452
2014,spco2_le_threshold,spatial_coverage,500,17,390000,97488,97478,26.79891407216777,17.60862329139907,-0.8652411606385303,12.296430762662055,51.988666677002534,90.66529401387882,0.573272385523556,0.7574559947113396
2014,all,spatial_coverage,1000,17,390000,97488,97488,27.55922048541654,14.747969038064117,-0.6721455404813609,9.820525763977429,44.57570769687142,78.83333512369299,0.6003600413631199,0.7751272417966886
2014,spco2_le_threshold,spatial_coverage,1000,17,390000,97488,97478,23.04197952219599,14.616725649958152,-0.539458152344869,9.818956347265726,44.54326954817341,78.62831912190812,0.6845315527480429,0.8275542559688567
2014,all,spatial_coverage,2500,17,390000,97488,97488,24.207261421541453,12.272736358806235,-0.2609252256922319,8.394692298590257,35.3632595926643,66.98037179002765,0.6916624855251993,0.8320485704860199
2014,spco2_le_threshold,spatial_coverage,2500,17,390000,97488,97478,19.352316265235732,12.14665647899232,-0.1336130872011676,8.39378915353555,35.32761643586743,66.76950949709709,0.7774732314732762,0.8820822751127085
2014,all,spatial_coverage,5000,17,390000,97488,97488,22.391753029590703,11.170058287345169,-0.06057308069064883,7.773244585769305,31.485585557795392,57.73450932308593,0.7361778608077231,0.8587621724718073
2014,spco2_le_threshold,spatial_coverage,5000,17,390000,97488,97478,17.430781246135677,11.04946618836828,0.06115870982757826,7.772146950014559,31.469007846587346,57.60370480790357,0.8194697179349668,0.9058136802900832
2014,all,random,500,18,390000,97488,97488,30.885822607591386,17.088771743941937,-0.23518770332297742,11.373676372188669,49.58536075403802,95.37756540402275,0.4980581671932489,0.7061367811874045
2014,spco2_le_threshold,random,500,18,390000,97488,97478,27.09053020407682,16.95887213819826,-0.10355913473223302,11.37220457450968,49.53982774428706,94.75763859345007,0.5639348642210724,0.7514012365771978
2014,all,random,1000,18,390000,97488,97488,30.736348465520532,15.660457918451868,-0.0015062505565333621,9.572395474644054,46.364575748141625,101.52371949893167,0.5029047776095237,0.7095168133342549
2014,spco2_le_threshold,random,1000,18,390000,97488,97478,27.229180089540833,15.53574347274304,0.12481460394893833,9.571916652513352,46.32828296775857,101.08276730631805,0.5594598613765266,0.7485480630473916
2014,all,random,2500,18,390000,97488,97488,25.34206566428252,12.353251136319432,-0.17048019585735574,8.060695254260168,35.800120867321354,76.6213840993439,0.6620759742206102,0.8143404647365283
2014,spco2_le_threshold,random,2500,18,390000,97488,97478,20.775809162495204,12.226086107786688,-0.04206537035088795,8.05963697846903,35.779569833927916,76.3354577180729,0.7435325520061936,0.8628840344389919
2014,all,random,5000,18,390000,97488,97488,23.961532497192668,11.142005707358514,-0.06916031872520259,7.222221143994034,31.773181734259317,71.84577323937526,0.6978906073435429,0.836556642285764
2014,spco2_le_threshold,random,5000,18,390000,97488,97478,19.40486834589828,11.01774706501886,0.056234256377601106,7.221146092685757,31.746678684270563,71.63304296835415,0.7762630277280467,0.8819684607958069
2014,all,historical_density,500,18,390000,97488,97488,37.424918019914855,22.729243878592484,-0.7696252214303909,15.256172972569743,66.19129326668374,104.9525301304623,0.2630182016084235,0.5681584416056865
2014,spco2_le_threshold,historical_density,500,18,390000,97488,97478,33.9586866030348,22.592992208329758,-0.6311207742685573,15.253558559535264,66.14031196567153,104.68136237935938,0.31479878324280497,0.613848132354574
2014,all,historical_density,1000,18,390000,97488,97488,34.95927466922864,18.614773091922512,-3.5593127937040694,11.59878716434062,59.29749054411394,118.12083031220115,0.35692759577530364,0.6480829923347156
2014,spco2_le_threshold,historical_density,1000,18,390000,97488,97478,31.218982693244886,18.477445352458876,-3.4204405559640834,11.597710157310047,59.259956057203624,117.59305822887116,0.4208996205983567,0.6977466606293611
2014,all,historical_density,2500,18,390000,97488,97488,35.4316764388379,17.862785665938773,-5.256171716112727,10.224567579779631,63.90262982191325,120.17039006400043,0.33943060367352884,0.6603224209668982
2014,spco2_le_threshold,historical_density,2500,18,390000,97488,97478,31.747437974003372,17.725597663440116,-5.117690435751392,10.221957508404557,63.81969845797171,120.00803803301567,0.4011283944319638,0.7100124514527919
2014,all,historical_density,5000,18,390000,97488,97488,34.299275910701475,16.727764310845302,-4.919761097001398,9.40402326940574,57.5413966736762,131.25117165313486,0.380979616190259,0.6773791670538206
2014,spco2_le_threshold,historical_density,5000,18,390000,97488,97478,30.505478907688357,16.590665504532826,-4.781450940105831,9.403232494920644,57.479863776638794,130.93377983734482,0.44706758543958847,0.7278367959139834
2014,all,spatial_coverage,500,18,390000,97488,97488,32.01930915164702,18.27588040447339,-1.5936730164374586,12.211655611789325,53.854536773030674,101.52697972474454,0.46054035614348754,0.6803708986637297
2014,spco2_le_threshold,spatial_coverage,500,18,390000,97488,97478,28.184966227082068,18.14333039962209,-1.4594116297986734,12.210097748391604,53.793836175744325,101.05122291176552,0.5279897898523409,0.7280714313038958
2014,all,spatial_coverage,1000,18,390000,97488,97488,27.74745543614446,14.696765623277111,-0.13268641267270825,9.546566498201656,43.579147718021474,85.5063364610379,0.5948821568971931,0.7714984713131883
2014,spco2_le_threshold,spatial_coverage,1000,18,390000,97488,97478,23.323192671420387,14.565620677967441,-4.737852139046471e-05,9.545402373630594,43.55710226727246,85.10991734562859,0.6767843690032137,0.8229684981593662
2014,all,spatial_coverage,2500,18,390000,97488,97488,24.11133161181314,12.385081330421647,-0.2129761860652676,8.49390260205962,35.069057737327306,67.55277796996631,0.6941014355947579,0.834006281816399
2014,spco2_le_threshold,spatial_coverage,2500,18,390000,97488,97478,19.602823291326075,12.262830403262623,-0.08947655610721546,8.493097482750784,35.034710802051336,67.23363114285341,0.7716749268054763,0.8790989403181434
2014,all,spatial_coverage,5000,18,390000,97488,97488,22.69334775009253,11.156003077340776,-0.036769004763998754,7.8011671547711785,31.230204726832557,56.958555449042386,0.7290231542517338,0.8546977220408607
2014,spco2_le_threshold,spatial_coverage,5000,18,390000,97488,97478,17.49093949694353,11.02953234744888,0.09084241677858407,7.800508321133947,31.211948609923365,56.80347503859898,0.8182214517935913,0.9053768999803853
2014,all,random,500,19,390000,97488,97488,32.08842366508924,17.969178061719905,1.0071099269677983,11.477430824674826,55.20815462104015,95.47927857651817,0.45820896726793603,0.6773789623944602
2014,spco2_le_threshold,random,500,19,390000,97488,97478,28.619891698978357,17.843069539022135,1.1351651748741978,11.47562725878771,55.17970069201149,95.18747049735366,0.5133101068682644,0.7171137587293978
2014,all,random,1000,19,390000,97488,97488,29.484091059409447,14.893944979674826,1.3481366357714024,9.113029537638454,44.63339014780283,92.33577377724575,0.5425848610235486,0.7372534554971992
2014,spco2_le_threshold,random,1000,19,390000,97488,97478,25.751609867000244,14.769896397403484,1.4738514485373673,9.112126019056177,44.600665734457756,91.80347136173145,0.6059737785462604,0.7792765364342371
2014,all,random,2500,19,390000,97488,97488,25.128119062263796,12.027808701259646,0.24826993472010606,7.682529758551453,36.08905855909626,75.19363162324531,0.6677576354362682,0.8183449865066262
2014,spco2_le_threshold,random,2500,19,390000,97488,97478,20.417219850554584,11.900353512758272,0.3769844923751323,7.6811232457667415,36.04630834058155,74.81540897875706,0.7523093767046772,0.8685928993993504
2014,all,random,5000,19,390000,97488,97488,23.430817646607558,11.007075182294356,0.3738176892114259,7.2341004746012345,31.894458411943074,64.60239776620571,0.7111250157459095,0.844464521544916
2014,spco2_le_threshold,random,5000,19,390000,97488,97478,18.491207444547513,10.881260636709664,0.5007997693035443,7.233010410773517,31.843187407032286,64.16291537340702,0.796835933464919,0.8937856771373511
2014,all,historical_density,500,19,390000,97488,97488,42.44360643388738,23.900798580408985,-7.54549288381373,14.605440671898663,85.2570070619715,151.18735527721145,0.05210637109522742,0.5625871946168938
2014,spco2_le_threshold,historical_density,500,19,390000,97488,97478,39.41143912711162,23.7636463511106,-7.406662808673556,14.601928432235752,85.17757962101877,150.97980985748427,0.07708661888487034,0.6053188316862278
2014,all,historical_density,1000,19,390000,97488,97488,37.03413471481251,19.701531651943316,-4.718561953801334,11.782876370238114,64.67956502173476,133.09029129984938,0.2783286727470612,0.629337344329287
2014,spco2_le_threshold,historical_density,1000,19,390000,97488,97478,33.48690172527739,19.563518165691892,-4.579011405884901,11.781125036949447,64.62377422558063,132.56368107841521,0.33370540427127504,0.6778038079185953
2014,all,historical_density,2500,19,390000,97488,97488,37.27347724647802,18.432738867159525,-4.438708676141925,10.22968245613751,63.368085054508775,156.71141695069016,0.2689705608971181,0.6321376122809603
2014,spco2_le_threshold,historical_density,2500,19,390000,97488,97478,33.783934652254906,18.2949604375618,-4.299494637464102,10.22851920772763,63.291680046218936,156.1456818712335,0.3218327511975093,0.6799680425254159
2014,all,historical_density,5000,19,390000,97488,97488,33.451201544433836,16.192041180286957,-4.660479834509799,9.230640244072163,54.39135906814969,123.34548625645739,0.4112126230974351,0.6878394731538345
2014,spco2_le_threshold,historical_density,5000,19,390000,97488,97478,29.464761628744952,16.054032253407915,-4.5212879164588236,9.228773241557207,54.30630408361224,122.82529316933788,0.4841514436144312,0.740643728718922
2014,all,spatial_coverage,500,19,390000,97488,97488,37.198117505866115,20.68316662715529,3.000977570635743,13.188052343924483,63.43726771151109,136.536101672929,0.2719235721071428,0.5830433106496116
2014,spco2_le_threshold,spatial_coverage,500,19,390000,97488,97478,34.39788564755468,20.561691725551427,3.1248821634722774,13.186345452394107,63.3799377575926,135.6916593699409,0.29696029612837516,0.6140145639300879
2014,all,spatial_coverage,1000,19,390000,97488,97488,30.028080874968772,15.72724039822112,1.6738477863142158,9.838670151319548,48.24163080540199,96.32204939858745,0.525550273732933,0.728280960486108
2014,spco2_le_threshold,spatial_coverage,1000,19,390000,97488,97478,26.228505134801363,15.60053122785347,1.8023420864736712,9.83764045288271,48.20365470896703,95.8962450028292,0.5912446651908574,0.7727205929947185
2014,all,spatial_coverage,2500,19,390000,97488,97488,26.022144701260228,12.780341466359507,1.0086856506099393,8.526529652148412,36.059314410963424,72.22845156667225,0.6436955703097882,0.802816680168619
2014,spco2_le_threshold,spatial_coverage,2500,19,390000,97488,97478,21.664138475855143,12.655739351514512,1.134702343833336,8.525331737842407,36.007537084604905,71.88982572492252,0.721131666399841,0.8499019278026
2014,all,spatial_coverage,5000,19,390000,97488,97488,23.802810953240723,11.715255458891049,0.3931415583126876,7.99953275414066,32.76974736002421,63.56614780473074,0.7018797056446452,0.8378491522379625
2014,spco2_le_threshold,spatial_coverage,5000,19,390000,97488,97478,19.497184355061854,11.596417103075822,0.5132220812853447,7.998629521499538,32.7555083973988,63.39877783177785,0.774129167863156,0.879943851326174
