/* DATA DESCRIPTION:
Citation:	Boebel, Olaf (2017): Station list and links to master tracks in different resolutions of POLARSTERN cruise PS103 (ANT-XXXII/2), Cape Town - Punta Arenas, 2016-12-16 - 2017-02-03 [dataset]. Alfred Wegener Institute, Helmholtz Centre for Polar and Marine Research, Bremerhaven, PANGAEA, https://doi.org/10.1594/PANGAEA.875075
Related to:	Boebel, Olaf (2017): The Expedition PS103 of the Research Vessel POLARSTERN to the Weddell Sea in 2016/2017. Berichte zur Polar- und Meeresforschung = Reports on Polar and Marine Research, 710, 160 pp, https://doi.org/10.2312/BzPM_0710_2017
Other version:	Master track of POLARSTERN cruise PS103 (ANT-XXXII/2) in 1 sec resolution (zipped, 37.7 MB) (URI: https://hs.pangaea.de/nav/mastertrack/ps/PS103_mastertrack.zip)
Further details:	Event list of POLARSTERN cruise PS103 (ANT-XXXII/2) (URI: https://pangaea.de/ddi/PS103.tab?retr=events/Polarstern/PS103.retr&conf=events/CruiseReportText.conf&format=textfile)
	Generalized master track of POLARSTERN cruise PS103 (ANT-XXXII/2) (URI: https://hs.pangaea.de/nav/mastertrack/ps/PS103_mastertrack_generalized.zip)
	Trackline map and processing report for navigation sensors from POLARSTERN cruise PS103 (ANT-XXXII/2) (URI: hdl:10013/epic.50787)
Coverage:	MEDIAN LATITUDE: -62.385535 * MEDIAN LONGITUDE: -20.208367 * SOUTH-BOUND LATITUDE: -71.368035 * WEST-BOUND LONGITUDE: -70.802998 * NORTH-BOUND LATITUDE: -33.858214 * EAST-BOUND LONGITUDE: 18.435792
	DATE/TIME START: 2016-12-16T00:20:00 * DATE/TIME END: 2017-02-02T14:15:43
Event(s):	PS103-track * LATITUDE START: -33.906800 * LONGITUDE START: 18.433700 * LATITUDE END: -53.144700 * LONGITUDE END: -70.909100 * DATE/TIME START: 2016-12-16T00:00:00 * DATE/TIME END: 2017-02-02T15:00:00 * CAMPAIGN: PS103 (ANT-XXXII/2) * BASIS: Polarstern (URI: https://doi.org/10.17815/jlsrf-3-163) * METHOD/DEVICE: Underway cruise track measurements (CT)
Parameter(s):	DATE/TIME (Date/Time) * GEOCODE
	LATITUDE (Latitude) * GEOCODE
	LONGITUDE (Longitude) * GEOCODE
	Speed [kn] (Speed) * METHOD/DEVICE: Calculated * COMMENT: 10-min average
	Course [deg] (Course) * METHOD/DEVICE: Calculated * COMMENT: 10-min average
License:	Creative Commons Attribution 3.0 Unported (CC-BY-3.0) (URI: https://creativecommons.org/licenses/by/3.0/)
Size:	13994 data points
*/
Date/Time	Latitude	Longitude	Speed [kn]	Course [deg]
2016-12-16T00:20	-33.90971	18.43577	0.001	311.8
2016-12-16T00:30	-33.90970	18.43574	0.007	280.2
2016-12-16T00:40	-33.90971	18.43577	0.009	113.6
2016-12-16T00:50	-33.90972	18.43577	0.002	199.8
2016-12-16T01:00	-33.90974	18.43575	0.007	218.0
2016-12-16T01:10	-33.90972	18.43578	0.010	46.9
2016-12-16T01:20	-33.90967	18.43573	0.023	322.2
2016-12-16T01:30	-33.90968	18.43574	0.007	151.7
2016-12-16T01:40	-33.90969	18.43576	0.005	116.6
2016-12-16T01:50	-33.90969	18.43576	0.001	86.6
2016-12-16T02:00	-33.90971	18.43577	0.007	165.3
2016-12-16T02:10	-33.90970	18.43577	0.002	355.0
2016-12-16T02:20	-33.90972	18.43576	0.004	195.3
2016-12-16T02:30	-33.90971	18.43577	0.003	34.7
2016-12-16T02:40	-33.90972	18.43577	0.003	195.9
2016-12-16T02:50	-33.90973	18.43577	0.005	158.7
2016-12-16T03:00	-33.90973	18.43577	0.002	278.8
2016-12-16T03:10	-33.90972	18.43577	0.002	62.7
2016-12-16T03:20	-33.90971	18.43577	0.007	353.0
2016-12-16T03:30	-33.90971	18.43577	0.001	266.5
2016-12-16T03:40	-33.90972	18.43576	0.005	202.5
2016-12-16T03:50	-33.90972	18.43575	0.003	252.3
2016-12-16T04:00	-33.90971	18.43577	0.006	47.4
2016-12-16T04:10	-33.90971	18.43576	0.002	266.4
2016-12-16T04:20	-33.90971	18.43576	0.001	58.3
2016-12-16T04:30	-33.90971	18.43576	0.001	206.9
2016-12-16T04:40	-33.90971	18.43576	0.002	156.9
2016-12-16T04:50	-33.90971	18.43577	0.001	64.9
2016-12-16T05:00	-33.90972	18.43577	0.002	162.4
2016-12-16T05:10	-33.90972	18.43577	0.000	265.4
2016-12-16T05:20	-33.90972	18.43577	0.001	169.0
2016-12-16T05:30	-33.90972	18.43577	0.000	180.0
2016-12-16T05:40	-33.90972	18.43577	0.002	38.8
2016-12-16T05:50	-33.90975	18.43576	0.011	197.8
2016-12-16T06:00	-33.90971	18.43578	0.015	19.3
2016-12-16T06:10	-33.90972	18.43577	0.004	203.9
2016-12-16T06:20	-33.90972	18.43578	0.002	130.7
2016-12-16T06:30	-33.90973	18.43578	0.003	134.8
2016-12-16T06:40	-33.90974	18.43579	0.006	158.0
2016-12-16T06:50	-33.90973	18.43578	0.006	324.4
2016-12-16T07:00	-33.90973	18.43578	0.002	185.0
2016-12-16T07:10	-33.90974	18.43578	0.004	176.3
2016-12-16T07:20	-33.90973	18.43579	0.006	29.3
2016-12-16T07:30	-33.90972	18.43578	0.005	316.8
2016-12-16T07:40	-33.90972	18.43578	0.002	144.9
2016-12-16T07:50	-33.90973	18.43579	0.003	112.6
2016-12-16T08:00	-33.90972	18.43576	0.010	274.0
2016-12-16T08:10	-33.90973	18.43576	0.002	138.8
2016-12-16T08:20	-33.90973	18.43575	0.003	215.8
2016-12-16T08:30	-33.90972	18.43577	0.006	43.6
2016-12-16T08:40	-33.90972	18.43576	0.002	264.5
2016-12-16T08:50	-33.90971	18.43578	0.007	42.2
2016-12-16T09:00	-33.90971	18.43577	0.003	236.0
2016-12-16T09:10	-33.90971	18.43577	0.001	22.5
2016-12-16T09:20	-33.90971	18.43577	0.001	111.1
2016-12-16T09:30	-33.90971	18.43578	0.001	107.1
2016-12-16T09:40	-33.90972	18.43577	0.003	244.1
2016-12-16T09:50	-33.90971	18.43578	0.004	76.2
2016-12-16T10:00	-33.90971	18.43578	0.001	262.4
2016-12-16T10:10	-33.90971	18.43578	0.000	234.1
2016-12-16T10:20	-33.90971	18.43577	0.001	329.6
2016-12-16T10:30	-33.90971	18.43577	0.001	217.0
2016-12-16T10:40	-33.90971	18.43577	0.001	283.9
2016-12-16T10:50	-33.90971	18.43577	0.001	82.6
2016-12-16T11:00	-33.90971	18.43577	0.001	315.1
2016-12-16T11:10	-33.90971	18.43577	0.000	73.2
2016-12-16T11:20	-33.90971	18.43577	0.000	219.7
2016-12-16T11:30	-33.90972	18.43577	0.003	172.7
2016-12-16T11:40	-33.90972	18.43577	0.002	357.2
2016-12-16T11:50	-33.90972	18.43578	0.004	140.0
2016-12-16T12:00	-33.90973	18.43579	0.003	129.8
2016-12-16T12:10	-33.90973	18.43578	0.001	331.4
2016-12-16T12:20	-33.90967	18.43577	0.019	346.3
2016-12-16T12:30	-33.90969	18.43576	0.008	202.1
2016-12-16T12:40	-33.90969	18.43575	0.002	321.1
2016-12-16T12:50	-33.90966	18.43574	0.011	344.3
2016-12-16T13:00	-33.90968	18.43575	0.009	164.6
2016-12-16T13:10	-33.90967	18.43574	0.005	302.6
2016-12-16T13:20	-33.90967	18.43573	0.003	302.5
2016-12-16T13:30	-33.90967	18.43573	0.001	258.0
2016-12-16T13:40	-33.90967	18.43571	0.006	266.5
2016-12-16T13:50	-33.90970	18.43577	0.020	122.8
2016-12-16T14:00	-33.90973	18.43575	0.013	202.5
2016-12-16T14:10	-33.90973	18.43575	0.001	73.6
2016-12-16T14:20	-33.90972	18.43576	0.004	17.9
2016-12-16T14:30	-33.90972	18.43576	0.002	75.7
2016-12-16T14:40	-33.90972	18.43576	0.000	140.3
2016-12-16T14:50	-33.90972	18.43577	0.000	56.2
2016-12-16T15:00	-33.90972	18.43577	0.001	52.2
2016-12-16T15:10	-33.90972	18.43577	0.001	190.4
2016-12-16T15:20	-33.90972	18.43577	0.002	14.4
2016-12-16T15:30	-33.90970	18.43576	0.008	348.9
2016-12-16T15:40	-33.90970	18.43577	0.001	97.0
2016-12-16T15:50	-33.90970	18.43577	0.001	50.7
2016-12-16T16:00	-33.90969	18.43577	0.001	48.9
2016-12-16T16:10	-33.90989	18.43566	0.078	206.7
2016-12-16T16:20	-33.90558	18.43522	1.556	355.2
2016-12-16T16:30	-33.88062	18.43326	9.006	356.3
2016-12-16T16:40	-33.85846	18.42027	8.874	334.1
2016-12-16T16:50	-33.85821	18.38172	11.528	270.4
2016-12-16T17:00	-33.85824	18.33968	12.569	269.9
2016-12-16T17:10	-33.86730	18.31031	9.367	249.6
2016-12-16T17:20	-33.89282	18.29216	10.671	210.6
2016-12-16T17:30	-33.91891	18.27376	10.885	210.3
2016-12-16T17:40	-33.94515	18.25526	10.946	210.3
2016-12-16T17:50	-33.97096	18.23699	10.775	210.4
2016-12-16T18:00	-33.99668	18.21872	10.750	210.5
2016-12-16T18:10	-34.02181	18.19778	10.996	214.6
2016-12-16T18:20	-34.04643	18.17499	11.170	217.5
2016-12-16T18:30	-34.07143	18.15207	11.304	217.2
2016-12-16T18:40	-34.09590	18.12966	11.059	217.2
2016-12-16T18:50	-34.12007	18.10734	10.953	217.4
2016-12-16T19:00	-34.14384	18.08548	10.757	217.3
2016-12-16T19:10	-34.16635	18.06480	10.180	217.2
2016-12-16T19:20	-34.18970	18.04343	10.545	217.1
2016-12-16T19:30	-34.21312	18.02169	10.631	217.5
2016-12-16T19:40	-34.23692	17.99992	10.744	217.1
2016-12-16T19:50	-34.26105	17.97762	10.934	217.4
2016-12-16T20:00	-34.28561	17.95500	11.113	217.3
2016-12-16T20:10	-34.31030	17.93223	11.175	217.3
2016-12-16T20:20	-34.33391	17.91032	10.712	217.5
2016-12-16T20:30	-34.35720	17.88889	10.531	217.2
2016-12-16T20:40	-34.38100	17.86698	10.760	217.2
2016-12-16T20:50	-34.40520	17.84458	10.965	217.4
2016-12-16T21:00	-34.42937	17.82232	10.928	217.2
2016-12-16T21:10	-34.45323	17.80027	10.803	217.3
2016-12-16T21:20	-34.47710	17.77817	10.813	217.4
2016-12-16T21:30	-34.50080	17.75635	10.711	217.2
2016-12-16T21:40	-34.52502	17.73392	10.970	217.3
2016-12-16T21:50	-34.54949	17.71128	11.078	217.3
2016-12-16T22:00	-34.57389	17.68871	11.043	217.3
2016-12-16T22:10	-34.59863	17.66585	11.190	217.3
2016-12-16T22:20	-34.62350	17.64280	11.265	217.3
2016-12-16T22:30	-34.64853	17.61959	11.332	217.3
2016-12-16T22:40	-34.67350	17.59648	11.301	217.3
2016-12-16T22:50	-34.69882	17.57305	11.455	217.3
2016-12-16T23:00	-34.72413	17.54957	11.460	217.3
2016-12-16T23:10	-34.74975	17.52564	11.628	217.5
2016-12-16T23:20	-34.77532	17.50211	11.542	217.1
2016-12-16T23:30	-34.80098	17.47841	11.595	217.2
2016-12-16T23:40	-34.82651	17.45472	11.556	217.3
2016-12-16T23:50	-34.85184	17.43111	11.482	217.4
2016-12-17T00:00	-34.87730	17.40753	11.515	217.2
2016-12-17T00:10	-34.90261	17.38407	11.449	217.2
2016-12-17T00:20	-34.92859	17.35995	11.755	217.3
2016-12-17T00:30	-34.95386	17.33645	11.439	217.3
2016-12-17T00:40	-34.97893	17.31312	11.356	217.3
2016-12-17T00:50	-35.00427	17.28936	11.502	217.5
2016-12-17T01:00	-35.02925	17.26629	11.277	217.1
2016-12-17T01:10	-35.05451	17.24272	11.445	217.4
2016-12-17T01:20	-35.08020	17.21891	11.610	217.2
2016-12-17T01:30	-35.10594	17.19491	11.658	217.3
2016-12-17T01:40	-35.13156	17.17101	11.604	217.3
2016-12-17T01:50	-35.15678	17.14752	11.413	217.3
2016-12-17T02:00	-35.18203	17.12406	11.416	217.2
2016-12-17T02:10	-35.20668	17.10109	11.157	217.3
2016-12-17T02:20	-35.23083	17.07855	10.935	217.3
2016-12-17T02:30	-35.25474	17.05631	10.811	217.2
2016-12-17T02:40	-35.27881	17.03382	10.899	217.3
2016-12-17T02:50	-35.30215	17.01207	10.557	217.2
2016-12-17T03:00	-35.32568	16.99002	10.665	217.4
2016-12-17T03:10	-35.34945	16.96781	10.762	217.3
2016-12-17T03:20	-35.37353	16.94534	10.895	217.3
2016-12-17T03:30	-35.39827	16.92217	11.206	217.4
2016-12-17T03:40	-35.42240	16.89969	10.908	217.2
2016-12-17T03:50	-35.44661	16.87708	10.955	217.3
2016-12-17T04:00	-35.47093	16.85438	11.000	217.2
2016-12-17T04:10	-35.49541	16.83154	11.071	217.2
2016-12-17T04:20	-35.51951	16.80889	10.924	217.4
2016-12-17T04:30	-35.54326	16.78658	10.762	217.4
2016-12-17T04:40	-35.56608	16.76536	10.304	217.1
2016-12-17T04:50	-35.58941	16.74343	10.574	217.4
2016-12-17T05:00	-35.61259	16.72172	10.489	217.3
2016-12-17T05:10	-35.63538	16.70031	10.326	217.4
2016-12-17T05:20	-35.65790	16.67932	10.171	217.1
2016-12-17T05:30	-35.68069	16.65791	10.322	217.4
2016-12-17T05:40	-35.70328	16.63672	10.226	217.3
2016-12-17T05:50	-35.72571	16.61562	10.162	217.4
2016-12-17T06:00	-35.74763	16.59509	9.914	217.2
2016-12-17T06:10	-35.76954	16.57451	9.919	217.3
2016-12-17T06:20	-35.79166	16.55381	9.997	217.2
2016-12-17T06:30	-35.81445	16.53239	10.318	217.3
2016-12-17T06:40	-35.83780	16.51040	10.579	217.4
2016-12-17T06:50	-35.86039	16.48913	10.232	217.3
2016-12-17T07:00	-35.88457	16.46652	10.923	217.1
2016-12-17T07:10	-35.90823	16.44422	10.717	217.4
2016-12-17T07:20	-35.93106	16.42265	10.352	217.4
2016-12-17T07:30	-35.95429	16.40088	10.500	217.2
2016-12-17T07:40	-35.97792	16.37863	10.694	217.3
2016-12-17T07:50	-36.00165	16.35630	10.739	217.3
2016-12-17T08:00	-36.02516	16.33408	10.656	217.4
2016-12-17T08:10	-36.04856	16.31213	10.575	217.2
2016-12-17T08:20	-36.07203	16.29003	10.620	217.3
2016-12-17T08:30	-36.09515	16.26817	10.476	217.4
2016-12-17T08:40	-36.11873	16.24591	10.678	217.3
2016-12-17T08:50	-36.14233	16.22372	10.670	217.2
2016-12-17T09:00	-36.16589	16.20150	10.661	217.3
2016-12-17T09:10	-36.18945	16.17927	10.664	217.3
2016-12-17T09:20	-36.21211	16.15781	10.269	217.4
2016-12-17T09:30	-36.23411	16.13708	9.947	217.2
2016-12-17T09:40	-36.25696	16.11551	10.341	217.3
2016-12-17T09:50	-36.28048	16.09329	10.646	217.3
2016-12-17T10:00	-36.30444	16.07072	10.831	217.2
2016-12-17T10:10	-36.32827	16.04819	10.787	217.3
2016-12-17T10:20	-36.35240	16.02531	10.932	217.4
2016-12-17T10:30	-36.37650	16.00247	10.916	217.3
2016-12-17T10:40	-36.40025	15.98010	10.731	217.2
2016-12-17T10:50	-36.42394	15.95763	10.729	217.3
2016-12-17T11:00	-36.44751	15.93537	10.660	217.2
2016-12-17T11:10	-36.47060	15.91344	10.460	217.4
2016-12-17T11:20	-36.49362	15.89173	10.402	217.2
2016-12-17T11:30	-36.51670	15.86984	10.450	217.3
2016-12-17T11:40	-36.53941	15.84828	10.284	217.3
2016-12-17T11:50	-36.56241	15.82648	10.408	217.3
2016-12-17T12:00	-36.58583	15.80416	10.618	217.4
2016-12-17T12:10	-36.60989	15.78134	10.888	217.3
2016-12-17T12:20	-36.63453	15.75805	11.136	217.2
2016-12-17T12:30	-36.65880	15.73503	10.981	217.3
2016-12-17T12:40	-36.68324	15.71180	11.065	217.3
2016-12-17T12:50	-36.70766	15.68862	11.050	217.3
2016-12-17T13:00	-36.73216	15.66532	11.090	217.3
2016-12-17T13:10	-36.75673	15.64198	11.118	217.3
2016-12-17T13:20	-36.78152	15.61832	11.235	217.4
2016-12-17T13:30	-36.80643	15.59469	11.266	217.2
2016-12-17T13:40	-36.83161	15.57068	11.403	217.4
2016-12-17T13:50	-36.85695	15.54662	11.459	217.2
2016-12-17T14:00	-36.88130	15.52342	11.024	217.3
2016-12-17T14:10	-36.90608	15.49985	11.209	217.2
2016-12-17T14:20	-36.93036	15.47668	10.997	217.3
2016-12-17T14:30	-36.95467	15.45356	10.993	217.2
2016-12-17T14:40	-36.97919	15.43013	11.108	217.4
2016-12-17T14:50	-37.00364	15.40688	11.055	217.2
2016-12-17T15:00	-37.02838	15.38330	11.192	217.3
2016-12-17T15:10	-37.05265	15.36009	10.996	217.3
2016-12-17T15:20	-37.07730	15.33661	11.147	217.2
2016-12-17T15:30	-37.10215	15.31287	11.249	217.3
2016-12-17T15:40	-37.12678	15.28939	11.141	217.2
2016-12-17T15:50	-37.15045	15.26678	10.712	217.3
2016-12-17T16:00	-37.17297	15.24532	10.179	217.2
2016-12-17T16:10	-37.19548	15.22380	10.189	217.3
2016-12-17T16:20	-37.21798	15.20217	10.204	217.4
2016-12-17T16:30	-37.24049	15.18067	10.181	217.2
2016-12-17T16:40	-37.26326	15.15892	10.300	217.2
2016-12-17T16:50	-37.28617	15.13704	10.359	217.2
2016-12-17T17:00	-37.30929	15.11488	10.467	217.3
2016-12-17T17:10	-37.33228	15.09278	10.420	217.4
2016-12-17T17:20	-37.35568	15.07046	10.574	217.2
2016-12-17T17:30	-37.37871	15.04839	10.422	217.3
2016-12-17T17:40	-37.40137	15.02662	10.265	217.4
2016-12-17T17:50	-37.42389	15.00511	10.177	217.2
2016-12-17T18:00	-37.44607	14.98379	10.046	217.3
2016-12-17T18:10	-37.46821	14.96254	10.022	217.3
2016-12-17T18:20	-37.49054	14.94114	10.101	217.2
2016-12-17T18:30	-37.51265	14.91988	10.013	217.3
2016-12-17T18:40	-37.53452	14.89892	9.889	217.2
2016-12-17T18:50	-37.55669	14.87761	10.037	217.3
2016-12-17T19:00	-37.57887	14.85633	10.033	217.3
2016-12-17T19:10	-37.60146	14.83457	10.229	217.3
2016-12-17T19:20	-37.62430	14.81268	10.326	217.2
2016-12-17T19:30	-37.64701	14.79086	10.274	217.3
2016-12-17T19:40	-37.66945	14.76924	10.163	217.3
2016-12-17T19:50	-37.69172	14.74785	10.072	217.2
2016-12-17T20:00	-37.71402	14.72640	10.088	217.3
2016-12-17T20:10	-37.73598	14.70518	9.954	217.4
2016-12-17T20:20	-37.75801	14.68403	9.957	217.2
2016-12-17T20:30	-37.77965	14.66314	9.801	217.3
2016-12-17T20:40	-37.80138	14.64218	9.838	217.3
2016-12-17T20:50	-37.82347	14.62090	9.997	217.3
2016-12-17T21:00	-37.84450	14.60089	9.469	216.9
2016-12-17T21:10	-37.86637	14.57963	9.928	217.5
2016-12-17T21:20	-37.88853	14.55814	10.048	217.4
2016-12-17T21:30	-37.91053	14.53697	9.944	217.2
2016-12-17T21:40	-37.93221	14.51603	9.815	217.3
2016-12-17T21:50	-37.95410	14.49489	9.908	217.3
2016-12-17T22:00	-37.97622	14.47357	10.003	217.2
2016-12-17T22:10	-37.99860	14.45196	10.109	217.3
2016-12-17T22:20	-38.02064	14.43069	9.968	217.2
2016-12-17T22:30	-38.04281	14.40923	10.040	217.3
2016-12-17T22:40	-38.06494	14.38785	10.009	217.3
2016-12-17T22:50	-38.08698	14.36646	9.987	217.4
2016-12-17T23:00	-38.10909	14.34508	10.004	217.3
2016-12-17T23:10	-38.13098	14.32393	9.898	217.2
2016-12-17T23:20	-38.15281	14.30283	9.875	217.2
2016-12-17T23:30	-38.17432	14.28197	9.739	217.3
2016-12-17T23:40	-38.19602	14.26094	9.823	217.3
2016-12-17T23:50	-38.21758	14.24001	9.761	217.3
2016-12-18T00:00	-38.23936	14.21892	9.852	217.3
2016-12-18T00:10	-38.26136	14.19757	9.960	217.3
2016-12-18T00:20	-38.28342	14.17615	9.988	217.3
2016-12-18T00:30	-38.30591	14.15438	10.171	217.2
2016-12-18T00:40	-38.32845	14.13252	10.195	217.3
2016-12-18T00:50	-38.35089	14.11072	10.159	217.3
2016-12-18T01:00	-38.37334	14.08891	10.161	217.3
2016-12-18T01:10	-38.39629	14.06657	10.396	217.3
2016-12-18T01:20	-38.41996	14.04363	10.698	217.2
2016-12-18T01:30	-38.44379	14.02038	10.800	217.4
2016-12-18T01:40	-38.46803	13.99686	10.961	217.2
2016-12-18T01:50	-38.49259	13.97301	11.108	217.2
2016-12-18T02:00	-38.51710	13.94912	11.099	217.3
2016-12-18T02:10	-38.54156	13.92534	11.065	217.2
2016-12-18T02:20	-38.56604	13.90152	11.076	217.3
2016-12-18T02:30	-38.59058	13.87757	11.112	217.3
2016-12-18T02:40	-38.61489	13.85398	10.984	217.2
2016-12-18T02:50	-38.63902	13.83038	10.936	217.4
2016-12-18T03:00	-38.66351	13.80647	11.088	217.3
2016-12-18T03:10	-38.68743	13.78312	10.827	217.3
2016-12-18T03:20	-38.71141	13.75971	10.855	217.3
2016-12-18T03:30	-38.73522	13.73653	10.766	217.2
2016-12-18T03:40	-38.75916	13.71321	10.826	217.2
2016-12-18T03:50	-38.78363	13.68925	11.084	217.3
2016-12-18T04:00	-38.80846	13.66501	11.234	217.3
2016-12-18T04:10	-38.83293	13.64099	11.090	217.4
2016-12-18T04:20	-38.85736	13.61745	10.998	216.9
2016-12-18T04:30	-38.88118	13.59401	10.807	217.5
2016-12-18T04:40	-38.90531	13.57034	10.929	217.4
2016-12-18T04:50	-38.92927	13.54694	10.834	217.2
2016-12-18T05:00	-38.95326	13.52330	10.884	217.5
2016-12-18T05:10	-38.97762	13.49955	11.006	217.2
2016-12-18T05:20	-39.00101	13.47659	10.591	217.3
2016-12-18T05:30	-39.02420	13.45383	10.501	217.3
2016-12-18T05:40	-39.04800	13.43059	10.756	217.2
2016-12-18T05:50	-39.07199	13.40708	10.854	217.3
2016-12-18T06:00	-39.09547	13.38406	10.624	217.3
2016-12-18T06:10	-39.11861	13.36128	10.484	217.4
2016-12-18T06:20	-39.14224	13.33817	10.678	217.2
2016-12-18T06:30	-39.16437	13.31633	10.033	217.4
2016-12-18T06:40	-39.18641	13.29476	9.962	217.2
2016-12-18T06:50	-39.20848	13.27307	9.989	217.3
2016-12-18T07:00	-39.23095	13.25091	10.180	217.4
2016-12-18T07:10	-39.25356	13.22868	10.233	217.3
2016-12-18T07:20	-39.27637	13.20622	10.326	217.3
2016-12-18T07:30	-39.29932	13.18372	10.372	217.2
2016-12-18T07:40	-39.32231	13.16101	10.420	217.4
2016-12-18T07:50	-39.34512	13.13851	10.328	217.3
2016-12-18T08:00	-39.36776	13.11631	10.230	217.1
2016-12-18T08:10	-39.39004	13.09438	10.081	217.3
2016-12-18T08:20	-39.41245	13.07234	10.134	217.2
2016-12-18T08:30	-39.43474	13.05026	10.106	217.4
2016-12-18T08:40	-39.45717	13.02824	10.134	217.2
2016-12-18T08:50	-39.47952	13.00613	10.127	217.4
2016-12-18T09:00	-39.50163	12.98435	10.000	217.2
2016-12-18T09:10	-39.52401	12.96227	10.125	217.3
2016-12-18T09:20	-39.54627	12.94032	10.068	217.2
2016-12-18T09:30	-39.56849	12.91833	10.063	217.3
2016-12-18T09:40	-39.59084	12.89618	10.125	217.4
2016-12-18T09:50	-39.61390	12.87341	10.434	217.2
2016-12-18T10:00	-39.63667	12.85093	10.299	217.2
2016-12-18T10:10	-39.65911	12.82872	10.158	217.3
2016-12-18T10:20	-39.68154	12.80658	10.144	217.2
2016-12-18T10:30	-39.70404	12.78432	10.182	217.3
2016-12-18T10:40	-39.72644	12.76210	10.143	217.3
2016-12-18T10:50	-39.74895	12.73981	10.188	217.3
2016-12-18T11:00	-39.77148	12.71755	10.186	217.2
2016-12-18T11:10	-39.79432	12.69486	10.345	217.4
2016-12-18T11:20	-39.81751	12.67191	10.490	217.2
2016-12-18T11:30	-39.84064	12.64895	10.473	217.3
2016-12-18T11:40	-39.86323	12.62650	10.229	217.3
2016-12-18T11:50	-39.88657	12.60335	10.561	217.3
2016-12-18T12:00	-39.90942	12.58070	10.336	217.2
2016-12-18T12:10	-39.93274	12.55751	10.560	217.3
2016-12-18T12:20	-39.95539	12.53504	10.247	217.2
2016-12-18T12:30	-39.97802	12.51256	10.238	217.3
2016-12-18T12:40	-40.00074	12.49008	10.267	217.2
2016-12-18T12:50	-40.02314	12.46772	10.153	217.4
2016-12-18T13:00	-40.04561	12.44533	10.174	217.3
2016-12-18T13:10	-40.06795	12.42322	10.091	217.1
2016-12-18T13:20	-40.09051	12.40069	10.224	217.4
2016-12-18T13:30	-40.11278	12.37823	10.126	217.6
2016-12-18T13:40	-40.13375	12.35766	9.436	216.9
2016-12-18T13:50	-40.15454	12.33711	9.384	217.1
2016-12-18T14:00	-40.17545	12.31609	9.493	217.5
2016-12-18T14:10	-40.19652	12.29518	9.518	217.2
2016-12-18T14:20	-40.21769	12.27411	9.576	217.2
2016-12-18T14:30	-40.23883	12.25301	9.571	217.3
2016-12-18T14:40	-40.26051	12.23135	9.815	217.3
2016-12-18T14:50	-40.28191	12.21000	9.685	217.3
2016-12-18T15:00	-40.30313	12.18868	9.625	217.5
2016-12-18T15:10	-40.32527	12.16665	10.004	217.2
2016-12-18T15:20	-40.34776	12.14429	10.161	217.2
2016-12-18T15:30	-40.36976	12.12220	9.975	217.4
2016-12-18T15:40	-40.39205	12.09992	10.085	217.3
2016-12-18T15:50	-40.41533	12.07669	10.530	217.2
2016-12-18T16:00	-40.43778	12.05425	10.156	217.3
2016-12-18T16:10	-40.46056	12.03154	10.295	217.2
2016-12-18T16:20	-40.48211	12.00981	9.779	217.5
2016-12-18T16:30	-40.50495	11.98700	10.325	217.2
2016-12-18T16:40	-40.52681	11.96509	9.894	217.3
2016-12-18T16:50	-40.54937	11.94251	10.208	217.3
2016-12-18T17:00	-40.57112	11.92055	9.871	217.5
2016-12-18T17:10	-40.59358	11.89812	10.148	217.2
2016-12-18T17:20	-40.61683	11.87479	10.524	217.3
2016-12-18T17:30	-40.63882	11.85279	9.940	217.2
2016-12-18T17:40	-40.66204	11.82946	10.513	217.3
2016-12-18T17:50	-40.68469	11.80673	10.250	217.3
2016-12-18T18:00	-40.70732	11.78402	10.237	217.3
2016-12-18T18:10	-40.72978	11.76149	10.158	217.2
2016-12-18T18:20	-40.75161	11.73954	9.884	217.3
2016-12-18T18:30	-40.77365	11.71733	9.982	217.4
2016-12-18T18:40	-40.79504	11.69578	9.671	217.3
2016-12-18T18:50	-40.81745	11.67335	10.121	217.1
2016-12-18T19:00	-40.83941	11.65121	9.945	217.3
2016-12-18T19:10	-40.86076	11.62965	9.673	217.4
2016-12-18T19:20	-40.88276	11.60756	9.946	217.2
2016-12-18T19:30	-40.90555	11.58454	10.325	217.4
2016-12-18T19:40	-40.92891	11.56106	10.560	217.2
2016-12-18T19:50	-40.95136	11.53852	10.145	217.2
2016-12-18T20:00	-40.97416	11.51542	10.336	217.4
2016-12-18T20:10	-40.99759	11.49188	10.590	217.2
2016-12-18T20:20	-41.02098	11.46828	10.583	217.3
2016-12-18T20:30	-41.04376	11.44527	10.311	217.3
2016-12-18T20:40	-41.06712	11.42170	10.569	217.2
2016-12-18T20:50	-41.09015	11.39818	10.464	217.6
2016-12-18T21:00	-41.11318	11.37517	10.381	217.0
2016-12-18T21:10	-41.13585	11.35231	10.250	217.2
2016-12-18T21:20	-41.15874	11.32908	10.373	217.4
2016-12-18T21:30	-41.18166	11.30595	10.346	217.2
2016-12-18T21:40	-41.20398	11.28322	10.122	217.4
2016-12-18T21:50	-41.22610	11.26090	10.000	217.2
2016-12-18T22:00	-41.24826	11.23839	10.041	217.4
2016-12-18T22:10	-41.27034	11.21618	9.966	217.1
2016-12-18T22:20	-41.29245	11.19371	10.016	217.4
2016-12-18T22:30	-41.31477	11.17103	10.111	217.3
2016-12-18T22:40	-41.33725	11.14831	10.158	217.2
2016-12-18T22:50	-41.35991	11.12522	10.274	217.4
2016-12-18T23:00	-41.38216	11.10281	10.042	217.1
2016-12-18T23:10	-41.40462	11.07990	10.183	217.4
2016-12-18T23:20	-41.42696	11.05738	10.082	217.1
2016-12-18T23:30	-41.44909	11.03475	10.040	217.5
2016-12-18T23:40	-41.47102	11.01252	9.917	217.2
2016-12-18T23:50	-41.49301	10.99010	9.962	217.4
2016-12-19T00:00	-41.51571	10.96703	10.271	217.3
2016-12-19T00:10	-41.53860	10.94385	10.341	217.2
2016-12-19T00:20	-41.56050	10.92133	9.952	217.6
2016-12-19T00:30	-41.58350	10.89808	10.381	217.1
2016-12-19T00:40	-41.60562	10.87550	10.021	217.4
2016-12-19T00:50	-41.62772	10.85295	10.007	217.3
2016-12-19T01:00	-41.64901	10.83128	9.633	217.2
2016-12-19T01:10	-41.66968	10.81037	9.327	217.1
2016-12-19T01:20	-41.68982	10.78966	9.145	217.5
2016-12-19T01:30	-41.71029	10.76887	9.247	217.2
2016-12-19T01:40	-41.72941	10.74917	8.687	217.6
2016-12-19T01:50	-41.74875	10.72981	8.690	216.8
2016-12-19T02:00	-41.76854	10.70944	8.984	217.5
2016-12-19T02:10	-41.78716	10.69036	8.438	217.4
2016-12-19T02:20	-41.80679	10.67048	8.856	217.0
2016-12-19T02:30	-41.82579	10.65092	8.622	217.5
2016-12-19T02:40	-41.84392	10.63271	8.154	216.8
2016-12-19T02:50	-41.86177	10.61421	8.119	217.7
2016-12-19T03:00	-41.87868	10.59679	7.670	217.5
2016-12-19T03:10	-41.89643	10.57890	7.992	216.9
2016-12-19T03:20	-41.91283	10.56193	7.454	217.6
2016-12-19T03:30	-41.92962	10.54483	7.585	217.1
2016-12-19T03:40	-41.94595	10.52814	7.386	217.2
2016-12-19T03:50	-41.96265	10.51117	7.534	217.1
2016-12-19T04:00	-41.97961	10.49358	7.712	217.6
2016-12-19T04:10	-41.99525	10.47742	7.101	217.5
2016-12-19T04:20	-42.01246	10.46007	7.742	216.8
2016-12-19T04:30	-42.02940	10.44268	7.670	217.3
2016-12-19T04:40	-42.04537	10.42637	7.218	217.2
2016-12-19T04:50	-42.06233	10.40904	7.664	217.2
2016-12-19T05:00	-42.07834	10.39244	7.276	217.6
2016-12-19T05:10	-42.09428	10.37616	7.199	217.2
2016-12-19T05:20	-42.10945	10.36047	6.886	217.5
2016-12-19T05:30	-42.12490	10.34463	6.987	217.3
2016-12-19T05:40	-42.13991	10.32913	6.809	217.4
2016-12-19T05:50	-42.15557	10.31309	7.081	217.2
2016-12-19T06:00	-42.17095	10.29724	6.966	217.4
2016-12-19T06:10	-42.18699	10.28080	7.252	217.2
2016-12-19T06:20	-42.20302	10.26465	7.203	216.7
2016-12-19T06:30	-42.21714	10.24991	6.425	217.7
2016-12-19T06:40	-42.23309	10.23365	7.196	217.0
2016-12-19T06:50	-42.24912	10.21704	7.275	217.5
2016-12-19T07:00	-42.26412	10.20028	7.009	219.6
2016-12-19T07:10	-42.27641	10.18449	6.104	223.6
2016-12-19T07:20	-42.29399	10.16925	7.521	212.6
2016-12-19T07:30	-42.31104	10.15395	7.368	213.6
2016-12-19T07:40	-42.32750	10.13826	7.252	215.2
2016-12-19T07:50	-42.34303	10.12271	6.957	216.5
2016-12-19T08:00	-42.35736	10.10776	6.513	217.7
2016-12-19T08:10	-42.37156	10.09277	6.484	217.9
2016-12-19T08:20	-42.38706	10.07618	7.114	218.4
2016-12-19T08:30	-42.40375	10.05751	7.794	219.5
2016-12-19T08:40	-42.41918	10.04264	6.819	215.4
2016-12-19T08:50	-42.43423	10.02738	6.770	216.8
2016-12-19T09:00	-42.45122	10.00967	7.716	217.5
2016-12-19T09:10	-42.46686	9.99344	7.092	217.5
2016-12-19T09:20	-42.48258	9.97662	7.209	218.3
2016-12-19T09:30	-42.49740	9.96092	6.771	218.0
2016-12-19T09:40	-42.51104	9.94684	6.175	217.3
2016-12-19T09:50	-42.52480	9.93287	6.186	216.8
2016-12-19T10:00	-42.53815	9.91968	5.945	216.1
2016-12-19T10:10	-42.55128	9.90647	5.885	216.5
2016-12-19T10:20	-42.56387	9.89425	5.571	215.6
2016-12-19T10:30	-42.57615	9.88186	5.509	216.6
2016-12-19T10:40	-42.58812	9.86922	5.459	217.9
2016-12-19T10:50	-42.60068	9.85451	5.972	220.7
2016-12-19T11:00	-42.61330	9.84234	5.570	215.4
2016-12-19T11:10	-42.62607	9.82868	5.855	218.2
2016-12-19T11:20	-42.63891	9.81489	5.890	218.3
2016-12-19T11:30	-42.65161	9.80115	5.844	218.5
2016-12-19T11:40	-42.66477	9.78732	5.988	217.7
2016-12-19T11:50	-42.67823	9.77270	6.201	218.6
2016-12-19T12:00	-42.69190	9.75815	6.250	218.0
2016-12-19T12:10	-42.70510	9.74419	6.019	217.8
2016-12-19T12:20	-42.71891	9.72895	6.402	219.0
2016-12-19T12:30	-42.73133	9.71568	5.684	218.1
2016-12-19T12:40	-42.73274	9.69538	5.392	264.6
2016-12-19T12:50	-42.73954	9.67614	5.647	244.3
2016-12-19T13:00	-42.75518	9.66013	7.044	216.9
2016-12-19T13:10	-42.77177	9.64592	7.059	212.2
2016-12-19T13:20	-42.78755	9.63280	6.655	211.4
2016-12-19T13:30	-42.80370	9.61904	6.856	212.0
2016-12-19T13:40	-42.82031	9.60455	7.102	212.6
2016-12-19T13:50	-42.83745	9.58889	7.427	213.8
2016-12-19T14:00	-42.85432	9.57369	7.281	213.4
2016-12-19T14:10	-42.87177	9.55805	7.516	213.3
2016-12-19T14:20	-42.88954	9.54224	7.639	213.1
2016-12-19T14:30	-42.90747	9.52598	7.750	213.6
2016-12-19T14:40	-42.92626	9.50878	8.146	213.8
2016-12-19T14:50	-42.94588	9.49043	8.559	214.4
2016-12-19T15:00	-42.96565	9.47163	8.675	214.8
2016-12-19T15:10	-42.98506	9.45334	8.486	214.6
2016-12-19T15:20	-43.00573	9.43405	9.012	214.3
2016-12-19T15:30	-43.02532	9.41603	8.500	213.9
2016-12-19T15:40	-43.04529	9.39630	8.868	215.8
2016-12-19T15:50	-43.06495	9.37499	9.030	218.4
2016-12-19T16:00	-43.08296	9.35390	8.533	220.5
2016-12-19T16:10	-43.10215	9.33339	8.766	218.0
2016-12-19T16:20	-43.12233	9.31237	9.128	217.2
2016-12-19T16:30	-43.14261	9.29123	9.173	217.2
2016-12-19T16:40	-43.16119	9.27176	8.422	217.4
2016-12-19T16:50	-43.18070	9.25132	8.839	217.4
2016-12-19T17:00	-43.20140	9.22993	9.332	217.0
2016-12-19T17:10	-43.22161	9.20863	9.176	217.5
2016-12-19T17:20	-43.24099	9.18860	8.734	217.0
2016-12-19T17:30	-43.26167	9.16680	9.387	217.5
2016-12-19T17:40	-43.28329	9.14416	9.791	217.3
2016-12-19T17:50	-43.30394	9.12269	9.321	217.1
2016-12-19T18:00	-43.32449	9.10123	9.294	217.2
2016-12-19T18:10	-43.34469	9.07986	9.177	217.6
2016-12-19T18:20	-43.36518	9.05864	9.237	217.0
2016-12-19T18:30	-43.38584	9.03680	9.380	217.5
2016-12-19T18:40	-43.40721	9.01458	9.642	217.1
2016-12-19T18:50	-43.42867	8.99197	9.729	217.4
2016-12-19T19:00	-43.45088	8.96885	10.024	217.1
2016-12-19T19:10	-43.47297	8.94564	10.005	217.3
2016-12-19T19:20	-43.49522	8.92227	10.070	217.3
2016-12-19T19:30	-43.51749	8.89892	10.073	217.2
2016-12-19T19:40	-43.53987	8.87531	10.145	217.4
2016-12-19T19:50	-43.56169	8.85235	9.882	217.3
2016-12-19T20:00	-43.58532	8.82769	10.665	217.1
2016-12-19T20:10	-43.60901	8.80262	10.747	217.4
2016-12-19T20:20	-43.63228	8.77817	10.527	217.3
2016-12-19T20:30	-43.65454	8.75481	10.064	217.2
2016-12-19T20:40	-43.67704	8.73117	10.173	217.2
2016-12-19T20:50	-43.70033	8.70659	10.550	217.3
2016-12-19T21:00	-43.72376	8.68194	10.597	217.2
2016-12-19T21:10	-43.74703	8.65737	10.539	217.3
2016-12-19T21:20	-43.77104	8.63212	10.856	217.2
2016-12-19T21:30	-43.79515	8.60657	10.928	217.4
2016-12-19T21:40	-43.81916	8.58127	10.863	217.2
2016-12-19T21:50	-43.84353	8.55564	11.013	217.2
2016-12-19T22:00	-43.86795	8.52973	11.071	217.4
2016-12-19T22:10	-43.89194	8.50436	10.863	217.3
2016-12-19T22:20	-43.91574	8.47927	10.759	217.2
2016-12-19T22:30	-43.93903	8.45464	10.541	217.3
2016-12-19T22:40	-43.96316	8.42914	10.918	217.3
2016-12-19T22:50	-43.98705	8.40392	10.801	217.2
2016-12-19T23:00	-44.01041	8.37911	10.585	217.4
2016-12-19T23:10	-44.03399	8.35412	10.675	217.3
2016-12-19T23:20	-44.05744	8.32932	10.603	217.2
2016-12-19T23:30	-44.08100	8.30440	10.656	217.2
2016-12-19T23:40	-44.10404	8.27989	10.440	217.4
2016-12-19T23:50	-44.12652	8.25609	10.164	217.2
2016-12-20T00:00	-44.14900	8.23220	10.181	217.3
2016-12-20T00:10	-44.17145	8.20839	10.156	217.3
2016-12-20T00:20	-44.19428	8.18410	10.340	217.3
2016-12-20T00:30	-44.21691	8.16012	10.232	217.2
2016-12-20T00:40	-44.23983	8.13577	10.369	217.3
2016-12-20T00:50	-44.26286	8.11122	10.434	217.4
2016-12-20T01:00	-44.28570	8.08697	10.330	217.2
2016-12-20T01:10	-44.30910	8.06210	10.587	217.2
2016-12-20T01:20	-44.33252	8.03718	10.595	217.3
2016-12-20T01:30	-44.35586	8.01230	10.568	217.3
2016-12-20T01:40	-44.37902	7.98761	10.486	217.3
2016-12-20T01:50	-44.40261	7.96259	10.658	217.2
2016-12-20T02:00	-44.42594	7.93754	10.586	217.5
2016-12-20T02:10	-44.44941	7.91259	10.608	217.2
2016-12-20T02:20	-44.47281	7.88761	10.593	217.3
2016-12-20T02:30	-44.49652	7.86236	10.721	217.2
2016-12-20T02:40	-44.51984	7.83740	10.564	217.3
2016-12-20T02:50	-44.54363	7.81196	10.768	217.3
2016-12-20T03:00	-44.56777	7.78624	10.913	217.2
2016-12-20T03:10	-44.59194	7.76034	10.949	217.3
2016-12-20T03:20	-44.61656	7.73403	11.139	217.3
2016-12-20T03:30	-44.64092	7.70800	11.018	217.2
2016-12-20T03:40	-44.66539	7.68185	11.066	217.2
2016-12-20T03:50	-44.68931	7.65620	10.831	217.3
2016-12-20T04:00	-44.71321	7.63051	10.831	217.4
2016-12-20T04:10	-44.73697	7.60517	10.732	217.1
2016-12-20T04:20	-44.76056	7.57993	10.667	217.2
2016-12-20T04:30	-44.78419	7.55444	10.717	217.4
2016-12-20T04:40	-44.80784	7.52903	10.707	217.3
2016-12-20T04:50	-44.83169	7.50353	10.778	217.2
2016-12-20T05:00	-44.85540	7.47803	10.735	217.3
2016-12-20T05:10	-44.87926	7.45235	10.806	217.3
2016-12-20T05:20	-44.90333	7.42648	10.894	217.3
2016-12-20T05:30	-44.92730	7.40081	10.832	217.2
2016-12-20T05:40	-44.95080	7.37550	10.638	217.3
2016-12-20T05:50	-44.97421	7.35025	10.604	217.3
2016-12-20T06:00	-44.99783	7.32484	10.686	217.3
2016-12-20T06:10	-45.02158	7.29934	10.735	217.2
2016-12-20T06:20	-45.04575	7.27325	10.946	217.3
2016-12-20T06:30	-45.07001	7.24711	10.979	217.3
2016-12-20T06:40	-45.09386	7.22141	10.787	217.3
2016-12-20T06:50	-45.11699	7.19632	10.489	217.4
2016-12-20T07:00	-45.14013	7.17142	10.462	217.2
2016-12-20T07:10	-45.16337	7.14631	10.520	217.3
2016-12-20T07:20	-45.18666	7.12125	10.525	217.2
2016-12-20T07:30	-45.20940	7.09664	10.296	217.3
2016-12-20T07:40	-45.23249	7.07168	10.451	217.3
2016-12-20T07:50	-45.25530	7.04703	10.318	217.3
2016-12-20T08:00	-45.27799	7.02249	10.266	217.3
2016-12-20T08:10	-45.30063	6.99805	10.236	217.2
2016-12-20T08:20	-45.32305	6.97365	10.167	217.4
2016-12-20T08:30	-45.34537	6.94951	10.095	217.2
2016-12-20T08:40	-45.36807	6.92494	10.269	217.3
2016-12-20T08:50	-45.39095	6.90023	10.340	217.2
2016-12-20T09:00	-45.41366	6.87551	10.291	217.4
2016-12-20T09:10	-45.43630	6.85085	10.260	217.4
2016-12-20T09:20	-45.45859	6.82675	10.074	217.2
2016-12-20T09:30	-45.48066	6.80269	10.001	217.4
2016-12-20T09:40	-45.50296	6.77844	10.098	217.3
2016-12-20T09:50	-45.52520	6.75440	10.044	217.1
2016-12-20T10:00	-45.54719	6.73054	9.947	217.2
2016-12-20T10:10	-45.56948	6.70626	10.092	217.3
2016-12-20T10:20	-45.59159	6.68218	10.012	217.3
2016-12-20T10:30	-45.61355	6.65823	9.944	217.3
2016-12-20T10:40	-45.63608	6.63368	10.198	217.3
2016-12-20T10:50	-45.65862	6.60926	10.181	217.1
2016-12-20T11:00	-45.68107	6.58474	10.168	217.3
2016-12-20T11:10	-45.70411	6.55964	10.426	217.3
2016-12-20T11:20	-45.72720	6.53444	10.453	217.3
2016-12-20T11:30	-45.75019	6.50939	10.398	217.2
2016-12-20T11:40	-45.77363	6.48381	10.606	217.3
2016-12-20T11:50	-45.79736	6.45783	10.749	217.3
2016-12-20T12:00	-45.82107	6.43195	10.729	217.2
2016-12-20T12:10	-45.84486	6.40605	10.750	217.2
2016-12-20T12:20	-45.86887	6.37975	10.872	217.3
2016-12-20T12:30	-45.89294	6.35334	10.907	217.3
2016-12-20T12:40	-45.91677	6.32730	10.776	217.3
2016-12-20T12:50	-45.94057	6.30130	10.765	217.2
2016-12-20T13:00	-45.95526	6.28653	6.454	214.9
2016-12-20T13:10	-45.95582	6.28751	0.318	129.2
2016-12-20T13:20	-45.95504	6.28730	0.287	349.3
2016-12-20T13:30	-45.95408	6.28698	0.355	346.7
2016-12-20T13:40	-45.95382	6.28672	0.114	325.2
2016-12-20T13:50	-45.95360	6.28684	0.084	22.7
2016-12-20T14:00	-45.95249	6.28668	0.404	354.2
2016-12-20T14:10	-45.95210	6.28666	0.139	357.1
2016-12-20T14:20	-45.95155	6.28673	0.199	5.7
2016-12-20T14:30	-45.95109	6.28695	0.177	18.1
2016-12-20T14:40	-45.95149	6.28729	0.166	150.0
2016-12-20T14:50	-45.95283	6.28675	0.503	195.4
2016-12-20T15:00	-45.95312	6.28643	0.131	217.2
2016-12-20T15:10	-45.95494	6.28456	0.805	215.7
2016-12-20T15:20	-45.95718	6.28206	1.021	217.7
2016-12-20T15:30	-45.95928	6.27962	0.973	219.0
2016-12-20T15:40	-45.96136	6.27665	1.053	224.9
2016-12-20T15:50	-45.96317	6.27339	1.044	231.3
2016-12-20T16:00	-45.98315	6.24792	9.612	221.5
2016-12-20T16:10	-46.00734	6.22451	10.495	213.9
2016-12-20T16:20	-46.03098	6.20208	10.193	213.4
2016-12-20T16:30	-46.05473	6.17945	10.252	213.5
2016-12-20T16:40	-46.07841	6.15698	10.209	213.3
2016-12-20T16:50	-46.10002	6.12995	10.300	220.9
2016-12-20T17:00	-46.12151	6.10248	10.337	221.5
2016-12-20T17:10	-46.14462	6.07748	10.402	216.8
2016-12-20T17:20	-46.16746	6.05229	10.348	217.4
2016-12-20T17:30	-46.19058	6.02691	10.456	217.2
2016-12-20T17:40	-46.21406	6.00096	10.645	217.4
2016-12-20T17:50	-46.23752	5.97528	10.594	217.1
2016-12-20T18:00	-46.26099	5.94934	10.636	217.4
2016-12-20T18:10	-46.28444	5.92355	10.607	217.2
2016-12-20T18:20	-46.30799	5.89754	10.665	217.3
2016-12-20T18:30	-46.33138	5.87184	10.572	217.2
2016-12-20T18:40	-46.35463	5.84622	10.519	217.3
2016-12-20T18:50	-46.37777	5.82060	10.483	217.4
2016-12-20T19:00	-46.40123	5.79477	10.607	217.2
2016-12-20T19:10	-46.42468	5.76879	10.624	217.4
2016-12-20T19:20	-46.44823	5.74276	10.660	217.3
2016-12-20T19:30	-46.47184	5.71670	10.678	217.2
2016-12-20T19:40	-46.49542	5.69053	10.685	217.4
2016-12-20T19:50	-46.51938	5.66406	10.836	217.2
2016-12-20T20:00	-46.54312	5.63787	10.732	217.2
2016-12-20T20:10	-46.56609	5.61241	10.399	217.3
2016-12-20T20:20	-46.58933	5.58662	10.523	217.3
2016-12-20T20:30	-46.61264	5.56078	10.552	217.3
2016-12-20T20:40	-46.63645	5.53439	10.772	217.3
2016-12-20T20:50	-46.66057	5.50763	10.919	217.3
2016-12-20T21:00	-46.68487	5.48073	10.985	217.2
2016-12-20T21:10	-46.70910	5.45381	10.968	217.3
2016-12-20T21:20	-46.73338	5.42687	10.985	217.2
2016-12-20T21:30	-46.75753	5.40008	10.922	217.2
2016-12-20T21:40	-46.78155	5.37332	10.879	217.3
2016-12-20T21:50	-46.80546	5.34684	10.804	217.2
2016-12-20T22:00	-46.82907	5.32041	10.710	217.4
2016-12-20T22:10	-46.85298	5.29388	10.806	217.2
2016-12-20T22:20	-46.87682	5.26725	10.799	217.4
2016-12-20T22:30	-46.90072	5.24071	10.804	217.2
2016-12-20T22:40	-46.92435	5.21431	10.701	217.3
2016-12-20T22:50	-46.94819	5.18766	10.801	217.3
2016-12-20T23:00	-46.97222	5.16089	10.867	217.2
2016-12-20T23:10	-46.99617	5.13415	10.840	217.3
2016-12-20T23:20	-47.02023	5.10733	10.884	217.2
2016-12-20T23:30	-47.04470	5.07995	11.079	217.3
2016-12-20T23:40	-47.06826	5.05360	10.664	217.3
2016-12-20T23:50	-47.09164	5.02758	10.562	217.1
2016-12-21T00:00	-47.11474	5.00162	10.473	217.4
2016-12-21T00:10	-47.13823	4.97545	10.613	217.1
2016-12-21T00:20	-47.16164	4.94914	10.608	217.4
2016-12-21T00:30	-47.18486	4.92310	10.512	217.3
2016-12-21T00:40	-47.20817	4.89716	10.522	217.1
2016-12-21T00:50	-47.23166	4.87068	10.652	217.4
2016-12-21T01:00	-47.25487	4.84462	10.506	217.3
2016-12-21T01:10	-47.27787	4.81886	10.403	217.2
2016-12-21T01:20	-47.30092	4.79300	10.430	217.3
2016-12-21T01:30	-47.32362	4.76746	10.279	217.3
2016-12-21T01:40	-47.34646	4.74178	10.340	217.3
2016-12-21T01:50	-47.36954	4.71593	10.428	217.2
2016-12-21T02:00	-47.39262	4.68993	10.452	217.3
2016-12-21T02:10	-47.41538	4.66426	10.310	217.3
2016-12-21T02:20	-47.43821	4.63866	10.318	217.2
2016-12-21T02:30	-47.46065	4.61333	10.166	217.3
2016-12-21T02:40	-47.48340	4.58787	10.268	217.1
2016-12-21T02:50	-47.50611	4.56218	10.292	217.4
2016-12-21T03:00	-47.52883	4.53654	10.287	217.3
2016-12-21T03:10	-47.55172	4.51076	10.353	217.2
2016-12-21T03:20	-47.57459	4.48498	10.344	217.2
2016-12-21T03:30	-47.59701	4.45955	10.164	217.4
2016-12-21T03:40	-47.61978	4.43394	10.290	217.2
2016-12-21T03:50	-47.64217	4.40866	10.128	217.3
2016-12-21T04:00	-47.66439	4.38360	10.047	217.2
2016-12-21T04:10	-47.68648	4.35844	10.023	217.5
2016-12-21T04:20	-47.70859	4.33347	10.000	217.2
2016-12-21T04:30	-47.73080	4.30835	10.051	217.3
2016-12-21T04:40	-47.75291	4.28334	10.001	217.2
2016-12-21T04:50	-47.77493	4.25821	9.993	217.5
2016-12-21T05:00	-47.79693	4.23345	9.929	217.1
2016-12-21T05:10	-47.81956	4.20770	10.253	217.4
2016-12-21T05:20	-47.84238	4.18188	10.321	217.2
2016-12-21T05:30	-47.86506	4.15613	10.265	217.3
2016-12-21T05:40	-47.88760	4.13058	10.194	217.2
2016-12-21T05:50	-47.90966	4.10557	9.976	217.2
2016-12-21T06:00	-47.93195	4.08022	10.090	217.3
2016-12-21T06:10	-47.95419	4.05496	10.063	217.2
2016-12-21T06:20	-47.97622	4.02980	9.986	217.4
2016-12-21T06:30	-47.99861	4.00438	10.124	217.2
2016-12-21T06:40	-48.02100	3.97889	10.132	217.3
2016-12-21T06:50	-48.04314	3.95374	10.010	217.2
2016-12-21T07:00	-48.06568	3.92806	10.199	217.3
2016-12-21T07:10	-48.08929	3.90107	10.698	217.4
2016-12-21T07:20	-48.11303	3.87413	10.724	217.1
2016-12-21T07:30	-48.13686	3.84679	10.808	217.4
2016-12-21T07:40	-48.16119	3.81917	10.989	217.1
2016-12-21T07:50	-48.18527	3.79152	10.919	217.4
2016-12-21T08:00	-48.20925	3.76423	10.840	217.2
2016-12-21T08:10	-48.23333	3.73671	10.894	217.3
2016-12-21T08:20	-48.25765	3.70877	11.027	217.4
2016-12-21T08:30	-48.28198	3.68110	10.986	217.1
2016-12-21T08:40	-48.30648	3.65300	11.095	217.3
2016-12-21T08:50	-48.33098	3.62499	11.083	217.2
2016-12-21T09:00	-48.35558	3.59681	11.132	217.3
2016-12-21T09:10	-48.37943	3.56940	10.805	217.3
2016-12-21T09:20	-48.40210	3.54350	10.243	217.2
2016-12-21T09:30	-48.42398	3.51834	9.912	217.3
2016-12-21T09:40	-48.44609	3.49297	10.006	217.3
2016-12-21T09:50	-48.46863	3.46716	10.189	217.2
2016-12-21T10:00	-48.49152	3.44088	10.358	217.3
2016-12-21T10:10	-48.51492	3.41384	10.611	217.4
2016-12-21T10:20	-48.53826	3.38710	10.549	217.2
2016-12-21T10:30	-48.56189	3.35992	10.692	217.3
2016-12-21T10:40	-48.58571	3.33248	10.783	217.3
2016-12-21T10:50	-48.60968	3.30489	10.848	217.2
2016-12-21T11:00	-48.63332	3.27771	10.690	217.2
2016-12-21T11:10	-48.65692	3.25060	10.668	217.2
2016-12-21T11:20	-48.68030	3.22351	10.599	217.4
2016-12-21T11:30	-48.70338	3.19692	10.441	217.2
2016-12-21T11:40	-48.72606	3.17059	10.286	217.4
2016-12-21T11:50	-48.74906	3.14399	10.416	217.3
2016-12-21T12:00	-48.77222	3.11736	10.462	217.2
2016-12-21T12:10	-48.79534	3.09058	10.473	217.3
2016-12-21T12:20	-48.81856	3.06380	10.499	217.2
2016-12-21T12:30	-48.84208	3.03660	10.642	217.3
2016-12-21T12:40	-48.86568	3.00935	10.673	217.2
2016-12-21T12:50	-48.88921	2.98202	10.660	217.4
2016-12-21T13:00	-48.91267	2.95489	10.612	217.2
2016-12-21T13:10	-48.93491	2.92918	10.055	217.2
2016-12-21T13:20	-48.95674	2.90376	9.893	217.4
2016-12-21T13:30	-48.97841	2.87859	9.814	217.3
2016-12-21T13:40	-48.99991	2.85373	9.716	217.2
2016-12-21T13:50	-49.01445	2.83907	6.276	213.5
2016-12-21T14:00	-49.01357	2.84186	0.730	64.4
2016-12-21T14:10	-49.01236	2.84754	1.410	72.0
2016-12-21T14:20	-49.01478	2.84177	1.616	237.4
2016-12-21T14:30	-49.01526	2.83937	0.592	252.9
2016-12-21T14:40	-49.01569	2.84229	0.704	102.5
2016-12-21T14:50	-49.01515	2.84559	0.803	76.1
2016-12-21T15:00	-49.01505	2.84809	0.592	86.5
2016-12-21T15:10	-49.01453	2.85050	0.600	71.7
2016-12-21T15:20	-49.01477	2.84776	0.652	262.3
2016-12-21T15:30	-49.01681	2.83853	2.300	251.4
2016-12-21T15:40	-49.01475	2.83824	0.745	354.6
2016-12-21T15:50	-49.00948	2.83995	1.941	12.0
2016-12-21T16:00	-49.00702	2.84229	1.042	32.0
2016-12-21T16:10	-49.00569	2.84309	0.517	21.5
2016-12-21T16:20	-48.99749	2.84275	2.952	358.5
2016-12-21T16:30	-49.01532	2.84727	6.508	170.6
2016-12-21T16:40	-49.01390	2.83667	2.555	281.5
2016-12-21T16:50	-49.01341	2.83636	0.193	337.4
2016-12-21T17:00	-49.01294	2.83583	0.208	323.4
2016-12-21T17:10	-49.01303	2.83623	0.098	108.9
2016-12-21T17:20	-49.01309	2.83607	0.044	240.2
2016-12-21T17:30	-49.01326	2.83567	0.111	237.2
2016-12-21T17:40	-49.01365	2.83583	0.145	164.6
2016-12-21T17:50	-49.01363	2.83642	0.138	86.8
2016-12-21T18:00	-49.01374	2.83668	0.073	122.9
2016-12-21T18:10	-49.01391	2.83688	0.080	142.5
2016-12-21T18:20	-49.01379	2.83703	0.056	37.6
2016-12-21T18:30	-49.01391	2.83599	0.249	260.1
2016-12-21T18:40	-49.01418	2.83593	0.098	187.5
2016-12-21T18:50	-49.01429	2.83689	0.230	100.2
2016-12-21T19:00	-49.01418	2.83727	0.099	64.7
2016-12-21T19:10	-49.01405	2.83603	0.296	278.9
2016-12-21T19:20	-49.01343	2.83374	0.584	292.4
2016-12-21T19:30	-49.01306	2.83365	0.134	350.7
2016-12-21T19:40	-49.01283	2.83612	0.590	81.8
2016-12-21T19:50	-49.01287	2.83748	0.320	92.5
2016-12-21T20:00	-49.01326	2.83770	0.150	159.7
2016-12-21T20:10	-49.01322	2.83799	0.070	77.9
2016-12-21T20:20	-49.01402	2.83715	0.348	214.6
2016-12-21T20:30	-49.01402	2.83630	0.203	270.0
2016-12-21T20:40	-49.01406	2.83604	0.064	254.5
2016-12-21T20:50	-49.01508	2.83549	0.387	199.5
2016-12-21T21:00	-49.01581	2.83448	0.356	221.8
2016-12-21T21:10	-49.01574	2.83533	0.201	82.1
2016-12-21T21:20	-49.02966	2.82233	5.876	211.5
2016-12-21T21:30	-49.06088	2.81804	11.286	185.2
2016-12-21T21:40	-49.09291	2.81633	11.541	182.0
2016-12-21T21:50	-49.12236	2.81054	10.690	187.3
2016-12-21T22:00	-49.15307	2.80293	11.203	189.2
2016-12-21T22:10	-49.18398	2.79574	11.258	188.7
2016-12-21T22:20	-49.21526	2.78827	11.398	188.9
2016-12-21T22:30	-49.24674	2.78061	11.477	189.0
2016-12-21T22:40	-49.27811	2.77315	11.429	188.8
2016-12-21T22:50	-49.30905	2.76583	11.270	188.8
2016-12-21T23:00	-49.34052	2.75823	11.470	188.9
2016-12-21T23:10	-49.37211	2.75069	11.512	188.8
2016-12-21T23:20	-49.40369	2.74313	11.509	188.9
2016-12-21T23:30	-49.43544	2.73546	11.570	188.9
2016-12-21T23:40	-49.46761	2.72779	11.723	188.8
2016-12-21T23:50	-49.50020	2.71997	11.876	188.9
2016-12-22T00:00	-49.53284	2.71203	11.897	189.0
2016-12-22T00:10	-49.56510	2.70431	11.754	188.8
2016-12-22T00:20	-49.59721	2.69658	11.699	188.9
2016-12-22T00:30	-49.62952	2.68886	11.775	188.8
2016-12-22T00:40	-49.66220	2.68100	11.909	188.8
2016-12-22T00:50	-49.69492	2.67308	11.922	188.9
2016-12-22T01:00	-49.72750	2.66530	11.870	188.8
2016-12-22T01:10	-49.75959	2.65746	11.695	189.0
2016-12-22T01:20	-49.79134	2.64992	11.568	188.7
2016-12-22T01:30	-49.82336	2.64211	11.668	188.9
2016-12-22T01:40	-49.85557	2.63415	11.743	189.0
2016-12-22T01:50	-49.88794	2.62639	11.794	188.8
2016-12-22T02:00	-49.92014	2.61860	11.733	188.9
2016-12-22T02:10	-49.95226	2.61091	11.704	188.8
2016-12-22T02:20	-49.98413	2.60313	11.613	188.9
2016-12-22T02:30	-50.01582	2.59549	11.549	188.8
2016-12-22T02:40	-50.04713	2.58774	11.412	189.0
2016-12-22T02:50	-50.07781	2.58044	11.175	188.7
2016-12-22T03:00	-50.10893	2.57282	11.345	188.9
2016-12-22T03:10	-50.14014	2.56512	11.376	189.0
2016-12-22T03:20	-50.17162	2.55750	11.469	188.8
2016-12-22T03:30	-50.20352	2.54986	11.619	188.7
2016-12-22T03:40	-50.23583	2.54206	11.772	188.8
2016-12-22T03:50	-50.26788	2.53414	11.684	189.0
2016-12-22T04:00	-50.29958	2.52643	11.551	188.8
2016-12-22T04:10	-50.33141	2.51858	11.601	188.9
2016-12-22T04:20	-50.36335	2.51074	11.639	188.9
2016-12-22T04:30	-50.39494	2.50310	11.508	188.8
2016-12-22T04:40	-50.42649	2.49540	11.496	188.8
2016-12-22T04:50	-50.45755	2.48773	11.320	188.9
2016-12-22T05:00	-50.48892	2.48006	11.431	188.8
2016-12-22T05:10	-50.52026	2.47231	11.422	188.9
2016-12-22T05:20	-50.55127	2.46476	11.300	188.8
2016-12-22T05:30	-50.58188	2.45715	11.155	189.0
2016-12-22T05:40	-50.61262	2.44964	11.201	188.8
2016-12-22T05:50	-50.64365	2.44202	11.309	188.9
2016-12-22T06:00	-50.67475	2.43437	11.333	188.9
2016-12-22T06:10	-50.70553	2.42682	11.216	188.8
2016-12-22T06:20	-50.73645	2.41925	11.263	188.8
2016-12-22T06:30	-50.76716	2.41156	11.196	189.0
2016-12-22T06:40	-50.79826	2.40389	11.330	188.9
2016-12-22T06:50	-50.82975	2.39612	11.478	188.9
2016-12-22T07:00	-50.86140	2.39354	11.410	182.9
2016-12-22T07:10	-50.89322	2.39220	11.462	181.5
2016-12-22T07:20	-50.92411	2.38054	11.432	193.4
2016-12-22T07:30	-50.95419	2.36599	11.320	197.0
2016-12-22T07:40	-50.98529	2.35772	11.354	189.5
2016-12-22T07:50	-51.01681	2.34994	11.486	188.8
2016-12-22T08:00	-51.04861	2.34203	11.588	188.9
2016-12-22T08:10	-51.08037	2.33418	11.572	188.8
2016-12-22T08:20	-51.11259	2.32623	11.741	188.8
2016-12-22T08:30	-51.14484	2.31812	11.753	189.0
2016-12-22T08:40	-51.17642	2.31019	11.510	188.9
2016-12-22T08:50	-51.20767	2.30236	11.391	188.9
2016-12-22T09:00	-51.23928	2.29436	11.522	189.0
2016-12-22T09:10	-51.27081	2.28657	11.489	188.8
2016-12-22T09:20	-51.30216	2.27864	11.425	189.0
2016-12-22T09:30	-51.33316	2.27081	11.302	189.0
2016-12-22T09:40	-51.36391	2.26308	11.206	188.9
2016-12-22T09:50	-51.39451	2.25544	11.153	188.9
2016-12-22T10:00	-51.42507	2.24776	11.135	188.9
2016-12-22T10:10	-51.45552	2.23996	11.104	189.1
2016-12-22T10:20	-51.48627	2.23220	11.206	188.9
2016-12-22T10:30	-51.51690	2.22451	11.162	188.9
2016-12-22T10:40	-51.54779	2.21674	11.260	188.9
2016-12-22T10:50	-51.57924	2.20882	11.461	188.9
2016-12-22T11:00	-51.61055	2.20092	11.409	188.9
2016-12-22T11:10	-51.64182	2.19293	11.399	189.0
2016-12-22T11:20	-51.67351	2.18493	11.549	188.9
2016-12-22T11:30	-51.70539	2.17681	11.622	189.0
2016-12-22T11:40	-51.73771	2.16869	11.777	188.8
2016-12-22T11:50	-51.77012	2.16034	11.815	189.1
2016-12-22T12:00	-51.80245	2.15230	11.779	188.7
2016-12-22T12:10	-51.83458	2.14396	11.715	189.1
2016-12-22T12:20	-51.86677	2.13593	11.728	188.8
2016-12-22T12:30	-51.89908	2.12768	11.776	189.0
2016-12-22T12:40	-51.93123	2.11934	11.724	189.1
2016-12-22T12:50	-51.96306	2.11133	11.598	188.8
2016-12-22T13:00	-51.99182	2.10041	10.632	193.2
2016-12-22T13:10	-51.99447	2.10235	1.047	155.7
2016-12-22T13:20	-51.99410	2.10076	0.376	290.8
2016-12-22T13:30	-51.99347	2.10018	0.260	330.0
2016-12-22T13:40	-51.99282	2.09931	0.302	320.7
2016-12-22T13:50	-51.99304	2.09842	0.214	248.0
2016-12-22T14:00	-51.99393	2.09741	0.388	214.8
2016-12-22T14:10	-51.99373	2.09718	0.088	323.7
2016-12-22T14:20	-51.99299	2.09629	0.333	323.8
2016-12-22T14:30	-51.99287	2.09807	0.396	84.0
2016-12-22T14:40	-51.99225	2.09838	0.234	17.2
2016-12-22T14:50	-51.99275	2.09497	0.778	256.5
2016-12-22T15:00	-51.99219	2.09676	0.446	63.0
2016-12-22T15:10	-51.98879	2.09670	1.224	359.3
2016-12-22T15:20	-51.98549	2.09529	1.229	345.3
2016-12-22T15:30	-51.98201	2.09800	1.391	25.6
2016-12-22T15:40	-51.97965	2.09634	0.925	336.6
2016-12-22T15:50	-51.97606	2.09723	1.308	8.6
2016-12-22T16:00	-51.97298	2.09707	1.110	358.2
2016-12-22T16:10	-51.97241	2.09884	0.442	62.6
2016-12-22T16:20	-51.97256	2.09957	0.170	108.7
2016-12-22T16:30	-51.98963	2.10456	6.242	169.8
2016-12-22T16:40	-52.01545	2.09802	9.409	188.9
2016-12-22T16:50	-52.04040	2.09158	9.098	189.0
2016-12-22T17:00	-52.07116	2.08374	11.210	188.9
2016-12-22T17:10	-52.10220	2.07582	11.312	188.9
2016-12-22T17:20	-52.13345	2.06790	11.388	188.9
2016-12-22T17:30	-52.16486	2.06005	11.438	188.7
2016-12-22T17:40	-52.19641	2.05187	11.503	189.0
2016-12-22T17:50	-52.22752	2.04386	11.339	189.0
2016-12-22T18:00	-52.25830	2.03602	11.219	188.9
2016-12-22T18:10	-52.28924	2.02801	11.278	189.0
2016-12-22T18:20	-52.32022	2.02028	11.282	188.7
2016-12-22T18:30	-52.35155	2.01228	11.419	188.9
2016-12-22T18:40	-52.38336	2.00406	11.592	189.0
2016-12-22T18:50	-52.41501	1.99589	11.537	189.0
2016-12-22T19:00	-52.44643	1.98796	11.445	188.7
2016-12-22T19:10	-52.47742	1.98002	11.292	188.9
2016-12-22T19:20	-52.50881	1.97187	11.443	189.0
2016-12-22T19:30	-52.53950	1.96424	11.178	188.6
2016-12-22T19:40	-52.57045	1.95583	11.291	189.4
2016-12-22T19:50	-52.60125	1.94908	11.190	187.6
2016-12-22T20:00	-52.63245	1.94610	11.249	183.3
2016-12-22T20:10	-52.66309	1.93345	11.375	194.1
2016-12-22T20:20	-52.69433	1.92403	11.434	190.4
2016-12-22T20:30	-52.72625	1.91583	11.633	188.8
2016-12-22T20:40	-52.75832	1.90751	11.685	188.9
2016-12-22T20:50	-52.78976	1.89926	11.463	189.0
2016-12-22T21:00	-52.82104	1.89127	11.396	188.8
2016-12-22T21:10	-52.85280	1.88307	11.576	188.9
2016-12-22T21:20	-52.88452	1.87492	11.556	188.8
2016-12-22T21:30	-52.91617	1.86666	11.538	188.9
2016-12-22T21:40	-52.94761	1.85849	11.456	188.9
2016-12-22T21:50	-52.97919	1.85030	11.508	188.9
2016-12-22T22:00	-53.01104	1.84189	11.612	189.0
2016-12-22T22:10	-53.04289	1.83368	11.604	188.8
2016-12-22T22:20	-53.07456	1.82546	11.542	188.9
2016-12-22T22:30	-53.10571	1.81738	11.350	188.8
2016-12-22T22:40	-53.13728	1.80911	11.507	188.9
2016-12-22T22:50	-53.16908	1.80072	11.592	189.0
2016-12-22T23:00	-53.20085	1.79254	11.573	188.8
2016-12-22T23:10	-53.23290	1.78407	11.686	189.0
2016-12-22T23:20	-53.26534	1.77560	11.820	188.9
2016-12-22T23:30	-53.29847	1.76695	12.073	188.9
2016-12-22T23:40	-53.33149	1.75834	12.034	188.9
2016-12-22T23:50	-53.36435	1.74978	11.973	188.8
2016-12-23T00:00	-53.39696	1.74109	11.890	189.0
2016-12-23T00:10	-53.42901	1.73274	11.675	188.8
2016-12-23T00:20	-53.46054	1.72451	11.489	188.8
2016-12-23T00:30	-53.49243	1.71611	11.624	188.9
2016-12-23T00:40	-53.52479	1.70763	11.790	188.9
2016-12-23T00:50	-53.55700	1.69907	11.743	189.0
2016-12-23T01:00	-53.58881	1.69076	11.588	188.8
2016-12-23T01:10	-53.62028	1.68247	11.471	188.9
2016-12-23T01:20	-53.65188	1.67408	11.517	188.9
2016-12-23T01:30	-53.68362	1.66574	11.565	188.8
2016-12-23T01:40	-53.71460	1.65754	11.292	188.9
2016-12-23T01:50	-53.74546	1.64941	11.244	188.9
2016-12-23T02:00	-53.77673	1.64101	11.398	189.0
2016-12-23T02:10	-53.80838	1.63274	11.531	188.8
2016-12-23T02:20	-53.84033	1.62418	11.647	189.0
2016-12-23T02:30	-53.87288	1.61556	11.863	188.9
2016-12-23T02:40	-53.90558	1.60685	11.917	188.9
2016-12-23T02:50	-53.93847	1.59806	11.988	188.9
2016-12-23T03:00	-53.97146	1.58923	12.023	189.0
2016-12-23T03:10	-54.00411	1.58077	11.893	188.7
2016-12-23T03:20	-54.03702	1.57186	11.996	189.0
2016-12-23T03:30	-54.07030	1.56313	12.123	188.8
2016-12-23T03:40	-54.10337	1.55422	12.058	189.0
2016-12-23T03:50	-54.13659	1.54548	12.101	188.8
2016-12-23T04:00	-54.16936	1.53671	11.941	188.9
2016-12-23T04:10	-54.20197	1.52791	11.886	189.0
2016-12-23T04:20	-54.23452	1.51911	11.868	189.0
2016-12-23T04:30	-54.26709	1.51034	11.870	188.9
2016-12-23T04:40	-54.29960	1.50186	11.841	188.7
2016-12-23T04:50	-54.33216	1.49298	11.872	189.0
2016-12-23T05:00	-54.36447	1.48441	11.771	188.8
2016-12-23T05:10	-54.39627	1.47582	11.588	188.9
2016-12-23T05:20	-54.42816	1.46734	11.620	188.8
2016-12-23T05:30	-54.46060	1.45850	11.826	189.0
2016-12-23T05:40	-54.49320	1.44991	11.874	188.7
2016-12-23T05:50	-54.52607	1.44084	11.984	189.1
2016-12-23T06:00	-54.55761	1.43246	11.491	188.8
2016-12-23T06:10	-54.58894	1.42400	11.418	188.9
2016-12-23T06:20	-54.62052	1.41542	11.512	188.9
2016-12-23T06:30	-54.65224	1.40686	11.558	188.9
2016-12-23T06:40	-54.68424	1.39810	11.663	189.0
2016-12-23T06:50	-54.71651	1.38951	11.758	188.7
2016-12-23T07:00	-54.74864	1.38076	11.711	188.9
2016-12-23T07:10	-54.78098	1.37192	11.787	189.0
2016-12-23T07:20	-54.81319	1.36324	11.736	188.8
2016-12-23T07:30	-54.84535	1.35457	11.715	188.8
2016-12-23T07:40	-54.87782	1.34563	11.838	189.0
2016-12-23T07:50	-54.91003	1.33700	11.736	188.8
2016-12-23T08:00	-54.94217	1.32810	11.717	189.0
2016-12-23T08:10	-54.97396	1.31948	11.585	188.8
2016-12-23T08:20	-55.00539	1.31096	11.453	188.8
2016-12-23T08:30	-55.03738	1.30207	11.662	189.0
2016-12-23T08:40	-55.06939	1.29344	11.663	188.8
2016-12-23T08:50	-55.10139	1.28468	11.660	188.9
2016-12-23T09:00	-55.13352	1.27793	11.653	186.9
2016-12-23T09:10	-55.16494	1.27026	11.420	187.9
2016-12-23T09:20	-55.19651	1.26083	11.531	189.7
2016-12-23T09:30	-55.22817	1.25308	11.511	188.0
2016-12-23T09:40	-55.26003	1.24412	11.619	189.1
2016-12-23T09:50	-55.29188	1.23577	11.592	188.5
2016-12-23T10:00	-55.32349	1.22591	11.561	190.1
2016-12-23T10:10	-55.35502	1.21602	11.531	190.1
2016-12-23T10:20	-55.38667	1.20639	11.566	189.8
2016-12-23T10:30	-55.41819	1.19777	11.484	188.8
2016-12-23T10:40	-55.44961	1.18890	11.458	189.1
2016-12-23T10:50	-55.48012	1.17769	11.219	191.8
2016-12-23T11:00	-55.51200	1.17159	11.546	186.2
2016-12-23T11:10	-55.54358	1.16296	11.508	188.8
2016-12-23T11:20	-55.57569	1.15417	11.695	188.8
2016-12-23T11:30	-55.60781	1.14528	11.708	188.9
2016-12-23T11:40	-55.64011	1.13642	11.767	188.8
2016-12-23T11:50	-55.67297	1.12726	11.978	188.9
2016-12-23T12:00	-55.70645	1.11802	12.199	188.8
2016-12-23T12:10	-55.74039	1.10849	12.371	189.0
2016-12-23T12:20	-55.77427	1.09896	12.350	189.0
2016-12-23T12:30	-55.80793	1.08974	12.262	188.7
2016-12-23T12:40	-55.84128	1.08046	12.154	188.9
2016-12-23T12:50	-55.87406	1.07128	11.946	188.9
2016-12-23T13:00	-55.87634	1.05488	3.413	256.0
2016-12-23T13:10	-55.87702	1.05582	0.309	142.2
2016-12-23T13:20	-55.87752	1.05545	0.195	202.8
2016-12-23T13:30	-55.87763	1.05479	0.139	253.5
2016-12-23T13:40	-55.87934	1.06306	1.780	110.2
2016-12-23T13:50	-55.87916	1.06220	0.185	290.3
2016-12-23T14:00	-55.87689	1.05481	1.701	298.7
2016-12-23T14:10	-55.87573	1.05031	1.002	294.8
2016-12-23T14:20	-55.87511	1.04970	0.253	331.1
2016-12-23T14:30	-55.87375	1.04750	0.662	317.9
2016-12-23T14:40	-55.87126	1.04137	1.528	305.9
2016-12-23T14:50	-55.86889	1.03434	1.658	301.0
2016-12-23T15:00	-55.86689	1.02722	1.609	296.5
2016-12-23T15:10	-55.86498	1.02048	1.526	296.9
2016-12-23T15:20	-55.86533	1.00755	2.615	267.2
2016-12-23T15:30	-55.89221	1.02231	10.126	162.9
2016-12-23T15:40	-55.92427	1.03016	11.650	172.2
2016-12-23T15:50	-55.95852	1.03443	12.363	176.0
2016-12-23T16:00	-55.99262	1.03393	12.279	180.5
2016-12-23T16:10	-56.02627	1.03779	12.140	176.3
2016-12-23T16:20	-56.05958	1.04252	12.031	175.5
2016-12-23T16:30	-56.09191	1.02719	12.039	194.8
2016-12-23T16:40	-56.12400	1.00875	12.131	197.8
2016-12-23T16:50	-56.15626	0.98990	12.216	198.0
2016-12-23T17:00	-56.18921	0.97794	12.105	191.4
2016-12-23T17:10	-56.22226	0.96761	12.078	189.9
2016-12-23T17:20	-56.25526	0.95734	12.058	189.8
2016-12-23T17:30	-56.28844	0.94722	12.114	189.6
2016-12-23T17:40	-56.32214	0.93664	12.317	189.9
2016-12-23T17:50	-56.35565	0.92613	12.246	189.9
2016-12-23T18:00	-56.38909	0.91574	12.218	189.8
2016-12-23T18:10	-56.42263	0.90529	12.253	189.8
2016-12-23T18:20	-56.45644	0.89476	12.351	189.8
2016-12-23T18:30	-56.49001	0.88422	12.270	189.8
2016-12-23T18:40	-56.52346	0.87375	12.220	189.8
2016-12-23T18:50	-56.55685	0.86343	12.196	189.7
2016-12-23T19:00	-56.59000	0.85303	12.113	189.8
2016-12-23T19:10	-56.62352	0.84512	12.169	187.4
2016-12-23T19:20	-56.65654	0.83223	12.160	192.1
2016-12-23T19:30	-56.68953	0.82179	12.058	189.9
2016-12-23T19:40	-56.72236	0.81147	11.997	189.8
2016-12-23T19:50	-56.75542	0.80100	12.079	189.9
2016-12-23T20:00	-56.78839	0.79056	12.049	189.8
2016-12-23T20:10	-56.82169	0.78010	12.168	189.8
2016-12-23T20:20	-56.85477	0.76954	12.090	189.9
2016-12-23T20:30	-56.88792	0.75900	12.114	189.8
2016-12-23T20:40	-56.92106	0.74874	12.101	189.6
2016-12-23T20:50	-56.95447	0.73822	12.206	189.7
2016-12-23T21:00	-56.98744	0.72773	12.048	189.8
2016-12-23T21:10	-57.02114	0.72283	12.173	184.5
2016-12-23T21:20	-57.05454	0.71511	12.119	187.2
2016-12-23T21:30	-57.08717	0.70212	12.020	192.2
2016-12-23T21:40	-57.11962	0.68844	11.987	192.9
2016-12-23T21:50	-57.15194	0.67481	11.936	192.9
2016-12-23T22:00	-57.18450	0.66145	12.011	192.5
2016-12-23T22:10	-57.21806	0.65206	12.223	188.6
2016-12-23T22:20	-57.25167	0.64347	12.217	187.9
2016-12-23T22:30	-57.28530	0.63303	12.278	189.5
2016-12-23T22:40	-57.31883	0.62224	12.252	189.9
2016-12-23T22:50	-57.35205	0.61163	12.136	189.8
2016-12-23T23:00	-57.38532	0.60089	12.160	189.9
2016-12-23T23:10	-57.41727	0.58275	12.031	197.0
2016-12-23T23:20	-57.44962	0.56809	11.987	193.7
2016-12-23T23:30	-57.48217	0.55529	11.980	191.9
2016-12-23T23:40	-57.51555	0.54498	12.184	189.4
2016-12-23T23:50	-57.54965	0.53720	12.368	187.0
2016-12-24T00:00	-57.58353	0.52973	12.285	186.7
2016-12-24T00:10	-57.61764	0.52191	12.372	187.0
2016-12-24T00:20	-57.65194	0.51412	12.442	186.9
2016-12-24T00:30	-57.68641	0.50622	12.503	187.0
2016-12-24T00:40	-57.72059	0.49640	12.450	188.7
2016-12-24T00:50	-57.75451	0.48532	12.397	189.9
2016-12-24T01:00	-57.78825	0.47292	12.379	191.1
2016-12-24T01:10	-57.82122	0.45671	12.273	194.7
2016-12-24T01:20	-57.85391	0.43980	12.207	195.4
2016-12-24T01:30	-57.88707	0.42847	12.135	190.3
2016-12-24T01:40	-57.92023	0.41870	12.084	188.9
2016-12-24T01:50	-57.95340	0.40788	12.121	189.8
2016-12-24T02:00	-57.98618	0.39687	11.988	190.1
2016-12-24T02:10	-58.01924	0.38537	12.105	190.4
2016-12-24T02:20	-58.05215	0.37393	12.048	190.4
2016-12-24T02:30	-58.08511	0.36224	12.072	190.6
2016-12-24T02:40	-58.11832	0.35280	12.094	188.5
2016-12-24T02:50	-58.15189	0.34784	12.124	184.5
2016-12-24T03:00	-58.18567	0.34420	12.182	183.3
2016-12-24T03:10	-58.21928	0.34109	12.114	182.8
2016-12-24T03:20	-58.25312	0.33849	12.195	182.3
2016-12-24T03:30	-58.28644	0.32613	12.221	191.0
2016-12-24T03:40	-58.32002	0.31563	12.252	189.3
2016-12-24T03:50	-58.35421	0.30518	12.470	189.1
2016-12-24T04:00	-58.38912	0.29427	12.738	189.3
2016-12-24T04:10	-58.42413	0.28349	12.766	189.2
2016-12-24T04:20	-58.45906	0.27262	12.743	189.2
2016-12-24T04:30	-58.49395	0.26176	12.727	189.2
2016-12-24T04:40	-58.52894	0.25091	12.762	189.2
2016-12-24T04:50	-58.56391	0.24013	12.752	189.1
2016-12-24T05:00	-58.59947	0.22898	12.974	189.3
2016-12-24T05:10	-58.63506	0.21788	12.982	189.2
2016-12-24T05:20	-58.67058	0.20689	12.956	189.1
2016-12-24T05:30	-58.70586	0.19581	12.870	189.3
2016-12-24T05:40	-58.74112	0.18473	12.862	189.3
2016-12-24T05:50	-58.77610	0.17391	12.755	189.1
2016-12-24T06:00	-58.81101	0.16294	12.734	189.2
2016-12-24T06:10	-58.84693	0.15167	13.105	189.2
2016-12-24T06:20	-58.88394	0.14001	13.500	189.3
2016-12-24T06:30	-58.92079	0.12846	13.439	189.2
2016-12-24T06:40	-58.95780	0.11673	13.503	189.3
2016-12-24T06:50	-58.99624	0.09953	14.203	193.0
2016-12-24T07:00	-59.02880	0.07377	12.659	202.2
2016-12-24T07:10	-59.04828	0.08052	7.123	169.9
2016-12-24T07:20	-59.04949	0.08328	0.672	130.6
2016-12-24T07:30	-59.04901	0.08590	0.516	70.2
2016-12-24T07:40	-59.04908	0.08790	0.372	93.7
2016-12-24T07:50	-59.05050	0.08807	0.513	176.5
2016-12-24T08:00	-59.04524	0.09154	1.998	18.7
2016-12-24T08:10	-59.04531	0.09213	0.112	102.4
2016-12-24T08:20	-59.04570	0.08950	0.507	253.8
2016-12-24T08:30	-59.04614	0.08534	0.786	258.5
2016-12-24T08:40	-59.04672	0.08382	0.351	233.2
2016-12-24T08:50	-59.04710	0.08303	0.200	226.7
2016-12-24T09:00	-59.04742	0.08210	0.207	236.6
2016-12-24T09:10	-59.04807	0.08138	0.270	209.8
2016-12-24T09:20	-59.04877	0.08040	0.312	215.7
2016-12-24T09:30	-59.04960	0.07907	0.387	219.3
2016-12-24T09:40	-59.05020	0.07934	0.220	167.0
2016-12-24T09:50	-59.04971	0.07973	0.190	22.5
2016-12-24T10:00	-59.04999	0.07983	0.103	169.5
2016-12-24T10:10	-59.05018	0.08002	0.078	153.8
2016-12-24T10:20	-59.04984	0.08080	0.189	49.4
2016-12-24T10:30	-59.05002	0.08046	0.089	223.8
2016-12-24T10:40	-59.04952	0.07984	0.216	327.5
2016-12-24T10:50	-59.04936	0.07909	0.148	291.8
2016-12-24T11:00	-59.04923	0.07889	0.061	321.9
2016-12-24T11:10	-59.04948	0.07834	0.135	228.7
2016-12-24T11:20	-59.04950	0.07787	0.088	264.2
2016-12-24T11:30	-59.04883	0.07785	0.241	358.8
2016-12-24T11:40	-59.04863	0.07770	0.078	339.3
2016-12-24T11:50	-59.04902	0.07718	0.170	214.4
2016-12-24T12:00	-59.04886	0.07671	0.105	304.9
2016-12-24T12:10	-59.04835	0.07661	0.185	354.1
2016-12-24T12:20	-59.04828	0.07649	0.032	314.7
2016-12-24T12:30	-59.04794	0.07624	0.133	339.4
2016-12-24T12:40	-59.04772	0.07588	0.102	319.3
2016-12-24T12:50	-59.04653	0.07893	0.708	52.8
2016-12-24T13:00	-59.05572	0.12775	9.626	110.1
2016-12-24T13:10	-59.06888	0.18057	10.865	115.9
2016-12-24T13:20	-59.06862	0.18113	0.139	47.7
2016-12-24T13:30	-59.06693	0.17750	0.904	312.1
2016-12-24T13:40	-59.06481	0.17111	1.408	302.8
2016-12-24T13:50	-59.06254	0.16258	1.779	297.4
2016-12-24T14:00	-59.06105	0.15530	1.451	291.7
2016-12-24T14:10	-59.05886	0.14630	1.842	295.3
2016-12-24T14:20	-59.05724	0.13876	1.512	292.7
2016-12-24T14:30	-59.05470	0.12883	2.053	296.4
2016-12-24T14:40	-59.05224	0.11913	2.003	296.3
2016-12-24T14:50	-59.05032	0.10968	1.881	291.6
2016-12-24T15:00	-59.04946	0.10557	0.821	291.9
2016-12-24T15:10	-59.04821	0.10125	0.919	299.5
2016-12-24T15:20	-59.04678	0.09403	1.432	291.0
2016-12-24T15:30	-59.04703	0.09385	0.094	201.4
2016-12-24T15:40	-59.04786	0.09368	0.301	186.0
2016-12-24T15:50	-59.04813	0.09534	0.323	107.9
2016-12-24T16:00	-59.05191	0.11629	4.111	109.3
2016-12-24T16:10	-59.05462	0.11623	0.974	180.6
2016-12-24T16:20	-59.05838	0.11385	1.427	198.0
2016-12-24T16:30	-59.05963	0.10525	1.653	254.2
2016-12-24T16:40	-59.06019	0.09726	1.493	262.2
2016-12-24T16:50	-59.06129	0.08992	1.416	253.7
2016-12-24T17:00	-59.06242	0.08170	1.574	255.1
2016-12-24T17:10	-59.06208	0.07456	1.326	275.3
2016-12-24T17:20	-59.06047	0.06984	1.048	303.5
2016-12-24T17:30	-59.07302	0.07661	4.686	164.5
2016-12-24T17:40	-59.10434	0.07665	11.279	180.0
2016-12-24T17:50	-59.13603	0.08055	11.432	176.4
2016-12-24T18:00	-59.16549	0.08691	10.673	173.7
2016-12-24T18:10	-59.19278	0.08694	9.825	180.0
2016-12-24T18:20	-59.21805	0.08655	9.099	180.5
2016-12-24T18:30	-59.24316	0.08601	9.042	180.6
2016-12-24T18:40	-59.26816	0.08568	8.999	180.4
2016-12-24T18:50	-59.29315	0.08518	8.998	180.6
2016-12-24T19:00	-59.31801	0.08483	8.953	180.4
2016-12-24T19:10	-59.34263	0.08424	8.865	180.7
2016-12-24T19:20	-59.36726	0.08387	8.867	180.4
2016-12-24T19:30	-59.39156	0.08343	8.748	180.5
2016-12-24T19:40	-59.41577	0.08307	8.720	180.4
2016-12-24T19:50	-59.44001	0.08264	8.727	180.5
2016-12-24T20:00	-59.46420	0.08217	8.708	180.6
2016-12-24T20:10	-59.48481	0.08186	7.422	180.4
2016-12-24T20:20	-59.50532	0.08146	7.385	180.6
2016-12-24T20:30	-59.52654	0.08105	7.640	180.6
2016-12-24T20:40	-59.54762	0.08065	7.592	180.5
2016-12-24T20:50	-59.56851	0.08033	7.521	180.5
2016-12-24T21:00	-59.58947	0.07998	7.547	180.5
2016-12-24T21:10	-59.61055	0.07963	7.589	180.5
2016-12-24T21:20	-59.63160	0.07919	7.581	180.6
2016-12-24T21:30	-59.65269	0.07890	7.591	180.4
2016-12-24T21:40	-59.67371	0.07852	7.568	180.5
2016-12-24T21:50	-59.69506	0.07817	7.689	180.5
2016-12-24T22:00	-59.71662	0.07768	7.763	180.7
2016-12-24T22:10	-59.73811	0.07736	7.736	180.4
2016-12-24T22:20	-59.75949	0.07692	7.699	180.6
2016-12-24T22:30	-59.78100	0.07675	7.743	180.2
2016-12-24T22:40	-59.80275	0.07617	7.833	180.8
2016-12-24T22:50	-59.82447	0.07580	7.821	180.5
2016-12-24T23:00	-59.84627	0.07552	7.848	180.4
2016-12-24T23:10	-59.86790	0.07507	7.790	180.6
2016-12-24T23:20	-59.88938	0.07473	7.733	180.4
2016-12-24T23:30	-59.91089	0.07426	7.746	180.6
2016-12-24T23:40	-59.93281	0.07385	7.893	180.5
2016-12-24T23:50	-59.95470	0.07346	7.881	180.5
2016-12-25T00:00	-59.97669	0.07316	7.916	180.4
2016-12-25T00:10	-59.99883	0.07267	7.973	180.6
2016-12-25T00:20	-60.02100	0.07119	7.986	181.9
2016-12-25T00:30	-60.04298	0.06970	7.921	181.9
2016-12-25T00:40	-60.06513	0.06798	7.980	182.2
2016-12-25T00:50	-60.08730	0.06633	7.989	182.1
2016-12-25T01:00	-60.10948	0.06474	7.991	182.0
2016-12-25T01:10	-60.13173	0.06324	8.016	181.9
2016-12-25T01:20	-60.15399	0.06164	8.019	182.0
2016-12-25T01:30	-60.17633	0.06011	8.046	182.0
2016-12-25T01:40	-60.19846	0.05805	7.976	182.6
2016-12-25T01:50	-60.22027	0.04960	7.997	190.9
2016-12-25T02:00	-60.24210	0.04113	8.007	190.9
2016-12-25T02:10	-60.26377	0.03327	7.928	190.2
2016-12-25T02:20	-60.28587	0.03118	7.964	182.7
2016-12-25T02:30	-60.30806	0.02897	7.998	182.8
2016-12-25T02:40	-60.33007	0.02709	7.932	182.4
2016-12-25T02:50	-60.35203	0.02501	7.915	182.7
2016-12-25T03:00	-60.37393	0.02570	7.888	179.1
2016-12-25T03:10	-60.39578	0.02658	7.868	178.9
2016-12-25T03:20	-60.41749	0.02690	7.816	179.6
2016-12-25T03:30	-60.43926	0.02737	7.839	179.4
2016-12-25T03:40	-60.46083	0.02811	7.766	179.0
2016-12-25T03:50	-60.48232	0.02870	7.739	179.2
2016-12-25T04:00	-60.50371	0.02909	7.703	179.5
2016-12-25T04:10	-60.52522	0.02910	7.744	180.0
2016-12-25T04:20	-60.54678	0.02893	7.764	180.2
2016-12-25T04:30	-60.56849	0.02882	7.815	180.1
2016-12-25T04:40	-60.59025	0.02927	7.834	179.4
2016-12-25T04:50	-60.61209	0.02838	7.868	181.1
2016-12-25T05:00	-60.63421	0.02685	7.969	181.9
2016-12-25T05:10	-60.65642	0.02529	7.999	182.0
2016-12-25T05:20	-60.67881	0.02353	8.070	182.2
2016-12-25T05:30	-60.70129	0.02186	8.096	182.1
2016-12-25T05:40	-60.72378	0.02028	8.105	182.0
2016-12-25T05:50	-60.74647	0.01850	8.175	182.2
2016-12-25T06:00	-60.76900	0.01703	8.116	181.8
2016-12-25T06:10	-60.79150	0.01538	8.105	182.0
2016-12-25T06:20	-60.81433	0.01372	8.225	182.0
2016-12-25T06:30	-60.83697	0.01192	8.159	182.2
2016-12-25T06:40	-60.85982	0.01020	8.231	182.1
2016-12-25T06:50	-60.88261	0.00857	8.213	182.0
2016-12-25T07:00	-60.90541	0.00698	8.213	181.9
2016-12-25T07:10	-60.92806	0.00528	8.161	182.1
2016-12-25T07:20	-60.95091	0.00346	8.232	182.2
2016-12-25T07:30	-60.97388	0.00188	8.277	181.9
2016-12-25T07:40	-60.99620	-0.00950	8.278	193.9
2016-12-25T07:50	-60.99965	-0.00051	2.001	128.4
2016-12-25T08:00	-61.00027	-0.00159	0.292	220.1
2016-12-25T08:10	-61.00056	-0.00174	0.108	194.1
2016-12-25T08:20	-61.00039	-0.00135	0.090	47.6
2016-12-25T08:30	-61.00036	-0.00112	0.043	74.2
2016-12-25T08:40	-61.00054	-0.00120	0.065	192.7
2016-12-25T08:50	-61.00067	-0.00139	0.058	215.8
2016-12-25T09:00	-61.00063	-0.00157	0.034	293.0
2016-12-25T09:10	-61.00061	-0.00143	0.026	70.6
2016-12-25T09:20	-61.00056	-0.00092	0.091	78.7
2016-12-25T09:30	-61.00044	-0.00028	0.119	69.2
2016-12-25T09:40	-61.00043	-0.00025	0.006	64.5
2016-12-25T09:50	-61.00018	-0.00063	0.113	324.3
2016-12-25T10:00	-61.00021	-0.00028	0.062	99.7
2016-12-25T10:10	-61.00067	-0.00054	0.172	195.3
2016-12-25T10:20	-61.00065	-0.00076	0.039	278.3
2016-12-25T10:30	-61.00025	-0.00073	0.146	2.3
2016-12-25T10:40	-61.00001	0.00003	0.158	56.9
2016-12-25T10:50	-60.99998	0.00030	0.048	79.0
2016-12-25T11:00	-61.00017	0.00058	0.084	143.8
2016-12-25T11:10	-61.00036	0.00064	0.068	171.5
2016-12-25T11:20	-60.99987	0.00033	0.185	342.8
2016-12-25T11:30	-60.99958	-0.00020	0.139	318.3
2016-12-25T11:40	-60.99955	0.00001	0.037	75.4
2016-12-25T11:50	-60.99981	-0.00052	0.131	225.1
2016-12-25T12:00	-60.99956	0.00076	0.242	67.8
2016-12-25T12:10	-60.99957	0.00350	0.478	90.6
2016-12-25T12:20	-60.99745	0.00814	1.114	46.7
2016-12-25T12:30	-60.99349	0.01026	1.473	14.5
2016-12-25T12:40	-60.98840	0.01251	1.876	12.1
2016-12-25T12:50	-60.98460	0.01340	1.374	6.4
2016-12-25T13:00	-60.98024	0.01472	1.587	8.4
2016-12-25T13:10	-60.97542	0.01670	1.769	11.3
2016-12-25T13:20	-60.97294	0.01786	0.917	12.7
2016-12-25T13:30	-60.97191	0.02038	0.576	49.9
2016-12-25T13:40	-60.97157	0.02172	0.263	62.5
2016-12-25T13:50	-60.97171	0.02200	0.071	135.0
2016-12-25T14:00	-60.99340	0.02857	7.894	171.6
2016-12-25T14:10	-61.02429	0.02570	11.131	182.6
2016-12-25T14:20	-61.05530	0.02257	11.181	182.8
2016-12-25T14:30	-61.08628	0.01857	11.173	183.6
2016-12-25T14:40	-61.11730	0.01416	11.197	183.9
2016-12-25T14:50	-61.14860	0.01018	11.289	183.5
2016-12-25T15:00	-61.17999	0.00676	11.320	183.0
2016-12-25T15:10	-61.21122	0.00223	11.272	184.0
2016-12-25T15:20	-61.24257	-0.00278	11.318	184.4
2016-12-25T15:30	-61.27394	-0.00774	11.327	184.4
2016-12-25T15:40	-61.30506	-0.00485	11.216	177.4
2016-12-25T15:50	-61.33640	-0.00180	11.299	177.3
2016-12-25T16:00	-61.36792	-0.00049	11.350	178.9
2016-12-25T16:10	-61.39969	-0.00053	11.440	180.0
2016-12-25T16:20	-61.43124	-0.00059	11.357	180.1
2016-12-25T16:30	-61.46295	-0.00051	11.419	179.9
2016-12-25T16:40	-61.49467	-0.00059	11.421	180.1
2016-12-25T16:50	-61.52630	-0.00066	11.387	180.1
2016-12-25T17:00	-61.55784	-0.00065	11.357	180.0
2016-12-25T17:10	-61.58957	-0.00079	11.424	180.1
2016-12-25T17:20	-61.62130	-0.00076	11.423	180.0
2016-12-25T17:30	-61.65290	-0.00078	11.377	180.0
2016-12-25T17:40	-61.68464	-0.00081	11.430	180.0
2016-12-25T17:50	-61.71650	-0.00093	11.471	180.1
2016-12-25T18:00	-61.74841	-0.00103	11.488	180.1
2016-12-25T18:10	-61.78057	-0.00105	11.580	180.0
2016-12-25T18:20	-61.81275	-0.00092	11.585	179.9
2016-12-25T18:30	-61.84488	-0.00104	11.571	180.1
2016-12-25T18:40	-61.87693	-0.00109	11.538	180.0
2016-12-25T18:50	-61.90891	-0.00101	11.515	179.9
2016-12-25T19:00	-61.94049	-0.00116	11.368	180.1
2016-12-25T19:10	-61.96868	-0.00119	10.150	180.0
2016-12-25T19:20	-61.99684	-0.00129	10.141	180.1
2016-12-25T19:30	-62.02479	-0.00115	10.064	179.9
2016-12-25T19:40	-62.05274	-0.00128	10.063	180.1
2016-12-25T19:50	-62.08079	-0.00127	10.100	180.0
2016-12-25T20:00	-62.10901	-0.00128	10.159	180.0
2016-12-25T20:10	-62.13704	-0.00140	10.093	180.1
2016-12-25T20:20	-62.16548	-0.00138	10.238	180.0
2016-12-25T20:30	-62.19341	-0.00127	10.057	179.9
2016-12-25T20:40	-62.22156	-0.00151	10.136	180.2
2016-12-25T20:50	-62.24924	-0.00153	9.967	180.0
2016-12-25T21:00	-62.27662	-0.00160	9.858	180.1
2016-12-25T21:10	-62.30401	-0.00169	9.861	180.1
2016-12-25T21:20	-62.33159	-0.00161	9.930	179.9
2016-12-25T21:30	-62.35910	-0.00163	9.903	180.0
2016-12-25T21:40	-62.38640	-0.00170	9.831	180.1
2016-12-25T21:50	-62.41379	-0.00169	9.860	180.0
2016-12-25T22:00	-62.44088	-0.00162	9.756	179.9
2016-12-25T22:10	-62.47113	-0.00180	10.892	180.2
2016-12-25T22:20	-62.50147	-0.00192	10.921	180.1
2016-12-25T22:30	-62.53147	-0.00180	10.803	179.9
2016-12-25T22:40	-62.56151	-0.00181	10.816	180.0
2016-12-25T22:50	-62.59146	-0.00196	10.781	180.1
2016-12-25T23:00	-62.62141	-0.00184	10.784	179.9
2016-12-25T23:10	-62.65148	-0.00208	10.829	180.2
2016-12-25T23:20	-62.68176	-0.00225	10.901	180.1
2016-12-25T23:30	-62.71071	-0.00075	10.427	178.6
2016-12-25T23:40	-62.73843	0.00144	9.984	177.9
2016-12-25T23:50	-62.76590	0.00166	9.893	179.8
2016-12-26T00:00	-62.79333	0.00173	9.874	179.9
2016-12-26T00:10	-62.82073	0.00170	9.865	180.0
2016-12-26T00:20	-62.84782	0.00189	9.755	179.8
2016-12-26T00:30	-62.87497	0.00287	9.775	179.1
2016-12-26T00:40	-62.90164	0.01281	9.741	170.4
2016-12-26T00:50	-62.92878	0.01815	9.811	174.9
2016-12-26T01:00	-62.95597	0.01203	9.842	185.8
2016-12-26T01:10	-62.98267	0.00233	9.742	189.4
2016-12-26T01:20	-63.01024	0.00177	9.929	180.5
2016-12-26T01:30	-63.03780	0.00195	9.921	179.8
2016-12-26T01:40	-63.06537	0.00192	9.926	180.0
2016-12-26T01:50	-63.09270	0.00201	9.839	179.9
2016-12-26T02:00	-63.11990	0.00200	9.795	180.0
2016-12-26T02:10	-63.14687	0.00201	9.712	180.0
2016-12-26T02:20	-63.17390	0.00190	9.730	180.1
2016-12-26T02:30	-63.20080	0.00198	9.685	179.9
2016-12-26T02:40	-63.22928	0.00215	10.253	179.9
2016-12-26T02:50	-63.25883	0.00213	10.642	180.0
2016-12-26T03:00	-63.28841	0.00215	10.649	180.0
2016-12-26T03:10	-63.31828	0.00208	10.756	180.1
2016-12-26T03:20	-63.34820	0.00227	10.772	179.8
2016-12-26T03:30	-63.37792	0.00226	10.701	180.0
2016-12-26T03:40	-63.40740	0.00232	10.613	180.0
2016-12-26T03:50	-63.43675	0.00226	10.569	180.1
2016-12-26T04:00	-63.46599	0.00226	10.526	180.0
2016-12-26T04:10	-63.49538	0.00251	10.583	179.8
2016-12-26T04:20	-63.52503	0.00237	10.675	180.1
2016-12-26T04:30	-63.55460	0.00248	10.647	179.9
2016-12-26T04:40	-63.58407	0.00254	10.609	179.9
2016-12-26T04:50	-63.61361	0.00251	10.635	180.0
2016-12-26T05:00	-63.64334	0.00251	10.704	180.0
2016-12-26T05:10	-63.67289	0.00247	10.642	180.0
2016-12-26T05:20	-63.70249	0.00250	10.656	180.0
2016-12-26T05:30	-63.73230	0.00257	10.733	179.9
2016-12-26T05:40	-63.76237	0.00276	10.825	179.8
2016-12-26T05:50	-63.79238	0.00267	10.807	180.1
2016-12-26T06:00	-63.82211	0.00271	10.704	180.0
2016-12-26T06:10	-63.85160	0.00021	10.626	182.1
2016-12-26T06:20	-63.88081	-0.00917	10.620	188.0
2016-12-26T06:30	-63.90325	-0.01813	8.203	190.0
2016-12-26T06:40	-63.91866	-0.01552	5.564	175.7
2016-12-26T06:50	-63.91859	-0.01174	0.598	87.7
2016-12-26T07:00	-63.91739	-0.01037	0.484	26.8
2016-12-26T07:10	-63.91702	-0.00348	1.099	83.1
2016-12-26T07:20	-63.91782	-0.00507	0.384	221.2
2016-12-26T07:30	-63.91865	-0.00433	0.319	158.3
2016-12-26T07:40	-63.91846	0.00055	0.775	85.1
2016-12-26T07:50	-63.91864	0.00120	0.121	122.1
2016-12-26T08:00	-63.91953	-0.00527	1.072	252.6
2016-12-26T08:10	-63.91890	-0.00708	0.365	308.1
2016-12-26T08:20	-63.91886	-0.00942	0.370	272.5
2016-12-26T08:30	-63.91771	-0.00591	0.692	53.4
2016-12-26T08:40	-63.91708	-0.00277	0.546	65.4
2016-12-26T08:50	-63.91700	-0.00105	0.275	83.8
2016-12-26T09:00	-63.91708	-0.00072	0.060	120.0
2016-12-26T09:10	-63.91704	-0.00037	0.057	74.5
2016-12-26T09:20	-63.91722	-0.00042	0.066	187.4
2016-12-26T09:30	-63.92075	0.01719	3.064	114.5
2016-12-26T09:40	-63.95376	0.00346	12.084	190.4
2016-12-26T09:50	-63.98731	-0.00991	12.260	189.9
2016-12-26T10:00	-64.00844	-0.00937	7.611	179.4
2016-12-26T10:10	-64.00732	-0.01548	1.046	292.8
2016-12-26T10:20	-64.00536	-0.00849	1.310	57.4
2016-12-26T10:30	-64.00684	-0.00917	0.546	191.3
2016-12-26T10:40	-64.00865	-0.00820	0.668	166.7
2016-12-26T10:50	-64.00951	-0.00793	0.314	172.3
2016-12-26T11:00	-64.01033	-0.00885	0.329	206.2
2016-12-26T11:10	-64.01167	-0.00869	0.482	176.9
2016-12-26T11:20	-64.00851	-0.00677	1.178	14.9
2016-12-26T11:30	-64.00904	-0.00293	0.635	107.5
2016-12-26T11:40	-64.01116	-0.00885	1.207	230.7
2016-12-26T11:50	-64.01082	-0.01447	0.895	277.9
2016-12-26T12:00	-64.01267	-0.01738	0.808	214.6
2016-12-26T12:10	-64.01334	-0.02475	1.189	258.2
2016-12-26T12:20	-64.01263	-0.02926	0.756	290.0
2016-12-26T12:30	-64.01211	-0.02957	0.191	345.3
2016-12-26T12:40	-64.01152	-0.03005	0.227	340.2
2016-12-26T12:50	-64.01135	-0.03190	0.297	281.9
2016-12-26T13:00	-64.01164	-0.03645	0.726	261.9
2016-12-26T13:10	-64.01221	-0.03587	0.225	156.1
2016-12-26T13:20	-64.01200	-0.03573	0.079	15.8
2016-12-26T13:30	-64.01139	-0.03089	0.795	74.1
2016-12-26T13:40	-64.01195	-0.03063	0.205	168.7
2016-12-26T13:50	-64.01261	-0.03087	0.241	188.9
2016-12-26T14:00	-64.01336	-0.03356	0.502	237.7
2016-12-26T14:10	-64.01424	-0.03564	0.458	225.9
2016-12-26T14:20	-64.01363	-0.03093	0.776	73.5
2016-12-26T14:30	-64.02531	-0.07633	8.305	239.6
2016-12-26T14:40	-64.03071	-0.12615	8.093	256.1
2016-12-26T14:50	-64.02726	-0.13753	2.182	304.7
2016-12-26T15:00	-64.02740	-0.13826	0.127	245.8
2016-12-26T15:10	-64.02835	-0.14478	1.084	251.6
2016-12-26T15:20	-64.02730	-0.14133	0.664	55.1
2016-12-26T15:30	-64.02610	-0.13573	0.983	63.9
2016-12-26T15:40	-64.02499	-0.12945	1.069	68.1
2016-12-26T15:50	-64.02379	-0.12287	1.123	67.3
2016-12-26T16:00	-64.02349	-0.11744	0.863	82.9
2016-12-26T16:10	-64.02218	-0.10449	2.097	77.0
2016-12-26T16:20	-64.01933	-0.09356	2.006	59.3
2016-12-26T16:30	-64.01629	-0.08232	2.082	58.3
2016-12-26T16:40	-64.01456	-0.06743	2.430	75.2
2016-12-26T16:50	-64.01274	-0.05214	2.500	74.8
2016-12-26T17:00	-64.01100	-0.04129	1.822	69.8
2016-12-26T17:10	-64.00892	-0.02936	2.027	68.3
2016-12-26T17:20	-64.00772	-0.02007	1.527	73.6
2016-12-26T17:30	-64.00645	-0.01090	1.519	72.4
2016-12-26T17:40	-64.00495	-0.00423	1.182	62.8
2016-12-26T17:50	-64.00464	0.00110	0.849	82.4
2016-12-26T18:00	-64.00509	-0.00087	0.351	242.3
2016-12-26T18:10	-64.00524	-0.00171	0.143	247.7
2016-12-26T18:20	-64.00519	-0.00219	0.079	283.8
2016-12-26T18:30	-64.00192	0.01861	3.488	70.3
2016-12-26T18:40	-63.99249	0.06062	7.450	62.9
2016-12-26T18:50	-63.99325	0.06372	0.562	119.4
2016-12-26T19:00	-63.99385	0.06201	0.346	231.4
2016-12-26T19:10	-63.99439	0.06229	0.199	167.2
2016-12-26T19:20	-63.99490	0.06040	0.350	238.4
2016-12-26T19:30	-63.99549	0.05818	0.410	238.6
2016-12-26T19:40	-63.99573	0.06034	0.351	104.3
2016-12-26T19:50	-63.99604	0.06184	0.261	114.6
2016-12-26T20:00	-63.99652	0.06280	0.232	139.0
2016-12-26T20:10	-63.99606	0.06424	0.280	54.1
2016-12-26T20:20	-63.99609	0.06488	0.102	94.7
2016-12-26T20:30	-63.99625	0.06404	0.145	245.6
2016-12-26T20:40	-63.99621	0.06400	0.019	339.1
2016-12-26T20:50	-63.99616	0.06539	0.220	85.4
2016-12-26T21:00	-63.99649	0.06443	0.194	231.3
2016-12-26T21:10	-63.99674	0.06411	0.101	209.6
2016-12-26T21:20	-63.99704	0.06319	0.181	233.2
2016-12-26T21:30	-63.99719	0.06404	0.144	111.5
2016-12-26T21:40	-63.99756	0.06415	0.134	172.7
2016-12-26T21:50	-63.99797	0.06500	0.202	138.3
2016-12-26T22:00	-63.99841	0.06500	0.157	180.2
2016-12-26T22:10	-63.99800	0.06556	0.172	30.8
2016-12-26T22:20	-63.99832	0.06475	0.171	228.5
2016-12-26T22:30	-63.99936	0.06404	0.391	196.5
2016-12-26T22:40	-64.00366	0.07756	2.637	126.0
2016-12-26T22:50	-64.03275	0.06965	10.548	186.8
2016-12-26T23:00	-64.06368	0.05725	11.304	190.0
2016-12-26T23:10	-64.09453	0.04473	11.280	190.1
2016-12-26T23:20	-64.12553	0.03243	11.328	189.8
2016-12-26T23:30	-64.15658	0.01973	11.357	190.1
2016-12-26T23:40	-64.18768	0.00722	11.370	189.9
2016-12-26T23:50	-64.21909	0.00195	11.338	184.2
2016-12-27T00:00	-64.25031	0.00288	11.243	179.3
2016-12-27T00:10	-64.28121	0.00376	11.123	179.3
2016-12-27T00:20	-64.31223	0.00449	11.172	179.4
2016-12-27T00:30	-64.34315	0.00543	11.133	179.2
2016-12-27T00:40	-64.37397	0.00622	11.097	179.4
2016-12-27T00:50	-64.40481	0.00725	11.104	179.2
2016-12-27T01:00	-64.43608	0.00809	11.260	179.3
2016-12-27T01:10	-64.46732	0.00889	11.251	179.4
2016-12-27T01:20	-64.49862	0.00965	11.271	179.4
2016-12-27T01:30	-64.53000	0.01051	11.299	179.3
2016-12-27T01:40	-64.56131	0.01129	11.273	179.4
2016-12-27T01:50	-64.59260	0.01223	11.264	179.3
2016-12-27T02:00	-64.62391	0.01321	11.277	179.2
2016-12-27T02:10	-64.65542	0.01402	11.343	179.4
2016-12-27T02:20	-64.68708	0.01487	11.402	179.3
2016-12-27T02:30	-64.71873	0.01577	11.397	179.3
2016-12-27T02:40	-64.74985	0.01669	11.204	179.3
2016-12-27T02:50	-64.78097	0.01743	11.204	179.4
2016-12-27T03:00	-64.81157	0.01841	11.021	179.2
2016-12-27T03:10	-64.84199	0.01927	10.952	179.3
2016-12-27T03:20	-64.87233	0.01998	10.926	179.4
2016-12-27T03:30	-64.90288	0.02089	10.999	179.3
2016-12-27T03:40	-64.93362	0.01899	11.072	181.5
2016-12-27T03:50	-64.96456	0.01394	11.167	183.9
2016-12-27T04:00	-64.99534	0.01316	11.082	180.6
2016-12-27T04:10	-65.00293	0.02639	3.394	143.7
2016-12-27T04:20	-65.00301	0.03527	1.352	91.2
2016-12-27T04:30	-65.00361	0.04469	1.450	98.7
2016-12-27T04:40	-65.00386	0.05535	1.624	93.1
2016-12-27T04:50	-65.00457	0.07114	2.416	96.1
2016-12-27T05:00	-65.00754	0.02070	7.748	262.0
2016-12-27T05:10	-65.00079	0.02499	2.515	15.0
2016-12-27T05:20	-65.00100	0.02540	0.099	140.3
2016-12-27T05:30	-65.00127	0.02790	0.392	104.3
2016-12-27T05:40	-65.00134	0.02974	0.282	95.2
2016-12-27T05:50	-65.00120	0.03218	0.374	82.2
2016-12-27T06:00	-65.00159	0.03234	0.142	170.3
2016-12-27T06:10	-65.00186	0.03228	0.096	184.9
2016-12-27T06:20	-65.00192	0.03180	0.076	251.8
2016-12-27T06:30	-65.00187	0.03169	0.026	316.8
2016-12-27T06:40	-65.00168	0.03271	0.170	66.1
2016-12-27T06:50	-65.00143	0.03403	0.221	65.8
2016-12-27T07:00	-65.00137	0.03483	0.124	79.9
2016-12-27T07:10	-65.00131	0.03496	0.027	45.4
2016-12-27T07:20	-65.00162	0.03409	0.173	229.9
2016-12-27T07:30	-65.00186	0.03325	0.152	237.0
2016-12-27T07:40	-65.00187	0.03203	0.186	267.8
2016-12-27T07:50	-65.00213	0.03053	0.245	248.1
2016-12-27T08:00	-65.00255	0.02910	0.266	235.1
2016-12-27T08:10	-65.01801	0.03001	5.566	178.6
2016-12-27T08:20	-65.04769	0.02260	10.746	186.0
2016-12-27T08:30	-65.07749	0.02196	10.730	180.5
2016-12-27T08:40	-65.10728	0.02109	10.728	180.7
2016-12-27T08:50	-65.13736	0.02040	10.831	180.6
2016-12-27T09:00	-65.16747	0.01977	10.841	180.5
2016-12-27T09:10	-65.19763	0.01903	10.858	180.6
2016-12-27T09:20	-65.22763	0.01829	10.801	180.6
2016-12-27T09:30	-65.25784	0.01762	10.880	180.5
2016-12-27T09:40	-65.28805	0.01690	10.877	180.6
2016-12-27T09:50	-65.31836	0.01630	10.913	180.5
2016-12-27T10:00	-65.34875	0.01547	10.943	180.7
2016-12-27T10:10	-65.37899	0.01470	10.886	180.6
2016-12-27T10:20	-65.40967	0.01406	11.049	180.5
2016-12-27T10:30	-65.44046	0.01327	11.088	180.6
2016-12-27T10:40	-65.47128	0.01248	11.095	180.6
2016-12-27T10:50	-65.50235	0.01191	11.186	180.4
2016-12-27T11:00	-65.53354	0.01114	11.232	180.6
2016-12-27T11:10	-65.56480	0.01045	11.255	180.5
2016-12-27T11:20	-65.59594	0.00973	11.212	180.5
2016-12-27T11:30	-65.62706	0.00893	11.207	180.6
2016-12-27T11:40	-65.65818	0.00813	11.205	180.6
2016-12-27T11:50	-65.68909	0.00739	11.128	180.6
2016-12-27T12:00	-65.72004	0.00684	11.146	180.4
2016-12-27T12:10	-65.75123	0.00574	11.229	180.8
2016-12-27T12:20	-65.78222	0.00514	11.158	180.5
2016-12-27T12:30	-65.81329	0.00440	11.188	180.6
2016-12-27T12:40	-65.84427	0.00387	11.156	180.4
2016-12-27T12:50	-65.87526	0.00308	11.159	180.6
2016-12-27T13:00	-65.90626	0.00224	11.162	180.6
2016-12-27T13:10	-65.93727	0.00141	11.166	180.6
2016-12-27T13:20	-65.96775	-0.00733	11.047	186.7
2016-12-27T13:30	-65.99860	-0.00827	11.108	180.7
2016-12-27T13:40	-66.00043	0.00007	1.389	118.4
2016-12-27T13:50	-66.00057	0.00155	0.224	103.0
2016-12-27T14:00	-66.00108	0.00190	0.191	164.4
2016-12-27T14:10	-66.00122	0.00386	0.291	100.0
2016-12-27T14:20	-66.00142	0.00248	0.215	250.0
2016-12-27T14:30	-66.00149	0.00231	0.036	225.1
2016-12-27T14:40	-66.00147	0.00572	0.499	89.1
2016-12-27T14:50	-66.00133	0.00615	0.083	50.4
2016-12-27T15:00	-66.00141	0.00509	0.159	258.4
2016-12-27T15:10	-66.00207	0.00462	0.247	196.1
2016-12-27T15:20	-66.00269	0.00276	0.351	230.8
2016-12-27T15:30	-66.00308	0.00095	0.301	241.8
2016-12-27T15:40	-66.00334	0.00090	0.092	184.7
2016-12-27T15:50	-66.00364	0.00170	0.160	132.6
2016-12-27T16:00	-66.00386	0.00251	0.144	124.4
2016-12-27T16:10	-66.00416	0.00341	0.170	129.6
2016-12-27T16:20	-66.00447	0.00445	0.189	125.9
2016-12-27T16:30	-66.00484	0.00438	0.131	184.7
2016-12-27T16:40	-66.00575	0.00711	0.518	129.6
2016-12-27T16:50	-66.00744	0.01082	0.814	138.2
2016-12-27T17:00	-66.01251	0.01612	1.984	157.0
2016-12-27T17:10	-66.04175	0.01060	10.559	184.4
2016-12-27T17:20	-66.07256	0.00464	11.129	184.5
2016-12-27T17:30	-66.10336	0.00009	11.107	183.4
2016-12-27T17:40	-66.13421	-0.00015	11.108	180.2
2016-12-27T17:50	-66.16525	0.00007	11.175	179.8
2016-12-27T18:00	-66.19598	-0.00007	11.066	180.1
2016-12-27T18:10	-66.22683	0.00000	11.106	179.9
2016-12-27T18:20	-66.25762	-0.00006	11.089	180.0
2016-12-27T18:30	-66.28848	-0.00007	11.109	180.0
2016-12-27T18:40	-66.31949	0.00003	11.167	179.9
2016-12-27T18:50	-66.35051	0.00007	11.169	180.0
2016-12-27T19:00	-66.38123	-0.00009	11.060	180.1
2016-12-27T19:10	-66.41183	-0.00007	11.016	180.0
2016-12-27T19:20	-66.44273	-0.00005	11.128	180.0
2016-12-27T19:30	-66.47361	0.00012	11.116	179.9
2016-12-27T19:40	-66.50468	0.00004	11.189	180.1
2016-12-27T19:50	-66.53540	-0.00001	11.060	180.0
2016-12-27T20:00	-66.56625	-0.00006	11.108	180.0
2016-12-27T20:10	-66.59729	-0.00004	11.176	180.0
2016-12-27T20:20	-66.62847	-0.00008	11.227	180.0
2016-12-27T20:30	-66.65949	-0.00001	11.167	179.9
2016-12-27T20:40	-66.69084	-0.00005	11.286	180.0
2016-12-27T20:50	-66.72217	0.00002	11.281	180.0
2016-12-27T21:00	-66.75329	-0.00008	11.207	180.1
2016-12-27T21:10	-66.78425	-0.00008	11.147	180.0
2016-12-27T21:20	-66.81520	-0.00008	11.141	180.0
2016-12-27T21:30	-66.84556	-0.00013	10.931	180.0
2016-12-27T21:40	-66.87665	-0.00019	11.197	180.0
2016-12-27T21:50	-66.90797	-0.00015	11.277	180.0
2016-12-27T22:00	-66.93951	-0.00018	11.353	180.0
2016-12-27T22:10	-66.97089	-0.00547	11.323	183.8
2016-12-27T22:20	-67.00033	-0.01148	10.635	184.6
2016-12-27T22:30	-67.00026	-0.00121	1.444	89.1
2016-12-27T22:40	-67.00034	-0.00005	0.165	99.6
2016-12-27T22:50	-67.00023	0.00044	0.081	60.0
2016-12-27T23:00	-67.00033	-0.00012	0.087	245.2
2016-12-27T23:10	-67.00056	-0.00035	0.090	201.1
2016-12-27T23:20	-67.00049	0.00069	0.149	80.2
2016-12-27T23:30	-67.00056	0.00107	0.059	115.6
2016-12-27T23:40	-67.00051	0.00156	0.071	73.7
2016-12-27T23:50	-67.00076	0.00136	0.096	196.8
2016-12-28T00:00	-67.00057	0.00252	0.178	66.5
2016-12-28T00:10	-67.00031	0.00394	0.221	65.1
2016-12-28T00:20	-66.99999	0.00561	0.262	63.7
2016-12-28T00:30	-66.99980	0.00707	0.217	71.3
2016-12-28T00:40	-66.99988	0.00772	0.096	108.8
2016-12-28T00:50	-67.00001	0.00767	0.048	188.3
2016-12-28T01:00	-67.00060	0.00696	0.234	205.3
2016-12-28T01:10	-67.00114	0.00653	0.204	197.3
2016-12-28T01:20	-67.00135	0.00637	0.078	196.8
2016-12-28T01:30	-67.00168	0.00607	0.125	199.3
2016-12-28T01:40	-67.00201	0.00547	0.148	214.9
2016-12-28T01:50	-67.00243	0.00523	0.154	192.7
2016-12-28T02:00	-67.00184	0.00959	0.649	71.0
2016-12-28T02:10	-67.00143	0.01389	0.624	76.1
2016-12-28T02:20	-67.00104	0.02631	1.752	85.5
2016-12-28T02:30	-67.00088	0.03706	1.513	87.8
2016-12-28T02:40	-67.00086	0.04761	1.485	89.7
2016-12-28T02:50	-67.00061	0.05987	1.727	87.1
2016-12-28T03:00	-67.00031	0.07234	1.757	86.5
2016-12-28T03:10	-66.99862	0.09517	3.269	79.3
2016-12-28T03:20	-66.97262	0.09421	9.361	359.2
2016-12-28T03:30	-66.94280	0.08679	10.790	354.4
2016-12-28T03:40	-66.91306	0.07935	10.756	354.4
2016-12-28T03:50	-66.88332	0.07169	10.766	354.2
2016-12-28T04:00	-66.85330	0.06407	10.862	354.3
2016-12-28T04:10	-66.82345	0.05613	10.804	354.0
2016-12-28T04:20	-66.79346	0.04882	10.848	354.5
2016-12-28T04:30	-66.76347	0.04181	10.845	354.7
2016-12-28T04:40	-66.73348	0.03469	10.846	354.6
2016-12-28T04:50	-66.70317	0.02756	10.959	354.7
2016-12-28T05:00	-66.67292	0.01967	10.948	354.1
2016-12-28T05:10	-66.64291	0.01127	10.873	353.7
2016-12-28T05:20	-66.61306	0.00585	10.774	355.9
2016-12-28T05:30	-66.58298	0.00293	10.838	357.8
2016-12-28T05:40	-66.55392	-0.00345	10.504	355.0
2016-12-28T05:50	-66.53953	-0.00085	5.196	4.1
2016-12-28T06:00	-66.53820	-0.00089	0.479	359.2
2016-12-28T06:10	-66.53789	0.00061	0.243	62.9
2016-12-28T06:20	-66.53734	0.00297	0.391	59.8
2016-12-28T06:30	-66.53764	0.00162	0.221	241.4
2016-12-28T06:40	-66.53710	0.00475	0.488	66.8
2016-12-28T06:50	-66.53702	0.00496	0.043	46.6
2016-12-28T07:00	-66.53694	0.00553	0.086	70.6
2016-12-28T07:10	-66.53684	0.00673	0.177	77.8
2016-12-28T07:20	-66.53687	0.00795	0.175	93.9
2016-12-28T07:30	-66.53691	0.00926	0.189	94.7
2016-12-28T07:40	-66.53695	0.00972	0.067	101.5
2016-12-28T07:50	-66.53697	0.00998	0.037	99.7
2016-12-28T08:00	-66.53691	0.01042	0.066	72.9
2016-12-28T08:10	-66.53701	0.00971	0.107	251.5
2016-12-28T08:20	-66.53703	0.01003	0.045	97.9
2016-12-28T08:30	-66.53718	0.01053	0.090	126.7
2016-12-28T08:40	-66.53737	0.01167	0.178	113.1
2016-12-28T08:50	-66.53765	0.01231	0.138	138.0
2016-12-28T09:00	-66.53792	0.01066	0.256	247.8
2016-12-28T09:10	-66.52794	0.00300	3.760	343.0
2016-12-28T09:20	-66.50890	-0.01684	7.420	337.4
2016-12-28T09:30	-66.50854	-0.01777	0.187	314.7
2016-12-28T09:40	-66.50772	-0.01806	0.299	351.9
2016-12-28T09:50	-66.50733	-0.00760	1.508	84.7
2016-12-28T10:00	-66.50649	-0.00921	0.380	322.6
2016-12-28T10:10	-66.50515	-0.01272	0.698	313.8
2016-12-28T10:20	-66.50421	-0.01232	0.342	9.7
2016-12-28T10:30	-66.50329	-0.01183	0.340	11.9
2016-12-28T10:40	-66.50394	-0.01423	0.418	235.7
2016-12-28T10:50	-66.50394	-0.01428	0.008	287.6
2016-12-28T11:00	-66.50371	-0.01309	0.189	65.0
2016-12-28T11:10	-66.50364	-0.01250	0.089	73.0
2016-12-28T11:20	-66.50339	-0.01092	0.244	68.1
2016-12-28T11:30	-66.50344	-0.01068	0.038	117.2
2016-12-28T11:40	-66.50150	-0.03193	3.128	282.8
2016-12-28T11:50	-66.51278	-0.10447	11.176	248.7
2016-12-28T12:00	-66.52615	-0.17599	11.332	244.8
2016-12-28T12:10	-66.53394	-0.20230	4.701	233.4
2016-12-28T12:20	-66.53446	-0.20298	0.211	207.3
2016-12-28T12:30	-66.53489	-0.20444	0.261	233.3
2016-12-28T12:40	-66.53406	-0.19525	1.351	77.2
2016-12-28T12:50	-66.53297	-0.18507	1.512	74.9
2016-12-28T13:00	-66.53108	-0.17600	1.468	62.4
2016-12-28T13:10	-66.52907	-0.16649	1.543	62.1
2016-12-28T13:20	-66.52738	-0.15654	1.552	66.9
2016-12-28T13:30	-66.52588	-0.14596	1.610	70.4
2016-12-28T13:40	-66.52431	-0.13607	1.528	68.2
2016-12-28T13:50	-66.52200	-0.12335	2.004	65.5
2016-12-28T14:00	-66.52042	-0.11275	1.624	69.5
2016-12-28T14:10	-66.51794	-0.09584	2.584	69.8
2016-12-28T14:20	-66.51697	-0.08265	1.925	79.5
2016-12-28T14:30	-66.51608	-0.07508	1.131	73.6
2016-12-28T14:40	-66.51540	-0.06885	0.928	74.6
2016-12-28T14:50	-66.51537	-0.06462	0.607	89.0
2016-12-28T15:00	-66.51539	-0.06061	0.576	90.7
2016-12-28T15:10	-66.51454	-0.06245	0.406	319.2
2016-12-28T15:20	-66.51563	-0.06870	0.979	246.3
2016-12-28T15:30	-66.51690	-0.07606	1.151	246.6
2016-12-28T15:40	-66.52075	-0.08286	1.694	215.2
2016-12-28T15:50	-66.54965	-0.07701	10.440	175.4
2016-12-28T16:00	-66.58074	-0.06987	11.243	174.8
2016-12-28T16:10	-66.61186	-0.06276	11.250	174.8
2016-12-28T16:20	-66.64307	-0.05587	11.279	175.0
2016-12-28T16:30	-66.67439	-0.04927	11.314	175.2
2016-12-28T16:40	-66.70568	-0.04261	11.307	175.2
2016-12-28T16:50	-66.73715	-0.03558	11.374	175.0
2016-12-28T17:00	-66.76852	-0.02800	11.346	174.6
2016-12-28T17:10	-66.79993	-0.02064	11.357	174.7
2016-12-28T17:20	-66.83143	-0.01308	11.394	174.6
2016-12-28T17:30	-66.86259	-0.00734	11.248	175.9
2016-12-28T17:40	-66.89398	-0.00675	11.303	179.6
2016-12-28T17:50	-66.92531	-0.00645	11.280	179.8
2016-12-28T18:00	-66.95680	-0.00612	11.337	179.8
2016-12-28T18:10	-66.98820	-0.00569	11.306	179.7
2016-12-28T18:20	-67.01953	-0.00539	11.281	179.8
2016-12-28T18:30	-67.02936	0.00131	3.662	165.1
2016-12-28T18:40	-67.02933	0.00083	0.068	278.3
2016-12-28T18:50	-67.03044	0.00047	0.402	187.3
2016-12-28T19:00	-67.03218	0.00737	1.155	123.0
2016-12-28T19:10	-67.03399	0.01410	1.149	124.5
2016-12-28T19:20	-67.03591	0.02225	1.338	121.1
2016-12-28T19:30	-67.05134	0.02585	5.578	174.8
2016-12-28T19:40	-67.08253	0.01643	11.307	186.7
2016-12-28T19:50	-67.11372	0.00738	11.301	186.4
2016-12-28T20:00	-67.14487	-0.00172	11.288	186.5
2016-12-28T20:10	-67.17638	-0.00372	11.348	181.4
2016-12-28T20:20	-67.20805	-0.00327	11.404	179.7
2016-12-28T20:30	-67.23973	-0.00289	11.407	179.7
2016-12-28T20:40	-67.27163	-0.00284	11.485	180.0
2016-12-28T20:50	-67.30329	-0.00219	11.401	179.5
2016-12-28T21:00	-67.33495	-0.00194	11.399	179.8
2016-12-28T21:10	-67.36659	-0.00145	11.391	179.7
2016-12-28T21:20	-67.39817	-0.00134	11.369	179.9
2016-12-28T21:30	-67.42954	-0.00087	11.295	179.7
2016-12-28T21:40	-67.46109	-0.00051	11.361	179.7
2016-12-28T21:50	-67.49222	-0.01022	11.288	186.8
2016-12-28T22:00	-67.50017	0.00031	3.209	153.1
2016-12-28T22:10	-67.50028	0.00012	0.048	213.3
2016-12-28T22:20	-67.50008	-0.00192	0.290	284.5
2016-12-28T22:30	-67.49986	-0.00088	0.163	61.2
2016-12-28T22:40	-67.50007	-0.00115	0.084	206.3
2016-12-28T22:50	-67.50014	-0.00183	0.096	255.2
2016-12-28T23:00	-67.50003	-0.00213	0.057	314.0
2016-12-28T23:10	-67.50017	-0.00180	0.068	138.8
2016-12-28T23:20	-67.50005	-0.00094	0.127	69.2
2016-12-28T23:30	-67.49990	-0.00040	0.091	54.6
2016-12-28T23:40	-67.49998	-0.00094	0.080	249.3
2016-12-28T23:50	-67.50000	-0.00019	0.105	94.1
2016-12-29T00:00	-67.50022	-0.00112	0.151	238.6
2016-12-29T00:10	-67.50086	-0.00422	0.485	241.7
2016-12-29T00:20	-67.50162	-0.00785	0.571	241.0
2016-12-29T00:30	-67.50204	-0.00963	0.287	238.6
2016-12-29T00:40	-67.50191	-0.00873	0.133	68.7
2016-12-29T00:50	-67.50188	-0.00860	0.020	63.4
2016-12-29T01:00	-67.50191	-0.00867	0.014	229.3
2016-12-29T01:10	-67.50221	-0.00804	0.140	141.7
2016-12-29T01:20	-67.52253	-0.00008	7.396	171.5
2016-12-29T01:30	-67.55339	-0.00001	11.111	180.0
2016-12-29T01:40	-67.58455	-0.00001	11.222	180.0
2016-12-29T01:50	-67.61574	-0.00013	11.227	180.1
2016-12-29T02:00	-67.64670	-0.00008	11.149	180.0
2016-12-29T02:10	-67.67779	0.00011	11.194	179.9
2016-12-29T02:20	-67.70921	0.00006	11.312	180.0
2016-12-29T02:30	-67.74082	-0.00016	11.380	180.1
2016-12-29T02:40	-67.77205	-0.00013	11.245	180.0
2016-12-29T02:50	-67.80320	-0.00015	11.216	180.0
2016-12-29T03:00	-67.83428	0.00009	11.191	179.8
2016-12-29T03:10	-67.86535	-0.00017	11.185	180.2
2016-12-29T03:20	-67.89682	-0.00007	11.330	179.9
2016-12-29T03:30	-67.92827	0.00004	11.324	179.9
2016-12-29T03:40	-67.95950	-0.00009	11.247	180.1
2016-12-29T03:50	-67.99025	-0.00950	11.143	186.5
2016-12-29T04:00	-68.00134	-0.00367	4.067	168.8
2016-12-29T04:10	-68.00342	-0.00515	0.778	194.9
2016-12-29T04:20	-68.00493	-0.00416	0.558	166.1
2016-12-29T04:30	-68.00636	-0.00228	0.575	153.8
2016-12-29T04:40	-68.00678	-0.00172	0.170	153.8
2016-12-29T04:50	-68.00721	-0.00241	0.178	211.6
2016-12-29T05:00	-68.00789	-0.00084	0.325	139.3
2016-12-29T05:10	-68.00889	-0.00134	0.365	190.6
2016-12-29T05:20	-68.00865	-0.00146	0.089	348.9
2016-12-29T05:30	-68.00867	-0.00231	0.115	265.0
2016-12-29T05:40	-68.00885	0.00095	0.444	98.2
2016-12-29T05:50	-68.00858	0.00057	0.109	332.2
2016-12-29T06:00	-68.00940	0.00058	0.295	179.7
2016-12-29T06:10	-68.00992	0.00295	0.369	120.1
2016-12-29T06:20	-68.01000	0.00609	0.424	93.9
2016-12-29T06:30	-68.01037	0.00387	0.328	245.8
2016-12-29T06:40	-68.01066	0.00680	0.409	104.9
2016-12-29T06:50	-68.01120	0.01047	0.531	111.3
2016-12-29T07:00	-68.01165	0.01011	0.171	196.8
2016-12-29T07:10	-68.01173	0.01109	0.136	102.8
2016-12-29T07:20	-68.01231	0.01135	0.210	170.5
2016-12-29T07:30	-68.02574	0.02023	4.983	166.1
2016-12-29T07:40	-68.05542	0.00570	10.865	190.4
2016-12-29T07:50	-68.08569	-0.00702	11.031	188.9
2016-12-29T08:00	-68.11583	-0.00974	10.857	181.9
2016-12-29T08:10	-68.14590	-0.01232	10.833	181.8
2016-12-29T08:20	-68.17591	-0.01458	10.810	181.6
2016-12-29T08:30	-68.20641	-0.01722	10.987	181.8
2016-12-29T08:40	-68.23674	-0.01979	10.924	181.8
2016-12-29T08:50	-68.26731	-0.02263	11.015	182.0
2016-12-29T09:00	-68.29776	-0.02478	10.966	181.5
2016-12-29T09:10	-68.32842	-0.02774	11.045	182.0
2016-12-29T09:20	-68.35908	-0.03016	11.045	181.7
2016-12-29T09:30	-68.38975	-0.03253	11.046	181.6
2016-12-29T09:40	-68.42024	-0.03546	10.985	182.0
2016-12-29T09:50	-68.45062	-0.03792	10.943	181.7
2016-12-29T10:00	-68.48095	-0.04037	10.927	181.7
2016-12-29T10:10	-68.51144	-0.04300	10.982	181.8
2016-12-29T10:20	-68.54179	-0.04583	10.932	182.0
2016-12-29T10:30	-68.57203	-0.04823	10.894	181.7
2016-12-29T10:40	-68.60202	-0.04343	10.815	176.7
2016-12-29T10:50	-68.63137	-0.03460	10.633	173.7
2016-12-29T11:00	-68.66109	-0.03221	10.704	178.3
2016-12-29T11:10	-68.69095	-0.03745	10.772	183.6
2016-12-29T11:20	-68.72144	-0.04775	11.062	187.0
2016-12-29T11:30	-68.75233	-0.05809	11.204	186.9
2016-12-29T11:40	-68.78296	-0.06614	11.077	185.4
2016-12-29T11:50	-68.81407	-0.06859	11.206	181.6
2016-12-29T12:00	-68.84504	-0.07146	11.158	181.9
2016-12-29T12:10	-68.87606	-0.07430	11.173	181.9
2016-12-29T12:20	-68.90671	-0.07689	11.039	181.7
2016-12-29T12:30	-68.93730	-0.08145	11.030	183.1
2016-12-29T12:40	-68.96711	-0.10317	11.095	194.7
2016-12-29T12:50	-68.98089	-0.09185	5.172	163.6
2016-12-29T13:00	-68.98161	-0.09287	0.291	206.7
2016-12-29T13:10	-68.98182	-0.09267	0.080	161.4
2016-12-29T13:20	-68.99154	-0.04327	7.275	118.8
2016-12-29T13:30	-69.00029	-0.01445	4.874	130.3
2016-12-29T13:40	-69.00081	-0.01129	0.449	114.7
2016-12-29T13:50	-69.00833	-0.00257	2.933	157.5
2016-12-29T14:00	-69.03659	-0.00961	10.216	185.1
2016-12-29T14:10	-69.06721	-0.01121	11.027	181.1
2016-12-29T14:20	-69.09762	-0.01018	10.949	179.3
2016-12-29T14:30	-69.12805	-0.00927	10.957	179.4
2016-12-29T14:40	-69.15869	-0.01013	11.031	180.6
2016-12-29T14:50	-69.18929	-0.01769	11.062	185.0
2016-12-29T15:00	-69.20083	-0.00123	4.656	153.1
2016-12-29T15:10	-69.20208	-0.00385	0.560	216.8
2016-12-29T15:20	-69.20288	-0.01044	0.890	251.1
2016-12-29T15:30	-69.20375	-0.01559	0.729	244.4
2016-12-29T15:40	-69.20498	-0.02280	1.023	244.3
2016-12-29T15:50	-69.20457	-0.02322	0.160	340.4
2016-12-29T16:00	-69.20446	-0.02504	0.236	279.1
2016-12-29T16:10	-69.20459	-0.03029	0.672	266.2
2016-12-29T16:20	-69.20452	-0.02740	0.369	86.1
2016-12-29T16:30	-69.20471	-0.02827	0.130	238.4
2016-12-29T16:40	-69.20503	-0.03071	0.333	249.8
2016-12-29T16:50	-69.20543	-0.03323	0.354	245.6
2016-12-29T17:00	-69.20624	-0.03307	0.293	175.9
2016-12-29T17:10	-69.20702	-0.03502	0.376	221.5
2016-12-29T17:20	-69.20765	-0.03752	0.391	234.8
2016-12-29T17:30	-69.21416	-0.01549	3.663	129.8
2016-12-29T17:40	-69.24168	-0.00034	10.096	169.0
2016-12-29T17:50	-69.27297	0.00009	11.267	179.7
2016-12-29T18:00	-69.30419	-0.00386	11.250	182.6
2016-12-29T18:10	-69.33566	-0.00425	11.334	180.2
2016-12-29T18:20	-69.36722	-0.01100	11.393	184.3
2016-12-29T18:30	-69.39646	-0.01637	10.550	183.7
2016-12-29T18:40	-69.39901	-0.01188	1.081	148.3
2016-12-29T18:50	-69.40005	-0.01638	0.683	236.6
2016-12-29T19:00	-69.40076	-0.02248	0.814	251.8
2016-12-29T19:10	-69.40153	-0.02784	0.732	247.8
2016-12-29T19:20	-69.40237	-0.03345	0.773	246.8
2016-12-29T19:30	-69.40316	-0.04091	0.986	253.2
2016-12-29T19:40	-69.40406	-0.04878	1.049	252.0
2016-12-29T19:50	-69.40469	-0.05098	0.359	230.9
2016-12-29T20:00	-69.40527	-0.05154	0.221	198.9
2016-12-29T20:10	-69.40611	-0.05150	0.300	179.0
2016-12-29T20:20	-69.40707	-0.05032	0.380	156.7
2016-12-29T20:30	-69.41297	-0.02534	3.809	123.9
2016-12-29T20:40	-69.40387	-0.04917	4.454	317.3
2016-12-29T20:50	-69.40420	-0.05166	0.337	249.3
2016-12-29T21:00	-69.40431	-0.05256	0.119	251.8
2016-12-29T21:10	-69.40443	-0.05433	0.229	258.4
2016-12-29T21:20	-69.40425	-0.05282	0.202	70.8
2016-12-29T21:30	-69.40441	-0.05282	0.057	180.8
2016-12-29T21:40	-69.40479	-0.05337	0.153	206.9
2016-12-29T21:50	-69.40441	-0.04893	0.578	76.5
2016-12-29T22:00	-69.38239	-0.03760	8.059	10.3
2016-12-29T22:10	-69.35679	-0.02339	9.392	11.1
2016-12-29T22:20	-69.33192	-0.00954	9.127	11.1
2016-12-29T22:30	-69.30752	-0.00033	8.860	7.6
2016-12-29T22:40	-69.28279	0.00572	8.938	4.9
2016-12-29T22:50	-69.25734	0.00750	9.166	1.4
2016-12-29T23:00	-69.23210	0.00875	9.089	1.0
2016-12-29T23:10	-69.20751	0.00977	8.854	0.8
2016-12-29T23:20	-69.18136	0.01118	9.420	1.1
2016-12-29T23:30	-69.15589	0.01281	9.170	1.3
2016-12-29T23:40	-69.13026	0.01397	9.232	0.9
2016-12-29T23:50	-69.10435	0.01499	9.329	0.8
2016-12-30T00:00	-69.07779	0.01660	9.564	1.2
2016-12-30T00:10	-69.05140	0.01788	9.504	1.0
2016-12-30T00:20	-69.02497	0.01901	9.517	0.9
2016-12-30T00:30	-69.02346	0.03675	2.350	76.7
2016-12-30T00:40	-69.00600	0.04052	6.308	4.4
2016-12-30T00:50	-68.98232	0.03598	8.544	356.1
2016-12-30T01:00	-68.95617	0.03290	9.424	357.6
2016-12-30T01:10	-68.93015	0.02993	9.376	357.6
2016-12-30T01:20	-68.90405	0.02692	9.405	357.6
2016-12-30T01:30	-68.87907	0.02657	8.996	359.7
2016-12-30T01:40	-68.85446	0.02769	8.862	0.9
2016-12-30T01:50	-68.82923	0.02906	9.084	1.1
2016-12-30T02:00	-68.80405	0.03021	9.068	0.9
2016-12-30T02:10	-68.77774	0.03157	9.473	1.1
2016-12-30T02:20	-68.75197	0.03451	9.289	2.4
2016-12-30T02:30	-68.72593	0.03403	9.374	359.6
2016-12-30T02:40	-68.69980	0.03536	9.410	1.1
2016-12-30T02:50	-68.67314	0.03670	9.602	1.0
2016-12-30T03:00	-68.64784	0.03790	9.108	1.0
2016-12-30T03:10	-68.62136	0.03936	9.539	1.1
2016-12-30T03:20	-68.59506	0.04056	9.467	1.0
2016-12-30T03:30	-68.56745	0.04184	9.946	1.0
2016-12-30T03:40	-68.53994	0.04275	9.905	0.7
2016-12-30T03:50	-68.51241	0.03611	9.950	355.0
2016-12-30T04:00	-68.49965	0.04077	4.635	7.6
2016-12-30T04:10	-68.49930	0.04074	0.125	357.9
2016-12-30T04:20	-68.49910	0.04010	0.112	310.7
2016-12-30T04:30	-68.49894	0.04197	0.254	76.9
2016-12-30T04:40	-68.49892	0.04443	0.325	88.8
2016-12-30T04:50	-68.49891	0.04412	0.041	275.4
2016-12-30T05:00	-68.49882	0.04177	0.313	275.8
2016-12-30T05:10	-68.49882	0.03799	0.498	270.0
2016-12-30T05:20	-68.49874	0.03510	0.383	274.1
2016-12-30T05:30	-68.49914	0.03218	0.411	249.7
2016-12-30T05:40	-68.49922	0.03366	0.198	98.2
2016-12-30T05:50	-68.49905	0.03400	0.076	35.3
2016-12-30T06:00	-68.49835	0.03604	0.367	47.1
2016-12-30T06:10	-68.49767	0.03781	0.339	43.8
2016-12-30T06:20	-68.49684	0.03802	0.301	5.3
2016-12-30T06:30	-68.49658	0.03950	0.216	63.9
2016-12-30T06:40	-68.49605	0.04140	0.313	53.1
2016-12-30T06:50	-68.49552	0.04398	0.391	60.8
2016-12-30T07:00	-68.49542	0.04509	0.151	76.3
2016-12-30T07:10	-68.50861	0.03378	4.978	197.4
2016-12-30T07:20	-68.53574	-0.00385	10.953	206.9
2016-12-30T07:30	-68.56560	-0.01221	10.810	185.8
2016-12-30T07:40	-68.59546	-0.01741	10.772	183.6
2016-12-30T07:50	-68.62588	-0.02315	10.980	183.9
2016-12-30T08:00	-68.65618	-0.02882	10.934	183.9
2016-12-30T08:10	-68.68642	-0.03454	10.912	183.9
2016-12-30T08:20	-68.71641	-0.04009	10.823	183.8
2016-12-30T08:30	-68.74646	-0.04569	10.845	183.9
2016-12-30T08:40	-68.77650	-0.05114	10.839	183.8
2016-12-30T08:50	-68.80634	-0.05691	10.768	184.0
2016-12-30T09:00	-68.83604	-0.06233	10.718	183.8
2016-12-30T09:10	-68.86567	-0.06785	10.692	183.8
2016-12-30T09:20	-68.89535	-0.07332	10.712	183.8
2016-12-30T09:30	-68.92503	-0.08767	10.845	189.9
2016-12-30T09:40	-68.94694	-0.08958	7.895	181.8
2016-12-30T09:50	-68.94735	-0.09208	0.355	245.7
2016-12-30T10:00	-68.94718	-0.09338	0.180	290.2
2016-12-30T10:10	-68.94693	-0.09482	0.206	295.5
2016-12-30T10:20	-68.94679	-0.09545	0.096	301.2
2016-12-30T10:30	-68.94652	-0.09399	0.213	62.2
2016-12-30T10:40	-68.94667	-0.09604	0.270	258.3
2016-12-30T10:50	-68.94611	-0.09582	0.203	8.0
2016-12-30T11:00	-68.94571	-0.09613	0.148	343.9
2016-12-30T11:10	-68.94567	-0.09717	0.135	277.5
2016-12-30T11:20	-68.94565	-0.09670	0.061	85.9
2016-12-30T11:30	-68.94563	-0.09633	0.048	80.6
2016-12-30T11:40	-68.94538	-0.09739	0.165	303.9
2016-12-30T11:50	-68.94503	-0.09728	0.127	6.2
2016-12-30T12:00	-68.94493	-0.09799	0.098	290.5
2016-12-30T12:10	-68.94502	-0.09867	0.093	250.8
2016-12-30T12:20	-68.94523	-0.09963	0.147	237.9
2016-12-30T12:30	-68.95720	-0.09738	4.320	176.1
2016-12-30T12:40	-68.97772	-0.10713	7.494	189.7
2016-12-30T12:50	-68.97894	-0.08921	2.357	100.8
2016-12-30T13:00	-68.98079	-0.09315	0.839	217.4
2016-12-30T13:10	-68.98106	-0.09467	0.219	243.7
2016-12-30T13:20	-68.98141	-0.09348	0.199	129.4
2016-12-30T13:30	-68.98170	-0.09385	0.114	205.1
2016-12-30T13:40	-68.98235	-0.09499	0.276	212.3
2016-12-30T13:50	-68.98186	-0.09597	0.214	324.0
2016-12-30T14:00	-68.98047	-0.09628	0.502	355.4
2016-12-30T14:10	-68.98054	-0.09820	0.249	264.5
2016-12-30T14:20	-68.98001	-0.10451	0.837	283.3
2016-12-30T14:30	-68.97858	-0.10420	0.516	4.5
2016-12-30T14:40	-68.97768	-0.10052	0.575	55.8
2016-12-30T14:50	-68.97826	-0.10176	0.265	217.4
2016-12-30T15:00	-68.97867	-0.09903	0.382	112.3
2016-12-30T15:10	-68.98272	-0.09909	1.458	180.3
2016-12-30T15:20	-68.99979	-0.07498	6.889	153.2
2016-12-30T15:30	-69.02756	-0.06426	10.096	172.1
2016-12-30T15:40	-69.05850	-0.06511	11.141	180.6
2016-12-30T15:50	-69.09038	-0.06637	11.478	180.8
2016-12-30T16:00	-69.12212	-0.06781	11.428	180.9
2016-12-30T16:10	-69.15415	-0.06980	11.538	181.3
2016-12-30T16:20	-69.18621	-0.07282	11.548	181.9
2016-12-30T16:30	-69.21858	-0.07569	11.662	181.8
2016-12-30T16:40	-69.25113	-0.06934	11.746	176.0
2016-12-30T16:50	-69.28383	-0.06250	11.807	175.8
2016-12-30T17:00	-69.31628	-0.05446	11.727	175.0
2016-12-30T17:10	-69.34835	-0.04544	11.603	174.3
2016-12-30T17:20	-69.38012	-0.03576	11.505	173.9
2016-12-30T17:30	-69.40643	0.00519	10.801	151.3
2016-12-30T17:40	-69.42332	0.04106	7.592	143.3
2016-12-30T17:50	-69.42813	0.07023	4.075	115.1
2016-12-30T18:00	-69.42960	0.06507	0.841	230.9
2016-12-30T18:10	-69.43052	0.06011	0.710	242.2
2016-12-30T18:20	-69.43112	0.05791	0.353	231.9
2016-12-30T18:30	-69.43161	0.05561	0.339	239.1
2016-12-30T18:40	-69.43185	0.05263	0.388	256.9
2016-12-30T18:50	-69.43226	0.04733	0.686	257.7
2016-12-30T19:00	-69.43210	0.04206	0.669	274.8
2016-12-30T19:10	-69.43325	0.03727	0.733	235.6
2016-12-30T19:20	-69.43446	0.03264	0.730	233.3
2016-12-30T19:30	-69.43958	0.03703	1.924	163.2
2016-12-30T19:40	-69.44582	0.03601	2.250	183.3
2016-12-30T19:50	-69.44692	0.02813	1.073	248.3
2016-12-30T20:00	-69.44759	0.02370	0.610	246.6
2016-12-30T20:10	-69.44792	0.02189	0.257	242.7
2016-12-30T20:20	-69.44982	0.01460	1.149	233.3
2016-12-30T20:30	-69.45053	0.00245	1.556	260.6
2016-12-30T20:40	-69.45073	-0.00943	1.503	267.3
2016-12-30T20:50	-69.45083	-0.02118	1.485	268.6
2016-12-30T21:00	-69.45094	-0.03318	1.518	268.6
2016-12-30T21:10	-69.45103	-0.04511	1.508	268.7
2016-12-30T21:20	-69.45107	-0.05706	1.511	269.4
2016-12-30T21:30	-69.44926	-0.07924	2.877	283.1
2016-12-30T21:40	-69.44372	-0.07854	1.999	2.5
2016-12-30T21:50	-69.44220	-0.08552	1.038	301.8
2016-12-30T22:00	-69.43956	-0.09736	1.772	302.4
2016-12-30T22:10	-69.43707	-0.11403	2.292	293.1
2016-12-30T22:20	-69.43478	-0.12904	2.069	293.5
2016-12-30T22:30	-69.43255	-0.14229	1.858	295.5
2016-12-30T22:40	-69.43032	-0.15524	1.824	296.1
2016-12-30T22:50	-69.42794	-0.16937	1.983	295.7
2016-12-30T23:00	-69.42670	-0.18438	1.952	283.2
2016-12-30T23:10	-69.42568	-0.19873	1.852	281.4
2016-12-30T23:20	-69.42489	-0.21388	1.938	278.4
2016-12-30T23:30	-69.42439	-0.22960	1.996	275.2
2016-12-30T23:40	-69.42398	-0.24499	1.954	274.4
2016-12-30T23:50	-69.42378	-0.26039	1.949	272.0
2016-12-31T00:00	-69.42338	-0.27628	2.017	274.2
2016-12-31T00:10	-69.42280	-0.29123	1.904	276.3
2016-12-31T00:20	-69.42214	-0.30582	1.861	277.3
2016-12-31T00:30	-69.42159	-0.32035	1.849	276.1
2016-12-31T00:40	-69.42094	-0.33495	1.863	277.3
2016-12-31T00:50	-69.42045	-0.34839	1.710	275.9
2016-12-31T01:00	-69.42032	-0.36191	1.712	271.6
2016-12-31T01:10	-69.41985	-0.37511	1.680	275.8
2016-12-31T01:20	-69.41937	-0.38828	1.675	275.9
2016-12-31T01:30	-69.41885	-0.40140	1.672	276.5
2016-12-31T01:40	-69.41850	-0.41465	1.681	274.2
2016-12-31T01:50	-69.41806	-0.42714	1.589	275.8
2016-12-31T02:00	-69.41741	-0.43921	1.546	278.7
2016-12-31T02:10	-69.41695	-0.45097	1.498	276.3
2016-12-31T02:20	-69.41621	-0.46197	1.417	280.9
2016-12-31T02:30	-69.41536	-0.47287	1.413	282.5
2016-12-31T02:40	-69.41422	-0.48245	1.281	288.6
2016-12-31T02:50	-69.41382	-0.49242	1.270	276.6
2016-12-31T03:00	-69.41356	-0.50280	1.317	274.0
2016-12-31T03:10	-69.41223	-0.51296	1.374	290.4
2016-12-31T03:20	-69.39076	-0.50970	7.740	3.1
2016-12-31T03:30	-69.37019	-0.49351	7.687	15.5
2016-12-31T03:40	-69.35496	-0.47413	6.008	24.2
2016-12-31T03:50	-69.33945	-0.45460	6.111	24.0
2016-12-31T04:00	-69.32403	-0.43434	6.120	24.9
2016-12-31T04:10	-69.30830	-0.41264	6.302	26.0
2016-12-31T04:20	-69.29286	-0.39201	6.145	25.3
2016-12-31T04:30	-69.27756	-0.37106	6.121	25.8
2016-12-31T04:40	-69.26258	-0.34953	6.051	27.0
2016-12-31T04:50	-69.24786	-0.32826	5.955	27.1
2016-12-31T05:00	-69.23259	-0.30948	5.999	23.5
2016-12-31T05:10	-69.21712	-0.29092	6.054	23.1
2016-12-31T05:20	-69.20104	-0.27200	6.273	22.7
2016-12-31T05:30	-69.18480	-0.25451	6.259	20.9
2016-12-31T05:40	-69.16812	-0.23621	6.446	21.3
2016-12-31T05:50	-69.15123	-0.21797	6.517	21.0
2016-12-31T06:00	-69.13677	-0.20372	5.516	19.3
2016-12-31T06:10	-69.12377	-0.19108	4.956	19.1
2016-12-31T06:20	-69.11035	-0.17799	5.114	19.2
2016-12-31T06:30	-69.09728	-0.16356	5.058	21.5
2016-12-31T06:40	-69.08457	-0.14752	5.017	24.3
2016-12-31T06:50	-69.07273	-0.13360	4.624	22.8
2016-12-31T07:00	-69.06160	-0.12139	4.304	21.4
2016-12-31T07:10	-69.05095	-0.10732	4.242	25.3
2016-12-31T07:20	-69.04015	-0.09275	4.317	25.8
2016-12-31T07:30	-69.02988	-0.07581	4.292	30.6
2016-12-31T07:40	-69.01969	-0.05707	4.394	33.4
2016-12-31T07:50	-69.01068	-0.03469	4.339	41.7
2016-12-31T08:00	-69.00310	-0.01183	4.020	47.2
2016-12-31T08:10	-69.00245	-0.01023	0.313	41.3
2016-12-31T08:20	-69.00280	-0.00971	0.142	151.8
2016-12-31T08:30	-69.00284	-0.01365	0.509	268.0
2016-12-31T08:40	-69.00327	-0.01168	0.296	120.9
2016-12-31T08:50	-69.00465	-0.00288	1.240	113.7
2016-12-31T09:00	-69.00494	-0.00996	0.919	263.6
2016-12-31T09:10	-69.00284	-0.01092	0.765	350.7
2016-12-31T09:20	-69.00846	0.00647	3.022	132.1
2016-12-31T09:30	-69.01303	0.02276	2.668	128.1
2016-12-31T09:40	-69.01497	0.02489	0.750	158.5
2016-12-31T09:50	-69.01300	0.02260	0.768	337.5
2016-12-31T10:00	-69.01147	0.02302	0.553	5.7
2016-12-31T10:10	-69.00976	0.01990	0.737	326.9
2016-12-31T10:20	-69.00797	0.01491	0.909	314.9
2016-12-31T10:30	-69.00645	0.00894	0.945	305.5
2016-12-31T10:40	-69.00512	0.00066	1.171	294.1
2016-12-31T10:50	-69.00426	-0.01015	1.428	282.6
2016-12-31T11:00	-69.00376	-0.01319	0.432	294.8
2016-12-31T11:10	-69.00255	-0.01346	0.435	355.4
2016-12-31T11:20	-68.99908	-0.01065	1.301	16.1
2016-12-31T11:30	-69.00027	-0.00279	1.102	112.9
2016-12-31T11:40	-69.00367	-0.00066	1.257	167.4
2016-12-31T11:50	-69.00754	-0.00099	1.392	181.8
2016-12-31T12:00	-69.00910	-0.01392	1.760	251.4
2016-12-31T12:10	-69.00604	-0.01835	1.242	332.6
2016-12-31T12:20	-69.00324	-0.01113	1.372	42.8
2016-12-31T12:30	-69.00497	-0.00395	1.116	124.0
2016-12-31T12:40	-69.00231	-0.00664	1.020	340.1
2016-12-31T12:50	-69.00212	-0.00515	0.205	70.4
2016-12-31T13:00	-69.00222	-0.00439	0.104	109.9
2016-12-31T13:10	-69.00249	-0.00383	0.121	143.1
2016-12-31T13:20	-69.00201	-0.00330	0.185	21.3
2016-12-31T13:30	-69.00169	-0.00240	0.164	45.7
2016-12-31T13:40	-69.00204	-0.00166	0.158	142.7
2016-12-31T13:50	-69.00239	-0.00281	0.195	229.9
2016-12-31T14:00	-69.00228	-0.00718	0.565	273.9
2016-12-31T14:10	-69.00232	-0.00941	0.288	266.9
2016-12-31T14:20	-69.00219	-0.00834	0.146	70.7
2016-12-31T14:30	-69.00236	-0.00787	0.087	135.6
2016-12-31T14:40	-69.00250	-0.00988	0.265	259.3
2016-12-31T14:50	-69.00272	-0.01019	0.091	206.0
2016-12-31T15:00	-69.00288	-0.00939	0.117	118.0
2016-12-31T15:10	-69.00277	-0.00841	0.133	72.9
2016-12-31T15:20	-69.00226	-0.00732	0.229	37.8
2016-12-31T15:30	-69.00174	-0.00619	0.238	37.8
2016-12-31T15:40	-69.00206	-0.00493	0.199	125.4
2016-12-31T15:50	-69.00243	-0.00298	0.284	117.5
2016-12-31T16:00	-69.00252	0.00019	0.411	94.8
2016-12-31T16:10	-69.00279	0.00235	0.295	108.8
2016-12-31T16:20	-69.00291	0.00430	0.255	100.2
2016-12-31T16:30	-69.00301	0.00581	0.198	100.5
2016-12-31T16:40	-69.00319	0.00678	0.140	116.6
2016-12-31T16:50	-69.00134	-0.03279	5.148	277.4
2016-12-31T17:00	-69.00326	-0.11890	11.132	266.4
2016-12-31T17:10	-69.00348	-0.20501	11.109	269.5
2016-12-31T17:20	-69.00352	-0.29127	11.128	269.9
2016-12-31T17:30	-69.00726	-0.37830	11.308	263.1
2016-12-31T17:40	-69.00688	-0.46555	11.256	270.6
2016-12-31T17:50	-69.00418	-0.55326	11.356	274.9
2016-12-31T18:00	-69.00349	-0.64207	11.460	271.2
2016-12-31T18:10	-69.00235	-0.73058	11.426	272.0
2016-12-31T18:20	-69.00369	-0.81916	11.438	267.6
2016-12-31T18:30	-69.00369	-0.90776	11.431	269.9
2016-12-31T18:40	-69.00377	-0.99558	11.330	269.8
2016-12-31T18:50	-69.00382	-1.08316	11.298	269.9
2016-12-31T19:00	-69.00374	-1.17198	11.459	270.1
2016-12-31T19:10	-69.00375	-1.26112	11.499	269.9
2016-12-31T19:20	-69.00173	-1.35094	11.610	273.5
2016-12-31T19:30	-69.00285	-1.44087	11.609	268.0
2016-12-31T19:40	-69.00399	-1.52958	11.452	267.9
2016-12-31T19:50	-69.00387	-1.61898	11.534	270.2
2016-12-31T20:00	-69.00392	-1.70839	11.534	269.9
2016-12-31T20:10	-69.00400	-1.79026	10.562	269.8
2016-12-31T20:20	-69.00390	-1.86816	10.050	270.2
2016-12-31T20:30	-69.00406	-1.94311	9.669	269.6
2016-12-31T20:40	-69.00517	-2.01237	8.944	267.4
2016-12-31T20:50	-69.00638	-2.08012	8.750	267.1
2016-12-31T21:00	-69.00599	-2.14783	8.735	270.9
2016-12-31T21:10	-69.00562	-2.21695	8.918	270.8
2016-12-31T21:20	-69.00528	-2.28504	8.784	270.8
2016-12-31T21:30	-69.00450	-2.35338	8.820	271.8
2016-12-31T21:40	-69.00415	-2.42234	8.897	270.8
2016-12-31T21:50	-69.00430	-2.49118	8.881	269.6
2016-12-31T22:00	-69.00418	-2.56024	8.909	270.3
2016-12-31T22:10	-69.00557	-2.62918	8.908	266.7
2016-12-31T22:20	-69.00432	-2.69760	8.837	272.9
2016-12-31T22:30	-69.00429	-2.76571	8.787	270.0
2016-12-31T22:40	-69.00429	-2.83411	8.824	270.0
2016-12-31T22:50	-69.00443	-2.90218	8.781	269.6
2016-12-31T23:00	-69.00441	-2.97054	8.819	270.0
2016-12-31T23:10	-69.00230	-3.03956	8.936	274.8
2016-12-31T23:20	-68.99945	-3.10925	9.051	276.5
2016-12-31T23:30	-68.99894	-3.17899	9.000	271.1
2016-12-31T23:40	-69.00072	-3.24878	9.029	265.9
2016-12-31T23:50	-69.00250	-3.31844	9.010	265.9
2017-01-01T00:00	-69.00425	-3.38771	8.958	265.9
2017-01-01T00:10	-69.00586	-3.45614	8.847	266.2
2017-01-01T00:20	-69.00553	-3.52436	8.801	270.7
2017-01-01T00:30	-69.00508	-3.59226	8.761	271.0
2017-01-01T00:40	-69.00469	-3.65896	8.605	270.9
2017-01-01T00:50	-69.00462	-3.72517	8.542	270.1
2017-01-01T01:00	-69.00475	-3.79188	8.605	269.7
2017-01-01T01:10	-69.00465	-3.85990	8.776	270.2
2017-01-01T01:20	-69.00479	-3.92966	8.999	269.6
2017-01-01T01:30	-69.00460	-4.00117	9.226	270.4
2017-01-01T01:40	-69.00462	-4.07188	9.122	269.9
2017-01-01T01:50	-69.00476	-4.14158	8.991	269.6
2017-01-01T02:00	-69.00483	-4.21171	9.048	269.8
2017-01-01T02:10	-69.00471	-4.28117	8.961	270.2
2017-01-01T02:20	-69.00486	-4.35082	8.985	269.6
2017-01-01T02:30	-69.00474	-4.42052	8.991	270.2
2017-01-01T02:40	-69.00478	-4.49004	8.968	269.9
2017-01-01T02:50	-69.00487	-4.55936	8.943	269.8
2017-01-01T03:00	-69.00484	-4.62783	8.833	270.0
2017-01-01T03:10	-69.00490	-4.69568	8.753	269.8
2017-01-01T03:20	-69.00505	-4.76374	8.780	269.6
2017-01-01T03:30	-69.00507	-4.82951	8.484	269.9
2017-01-01T03:40	-69.00498	-4.89480	8.423	270.2
2017-01-01T03:50	-69.00502	-4.95949	8.345	269.9
2017-01-01T04:00	-69.00501	-5.02502	8.454	270.0
2017-01-01T04:10	-69.00508	-5.09127	8.545	269.8
2017-01-01T04:20	-69.00493	-5.15840	8.660	270.3
2017-01-01T04:30	-69.00514	-5.22720	8.876	269.5
2017-01-01T04:40	-69.00514	-5.29751	9.070	270.0
2017-01-01T04:50	-69.00519	-5.36841	9.146	269.8
2017-01-01T05:00	-69.00523	-5.43952	9.174	269.9
2017-01-01T05:10	-69.00521	-5.51197	9.346	270.0
2017-01-01T05:20	-69.00518	-5.58582	9.526	270.0
2017-01-01T05:30	-69.00517	-5.65997	9.565	270.0
2017-01-01T05:40	-69.00523	-5.73503	9.683	269.8
2017-01-01T05:50	-69.00544	-5.80972	9.634	269.5
2017-01-01T06:00	-69.00531	-5.88447	9.643	270.2
2017-01-01T06:10	-69.00527	-5.95450	9.035	270.1
2017-01-01T06:20	-69.00412	-6.02407	8.984	272.6
2017-01-01T06:30	-69.00218	-6.09236	8.838	274.5
2017-01-01T06:40	-69.00382	-6.16111	8.888	266.2
2017-01-01T06:50	-69.00535	-6.22954	8.846	266.4
2017-01-01T07:00	-69.00545	-6.29729	8.740	269.7
2017-01-01T07:10	-69.00545	-6.36515	8.753	270.0
2017-01-01T07:20	-69.00552	-6.43299	8.752	269.8
2017-01-01T07:30	-69.00553	-6.50071	8.735	269.9
2017-01-01T07:40	-69.00544	-6.56741	8.605	270.2
2017-01-01T07:50	-69.00559	-6.63379	8.564	269.6
2017-01-01T08:00	-69.00428	-6.70047	8.615	273.1
2017-01-01T08:10	-69.00353	-6.76900	8.845	271.7
2017-01-01T08:20	-69.00347	-6.83773	8.866	270.1
2017-01-01T08:30	-69.00135	-6.90790	9.085	274.8
2017-01-01T08:40	-69.00019	-6.98229	9.608	272.5
2017-01-01T08:50	-69.00556	-6.99096	2.235	210.0
2017-01-01T09:00	-69.00580	-6.99133	0.099	208.4
2017-01-01T09:10	-69.00603	-6.99328	0.265	252.3
2017-01-01T09:20	-69.00681	-6.99440	0.318	207.1
2017-01-01T09:30	-69.00707	-6.99828	0.509	259.5
2017-01-01T09:40	-69.00750	-6.99908	0.185	213.4
2017-01-01T09:50	-69.00900	-6.99540	0.718	138.7
2017-01-01T10:00	-69.00934	-7.00024	0.635	259.0
2017-01-01T10:10	-69.00978	-7.00628	0.795	258.3
2017-01-01T10:20	-69.01037	-7.01190	0.755	253.6
2017-01-01T10:30	-69.01106	-7.01803	0.829	252.7
2017-01-01T10:40	-69.01060	-7.02022	0.327	300.4
2017-01-01T10:50	-69.01026	-7.02176	0.233	301.4
2017-01-01T11:00	-69.01075	-7.02402	0.341	238.9
2017-01-01T11:10	-69.01134	-7.02259	0.282	139.0
2017-01-01T11:20	-69.01189	-7.02209	0.208	161.8
2017-01-01T11:30	-69.01170	-7.02260	0.096	316.0
2017-01-01T11:40	-69.01159	-7.02336	0.106	293.0
2017-01-01T11:50	-69.01167	-7.02334	0.032	176.6
2017-01-01T12:00	-69.01190	-7.02318	0.083	165.6
2017-01-01T12:10	-69.01212	-7.02262	0.107	137.1
2017-01-01T12:20	-69.01212	-7.02136	0.163	90.5
2017-01-01T12:30	-69.01197	-7.01858	0.362	81.2
2017-01-01T12:40	-69.01154	-7.01552	0.424	68.9
2017-01-01T12:50	-69.01133	-7.01133	0.545	82.0
2017-01-01T13:00	-69.01104	-7.00682	0.592	79.7
2017-01-01T13:10	-69.01063	-7.00210	0.626	76.3
2017-01-01T13:20	-69.01030	-6.99864	0.461	75.3
2017-01-01T13:30	-69.00995	-6.99615	0.346	68.3
2017-01-01T13:40	-69.00950	-6.99399	0.322	60.1
2017-01-01T13:50	-69.00405	-6.99772	2.022	346.2
2017-01-01T14:00	-68.99292	-7.07363	10.583	292.2
2017-01-01T14:10	-68.99160	-7.11637	5.536	274.9
2017-01-01T14:20	-68.99285	-7.09647	2.608	100.0
2017-01-01T14:30	-68.99404	-7.08475	1.572	105.8
2017-01-01T14:40	-68.99534	-7.07322	1.558	107.4
2017-01-01T14:50	-68.99694	-7.05990	1.814	108.6
2017-01-01T15:00	-68.99825	-7.04814	1.590	107.3
2017-01-01T15:10	-68.99975	-7.03359	1.953	106.0
2017-01-01T15:20	-69.00112	-7.02022	1.795	106.0
2017-01-01T15:30	-69.00288	-7.00505	2.058	107.9
2017-01-01T15:40	-69.00463	-6.99115	1.900	109.3
2017-01-01T15:50	-69.00609	-6.98086	1.428	111.7
2017-01-01T16:00	-69.00834	-6.97254	1.345	127.1
2017-01-01T16:10	-69.00959	-6.97697	0.727	231.7
2017-01-01T16:20	-69.01034	-6.97756	0.278	196.0
2017-01-01T16:30	-69.00977	-6.97810	0.214	341.1
2017-01-01T16:40	-69.00949	-6.97694	0.182	56.0
2017-01-01T16:50	-69.01048	-6.97210	0.718	119.7
2017-01-01T17:00	-69.01210	-6.96260	1.356	115.4
2017-01-01T17:10	-69.01383	-6.95292	1.397	116.6
2017-01-01T17:20	-69.01532	-6.94324	1.357	113.2
2017-01-01T17:30	-69.01691	-6.93259	1.489	112.6
2017-01-01T17:40	-69.00751	-6.94544	3.769	333.9
2017-01-01T17:50	-68.98217	-7.01902	13.168	313.8
2017-01-01T18:00	-68.95305	-7.07966	13.089	323.2
2017-01-01T18:10	-68.92267	-7.13548	13.109	326.5
2017-01-01T18:20	-68.89217	-7.19182	13.186	326.4
2017-01-01T18:30	-68.86176	-7.24790	13.148	326.4
2017-01-01T18:40	-68.83135	-7.30385	13.142	326.4
2017-01-01T18:50	-68.80118	-7.35894	13.012	326.5
2017-01-01T19:00	-68.77123	-7.41392	12.947	326.4
2017-01-01T19:10	-68.74117	-7.46899	12.990	326.4
2017-01-01T19:20	-68.71077	-7.52467	13.142	326.4
2017-01-01T19:30	-68.68004	-7.58093	13.288	326.3
2017-01-01T19:40	-68.64933	-7.63689	13.267	326.4
2017-01-01T19:50	-68.61845	-7.69308	13.338	326.4
2017-01-01T20:00	-68.58766	-7.74929	13.322	326.3
2017-01-01T20:10	-68.55675	-7.80526	13.343	326.5
2017-01-01T20:20	-68.52579	-7.86122	13.363	326.5
2017-01-01T20:30	-68.49493	-7.91706	13.331	326.4
2017-01-01T20:40	-68.46401	-7.97272	13.343	326.5
2017-01-01T20:50	-68.43342	-8.02839	13.247	326.2
2017-01-01T21:00	-68.40259	-8.08375	13.303	326.5
2017-01-01T21:10	-68.37207	-8.13853	13.174	326.5
2017-01-01T21:20	-68.34142	-8.19357	13.236	326.5
2017-01-01T21:30	-68.31122	-8.24798	13.061	326.3
2017-01-01T21:40	-68.28079	-8.30287	13.168	326.3
2017-01-01T21:50	-68.25009	-8.35756	13.244	326.6
2017-01-01T22:00	-68.21957	-8.41246	13.207	326.3
2017-01-01T22:10	-68.18894	-8.46688	13.214	326.6
2017-01-01T22:20	-68.15840	-8.52130	13.188	326.4
2017-01-01T22:30	-68.12783	-8.57601	13.226	326.3
2017-01-01T22:40	-68.09714	-8.63061	13.260	326.4
2017-01-01T22:50	-68.06653	-8.68480	13.210	326.5
2017-01-01T23:00	-68.03585	-8.73933	13.262	326.4
2017-01-01T23:10	-68.00521	-8.79365	13.241	326.4
2017-01-01T23:20	-67.97451	-8.84806	13.268	326.4
2017-01-01T23:30	-67.94379	-8.90228	13.268	326.5
2017-01-01T23:40	-67.91285	-8.95686	13.364	326.4
2017-01-01T23:50	-67.88211	-9.01120	13.292	326.3
2017-01-02T00:00	-67.85133	-9.06530	13.293	326.5
2017-01-02T00:10	-67.82056	-9.11947	13.299	326.4
2017-01-02T00:20	-67.78963	-9.17376	13.363	326.4
2017-01-02T00:30	-67.75878	-9.22804	13.342	326.3
2017-01-02T00:40	-67.72782	-9.28203	13.359	326.5
2017-01-02T00:50	-67.69689	-9.33603	13.355	326.5
2017-01-02T01:00	-67.66594	-9.39017	13.379	326.4
2017-01-02T01:10	-67.63500	-9.44408	13.362	326.4
2017-01-02T01:20	-67.60418	-9.49796	13.333	326.3
2017-01-02T01:30	-67.57324	-9.55168	13.357	326.5
2017-01-02T01:40	-67.54232	-9.60559	13.375	326.3
2017-01-02T01:50	-67.51127	-9.65950	13.416	326.4
2017-01-02T02:00	-67.48021	-9.71325	13.415	326.5
2017-01-02T02:10	-67.44905	-9.76698	13.449	326.5
2017-01-02T02:20	-67.41782	-9.82129	13.518	326.3
2017-01-02T02:30	-67.38658	-9.87508	13.487	326.5
2017-01-02T02:40	-67.35530	-9.92875	13.493	326.5
2017-01-02T02:50	-67.32420	-9.98251	13.454	326.3
2017-01-02T03:00	-67.29314	-10.03578	13.411	326.5
2017-01-02T03:10	-67.26206	-10.08918	13.430	326.4
2017-01-02T03:20	-67.23088	-10.14283	13.484	326.3
2017-01-02T03:30	-67.19971	-10.19602	13.454	326.5
2017-01-02T03:40	-67.16853	-10.24949	13.481	326.4
2017-01-02T03:50	-67.13745	-10.30228	13.405	326.6
2017-01-02T04:00	-67.10656	-10.35502	13.348	326.4
2017-01-02T04:10	-67.07579	-10.40773	13.318	326.3
2017-01-02T04:20	-67.04503	-10.46000	13.284	326.5
2017-01-02T04:30	-67.01416	-10.51229	13.321	326.5
2017-01-02T04:40	-66.98355	-10.56448	13.244	326.3
2017-01-02T04:50	-66.95283	-10.61663	13.279	326.4
2017-01-02T05:00	-66.92209	-10.66861	13.274	326.5
2017-01-02T05:10	-66.89150	-10.72023	13.210	326.5
2017-01-02T05:20	-66.86131	-10.77151	13.066	326.3
2017-01-02T05:30	-66.83092	-10.82258	13.114	326.5
2017-01-02T05:40	-66.80078	-10.87541	13.183	325.4
2017-01-02T05:50	-66.77024	-10.92554	13.100	327.1
2017-01-02T06:00	-66.73960	-10.97620	13.172	326.9
2017-01-02T06:10	-66.70893	-11.02774	13.254	326.4
2017-01-02T06:20	-66.67851	-11.07878	13.148	326.4
2017-01-02T06:30	-66.64823	-11.12947	13.081	326.4
2017-01-02T06:40	-66.61796	-11.17987	13.059	326.5
2017-01-02T06:50	-66.58776	-11.23037	13.054	326.4
2017-01-02T07:00	-66.55755	-11.28077	13.053	326.4
2017-01-02T07:10	-66.52751	-11.33087	12.981	326.4
2017-01-02T07:20	-66.49726	-11.38140	13.083	326.3
2017-01-02T07:30	-66.46688	-11.43167	13.109	326.5
2017-01-02T07:40	-66.43627	-11.48267	13.242	326.3
2017-01-02T07:50	-66.40551	-11.53325	13.253	326.6
2017-01-02T08:00	-66.37491	-11.58429	13.251	326.2
2017-01-02T08:10	-66.34438	-11.63458	13.174	326.5
2017-01-02T08:20	-66.31420	-11.68452	13.047	326.4
2017-01-02T08:30	-66.28382	-11.73436	13.102	326.6
2017-01-02T08:40	-66.25321	-11.78528	13.263	326.2
2017-01-02T08:50	-66.22284	-11.83506	13.102	326.5
2017-01-02T09:00	-66.19254	-11.88484	13.089	326.4
2017-01-02T09:10	-66.16215	-11.93492	13.144	326.3
2017-01-02T09:20	-66.13146	-11.98512	13.248	326.5
2017-01-02T09:30	-66.10098	-12.03510	13.173	326.4
2017-01-02T09:40	-66.07071	-12.08459	13.076	326.4
2017-01-02T09:50	-66.04046	-12.13406	13.072	326.4
2017-01-02T10:00	-66.01027	-12.18345	13.052	326.4
2017-01-02T10:10	-65.97672	-12.22154	13.305	335.2
2017-01-02T10:20	-65.96737	-12.24364	4.674	316.1
2017-01-02T10:30	-65.96641	-12.24401	0.349	351.0
2017-01-02T10:40	-65.96606	-12.24507	0.200	309.2
2017-01-02T10:50	-65.96631	-12.24547	0.109	212.8
2017-01-02T11:00	-65.96614	-12.24528	0.068	25.4
2017-01-02T11:10	-65.96602	-12.24616	0.136	288.3
2017-01-02T11:20	-65.96592	-12.24542	0.114	70.3
2017-01-02T11:30	-65.96728	-12.24924	0.743	228.8
2017-01-02T11:40	-65.96743	-12.24955	0.072	220.1
2017-01-02T11:50	-65.96763	-12.24574	0.563	97.5
2017-01-02T12:00	-65.96691	-12.24421	0.344	40.8
2017-01-02T12:10	-65.96583	-12.24339	0.405	17.1
2017-01-02T12:20	-65.96474	-12.24266	0.407	15.4
2017-01-02T12:30	-65.96370	-12.24192	0.391	15.9
2017-01-02T12:40	-65.96287	-12.23722	0.752	66.6
2017-01-02T12:50	-65.96182	-12.23113	0.970	67.0
2017-01-02T13:00	-65.96200	-12.23201	0.145	243.2
2017-01-02T13:10	-65.96355	-12.23478	0.689	216.1
2017-01-02T13:20	-65.96474	-12.23549	0.444	193.5
2017-01-02T13:30	-65.96474	-12.23668	0.174	271.0
2017-01-02T13:40	-65.95764	-12.22618	2.982	31.1
2017-01-02T13:50	-65.94256	-12.16072	11.034	60.5
2017-01-02T14:00	-65.93791	-12.12278	5.815	73.3
2017-01-02T14:10	-65.93652	-12.11991	0.654	40.1
2017-01-02T14:20	-65.93794	-12.12620	1.055	241.0
2017-01-02T14:30	-65.93947	-12.13374	1.237	243.5
2017-01-02T14:40	-65.94094	-12.14110	1.203	243.9
2017-01-02T14:50	-65.94276	-12.14951	1.398	242.0
2017-01-02T15:00	-65.94540	-12.15764	1.525	231.5
2017-01-02T15:10	-65.94839	-12.16804	1.868	234.7
2017-01-02T15:20	-65.95152	-12.17886	1.946	234.7
2017-01-02T15:30	-65.95445	-12.18964	1.900	236.3
2017-01-02T15:40	-65.95748	-12.20078	1.966	236.3
2017-01-02T15:50	-65.96016	-12.21343	2.092	242.5
2017-01-02T16:00	-65.96369	-12.22104	1.691	221.3
2017-01-02T16:10	-65.96716	-12.22836	1.649	220.6
2017-01-02T16:20	-65.97001	-12.23478	1.391	222.6
2017-01-02T16:30	-65.97405	-12.24308	1.896	219.9
2017-01-02T16:40	-65.97524	-12.24709	0.729	233.8
2017-01-02T16:50	-65.97407	-12.24618	0.443	17.6
2017-01-02T17:00	-65.97283	-12.24489	0.483	23.1
2017-01-02T17:10	-65.97328	-12.24650	0.286	235.6
2017-01-02T17:20	-65.97745	-12.25043	1.606	201.1
2017-01-02T17:30	-65.98155	-12.25446	1.592	201.8
2017-01-02T17:40	-65.98559	-12.25845	1.566	201.9
2017-01-02T17:50	-65.98954	-12.26248	1.540	202.5
2017-01-02T18:00	-65.99323	-12.26625	1.439	202.5
2017-01-02T18:10	-65.99504	-12.26877	0.748	209.6
2017-01-02T18:20	-65.99583	-12.27059	0.391	222.9
2017-01-02T18:30	-65.99590	-12.27158	0.146	260.9
2017-01-02T18:40	-65.99536	-12.27164	0.193	357.3
2017-01-02T18:50	-65.99584	-12.27268	0.229	221.6
2017-01-02T19:00	-65.99762	-12.27549	0.763	212.6
2017-01-02T19:10	-65.99819	-12.27692	0.294	225.5
2017-01-02T19:20	-65.99905	-12.27833	0.371	213.8
2017-01-02T19:30	-65.99957	-12.27976	0.280	228.4
2017-01-02T19:40	-66.00011	-12.28143	0.314	231.0
2017-01-02T19:50	-66.00076	-12.28337	0.367	230.9
2017-01-02T20:00	-66.00155	-12.28517	0.388	222.6
2017-01-02T20:10	-66.00213	-12.28692	0.331	231.0
2017-01-02T20:20	-66.00215	-12.28818	0.185	267.3
2017-01-02T20:30	-66.00211	-12.28896	0.115	277.2
2017-01-02T20:40	-66.00223	-12.28937	0.074	235.0
2017-01-02T20:50	-66.00289	-12.28902	0.242	167.7
2017-01-02T21:00	-66.00286	-12.28867	0.053	77.5
2017-01-02T21:10	-66.00252	-12.28953	0.175	313.5
2017-01-02T21:20	-66.00263	-12.28963	0.042	200.2
2017-01-02T21:30	-66.00300	-12.28917	0.151	153.0
2017-01-02T21:40	-66.00314	-12.28824	0.143	109.5
2017-01-02T21:50	-66.00324	-12.28716	0.163	103.2
2017-01-02T22:00	-66.00311	-12.28662	0.091	59.9
2017-01-02T22:10	-66.01809	-12.26530	6.231	150.0
2017-01-02T22:20	-66.04742	-12.21645	12.750	145.9
2017-01-02T22:30	-66.07755	-12.16812	12.944	147.0
2017-01-02T22:40	-66.11116	-12.13591	12.981	158.8
2017-01-02T22:50	-66.14543	-12.10764	13.007	161.6
2017-01-02T23:00	-66.17967	-12.07979	12.978	161.8
2017-01-02T23:10	-66.21390	-12.05173	12.981	161.7
2017-01-02T23:20	-66.24818	-12.02358	13.001	161.7
2017-01-02T23:30	-66.28217	-11.99551	12.896	161.6
2017-01-02T23:40	-66.31634	-11.96760	12.951	161.8
2017-01-02T23:50	-66.35044	-11.93964	12.924	161.8
2017-01-03T00:00	-66.38410	-11.91185	12.768	161.7
2017-01-03T00:10	-66.41787	-11.88407	12.802	161.8
2017-01-03T00:20	-66.45191	-11.85586	12.909	161.7
2017-01-03T00:30	-66.48608	-11.82742	12.966	161.6
2017-01-03T00:40	-66.52026	-11.79924	12.953	161.8
2017-01-03T00:50	-66.55442	-11.77090	12.953	161.7
2017-01-03T01:00	-66.58857	-11.74243	12.955	161.7
2017-01-03T01:10	-66.62247	-11.71435	12.847	161.8
2017-01-03T01:20	-66.65643	-11.68606	12.876	161.7
2017-01-03T01:30	-66.69061	-11.65754	12.962	161.7
2017-01-03T01:40	-66.72516	-11.62875	13.099	161.8
2017-01-03T01:50	-66.75982	-11.59982	13.139	161.8
2017-01-03T02:00	-66.79438	-11.57070	13.111	161.6
2017-01-03T02:10	-66.82880	-11.54180	13.053	161.7
2017-01-03T02:20	-66.86310	-11.51303	13.003	161.8
2017-01-03T02:30	-66.89747	-11.48428	13.026	161.8
2017-01-03T02:40	-66.93173	-11.45530	12.997	161.7
2017-01-03T02:50	-66.96617	-11.42639	13.053	161.8
2017-01-03T03:00	-67.00042	-11.39728	12.994	161.6
2017-01-03T03:10	-67.03474	-11.36817	13.016	161.7
2017-01-03T03:20	-67.06899	-11.33909	12.990	161.7
2017-01-03T03:30	-67.10343	-11.31004	13.053	161.8
2017-01-03T03:40	-67.13788	-11.28079	13.062	161.8
2017-01-03T03:50	-67.17241	-11.25123	13.099	161.6
2017-01-03T04:00	-67.20671	-11.22203	13.005	161.8
2017-01-03T04:10	-67.24072	-11.19297	12.897	161.7
2017-01-03T04:20	-67.27483	-11.16393	12.929	161.8
2017-01-03T04:30	-67.30860	-11.13504	12.806	161.7
2017-01-03T04:40	-67.34235	-11.10606	12.802	161.7
2017-01-03T04:50	-67.37620	-11.07721	12.827	161.8
2017-01-03T05:00	-67.41024	-11.04812	12.900	161.8
2017-01-03T05:10	-67.44421	-11.01867	12.889	161.6
2017-01-03T05:20	-67.47811	-10.98942	12.856	161.7
2017-01-03T05:30	-67.51211	-10.96018	12.886	161.8
2017-01-03T05:40	-67.54604	-10.93087	12.865	161.7
2017-01-03T05:50	-67.57999	-10.90152	12.874	161.8
2017-01-03T06:00	-67.61379	-10.87203	12.826	161.6
2017-01-03T06:10	-67.64777	-10.84264	12.877	161.8
2017-01-03T06:20	-67.68180	-10.81290	12.911	161.6
2017-01-03T06:30	-67.71598	-10.78313	12.963	161.7
2017-01-03T06:40	-67.75032	-10.75343	13.009	161.9
2017-01-03T06:50	-67.78455	-10.72349	12.983	161.7
2017-01-03T07:00	-67.81893	-10.69328	13.045	161.7
2017-01-03T07:10	-67.85353	-10.66295	13.121	161.7
2017-01-03T07:20	-67.88794	-10.63288	13.043	161.8
2017-01-03T07:30	-67.92268	-10.60233	13.175	161.7
2017-01-03T07:40	-67.95747	-10.57181	13.188	161.8
2017-01-03T07:50	-67.99216	-10.54107	13.162	161.6
2017-01-03T08:00	-68.02677	-10.51069	13.116	161.8
2017-01-03T08:10	-68.06163	-10.47986	13.220	161.7
2017-01-03T08:20	-68.09638	-10.44924	13.169	161.8
2017-01-03T08:30	-68.13088	-10.41858	13.086	161.7
2017-01-03T08:40	-68.16533	-10.38789	13.069	161.7
2017-01-03T08:50	-68.19957	-10.35775	12.970	161.9
2017-01-03T09:00	-68.23369	-10.32724	12.944	161.7
2017-01-03T09:10	-68.26727	-10.29709	12.742	161.6
2017-01-03T09:20	-68.30073	-10.26738	12.683	161.8
2017-01-03T09:30	-68.33414	-10.23744	12.672	161.7
2017-01-03T09:40	-68.36737	-10.20797	12.586	161.9
2017-01-03T09:50	-68.40063	-10.17806	12.618	161.7
2017-01-03T10:00	-68.43411	-10.14776	12.704	161.6
2017-01-03T10:10	-68.46779	-10.11757	12.768	161.8
2017-01-03T10:20	-68.50116	-10.08771	12.644	161.8
2017-01-03T10:30	-68.53453	-10.05725	12.667	161.5
2017-01-03T10:40	-68.56801	-10.02711	12.691	161.8
2017-01-03T10:50	-68.60150	-9.99667	12.706	161.7
2017-01-03T11:00	-68.63535	-9.96611	12.832	161.8
2017-01-03T11:10	-68.66915	-9.93567	12.805	161.9
2017-01-03T11:20	-68.70292	-9.90476	12.816	161.6
2017-01-03T11:30	-68.73687	-9.87389	12.873	161.7
2017-01-03T11:40	-68.77068	-9.84319	12.814	161.8
2017-01-03T11:50	-68.80460	-9.81201	12.871	161.6
2017-01-03T12:00	-68.83850	-9.78129	12.844	161.9
2017-01-03T12:10	-68.87238	-9.75029	12.844	161.7
2017-01-03T12:20	-68.90614	-9.71922	12.805	161.7
2017-01-03T12:30	-68.93987	-9.68850	12.779	161.9
2017-01-03T12:40	-68.97399	-9.65881	12.872	162.7
2017-01-03T12:50	-69.00817	-9.62714	12.968	161.6
2017-01-03T13:00	-69.03653	-9.60018	10.786	161.2
2017-01-03T13:10	-69.06380	-9.57577	10.308	162.3
2017-01-03T13:20	-69.09204	-9.56348	10.289	171.2
2017-01-03T13:30	-69.12350	-9.56045	11.336	178.0
2017-01-03T13:40	-69.15718	-9.55646	12.136	177.6
2017-01-03T13:50	-69.19271	-9.55240	12.802	177.7
2017-01-03T14:00	-69.22963	-9.54827	13.305	177.7
2017-01-03T14:10	-69.26419	-9.54470	12.451	177.9
2017-01-03T14:20	-69.29982	-9.54114	12.836	178.0
2017-01-03T14:30	-69.33819	-9.53693	13.826	177.8
2017-01-03T14:40	-69.37626	-9.53297	13.715	177.9
2017-01-03T14:50	-69.41438	-9.52847	13.739	177.6
2017-01-03T15:00	-69.44699	-9.52594	11.744	178.4
2017-01-03T15:10	-69.47314	-9.52195	9.431	176.9
2017-01-03T15:20	-69.49268	-9.51732	7.058	175.3
2017-01-03T15:30	-69.51344	-9.50122	7.744	164.8
2017-01-03T15:40	-69.53060	-9.47778	6.850	154.5
2017-01-03T15:50	-69.54763	-9.46778	6.257	168.4
2017-01-03T16:00	-69.56882	-9.47821	7.744	189.7
2017-01-03T16:10	-69.58572	-9.45232	6.899	151.9
2017-01-03T16:20	-69.60903	-9.45959	8.441	186.2
2017-01-03T16:30	-69.63099	-9.47346	8.099	192.4
2017-01-03T16:40	-69.65286	-9.45468	8.217	163.4
2017-01-03T16:50	-69.67272	-9.41716	8.555	146.7
2017-01-03T17:00	-69.69525	-9.37842	9.446	149.2
2017-01-03T17:10	-69.71880	-9.35005	9.191	157.3
2017-01-03T17:20	-69.74217	-9.31400	9.540	151.9
2017-01-03T17:30	-69.76930	-9.28849	10.273	162.0
2017-01-03T17:40	-69.79518	-9.26490	9.767	162.5
2017-01-03T17:50	-69.82143	-9.24963	9.642	168.7
2017-01-03T18:00	-69.84982	-9.21499	11.088	157.2
2017-01-03T18:10	-69.87596	-9.18723	10.020	159.9
2017-01-03T18:20	-69.90244	-9.15971	10.126	160.4
2017-01-03T18:30	-69.92775	-9.12472	10.087	154.6
2017-01-03T18:40	-69.95243	-9.08729	10.018	152.5
2017-01-03T18:50	-69.97462	-9.04951	9.249	149.8
2017-01-03T19:00	-70.00029	-9.02938	9.570	165.0
2017-01-03T19:10	-70.02610	-9.01751	9.406	171.1
2017-01-03T19:20	-70.05203	-8.99860	9.621	166.0
2017-01-03T19:30	-70.07616	-8.96575	9.577	155.1
2017-01-03T19:40	-70.10042	-8.93183	9.675	154.6
2017-01-03T19:50	-70.12355	-8.90337	9.029	157.3
2017-01-03T20:00	-70.14423	-8.86521	8.789	147.9
2017-01-03T20:10	-70.16020	-8.80887	8.971	129.9
2017-01-03T20:20	-70.17837	-8.75592	9.200	135.4
2017-01-03T20:30	-70.20051	-8.71119	9.662	145.6
2017-01-03T20:40	-70.22032	-8.65681	9.735	137.1
2017-01-03T20:50	-70.24431	-8.62063	9.699	153.0
2017-01-03T21:00	-70.26682	-8.58338	9.283	150.8
2017-01-03T21:10	-70.29184	-8.55815	9.517	161.2
2017-01-03T21:20	-70.31519	-8.52125	9.525	152.0
2017-01-03T21:30	-70.33313	-8.46713	9.208	134.6
2017-01-03T21:40	-70.34705	-8.40447	9.096	123.5
2017-01-03T21:50	-70.35583	-8.33140	9.395	109.7
2017-01-03T22:00	-70.36404	-8.26034	9.092	109.0
2017-01-03T22:10	-70.37374	-8.21083	6.934	120.3
2017-01-03T22:20	-70.38197	-8.18898	3.970	138.3
2017-01-03T22:30	-70.40234	-8.19166	7.340	182.5
2017-01-03T22:40	-70.41836	-8.18638	5.805	173.7
2017-01-03T22:50	-70.43082	-8.18155	4.522	172.6
2017-01-03T23:00	-70.43988	-8.18319	3.268	183.5
2017-01-03T23:10	-70.45095	-8.17825	4.031	171.5
2017-01-03T23:20	-70.46140	-8.16861	3.936	162.8
2017-01-03T23:30	-70.47447	-8.15442	5.009	160.1
2017-01-03T23:40	-70.48310	-8.15453	3.107	180.2
2017-01-03T23:50	-70.49068	-8.15347	2.731	177.3
2017-01-04T00:00	-70.49228	-8.14956	0.744	140.8
2017-01-04T00:10	-70.49387	-8.12650	2.831	101.7
2017-01-04T00:20	-70.49490	-8.10617	2.472	98.6
2017-01-04T00:30	-70.49787	-8.09131	2.081	120.9
2017-01-04T00:40	-70.49699	-8.09328	0.394	323.2
2017-01-04T00:50	-70.49998	-8.08875	1.206	153.2
2017-01-04T01:00	-70.50316	-8.08738	1.155	171.8
2017-01-04T01:10	-70.50557	-8.09165	1.009	210.6
2017-01-04T01:20	-70.50748	-8.09838	1.062	229.6
2017-01-04T01:30	-70.50989	-8.10763	1.410	232.0
2017-01-04T01:40	-70.51142	-8.11061	0.655	213.1
2017-01-04T01:50	-70.51524	-8.11514	1.480	201.6
2017-01-04T02:00	-70.51456	-8.11376	0.295	34.0
2017-01-04T02:10	-70.52053	-8.12359	2.453	208.7
2017-01-04T02:20	-70.52586	-8.14076	2.816	227.0
2017-01-04T02:30	-70.52628	-8.14200	0.212	224.5
2017-01-04T02:40	-70.52815	-8.14452	0.737	204.3
2017-01-04T02:50	-70.52743	-8.14420	0.263	8.5
2017-01-04T03:00	-70.53095	-8.14466	1.271	182.5
2017-01-04T03:10	-70.53048	-8.14531	0.187	335.3
2017-01-04T03:20	-70.53173	-8.14319	0.518	150.6
2017-01-04T03:30	-70.53191	-8.14266	0.089	135.0
2017-01-04T03:40	-70.53283	-8.13774	0.677	119.2
2017-01-04T03:50	-70.53266	-8.13614	0.201	73.2
2017-01-04T04:00	-70.53248	-8.13734	0.158	294.4
2017-01-04T04:10	-70.53245	-8.13789	0.068	280.3
2017-01-04T04:20	-70.53244	-8.13760	0.035	86.4
2017-01-04T04:30	-70.53244	-8.13721	0.047	87.5
2017-01-04T04:40	-70.53243	-8.13697	0.029	86.5
2017-01-04T04:50	-70.53243	-8.13668	0.034	86.5
2017-01-04T05:00	-70.53242	-8.13571	0.116	88.4
2017-01-04T05:10	-70.53243	-8.13480	0.110	93.4
2017-01-04T05:20	-70.53244	-8.13834	0.425	269.5
2017-01-04T05:30	-70.53246	-8.13807	0.034	101.9
2017-01-04T05:40	-70.53245	-8.13839	0.040	276.5
2017-01-04T05:50	-70.53243	-8.13687	0.183	87.4
2017-01-04T06:00	-70.53243	-8.13901	0.257	269.8
2017-01-04T06:10	-70.53236	-8.13953	0.067	292.4
2017-01-04T06:20	-70.53245	-8.13839	0.141	103.1
2017-01-04T06:30	-70.53243	-8.13891	0.063	275.0
2017-01-04T06:40	-70.53245	-8.13720	0.206	92.1
2017-01-04T06:50	-70.53234	-8.13995	0.333	277.3
2017-01-04T07:00	-70.53240	-8.13933	0.079	108.2
2017-01-04T07:10	-70.53270	-8.13874	0.128	146.4
2017-01-04T07:20	-70.53246	-8.13995	0.168	300.4
2017-01-04T07:30	-70.53238	-8.14081	0.108	286.3
2017-01-04T07:40	-70.53249	-8.14143	0.084	241.9
2017-01-04T07:50	-70.53255	-8.14077	0.083	106.2
2017-01-04T08:00	-70.53252	-8.14164	0.105	277.8
2017-01-04T08:10	-70.53251	-8.14162	0.002	85.2
2017-01-04T08:20	-70.53251	-8.14161	0.001	65.0
2017-01-04T08:30	-70.53252	-8.14163	0.003	236.4
2017-01-04T08:40	-70.53252	-8.14162	0.001	43.0
2017-01-04T08:50	-70.53251	-8.14163	0.002	346.3
2017-01-04T09:00	-70.53251	-8.14160	0.004	83.1
2017-01-04T09:10	-70.53250	-8.14159	0.002	37.0
2017-01-04T09:20	-70.53252	-8.14161	0.006	209.2
2017-01-04T09:30	-70.53251	-8.14163	0.003	324.9
2017-01-04T09:40	-70.53251	-8.14159	0.005	57.3
2017-01-04T09:50	-70.53250	-8.14159	0.003	0.4
2017-01-04T10:00	-70.53251	-8.14158	0.003	164.3
2017-01-04T10:10	-70.53252	-8.14157	0.004	161.2
2017-01-04T10:20	-70.53251	-8.14156	0.003	43.4
2017-01-04T10:30	-70.53250	-8.14156	0.004	348.9
2017-01-04T10:40	-70.53250	-8.14163	0.008	257.6
2017-01-04T10:50	-70.53251	-8.14159	0.005	116.1
2017-01-04T11:00	-70.53251	-8.14158	0.002	87.6
2017-01-04T11:10	-70.53251	-8.14159	0.002	214.3
2017-01-04T11:20	-70.53252	-8.14162	0.005	245.6
2017-01-04T11:30	-70.53251	-8.14161	0.003	35.0
2017-01-04T11:40	-70.53251	-8.14160	0.002	147.8
2017-01-04T11:50	-70.53253	-8.14162	0.005	207.8
2017-01-04T12:00	-70.53251	-8.14158	0.007	34.4
2017-01-04T12:10	-70.53252	-8.14161	0.004	219.6
2017-01-04T12:20	-70.53251	-8.14159	0.003	55.1
2017-01-04T12:30	-70.53252	-8.14161	0.004	231.6
2017-01-04T12:40	-70.53252	-8.14161	0.001	50.6
2017-01-04T12:50	-70.53253	-8.14161	0.002	199.5
2017-01-04T13:00	-70.53253	-8.14159	0.003	117.1
2017-01-04T13:10	-70.53253	-8.14160	0.001	262.6
2017-01-04T13:20	-70.53253	-8.14161	0.000	260.0
2017-01-04T13:30	-70.53253	-8.14160	0.002	23.8
2017-01-04T13:40	-70.53252	-8.14160	0.001	8.8
2017-01-04T13:50	-70.53252	-8.14160	0.001	28.8
2017-01-04T14:00	-70.53252	-8.14159	0.002	15.9
2017-01-04T14:10	-70.53251	-8.14159	0.001	42.4
2017-01-04T14:20	-70.53251	-8.14157	0.002	92.8
2017-01-04T14:30	-70.53253	-8.14159	0.007	202.9
2017-01-04T14:40	-70.53253	-8.14159	0.001	207.9
2017-01-04T14:50	-70.53253	-8.14160	0.001	312.7
2017-01-04T15:00	-70.53253	-8.14158	0.002	59.6
2017-01-04T15:10	-70.53253	-8.14157	0.002	60.6
2017-01-04T15:20	-70.53252	-8.14154	0.003	72.2
2017-01-04T15:30	-70.53253	-8.14154	0.004	175.5
2017-01-04T15:40	-70.53253	-8.14147	0.008	72.6
2017-01-04T15:50	-70.53253	-8.14150	0.004	243.2
2017-01-04T16:00	-70.53254	-8.14149	0.004	168.2
2017-01-04T16:10	-70.53252	-8.14153	0.009	323.8
2017-01-04T16:20	-70.53254	-8.14150	0.009	154.5
2017-01-04T16:30	-70.53252	-8.14152	0.008	344.1
2017-01-04T16:40	-70.53254	-8.14148	0.009	150.1
2017-01-04T16:50	-70.53252	-8.14156	0.012	306.7
2017-01-04T17:00	-70.53252	-8.14152	0.006	78.8
2017-01-04T17:10	-70.53253	-8.14154	0.005	216.5
2017-01-04T17:20	-70.53252	-8.14151	0.005	48.4
2017-01-04T17:30	-70.53253	-8.14151	0.003	169.5
2017-01-04T17:40	-70.53252	-8.14149	0.004	25.8
2017-01-04T17:50	-70.53253	-8.14152	0.006	218.4
2017-01-04T18:00	-70.53254	-8.14152	0.002	198.0
2017-01-04T18:10	-70.53253	-8.14153	0.002	330.4
2017-01-04T18:20	-70.53253	-8.14155	0.002	257.6
2017-01-04T18:30	-70.53252	-8.14154	0.006	1.8
2017-01-04T18:40	-70.53253	-8.14154	0.006	174.2
2017-01-04T18:50	-70.53254	-8.14154	0.003	192.8
2017-01-04T19:00	-70.53253	-8.14158	0.005	302.1
2017-01-04T19:10	-70.53252	-8.14156	0.006	27.4
2017-01-04T19:20	-70.53252	-8.14161	0.006	270.0
2017-01-04T19:30	-70.53252	-8.14158	0.004	96.9
2017-01-04T19:40	-70.53252	-8.14157	0.001	148.6
2017-01-04T19:50	-70.53251	-8.14157	0.003	21.4
2017-01-04T20:00	-70.53251	-8.14153	0.005	86.4
2017-01-04T20:10	-70.53251	-8.14153	0.002	334.4
2017-01-04T20:20	-70.53251	-8.14151	0.003	101.6
2017-01-04T20:30	-70.53252	-8.14153	0.004	219.4
2017-01-04T20:40	-70.53252	-8.14152	0.002	151.8
2017-01-04T20:50	-70.53252	-8.14154	0.002	271.2
2017-01-04T21:00	-70.53251	-8.14155	0.004	331.2
2017-01-04T21:10	-70.53252	-8.14156	0.002	234.2
2017-01-04T21:20	-70.53250	-8.14154	0.006	25.5
2017-01-04T21:30	-70.53251	-8.14156	0.002	241.2
2017-01-04T21:40	-70.53252	-8.14156	0.004	172.6
2017-01-04T21:50	-70.53252	-8.14159	0.004	241.3
2017-01-04T22:00	-70.53253	-8.14162	0.005	231.0
2017-01-04T22:10	-70.53255	-8.14162	0.007	182.8
2017-01-04T22:20	-70.53251	-8.14160	0.014	10.6
2017-01-04T22:30	-70.53252	-8.14161	0.002	203.4
2017-01-04T22:40	-70.53251	-8.14164	0.005	315.3
2017-01-04T22:50	-70.53250	-8.14164	0.004	354.4
2017-01-04T23:00	-70.53251	-8.14163	0.005	162.6
2017-01-04T23:10	-70.53250	-8.14157	0.008	68.0
2017-01-04T23:20	-70.53250	-8.14161	0.006	263.5
2017-01-04T23:30	-70.53250	-8.14161	0.001	118.8
2017-01-04T23:40	-70.53251	-8.14160	0.000	137.0
2017-01-04T23:50	-70.53251	-8.14161	0.001	188.3
2017-01-05T00:00	-70.53252	-8.14163	0.003	225.4
2017-01-05T00:10	-70.53252	-8.14166	0.004	250.8
2017-01-05T00:20	-70.53252	-8.14164	0.002	82.6
2017-01-05T00:30	-70.53254	-8.14157	0.011	128.4
2017-01-05T00:40	-70.53253	-8.14142	0.019	78.6
2017-01-05T00:50	-70.53255	-8.14131	0.015	121.2
2017-01-05T01:00	-70.53253	-8.14143	0.015	291.3
2017-01-05T01:10	-70.53255	-8.14146	0.008	215.9
2017-01-05T01:20	-70.53255	-8.14143	0.004	61.6
2017-01-05T01:30	-70.53252	-8.14156	0.018	305.1
2017-01-05T01:40	-70.53252	-8.14153	0.004	109.0
2017-01-05T01:50	-70.53252	-8.14150	0.003	90.0
2017-01-05T02:00	-70.53252	-8.14153	0.004	252.7
2017-01-05T02:10	-70.53252	-8.14153	0.000	0.0
2017-01-05T02:20	-70.53253	-8.14151	0.002	113.8
2017-01-05T02:30	-70.53252	-8.14148	0.004	71.6
2017-01-05T02:40	-70.53253	-8.14150	0.002	223.3
2017-01-05T02:50	-70.53253	-8.14151	0.002	232.4
2017-01-05T03:00	-70.53251	-8.14149	0.008	13.1
2017-01-05T03:10	-70.53252	-8.14147	0.004	134.7
2017-01-05T03:20	-70.53252	-8.14150	0.004	255.1
2017-01-05T03:30	-70.53252	-8.14151	0.002	239.4
2017-01-05T03:40	-70.53253	-8.14151	0.001	144.9
2017-01-05T03:50	-70.53253	-8.14151	0.002	198.0
2017-01-05T04:00	-70.53254	-8.14149	0.004	139.8
2017-01-05T04:10	-70.53254	-8.14145	0.005	76.9
2017-01-05T04:20	-70.53254	-8.14142	0.005	119.1
2017-01-05T04:30	-70.53254	-8.14145	0.004	255.2
2017-01-05T04:40	-70.53255	-8.14149	0.007	237.4
2017-01-05T04:50	-70.53254	-8.14148	0.005	19.9
2017-01-05T05:00	-70.53255	-8.14150	0.003	228.3
2017-01-05T05:10	-70.53254	-8.14149	0.001	7.9
2017-01-05T05:20	-70.53255	-8.14149	0.002	178.0
2017-01-05T05:30	-70.53255	-8.14151	0.003	222.1
2017-01-05T05:40	-70.53255	-8.14151	0.000	281.0
2017-01-05T05:50	-70.53257	-8.14150	0.005	157.5
2017-01-05T06:00	-70.53256	-8.14150	0.001	328.3
2017-01-05T06:10	-70.53256	-8.14150	0.001	4.3
2017-01-05T06:20	-70.53257	-8.14147	0.005	121.4
2017-01-05T06:30	-70.53254	-8.14157	0.016	304.8
2017-01-05T06:40	-70.53253	-8.14162	0.008	312.2
2017-01-05T06:50	-70.53253	-8.14166	0.004	278.9
2017-01-05T07:00	-70.53253	-8.14165	0.002	137.0
2017-01-05T07:10	-70.53252	-8.14160	0.007	48.6
2017-01-05T07:20	-70.53251	-8.14157	0.005	47.0
2017-01-05T07:30	-70.53252	-8.14166	0.011	250.1
2017-01-05T07:40	-70.53251	-8.14164	0.004	45.7
2017-01-05T07:50	-70.53251	-8.14169	0.006	254.5
2017-01-05T08:00	-70.53252	-8.14165	0.005	124.6
2017-01-05T08:10	-70.53252	-8.14166	0.002	344.6
2017-01-05T08:20	-70.53252	-8.14164	0.002	84.0
2017-01-05T08:30	-70.53251	-8.14162	0.003	39.7
2017-01-05T08:40	-70.53253	-8.14161	0.006	169.3
2017-01-05T08:50	-70.53253	-8.14161	0.001	101.9
2017-01-05T09:00	-70.53252	-8.14158	0.005	48.4
2017-01-05T09:10	-70.53251	-8.14158	0.002	330.4
2017-01-05T09:20	-70.53250	-8.14159	0.007	350.1
2017-01-05T09:30	-70.53252	-8.14157	0.010	165.2
2017-01-05T09:40	-70.53251	-8.14159	0.003	322.9
2017-01-05T09:50	-70.53252	-8.14157	0.003	126.4
2017-01-05T10:00	-70.53250	-8.14177	0.025	283.8
2017-01-05T10:10	-70.53251	-8.14168	0.011	105.4
2017-01-05T10:20	-70.53251	-8.14171	0.003	293.7
2017-01-05T10:30	-70.53251	-8.14173	0.003	246.3
2017-01-05T10:40	-70.53251	-8.14175	0.002	238.7
2017-01-05T10:50	-70.53252	-8.14169	0.008	116.7
2017-01-05T11:00	-70.53251	-8.14170	0.005	353.5
2017-01-05T11:10	-70.53252	-8.14171	0.004	204.9
2017-01-05T11:20	-70.53252	-8.14173	0.003	272.4
2017-01-05T11:30	-70.53251	-8.14173	0.002	356.7
2017-01-05T11:40	-70.53251	-8.14175	0.003	288.4
2017-01-05T11:50	-70.53253	-8.14166	0.013	115.1
2017-01-05T12:00	-70.53252	-8.14168	0.003	300.5
2017-01-05T12:10	-70.53251	-8.14172	0.006	296.1
2017-01-05T12:20	-70.53252	-8.14173	0.004	188.3
2017-01-05T12:30	-70.53253	-8.14167	0.007	100.9
2017-01-05T12:40	-70.53254	-8.14163	0.006	128.6
2017-01-05T12:50	-70.53255	-8.14163	0.005	177.6
2017-01-05T13:00	-70.53253	-8.14163	0.006	359.0
2017-01-05T13:10	-70.53254	-8.14163	0.001	166.0
2017-01-05T13:20	-70.53253	-8.14162	0.003	23.7
2017-01-05T13:30	-70.53252	-8.14161	0.004	22.6
2017-01-05T13:40	-70.53252	-8.14161	0.001	342.6
2017-01-05T13:50	-70.53252	-8.14162	0.002	219.6
2017-01-05T14:00	-70.53252	-8.14163	0.001	276.0
2017-01-05T14:10	-70.53252	-8.14162	0.003	38.6
2017-01-05T14:20	-70.53251	-8.14163	0.004	338.1
2017-01-05T14:30	-70.53251	-8.14162	0.003	148.0
2017-01-05T14:40	-70.53252	-8.14162	0.002	187.1
2017-01-05T14:50	-70.53251	-8.14161	0.002	30.6
2017-01-05T15:00	-70.53250	-8.14169	0.010	293.0
2017-01-05T15:10	-70.53249	-8.14170	0.003	333.6
2017-01-05T15:20	-70.53250	-8.14171	0.002	190.1
2017-01-05T15:30	-70.53250	-8.14162	0.010	102.7
2017-01-05T15:40	-70.53250	-8.14165	0.004	305.1
2017-01-05T15:50	-70.53252	-8.14166	0.006	189.4
2017-01-05T16:00	-70.53254	-8.14159	0.011	132.4
2017-01-05T16:10	-70.53254	-8.14156	0.004	126.0
2017-01-05T16:20	-70.53253	-8.14157	0.003	340.2
2017-01-05T16:30	-70.53254	-8.14154	0.004	111.1
2017-01-05T16:40	-70.53254	-8.14155	0.000	287.1
2017-01-05T16:50	-70.53254	-8.14151	0.004	101.6
2017-01-05T17:00	-70.53256	-8.14149	0.009	162.2
2017-01-05T17:10	-70.53259	-8.14148	0.009	173.5
2017-01-05T17:20	-70.53254	-8.14154	0.020	339.7
2017-01-05T17:30	-70.53254	-8.14149	0.006	101.2
2017-01-05T17:40	-70.53254	-8.14150	0.002	257.0
2017-01-05T17:50	-70.53256	-8.14144	0.009	117.5
2017-01-05T18:00	-70.53255	-8.14142	0.002	67.7
2017-01-05T18:10	-70.53255	-8.14147	0.006	288.0
2017-01-05T18:20	-70.53255	-8.14145	0.002	64.1
2017-01-05T18:30	-70.53254	-8.14143	0.003	52.0
2017-01-05T18:40	-70.53254	-8.14144	0.002	249.9
2017-01-05T18:50	-70.53254	-8.14145	0.003	338.0
2017-01-05T19:00	-70.53250	-8.14140	0.013	30.5
2017-01-05T19:10	-70.53255	-8.14146	0.017	205.5
2017-01-05T19:20	-70.53254	-8.14146	0.002	356.9
2017-01-05T19:30	-70.53254	-8.14143	0.003	66.8
2017-01-05T19:40	-70.53254	-8.14145	0.003	212.8
2017-01-05T19:50	-70.53255	-8.14147	0.003	227.5
2017-01-05T20:00	-70.53255	-8.14144	0.003	71.1
2017-01-05T20:10	-70.53255	-8.14147	0.004	247.5
2017-01-05T20:20	-70.53254	-8.14143	0.005	62.0
2017-01-05T20:30	-70.53255	-8.14145	0.004	220.6
2017-01-05T20:40	-70.53254	-8.14146	0.003	336.1
2017-01-05T20:50	-70.53253	-8.14147	0.005	349.9
2017-01-05T21:00	-70.53252	-8.14145	0.004	39.6
2017-01-05T21:10	-70.53255	-8.14146	0.009	189.0
2017-01-05T21:20	-70.53253	-8.14147	0.007	347.5
2017-01-05T21:30	-70.53254	-8.14145	0.004	144.0
2017-01-05T21:40	-70.53254	-8.14147	0.002	247.0
2017-01-05T21:50	-70.53253	-8.14149	0.004	323.6
2017-01-05T22:00	-70.53253	-8.14150	0.002	252.7
2017-01-05T22:10	-70.53254	-8.14149	0.002	126.7
2017-01-05T22:20	-70.53252	-8.14150	0.005	335.2
2017-01-05T22:30	-70.53254	-8.14151	0.007	182.3
2017-01-05T22:40	-70.53253	-8.14149	0.004	27.8
2017-01-05T22:50	-70.53253	-8.14148	0.001	95.1
2017-01-05T23:00	-70.53254	-8.14149	0.003	202.6
2017-01-05T23:10	-70.53254	-8.14150	0.001	251.3
2017-01-05T23:20	-70.53254	-8.14151	0.002	296.7
2017-01-05T23:30	-70.53255	-8.14151	0.004	166.6
2017-01-05T23:40	-70.53256	-8.14152	0.002	221.1
2017-01-05T23:50	-70.53255	-8.14155	0.005	313.5
2017-01-06T00:00	-70.53255	-8.14153	0.002	78.6
2017-01-06T00:10	-70.53252	-8.14152	0.008	12.4
2017-01-06T00:20	-70.53253	-8.14155	0.005	228.4
2017-01-06T00:30	-70.53254	-8.14152	0.005	140.5
2017-01-06T00:40	-70.53253	-8.14155	0.008	332.0
2017-01-06T00:50	-70.53253	-8.14158	0.004	247.1
2017-01-06T01:00	-70.53252	-8.14159	0.004	350.7
2017-01-06T01:10	-70.53253	-8.14156	0.006	136.2
2017-01-06T01:20	-70.53254	-8.14153	0.004	130.0
2017-01-06T01:30	-70.53254	-8.14146	0.008	98.8
2017-01-06T01:40	-70.53252	-8.14160	0.017	293.0
2017-01-06T01:50	-70.53252	-8.14156	0.004	105.3
2017-01-06T02:00	-70.53253	-8.14150	0.008	115.9
2017-01-06T02:10	-70.53254	-8.14143	0.008	94.0
2017-01-06T02:20	-70.53250	-8.14155	0.018	311.5
2017-01-06T02:30	-70.53252	-8.14152	0.007	150.8
2017-01-06T02:40	-70.53252	-8.14147	0.006	85.2
2017-01-06T02:50	-70.53252	-8.14150	0.005	238.9
2017-01-06T03:00	-70.53253	-8.14148	0.003	114.2
2017-01-06T03:10	-70.53254	-8.14145	0.006	138.4
2017-01-06T03:20	-70.53255	-8.14140	0.005	108.2
2017-01-06T03:30	-70.53257	-8.14137	0.008	148.8
2017-01-06T03:40	-70.53255	-8.14145	0.012	307.4
2017-01-06T03:50	-70.53255	-8.14152	0.008	258.2
2017-01-06T04:00	-70.53255	-8.14148	0.004	94.1
2017-01-06T04:10	-70.53255	-8.14141	0.008	90.2
2017-01-06T04:20	-70.53257	-8.14145	0.007	216.4
2017-01-06T04:30	-70.53255	-8.14148	0.008	327.3
2017-01-06T04:40	-70.53257	-8.14143	0.009	138.9
2017-01-06T04:50	-70.53256	-8.14141	0.005	40.2
2017-01-06T05:00	-70.53255	-8.14154	0.016	285.1
2017-01-06T05:10	-70.53254	-8.14156	0.004	331.4
2017-01-06T05:20	-70.53254	-8.14159	0.004	264.3
2017-01-06T05:30	-70.53255	-8.14158	0.003	169.0
2017-01-06T05:40	-70.53255	-8.14151	0.009	99.7
2017-01-06T05:50	-70.53256	-8.14144	0.008	99.2
2017-01-06T06:00	-70.53254	-8.14147	0.005	327.8
2017-01-06T06:10	-70.53253	-8.14162	0.019	286.6
2017-01-06T06:20	-70.53250	-8.14160	0.009	14.5
2017-01-06T06:30	-70.53252	-8.14168	0.013	233.4
2017-01-06T06:40	-70.53253	-8.14165	0.005	130.3
2017-01-06T06:50	-70.53253	-8.14163	0.003	57.9
2017-01-06T07:00	-70.53253	-8.14164	0.001	326.8
2017-01-06T07:10	-70.53253	-8.14164	0.001	194.7
2017-01-06T07:20	-70.53252	-8.14162	0.002	65.0
2017-01-06T07:30	-70.53253	-8.14164	0.002	259.2
2017-01-06T07:40	-70.53253	-8.14162	0.003	114.2
2017-01-06T07:50	-70.53253	-8.14166	0.004	283.9
2017-01-06T08:00	-70.53252	-8.14161	0.006	88.2
2017-01-06T08:10	-70.53253	-8.14163	0.003	234.1
2017-01-06T08:20	-70.53253	-8.14167	0.005	277.0
2017-01-06T08:30	-70.53253	-8.14163	0.005	92.0
2017-01-06T08:40	-70.53254	-8.14167	0.005	242.7
2017-01-06T08:50	-70.53253	-8.14167	0.003	350.4
2017-01-06T09:00	-70.53252	-8.14166	0.002	63.6
2017-01-06T09:10	-70.53253	-8.14164	0.004	148.5
2017-01-06T09:20	-70.53253	-8.14162	0.002	48.1
2017-01-06T09:30	-70.53254	-8.14163	0.002	185.3
2017-01-06T09:40	-70.53253	-8.14159	0.006	56.3
2017-01-06T09:50	-70.53254	-8.14160	0.004	210.8
2017-01-06T10:00	-70.53252	-8.14164	0.006	316.9
2017-01-06T10:10	-70.53253	-8.14164	0.002	204.7
2017-01-06T10:20	-70.53253	-8.14162	0.003	114.1
2017-01-06T10:30	-70.53253	-8.14164	0.003	285.3
2017-01-06T10:40	-70.53253	-8.14168	0.005	281.9
2017-01-06T10:50	-70.53253	-8.14163	0.007	105.5
2017-01-06T11:00	-70.53252	-8.14162	0.004	5.3
2017-01-06T11:10	-70.53252	-8.14162	0.001	139.6
2017-01-06T11:20	-70.53253	-8.14162	0.001	210.6
2017-01-06T11:30	-70.53253	-8.14162	0.000	315.0
2017-01-06T11:40	-70.53252	-8.14165	0.004	305.7
2017-01-06T11:50	-70.53252	-8.14166	0.002	194.0
2017-01-06T12:00	-70.53252	-8.14164	0.003	46.6
2017-01-06T12:10	-70.53252	-8.14166	0.004	236.5
2017-01-06T12:20	-70.53251	-8.14162	0.006	52.5
2017-01-06T12:30	-70.53252	-8.14164	0.004	215.3
2017-01-06T12:40	-70.53250	-8.14167	0.007	332.5
2017-01-06T12:50	-70.53251	-8.14169	0.004	221.5
2017-01-06T13:00	-70.53252	-8.14168	0.002	126.7
2017-01-06T13:10	-70.53251	-8.14170	0.004	309.3
2017-01-06T13:20	-70.53251	-8.14170	0.000	322.7
2017-01-06T13:30	-70.53251	-8.14167	0.005	79.5
2017-01-06T13:40	-70.53252	-8.14167	0.003	189.8
2017-01-06T13:50	-70.53252	-8.14167	0.003	185.6
2017-01-06T14:00	-70.53252	-8.14167	0.002	357.6
2017-01-06T14:10	-70.53249	-8.14167	0.012	359.4
2017-01-06T14:20	-70.53251	-8.14167	0.008	178.3
2017-01-06T14:30	-70.53251	-8.14164	0.004	118.1
2017-01-06T14:40	-70.53252	-8.14167	0.004	230.0
2017-01-06T14:50	-70.53252	-8.14163	0.004	97.8
2017-01-06T15:00	-70.53253	-8.14166	0.005	224.1
2017-01-06T15:10	-70.53252	-8.14164	0.004	29.0
2017-01-06T15:20	-70.53256	-8.14163	0.013	171.9
2017-01-06T15:30	-70.53252	-8.14169	0.015	329.5
2017-01-06T15:40	-70.53254	-8.14169	0.008	179.2
2017-01-06T15:50	-70.53253	-8.14167	0.006	23.2
2017-01-06T16:00	-70.53255	-8.14166	0.007	173.2
2017-01-06T16:10	-70.53253	-8.14170	0.008	327.7
2017-01-06T16:20	-70.53252	-8.14170	0.003	348.4
2017-01-06T16:30	-70.53252	-8.14168	0.003	89.3
2017-01-06T16:40	-70.53252	-8.14169	0.002	252.2
2017-01-06T16:50	-70.53252	-8.14170	0.002	345.8
2017-01-06T17:00	-70.53252	-8.14171	0.001	271.7
2017-01-06T17:10	-70.53251	-8.14175	0.007	305.1
2017-01-06T17:20	-70.53251	-8.14177	0.003	236.2
2017-01-06T17:30	-70.53251	-8.14175	0.003	122.0
2017-01-06T17:40	-70.53250	-8.14174	0.007	5.9
2017-01-06T17:50	-70.53249	-8.14176	0.002	292.0
2017-01-06T18:00	-70.53250	-8.14176	0.004	188.7
2017-01-06T18:10	-70.53250	-8.14173	0.004	67.2
2017-01-06T18:20	-70.53250	-8.14175	0.003	252.2
2017-01-06T18:30	-70.53250	-8.14174	0.002	117.3
2017-01-06T18:40	-70.53251	-8.14172	0.003	120.2
2017-01-06T18:50	-70.53251	-8.14173	0.001	260.0
2017-01-06T19:00	-70.53251	-8.14171	0.003	125.8
2017-01-06T19:10	-70.53251	-8.14174	0.005	291.6
2017-01-06T19:20	-70.53250	-8.14173	0.004	22.1
2017-01-06T19:30	-70.53249	-8.14175	0.002	308.4
2017-01-06T19:40	-70.53251	-8.14174	0.005	166.9
2017-01-06T19:50	-70.53252	-8.14172	0.005	154.0
2017-01-06T20:00	-70.53250	-8.14169	0.008	23.9
2017-01-06T20:10	-70.53250	-8.14173	0.004	262.2
2017-01-06T20:20	-70.53249	-8.14174	0.003	313.5
2017-01-06T20:30	-70.53250	-8.14175	0.003	201.2
2017-01-06T20:40	-70.53251	-8.14174	0.003	146.7
2017-01-06T20:50	-70.53250	-8.14176	0.004	322.7
2017-01-06T21:00	-70.53248	-8.14167	0.014	56.0
2017-01-06T21:10	-70.53248	-8.14163	0.004	110.3
2017-01-06T21:20	-70.53250	-8.14176	0.017	246.7
2017-01-06T21:30	-70.53246	-8.14169	0.018	28.6
2017-01-06T21:40	-70.53244	-8.14172	0.006	322.8
2017-01-06T21:50	-70.53246	-8.14172	0.006	183.9
2017-01-06T22:00	-70.53251	-8.14173	0.018	181.7
2017-01-06T22:10	-70.53249	-8.14173	0.008	355.0
2017-01-06T22:20	-70.53250	-8.14170	0.006	139.2
2017-01-06T22:30	-70.53249	-8.14175	0.007	310.6
2017-01-06T22:40	-70.53249	-8.14172	0.004	122.7
2017-01-06T22:50	-70.53250	-8.14177	0.006	255.4
2017-01-06T23:00	-70.53250	-8.14175	0.002	92.0
2017-01-06T23:10	-70.53250	-8.14174	0.002	69.2
2017-01-06T23:20	-70.53249	-8.14174	0.001	355.8
2017-01-06T23:30	-70.53250	-8.14173	0.002	133.5
2017-01-06T23:40	-70.53248	-8.14175	0.006	332.3
2017-01-06T23:50	-70.53248	-8.14173	0.003	52.2
2017-01-07T00:00	-70.53250	-8.14176	0.007	211.6
2017-01-07T00:10	-70.53250	-8.14175	0.001	120.7
2017-01-07T00:20	-70.53251	-8.14179	0.006	223.2
2017-01-07T00:30	-70.53249	-8.14176	0.007	33.8
2017-01-07T00:40	-70.53250	-8.14175	0.001	106.8
2017-01-07T00:50	-70.53249	-8.14178	0.004	307.6
2017-01-07T01:00	-70.53248	-8.14178	0.002	330.6
2017-01-07T01:10	-70.53250	-8.14176	0.005	149.3
2017-01-07T01:20	-70.53249	-8.14177	0.001	297.6
2017-01-07T01:30	-70.53250	-8.14178	0.001	191.3
2017-01-07T01:40	-70.53249	-8.14178	0.003	1.1
2017-01-07T01:50	-70.53250	-8.14177	0.003	165.5
2017-01-07T02:00	-70.53250	-8.14180	0.003	242.8
2017-01-07T02:10	-70.53251	-8.14177	0.003	109.4
2017-01-07T02:20	-70.53247	-8.14174	0.014	16.7
2017-01-07T02:30	-70.53249	-8.14175	0.009	192.2
2017-01-07T02:40	-70.53249	-8.14175	0.001	204.3
2017-01-07T02:50	-70.53249	-8.14176	0.001	260.1
2017-01-07T03:00	-70.53249	-8.14176	0.001	336.0
2017-01-07T03:10	-70.53247	-8.14175	0.006	15.1
2017-01-07T03:20	-70.53247	-8.14174	0.002	57.0
2017-01-07T03:30	-70.53248	-8.14178	0.006	238.0
2017-01-07T03:40	-70.53247	-8.14178	0.002	350.4
2017-01-07T03:50	-70.53248	-8.14177	0.002	102.9
2017-01-07T04:00	-70.53248	-8.14177	0.001	257.8
2017-01-07T04:10	-70.53248	-8.14176	0.002	115.4
2017-01-07T04:20	-70.53247	-8.14174	0.004	40.1
2017-01-07T04:30	-70.53247	-8.14175	0.001	259.9
2017-01-07T04:40	-70.53247	-8.14176	0.002	267.5
2017-01-07T04:50	-70.53247	-8.14175	0.001	69.9
2017-01-07T05:00	-70.53246	-8.14174	0.004	35.0
2017-01-07T05:10	-70.53247	-8.14177	0.006	225.4
2017-01-07T05:20	-70.53247	-8.14176	0.001	46.1
2017-01-07T05:30	-70.53248	-8.14178	0.002	224.2
2017-01-07T05:40	-70.53246	-8.14173	0.007	51.9
2017-01-07T05:50	-70.53246	-8.14174	0.002	323.1
2017-01-07T06:00	-70.53247	-8.14175	0.002	213.2
2017-01-07T06:10	-70.53247	-8.14175	0.001	177.7
2017-01-07T06:20	-70.53247	-8.14172	0.004	116.5
2017-01-07T06:30	-70.53247	-8.14172	0.002	351.1
2017-01-07T06:40	-70.53248	-8.14174	0.007	205.5
2017-01-07T06:50	-70.53248	-8.14176	0.002	283.2
2017-01-07T07:00	-70.53249	-8.14176	0.003	169.3
2017-01-07T07:10	-70.53248	-8.14174	0.003	35.6
2017-01-07T07:20	-70.53248	-8.14177	0.003	281.7
2017-01-07T07:30	-70.53246	-8.14177	0.007	354.5
2017-01-07T07:40	-70.53247	-8.14180	0.003	233.0
2017-01-07T07:50	-70.53248	-8.14179	0.002	160.7
2017-01-07T08:00	-70.53248	-8.14180	0.002	211.4
2017-01-07T08:10	-70.53248	-8.14182	0.003	280.1
2017-01-07T08:20	-70.53248	-8.14179	0.004	94.0
2017-01-07T08:30	-70.53248	-8.14181	0.003	259.2
2017-01-07T08:40	-70.53247	-8.14182	0.005	350.1
2017-01-07T08:50	-70.53247	-8.14183	0.002	244.8
2017-01-07T09:00	-70.53246	-8.14181	0.004	45.4
2017-01-07T09:10	-70.53247	-8.14181	0.003	188.2
2017-01-07T09:20	-70.53247	-8.14181	0.000	4.8
2017-01-07T09:30	-70.53249	-8.14184	0.006	206.6
2017-01-07T09:40	-70.53248	-8.14184	0.001	336.5
2017-01-07T09:50	-70.53249	-8.14186	0.004	233.7
2017-01-07T10:00	-70.53249	-8.14188	0.002	231.6
2017-01-07T10:10	-70.53249	-8.14182	0.007	68.5
2017-01-07T10:20	-70.53249	-8.14186	0.004	252.9
2017-01-07T10:30	-70.53249	-8.14186	0.001	263.8
2017-01-07T10:40	-70.53249	-8.14184	0.003	58.5
2017-01-07T10:50	-70.53248	-8.14190	0.007	276.0
2017-01-07T11:00	-70.53248	-8.14190	0.000	200.3
2017-01-07T11:10	-70.53247	-8.14187	0.005	45.6
2017-01-07T11:20	-70.53248	-8.14188	0.003	203.0
2017-01-07T11:30	-70.53248	-8.14187	0.001	99.1
2017-01-07T11:40	-70.53249	-8.14189	0.003	220.1
2017-01-07T11:50	-70.53248	-8.14188	0.003	12.1
2017-01-07T12:00	-70.53245	-8.14185	0.010	22.2
2017-01-07T12:10	-70.53245	-8.14183	0.002	90.0
2017-01-07T12:20	-70.53249	-8.14188	0.014	205.2
2017-01-07T12:30	-70.53250	-8.14189	0.004	200.2
2017-01-07T12:40	-70.53248	-8.14187	0.007	19.5
2017-01-07T12:50	-70.53248	-8.14189	0.002	262.4
2017-01-07T13:00	-70.53249	-8.14189	0.003	176.0
2017-01-07T13:10	-70.53248	-8.14188	0.005	11.9
2017-01-07T13:20	-70.53248	-8.14187	0.002	141.3
2017-01-07T13:30	-70.53248	-8.14190	0.003	285.3
2017-01-07T13:40	-70.53248	-8.14188	0.002	81.2
2017-01-07T13:50	-70.53249	-8.14190	0.006	207.2
2017-01-07T14:00	-70.53250	-8.14193	0.004	239.4
2017-01-07T14:10	-70.53251	-8.14192	0.003	163.0
2017-01-07T14:20	-70.53248	-8.14189	0.010	26.9
2017-01-07T14:30	-70.53248	-8.14191	0.003	290.4
2017-01-07T14:40	-70.53247	-8.14191	0.003	346.2
2017-01-07T14:50	-70.53248	-8.14189	0.005	150.6
2017-01-07T15:00	-70.53248	-8.14190	0.003	327.1
2017-01-07T15:10	-70.53248	-8.14191	0.003	194.6
2017-01-07T15:20	-70.53247	-8.14188	0.006	48.3
2017-01-07T15:30	-70.53248	-8.14191	0.005	242.6
2017-01-07T15:40	-70.53247	-8.14193	0.004	321.2
2017-01-07T15:50	-70.53248	-8.14191	0.005	142.3
2017-01-07T16:00	-70.53249	-8.14189	0.002	130.5
2017-01-07T16:10	-70.53246	-8.14193	0.012	339.1
2017-01-07T16:20	-70.53248	-8.14192	0.008	175.1
2017-01-07T16:30	-70.53246	-8.14190	0.008	17.0
2017-01-07T16:40	-70.53248	-8.14192	0.008	193.5
2017-01-07T16:50	-70.53247	-8.14191	0.003	8.3
2017-01-07T17:00	-70.53248	-8.14191	0.005	179.0
2017-01-07T17:10	-70.53247	-8.14190	0.004	16.7
2017-01-07T17:20	-70.53247	-8.14191	0.001	316.0
2017-01-07T17:30	-70.53247	-8.14190	0.001	92.7
2017-01-07T17:40	-70.53247	-8.14191	0.000	297.2
2017-01-07T17:50	-70.53247	-8.14187	0.005	93.1
2017-01-07T18:00	-70.53246	-8.14188	0.003	317.5
2017-01-07T18:10	-70.53246	-8.14190	0.002	278.7
2017-01-07T18:20	-70.53246	-8.14192	0.002	265.5
2017-01-07T18:30	-70.53247	-8.14189	0.005	134.4
2017-01-07T18:40	-70.53248	-8.14188	0.002	109.6
2017-01-07T18:50	-70.53246	-8.14185	0.006	35.2
2017-01-07T19:00	-70.53248	-8.14189	0.008	221.4
2017-01-07T19:10	-70.53247	-8.14192	0.004	282.0
2017-01-07T19:20	-70.53247	-8.14188	0.005	63.4
2017-01-07T19:30	-70.53248	-8.14189	0.004	198.3
2017-01-07T19:40	-70.53249	-8.14188	0.004	159.6
2017-01-07T19:50	-70.53248	-8.14189	0.002	305.6
2017-01-07T20:00	-70.53247	-8.14187	0.005	36.4
2017-01-07T20:10	-70.53247	-8.14187	0.001	324.5
2017-01-07T20:20	-70.53248	-8.14187	0.004	180.2
2017-01-07T20:30	-70.53248	-8.14189	0.003	280.4
2017-01-07T20:40	-70.53246	-8.14165	0.029	78.7
2017-01-07T20:50	-70.53243	-8.14160	0.013	27.9
2017-01-07T21:00	-70.53245	-8.14177	0.022	251.6
2017-01-07T21:10	-70.53244	-8.14153	0.030	86.4
2017-01-07T21:20	-70.53244	-8.14153	0.003	349.8
2017-01-07T21:30	-70.53241	-8.14160	0.012	317.8
2017-01-07T21:40	-70.53242	-8.14149	0.014	102.1
2017-01-07T21:50	-70.53244	-8.14161	0.017	243.8
2017-01-07T22:00	-70.53242	-8.14173	0.016	302.0
2017-01-07T22:10	-70.53248	-8.14165	0.026	157.4
2017-01-07T22:20	-70.53247	-8.14158	0.009	66.5
2017-01-07T22:30	-70.53247	-8.14173	0.018	275.0
2017-01-07T22:40	-70.53245	-8.14152	0.026	73.7
2017-01-07T22:50	-70.53244	-8.14155	0.004	288.8
2017-01-07T23:00	-70.53245	-8.14156	0.003	205.0
2017-01-07T23:10	-70.53244	-8.14156	0.003	10.2
2017-01-07T23:20	-70.53244	-8.14157	0.003	337.1
2017-01-07T23:30	-70.53244	-8.14156	0.002	158.4
2017-01-07T23:40	-70.53245	-8.14156	0.002	183.5
2017-01-07T23:50	-70.53247	-8.14160	0.008	211.5
2017-01-08T00:00	-70.53246	-8.14159	0.001	35.2
2017-01-08T00:10	-70.53245	-8.14154	0.008	46.9
2017-01-08T00:20	-70.53246	-8.14155	0.005	203.5
2017-01-08T00:30	-70.53246	-8.14152	0.005	74.7
2017-01-08T00:40	-70.53245	-8.14162	0.013	276.0
2017-01-08T00:50	-70.53246	-8.14161	0.003	152.8
2017-01-08T01:00	-70.53245	-8.14156	0.006	76.0
2017-01-08T01:10	-70.53246	-8.14158	0.002	250.8
2017-01-08T01:20	-70.53246	-8.14157	0.003	172.1
2017-01-08T01:30	-70.53246	-8.14159	0.002	258.0
2017-01-08T01:40	-70.53245	-8.14157	0.005	35.0
2017-01-08T01:50	-70.53245	-8.14160	0.005	298.5
2017-01-08T02:00	-70.53243	-8.14158	0.006	22.5
2017-01-08T02:10	-70.53241	-8.14155	0.008	35.6
2017-01-08T02:20	-70.53243	-8.14134	0.025	102.6
2017-01-08T02:30	-70.53241	-8.14136	0.006	341.3
2017-01-08T02:40	-70.53243	-8.14141	0.009	225.3
2017-01-08T02:50	-70.53241	-8.14148	0.013	315.4
2017-01-08T03:00	-70.53239	-8.14143	0.009	36.8
2017-01-08T03:10	-70.53242	-8.14138	0.013	150.4
2017-01-08T03:20	-70.53242	-8.14139	0.001	222.5
2017-01-08T03:30	-70.53241	-8.14138	0.001	23.3
2017-01-08T03:40	-70.53241	-8.14139	0.002	330.5
2017-01-08T03:50	-70.53241	-8.14140	0.002	322.1
2017-01-08T04:00	-70.53243	-8.14141	0.010	186.4
2017-01-08T04:10	-70.53242	-8.14135	0.009	52.5
2017-01-08T04:20	-70.53241	-8.14138	0.003	299.4
2017-01-08T04:30	-70.53242	-8.14139	0.003	213.5
2017-01-08T04:40	-70.53242	-8.14143	0.005	249.8
2017-01-08T04:50	-70.53243	-8.14139	0.006	115.1
2017-01-08T05:00	-70.53243	-8.14141	0.003	299.2
2017-01-08T05:10	-70.53243	-8.14139	0.003	97.6
2017-01-08T05:20	-70.53243	-8.14141	0.003	246.2
2017-01-08T05:30	-70.53244	-8.14141	0.002	185.2
2017-01-08T05:40	-70.53246	-8.14142	0.008	189.6
2017-01-08T05:50	-70.53244	-8.14142	0.005	6.1
2017-01-08T06:00	-70.53245	-8.14141	0.002	150.9
2017-01-08T06:10	-70.53243	-8.14144	0.009	338.4
2017-01-08T06:20	-70.53243	-8.14142	0.004	139.8
2017-01-08T06:30	-70.53244	-8.14143	0.003	223.7
2017-01-08T06:40	-70.53244	-8.14144	0.002	336.9
2017-01-08T06:50	-70.53243	-8.14143	0.002	45.3
2017-01-08T07:00	-70.53243	-8.14141	0.003	107.4
2017-01-08T07:10	-70.53243	-8.14143	0.004	311.6
2017-01-08T07:20	-70.53243	-8.14144	0.002	228.7
2017-01-08T07:30	-70.53244	-8.14145	0.002	183.5
2017-01-08T07:40	-70.53243	-8.14143	0.002	65.7
2017-01-08T07:50	-70.53243	-8.14143	0.003	9.7
2017-01-08T08:00	-70.53243	-8.14141	0.002	106.9
2017-01-08T08:10	-70.53242	-8.14141	0.002	6.2
2017-01-08T08:20	-70.53243	-8.14144	0.004	254.1
2017-01-08T08:30	-70.53243	-8.14143	0.001	64.8
2017-01-08T08:40	-70.53242	-8.14143	0.002	350.7
2017-01-08T08:50	-70.53242	-8.14140	0.005	81.5
2017-01-08T09:00	-70.53242	-8.14144	0.006	254.5
2017-01-08T09:10	-70.53243	-8.14145	0.002	212.4
2017-01-08T09:20	-70.53242	-8.14145	0.001	356.4
2017-01-08T09:30	-70.53243	-8.14148	0.004	256.1
2017-01-08T09:40	-70.53241	-8.14145	0.006	31.1
2017-01-08T09:50	-70.53242	-8.14146	0.003	192.8
2017-01-08T10:00	-70.53241	-8.14146	0.003	351.4
2017-01-08T10:10	-70.53241	-8.14145	0.002	35.8
2017-01-08T10:20	-70.53241	-8.14147	0.002	236.0
2017-01-08T10:30	-70.53242	-8.14141	0.007	109.4
2017-01-08T10:40	-70.53241	-8.14145	0.006	296.7
2017-01-08T10:50	-70.53242	-8.14147	0.004	201.4
2017-01-08T11:00	-70.53242	-8.14146	0.001	125.4
2017-01-08T11:10	-70.53242	-8.14145	0.002	111.1
2017-01-08T11:20	-70.53242	-8.14149	0.005	260.9
2017-01-08T11:30	-70.53242	-8.14147	0.003	81.5
2017-01-08T11:40	-70.53242	-8.14144	0.004	69.0
2017-01-08T11:50	-70.53242	-8.14142	0.002	74.6
2017-01-08T12:00	-70.53243	-8.14146	0.005	225.1
2017-01-08T12:10	-70.53243	-8.14148	0.004	222.8
2017-01-08T12:20	-70.53244	-8.14145	0.004	133.7
2017-01-08T12:30	-70.53245	-8.14142	0.005	120.6
2017-01-08T12:40	-70.53244	-8.14145	0.006	316.4
2017-01-08T12:50	-70.53244	-8.14143	0.003	112.7
2017-01-08T13:00	-70.53244	-8.14142	0.001	54.6
2017-01-08T13:10	-70.53243	-8.14144	0.004	339.7
2017-01-08T13:20	-70.53243	-8.14144	0.001	235.6
2017-01-08T13:30	-70.53242	-8.14146	0.003	316.7
2017-01-08T13:40	-70.53242	-8.14143	0.003	96.8
2017-01-08T13:50	-70.53242	-8.14143	0.001	325.8
2017-01-08T14:00	-70.53242	-8.14146	0.004	257.2
2017-01-08T14:10	-70.53242	-8.14147	0.001	349.8
2017-01-08T14:20	-70.53242	-8.14147	0.001	237.4
2017-01-08T14:30	-70.53242	-8.14146	0.003	27.9
2017-01-08T14:40	-70.53241	-8.14145	0.002	25.5
2017-01-08T14:50	-70.53239	-8.14145	0.006	7.3
2017-01-08T15:00	-70.53240	-8.14144	0.003	173.0
2017-01-08T15:10	-70.53239	-8.14145	0.006	358.5
2017-01-08T15:20	-70.53239	-8.14147	0.003	231.6
2017-01-08T15:30	-70.53241	-8.14144	0.006	151.4
2017-01-08T15:40	-70.53242	-8.14145	0.005	185.2
2017-01-08T15:50	-70.53240	-8.14142	0.007	33.9
2017-01-08T16:00	-70.53240	-8.14145	0.004	277.9
2017-01-08T16:10	-70.53242	-8.14144	0.004	171.0
2017-01-08T16:20	-70.53241	-8.14144	0.001	49.4
2017-01-08T16:30	-70.53241	-8.14144	0.001	222.3
2017-01-08T16:40	-70.53241	-8.14143	0.001	71.7
2017-01-08T16:50	-70.53241	-8.14145	0.003	302.4
2017-01-08T17:00	-70.53241	-8.14144	0.001	47.5
2017-01-08T17:10	-70.53241	-8.14144	0.001	186.7
2017-01-08T17:20	-70.53241	-8.14143	0.002	149.8
2017-01-08T17:30	-70.53241	-8.14144	0.001	270.0
2017-01-08T17:40	-70.53241	-8.14143	0.001	60.2
2017-01-08T17:50	-70.53242	-8.14143	0.002	176.1
2017-01-08T18:00	-70.53241	-8.14142	0.002	25.1
2017-01-08T18:10	-70.53242	-8.14143	0.001	235.8
2017-01-08T18:20	-70.53243	-8.14143	0.004	186.6
2017-01-08T18:30	-70.53243	-8.14141	0.003	107.0
2017-01-08T18:40	-70.53243	-8.14142	0.002	291.8
2017-01-08T18:50	-70.53243	-8.14134	0.010	96.0
2017-01-08T19:00	-70.53244	-8.14128	0.008	117.8
2017-01-08T19:10	-70.53239	-8.14194	0.081	281.8
2017-01-08T19:20	-70.53246	-8.14105	0.109	103.0
2017-01-08T19:30	-70.53245	-8.14095	0.013	75.5
2017-01-08T19:40	-70.53246	-8.14088	0.009	103.1
2017-01-08T19:50	-70.53245	-8.14147	0.071	271.9
2017-01-08T20:00	-70.53247	-8.14090	0.068	93.9
2017-01-08T20:10	-70.53245	-8.14084	0.010	53.8
2017-01-08T20:20	-70.53246	-8.14105	0.026	261.1
2017-01-08T20:30	-70.53242	-8.14139	0.043	288.2
2017-01-08T20:40	-70.53245	-8.14084	0.067	98.7
2017-01-08T20:50	-70.53238	-8.14174	0.111	283.6
2017-01-08T21:00	-70.53245	-8.14059	0.140	100.1
2017-01-08T21:10	-70.53247	-8.14064	0.009	222.6
2017-01-08T21:20	-70.53247	-8.14066	0.002	227.5
2017-01-08T21:30	-70.53243	-8.14093	0.036	291.4
2017-01-08T21:40	-70.53245	-8.14056	0.044	97.6
2017-01-08T21:50	-70.53233	-8.14158	0.129	289.8
2017-01-08T22:00	-70.53239	-8.14117	0.054	114.6
2017-01-08T22:10	-70.53241	-8.14070	0.056	95.7
2017-01-08T22:20	-70.53244	-8.14004	0.080	98.5
2017-01-08T22:30	-70.53246	-8.13998	0.009	133.5
2017-01-08T22:40	-70.53246	-8.13998	0.001	136.8
2017-01-08T22:50	-70.53247	-8.13998	0.003	180.8
2017-01-08T23:00	-70.53246	-8.13998	0.002	352.5
2017-01-08T23:10	-70.53246	-8.13997	0.001	126.2
2017-01-08T23:20	-70.53247	-8.13998	0.002	222.6
2017-01-08T23:30	-70.53248	-8.13999	0.006	191.2
2017-01-08T23:40	-70.53247	-8.13998	0.005	6.8
2017-01-08T23:50	-70.53248	-8.14000	0.004	204.6
2017-01-09T00:00	-70.53247	-8.13998	0.004	43.8
2017-01-09T00:10	-70.53247	-8.13999	0.002	301.8
2017-01-09T00:20	-70.53246	-8.13998	0.003	35.2
2017-01-09T00:30	-70.53246	-8.13997	0.002	69.1
2017-01-09T00:40	-70.53245	-8.13999	0.004	292.9
2017-01-09T00:50	-70.53246	-8.13999	0.000	166.0
2017-01-09T01:00	-70.53246	-8.13999	0.001	111.0
2017-01-09T01:10	-70.53245	-8.13999	0.001	305.1
2017-01-09T01:20	-70.53245	-8.13998	0.002	48.8
2017-01-09T01:30	-70.53245	-8.13997	0.001	110.9
2017-01-09T01:40	-70.53245	-8.13996	0.001	104.9
2017-01-09T01:50	-70.53246	-8.13998	0.002	238.8
2017-01-09T02:00	-70.53246	-8.13996	0.002	110.1
2017-01-09T02:10	-70.53245	-8.13996	0.002	13.1
2017-01-09T02:20	-70.53244	-8.13999	0.005	314.1
2017-01-09T02:30	-70.53245	-8.13998	0.002	133.4
2017-01-09T02:40	-70.53244	-8.13999	0.002	300.5
2017-01-09T02:50	-70.53244	-8.13999	0.000	341.6
2017-01-09T03:00	-70.53245	-8.13999	0.003	178.2
2017-01-09T03:10	-70.53245	-8.13998	0.001	138.0
2017-01-09T03:20	-70.53246	-8.14000	0.002	245.2
2017-01-09T03:30	-70.53246	-8.14002	0.004	216.9
2017-01-09T03:40	-70.53246	-8.14001	0.001	51.5
2017-01-09T03:50	-70.53246	-8.14002	0.001	237.9
2017-01-09T04:00	-70.53246	-8.14003	0.002	286.2
2017-01-09T04:10	-70.53247	-8.14003	0.002	176.0
2017-01-09T04:20	-70.53246	-8.14002	0.002	55.2
2017-01-09T04:30	-70.53247	-8.14003	0.003	217.2
2017-01-09T04:40	-70.53246	-8.14002	0.004	13.0
2017-01-09T04:50	-70.53246	-8.14002	0.002	173.4
2017-01-09T05:00	-70.53246	-8.14001	0.002	60.6
2017-01-09T05:10	-70.53246	-8.14002	0.002	272.2
2017-01-09T05:20	-70.53247	-8.14000	0.005	148.8
2017-01-09T05:30	-70.53247	-8.13998	0.003	74.9
2017-01-09T05:40	-70.53248	-8.13999	0.005	196.5
2017-01-09T05:50	-70.53246	-8.14002	0.007	328.7
2017-01-09T06:00	-70.53247	-8.14002	0.002	172.5
2017-01-09T06:10	-70.53248	-8.14003	0.004	205.5
2017-01-09T06:20	-70.53248	-8.14002	0.001	132.2
2017-01-09T06:30	-70.53247	-8.14002	0.006	3.4
2017-01-09T06:40	-70.53248	-8.14002	0.005	178.5
2017-01-09T06:50	-70.53247	-8.14005	0.005	319.0
2017-01-09T07:00	-70.53245	-8.14002	0.007	28.4
2017-01-09T07:10	-70.53247	-8.14003	0.005	198.2
2017-01-09T07:20	-70.53246	-8.14003	0.001	26.3
2017-01-09T07:30	-70.53246	-8.14003	0.001	134.2
2017-01-09T07:40	-70.53247	-8.14004	0.002	258.9
2017-01-09T07:50	-70.53246	-8.14005	0.001	334.2
2017-01-09T08:00	-70.53247	-8.14006	0.002	222.7
2017-01-09T08:10	-70.53246	-8.14004	0.003	44.4
2017-01-09T08:20	-70.53245	-8.14007	0.006	321.9
2017-01-09T08:30	-70.53244	-8.14003	0.004	68.5
2017-01-09T08:40	-70.53248	-8.13963	0.050	104.7
2017-01-09T08:50	-70.53246	-8.13947	0.020	76.0
2017-01-09T09:00	-70.53245	-8.13870	0.092	87.8
2017-01-09T09:10	-70.53235	-8.13831	0.060	52.4
2017-01-09T09:20	-70.53224	-8.13816	0.046	22.3
2017-01-09T09:30	-70.53218	-8.13789	0.038	59.6
2017-01-09T09:40	-70.53214	-8.13783	0.018	26.0
2017-01-09T09:50	-70.53219	-8.13875	0.112	260.1
2017-01-09T10:00	-70.53209	-8.13739	0.167	77.6
2017-01-09T10:10	-70.53213	-8.13734	0.013	154.2
2017-01-09T10:20	-70.53208	-8.13730	0.018	16.4
2017-01-09T10:30	-70.53203	-8.13714	0.027	45.2
2017-01-09T10:40	-70.53210	-8.13810	0.118	257.2
2017-01-09T10:50	-70.53182	-8.13606	0.264	67.7
2017-01-09T11:00	-70.53177	-8.13581	0.035	60.2
2017-01-09T11:10	-70.53166	-8.13548	0.056	44.8
2017-01-09T11:20	-70.53159	-8.13509	0.053	60.5
2017-01-09T11:30	-70.53151	-8.13428	0.101	72.7
2017-01-09T11:40	-70.53113	-8.13315	0.192	45.2
2017-01-09T11:50	-70.53126	-8.13437	0.154	252.8
2017-01-09T12:00	-70.52562	-8.13448	2.027	359.6
2017-01-09T12:10	-70.51342	-8.13748	4.411	355.3
2017-01-09T12:20	-70.50113	-8.14016	4.436	355.8
2017-01-09T12:30	-70.49582	-8.14240	1.929	352.0
2017-01-09T12:40	-70.49156	-8.14908	1.733	332.4
2017-01-09T12:50	-70.48199	-8.15151	3.458	355.1
2017-01-09T13:00	-70.46934	-8.16620	4.884	338.8
2017-01-09T13:10	-70.45230	-8.16969	6.150	356.1
2017-01-09T13:20	-70.43487	-8.17090	6.276	358.7
2017-01-09T13:30	-70.41800	-8.16761	6.089	3.7
2017-01-09T13:40	-70.40013	-8.17547	6.502	351.6
2017-01-09T13:50	-70.38671	-8.18908	5.106	341.2
2017-01-09T14:00	-70.38652	-8.19666	0.918	274.3
2017-01-09T14:10	-70.38234	-8.20575	1.861	323.8
2017-01-09T14:20	-70.37267	-8.21800	3.784	336.9
2017-01-09T14:30	-70.36822	-8.23213	2.343	313.2
2017-01-09T14:40	-70.36580	-8.23781	1.109	321.7
2017-01-09T14:50	-70.36598	-8.24575	0.962	266.3
2017-01-09T15:00	-70.36588	-8.25281	0.854	272.4
2017-01-09T15:10	-70.36581	-8.25913	0.766	271.7
2017-01-09T15:20	-70.36546	-8.26511	0.734	279.8
2017-01-09T15:30	-70.36540	-8.27207	0.842	271.4
2017-01-09T15:40	-70.36576	-8.28068	1.050	263.0
2017-01-09T15:50	-70.35973	-8.29354	2.670	324.3
2017-01-09T16:00	-70.34641	-8.35356	8.706	303.4
2017-01-09T16:10	-70.34199	-8.37615	3.166	300.2
2017-01-09T16:20	-70.33938	-8.38209	1.183	322.5
2017-01-09T16:30	-70.33802	-8.38936	1.008	299.2
2017-01-09T16:40	-70.32486	-8.42028	6.041	321.6
2017-01-09T16:50	-70.31022	-8.48566	9.519	303.6
2017-01-09T17:00	-70.30756	-8.55776	8.800	276.2
2017-01-09T17:10	-70.30472	-8.61339	6.827	278.6
2017-01-09T17:20	-70.30171	-8.67835	7.957	277.8
2017-01-09T17:30	-70.29870	-8.74779	8.497	277.3
2017-01-09T17:40	-70.29929	-8.82125	8.920	268.6
2017-01-09T17:50	-70.29876	-8.89504	8.959	271.2
2017-01-09T18:00	-70.30200	-8.96251	8.271	261.9
2017-01-09T18:10	-70.30432	-9.02399	7.507	263.6
2017-01-09T18:20	-70.30898	-9.07430	6.331	254.6
2017-01-09T18:30	-70.31538	-9.11926	5.920	247.1
2017-01-09T18:40	-70.31963	-9.17752	7.229	257.7
2017-01-09T18:50	-70.31778	-9.23095	6.514	275.9
2017-01-09T19:00	-70.32637	-9.28954	7.748	246.4
2017-01-09T19:10	-70.33452	-9.35941	8.961	250.9
2017-01-09T19:20	-70.33698	-9.42883	8.458	264.0
2017-01-09T19:30	-70.34175	-9.50560	9.457	259.5
2017-01-09T19:40	-70.34742	-9.58248	9.532	257.6
2017-01-09T19:50	-70.35859	-9.65417	9.565	245.1
2017-01-09T20:00	-70.36949	-9.72820	9.779	246.3
2017-01-09T20:10	-70.38601	-9.79731	10.256	234.5
2017-01-09T20:20	-70.39892	-9.86260	9.156	239.5
2017-01-09T20:30	-70.40669	-9.92982	8.586	250.9
2017-01-09T20:40	-70.41937	-9.99954	9.575	241.5
2017-01-09T20:50	-70.43199	-10.06694	9.314	240.8
2017-01-09T21:00	-70.43891	-10.14153	9.331	254.5
2017-01-09T21:10	-70.44684	-10.21691	9.524	252.5
2017-01-09T21:20	-70.45510	-10.28878	9.156	251.0
2017-01-09T21:30	-70.45703	-10.35571	8.091	265.0
2017-01-09T21:40	-70.46229	-10.42552	8.617	257.3
2017-01-09T21:50	-70.47025	-10.50544	10.039	253.4
2017-01-09T22:00	-70.48232	-10.57689	9.634	243.1
2017-01-09T22:10	-70.49814	-10.64065	9.551	233.4
2017-01-09T22:20	-70.51492	-10.70019	9.365	229.8
2017-01-09T22:30	-70.53121	-10.76760	9.995	234.0
2017-01-09T22:40	-70.55091	-10.81636	9.193	219.5
2017-01-09T22:50	-70.56844	-10.87603	9.537	228.5
2017-01-09T23:00	-70.58549	-10.93469	9.330	228.8
2017-01-09T23:10	-70.60103	-10.99561	9.187	232.5
2017-01-09T23:20	-70.61277	-11.06590	9.406	243.3
2017-01-09T23:30	-70.62715	-11.12877	9.123	235.4
2017-01-09T23:40	-70.64253	-11.19198	9.361	233.7
2017-01-09T23:50	-70.66013	-11.24767	9.179	226.3
2017-01-10T00:00	-70.67736	-11.30389	9.132	227.2
2017-01-10T00:10	-70.69433	-11.36312	9.333	229.1
2017-01-10T00:20	-70.70340	-11.42115	7.640	244.7
2017-01-10T00:30	-70.70912	-11.44135	3.164	229.4
2017-01-10T00:40	-70.71436	-11.44486	1.932	192.5
2017-01-10T00:50	-70.72259	-11.44666	2.972	184.1
2017-01-10T01:00	-70.73125	-11.44939	3.135	185.9
2017-01-10T01:10	-70.73682	-11.45713	2.207	204.6
2017-01-10T01:20	-70.73945	-11.47156	1.959	241.1
2017-01-10T01:30	-70.73885	-11.49340	2.603	274.8
2017-01-10T01:40	-70.74107	-11.51758	2.980	254.5
2017-01-10T01:50	-70.74630	-11.56688	6.150	252.1
2017-01-10T02:00	-70.76119	-11.63133	9.340	234.9
2017-01-10T02:10	-70.77570	-11.69393	9.076	234.8
2017-01-10T02:20	-70.78541	-11.77156	9.843	249.2
2017-01-10T02:30	-70.79327	-11.85074	9.800	253.2
2017-01-10T02:40	-70.80671	-11.91642	9.158	238.1
2017-01-10T02:50	-70.82731	-11.96343	9.272	216.8
2017-01-10T03:00	-70.84717	-12.01778	9.612	221.9
2017-01-10T03:10	-70.86649	-12.07703	9.864	225.1
2017-01-10T03:20	-70.88209	-12.14482	9.774	234.9
2017-01-10T03:30	-70.89748	-12.20950	9.424	234.0
2017-01-10T03:40	-70.91228	-12.27909	9.777	236.9
2017-01-10T03:50	-70.92870	-12.33501	8.848	228.0
2017-01-10T04:00	-70.94700	-12.37938	8.404	218.4
2017-01-10T04:10	-70.96353	-12.43255	8.628	226.4
2017-01-10T04:20	-70.97836	-12.48623	8.260	229.7
2017-01-10T04:30	-70.99082	-12.55047	8.769	239.2
2017-01-10T04:40	-71.00241	-12.61027	8.159	239.2
2017-01-10T04:50	-71.01404	-12.66993	8.149	239.1
2017-01-10T05:00	-71.02577	-12.72982	8.186	238.9
2017-01-10T05:10	-71.04006	-12.78420	8.183	231.0
2017-01-10T05:20	-71.05455	-12.83952	8.311	231.1
2017-01-10T05:30	-71.06849	-12.89533	8.229	232.4
2017-01-10T05:40	-71.08413	-12.94669	8.227	226.8
2017-01-10T05:50	-71.10205	-12.99044	8.228	218.3
2017-01-10T06:00	-71.11983	-13.03394	8.166	218.4
2017-01-10T06:10	-71.13670	-13.08061	8.150	221.8
2017-01-10T06:20	-71.15023	-13.13130	7.650	230.4
2017-01-10T06:30	-71.15135	-13.14056	1.151	249.4
2017-01-10T06:40	-71.15221	-13.14713	0.824	247.9
2017-01-10T06:50	-71.15303	-13.15367	0.817	248.8
2017-01-10T07:00	-71.15391	-13.16018	0.820	247.3
2017-01-10T07:10	-71.15478	-13.16642	0.790	246.8
2017-01-10T07:20	-71.16010	-13.17112	1.995	195.9
2017-01-10T07:30	-71.17806	-13.23665	9.990	229.6
2017-01-10T07:40	-71.18793	-13.30390	8.579	245.5
2017-01-10T07:50	-71.19802	-13.33865	5.430	228.0
2017-01-10T08:00	-71.21400	-13.36108	6.314	204.3
2017-01-10T08:10	-71.22632	-13.38145	5.025	208.0
2017-01-10T08:20	-71.24187	-13.40460	6.207	205.6
2017-01-10T08:30	-71.25639	-13.42898	5.943	208.3
2017-01-10T08:40	-71.27791	-13.44665	8.010	194.8
2017-01-10T08:50	-71.29475	-13.45144	6.089	185.2
2017-01-10T09:00	-71.30018	-13.48794	4.647	245.1
2017-01-10T09:10	-71.30261	-13.52672	4.560	258.9
2017-01-10T09:20	-71.30055	-13.55987	3.898	281.0
2017-01-10T09:30	-71.30663	-13.57660	2.921	221.4
2017-01-10T09:40	-71.30833	-13.61684	4.683	262.5
2017-01-10T09:50	-71.30624	-13.64848	3.728	281.6
2017-01-10T10:00	-71.30181	-13.69056	5.112	288.2
2017-01-10T10:10	-71.30061	-13.74248	6.008	274.1
2017-01-10T10:20	-71.30269	-13.79460	6.063	262.9
2017-01-10T10:30	-71.30381	-13.84014	5.272	265.6
2017-01-10T10:40	-71.30093	-13.86934	3.526	287.1
2017-01-10T10:50	-71.30134	-13.87492	0.662	256.9
2017-01-10T11:00	-71.30267	-13.90363	3.348	261.8
2017-01-10T11:10	-71.31169	-13.91120	3.364	195.0
2017-01-10T11:20	-71.32052	-13.91559	3.221	189.1
2017-01-10T11:30	-71.33661	-13.92863	5.983	194.5
2017-01-10T11:40	-71.35261	-13.94400	6.028	197.1
2017-01-10T11:50	-71.35979	-13.96350	3.423	221.0
2017-01-10T12:00	-71.35927	-13.96327	0.188	8.1
2017-01-10T12:10	-71.35977	-13.96435	0.218	214.8
2017-01-10T12:20	-71.36050	-13.96698	0.401	229.1
2017-01-10T12:30	-71.36122	-13.96907	0.354	222.6
2017-01-10T12:40	-71.36173	-13.97348	0.540	250.3
2017-01-10T12:50	-71.36215	-13.97622	0.350	244.4
2017-01-10T13:00	-71.36261	-13.97804	0.267	231.6
2017-01-10T13:10	-71.36298	-13.98033	0.295	243.0
2017-01-10T13:20	-71.36364	-13.98247	0.343	225.9
2017-01-10T13:30	-71.36404	-13.98306	0.160	205.2
2017-01-10T13:40	-71.36451	-13.98343	0.173	194.1
2017-01-10T13:50	-71.36484	-13.98401	0.138	209.0
2017-01-10T14:00	-71.36515	-13.98422	0.114	192.6
2017-01-10T14:10	-71.36617	-13.98629	0.437	213.0
2017-01-10T14:20	-71.36662	-13.98396	0.313	120.9
2017-01-10T14:30	-71.36716	-13.98296	0.226	149.2
2017-01-10T14:40	-71.36700	-13.98185	0.140	66.3
2017-01-10T14:50	-71.36709	-13.98080	0.124	104.8
2017-01-10T15:00	-71.36776	-13.97988	0.263	156.1
2017-01-10T15:10	-71.36803	-13.97930	0.120	146.6
2017-01-10T15:20	-71.36789	-13.97819	0.138	68.6
2017-01-10T15:30	-71.36746	-13.97785	0.162	13.9
2017-01-10T15:40	-71.36743	-13.97741	0.052	77.5
2017-01-10T15:50	-71.36720	-13.97707	0.090	25.7
2017-01-10T16:00	-71.36682	-13.97643	0.155	28.1
2017-01-10T16:10	-71.36617	-13.97598	0.240	12.4
2017-01-10T16:20	-71.36598	-13.97625	0.074	335.8
2017-01-10T16:30	-71.36577	-13.97617	0.076	7.0
2017-01-10T16:40	-71.36558	-13.97619	0.069	357.9
2017-01-10T16:50	-71.36520	-13.97648	0.143	346.3
2017-01-10T17:00	-71.36480	-13.97730	0.172	326.7
2017-01-10T17:10	-71.36448	-13.97772	0.125	337.7
2017-01-10T17:20	-71.36419	-13.97844	0.132	320.8
2017-01-10T17:30	-71.36386	-13.97904	0.138	330.4
2017-01-10T17:40	-71.35171	-13.97344	4.422	8.4
2017-01-10T17:50	-71.33905	-13.99447	5.161	332.0
2017-01-10T18:00	-71.32740	-14.02426	5.420	320.7
2017-01-10T18:10	-71.31443	-14.05429	5.815	323.4
2017-01-10T18:20	-71.30003	-14.08931	6.574	322.1
2017-01-10T18:30	-71.28409	-14.10051	5.882	347.3
2017-01-10T18:40	-71.28101	-14.09376	1.356	35.1
2017-01-10T18:50	-71.27827	-14.08720	1.243	37.6
2017-01-10T19:00	-71.27549	-14.08053	1.265	37.5
2017-01-10T19:10	-71.27302	-14.07458	1.122	37.8
2017-01-10T19:20	-71.26057	-14.09627	5.138	330.8
2017-01-10T19:30	-71.23601	-14.15732	11.319	321.3
2017-01-10T19:40	-71.20807	-14.20176	11.302	332.9
2017-01-10T19:50	-71.18020	-14.24526	11.232	333.3
2017-01-10T20:00	-71.15236	-14.28918	11.252	333.0
2017-01-10T20:10	-71.12439	-14.33248	11.259	333.4
2017-01-10T20:20	-71.09640	-14.37620	11.295	333.2
2017-01-10T20:30	-71.06819	-14.41973	11.357	333.4
2017-01-10T20:40	-71.04012	-14.46286	11.294	333.5
2017-01-10T20:50	-71.01172	-14.50766	11.493	332.8
2017-01-10T21:00	-70.98302	-14.55140	11.534	333.6
2017-01-10T21:10	-70.95463	-14.59546	11.458	333.1
2017-01-10T21:20	-70.92565	-14.63394	11.372	336.5
2017-01-10T21:30	-70.89778	-14.68038	11.428	331.4
2017-01-10T21:40	-70.86957	-14.72648	11.521	331.8
2017-01-10T21:50	-70.84160	-14.76914	11.260	333.4
2017-01-10T22:00	-70.81382	-14.81516	11.385	331.4
2017-01-10T22:10	-70.78583	-14.85905	11.338	332.7
2017-01-10T22:20	-70.75837	-14.90153	11.098	333.0
2017-01-10T22:30	-70.73115	-14.94127	10.877	334.3
2017-01-10T22:40	-70.70350	-14.98001	10.969	335.2
2017-01-10T22:50	-70.67671	-15.02099	10.809	333.1
2017-01-10T23:00	-70.64999	-15.06138	10.759	333.4
2017-01-10T23:10	-70.62352	-15.10154	10.668	333.3
2017-01-10T23:20	-70.59695	-15.14224	10.732	333.0
2017-01-10T23:30	-70.57047	-15.18228	10.673	333.3
2017-01-10T23:40	-70.54378	-15.22201	10.725	333.6
2017-01-10T23:50	-70.52388	-15.25205	8.019	333.3
2017-01-11T00:00	-70.49660	-15.29370	11.025	333.0
2017-01-11T00:10	-70.46932	-15.33461	10.983	333.4
2017-01-11T00:20	-70.44190	-15.37588	11.056	333.3
2017-01-11T00:30	-70.41439	-15.41718	11.087	333.3
2017-01-11T00:40	-70.38648	-15.45905	11.249	333.3
2017-01-11T00:50	-70.35891	-15.50050	11.118	333.2
2017-01-11T01:00	-70.33092	-15.54164	11.242	333.7
2017-01-11T01:10	-70.30308	-15.58265	11.191	333.6
2017-01-11T01:20	-70.27539	-15.62307	11.113	333.8
2017-01-11T01:30	-70.24734	-15.66399	11.258	333.8
2017-01-11T01:40	-70.21911	-15.70609	11.382	333.2
2017-01-11T01:50	-70.19097	-15.74742	11.316	333.5
2017-01-11T02:00	-70.16277	-15.78780	11.289	334.1
2017-01-11T02:10	-70.13455	-15.82824	11.297	334.0
2017-01-11T02:20	-70.10658	-15.86871	11.225	333.8
2017-01-11T02:30	-70.07881	-15.90843	11.122	334.0
2017-01-11T02:40	-70.05094	-15.94793	11.144	334.2
2017-01-11T02:50	-70.02255	-15.98868	11.383	333.9
2017-01-11T03:00	-69.99496	-16.03362	11.370	330.9
2017-01-11T03:10	-69.96876	-16.08622	11.445	325.5
2017-01-11T03:20	-69.94256	-16.13959	11.508	325.1
2017-01-11T03:30	-69.91585	-16.19023	11.472	326.9
2017-01-11T03:40	-69.88641	-16.22178	11.296	339.8
2017-01-11T03:50	-69.85701	-16.25420	11.323	339.2
2017-01-11T04:00	-69.82779	-16.28652	11.258	339.1
2017-01-11T04:10	-69.79956	-16.32644	11.309	334.0
2017-01-11T04:20	-69.77130	-16.36777	11.400	333.2
2017-01-11T04:30	-69.74282	-16.40889	11.462	333.4
2017-01-11T04:40	-69.71467	-16.44981	11.351	333.3
2017-01-11T04:50	-69.68661	-16.49046	11.307	333.3
2017-01-11T05:00	-69.65847	-16.53131	11.347	333.2
2017-01-11T05:10	-69.63022	-16.57218	11.386	333.3
2017-01-11T05:20	-69.60210	-16.61272	11.329	333.3
2017-01-11T05:30	-69.57369	-16.65366	11.447	333.3
2017-01-11T05:40	-69.54515	-16.69507	11.520	333.1
2017-01-11T05:50	-69.51673	-16.73568	11.440	333.4
2017-01-11T06:00	-69.48832	-16.77675	11.464	333.1
2017-01-11T06:10	-69.45983	-16.81748	11.476	333.4
2017-01-11T06:20	-69.43137	-16.85840	11.480	333.2
2017-01-11T06:30	-69.40283	-16.89923	11.499	333.3
2017-01-11T06:40	-69.37429	-16.93995	11.501	333.3
2017-01-11T06:50	-69.34567	-16.98061	11.525	333.4
2017-01-11T07:00	-69.31712	-17.02155	11.522	333.1
2017-01-11T07:10	-69.28836	-17.06230	11.578	333.4
2017-01-11T07:20	-69.25966	-17.10303	11.564	333.3
2017-01-11T07:30	-69.23129	-17.14361	11.453	333.1
2017-01-11T07:40	-69.20281	-17.18393	11.476	333.3
2017-01-11T07:50	-69.17431	-17.22408	11.472	333.4
2017-01-11T08:00	-69.14576	-17.26468	11.521	333.2
2017-01-11T08:10	-69.11715	-17.30247	11.384	334.8
2017-01-11T08:20	-69.08776	-17.33571	11.412	338.0
2017-01-11T08:30	-69.06062	-17.37004	10.721	335.7
2017-01-11T08:40	-69.05907	-17.38195	1.631	290.0
2017-01-11T08:50	-69.05894	-17.38288	0.128	291.1
2017-01-11T09:00	-69.06084	-17.37953	0.806	147.7
2017-01-11T09:10	-69.06164	-17.38002	0.297	192.2
2017-01-11T09:20	-69.06179	-17.38002	0.052	180.3
2017-01-11T09:30	-69.06195	-17.37940	0.099	126.5
2017-01-11T09:40	-69.06166	-17.37920	0.107	13.8
2017-01-11T09:50	-69.06022	-17.38093	0.564	336.8
2017-01-11T10:00	-69.06181	-17.38299	0.633	204.8
2017-01-11T10:10	-69.06328	-17.38296	0.527	179.5
2017-01-11T10:20	-69.06394	-17.38159	0.295	143.4
2017-01-11T10:30	-69.06407	-17.38154	0.049	171.8
2017-01-11T10:40	-69.06499	-17.38126	0.335	173.9
2017-01-11T10:50	-69.06626	-17.38177	0.460	188.1
2017-01-11T11:00	-69.06711	-17.37961	0.414	138.0
2017-01-11T11:10	-69.06647	-17.37938	0.233	7.2
2017-01-11T11:20	-69.06625	-17.37812	0.181	63.8
2017-01-11T11:30	-69.06592	-17.37623	0.270	64.1
2017-01-11T11:40	-69.06569	-17.37495	0.186	62.9
2017-01-11T11:50	-69.06520	-17.37608	0.228	320.3
2017-01-11T12:00	-69.06525	-17.37507	0.131	97.4
2017-01-11T12:10	-69.06545	-17.37293	0.285	105.0
2017-01-11T12:20	-69.06566	-17.37129	0.224	109.5
2017-01-11T12:30	-69.06516	-17.37401	0.394	297.2
2017-01-11T12:40	-69.06429	-17.37894	0.708	296.4
2017-01-11T12:50	-69.06324	-17.38461	0.821	297.4
2017-01-11T13:00	-69.06239	-17.38942	0.690	296.2
2017-01-11T13:10	-69.06223	-17.39224	0.367	279.1
2017-01-11T13:20	-69.06290	-17.38953	0.424	125.0
2017-01-11T13:30	-69.06381	-17.38623	0.535	127.5
2017-01-11T13:40	-69.06432	-17.38532	0.218	147.4
2017-01-11T13:50	-69.06478	-17.38534	0.167	180.8
2017-01-11T14:00	-69.06603	-17.38211	0.612	137.2
2017-01-11T14:10	-69.06775	-17.37733	0.872	135.1
2017-01-11T14:20	-69.06916	-17.37361	0.697	136.8
2017-01-11T14:30	-69.06908	-17.37789	0.550	272.7
2017-01-11T14:40	-69.06887	-17.38421	0.817	275.4
2017-01-11T14:50	-69.06948	-17.38702	0.423	238.6
2017-01-11T15:00	-69.07062	-17.38773	0.418	192.7
2017-01-11T15:10	-69.07452	-17.39312	1.568	206.2
2017-01-11T15:20	-69.09448	-17.33644	10.233	134.6
2017-01-11T15:30	-69.10272	-17.29104	6.543	117.0
2017-01-11T15:40	-69.10247	-17.29379	0.365	284.5
2017-01-11T15:50	-69.09954	-17.29984	1.311	323.6
2017-01-11T16:00	-69.09603	-17.30753	1.603	321.9
2017-01-11T16:10	-69.09267	-17.31509	1.552	321.2
2017-01-11T16:20	-69.08909	-17.32305	1.645	321.6
2017-01-11T16:30	-69.08560	-17.33111	1.630	320.5
2017-01-11T16:40	-69.08226	-17.33919	1.589	319.2
2017-01-11T16:50	-69.07891	-17.34692	1.561	320.5
2017-01-11T17:00	-69.07554	-17.35458	1.562	320.9
2017-01-11T17:10	-69.07135	-17.36340	1.890	323.1
2017-01-11T17:20	-69.06676	-17.37292	2.057	323.5
2017-01-11T17:30	-69.06222	-17.38196	2.005	324.5
2017-01-11T17:40	-69.05829	-17.39041	1.785	322.5
2017-01-11T17:50	-69.05622	-17.39630	1.063	314.5
2017-01-11T18:00	-69.05454	-17.40085	0.841	316.0
2017-01-11T18:10	-69.05590	-17.40241	0.530	202.3
2017-01-11T18:20	-69.05808	-17.40410	0.815	195.5
2017-01-11T18:30	-69.05609	-17.41734	1.848	292.8
2017-01-11T18:40	-69.04643	-17.44055	4.586	319.3
2017-01-11T18:50	-69.04278	-17.44316	1.357	345.6
2017-01-11T19:00	-69.03872	-17.44596	1.507	346.2
2017-01-11T19:10	-69.03474	-17.44906	1.488	344.4
2017-01-11T19:20	-69.03121	-17.45212	1.329	342.8
2017-01-11T19:30	-69.03771	-17.49291	5.751	246.0
2017-01-11T19:40	-69.05790	-17.56578	11.870	232.2
2017-01-11T19:50	-69.07810	-17.63984	11.985	232.6
2017-01-11T20:00	-69.09823	-17.71416	11.990	232.8
2017-01-11T20:10	-69.11793	-17.78880	11.923	233.5
2017-01-11T20:20	-69.13643	-17.86602	11.938	236.0
2017-01-11T20:30	-69.15242	-17.94777	11.956	241.2
2017-01-11T20:40	-69.16668	-18.03172	11.916	244.4
2017-01-11T20:50	-69.18077	-18.11539	11.851	244.6
2017-01-11T21:00	-69.19492	-18.19907	11.856	244.5
2017-01-11T21:10	-69.20911	-18.28347	11.939	244.6
2017-01-11T21:20	-69.22325	-18.36766	11.900	244.6
2017-01-11T21:30	-69.23751	-18.45207	11.937	244.5
2017-01-11T21:40	-69.25165	-18.53647	11.912	244.7
2017-01-11T21:50	-69.26590	-18.62123	11.964	244.6
2017-01-11T22:00	-69.28004	-18.70589	11.931	244.7
2017-01-11T22:10	-69.29419	-18.78987	11.846	244.5
2017-01-11T22:20	-69.30840	-18.87409	11.876	244.5
2017-01-11T22:30	-69.32240	-18.95739	11.732	244.5
2017-01-11T22:40	-69.33638	-19.04158	11.826	244.8
2017-01-11T22:50	-69.35056	-19.12588	11.860	244.5
2017-01-11T23:00	-69.36472	-19.21053	11.895	244.6
2017-01-11T23:10	-69.37866	-19.29403	11.720	244.6
2017-01-11T23:20	-69.39117	-19.36874	10.487	244.5
2017-01-11T23:30	-69.40169	-19.43164	8.823	244.6
2017-01-11T23:40	-69.41508	-19.51242	11.309	244.7
2017-01-11T23:50	-69.42880	-19.59374	11.414	244.3
2017-01-12T00:00	-69.44226	-19.67566	11.439	244.9
2017-01-12T00:10	-69.45606	-19.75757	11.483	244.3
2017-01-12T00:20	-69.46973	-19.84017	11.537	244.7
2017-01-12T00:30	-69.48573	-19.91843	11.434	239.7
2017-01-12T00:40	-69.49993	-19.98090	9.392	237.0
2017-01-12T00:50	-69.50699	-20.04632	8.632	252.8
2017-01-12T01:00	-69.52093	-20.12942	11.612	244.4
2017-01-12T01:10	-69.53474	-20.21279	11.615	244.6
2017-01-12T01:20	-69.54905	-20.29525	11.587	243.6
2017-01-12T01:30	-69.56366	-20.37728	11.581	242.9
2017-01-12T01:40	-69.57830	-20.45946	11.595	242.9
2017-01-12T01:50	-69.59289	-20.54138	11.552	242.9
2017-01-12T02:00	-69.60757	-20.62341	11.573	242.8
2017-01-12T02:10	-69.62215	-20.70571	11.578	243.0
2017-01-12T02:20	-69.63668	-20.78780	11.543	243.0
2017-01-12T02:30	-69.65127	-20.86946	11.497	242.8
2017-01-12T02:40	-69.66572	-20.95133	11.492	243.0
2017-01-12T02:50	-69.68039	-21.03370	11.577	242.8
2017-01-12T03:00	-69.69498	-21.11561	11.507	242.8
2017-01-12T03:10	-69.70936	-21.19707	11.417	243.0
2017-01-12T03:20	-69.72371	-21.27843	11.393	243.0
2017-01-12T03:30	-69.73806	-21.35955	11.362	242.9
2017-01-12T03:40	-69.75263	-21.44119	11.448	242.7
2017-01-12T03:50	-69.76698	-21.52261	11.383	243.0
2017-01-12T04:00	-69.78140	-21.60471	11.462	243.0
2017-01-12T04:10	-69.79601	-21.68691	11.499	242.7
2017-01-12T04:20	-69.81035	-21.76847	11.377	243.0
2017-01-12T04:30	-69.82485	-21.85043	11.442	242.8
2017-01-12T04:40	-69.83923	-21.93246	11.424	243.0
2017-01-12T04:50	-69.85356	-22.01393	11.346	242.9
2017-01-12T05:00	-69.86787	-22.09597	11.401	243.1
2017-01-12T05:10	-69.88232	-22.17744	11.356	242.7
2017-01-12T05:20	-69.89658	-22.25868	11.291	242.9
2017-01-12T05:30	-69.91090	-22.34018	11.326	242.9
2017-01-12T05:40	-69.92517	-22.42189	11.333	243.0
2017-01-12T05:50	-69.93947	-22.50339	11.308	242.9
2017-01-12T06:00	-69.95382	-22.58555	11.383	243.0
2017-01-12T06:10	-69.96822	-22.66776	11.391	242.9
2017-01-12T06:20	-69.98277	-22.75075	11.495	242.8
2017-01-12T06:30	-69.99715	-22.83315	11.397	242.9
2017-01-12T06:40	-70.01147	-22.91550	11.373	243.0
2017-01-12T06:50	-70.02329	-23.00095	11.343	247.9
2017-01-12T07:00	-70.03533	-23.08743	11.483	247.8
2017-01-12T07:10	-70.05106	-23.16999	11.620	240.8
2017-01-12T07:20	-70.06819	-23.25008	11.610	237.9
2017-01-12T07:30	-70.08410	-23.33233	11.603	240.4
2017-01-12T07:40	-70.09870	-23.41598	11.524	242.8
2017-01-12T07:50	-70.11321	-23.49925	11.463	242.8
2017-01-12T08:00	-70.12772	-23.58282	11.487	242.9
2017-01-12T08:10	-70.14221	-23.66658	11.499	243.0
2017-01-12T08:20	-70.15669	-23.75018	11.474	242.9
2017-01-12T08:30	-70.17119	-23.83385	11.478	242.9
2017-01-12T08:40	-70.18556	-23.91680	11.373	242.9
2017-01-12T08:50	-70.20029	-23.97327	8.694	232.4
2017-01-12T09:00	-70.20094	-23.96700	0.800	107.0
2017-01-12T09:10	-70.20086	-23.96699	0.028	2.9
2017-01-12T09:20	-70.20120	-23.96909	0.285	244.4
2017-01-12T09:30	-70.20081	-23.96940	0.146	345.2
2017-01-12T09:40	-70.20088	-23.96892	0.065	114.7
2017-01-12T09:50	-70.20116	-23.96960	0.130	219.8
2017-01-12T10:00	-70.20102	-23.96919	0.071	44.9
2017-01-12T10:10	-70.20062	-23.96825	0.185	38.0
2017-01-12T10:20	-70.20097	-23.96920	0.172	222.4
2017-01-12T10:30	-70.20073	-23.96957	0.095	332.1
2017-01-12T10:40	-70.20060	-23.97007	0.077	308.3
2017-01-12T10:50	-70.20004	-23.96885	0.251	36.3
2017-01-12T11:00	-70.20004	-23.96897	0.014	264.7
2017-01-12T11:10	-70.20029	-23.96973	0.128	226.8
2017-01-12T11:20	-70.20014	-23.97040	0.098	303.5
2017-01-12T11:30	-70.20011	-23.97082	0.053	281.6
2017-01-12T11:40	-70.19919	-23.96943	0.371	27.1
2017-01-12T11:50	-70.19936	-23.96915	0.070	150.3
2017-01-12T12:00	-70.19950	-23.96921	0.050	187.9
2017-01-12T12:10	-70.19975	-23.96929	0.090	186.3
2017-01-12T12:20	-70.19999	-23.96943	0.091	191.2
2017-01-12T12:30	-70.20022	-23.96748	0.252	109.0
2017-01-12T12:40	-70.20069	-23.96612	0.236	135.1
2017-01-12T12:50	-70.20102	-23.96475	0.205	126.0
2017-01-12T13:00	-70.20139	-23.96337	0.214	128.0
2017-01-12T13:10	-70.20218	-23.96325	0.285	177.2
2017-01-12T13:20	-70.20265	-23.96295	0.173	167.7
2017-01-12T13:30	-70.20206	-23.95831	0.605	69.4
2017-01-12T13:40	-70.20247	-23.95723	0.197	138.1
2017-01-12T13:50	-70.20334	-23.95830	0.339	202.6
2017-01-12T14:00	-70.20364	-23.95768	0.133	145.5
2017-01-12T14:10	-70.20383	-23.95725	0.087	142.7
2017-01-12T14:20	-70.20436	-23.95693	0.194	168.5
2017-01-12T14:30	-70.20526	-23.95615	0.336	163.6
2017-01-12T14:40	-70.20571	-23.95626	0.165	184.6
2017-01-12T14:50	-70.20615	-23.95505	0.215	136.6
2017-01-12T15:00	-70.20667	-23.95368	0.251	138.3
2017-01-12T15:10	-70.20486	-23.94570	1.170	56.3
2017-01-12T15:20	-70.20464	-23.94398	0.224	69.1
2017-01-12T15:30	-70.20516	-23.94500	0.223	213.6
2017-01-12T15:40	-70.20576	-23.94439	0.228	161.0
2017-01-12T15:50	-70.20601	-23.94396	0.104	149.5
2017-01-12T16:00	-70.20636	-23.94438	0.138	201.9
2017-01-12T16:10	-70.20437	-23.93635	1.214	53.8
2017-01-12T16:20	-70.20439	-23.93593	0.051	96.7
2017-01-12T16:30	-70.20425	-23.93589	0.048	5.9
2017-01-12T16:40	-70.20408	-23.93568	0.067	22.7
2017-01-12T16:50	-70.20420	-23.93632	0.090	241.3
2017-01-12T17:00	-70.20395	-23.93657	0.095	341.2
2017-01-12T17:10	-70.20418	-23.93773	0.163	239.6
2017-01-12T17:20	-70.20376	-23.93703	0.173	29.7
2017-01-12T17:30	-70.20383	-23.93793	0.113	257.4
2017-01-12T17:40	-70.20154	-23.91257	3.201	75.1
2017-01-12T17:50	-70.19984	-23.97592	7.750	274.5
2017-01-12T18:00	-70.20933	-24.06430	11.304	252.4
2017-01-12T18:10	-70.22112	-24.14623	10.850	246.9
2017-01-12T18:20	-70.23180	-24.22095	9.882	247.0
2017-01-12T18:30	-70.24269	-24.29644	9.991	246.9
2017-01-12T18:40	-70.25357	-24.37174	9.963	246.8
2017-01-12T18:50	-70.26367	-24.44285	9.381	247.2
2017-01-12T19:00	-70.27335	-24.51075	8.960	247.1
2017-01-12T19:10	-70.28254	-24.57450	8.424	246.8
2017-01-12T19:20	-70.29166	-24.63792	8.373	246.9
2017-01-12T19:30	-70.30081	-24.70153	8.394	246.9
2017-01-12T19:40	-70.30989	-24.76589	8.466	247.3
2017-01-12T19:50	-70.31917	-24.82943	8.399	246.5
2017-01-12T20:00	-70.32821	-24.89270	8.333	247.0
2017-01-12T20:10	-70.33731	-24.95652	8.398	247.0
2017-01-12T20:20	-70.34637	-25.02012	8.366	247.0
2017-01-12T20:30	-70.35551	-25.08359	8.359	246.8
2017-01-12T20:40	-70.36456	-25.14722	8.361	247.0
2017-01-12T20:50	-70.37382	-25.21209	8.526	246.9
2017-01-12T21:00	-70.38303	-25.27666	8.481	247.0
2017-01-12T21:10	-70.39225	-25.34122	8.480	246.9
2017-01-12T21:20	-70.40154	-25.40640	8.555	246.9
2017-01-12T21:30	-70.41086	-25.47165	8.563	246.9
2017-01-12T21:40	-70.42011	-25.53653	8.509	246.9
2017-01-12T21:50	-70.42934	-25.60170	8.535	247.1
2017-01-12T22:00	-70.43863	-25.66665	8.515	246.8
2017-01-12T22:10	-70.44797	-25.73194	8.558	246.8
2017-01-12T22:20	-70.45733	-25.79800	8.642	247.0
2017-01-12T22:30	-70.46656	-25.86331	8.538	247.1
2017-01-12T22:40	-70.47611	-25.92937	8.662	246.6
2017-01-12T22:50	-70.48546	-25.99589	8.682	247.1
2017-01-12T23:00	-70.49487	-26.06206	8.647	246.9
2017-01-12T23:10	-70.50360	-26.12905	8.644	248.6
2017-01-12T23:20	-70.51118	-26.19597	8.491	251.2
2017-01-12T23:30	-70.52019	-26.26096	8.452	247.4
2017-01-12T23:40	-70.53263	-26.31855	8.237	237.0
2017-01-12T23:50	-70.54072	-26.38469	8.453	249.8
2017-01-13T00:00	-70.54988	-26.45060	8.564	247.3
2017-01-13T00:10	-70.55919	-26.51601	8.526	246.8
2017-01-13T00:20	-70.56837	-26.58143	8.506	247.1
2017-01-13T00:30	-70.57747	-26.64568	8.363	246.9
2017-01-13T00:40	-70.58396	-26.71198	8.273	253.6
2017-01-13T00:50	-70.59097	-26.77837	8.336	252.3
2017-01-13T01:00	-70.59712	-26.84538	8.317	254.5
2017-01-13T01:10	-70.60834	-26.90845	8.555	241.8
2017-01-13T01:20	-70.60583	-26.97009	7.424	277.0
2017-01-13T01:30	-70.60525	-27.03792	8.113	271.4
2017-01-13T01:40	-70.62013	-27.07710	7.113	221.1
2017-01-13T01:50	-70.63592	-27.10474	6.576	210.1
2017-01-13T02:00	-70.65059	-27.16286	8.717	232.7
2017-01-13T02:10	-70.65932	-27.22906	8.499	248.3
2017-01-13T02:20	-70.66799	-27.29386	8.332	248.0
2017-01-13T02:30	-70.68222	-27.34297	7.777	228.8
2017-01-13T02:40	-70.69605	-27.39231	7.701	229.7
2017-01-13T02:50	-70.70746	-27.45326	8.334	240.4
2017-01-13T03:00	-70.71796	-27.50971	7.706	240.6
2017-01-13T03:10	-70.72619	-27.56776	7.509	246.7
2017-01-13T03:20	-70.73244	-27.62920	7.640	252.8
2017-01-13T03:30	-70.73825	-27.68735	7.218	253.1
2017-01-13T03:40	-70.74391	-27.74710	7.383	253.9
2017-01-13T03:50	-70.75401	-27.80473	7.747	242.0
2017-01-13T04:00	-70.76119	-27.86611	7.728	250.4
2017-01-13T04:10	-70.76542	-27.93145	7.900	258.8
2017-01-13T04:20	-70.77181	-27.99274	7.623	252.4
2017-01-13T04:30	-70.77882	-28.05314	7.594	250.5
2017-01-13T04:40	-70.78682	-28.10865	7.181	246.3
2017-01-13T04:50	-70.79495	-28.16908	7.734	247.7
2017-01-13T05:00	-70.80153	-28.23292	7.922	252.6
2017-01-13T05:10	-70.80734	-28.29680	7.847	254.5
2017-01-13T05:20	-70.81566	-28.35971	8.025	248.0
2017-01-13T05:30	-70.82565	-28.42076	8.067	243.5
2017-01-13T05:40	-70.83638	-28.47564	7.550	239.2
2017-01-13T05:50	-70.84683	-28.53200	7.649	240.5
2017-01-13T06:00	-70.85507	-28.58705	7.147	245.5
2017-01-13T06:10	-70.86181	-28.64233	6.963	249.6
2017-01-13T06:20	-70.86889	-28.70229	7.521	250.2
2017-01-13T06:30	-70.87612	-28.76414	7.748	250.3
2017-01-13T06:40	-70.88413	-28.83424	8.756	250.7
2017-01-13T06:50	-70.89294	-28.89438	7.766	245.9
2017-01-13T07:00	-70.89365	-28.90274	1.018	255.4
2017-01-13T07:10	-70.89206	-28.90786	0.832	313.4
2017-01-13T07:20	-70.89267	-28.90941	0.284	219.9
2017-01-13T07:30	-70.89555	-28.91276	1.112	200.8
2017-01-13T07:40	-70.89625	-28.91363	0.271	202.2
2017-01-13T07:50	-70.89678	-28.91070	0.395	119.1
2017-01-13T08:00	-70.89656	-28.90194	1.035	85.6
2017-01-13T08:10	-70.89607	-28.90252	0.189	338.9
2017-01-13T08:20	-70.89683	-28.90715	0.611	243.4
2017-01-13T08:30	-70.89775	-28.91204	0.663	240.3
2017-01-13T08:40	-70.89851	-28.92118	1.112	255.6
2017-01-13T08:50	-70.89858	-28.93000	1.040	268.7
2017-01-13T09:00	-70.89932	-28.93466	0.609	244.1
2017-01-13T09:10	-70.89970	-28.94046	0.697	258.6
2017-01-13T09:20	-70.89879	-28.94508	0.634	300.8
2017-01-13T09:30	-70.89914	-28.95230	0.860	261.7
2017-01-13T09:40	-70.90069	-28.96070	1.136	240.6
2017-01-13T09:50	-70.90059	-28.96847	0.916	272.3
2017-01-13T10:00	-70.90074	-28.97758	1.075	267.1
2017-01-13T10:10	-70.90111	-28.98432	0.806	260.3
2017-01-13T10:20	-70.90024	-28.98463	0.314	353.4
2017-01-13T10:30	-70.90018	-28.98436	0.040	52.6
2017-01-13T10:40	-70.90009	-28.98437	0.032	358.3
2017-01-13T10:50	-70.90035	-28.98514	0.130	224.2
2017-01-13T11:00	-70.90030	-28.98651	0.162	276.1
2017-01-13T11:10	-70.90018	-28.98685	0.058	315.8
2017-01-13T11:20	-70.89982	-28.98531	0.224	54.2
2017-01-13T11:30	-70.89946	-28.98379	0.221	53.8
2017-01-13T11:40	-70.89960	-28.98438	0.087	233.0
2017-01-13T11:50	-70.90003	-28.98500	0.170	205.4
2017-01-13T12:00	-70.90035	-28.98576	0.148	217.0
2017-01-13T12:10	-70.90064	-28.98552	0.106	164.8
2017-01-13T12:20	-70.90082	-28.98547	0.065	174.9
2017-01-13T12:30	-70.90100	-28.98506	0.080	142.7
2017-01-13T12:40	-70.90091	-28.98426	0.099	71.5
2017-01-13T12:50	-70.90062	-28.98291	0.190	56.9
2017-01-13T13:00	-70.90016	-28.98196	0.200	34.1
2017-01-13T13:10	-70.89942	-28.98013	0.341	39.0
2017-01-13T13:20	-70.89876	-28.97861	0.298	37.1
2017-01-13T13:30	-70.89909	-28.97989	0.193	231.7
2017-01-13T13:40	-70.89806	-28.97733	0.478	39.1
2017-01-13T13:50	-70.89450	-28.90587	8.518	81.4
2017-01-13T14:00	-70.89309	-28.88880	2.074	75.9
2017-01-13T14:10	-70.89291	-28.88798	0.116	55.6
2017-01-13T14:20	-70.89280	-28.88993	0.233	279.6
2017-01-13T14:30	-70.89276	-28.89051	0.070	283.9
2017-01-13T14:40	-70.89304	-28.89231	0.235	244.8
2017-01-13T14:50	-70.89268	-28.89141	0.167	39.7
2017-01-13T15:00	-70.89278	-28.89166	0.046	220.8
2017-01-13T15:10	-70.89290	-28.89196	0.055	219.3
2017-01-13T15:20	-70.89253	-28.89161	0.136	17.7
2017-01-13T15:30	-70.89251	-28.89101	0.072	82.5
2017-01-13T15:40	-70.89294	-28.89230	0.218	224.6
2017-01-13T15:50	-70.89269	-28.89213	0.093	12.3
2017-01-13T16:00	-70.89282	-28.89217	0.047	185.8
2017-01-13T16:10	-70.89244	-28.89144	0.160	32.6
2017-01-13T16:20	-70.89234	-28.89186	0.062	307.5
2017-01-13T16:30	-70.89241	-28.89075	0.133	100.9
2017-01-13T16:40	-70.89172	-28.89057	0.249	5.0
2017-01-13T16:50	-70.88513	-28.84645	5.716	65.5
2017-01-13T17:00	-70.88383	-28.83673	1.238	67.7
2017-01-13T17:10	-70.88381	-28.83642	0.037	84.2
2017-01-13T17:20	-70.88367	-28.82535	1.306	87.7
2017-01-13T17:30	-70.85904	-28.82787	8.874	358.1
2017-01-13T17:40	-70.83406	-28.85439	9.524	340.8
2017-01-13T17:50	-70.80843	-28.85303	9.228	1.0
2017-01-13T18:00	-70.78227	-28.84129	9.524	8.4
2017-01-13T18:10	-70.75602	-28.82899	9.562	8.8
2017-01-13T18:20	-70.73009	-28.81771	9.432	8.2
2017-01-13T18:30	-70.70425	-28.80594	9.408	8.6
2017-01-13T18:40	-70.67774	-28.79390	9.651	8.5
2017-01-13T18:50	-70.65204	-28.78248	9.354	8.4
2017-01-13T19:00	-70.62640	-28.77088	9.333	8.5
2017-01-13T19:10	-70.60118	-28.75962	9.180	8.4
2017-01-13T19:20	-70.57583	-28.74837	9.228	8.4
2017-01-13T19:30	-70.55040	-28.73707	9.253	8.4
2017-01-13T19:40	-70.52498	-28.72576	9.253	8.4
2017-01-13T19:50	-70.49690	-28.71306	10.224	8.6
2017-01-13T20:00	-70.46880	-28.70056	10.231	8.5
2017-01-13T20:10	-70.44057	-28.68811	10.274	8.4
2017-01-13T20:20	-70.41230	-28.67541	10.292	8.6
2017-01-13T20:30	-70.38420	-28.66312	10.226	8.4
2017-01-13T20:40	-70.35609	-28.65042	10.237	8.6
2017-01-13T20:50	-70.32772	-28.63816	10.320	8.3
2017-01-13T21:00	-70.29954	-28.62558	10.260	8.6
2017-01-13T21:10	-70.27116	-28.61314	10.332	8.4
2017-01-13T21:20	-70.24254	-28.60035	10.420	8.6
2017-01-13T21:30	-70.21340	-28.58756	10.606	8.4
2017-01-13T21:40	-70.18409	-28.57471	10.670	8.5
2017-01-13T21:50	-70.15524	-28.56197	10.504	8.5
2017-01-13T22:00	-70.12592	-28.54914	10.673	8.5
2017-01-13T22:10	-70.09685	-28.53650	10.580	8.4
2017-01-13T22:20	-70.06758	-28.52358	10.657	8.6
2017-01-13T22:30	-70.03774	-28.51061	10.862	8.4
2017-01-13T22:40	-70.01451	-28.49872	8.489	9.9
2017-01-13T22:50	-69.98996	-28.48840	8.930	8.2
2017-01-13T23:00	-69.96011	-28.47298	10.914	10.0
2017-01-13T23:10	-69.92999	-28.45736	11.014	10.1
2017-01-13T23:20	-69.89996	-28.44160	10.989	10.2
2017-01-13T23:30	-69.86976	-28.42614	11.040	10.0
2017-01-13T23:40	-69.83963	-28.41058	11.017	10.1
2017-01-13T23:50	-69.80946	-28.39519	11.030	10.0
2017-01-14T00:00	-69.77935	-28.37946	11.014	10.2
2017-01-14T00:10	-69.74904	-28.36687	11.026	8.2
2017-01-14T00:20	-69.71899	-28.34679	11.107	13.0
2017-01-14T00:30	-69.68846	-28.33267	11.133	9.1
2017-01-14T00:40	-69.65791	-28.31709	11.172	10.1
2017-01-14T00:50	-69.62737	-28.30164	11.162	10.0
2017-01-14T01:00	-69.59682	-28.28600	11.174	10.1
2017-01-14T01:10	-69.56648	-28.27057	11.096	10.1
2017-01-14T01:20	-69.53602	-28.25479	11.145	10.3
2017-01-14T01:30	-69.50537	-28.23929	11.208	10.0
2017-01-14T01:40	-69.47497	-28.22360	11.120	10.3
2017-01-14T01:50	-69.44482	-28.20852	11.024	10.0
2017-01-14T02:00	-69.41429	-28.19674	11.092	7.7
2017-01-14T02:10	-69.38312	-28.19368	11.231	2.0
2017-01-14T02:20	-69.35250	-28.18372	11.097	6.5
2017-01-14T02:30	-69.32194	-28.17182	11.106	7.8
2017-01-14T02:40	-69.29127	-28.16044	11.136	7.5
2017-01-14T02:50	-69.26088	-28.14913	11.035	7.5
2017-01-14T03:00	-69.23241	-28.12060	10.881	19.6
2017-01-14T03:10	-69.20380	-28.09059	10.991	20.4
2017-01-14T03:20	-69.17296	-28.08467	11.130	3.9
2017-01-14T03:30	-69.14534	-28.11466	10.659	338.9
2017-01-14T03:40	-69.11999	-28.07609	10.383	28.5
2017-01-14T03:50	-69.09597	-28.03400	10.197	32.0
2017-01-14T04:00	-69.07929	-27.99212	8.063	41.9
2017-01-14T04:10	-69.07348	-27.96739	3.807	56.7
2017-01-14T04:20	-69.07173	-27.94793	2.580	75.9
2017-01-14T04:30	-69.06599	-27.94280	2.171	17.7
2017-01-14T04:40	-69.05283	-27.95454	4.972	342.3
2017-01-14T04:50	-69.03483	-27.96099	6.536	352.7
2017-01-14T05:00	-69.00926	-27.96844	9.255	354.0
2017-01-14T05:10	-68.99132	-27.97221	6.478	355.7
2017-01-14T05:20	-68.97908	-27.94336	5.770	40.2
2017-01-14T05:30	-68.96801	-27.90648	6.211	50.1
2017-01-14T05:40	-68.95713	-27.86940	6.190	50.8
2017-01-14T05:50	-68.94027	-27.85400	6.390	18.2
2017-01-14T06:00	-68.91997	-27.84512	7.399	8.9
2017-01-14T06:10	-68.89877	-27.84044	7.657	4.5
2017-01-14T06:20	-68.87679	-27.83630	7.929	3.9
2017-01-14T06:30	-68.85256	-27.83413	8.729	1.9
2017-01-14T06:40	-68.82640	-27.83851	9.438	356.5
2017-01-14T06:50	-68.79988	-27.84333	9.570	356.2
2017-01-14T07:00	-68.77312	-27.84797	9.654	356.4
2017-01-14T07:10	-68.74627	-27.85538	9.713	354.3
2017-01-14T07:20	-68.71931	-27.85545	9.709	360.0
2017-01-14T07:30	-68.69273	-27.84136	9.746	10.9
2017-01-14T07:40	-68.66695	-27.81740	9.797	18.7
2017-01-14T07:50	-68.64051	-27.79356	10.020	18.2
2017-01-14T08:00	-68.61068	-27.77891	10.909	10.2
2017-01-14T08:10	-68.58032	-27.76643	11.053	8.5
2017-01-14T08:20	-68.55015	-27.75786	10.921	5.9
2017-01-14T08:30	-68.52472	-27.75210	9.189	4.7
2017-01-14T08:40	-68.49937	-27.74560	9.167	5.4
2017-01-14T08:50	-68.47409	-27.74266	9.109	2.4
2017-01-14T09:00	-68.45324	-27.73741	7.540	5.3
2017-01-14T09:10	-68.45245	-27.73708	0.288	8.7
2017-01-14T09:20	-68.45176	-27.73700	0.247	2.6
2017-01-14T09:30	-68.45139	-27.73801	0.189	314.7
2017-01-14T09:40	-68.45134	-27.73927	0.168	277.0
2017-01-14T09:50	-68.45110	-27.73892	0.098	28.7
2017-01-14T10:00	-68.45114	-27.73961	0.093	259.7
2017-01-14T10:10	-68.45086	-27.73974	0.103	350.8
2017-01-14T10:20	-68.45045	-27.73911	0.170	29.1
2017-01-14T10:30	-68.45037	-27.73994	0.113	284.0
2017-01-14T10:40	-68.45019	-27.74116	0.174	291.6
2017-01-14T10:50	-68.45064	-27.74336	0.333	241.0
2017-01-14T11:00	-68.45058	-27.74272	0.088	75.1
2017-01-14T11:10	-68.45063	-27.74350	0.104	260.4
2017-01-14T11:20	-68.45032	-27.74536	0.271	294.6
2017-01-14T11:30	-68.44973	-27.74533	0.211	1.0
2017-01-14T11:40	-68.44989	-27.74624	0.134	243.9
2017-01-14T11:50	-68.45008	-27.74720	0.142	242.4
2017-01-14T12:00	-68.45036	-27.74729	0.102	186.9
2017-01-14T12:10	-68.44979	-27.74885	0.291	314.9
2017-01-14T12:20	-68.44925	-27.75040	0.282	313.5
2017-01-14T12:30	-68.44890	-27.75237	0.290	296.0
2017-01-14T12:40	-68.44881	-27.75460	0.297	276.3
2017-01-14T12:50	-68.44853	-27.75575	0.181	303.1
2017-01-14T13:00	-68.44829	-27.75651	0.132	310.7
2017-01-14T13:10	-68.44839	-27.75685	0.058	232.3
2017-01-14T13:20	-68.44857	-27.75730	0.086	223.1
2017-01-14T13:30	-68.44873	-27.75763	0.073	217.2
2017-01-14T13:40	-68.44901	-27.75857	0.160	230.9
2017-01-14T13:50	-68.44917	-27.75907	0.089	228.0
2017-01-14T14:00	-68.44947	-27.76022	0.186	234.6
2017-01-14T14:10	-68.44997	-27.76059	0.184	195.5
2017-01-14T14:20	-68.45040	-27.76049	0.159	175.4
2017-01-14T14:30	-68.45108	-27.76072	0.246	187.0
2017-01-14T14:40	-68.45158	-27.76161	0.213	213.6
2017-01-14T14:50	-68.45230	-27.76226	0.276	198.1
2017-01-14T15:00	-68.45302	-27.76151	0.276	159.0
2017-01-14T15:10	-68.45358	-27.76051	0.241	146.6
2017-01-14T15:20	-68.45434	-27.76016	0.279	170.5
2017-01-14T15:30	-68.45511	-27.75965	0.283	166.3
2017-01-14T15:40	-68.45603	-27.75891	0.347	163.6
2017-01-14T15:50	-68.45681	-27.75720	0.360	141.0
2017-01-14T16:00	-68.45754	-27.75534	0.359	137.1
2017-01-14T16:10	-68.45731	-27.75633	0.154	302.9
2017-01-14T16:20	-68.43553	-27.75449	7.845	1.8
2017-01-14T16:30	-68.41111	-27.74145	8.960	11.1
2017-01-14T16:40	-68.39096	-27.72988	7.416	11.9
2017-01-14T16:50	-68.37084	-27.71784	7.418	12.4
2017-01-14T17:00	-68.34942	-27.70506	7.895	12.4
2017-01-14T17:10	-68.32927	-27.68849	7.582	16.9
2017-01-14T17:20	-68.30964	-27.66905	7.527	20.1
2017-01-14T17:30	-68.28971	-27.65017	7.603	19.3
2017-01-14T17:40	-68.26970	-27.63410	7.515	16.6
2017-01-14T17:50	-68.24982	-27.61728	7.502	17.4
2017-01-14T18:00	-68.23017	-27.59777	7.539	20.2
2017-01-14T18:10	-68.21089	-27.60769	7.066	349.2
2017-01-14T18:20	-68.19195	-27.62276	7.113	343.5
2017-01-14T18:30	-68.17223	-27.62327	7.101	359.4
2017-01-14T18:40	-68.15176	-27.62518	7.374	358.0
2017-01-14T18:50	-68.13111	-27.61632	7.530	9.1
2017-01-14T19:00	-68.11041	-27.61112	7.483	5.4
2017-01-14T19:10	-68.08959	-27.60424	7.555	7.0
2017-01-14T19:20	-68.06935	-27.59700	7.350	7.6
2017-01-14T19:30	-68.04967	-27.58603	7.239	11.8
2017-01-14T19:40	-68.03024	-27.56699	7.448	20.1
2017-01-14T19:50	-68.01093	-27.54663	7.476	21.5
2017-01-14T20:00	-67.99779	-27.53377	5.040	20.1
2017-01-14T20:10	-67.98148	-27.50011	7.423	37.7
2017-01-14T20:20	-67.96416	-27.46420	7.898	37.9
2017-01-14T20:30	-67.94679	-27.42897	7.861	37.3
2017-01-14T20:40	-67.92902	-27.39594	7.802	35.0
2017-01-14T20:50	-67.91011	-27.36838	7.766	28.7
2017-01-14T21:00	-67.89227	-27.33879	7.571	32.0
2017-01-14T21:10	-67.87515	-27.33892	6.162	359.8
2017-01-14T21:20	-67.85273	-27.34656	8.138	352.7
2017-01-14T21:30	-67.82929	-27.34845	8.443	358.3
2017-01-14T21:40	-67.80758	-27.35360	7.849	354.9
2017-01-14T21:50	-67.78416	-27.35644	8.441	357.4
2017-01-14T22:00	-67.76130	-27.35594	8.230	0.5
2017-01-14T22:10	-67.73879	-27.35284	8.118	3.0
2017-01-14T22:20	-67.71755	-27.36777	7.915	345.1
2017-01-14T22:30	-67.69707	-27.37201	7.394	355.5
2017-01-14T22:40	-67.67406	-27.37115	8.285	0.8
2017-01-14T22:50	-67.65506	-27.37225	6.843	358.7
2017-01-14T23:00	-67.64585	-27.38020	3.491	341.8
2017-01-14T23:10	-67.63758	-27.39061	3.302	334.4
2017-01-14T23:20	-67.63511	-27.42225	4.425	281.6
2017-01-14T23:30	-67.61956	-27.43309	5.792	345.1
2017-01-14T23:40	-67.59999	-27.42689	7.098	6.9
2017-01-14T23:50	-67.58267	-27.42223	6.269	5.8
2017-01-15T00:00	-67.56006	-27.41880	8.155	3.3
2017-01-15T00:10	-67.53651	-27.41106	8.544	7.2
2017-01-15T00:20	-67.51562	-27.40232	7.617	9.1
2017-01-15T00:30	-67.49140	-27.41400	8.868	349.5
2017-01-15T00:40	-67.46717	-27.40555	8.802	7.6
2017-01-15T00:50	-67.44343	-27.39197	8.753	12.4
2017-01-15T01:00	-67.42253	-27.36854	8.191	23.3
2017-01-15T01:10	-67.39729	-27.35895	9.184	8.3
2017-01-15T01:20	-67.37264	-27.36461	8.908	354.9
2017-01-15T01:30	-67.34833	-27.35510	8.854	8.6
2017-01-15T01:40	-67.32500	-27.33171	9.004	21.1
2017-01-15T01:50	-67.29954	-27.32294	9.248	7.6
2017-01-15T02:00	-67.27456	-27.30932	9.191	11.9
2017-01-15T02:10	-67.24860	-27.30557	9.363	3.2
2017-01-15T02:20	-67.22263	-27.30131	9.368	3.6
2017-01-15T02:30	-67.19633	-27.29709	9.485	3.6
2017-01-15T02:40	-67.17042	-27.29280	9.348	3.7
2017-01-15T02:50	-67.14415	-27.28893	9.476	3.3
2017-01-15T03:00	-67.11820	-27.28315	9.379	5.0
2017-01-15T03:10	-67.09534	-27.27360	8.336	9.2
2017-01-15T03:20	-67.07386	-27.26676	7.793	7.1
2017-01-15T03:30	-67.05262	-27.25985	7.711	7.2
2017-01-15T03:40	-67.03106	-27.25309	7.819	7.0
2017-01-15T03:50	-67.00927	-27.24638	7.902	6.9
2017-01-15T04:00	-66.98751	-27.23939	7.898	7.2
2017-01-15T04:10	-66.96551	-27.23253	7.980	7.0
2017-01-15T04:20	-66.94369	-27.22315	7.965	9.6
2017-01-15T04:30	-66.92158	-27.21285	8.092	10.3
2017-01-15T04:40	-66.89776	-27.20829	8.600	4.3
2017-01-15T04:50	-66.87398	-27.20389	8.587	4.2
2017-01-15T05:00	-66.85016	-27.19641	8.639	7.0
2017-01-15T05:10	-66.82627	-27.18902	8.665	6.9
2017-01-15T05:20	-66.80239	-27.18132	8.669	7.2
2017-01-15T05:30	-66.77852	-27.17332	8.668	7.5
2017-01-15T05:40	-66.75434	-27.16614	8.766	6.7
2017-01-15T05:50	-66.73034	-27.15895	8.702	6.8
2017-01-15T06:00	-66.70607	-27.15164	8.798	6.8
2017-01-15T06:10	-66.68285	-27.14595	8.400	5.5
2017-01-15T06:20	-66.66045	-27.14205	8.085	4.0
2017-01-15T06:30	-66.63796	-27.13682	8.134	5.3
2017-01-15T06:40	-66.61767	-27.12729	7.428	10.6
2017-01-15T06:50	-66.61079	-27.12528	2.494	6.6
2017-01-15T07:00	-66.60947	-27.12645	0.506	340.7
2017-01-15T07:10	-66.60921	-27.12795	0.233	293.0
2017-01-15T07:20	-66.61106	-27.12918	0.688	194.8
2017-01-15T07:30	-66.61130	-27.13095	0.268	250.9
2017-01-15T07:40	-66.61186	-27.13344	0.407	240.7
2017-01-15T07:50	-66.61080	-27.13342	0.379	0.3
2017-01-15T08:00	-66.60768	-27.12805	1.362	34.3
2017-01-15T08:10	-66.60645	-27.12500	0.622	44.6
2017-01-15T08:20	-66.60606	-27.12726	0.353	293.6
2017-01-15T08:30	-66.60573	-27.12971	0.369	288.5
2017-01-15T08:40	-66.60573	-27.13318	0.497	270.0
2017-01-15T08:50	-66.60524	-27.13442	0.251	315.0
2017-01-15T09:00	-66.60457	-27.13534	0.273	331.3
2017-01-15T09:10	-66.60389	-27.13682	0.325	319.4
2017-01-15T09:20	-66.60383	-27.13946	0.378	273.0
2017-01-15T09:30	-66.60382	-27.14184	0.341	271.1
2017-01-15T09:40	-66.60376	-27.14408	0.321	273.2
2017-01-15T09:50	-66.60376	-27.14645	0.338	270.4
2017-01-15T10:00	-66.60367	-27.14851	0.296	276.2
2017-01-15T10:10	-66.60369	-27.15058	0.296	268.5
2017-01-15T10:20	-66.60398	-27.15302	0.364	253.5
2017-01-15T10:30	-66.60441	-27.15613	0.471	250.6
2017-01-15T10:40	-66.60455	-27.15794	0.263	259.3
2017-01-15T10:50	-66.60429	-27.15898	0.175	301.7
2017-01-15T11:00	-66.60401	-27.16040	0.227	296.5
2017-01-15T11:10	-66.60385	-27.16211	0.251	283.4
2017-01-15T11:20	-66.60322	-27.16022	0.353	49.7
2017-01-15T11:30	-66.60064	-27.16429	1.095	328.0
2017-01-15T11:40	-66.59699	-27.16932	1.498	331.3
2017-01-15T11:50	-66.58676	-27.17561	3.790	346.3
2017-01-15T12:00	-66.57869	-27.19155	3.696	321.9
2017-01-15T12:10	-66.57916	-27.18726	0.637	105.7
2017-01-15T12:20	-66.58039	-27.18947	0.543	215.6
2017-01-15T12:30	-66.58174	-27.19236	0.638	220.5
2017-01-15T12:40	-66.58304	-27.19451	0.562	213.1
2017-01-15T12:50	-66.58426	-27.19681	0.547	217.0
2017-01-15T13:00	-66.58588	-27.19933	0.687	211.8
2017-01-15T13:10	-66.59353	-27.20808	3.026	204.4
2017-01-15T13:20	-66.60326	-27.21335	3.582	192.1
2017-01-15T13:30	-66.60791	-27.21664	1.739	195.7
2017-01-15T13:40	-66.60913	-27.22361	1.088	246.2
2017-01-15T13:50	-66.60887	-27.23022	0.949	275.5
2017-01-15T14:00	-66.60822	-27.23365	0.545	295.8
2017-01-15T14:10	-66.60851	-27.23588	0.335	251.8
2017-01-15T14:20	-66.60919	-27.23796	0.385	230.7
2017-01-15T14:30	-66.60975	-27.24098	0.477	244.9
2017-01-15T14:40	-66.60989	-27.24369	0.391	262.2
2017-01-15T14:50	-66.61037	-27.24603	0.374	243.1
2017-01-15T15:00	-66.61105	-27.25028	0.656	248.0
2017-01-15T15:10	-66.61151	-27.25643	0.895	259.2
2017-01-15T15:20	-66.60793	-27.26252	1.556	326.0
2017-01-15T15:30	-66.59479	-27.26587	4.758	354.2
2017-01-15T15:40	-66.58356	-27.26711	4.046	357.5
2017-01-15T15:50	-66.57656	-27.26662	2.522	1.6
2017-01-15T16:00	-66.57677	-27.26964	0.439	260.0
2017-01-15T16:10	-66.58449	-27.28206	3.300	212.6
2017-01-15T16:20	-66.58818	-27.28310	1.335	186.4
2017-01-15T16:30	-66.59601	-27.27345	3.139	153.9
2017-01-15T16:40	-66.59578	-27.26926	0.605	82.2
2017-01-15T16:50	-66.59545	-27.27058	0.221	302.0
2017-01-15T17:00	-66.59488	-27.27197	0.287	316.3
2017-01-15T17:10	-66.59413	-27.27353	0.349	320.0
2017-01-15T17:20	-66.59327	-27.27544	0.414	318.7
2017-01-15T17:30	-66.59252	-27.27814	0.471	304.9
2017-01-15T17:40	-66.59190	-27.28215	0.616	291.4
2017-01-15T17:50	-66.59137	-27.28802	0.861	282.7
2017-01-15T18:00	-66.59072	-27.29590	1.151	281.9
2017-01-15T18:10	-66.59020	-27.30452	1.248	278.5
2017-01-15T18:20	-66.59119	-27.31318	1.288	253.9
2017-01-15T18:30	-66.59369	-27.31660	1.024	208.6
2017-01-15T18:40	-66.59610	-27.31863	0.916	198.4
2017-01-15T18:50	-66.59838	-27.32079	0.877	200.7
2017-01-15T19:00	-66.60072	-27.32451	0.995	212.3
2017-01-15T19:10	-66.60314	-27.32822	1.020	211.3
2017-01-15T19:20	-66.60553	-27.33213	1.029	212.9
2017-01-15T19:30	-66.60968	-27.33512	1.552	196.0
2017-01-15T19:40	-66.61061	-27.33794	0.524	230.3
2017-01-15T19:50	-66.61028	-27.34098	0.450	285.2
2017-01-15T20:00	-66.61344	-27.34747	1.468	219.2
2017-01-15T20:10	-66.61606	-27.35158	1.111	211.9
2017-01-15T20:20	-66.61931	-27.35537	1.292	204.8
2017-01-15T20:30	-66.61656	-27.37068	2.402	294.4
2017-01-15T20:40	-66.60515	-27.36973	4.109	1.9
2017-01-15T20:50	-66.59392	-27.36296	4.159	13.5
2017-01-15T21:00	-66.58395	-27.34937	4.081	28.5
2017-01-15T21:10	-66.57668	-27.33991	2.949	27.3
2017-01-15T21:20	-66.57312	-27.34571	1.525	327.0
2017-01-15T21:30	-66.57127	-27.32581	2.926	76.8
2017-01-15T21:40	-66.57075	-27.30058	3.617	87.1
2017-01-15T21:50	-66.57035	-27.27477	3.698	87.8
2017-01-15T22:00	-66.56997	-27.24883	3.716	87.9
2017-01-15T22:10	-66.56964	-27.22268	3.745	88.2
2017-01-15T22:20	-66.56913	-27.19645	3.760	87.2
2017-01-15T22:30	-66.56870	-27.17063	3.700	87.6
2017-01-15T22:40	-66.56923	-27.14524	3.641	93.1
2017-01-15T22:50	-66.57064	-27.12012	3.632	98.0
2017-01-15T23:00	-66.57138	-27.10954	1.538	99.9
2017-01-15T23:10	-66.57164	-27.11531	0.832	263.5
2017-01-15T23:20	-66.57292	-27.12421	1.355	250.1
2017-01-15T23:30	-66.57545	-27.13176	1.413	229.9
2017-01-15T23:40	-66.57709	-27.13690	0.943	231.2
2017-01-15T23:50	-66.57711	-27.14015	0.466	269.0
2017-01-16T00:00	-66.57899	-27.14928	1.470	242.7
2017-01-16T00:10	-66.58202	-27.15558	1.417	219.5
2017-01-16T00:20	-66.58533	-27.16127	1.443	214.4
2017-01-16T00:30	-66.58851	-27.16702	1.409	215.7
2017-01-16T00:40	-66.59170	-27.17241	1.384	213.9
2017-01-16T00:50	-66.59491	-27.17695	1.325	209.3
2017-01-16T01:00	-66.59879	-27.17942	1.441	194.2
2017-01-16T01:10	-66.60276	-27.16992	1.974	136.5
2017-01-16T01:20	-66.60551	-27.17104	1.003	189.1
2017-01-16T01:30	-66.61147	-27.16376	2.384	154.2
2017-01-16T01:40	-66.61174	-27.16289	0.159	127.6
2017-01-16T01:50	-66.61159	-27.16662	0.536	275.9
2017-01-16T02:00	-66.61124	-27.17224	0.814	278.8
2017-01-16T02:10	-66.60797	-27.17778	1.420	326.2
2017-01-16T02:20	-66.60026	-27.17781	2.773	359.9
2017-01-16T02:30	-66.59590	-27.17122	1.831	31.0
2017-01-16T02:40	-66.59150	-27.15383	2.949	57.5
2017-01-16T02:50	-66.59045	-27.15070	0.587	49.7
2017-01-16T03:00	-66.58715	-27.15503	1.338	332.4
2017-01-16T03:10	-66.57756	-27.13701	4.310	36.8
2017-01-16T03:20	-66.58086	-27.11345	3.575	109.4
2017-01-16T03:30	-66.58482	-27.11133	1.455	167.9
2017-01-16T03:40	-66.58965	-27.10926	1.766	170.3
2017-01-16T03:50	-66.59409	-27.10500	1.709	159.1
2017-01-16T04:00	-66.59967	-27.10305	2.030	172.1
2017-01-16T04:10	-66.60598	-27.10415	2.275	184.0
2017-01-16T04:20	-66.60874	-27.10619	1.035	196.4
2017-01-16T04:30	-66.60957	-27.10993	0.613	240.5
2017-01-16T04:40	-66.61396	-27.11368	1.667	198.8
2017-01-16T04:50	-66.61871	-27.11139	1.742	169.2
2017-01-16T05:00	-66.62080	-27.11528	0.937	216.5
2017-01-16T05:10	-66.62071	-27.11837	0.443	274.4
2017-01-16T05:20	-66.62148	-27.11807	0.280	171.0
2017-01-16T05:30	-66.62168	-27.12481	0.966	265.6
2017-01-16T05:40	-66.62146	-27.13121	0.919	275.1
2017-01-16T05:50	-66.61834	-27.13698	1.394	323.7
2017-01-16T06:00	-66.61995	-27.13820	0.606	196.6
2017-01-16T06:10	-66.61962	-27.14638	1.175	275.8
2017-01-16T06:20	-66.61557	-27.15234	1.687	329.6
2017-01-16T06:30	-66.61078	-27.15349	1.735	354.6
2017-01-16T06:40	-66.60604	-27.15092	1.744	12.1
2017-01-16T06:50	-66.60125	-27.14737	1.800	16.4
2017-01-16T07:00	-66.59669	-27.14363	1.725	18.1
2017-01-16T07:10	-66.59229	-27.13919	1.709	21.8
2017-01-16T07:20	-66.58807	-27.13578	1.594	17.8
2017-01-16T07:30	-66.58788	-27.13173	0.583	83.3
2017-01-16T07:40	-66.59279	-27.13610	1.875	199.5
2017-01-16T07:50	-66.59838	-27.13758	2.025	186.0
2017-01-16T08:00	-66.60421	-27.13969	2.120	188.2
2017-01-16T08:10	-66.61000	-27.14199	2.110	189.0
2017-01-16T08:20	-66.61576	-27.14469	2.110	190.5
2017-01-16T08:30	-66.62164	-27.14738	2.151	190.3
2017-01-16T08:40	-66.62733	-27.14963	2.075	188.9
2017-01-16T08:50	-66.63306	-27.15217	2.093	190.0
2017-01-16T09:00	-66.63896	-27.15732	2.247	199.1
2017-01-16T09:10	-66.64466	-27.16140	2.136	195.8
2017-01-16T09:20	-66.65039	-27.16369	2.087	189.0
2017-01-16T09:30	-66.65608	-27.16712	2.108	193.4
2017-01-16T09:40	-66.66102	-27.16763	1.780	182.4
2017-01-16T09:50	-66.66373	-27.16564	1.014	163.7
2017-01-16T10:00	-66.66406	-27.16202	0.529	103.0
2017-01-16T10:10	-66.66099	-27.16473	1.171	340.8
2017-01-16T10:20	-66.65776	-27.16751	1.227	341.2
2017-01-16T10:30	-66.65457	-27.16873	1.161	351.4
2017-01-16T10:40	-66.65150	-27.16987	1.119	351.6
2017-01-16T10:50	-66.64817	-27.17209	1.238	345.2
2017-01-16T11:00	-66.64490	-27.17388	1.205	347.7
2017-01-16T11:10	-66.64179	-27.17548	1.143	348.5
2017-01-16T11:20	-66.63859	-27.17650	1.162	352.8
2017-01-16T11:30	-66.63552	-27.17899	1.161	342.2
2017-01-16T11:40	-66.63240	-27.18100	1.161	345.7
2017-01-16T11:50	-66.62931	-27.18440	1.211	336.3
2017-01-16T12:00	-66.62619	-27.18731	1.200	339.8
2017-01-16T12:10	-66.62294	-27.18966	1.216	343.9
2017-01-16T12:20	-66.61970	-27.19088	1.181	351.5
2017-01-16T12:30	-66.61638	-27.19215	1.207	351.4
2017-01-16T12:40	-66.61313	-27.19229	1.173	359.0
2017-01-16T12:50	-66.60976	-27.19197	1.212	2.2
2017-01-16T13:00	-66.60660	-27.19154	1.141	3.1
2017-01-16T13:10	-66.60343	-27.19213	1.145	355.8
2017-01-16T13:20	-66.59079	-27.17876	4.934	22.8
2017-01-16T13:30	-66.59212	-27.18068	0.552	210.0
2017-01-16T13:40	-66.59509	-27.18470	1.213	208.2
2017-01-16T13:50	-66.59820	-27.18757	1.195	200.1
2017-01-16T14:00	-66.60130	-27.19027	1.182	199.1
2017-01-16T14:10	-66.60633	-27.18633	1.894	162.7
2017-01-16T14:20	-66.61070	-27.18466	1.594	171.4
2017-01-16T14:30	-66.61503	-27.18335	1.570	173.2
2017-01-16T14:40	-66.61945	-27.18254	1.596	175.8
2017-01-16T14:50	-66.62385	-27.18131	1.595	173.7
2017-01-16T15:00	-66.62824	-27.18092	1.580	178.0
2017-01-16T15:10	-66.63246	-27.18092	1.520	180.0
2017-01-16T15:20	-66.63671	-27.18065	1.532	178.6
2017-01-16T15:30	-66.64073	-27.17993	1.448	175.9
2017-01-16T15:40	-66.64447	-27.17905	1.352	174.7
2017-01-16T15:50	-66.64815	-27.17820	1.331	174.8
2017-01-16T16:00	-66.65184	-27.17668	1.348	170.7
2017-01-16T16:10	-66.65446	-27.16112	2.412	113.0
2017-01-16T16:20	-66.65672	-27.15134	1.615	120.2
2017-01-16T16:30	-66.65828	-27.13871	1.888	107.4
2017-01-16T16:40	-66.65159	-27.10577	5.280	62.9
2017-01-16T16:50	-66.64815	-27.08256	3.538	69.5
2017-01-16T17:00	-66.64852	-27.08314	0.160	211.5
2017-01-16T17:10	-66.64993	-27.08744	0.795	230.5
2017-01-16T17:20	-66.65087	-27.09266	0.818	245.4
2017-01-16T17:30	-66.65159	-27.09858	0.884	253.1
2017-01-16T17:40	-66.65204	-27.10283	0.629	254.8
2017-01-16T17:50	-66.65498	-27.10545	1.123	199.5
2017-01-16T18:00	-66.65809	-27.10747	1.156	194.4
2017-01-16T18:10	-66.66115	-27.10856	1.112	188.0
2017-01-16T18:20	-66.66427	-27.10968	1.134	188.1
2017-01-16T18:30	-66.66753	-27.11052	1.180	185.8
2017-01-16T18:40	-66.66842	-27.10706	0.587	123.0
2017-01-16T18:50	-66.65995	-27.11028	3.083	351.4
2017-01-16T19:00	-66.65326	-27.11296	2.440	351.0
2017-01-16T19:10	-66.64444	-27.11656	3.216	350.8
2017-01-16T19:20	-66.63783	-27.11931	2.411	350.6
2017-01-16T19:30	-66.63347	-27.12307	1.660	341.1
2017-01-16T19:40	-66.62942	-27.12686	1.555	339.7
2017-01-16T19:50	-66.62547	-27.12791	1.431	354.0
2017-01-16T20:00	-66.62141	-27.12796	1.462	359.7
2017-01-16T20:10	-66.61740	-27.12847	1.446	357.1
2017-01-16T20:20	-66.61365	-27.12920	1.355	355.6
2017-01-16T20:30	-66.61007	-27.13009	1.293	354.3
2017-01-16T20:40	-66.60639	-27.13081	1.329	355.6
2017-01-16T20:50	-66.60264	-27.13128	1.353	357.2
2017-01-16T21:00	-66.59843	-27.13123	1.513	0.3
2017-01-16T21:10	-66.59457	-27.13062	1.395	3.6
2017-01-16T21:20	-66.59100	-27.12722	1.374	20.7
2017-01-16T21:30	-66.58696	-27.12532	1.479	10.6
2017-01-16T21:40	-66.58462	-27.12091	1.053	36.8
2017-01-16T21:50	-66.58138	-27.11868	1.210	15.3
2017-01-16T22:00	-66.58000	-27.11418	0.812	52.5
2017-01-16T22:10	-66.58069	-27.11184	0.416	126.3
2017-01-16T22:20	-66.58486	-27.11281	1.508	185.3
2017-01-16T22:30	-66.58866	-27.11072	1.401	167.7
2017-01-16T22:40	-66.59202	-27.10830	1.256	164.0
2017-01-16T22:50	-66.59536	-27.10549	1.270	161.6
2017-01-16T23:00	-66.59871	-27.10209	1.298	158.0
2017-01-16T23:10	-66.60157	-27.10021	1.065	165.4
2017-01-16T23:20	-66.60433	-27.10133	1.008	189.2
2017-01-16T23:30	-66.60711	-27.10304	1.030	193.7
2017-01-16T23:40	-66.60977	-27.10473	0.987	194.2
2017-01-16T23:50	-66.61233	-27.10652	0.955	195.5
2017-01-17T00:00	-66.61493	-27.10883	0.995	199.4
2017-01-17T00:10	-66.61771	-27.11071	1.034	195.0
2017-01-17T00:20	-66.62041	-27.11233	1.000	193.4
2017-01-17T00:30	-66.62303	-27.11377	0.966	192.3
2017-01-17T00:40	-66.62569	-27.11571	0.999	196.1
2017-01-17T00:50	-66.62823	-27.11751	0.948	195.7
2017-01-17T01:00	-66.63071	-27.12012	0.966	202.7
2017-01-17T01:10	-66.63339	-27.12296	1.048	202.8
2017-01-17T01:20	-66.63605	-27.12499	1.001	196.8
2017-01-17T01:30	-66.63885	-27.12687	1.041	195.0
2017-01-17T01:40	-66.64179	-27.12892	1.100	195.4
2017-01-17T01:50	-66.64460	-27.13062	1.042	193.5
2017-01-17T02:00	-66.64738	-27.13256	1.038	195.4
2017-01-17T02:10	-66.64933	-27.12836	0.921	139.4
2017-01-17T02:20	-66.64384	-27.13127	2.019	348.1
2017-01-17T02:30	-66.63820	-27.13497	2.099	345.4
2017-01-17T02:40	-66.63357	-27.13920	1.774	340.1
2017-01-17T02:50	-66.62993	-27.14405	1.480	332.1
2017-01-17T03:00	-66.62631	-27.14890	1.478	332.0
2017-01-17T03:10	-66.62267	-27.15351	1.467	333.3
2017-01-17T03:20	-66.61963	-27.15551	1.130	345.4
2017-01-17T03:30	-66.61487	-27.14982	1.896	25.4
2017-01-17T03:40	-66.61121	-27.14335	1.610	35.1
2017-01-17T03:50	-66.60935	-27.14197	0.698	16.4
2017-01-17T04:00	-66.60769	-27.13451	1.222	60.7
2017-01-17T04:10	-66.60966	-27.13021	0.939	139.2
2017-01-17T04:20	-66.60988	-27.13335	0.454	260.3
2017-01-17T04:30	-66.60922	-27.14018	1.005	283.7
2017-01-17T04:40	-66.60747	-27.14545	0.981	309.8
2017-01-17T04:50	-66.60713	-27.14068	0.693	79.7
2017-01-17T05:00	-66.61223	-27.14358	1.882	192.7
2017-01-17T05:10	-66.61249	-27.15281	1.322	265.9
2017-01-17T05:20	-66.61006	-27.15489	0.926	341.2
2017-01-17T05:30	-66.60827	-27.15546	0.649	352.7
2017-01-17T05:40	-66.60595	-27.15904	0.978	328.5
2017-01-17T05:50	-66.60363	-27.15970	0.840	353.6
2017-01-17T06:00	-66.60123	-27.16002	0.865	356.9
2017-01-17T06:10	-66.59824	-27.15892	1.089	8.3
2017-01-17T06:20	-66.60158	-27.15367	1.418	148.0
2017-01-17T06:30	-66.60791	-27.16194	2.568	207.4
2017-01-17T06:40	-66.61241	-27.15042	2.311	134.6
2017-01-17T06:50	-66.61243	-27.13799	1.776	90.2
2017-01-17T07:00	-66.60962	-27.13039	1.485	47.0
2017-01-17T07:10	-66.60883	-27.11690	1.949	81.6
2017-01-17T07:20	-66.60515	-27.11077	1.590	33.5
2017-01-17T07:30	-66.60364	-27.10317	1.214	63.4
2017-01-17T07:40	-66.60025	-27.10779	1.388	331.6
2017-01-17T07:50	-66.59588	-27.11707	2.060	319.9
2017-01-17T08:00	-66.59139	-27.12194	1.758	336.7
2017-01-17T08:10	-66.58772	-27.12860	1.630	324.2
2017-01-17T08:20	-66.58536	-27.13548	1.299	310.7
2017-01-17T08:30	-66.58320	-27.14260	1.283	307.4
2017-01-17T08:40	-66.58101	-27.14950	1.263	308.6
2017-01-17T08:50	-66.57943	-27.15615	1.110	300.9
2017-01-17T09:00	-66.57635	-27.16056	1.274	330.3
2017-01-17T09:10	-66.57359	-27.15693	1.124	27.6
2017-01-17T09:20	-66.56942	-27.15638	1.502	3.0
2017-01-17T09:30	-66.56640	-27.15149	1.293	32.8
2017-01-17T09:40	-66.56364	-27.14977	1.024	13.9
2017-01-17T09:50	-66.56103	-27.15036	0.946	354.9
2017-01-17T10:00	-66.55972	-27.14261	1.205	67.0
2017-01-17T10:10	-66.56344	-27.13958	1.409	162.1
2017-01-17T10:20	-66.56601	-27.13772	0.965	164.0
2017-01-17T10:30	-66.56839	-27.13633	0.878	166.9
2017-01-17T10:40	-66.57055	-27.13538	0.790	170.1
2017-01-17T10:50	-66.57261	-27.13489	0.743	174.6
2017-01-17T11:00	-66.57488	-27.13500	0.820	181.1
2017-01-17T11:10	-66.57700	-27.13467	0.765	176.4
2017-01-17T11:20	-66.57912	-27.13533	0.768	187.1
2017-01-17T11:30	-66.58120	-27.13571	0.750	184.1
2017-01-17T11:40	-66.58316	-27.13614	0.709	185.0
2017-01-17T11:50	-66.58558	-27.13705	0.880	188.5
2017-01-17T12:00	-66.58798	-27.13688	0.867	178.5
2017-01-17T12:10	-66.59007	-27.13679	0.751	179.0
2017-01-17T12:20	-66.59211	-27.13717	0.737	184.2
2017-01-17T12:30	-66.59411	-27.13757	0.721	184.5
2017-01-17T12:40	-66.59593	-27.13807	0.662	186.3
2017-01-17T12:50	-66.59787	-27.13915	0.713	192.5
2017-01-17T13:00	-66.60012	-27.13991	0.819	187.6
2017-01-17T13:10	-66.60256	-27.14069	0.884	187.3
2017-01-17T13:20	-66.60513	-27.14159	0.935	187.9
2017-01-17T13:30	-66.60778	-27.14225	0.958	185.7
2017-01-17T13:40	-66.61026	-27.14272	0.895	184.3
2017-01-17T13:50	-66.61259	-27.14323	0.844	185.0
2017-01-17T14:00	-66.61476	-27.14348	0.782	182.6
2017-01-17T14:10	-66.61688	-27.14449	0.776	190.7
2017-01-17T14:20	-66.61901	-27.14611	0.801	196.8
2017-01-17T14:30	-66.62130	-27.14738	0.844	192.4
2017-01-17T14:40	-66.62386	-27.14902	0.950	194.3
2017-01-17T14:50	-66.62605	-27.14916	0.791	181.5
2017-01-17T15:00	-66.62809	-27.15017	0.746	191.1
2017-01-17T15:10	-66.63047	-27.15170	0.883	194.4
2017-01-17T15:20	-66.63268	-27.15279	0.811	191.1
2017-01-17T15:30	-66.63480	-27.15454	0.805	198.0
2017-01-17T15:40	-66.63691	-27.15723	0.850	206.9
2017-01-17T15:50	-66.63905	-27.15960	0.842	203.7
2017-01-17T16:00	-66.64152	-27.16174	0.940	199.0
2017-01-17T16:10	-66.64410	-27.16343	0.961	194.5
2017-01-17T16:20	-66.64676	-27.16451	0.968	189.2
2017-01-17T16:30	-66.64942	-27.16537	0.968	187.3
2017-01-17T16:40	-66.65304	-27.16311	1.342	166.1
2017-01-17T16:50	-66.66070	-27.14842	3.465	142.8
2017-01-17T17:00	-66.66775	-27.13538	3.146	143.8
2017-01-17T17:10	-66.66898	-27.13864	0.640	226.5
2017-01-17T17:20	-66.67097	-27.14272	0.925	219.0
2017-01-17T17:30	-66.67348	-27.14594	1.014	206.9
2017-01-17T17:40	-66.67581	-27.14798	0.885	199.2
2017-01-17T17:50	-66.67835	-27.15036	0.977	200.3
2017-01-17T18:00	-66.68089	-27.15284	0.979	201.2
2017-01-17T18:10	-66.68348	-27.15481	0.974	196.8
2017-01-17T18:20	-66.68606	-27.15652	0.961	194.7
2017-01-17T18:30	-66.69200	-27.14991	2.337	156.2
2017-01-17T18:40	-66.69642	-27.15168	1.614	189.0
2017-01-17T18:50	-66.70040	-27.15560	1.536	201.3
2017-01-17T19:00	-66.70292	-27.16289	1.378	228.9
2017-01-17T19:10	-66.70349	-27.16790	0.742	253.7
2017-01-17T19:20	-66.70416	-27.17318	0.790	252.2
2017-01-17T19:30	-66.70497	-27.17839	0.797	248.6
2017-01-17T19:40	-66.70569	-27.18385	0.820	251.6
2017-01-17T19:50	-66.70650	-27.18868	0.747	247.2
2017-01-17T20:00	-66.70761	-27.19308	0.745	237.3
2017-01-17T20:10	-66.70846	-27.19792	0.753	246.0
2017-01-17T20:20	-66.70901	-27.20441	0.946	257.9
2017-01-17T20:30	-66.70896	-27.21080	0.910	271.2
2017-01-17T20:40	-66.70861	-27.21744	0.953	277.6
2017-01-17T20:50	-66.70803	-27.22401	0.959	282.7
2017-01-17T21:00	-66.70747	-27.23075	0.980	281.8
2017-01-17T21:10	-66.70665	-27.23730	0.980	287.7
2017-01-17T21:20	-66.70595	-27.24352	0.920	285.8
2017-01-17T21:30	-66.70532	-27.25003	0.955	283.9
2017-01-17T21:40	-66.70444	-27.25648	0.970	289.0
2017-01-17T21:50	-66.70353	-27.26292	0.974	289.5
2017-01-17T22:00	-66.70278	-27.26882	0.884	288.0
2017-01-17T22:10	-66.70203	-27.27485	0.899	287.3
2017-01-17T22:20	-66.70095	-27.28145	1.017	292.5
2017-01-17T22:30	-66.69919	-27.28714	1.030	308.1
2017-01-17T22:40	-66.69227	-27.28146	2.618	18.0
2017-01-17T22:50	-66.68756	-27.27108	2.252	41.0
2017-01-17T23:00	-66.67626	-27.24207	5.800	45.5
2017-01-17T23:10	-66.66422	-27.21204	6.093	44.7
2017-01-17T23:20	-66.65304	-27.18380	5.694	45.0
2017-01-17T23:30	-66.65349	-27.18377	0.160	178.4
2017-01-17T23:40	-66.65594	-27.17417	1.629	122.8
2017-01-17T23:50	-66.64389	-27.15697	4.984	29.5
2017-01-18T00:00	-66.63036	-27.14113	5.372	24.9
2017-01-18T00:10	-66.61659	-27.12521	5.454	24.7
2017-01-18T00:20	-66.60273	-27.10911	5.496	24.8
2017-01-18T00:30	-66.58911	-27.09317	5.406	24.9
2017-01-18T00:40	-66.57514	-27.07704	5.534	24.7
2017-01-18T00:50	-66.56150	-27.06192	5.368	23.8
2017-01-18T01:00	-66.54778	-27.04672	5.398	23.8
2017-01-18T01:10	-66.53750	-27.03921	3.856	16.2
2017-01-18T01:20	-66.55395	-27.04462	5.975	187.5
2017-01-18T01:30	-66.57674	-27.07874	9.550	210.8
2017-01-18T01:40	-66.59963	-27.11284	9.574	210.6
2017-01-18T01:50	-66.62240	-27.14612	9.479	210.1
2017-01-18T02:00	-66.64525	-27.17997	9.542	210.4
2017-01-18T02:10	-66.65254	-27.17517	2.712	165.4
2017-01-18T02:20	-66.65355	-27.12565	7.074	93.0
2017-01-18T02:30	-66.65238	-27.07480	7.269	86.7
2017-01-18T02:40	-66.65139	-27.02379	7.287	87.2
2017-01-18T02:50	-66.65051	-26.97287	7.274	87.5
2017-01-18T03:00	-66.64840	-26.92259	7.215	84.0
2017-01-18T03:10	-66.64245	-26.95524	5.130	294.7
2017-01-18T03:20	-66.63193	-27.00963	8.640	296.0
2017-01-18T03:30	-66.62141	-27.06380	8.615	296.1
2017-01-18T03:40	-66.61076	-27.11768	8.602	296.5
2017-01-18T03:50	-66.60014	-27.17132	8.568	296.5
2017-01-18T04:00	-66.58936	-27.22596	8.726	296.4
2017-01-18T04:10	-66.59075	-27.24514	2.789	259.6
2017-01-18T04:20	-66.59231	-27.25015	0.910	232.0
2017-01-18T04:30	-66.59783	-27.23463	2.981	131.9
2017-01-18T04:40	-66.60091	-27.21142	3.499	108.5
2017-01-18T04:50	-66.60354	-27.19416	2.644	111.0
2017-01-18T05:00	-66.60573	-27.16122	4.774	99.5
2017-01-18T05:10	-66.60782	-27.13031	4.483	99.7
2017-01-18T05:20	-66.60880	-27.13332	0.554	230.9
2017-01-18T05:30	-66.60705	-27.13880	1.005	308.8
2017-01-18T05:40	-66.60577	-27.13509	0.703	49.0
2017-01-18T05:50	-66.61011	-27.12916	1.780	151.6
2017-01-18T06:00	-66.61404	-27.11429	2.553	123.6
2017-01-18T06:10	-66.61830	-27.09722	2.881	122.2
2017-01-18T06:20	-66.62282	-27.07970	2.988	123.1
2017-01-18T06:30	-66.62476	-27.06599	2.079	109.6
2017-01-18T06:40	-66.62021	-27.08173	2.783	306.1
2017-01-18T06:50	-66.61477	-27.10312	3.629	302.6
2017-01-18T07:00	-66.60888	-27.12531	3.815	303.7
2017-01-18T07:10	-66.60449	-27.14188	2.848	303.7
2017-01-18T07:20	-66.59842	-27.16512	3.977	303.3
2017-01-18T07:30	-66.58807	-27.19903	6.117	307.5
2017-01-18T07:40	-66.58366	-27.20069	1.602	351.5
2017-01-18T07:50	-66.59374	-27.17143	5.539	130.9
2017-01-18T08:00	-66.60420	-27.14046	5.815	130.4
2017-01-18T08:10	-66.61180	-27.11977	4.030	132.8
2017-01-18T08:20	-66.61748	-27.10786	2.659	140.2
2017-01-18T08:30	-66.62333	-27.09535	2.765	139.7
2017-01-18T08:40	-66.62928	-27.08278	2.794	140.0
2017-01-18T08:50	-66.63517	-27.07053	2.748	140.5
2017-01-18T09:00	-66.64095	-27.05827	2.719	139.9
2017-01-18T09:10	-66.64676	-27.04628	2.705	140.8
2017-01-18T09:20	-66.65265	-27.03341	2.804	139.1
2017-01-18T09:30	-66.65848	-27.02070	2.774	139.2
2017-01-18T09:40	-66.66434	-27.00803	2.779	139.4
2017-01-18T09:50	-66.66765	-26.99008	2.824	114.9
2017-01-18T10:00	-66.66611	-26.99627	1.044	302.1
2017-01-18T10:10	-66.66928	-27.00876	2.117	237.3
2017-01-18T10:20	-66.67408	-27.01604	2.015	211.0
2017-01-18T10:30	-66.67506	-27.03663	2.956	263.2
2017-01-18T10:40	-66.69254	-27.06517	7.494	212.9
2017-01-18T10:50	-66.69255	-27.06842	0.463	269.5
2017-01-18T11:00	-66.69302	-27.07284	0.652	254.9
2017-01-18T11:10	-66.68592	-27.08526	3.110	325.3
2017-01-18T11:20	-66.67720	-27.09365	3.360	339.1
2017-01-18T11:30	-66.66698	-27.10244	3.888	341.2
2017-01-18T11:40	-66.65644	-27.11146	4.006	341.2
2017-01-18T11:50	-66.64604	-27.12022	3.947	341.5
2017-01-18T12:00	-66.63567	-27.12930	3.951	340.8
2017-01-18T12:10	-66.62530	-27.13850	3.961	340.6
2017-01-18T12:20	-66.61494	-27.14759	3.950	340.8
2017-01-18T12:30	-66.60873	-27.12568	3.847	54.5
2017-01-18T12:40	-66.60665	-27.12119	0.986	40.5
2017-01-18T12:50	-66.60819	-27.12244	0.582	197.9
2017-01-18T13:00	-66.60826	-27.12234	0.029	147.9
2017-01-18T13:10	-66.60798	-27.12204	0.107	23.3
2017-01-18T13:20	-66.60799	-27.12121	0.118	91.0
2017-01-18T13:30	-66.60766	-27.12162	0.133	333.6
2017-01-18T13:40	-66.60772	-27.12134	0.047	121.1
2017-01-18T13:50	-66.60774	-27.12072	0.089	93.5
2017-01-18T14:00	-66.60763	-27.12158	0.128	287.3
2017-01-18T14:10	-66.60795	-27.12280	0.208	237.2
2017-01-18T14:20	-66.60805	-27.12350	0.107	249.7
2017-01-18T14:30	-66.60756	-27.12135	0.355	60.1
2017-01-18T14:40	-66.60741	-27.12107	0.066	37.6
2017-01-18T14:50	-66.60734	-27.12095	0.032	31.0
2017-01-18T15:00	-66.60717	-27.12097	0.061	357.2
2017-01-18T15:10	-66.60736	-27.12122	0.077	207.7
2017-01-18T15:20	-66.60748	-27.12130	0.044	194.6
2017-01-18T15:30	-66.60711	-27.12373	0.372	291.0
2017-01-18T15:40	-66.60236	-27.15798	5.186	289.2
2017-01-18T15:50	-66.59778	-27.23225	10.747	278.8
2017-01-18T16:00	-66.60059	-27.23332	1.026	188.6
2017-01-18T16:10	-66.60002	-27.23169	0.312	48.4
2017-01-18T16:20	-66.59971	-27.22936	0.350	71.7
2017-01-18T16:30	-66.59938	-27.22724	0.326	68.6
2017-01-18T16:40	-66.59912	-27.22528	0.296	71.2
2017-01-18T16:50	-66.59912	-27.22378	0.215	90.2
2017-01-18T17:00	-66.59911	-27.22224	0.220	89.2
2017-01-18T17:10	-66.59904	-27.22062	0.233	83.9
2017-01-18T17:20	-66.59897	-27.21905	0.226	83.4
2017-01-18T17:30	-66.59892	-27.21725	0.259	86.3
2017-01-18T17:40	-66.59894	-27.21573	0.217	91.9
2017-01-18T17:50	-66.59897	-27.21377	0.281	92.3
2017-01-18T18:00	-66.59889	-27.21197	0.259	83.7
2017-01-18T18:10	-66.59897	-27.21010	0.268	96.1
2017-01-18T18:20	-66.59902	-27.20817	0.277	93.9
2017-01-18T18:30	-66.59916	-27.20629	0.273	100.1
2017-01-18T18:40	-66.59940	-27.20474	0.238	111.1
2017-01-18T18:50	-66.59951	-27.20288	0.269	98.7
2017-01-18T19:00	-66.59946	-27.20128	0.230	85.7
2017-01-18T19:10	-66.59940	-27.19948	0.258	85.0
2017-01-18T19:20	-66.59351	-27.23637	5.684	291.9
2017-01-18T19:30	-66.58675	-27.31930	12.110	281.6
2017-01-18T19:40	-66.57807	-27.40108	12.114	284.9
2017-01-18T19:50	-66.56962	-27.48315	12.134	284.5
2017-01-18T20:00	-66.56115	-27.56558	12.192	284.5
2017-01-18T20:10	-66.55253	-27.64879	12.317	284.6
2017-01-18T20:20	-66.54392	-27.73113	12.198	284.7
2017-01-18T20:30	-66.53530	-27.81369	12.234	284.7
2017-01-18T20:40	-66.52671	-27.89636	12.250	284.6
2017-01-18T20:50	-66.51805	-27.97879	12.228	284.7
2017-01-18T21:00	-66.50951	-28.06134	12.237	284.5
2017-01-18T21:10	-66.50099	-28.14315	12.139	284.6
2017-01-18T21:20	-66.49204	-28.22443	12.107	285.4
2017-01-18T21:30	-66.48136	-28.30353	11.995	288.7
2017-01-18T21:40	-66.47318	-28.38538	12.125	284.0
2017-01-18T21:50	-66.46517	-28.46713	12.100	283.7
2017-01-18T22:00	-66.45709	-28.54898	12.124	283.8
2017-01-18T22:10	-66.44995	-28.63203	12.219	282.1
2017-01-18T22:20	-66.44187	-28.71440	12.204	283.8
2017-01-18T22:30	-66.43252	-28.79614	12.236	285.9
2017-01-18T22:40	-66.42404	-28.87751	12.106	284.6
2017-01-18T22:50	-66.41549	-28.95870	12.092	284.7
2017-01-18T23:00	-66.40698	-29.03993	12.099	284.6
2017-01-18T23:10	-66.39848	-29.12142	12.137	284.6
2017-01-18T23:20	-66.38993	-29.20289	12.144	284.7
2017-01-18T23:30	-66.38138	-29.28404	12.102	284.7
2017-01-18T23:40	-66.37282	-29.36593	12.210	284.6
2017-01-18T23:50	-66.36423	-29.44785	12.221	284.6
2017-01-19T00:00	-66.35552	-29.53014	12.286	284.7
2017-01-19T00:10	-66.34689	-29.61244	12.286	284.6
2017-01-19T00:20	-66.33817	-29.69459	12.277	284.8
2017-01-19T00:30	-66.32964	-29.77680	12.271	284.5
2017-01-19T00:40	-66.32089	-29.85944	12.357	284.7
2017-01-19T00:50	-66.31216	-29.94246	12.411	284.6
2017-01-19T01:00	-66.30349	-30.02513	12.360	284.6
2017-01-19T01:10	-66.29470	-30.10789	12.389	284.8
2017-01-19T01:20	-66.28593	-30.19097	12.436	284.7
2017-01-19T01:30	-66.27722	-30.27313	12.306	284.7
2017-01-19T01:40	-66.26866	-30.35479	12.224	284.6
2017-01-19T01:50	-66.26008	-30.43591	12.156	284.7
2017-01-19T02:00	-66.25157	-30.51680	12.120	284.6
2017-01-19T02:10	-66.24301	-30.59765	12.124	284.7
2017-01-19T02:20	-66.23452	-30.67801	12.052	284.6
2017-01-19T02:30	-66.22613	-30.75769	11.952	284.6
2017-01-19T02:40	-66.21753	-30.83836	12.114	284.8
2017-01-19T02:50	-66.20914	-30.91845	12.017	284.5
2017-01-19T03:00	-66.20070	-30.99838	12.000	284.6
2017-01-19T03:10	-66.19218	-31.07816	11.993	284.8
2017-01-19T03:20	-66.18384	-31.15833	12.035	284.4
2017-01-19T03:30	-66.17543	-31.23798	11.971	284.6
2017-01-19T03:40	-66.16698	-31.31786	12.011	284.6
2017-01-19T03:50	-66.15841	-31.39822	12.094	284.7
2017-01-19T04:00	-66.14989	-31.47809	12.023	284.7
2017-01-19T04:10	-66.14157	-31.55753	11.949	284.5
2017-01-19T04:20	-66.13306	-31.63664	11.923	284.8
2017-01-19T04:30	-66.12470	-31.71553	11.882	284.6
2017-01-19T04:40	-66.11643	-31.79429	11.859	284.5
2017-01-19T04:50	-66.10788	-31.87309	11.894	285.0
2017-01-19T05:00	-66.09960	-31.95183	11.865	284.5
2017-01-19T05:10	-66.09123	-32.03070	11.895	284.6
2017-01-19T05:20	-66.08290	-32.10943	11.875	284.6
2017-01-19T05:30	-66.07460	-32.18749	11.781	284.6
2017-01-19T05:40	-66.06634	-32.26561	11.790	284.6
2017-01-19T05:50	-66.05800	-32.34339	11.753	284.8
2017-01-19T06:00	-66.04979	-32.42067	11.674	284.6
2017-01-19T06:10	-66.04155	-32.49758	11.628	284.7
2017-01-19T06:20	-66.03347	-32.57476	11.656	284.4
2017-01-19T06:30	-66.02513	-32.65303	11.836	284.7
2017-01-19T06:40	-66.01667	-32.73201	11.951	284.7
2017-01-19T06:50	-66.00819	-32.81116	11.981	284.7
2017-01-19T07:00	-66.00120	-32.89007	11.824	282.3
2017-01-19T07:10	-65.99631	-32.97022	11.870	278.5
2017-01-19T07:20	-65.98893	-33.04948	11.911	282.8
2017-01-19T07:30	-65.97950	-33.12689	11.842	286.6
2017-01-19T07:40	-65.97044	-33.20444	11.827	286.0
2017-01-19T07:50	-65.96126	-33.28183	11.820	286.2
2017-01-19T08:00	-65.95216	-33.35906	11.793	286.1
2017-01-19T08:10	-65.94265	-33.43663	11.887	286.7
2017-01-19T08:20	-65.93328	-33.51343	11.768	286.6
2017-01-19T08:30	-65.92490	-33.59171	11.884	284.7
2017-01-19T08:40	-65.91663	-33.66982	11.856	284.5
2017-01-19T08:50	-65.90820	-33.74771	11.840	284.8
2017-01-19T09:00	-65.89977	-33.82629	11.942	284.7
2017-01-19T09:10	-65.89133	-33.90508	11.978	284.7
2017-01-19T09:20	-65.88293	-33.98402	11.998	284.6
2017-01-19T09:30	-65.87433	-34.06332	12.074	284.8
2017-01-19T09:40	-65.86591	-34.14243	12.032	284.6
2017-01-19T09:50	-65.85749	-34.22112	11.976	284.6
2017-01-19T10:00	-65.84903	-34.30005	12.018	284.6
2017-01-19T10:10	-65.84049	-34.37876	11.996	284.8
2017-01-19T10:20	-65.83218	-34.45733	11.961	284.5
2017-01-19T10:30	-65.82380	-34.53568	11.939	284.6
2017-01-19T10:40	-65.81540	-34.61422	11.972	284.6
2017-01-19T10:50	-65.80690	-34.69323	12.051	284.7
2017-01-19T11:00	-65.79832	-34.77243	12.089	284.8
2017-01-19T11:10	-65.78973	-34.85266	12.242	284.6
2017-01-19T11:20	-65.78101	-34.93321	12.302	284.8
2017-01-19T11:30	-65.77259	-35.01389	12.298	284.2
2017-01-19T11:40	-65.76422	-35.09409	12.229	284.2
2017-01-19T11:50	-65.75595	-35.17431	12.227	284.1
2017-01-19T12:00	-65.74666	-35.25403	12.253	285.8
2017-01-19T12:10	-65.73797	-35.33443	12.299	284.7
2017-01-19T12:20	-65.72926	-35.41437	12.237	284.8
2017-01-19T12:30	-65.72063	-35.49441	12.248	284.7
2017-01-19T12:40	-65.71199	-35.57464	12.281	284.6
2017-01-19T12:50	-65.70330	-35.65548	12.376	284.6
2017-01-19T13:00	-65.69460	-35.73616	12.359	284.6
2017-01-19T13:10	-65.68590	-35.81628	12.281	284.7
2017-01-19T13:20	-65.67729	-35.89626	12.257	284.6
2017-01-19T13:30	-65.66871	-35.97628	12.265	284.6
2017-01-19T13:40	-65.65996	-36.05680	12.354	284.7
2017-01-19T13:50	-65.65130	-36.13684	12.282	284.7
2017-01-19T14:00	-65.64272	-36.21661	12.240	284.6
2017-01-19T14:10	-65.63404	-36.29609	12.211	284.8
2017-01-19T14:20	-65.62792	-36.37624	12.109	280.4
2017-01-19T14:30	-65.62172	-36.42761	7.954	286.3
2017-01-19T14:40	-65.62085	-36.42973	0.445	315.0
2017-01-19T14:50	-65.62042	-36.43201	0.373	294.4
2017-01-19T15:00	-65.62159	-36.42661	0.907	117.8
2017-01-19T15:10	-65.62090	-36.42750	0.283	332.3
2017-01-19T15:20	-65.62100	-36.43105	0.530	266.1
2017-01-19T15:30	-65.62068	-36.42536	0.853	82.3
2017-01-19T15:40	-65.62132	-36.42980	0.698	250.7
2017-01-19T15:50	-65.62045	-36.43481	0.808	292.8
2017-01-19T16:00	-65.61966	-36.43608	0.341	326.3
2017-01-19T16:10	-65.61972	-36.43841	0.346	266.3
2017-01-19T16:20	-65.61996	-36.44205	0.548	261.1
2017-01-19T16:30	-65.62101	-36.44595	0.692	236.9
2017-01-19T16:40	-65.62217	-36.45033	0.774	237.3
2017-01-19T16:50	-65.62247	-36.45269	0.367	252.7
2017-01-19T17:00	-65.62372	-36.45591	0.655	226.9
2017-01-19T17:10	-65.62492	-36.45958	0.698	231.5
2017-01-19T17:20	-65.62615	-36.46351	0.732	232.9
2017-01-19T17:30	-65.62725	-36.46813	0.793	240.1
2017-01-19T17:40	-65.62754	-36.47344	0.795	262.4
2017-01-19T17:50	-65.62760	-36.47813	0.697	268.1
2017-01-19T18:00	-65.62909	-36.48037	0.630	212.0
2017-01-19T18:10	-65.62997	-36.48338	0.548	234.8
2017-01-19T18:20	-65.63049	-36.48834	0.760	255.7
2017-01-19T18:30	-65.63052	-36.49373	0.801	269.2
2017-01-19T18:40	-65.62943	-36.49146	0.517	40.7
2017-01-19T18:50	-65.64501	-36.52601	7.601	222.4
2017-01-19T19:00	-65.66298	-36.58332	10.689	232.7
2017-01-19T19:10	-65.68161	-36.64442	11.273	233.5
2017-01-19T19:20	-65.70008	-36.70481	11.152	233.4
2017-01-19T19:30	-65.71776	-36.76754	11.262	235.6
2017-01-19T19:40	-65.72916	-36.79153	5.428	220.9
2017-01-19T19:50	-65.72642	-36.78097	1.847	57.8
2017-01-19T20:00	-65.72397	-36.77157	1.649	57.6
2017-01-19T20:10	-65.72199	-36.76540	1.157	52.1
2017-01-19T20:20	-65.71956	-36.75942	1.246	45.3
2017-01-19T20:30	-65.71645	-36.74911	1.892	53.8
2017-01-19T20:40	-65.71336	-36.73785	2.004	56.3
2017-01-19T20:50	-65.71036	-36.72691	1.948	56.2
2017-01-19T21:00	-65.70713	-36.71585	2.008	54.7
2017-01-19T21:10	-65.70386	-36.70493	2.000	54.0
2017-01-19T21:20	-65.70062	-36.69366	2.037	55.0
2017-01-19T21:30	-65.69722	-36.68241	2.070	53.7
2017-01-19T21:40	-65.69506	-36.67715	1.099	45.1
2017-01-19T21:50	-65.69401	-36.67612	0.408	22.2
2017-01-19T22:00	-65.69474	-36.68053	0.704	248.2
2017-01-19T22:10	-65.69523	-36.68368	0.500	249.1
2017-01-19T22:20	-65.69447	-36.68297	0.295	20.9
2017-01-19T22:30	-65.69572	-36.67599	1.128	113.5
2017-01-19T22:40	-65.71666	-36.72267	10.230	222.5
2017-01-19T22:50	-65.72586	-36.72911	3.449	196.0
2017-01-19T23:00	-65.72622	-36.73070	0.270	241.1
2017-01-19T23:10	-65.72591	-36.73065	0.114	3.6
2017-01-19T23:20	-65.72557	-36.73078	0.124	351.3
2017-01-19T23:30	-65.72563	-36.73208	0.193	263.8
2017-01-19T23:40	-65.72552	-36.73345	0.206	280.8
2017-01-19T23:50	-65.72548	-36.73378	0.051	284.8
2017-01-20T00:00	-65.72551	-36.73334	0.065	96.8
2017-01-20T00:10	-65.72549	-36.73230	0.154	88.0
2017-01-20T00:20	-65.72559	-36.73129	0.153	103.5
2017-01-20T00:30	-65.72571	-36.73025	0.161	105.6
2017-01-20T00:40	-65.72563	-36.72966	0.091	72.6
2017-01-20T00:50	-65.72585	-36.72926	0.097	141.7
2017-01-20T01:00	-65.72602	-36.72842	0.139	116.9
2017-01-20T01:10	-65.72634	-36.72776	0.149	139.4
2017-01-20T01:20	-65.72674	-36.72748	0.150	164.2
2017-01-20T01:30	-65.72732	-36.72649	0.256	144.8
2017-01-20T01:40	-65.72780	-36.72596	0.189	155.7
2017-01-20T01:50	-65.72815	-36.72534	0.156	143.9
2017-01-20T02:00	-65.72827	-36.72505	0.061	134.2
2017-01-20T02:10	-65.72841	-36.72449	0.096	121.7
2017-01-20T02:20	-65.72906	-36.72283	0.341	133.8
2017-01-20T02:30	-65.73179	-36.70654	2.603	112.2
2017-01-20T02:40	-65.72830	-36.69999	1.588	37.6
2017-01-20T02:50	-65.72772	-36.68365	2.427	85.1
2017-01-20T03:00	-65.72825	-36.67095	1.889	95.7
2017-01-20T03:10	-65.72843	-36.65796	1.924	92.0
2017-01-20T03:20	-65.72863	-36.64669	1.670	92.5
2017-01-20T03:30	-65.72902	-36.63718	1.414	95.7
2017-01-20T03:40	-65.73859	-36.67471	6.535	238.2
2017-01-20T03:50	-65.74911	-36.74634	11.251	250.3
2017-01-20T04:00	-65.75976	-36.81822	11.299	250.1
2017-01-20T04:10	-65.77029	-36.89058	11.346	250.4
2017-01-20T04:20	-65.78084	-36.96328	11.394	250.5
2017-01-20T04:30	-65.79166	-37.03601	11.424	250.0
2017-01-20T04:40	-65.80245	-37.10844	11.375	250.0
2017-01-20T04:50	-65.81316	-37.18090	11.365	250.1
2017-01-20T05:00	-65.82391	-37.25340	11.372	250.1
2017-01-20T05:10	-65.83480	-37.32603	11.403	249.9
2017-01-20T05:20	-65.84552	-37.39911	11.441	250.2
2017-01-20T05:30	-65.85946	-37.46853	11.389	243.8
2017-01-20T05:40	-65.87484	-37.53682	11.478	241.1
2017-01-20T05:50	-65.89012	-37.60439	11.360	241.0
2017-01-20T06:00	-65.90541	-37.67166	11.321	240.9
2017-01-20T06:10	-65.92048	-37.73824	11.187	241.0
2017-01-20T06:20	-65.93554	-37.80464	11.157	240.9
2017-01-20T06:30	-65.95056	-37.87079	11.114	240.8
2017-01-20T06:40	-65.96563	-37.93730	11.164	240.9
2017-01-20T06:50	-65.98087	-38.00470	11.303	240.9
2017-01-20T07:00	-65.99614	-38.07253	11.356	241.0
2017-01-20T07:10	-66.01144	-38.14035	11.357	240.9
2017-01-20T07:20	-66.02675	-38.20829	11.367	241.0
2017-01-20T07:30	-66.04216	-38.27646	11.410	240.9
2017-01-20T07:40	-66.05760	-38.34461	11.406	240.8
2017-01-20T07:50	-66.07288	-38.41296	11.400	241.1
2017-01-20T08:00	-66.08827	-38.48073	11.339	240.7
2017-01-20T08:10	-66.10357	-38.54920	11.409	241.1
2017-01-20T08:20	-66.11896	-38.61742	11.386	240.8
2017-01-20T08:30	-66.13441	-38.68623	11.467	240.9
2017-01-20T08:40	-66.14895	-38.75151	10.852	241.1
2017-01-20T08:50	-66.16241	-38.81054	9.865	240.5
2017-01-20T09:00	-66.17762	-38.87878	11.339	241.1
2017-01-20T09:10	-66.19282	-38.94639	11.248	240.9
2017-01-20T09:20	-66.20801	-39.01438	11.291	241.0
2017-01-20T09:30	-66.22335	-39.08225	11.298	240.7
2017-01-20T09:40	-66.23846	-39.15003	11.242	241.0
2017-01-20T09:50	-66.25363	-39.21754	11.211	240.8
2017-01-20T10:00	-66.26885	-39.28596	11.331	241.0
2017-01-20T10:10	-66.28414	-39.35405	11.296	240.8
2017-01-20T10:20	-66.29935	-39.42239	11.308	241.0
2017-01-20T10:30	-66.31464	-39.49061	11.302	240.8
2017-01-20T10:40	-66.32967	-39.55820	11.172	241.0
2017-01-20T10:50	-66.34477	-39.62596	11.200	240.9
2017-01-20T11:00	-66.35977	-39.69355	11.155	241.0
2017-01-20T11:10	-66.37477	-39.76111	11.148	241.0
2017-01-20T11:20	-66.38988	-39.82898	11.200	240.9
2017-01-20T11:30	-66.40504	-39.89699	11.222	240.9
2017-01-20T11:40	-66.42013	-39.96492	11.194	240.9
2017-01-20T11:50	-66.43504	-40.03276	11.146	241.2
2017-01-20T12:00	-66.45022	-40.10058	11.186	240.7
2017-01-20T12:10	-66.46548	-40.16939	11.318	240.9
2017-01-20T12:20	-66.48071	-40.23776	11.252	240.8
2017-01-20T12:30	-66.49583	-40.30639	11.261	241.1
2017-01-20T12:40	-66.51280	-40.37160	11.178	236.8
2017-01-20T12:50	-66.52252	-40.41779	7.495	242.1
2017-01-20T13:00	-66.53659	-40.48543	10.942	242.4
2017-01-20T13:10	-66.55274	-40.55547	11.600	239.9
2017-01-20T13:20	-66.56821	-40.61907	10.677	238.5
2017-01-20T13:30	-66.58239	-40.68350	10.541	241.0
2017-01-20T13:40	-66.59819	-40.75116	11.227	239.5
2017-01-20T13:50	-66.61408	-40.81977	11.355	239.7
2017-01-20T14:00	-66.63011	-40.88871	11.415	239.6
2017-01-20T14:10	-66.64605	-40.95791	11.427	239.8
2017-01-20T14:20	-66.66202	-41.02778	11.507	240.0
2017-01-20T14:30	-66.67840	-41.09756	11.568	239.3
2017-01-20T14:40	-66.69448	-41.16745	11.518	239.8
2017-01-20T14:50	-66.71037	-41.23731	11.477	240.1
2017-01-20T15:00	-66.72655	-41.30708	11.511	239.6
2017-01-20T15:10	-66.74260	-41.37688	11.486	239.8
2017-01-20T15:20	-66.75886	-41.44713	11.574	239.6
2017-01-20T15:30	-66.77490	-41.51723	11.510	239.8
2017-01-20T15:40	-66.79116	-41.58741	11.554	239.5
2017-01-20T15:50	-66.80739	-41.65805	11.599	239.7
2017-01-20T16:00	-66.82283	-41.72577	11.095	239.9
2017-01-20T16:10	-66.83792	-41.79084	10.700	239.5
2017-01-20T16:20	-66.85400	-41.86142	11.547	239.9
2017-01-20T16:30	-66.87031	-41.93258	11.656	239.7
2017-01-20T16:40	-66.88625	-42.00168	11.330	239.5
2017-01-20T16:50	-66.90122	-42.06714	10.706	239.7
2017-01-20T17:00	-66.91599	-42.13221	10.617	239.9
2017-01-20T17:10	-66.93093	-42.19714	10.626	239.5
2017-01-20T17:20	-66.94584	-42.26237	10.652	239.7
2017-01-20T17:30	-66.96067	-42.32783	10.660	239.9
2017-01-20T17:40	-66.97558	-42.39330	10.672	239.8
2017-01-20T17:50	-66.99049	-42.45833	10.611	239.6
2017-01-20T18:00	-67.00532	-42.52341	10.601	239.7
2017-01-20T18:10	-67.02006	-42.58848	10.577	239.9
2017-01-20T18:20	-67.03468	-42.65243	10.414	239.6
2017-01-20T18:30	-67.04859	-42.71708	10.370	241.1
2017-01-20T18:40	-67.06089	-42.78210	10.144	244.1
2017-01-20T18:50	-67.07695	-42.84407	10.440	236.3
2017-01-20T19:00	-67.09254	-42.90734	10.496	237.6
2017-01-20T19:10	-67.10735	-42.97169	10.476	239.4
2017-01-20T19:20	-67.12199	-43.03665	10.513	239.9
2017-01-20T19:30	-67.13670	-43.10161	10.520	239.7
2017-01-20T19:40	-67.15131	-43.16633	10.469	239.8
2017-01-20T19:50	-67.16601	-43.23065	10.432	239.5
2017-01-20T20:00	-67.18058	-43.29516	10.426	239.8
2017-01-20T20:10	-67.19512	-43.35969	10.418	239.8
2017-01-20T20:20	-67.20963	-43.42406	10.389	239.8
2017-01-20T20:30	-67.22414	-43.48796	10.329	239.6
2017-01-20T20:40	-67.23710	-43.54571	9.302	239.9
2017-01-20T20:50	-67.24817	-43.59453	7.883	239.6
2017-01-20T21:00	-67.25908	-43.64290	7.796	239.7
2017-01-20T21:10	-67.26933	-43.69343	7.939	242.3
2017-01-20T21:20	-67.27443	-43.74908	7.957	256.6
2017-01-20T21:30	-67.27313	-43.80560	7.876	273.4
2017-01-20T21:40	-67.27024	-43.86251	7.986	277.5
2017-01-20T21:50	-67.26803	-43.90840	6.433	277.1
2017-01-20T22:00	-67.26800	-43.96718	8.179	270.0
2017-01-20T22:10	-67.26466	-44.02322	7.890	278.8
2017-01-20T22:20	-67.25924	-44.07594	7.579	284.9
2017-01-20T22:30	-67.26141	-44.13980	8.921	264.9
2017-01-20T22:40	-67.27234	-44.19556	8.699	243.1
2017-01-20T22:50	-67.28249	-44.24684	8.013	242.8
2017-01-20T23:00	-67.27271	-44.30056	8.260	295.2
2017-01-20T23:10	-67.27826	-44.35201	7.429	254.4
2017-01-20T23:20	-67.29494	-44.38918	7.924	220.7
2017-01-20T23:30	-67.30468	-44.44532	8.552	245.8
2017-01-20T23:40	-67.32233	-44.49245	9.122	225.8
2017-01-20T23:50	-67.32835	-44.55809	9.366	256.6
2017-01-21T00:00	-67.34408	-44.60056	8.171	226.1
2017-01-21T00:10	-67.36412	-44.61815	7.617	198.7
2017-01-21T00:20	-67.37192	-44.67135	7.887	249.1
2017-01-21T00:30	-67.39102	-44.70743	8.501	216.0
2017-01-21T00:40	-67.41552	-44.71083	8.830	183.1
2017-01-21T00:50	-67.43458	-44.71810	6.938	188.3
2017-01-21T01:00	-67.45157	-44.73703	6.652	203.1
2017-01-21T01:10	-67.47678	-44.73025	9.125	174.1
2017-01-21T01:20	-67.49419	-44.72255	6.355	170.4
2017-01-21T01:30	-67.51090	-44.71052	6.243	164.6
2017-01-21T01:40	-67.53085	-44.69374	7.543	162.2
2017-01-21T01:50	-67.55586	-44.67977	9.209	168.0
2017-01-21T02:00	-67.57651	-44.71820	9.120	215.4
2017-01-21T02:10	-67.59364	-44.76588	8.991	226.7
2017-01-21T02:20	-67.60387	-44.82078	8.386	243.9
2017-01-21T02:30	-67.62841	-44.80312	9.163	164.7
2017-01-21T02:40	-67.65408	-44.78361	9.620	163.9
2017-01-21T02:50	-67.68071	-44.77062	9.752	169.5
2017-01-21T03:00	-67.70577	-44.74414	9.720	158.1
2017-01-21T03:10	-67.73001	-44.71366	9.671	154.5
2017-01-21T03:20	-67.75609	-44.69481	9.734	164.7
2017-01-21T03:30	-67.78096	-44.66704	9.720	157.1
2017-01-21T03:40	-67.80599	-44.64603	9.454	162.4
2017-01-21T03:50	-67.83182	-44.62638	9.676	164.0
2017-01-21T04:00	-67.85477	-44.58920	9.683	148.6
2017-01-21T04:10	-67.88014	-44.56172	9.867	157.8
2017-01-21T04:20	-67.90611	-44.54153	9.741	163.7
2017-01-21T04:30	-67.92977	-44.51455	9.268	156.8
2017-01-21T04:40	-67.95067	-44.47857	8.962	147.1
2017-01-21T04:50	-67.97264	-44.46658	8.074	168.4
2017-01-21T05:00	-67.99674	-44.45827	8.751	172.6
2017-01-21T05:10	-68.01253	-44.46059	5.694	183.1
2017-01-21T05:20	-68.02814	-44.44804	5.867	163.2
2017-01-21T05:30	-68.05104	-44.40919	9.766	147.6
2017-01-21T05:40	-68.07202	-44.36178	9.885	139.8
2017-01-21T05:50	-68.09590	-44.32559	9.880	150.5
2017-01-21T06:00	-68.12110	-44.29573	9.920	156.2
2017-01-21T06:10	-68.14608	-44.26435	9.930	154.9
2017-01-21T06:20	-68.16988	-44.23503	9.427	155.4
2017-01-21T06:30	-68.19050	-44.18779	9.749	139.6
2017-01-21T06:40	-68.21434	-44.15842	9.440	155.4
2017-01-21T06:50	-68.23589	-44.12557	8.912	150.5
2017-01-21T07:00	-68.26002	-44.12246	8.700	177.3
2017-01-21T07:10	-68.28252	-44.12102	8.101	178.6
2017-01-21T07:20	-68.30224	-44.11584	7.134	174.4
2017-01-21T07:30	-68.31772	-44.13531	6.147	204.9
2017-01-21T07:40	-68.34147	-44.11640	8.914	163.6
2017-01-21T07:50	-68.36650	-44.10395	9.160	169.6
2017-01-21T08:00	-68.38944	-44.09621	8.324	172.9
2017-01-21T08:10	-68.41459	-44.10105	9.079	184.1
2017-01-21T08:20	-68.43324	-44.08398	7.086	161.4
2017-01-21T08:30	-68.45715	-44.08816	8.626	183.7
2017-01-21T08:40	-68.47711	-44.11132	7.810	203.1
2017-01-21T08:50	-68.48095	-44.11096	1.383	178.1
2017-01-21T09:00	-68.48085	-44.11033	0.091	66.6
2017-01-21T09:10	-68.48059	-44.11036	0.094	357.7
2017-01-21T09:20	-68.48034	-44.11063	0.098	339.0
2017-01-21T09:30	-68.48007	-44.11097	0.107	334.8
2017-01-21T09:40	-68.47984	-44.11138	0.098	327.3
2017-01-21T09:50	-68.47961	-44.11182	0.100	323.8
2017-01-21T10:00	-68.47946	-44.11212	0.068	324.1
2017-01-21T10:10	-68.47936	-44.11213	0.038	359.5
2017-01-21T10:20	-68.47930	-44.11208	0.020	17.1
2017-01-21T10:30	-68.47928	-44.11211	0.009	332.1
2017-01-21T10:40	-68.47912	-44.11233	0.064	333.8
2017-01-21T10:50	-68.47896	-44.11261	0.070	328.1
2017-01-21T11:00	-68.48254	-44.10522	1.618	142.9
2017-01-21T11:10	-68.48259	-44.10446	0.102	100.5
2017-01-21T11:20	-68.48264	-44.10471	0.037	243.0
2017-01-21T11:30	-68.48273	-44.10494	0.045	222.7
2017-01-21T11:40	-68.48287	-44.10539	0.079	229.3
2017-01-21T11:50	-68.48308	-44.10606	0.116	229.3
2017-01-21T12:00	-68.48292	-44.10616	0.058	346.0
2017-01-21T12:10	-68.48288	-44.10629	0.024	314.3
2017-01-21T12:20	-68.48283	-44.10652	0.036	301.8
2017-01-21T12:30	-68.48275	-44.10686	0.051	300.6
2017-01-21T12:40	-68.48267	-44.10725	0.060	301.4
2017-01-21T12:50	-68.48256	-44.10766	0.065	304.7
2017-01-21T13:00	-68.48250	-44.10801	0.053	297.1
2017-01-21T13:10	-68.48249	-44.10825	0.031	274.1
2017-01-21T13:20	-68.48250	-44.10838	0.018	256.8
2017-01-21T13:30	-68.48277	-44.10908	0.134	223.2
2017-01-21T13:40	-68.48347	-44.11003	0.280	206.7
2017-01-21T13:50	-68.48364	-44.11021	0.067	201.4
2017-01-21T14:00	-68.48326	-44.10995	0.140	14.4
2017-01-21T14:10	-68.48338	-44.10985	0.043	162.2
2017-01-21T14:20	-68.48334	-44.11007	0.032	296.3
2017-01-21T14:30	-68.48309	-44.11015	0.090	352.7
2017-01-21T14:40	-68.48312	-44.11051	0.049	256.4
2017-01-21T14:50	-68.48313	-44.11097	0.061	266.4
2017-01-21T15:00	-68.48316	-44.11130	0.046	254.3
2017-01-21T15:10	-68.48344	-44.11180	0.118	213.8
2017-01-21T15:20	-68.48369	-44.11262	0.143	229.3
2017-01-21T15:30	-68.48363	-44.11768	0.669	272.1
2017-01-21T15:40	-68.48318	-44.11805	0.167	343.3
2017-01-21T15:50	-68.48297	-44.11942	0.196	292.6
2017-01-21T16:00	-68.48302	-44.12136	0.257	266.2
2017-01-21T16:10	-68.48322	-44.12306	0.235	252.6
2017-01-21T16:20	-68.47120	-44.13214	4.489	344.5
2017-01-21T16:30	-68.45993	-44.12412	4.194	14.6
2017-01-21T16:40	-68.46014	-44.13280	1.149	266.1
2017-01-21T16:50	-68.45899	-44.13040	0.523	37.3
2017-01-21T17:00	-68.45824	-44.13284	0.420	309.9
2017-01-21T17:10	-68.45851	-44.13373	0.152	230.5
2017-01-21T17:20	-68.45882	-44.13463	0.164	226.6
2017-01-21T17:30	-68.45915	-44.13551	0.167	224.1
2017-01-21T17:40	-68.45952	-44.13630	0.168	218.3
2017-01-21T17:50	-68.45987	-44.13707	0.163	219.2
2017-01-21T18:00	-68.46038	-44.13852	0.264	226.6
2017-01-21T18:10	-68.46109	-44.14073	0.389	228.4
2017-01-21T18:20	-68.46149	-44.14141	0.170	211.9
2017-01-21T18:30	-68.46185	-44.14199	0.149	211.2
2017-01-21T18:40	-68.46231	-44.14270	0.192	209.4
2017-01-21T18:50	-68.46279	-44.14335	0.191	206.6
2017-01-21T19:00	-68.46338	-44.14422	0.244	208.1
2017-01-21T19:10	-68.46407	-44.14528	0.282	209.7
2017-01-21T19:20	-68.46313	-44.14043	0.724	62.2
2017-01-21T19:30	-68.44610	-44.12114	6.641	22.6
2017-01-21T19:40	-68.42620	-44.11181	7.269	9.8
2017-01-21T19:50	-68.42152	-44.09937	2.357	44.3
2017-01-21T20:00	-68.42149	-44.09663	0.363	88.6
2017-01-21T20:10	-68.42190	-44.09789	0.222	228.6
2017-01-21T20:20	-68.42225	-44.09855	0.153	214.7
2017-01-21T20:30	-68.42260	-44.09869	0.128	188.6
2017-01-21T20:40	-68.42295	-44.09874	0.126	182.9
2017-01-21T20:50	-68.42325	-44.09870	0.109	177.2
2017-01-21T21:00	-68.42356	-44.09830	0.123	154.6
2017-01-21T21:10	-68.42384	-44.09814	0.102	168.3
2017-01-21T21:20	-68.42406	-44.09772	0.099	145.4
2017-01-21T21:30	-68.42429	-44.09720	0.107	139.8
2017-01-21T21:40	-68.42451	-44.09662	0.110	136.3
2017-01-21T21:50	-68.42467	-44.09614	0.086	131.7
2017-01-21T22:00	-68.42477	-44.09589	0.050	139.0
2017-01-21T22:10	-68.42491	-44.09561	0.061	142.0
2017-01-21T22:20	-68.42491	-44.09473	0.117	90.1
2017-01-21T22:30	-68.42506	-44.09521	0.084	229.2
2017-01-21T22:40	-68.42512	-44.09549	0.042	241.3
2017-01-21T22:50	-68.42520	-44.09546	0.029	173.2
2017-01-21T23:00	-68.42198	-44.08965	1.390	33.7
2017-01-21T23:10	-68.40574	-44.12291	7.322	323.0
2017-01-21T23:20	-68.38407	-44.16324	9.457	325.6
2017-01-21T23:30	-68.36294	-44.20438	9.366	324.3
2017-01-21T23:40	-68.33979	-44.23416	9.224	334.6
2017-01-21T23:50	-68.31572	-44.25317	9.028	343.7
2017-01-22T00:00	-68.29076	-44.25974	9.027	354.4
2017-01-22T00:10	-68.26747	-44.27753	8.716	344.2
2017-01-22T00:20	-68.24242	-44.30140	9.565	340.5
2017-01-22T00:30	-68.21590	-44.31591	9.742	348.5
2017-01-22T00:40	-68.18909	-44.33780	10.086	343.1
2017-01-22T00:50	-68.15918	-44.34458	10.809	355.2
2017-01-22T01:00	-68.12896	-44.34720	10.884	358.2
2017-01-22T01:10	-68.10012	-44.36868	10.778	344.5
2017-01-22T01:20	-68.07214	-44.37764	10.146	353.2
2017-01-22T01:30	-68.05203	-44.40063	7.873	336.9
2017-01-22T01:40	-68.03705	-44.45271	8.845	307.5
2017-01-22T01:50	-68.01425	-44.47440	8.716	340.4
2017-01-22T02:00	-67.99030	-44.48726	8.796	348.6
2017-01-22T02:10	-67.96677	-44.45237	9.692	29.1
2017-01-22T02:20	-67.94163	-44.45309	9.052	359.4
2017-01-22T02:30	-67.91555	-44.47341	9.784	343.7
2017-01-22T02:40	-67.88974	-44.49366	9.690	343.6
2017-01-22T02:50	-67.86276	-44.50411	9.817	351.7
2017-01-22T03:00	-67.83571	-44.50567	9.743	358.8
2017-01-22T03:10	-67.80880	-44.49979	9.719	4.7
2017-01-22T03:20	-67.78354	-44.52811	9.879	337.0
2017-01-22T03:30	-67.75913	-44.56191	9.920	332.3
2017-01-22T03:40	-67.73233	-44.57890	9.924	346.5
2017-01-22T03:50	-67.70724	-44.57211	9.079	5.9
2017-01-22T04:00	-67.68319	-44.59915	9.415	336.9
2017-01-22T04:10	-67.65996	-44.63247	9.526	331.4
2017-01-22T04:20	-67.63561	-44.66084	9.590	336.1
2017-01-22T04:30	-67.60903	-44.66495	9.588	356.6
2017-01-22T04:40	-67.58485	-44.68551	9.152	342.0
2017-01-22T04:50	-67.56022	-44.69364	8.935	352.8
2017-01-22T05:00	-67.53580	-44.71358	9.210	342.7
2017-01-22T05:10	-67.52797	-44.76965	8.214	290.1
2017-01-22T05:20	-67.52645	-44.81258	5.934	275.3
2017-01-22T05:30	-67.50757	-44.82238	6.930	348.8
2017-01-22T05:40	-67.48864	-44.80242	7.352	22.0
2017-01-22T05:50	-67.46426	-44.79596	8.823	5.8
2017-01-22T06:00	-67.44307	-44.82077	8.363	335.8
2017-01-22T06:10	-67.41956	-44.84924	9.332	335.1
2017-01-22T06:20	-67.39740	-44.87591	8.793	335.2
2017-01-22T06:30	-67.37544	-44.86759	7.990	8.3
2017-01-22T06:40	-67.35085	-44.85075	9.154	14.8
2017-01-22T06:50	-67.32467	-44.85165	9.429	359.2
2017-01-22T07:00	-67.29840	-44.86487	9.633	349.0
2017-01-22T07:10	-67.27369	-44.86395	8.899	0.8
2017-01-22T07:20	-67.24775	-44.87792	9.538	348.2
2017-01-22T07:30	-67.22265	-44.89394	9.309	346.1
2017-01-22T07:40	-67.19776	-44.89848	8.985	356.0
2017-01-22T07:50	-67.17195	-44.90353	9.320	355.7
2017-01-22T08:00	-67.14559	-44.90826	9.511	356.0
2017-01-22T08:10	-67.11921	-44.92272	9.711	348.0
2017-01-22T08:20	-67.09250	-44.93327	9.732	351.3
2017-01-22T08:30	-67.06591	-44.94621	9.743	349.3
2017-01-22T08:40	-67.03959	-44.96102	9.701	347.6
2017-01-22T08:50	-67.01339	-44.97801	9.731	345.8
2017-01-22T09:00	-66.98688	-44.99188	9.744	348.4
2017-01-22T09:10	-66.96029	-45.00495	9.747	349.1
2017-01-22T09:20	-66.93384	-45.02312	9.863	344.9
2017-01-22T09:30	-66.90115	-45.04011	12.011	348.5
2017-01-22T09:40	-66.86979	-45.07456	12.297	336.7
2017-01-22T09:50	-66.83677	-45.09612	12.275	345.6
2017-01-22T10:00	-66.80349	-45.11558	12.295	347.0
2017-01-22T10:10	-66.77009	-45.13207	12.253	349.0
2017-01-22T10:20	-66.73612	-45.14688	12.409	350.2
2017-01-22T10:30	-66.70228	-45.16061	12.342	350.9
2017-01-22T10:40	-66.66937	-45.18341	12.286	344.7
2017-01-22T10:50	-66.63656	-45.20911	12.370	342.7
2017-01-22T11:00	-66.60444	-45.24045	12.399	338.8
2017-01-22T11:10	-66.57254	-45.27480	12.492	336.8
2017-01-22T11:20	-66.54027	-45.28771	11.766	350.9
2017-01-22T11:30	-66.51392	-45.28915	9.489	358.8
2017-01-22T11:40	-66.49213	-45.27223	8.212	17.2
2017-01-22T11:50	-66.46805	-45.26078	8.826	10.7
2017-01-22T12:00	-66.44417	-45.26343	8.606	357.5
2017-01-22T12:10	-66.41971	-45.28676	9.425	339.1
2017-01-22T12:20	-66.39645	-45.28278	8.395	3.9
2017-01-22T12:30	-66.37210	-45.29458	8.932	349.0
2017-01-22T12:40	-66.34800	-45.32164	9.516	335.7
2017-01-22T12:50	-66.32240	-45.33827	9.525	345.4
2017-01-22T13:00	-66.29330	-45.36158	11.006	342.1
2017-01-22T13:10	-66.26062	-45.38629	12.300	343.1
2017-01-22T13:20	-66.22755	-45.40867	12.341	344.7
2017-01-22T13:30	-66.19456	-45.43043	12.289	345.1
2017-01-22T13:40	-66.16123	-45.44863	12.291	347.6
2017-01-22T13:50	-66.12781	-45.46423	12.247	349.3
2017-01-22T14:00	-66.09524	-45.48409	12.079	346.1
2017-01-22T14:10	-66.06335	-45.51033	12.102	341.5
2017-01-22T14:20	-66.03102	-45.53080	12.019	345.6
2017-01-22T14:30	-65.99844	-45.54899	12.028	347.2
2017-01-22T14:40	-65.96540	-45.56708	12.187	347.4
2017-01-22T14:50	-65.93227	-45.58548	12.231	347.2
2017-01-22T15:00	-65.89909	-45.60334	12.233	347.6
2017-01-22T15:10	-65.86611	-45.62149	12.169	347.3
2017-01-22T15:20	-65.83292	-45.64000	12.258	347.1
2017-01-22T15:30	-65.79961	-45.65785	12.279	347.6
2017-01-22T15:40	-65.76618	-45.67612	12.337	347.4
2017-01-22T15:50	-65.73281	-45.69435	12.314	347.3
2017-01-22T16:00	-65.69964	-45.71240	12.236	347.4
2017-01-22T16:10	-65.66680	-45.73026	12.118	347.4
2017-01-22T16:20	-65.63402	-45.74824	12.101	347.3
2017-01-22T16:30	-65.60100	-45.76582	12.173	347.6
2017-01-22T16:40	-65.56847	-45.78375	12.012	347.2
2017-01-22T16:50	-65.53580	-45.80133	12.050	347.4
2017-01-22T17:00	-65.50299	-45.81902	12.103	347.4
2017-01-22T17:10	-65.47018	-45.83641	12.096	347.6
2017-01-22T17:20	-65.43750	-45.85403	12.057	347.4
2017-01-22T17:30	-65.40472	-45.87168	12.096	347.4
2017-01-22T17:40	-65.37176	-45.88955	12.166	347.3
2017-01-22T17:50	-65.33858	-45.90740	12.245	347.4
2017-01-22T18:00	-65.30549	-45.92493	12.201	347.5
2017-01-22T18:10	-65.27222	-45.94257	12.268	347.5
2017-01-22T18:20	-65.23897	-45.96056	12.276	347.2
2017-01-22T18:30	-65.20544	-45.97840	12.371	347.4
2017-01-22T18:40	-65.17194	-45.99632	12.361	347.3
2017-01-22T18:50	-65.13843	-46.01431	12.368	347.3
2017-01-22T19:00	-65.10479	-46.03187	12.401	347.6
2017-01-22T19:10	-65.07143	-46.04971	12.313	347.3
2017-01-22T19:20	-65.03800	-46.06734	12.329	347.4
2017-01-22T19:30	-65.00461	-46.08536	12.329	347.2
2017-01-22T19:40	-64.97127	-46.10316	12.307	347.3
2017-01-22T19:50	-64.93797	-46.12026	12.270	347.7
2017-01-22T20:00	-64.90487	-46.13781	12.216	347.3
2017-01-22T20:10	-64.87160	-46.15567	12.284	347.2
2017-01-22T20:20	-64.83806	-46.17309	12.368	347.5
2017-01-22T20:30	-64.80490	-46.19073	12.242	347.2
2017-01-22T20:40	-64.77175	-46.19925	12.004	353.7
2017-01-22T20:50	-64.73802	-46.20436	12.170	356.3
2017-01-22T21:00	-64.70509	-46.22449	12.255	345.4
2017-01-22T21:10	-64.67224	-46.24665	12.312	343.9
2017-01-22T21:20	-64.63893	-46.26439	12.299	347.1
2017-01-22T21:30	-64.60589	-46.28559	12.339	344.6
2017-01-22T21:40	-64.57264	-46.30829	12.472	343.7
2017-01-22T21:50	-64.53963	-46.33117	12.404	343.4
2017-01-22T22:00	-64.50623	-46.35125	12.421	345.5
2017-01-22T22:10	-64.47282	-46.37032	12.385	346.2
2017-01-22T22:20	-64.43958	-46.39017	12.360	345.6
2017-01-22T22:30	-64.40636	-46.40939	12.327	346.0
2017-01-22T22:40	-64.37314	-46.42946	12.363	345.4
2017-01-22T22:50	-64.34006	-46.44970	12.321	345.2
2017-01-22T23:00	-64.33301	-46.44053	2.911	29.4
2017-01-22T23:10	-64.33262	-46.43939	0.226	51.6
2017-01-22T23:20	-64.33291	-46.43902	0.120	151.3
2017-01-22T23:30	-64.33259	-46.43795	0.203	55.6
2017-01-22T23:40	-64.33252	-46.43841	0.076	289.4
2017-01-22T23:50	-64.33264	-46.43888	0.085	239.6
2017-01-23T00:00	-64.33260	-46.43880	0.020	40.0
2017-01-23T00:10	-64.33257	-46.43892	0.022	301.9
2017-01-23T00:20	-64.33254	-46.43911	0.032	290.7
2017-01-23T00:30	-64.33228	-46.43978	0.140	311.7
2017-01-23T00:40	-64.33229	-46.44034	0.087	267.2
2017-01-23T00:50	-64.33237	-46.44073	0.067	246.0
2017-01-23T01:00	-64.33283	-46.44052	0.169	168.8
2017-01-23T01:10	-64.33351	-46.43973	0.274	153.2
2017-01-23T01:20	-64.33392	-46.43982	0.149	185.7
2017-01-23T01:30	-64.33423	-46.44029	0.133	213.5
2017-01-23T01:40	-64.33470	-46.44075	0.184	202.9
2017-01-23T01:50	-64.33541	-46.44081	0.256	182.0
2017-01-23T02:00	-64.33616	-46.44061	0.272	173.6
2017-01-23T02:10	-64.34002	-46.41123	4.787	106.9
2017-01-23T02:20	-64.34586	-46.33996	11.309	100.8
2017-01-23T02:30	-64.35206	-46.26755	11.504	101.2
2017-01-23T02:40	-64.35823	-46.19470	11.567	101.1
2017-01-23T02:50	-64.36345	-46.12112	11.616	99.3
2017-01-23T03:00	-64.36616	-46.05612	10.172	95.5
2017-01-23T03:10	-64.37082	-46.00558	8.048	102.1
2017-01-23T03:20	-64.37316	-45.98115	3.897	102.5
2017-01-23T03:30	-64.37483	-45.96944	1.919	108.2
2017-01-23T03:40	-64.37616	-45.95950	1.620	107.2
2017-01-23T03:50	-64.37685	-45.95640	0.543	117.2
2017-01-23T04:00	-64.37858	-45.94433	1.981	108.4
2017-01-23T04:10	-64.38005	-45.93369	1.738	107.7
2017-01-23T04:20	-64.38023	-45.93368	0.066	178.2
2017-01-23T04:30	-64.37998	-45.94077	1.107	274.6
2017-01-23T04:40	-64.38030	-45.93997	0.170	132.7
2017-01-23T04:50	-64.38048	-45.93917	0.140	117.8
2017-01-23T05:00	-64.38080	-45.93808	0.204	123.7
2017-01-23T05:10	-64.38092	-45.93660	0.235	100.9
2017-01-23T05:20	-64.38094	-45.93539	0.189	92.1
2017-01-23T05:30	-64.38100	-45.93396	0.223	95.9
2017-01-23T05:40	-64.38098	-45.93258	0.215	87.8
2017-01-23T05:50	-64.38076	-45.93149	0.188	65.3
2017-01-23T06:00	-64.38028	-45.93064	0.217	37.6
2017-01-23T06:10	-64.37998	-45.92966	0.188	54.2
2017-01-23T06:20	-64.37951	-45.92870	0.224	41.5
2017-01-23T06:30	-64.37902	-45.92789	0.218	35.5
2017-01-23T06:40	-64.37852	-45.92731	0.202	26.7
2017-01-23T06:50	-64.37813	-45.92677	0.164	31.0
2017-01-23T07:00	-64.37781	-45.92589	0.178	50.3
2017-01-23T07:10	-64.37750	-45.92507	0.170	48.2
2017-01-23T07:20	-64.37685	-45.92424	0.266	29.1
2017-01-23T07:30	-64.37608	-45.92319	0.322	30.4
2017-01-23T07:40	-64.37530	-45.92237	0.308	24.6
2017-01-23T07:50	-64.37656	-45.90549	2.667	99.8
2017-01-23T08:00	-64.38180	-45.87473	5.148	111.5
2017-01-23T08:10	-64.38180	-45.87401	0.113	90.3
2017-01-23T08:20	-64.38165	-45.87283	0.192	72.8
2017-01-23T08:30	-64.38111	-45.87467	0.346	304.1
2017-01-23T08:40	-64.38036	-45.87527	0.283	340.8
2017-01-23T08:50	-64.38014	-45.87510	0.084	18.8
2017-01-23T09:00	-64.37945	-45.87460	0.262	17.3
2017-01-23T09:10	-64.37975	-45.86924	0.841	97.4
2017-01-23T09:20	-64.38031	-45.86667	0.448	116.8
2017-01-23T09:30	-64.37848	-45.86707	0.662	354.6
2017-01-23T09:40	-64.37713	-45.86981	0.647	318.9
2017-01-23T09:50	-64.37561	-45.86999	0.548	356.9
2017-01-23T10:00	-64.37382	-45.87017	0.644	357.6
2017-01-23T10:10	-64.37211	-45.87121	0.636	345.2
2017-01-23T10:20	-64.37122	-45.87296	0.420	319.6
2017-01-23T10:30	-64.37048	-45.87448	0.358	318.5
2017-01-23T10:40	-64.37014	-45.87530	0.174	313.3
2017-01-23T10:50	-64.36982	-45.87610	0.170	312.7
2017-01-23T11:00	-64.36927	-45.87766	0.315	309.5
2017-01-23T11:10	-64.36903	-45.87934	0.276	287.6
2017-01-23T11:20	-64.37196	-45.92395	7.026	261.4
2017-01-23T11:30	-64.36634	-45.99884	11.837	279.8
2017-01-23T11:40	-64.36002	-46.07368	11.879	281.0
2017-01-23T11:50	-64.35354	-46.14812	11.831	281.3
2017-01-23T12:00	-64.34602	-46.22171	11.785	283.3
2017-01-23T12:10	-64.33866	-46.29483	11.704	283.0
2017-01-23T12:20	-64.33102	-46.36846	11.806	283.4
2017-01-23T12:30	-64.32348	-46.44245	11.857	283.2
2017-01-23T12:40	-64.31597	-46.51572	11.748	283.3
2017-01-23T12:50	-64.30840	-46.58860	11.696	283.4
2017-01-23T13:00	-64.30113	-46.66089	11.584	283.0
2017-01-23T13:10	-64.29349	-46.73359	11.681	283.6
2017-01-23T13:20	-64.28685	-46.79791	10.327	283.4
2017-01-23T13:30	-64.28083	-46.86069	10.045	282.4
2017-01-23T13:40	-64.27312	-46.93311	11.652	283.8
2017-01-23T13:50	-64.26553	-47.00615	11.740	283.4
2017-01-23T14:00	-64.25784	-47.07987	11.854	283.5
2017-01-23T14:10	-64.25032	-47.15300	11.754	283.3
2017-01-23T14:20	-64.24289	-47.22576	11.692	283.2
2017-01-23T14:30	-64.23516	-47.29952	11.874	283.5
2017-01-23T14:40	-64.22768	-47.37358	11.900	283.0
2017-01-23T14:50	-64.22019	-47.44618	11.683	283.3
2017-01-23T15:00	-64.21543	-47.49265	7.476	283.2
2017-01-23T15:10	-64.21592	-47.48974	0.490	111.5
2017-01-23T15:20	-64.21558	-47.49176	0.340	291.4
2017-01-23T15:30	-64.21574	-47.49134	0.088	131.1
2017-01-23T15:40	-64.21591	-47.49157	0.071	211.1
2017-01-23T15:50	-64.21590	-47.49062	0.149	89.4
2017-01-23T16:00	-64.21583	-47.49034	0.051	58.2
2017-01-23T16:10	-64.21578	-47.48994	0.066	73.0
2017-01-23T16:20	-64.21608	-47.49068	0.160	226.2
2017-01-23T16:30	-64.21581	-47.48964	0.190	58.7
2017-01-23T16:40	-64.21596	-47.48898	0.117	118.5
2017-01-23T16:50	-64.21571	-47.49003	0.187	299.2
2017-01-23T17:00	-64.21585	-47.48998	0.052	172.7
2017-01-23T17:10	-64.21569	-47.49025	0.073	325.2
2017-01-23T17:20	-64.21572	-47.49020	0.014	147.9
2017-01-23T17:30	-64.21522	-47.48258	1.208	81.5
2017-01-23T17:40	-64.20922	-47.42497	9.279	76.6
2017-01-23T17:50	-64.20872	-47.41491	1.586	83.6
2017-01-23T18:00	-64.20885	-47.41479	0.051	157.6
2017-01-23T18:10	-64.20876	-47.41053	0.667	87.2
2017-01-23T18:20	-64.20872	-47.40753	0.470	88.3
2017-01-23T18:30	-64.20901	-47.40550	0.334	107.7
2017-01-23T18:40	-64.20937	-47.40138	0.659	101.5
2017-01-23T18:50	-64.20981	-47.39798	0.556	106.3
2017-01-23T19:00	-64.21016	-47.39763	0.140	157.4
2017-01-23T19:10	-64.21025	-47.39791	0.054	234.8
2017-01-23T19:20	-64.21036	-47.39666	0.201	100.9
2017-01-23T19:30	-64.21028	-47.39651	0.037	37.9
2017-01-23T19:40	-64.20999	-47.39404	0.401	75.2
2017-01-23T19:50	-64.20985	-47.39232	0.273	79.6
2017-01-23T20:00	-64.20971	-47.39190	0.084	51.9
2017-01-23T20:10	-64.20964	-47.39330	0.221	276.3
2017-01-23T20:20	-64.20991	-47.39656	0.519	259.3
2017-01-23T20:30	-64.21037	-47.39740	0.212	218.4
2017-01-23T20:40	-64.21048	-47.39689	0.087	116.2
2017-01-23T20:50	-64.21053	-47.39623	0.106	100.2
2017-01-23T21:00	-64.21367	-47.36191	5.494	101.9
2017-01-23T21:10	-64.22180	-47.29231	11.285	105.1
2017-01-23T21:20	-64.23004	-47.22201	11.398	105.1
2017-01-23T21:30	-64.23830	-47.15101	11.504	105.0
2017-01-23T21:40	-64.24664	-47.07950	11.584	105.0
2017-01-23T21:50	-64.25489	-47.01469	10.564	106.4
2017-01-23T22:00	-64.25673	-47.00509	1.642	113.8
2017-01-23T22:10	-64.25634	-47.00448	0.171	34.3
2017-01-23T22:20	-64.25573	-47.00512	0.242	335.5
2017-01-23T22:30	-64.25595	-47.00384	0.215	111.2
2017-01-23T22:40	-64.25616	-47.00189	0.314	104.3
2017-01-23T22:50	-64.25553	-47.00186	0.226	1.1
2017-01-23T23:00	-64.25515	-47.00129	0.166	32.9
2017-01-23T23:10	-64.25569	-47.00010	0.271	136.8
2017-01-23T23:20	-64.25563	-46.99942	0.109	76.9
2017-01-23T23:30	-64.25482	-47.00013	0.312	339.1
2017-01-23T23:40	-64.25437	-46.99999	0.162	8.1
2017-01-23T23:50	-64.25439	-47.00001	0.009	205.3
2017-01-24T00:00	-64.25478	-46.99924	0.185	139.4
2017-01-24T00:10	-64.25527	-46.99815	0.244	135.7
2017-01-24T00:20	-64.25585	-46.99753	0.229	155.0
2017-01-24T00:30	-64.25628	-46.99743	0.156	174.3
2017-01-24T00:40	-64.25656	-46.99743	0.100	179.9
2017-01-24T00:50	-64.25685	-46.99783	0.122	210.6
2017-01-24T01:00	-64.25646	-46.99878	0.204	313.1
2017-01-24T01:10	-64.25336	-47.04049	6.618	279.7
2017-01-24T01:20	-64.24206	-47.11202	11.907	289.9
2017-01-24T01:30	-64.23111	-47.18436	11.986	289.2
2017-01-24T01:40	-64.22018	-47.25699	12.033	289.1
2017-01-24T01:50	-64.20927	-47.32932	11.991	289.1
2017-01-24T02:00	-64.20201	-47.40283	11.810	282.8
2017-01-24T02:10	-64.19237	-47.47462	11.773	287.1
2017-01-24T02:20	-64.18229	-47.54651	11.840	287.8
2017-01-24T02:30	-64.17231	-47.61856	11.858	287.6
2017-01-24T02:40	-64.16241	-47.69102	11.914	287.4
2017-01-24T02:50	-64.15235	-47.76327	11.902	287.7
2017-01-24T03:00	-64.14220	-47.83546	11.910	287.8
2017-01-24T03:10	-64.13227	-47.90770	11.895	287.5
2017-01-24T03:20	-64.12237	-47.97988	11.888	287.4
2017-01-24T03:30	-64.11227	-48.05219	11.932	287.7
2017-01-24T03:40	-64.10240	-48.12379	11.806	287.5
2017-01-24T03:50	-64.09243	-48.19513	11.780	287.7
2017-01-24T04:00	-64.08243	-48.26625	11.756	287.8
2017-01-24T04:10	-64.07265	-48.33780	11.800	287.3
2017-01-24T04:20	-64.06696	-48.37989	6.936	287.2
2017-01-24T04:30	-64.06652	-48.37804	0.330	61.6
2017-01-24T04:40	-64.06620	-48.37777	0.124	20.1
2017-01-24T04:50	-64.06615	-48.37675	0.162	84.3
2017-01-24T05:00	-64.06606	-48.37552	0.197	79.6
2017-01-24T05:10	-64.06653	-48.37492	0.196	150.9
2017-01-24T05:20	-64.06680	-48.37392	0.185	122.0
2017-01-24T05:30	-64.06630	-48.37483	0.231	322.0
2017-01-24T05:40	-64.06714	-48.37285	0.435	134.5
2017-01-24T05:50	-64.06724	-48.37318	0.063	235.4
2017-01-24T06:00	-64.06727	-48.37308	0.018	120.4
2017-01-24T06:10	-64.06703	-48.37405	0.174	299.0
2017-01-24T06:20	-64.06661	-48.37676	0.452	289.8
2017-01-24T06:30	-64.06634	-48.37962	0.461	282.2
2017-01-24T06:40	-64.06663	-48.38107	0.252	245.2
2017-01-24T06:50	-64.06744	-48.38028	0.318	157.0
2017-01-24T07:00	-64.06763	-48.38104	0.138	240.9
2017-01-24T07:10	-64.06719	-48.38204	0.224	315.3
2017-01-24T07:20	-64.06658	-48.38108	0.268	34.6
2017-01-24T07:30	-64.06662	-48.38015	0.148	96.1
2017-01-24T07:40	-64.06674	-48.38143	0.206	258.2
2017-01-24T07:50	-64.06643	-48.38151	0.110	353.2
2017-01-24T08:00	-64.06697	-48.37939	0.385	119.8
2017-01-24T08:10	-64.06682	-48.37969	0.071	316.8
2017-01-24T08:20	-64.06646	-48.38053	0.185	314.3
2017-01-24T08:30	-64.06644	-48.38069	0.025	287.0
2017-01-24T08:40	-64.06646	-48.38037	0.050	95.4
2017-01-24T08:50	-64.06664	-48.38086	0.101	229.0
2017-01-24T09:00	-64.06697	-48.38072	0.120	169.5
2017-01-24T09:10	-64.06689	-48.38269	0.312	275.3
2017-01-24T09:20	-64.06677	-48.38352	0.136	287.9
2017-01-24T09:30	-64.06691	-48.38365	0.052	204.4
2017-01-24T09:40	-64.07036	-48.37885	1.456	148.7
2017-01-24T09:50	-64.07213	-48.37577	0.800	142.7
2017-01-24T10:00	-64.07455	-48.37168	1.085	143.6
2017-01-24T10:10	-64.07788	-48.36663	1.438	146.4
2017-01-24T10:20	-64.08069	-48.36204	1.243	144.5
2017-01-24T10:30	-64.08261	-48.35783	0.957	136.2
2017-01-24T10:40	-64.08271	-48.35592	0.304	96.4
2017-01-24T10:50	-64.08259	-48.37245	2.602	270.9
2017-01-24T11:00	-64.06385	-48.43225	11.582	305.6
2017-01-24T11:10	-64.04453	-48.49152	11.643	306.7
2017-01-24T11:20	-64.02545	-48.55238	11.801	305.6
2017-01-24T11:30	-64.00871	-48.61680	11.815	300.6
2017-01-24T11:40	-63.99290	-48.68178	11.730	299.0
2017-01-24T11:50	-63.97702	-48.74613	11.659	299.3
2017-01-24T12:00	-63.96122	-48.81060	11.669	299.2
2017-01-24T12:10	-63.94528	-48.87552	11.759	299.2
2017-01-24T12:20	-63.92924	-48.94111	11.874	299.1
2017-01-24T12:30	-63.91644	-48.99303	9.423	299.3
2017-01-24T12:40	-63.90406	-49.04778	9.746	297.2
2017-01-24T12:50	-63.89492	-49.09266	7.834	294.8
2017-01-24T13:00	-63.89336	-49.08662	1.110	59.5
2017-01-24T13:10	-63.89116	-49.08780	0.811	346.6
2017-01-24T13:20	-63.89105	-49.08634	0.236	79.8
2017-01-24T13:30	-63.88950	-49.08865	0.667	326.8
2017-01-24T13:40	-63.89065	-49.08879	0.414	183.2
2017-01-24T13:50	-63.89243	-49.08680	0.716	153.8
2017-01-24T14:00	-63.89426	-49.08517	0.708	158.6
2017-01-24T14:10	-63.89497	-49.08449	0.278	157.3
2017-01-24T14:20	-63.89492	-49.08305	0.229	85.2
2017-01-24T14:30	-63.90088	-49.13198	8.042	254.5
2017-01-24T14:40	-63.90685	-49.20493	11.751	259.4
2017-01-24T14:50	-63.91445	-49.26853	10.436	254.8
2017-01-24T15:00	-63.91673	-49.26731	0.842	166.7
2017-01-24T15:10	-63.91708	-49.26800	0.166	220.8
2017-01-24T15:20	-63.91713	-49.26812	0.026	225.6
2017-01-24T15:30	-63.91720	-49.26837	0.048	238.9
2017-01-24T15:40	-63.91712	-49.26676	0.257	83.6
2017-01-24T15:50	-63.91321	-49.21939	7.631	79.4
2017-01-24T16:00	-63.90904	-49.16113	9.346	80.8
2017-01-24T16:10	-63.89552	-49.09682	11.289	64.5
2017-01-24T16:20	-63.89185	-49.08417	2.401	56.6
2017-01-24T16:30	-63.89285	-49.08544	0.413	209.1
2017-01-24T16:40	-63.89330	-49.08583	0.174	201.0
2017-01-24T16:50	-63.89279	-49.08669	0.230	323.6
2017-01-24T17:00	-63.89261	-49.08739	0.128	299.7
2017-01-24T17:10	-63.89482	-49.08671	0.805	172.3
2017-01-24T17:20	-63.89576	-49.08717	0.345	192.2
2017-01-24T17:30	-63.89560	-49.08828	0.186	288.1
2017-01-24T17:40	-63.89517	-49.08999	0.311	299.8
2017-01-24T17:50	-63.89489	-49.09158	0.272	291.7
2017-01-24T18:00	-63.89495	-49.09248	0.144	261.2
2017-01-24T18:10	-63.89590	-49.09041	0.474	136.1
2017-01-24T18:20	-63.89652	-49.08886	0.331	132.4
2017-01-24T18:30	-63.89664	-49.08822	0.112	113.7
2017-01-24T18:40	-63.89651	-49.08735	0.145	70.9
2017-01-24T18:50	-63.89636	-49.08551	0.297	79.2
2017-01-24T19:00	-63.89615	-49.08415	0.227	71.0
2017-01-24T19:10	-63.89590	-49.08281	0.230	67.4
2017-01-24T19:20	-63.89540	-49.08116	0.318	55.4
2017-01-24T19:30	-63.89479	-49.08108	0.219	3.0
2017-01-24T19:40	-63.89411	-49.08147	0.254	346.0
2017-01-24T19:50	-63.89434	-49.08109	0.103	143.7
2017-01-24T20:00	-63.89449	-49.08013	0.161	109.2
2017-01-24T20:10	-63.89368	-49.08098	0.321	335.2
2017-01-24T20:20	-63.89306	-49.08091	0.223	2.7
2017-01-24T20:30	-63.89248	-49.08027	0.232	26.0
2017-01-24T20:40	-63.89223	-49.07806	0.361	75.8
2017-01-24T20:50	-63.89210	-49.07752	0.098	61.1
2017-01-24T21:00	-63.89143	-49.07762	0.245	356.3
2017-01-24T21:10	-63.89056	-49.07736	0.313	7.7
2017-01-24T21:20	-63.89024	-49.07741	0.117	356.2
2017-01-24T21:30	-63.88981	-49.07673	0.189	34.8
2017-01-24T21:40	-63.88931	-49.07597	0.216	33.9
2017-01-24T21:50	-63.89171	-49.09244	2.750	251.7
2017-01-24T22:00	-63.88686	-49.16342	11.382	278.8
2017-01-24T22:10	-63.88064	-49.23567	11.668	281.0
2017-01-24T22:20	-63.87428	-49.30783	11.666	281.3
2017-01-24T22:30	-63.86797	-49.38006	11.676	281.2
2017-01-24T22:40	-63.86166	-49.45330	11.835	281.0
2017-01-24T22:50	-63.85518	-49.52643	11.833	281.3
2017-01-24T23:00	-63.84387	-49.59615	11.790	290.2
2017-01-24T23:10	-63.84560	-49.62216	4.175	261.4
2017-01-24T23:20	-63.84609	-49.62109	0.244	135.7
2017-01-24T23:30	-63.84578	-49.62156	0.132	325.6
2017-01-24T23:40	-63.84593	-49.62175	0.062	209.9
2017-01-24T23:50	-63.84579	-49.62248	0.126	293.4
2017-01-25T00:00	-63.84553	-49.62218	0.106	26.4
2017-01-25T00:10	-63.84525	-49.62236	0.103	344.2
2017-01-25T00:20	-63.84502	-49.62193	0.108	39.4
2017-01-25T00:30	-63.84513	-49.62161	0.065	128.7
2017-01-25T00:40	-63.84514	-49.62139	0.035	91.2
2017-01-25T00:50	-63.84559	-49.62139	0.163	180.2
2017-01-25T01:00	-63.84605	-49.62058	0.211	142.3
2017-01-25T01:10	-63.84626	-49.61992	0.128	125.7
2017-01-25T01:20	-63.84610	-49.61940	0.100	55.1
2017-01-25T01:30	-63.84602	-49.61907	0.061	60.6
2017-01-25T01:40	-63.84607	-49.61893	0.030	131.8
2017-01-25T01:50	-63.84618	-49.61895	0.038	185.7
2017-01-25T02:00	-63.84634	-49.61869	0.072	145.2
2017-01-25T02:10	-63.84652	-49.61827	0.094	134.5
2017-01-25T02:20	-63.84371	-49.63679	3.109	289.0
2017-01-25T02:30	-63.83453	-49.70593	11.461	286.7
2017-01-25T02:40	-63.82527	-49.76943	10.620	288.3
2017-01-25T02:50	-63.81617	-49.83174	10.427	288.3
2017-01-25T03:00	-63.80692	-49.89426	10.478	288.5
2017-01-25T03:10	-63.79803	-49.95651	10.399	287.9
2017-01-25T03:20	-63.78873	-50.01900	10.485	288.6
2017-01-25T03:30	-63.77656	-50.07421	9.815	296.5
2017-01-25T03:40	-63.77684	-50.08614	1.901	266.9
2017-01-25T03:50	-63.77719	-50.08810	0.335	248.0
2017-01-25T04:00	-63.77682	-50.08859	0.154	329.1
2017-01-25T04:10	-63.77698	-50.09010	0.247	256.3
2017-01-25T04:20	-63.77700	-50.09037	0.043	263.0
2017-01-25T04:30	-63.77642	-50.08955	0.245	32.4
2017-01-25T04:40	-63.77554	-50.08916	0.324	10.9
2017-01-25T04:50	-63.77539	-50.08815	0.170	71.2
2017-01-25T05:00	-63.77602	-50.08816	0.230	180.7
2017-01-25T05:10	-63.77600	-50.08850	0.054	280.1
2017-01-25T05:20	-63.77642	-50.08892	0.166	203.5
2017-01-25T05:30	-63.77783	-50.08869	0.506	176.0
2017-01-25T05:40	-63.77904	-50.08677	0.535	145.1
2017-01-25T05:50	-63.77880	-50.08633	0.114	38.1
2017-01-25T06:00	-63.78152	-50.09074	1.207	215.6
2017-01-25T06:10	-63.78462	-50.09551	1.348	214.3
2017-01-25T06:20	-63.78742	-50.10006	1.241	215.6
2017-01-25T06:30	-63.78949	-50.10558	1.153	229.7
2017-01-25T06:40	-63.79219	-50.11200	1.410	226.4
2017-01-25T06:50	-63.78637	-50.11633	2.207	341.8
2017-01-25T07:00	-63.77771	-50.08800	5.478	55.3
2017-01-25T07:10	-63.77733	-50.08731	0.175	39.1
2017-01-25T07:20	-63.77778	-50.08840	0.236	227.4
2017-01-25T07:30	-63.77743	-50.08891	0.150	326.9
2017-01-25T07:40	-63.77711	-50.08762	0.235	61.2
2017-01-25T07:50	-63.77781	-50.08890	0.322	219.1
2017-01-25T08:00	-63.77784	-50.08898	0.019	227.3
2017-01-25T08:10	-63.77805	-50.08962	0.124	234.0
2017-01-25T08:20	-63.77804	-50.08975	0.022	279.5
2017-01-25T08:30	-63.77818	-50.08985	0.053	196.7
2017-01-25T08:40	-63.77836	-50.08970	0.071	160.7
2017-01-25T08:50	-63.77521	-50.10390	2.528	296.7
2017-01-25T09:00	-63.77114	-50.17262	11.032	277.6
2017-01-25T09:10	-63.76634	-50.24289	11.316	278.8
2017-01-25T09:20	-63.76061	-50.31353	11.431	280.4
2017-01-25T09:30	-63.75497	-50.38456	11.489	280.2
2017-01-25T09:40	-63.74919	-50.45617	11.592	280.3
2017-01-25T09:50	-63.74354	-50.52784	11.595	280.1
2017-01-25T10:00	-63.73414	-50.59589	11.355	287.3
2017-01-25T10:10	-63.72445	-50.65213	9.618	291.2
2017-01-25T10:20	-63.71910	-50.71415	10.072	281.0
2017-01-25T10:30	-63.71444	-50.77638	10.062	279.6
2017-01-25T10:40	-63.71775	-50.82079	7.181	260.4
2017-01-25T10:50	-63.71882	-50.82270	0.492	218.4
2017-01-25T11:00	-63.71813	-50.82177	0.289	31.1
2017-01-25T11:10	-63.71834	-50.82170	0.077	171.9
2017-01-25T11:20	-63.71825	-50.82074	0.156	78.1
2017-01-25T11:30	-63.71858	-50.82081	0.116	185.2
2017-01-25T11:40	-63.72154	-50.82764	1.525	225.6
2017-01-25T11:50	-63.72429	-50.85651	4.706	257.9
2017-01-25T12:00	-63.72391	-50.85741	0.196	313.0
2017-01-25T12:10	-63.72369	-50.85934	0.319	285.0
2017-01-25T12:20	-63.72275	-50.85872	0.349	16.4
2017-01-25T12:30	-63.72362	-50.85804	0.330	160.8
2017-01-25T12:40	-63.72554	-50.85805	0.692	180.1
2017-01-25T12:50	-63.72384	-50.85631	0.672	24.3
2017-01-25T13:00	-63.72356	-50.85412	0.364	73.6
2017-01-25T13:10	-63.72482	-50.85129	0.639	135.1
2017-01-25T13:20	-63.72546	-50.84932	0.390	126.6
2017-01-25T13:30	-63.72537	-50.84638	0.470	86.0
2017-01-25T13:40	-63.72437	-50.84523	0.404	27.0
2017-01-25T13:50	-63.72350	-50.84471	0.324	14.8
2017-01-25T14:00	-63.72470	-50.84489	0.434	183.7
2017-01-25T14:10	-63.72664	-50.84514	0.700	183.2
2017-01-25T14:20	-63.72681	-50.84466	0.097	129.2
2017-01-25T14:30	-63.72788	-50.84494	0.387	186.5
2017-01-25T14:40	-63.72949	-50.84491	0.580	179.5
2017-01-25T14:50	-63.73041	-50.84525	0.336	189.4
2017-01-25T15:00	-63.73078	-50.84492	0.142	158.4
2017-01-25T15:10	-63.73107	-50.84296	0.330	108.6
2017-01-25T15:20	-63.73176	-50.84307	0.247	184.2
2017-01-25T15:30	-63.73252	-50.84420	0.329	213.0
2017-01-25T15:40	-63.73304	-50.84588	0.327	235.1
2017-01-25T15:50	-63.73348	-50.84750	0.304	238.5
2017-01-25T16:00	-63.73395	-50.84934	0.338	240.2
2017-01-25T16:10	-63.73400	-50.85113	0.286	266.6
2017-01-25T16:20	-63.73397	-50.85231	0.187	272.7
2017-01-25T16:30	-63.73411	-50.85394	0.264	259.5
2017-01-25T16:40	-63.73449	-50.85602	0.359	247.4
2017-01-25T16:50	-63.73542	-50.85712	0.377	207.7
2017-01-25T17:00	-63.73672	-50.85701	0.470	178.0
2017-01-25T17:10	-63.73781	-50.85706	0.392	181.0
2017-01-25T17:20	-63.73837	-50.85736	0.208	193.4
2017-01-25T17:30	-63.73920	-50.85764	0.301	188.6
2017-01-25T17:40	-63.74026	-50.85777	0.382	183.0
2017-01-25T17:50	-63.74153	-50.85884	0.488	200.5
2017-01-25T18:00	-63.73128	-50.89208	6.454	304.8
2017-01-25T18:10	-63.73124	-50.89487	0.446	272.0
2017-01-25T18:20	-63.73011	-50.89441	0.415	10.2
2017-01-25T18:30	-63.72870	-50.89407	0.509	6.1
2017-01-25T18:40	-63.72809	-50.90361	1.536	278.2
2017-01-25T18:50	-63.70883	-50.95765	11.059	308.8
2017-01-25T19:00	-63.68849	-51.01610	11.857	308.1
2017-01-25T19:10	-63.66564	-51.07029	11.940	313.5
2017-01-25T19:20	-63.64412	-51.12687	11.906	310.6
2017-01-25T19:30	-63.62457	-51.18723	11.944	306.1
2017-01-25T19:40	-63.60535	-51.24801	11.937	305.4
2017-01-25T19:50	-63.58853	-51.29937	10.212	306.4
2017-01-25T20:00	-63.58770	-51.30549	1.024	286.9
2017-01-25T20:10	-63.58773	-51.30526	0.038	107.9
2017-01-25T20:20	-63.58773	-51.30530	0.006	267.7
2017-01-25T20:30	-63.58791	-51.30622	0.160	246.5
2017-01-25T20:40	-63.58785	-51.30700	0.127	279.9
2017-01-25T20:50	-63.58779	-51.30645	0.090	77.0
2017-01-25T21:00	-63.58746	-51.30621	0.127	17.2
2017-01-25T21:10	-63.58783	-51.30627	0.135	183.8
2017-01-25T21:20	-63.58816	-51.30561	0.159	138.0
2017-01-25T21:30	-63.58760	-51.30428	0.293	46.7
2017-01-25T21:40	-63.58728	-51.30368	0.149	39.9
2017-01-25T21:50	-63.59156	-51.29659	1.914	143.6
2017-01-25T22:00	-63.60803	-51.23788	11.113	122.3
2017-01-25T22:10	-63.62423	-51.17554	11.554	120.3
2017-01-25T22:20	-63.63972	-51.11267	11.498	119.1
2017-01-25T22:30	-63.65329	-51.06173	9.495	121.0
2017-01-25T22:40	-63.67204	-51.00638	11.125	127.4
2017-01-25T22:50	-63.69160	-50.94982	11.450	128.0
2017-01-25T23:00	-63.70857	-50.90061	9.947	127.9
2017-01-25T23:10	-63.71031	-50.90106	0.631	186.4
2017-01-25T23:20	-63.71040	-50.90089	0.040	139.3
2017-01-25T23:30	-63.71007	-50.90042	0.140	32.7
2017-01-25T23:40	-63.71019	-50.90078	0.071	233.4
2017-01-25T23:50	-63.71083	-50.90099	0.232	188.3
2017-01-26T00:00	-63.71063	-50.89993	0.182	67.5
2017-01-26T00:10	-63.71081	-50.89904	0.154	113.6
2017-01-26T00:20	-63.71075	-50.89902	0.020	10.5
2017-01-26T00:30	-63.71043	-50.89980	0.170	313.3
2017-01-26T00:40	-63.71019	-50.90043	0.133	309.9
2017-01-26T00:50	-63.71000	-50.90060	0.075	339.6
2017-01-26T01:00	-63.70965	-50.90039	0.128	14.8
2017-01-26T01:10	-63.71005	-50.90187	0.275	238.8
2017-01-26T01:20	-63.71501	-50.90408	1.822	191.2
2017-01-26T01:30	-63.71987	-50.90574	1.770	188.6
2017-01-26T01:40	-63.72493	-50.90732	1.837	187.9
2017-01-26T01:50	-63.73030	-50.90918	1.956	188.7
2017-01-26T02:00	-63.73537	-50.91068	1.842	187.5
2017-01-26T02:10	-63.74195	-50.90899	2.383	173.5
2017-01-26T02:20	-63.73570	-50.88081	5.021	63.4
2017-01-26T02:30	-63.72722	-50.85274	5.416	55.7
2017-01-26T02:40	-63.72276	-50.83853	2.777	54.7
2017-01-26T02:50	-63.72055	-50.82963	1.625	60.8
2017-01-26T03:00	-63.71871	-50.82629	0.852	38.6
2017-01-26T03:10	-63.71386	-50.83134	1.923	335.2
2017-01-26T03:20	-63.71716	-50.82793	1.307	155.4
2017-01-26T03:30	-63.72037	-50.82546	1.223	161.2
2017-01-26T03:40	-63.72396	-50.82059	1.509	149.0
2017-01-26T03:50	-63.71715	-50.83028	2.901	327.8
2017-01-26T04:00	-63.69971	-50.82727	6.295	4.4
2017-01-26T04:10	-63.68172	-50.81956	6.593	10.8
2017-01-26T04:20	-63.66379	-50.81258	6.553	9.8
2017-01-26T04:30	-63.65279	-50.80805	4.025	10.4
2017-01-26T04:40	-63.65286	-50.80895	0.145	260.1
2017-01-26T04:50	-63.65368	-50.81096	0.436	227.5
2017-01-26T05:00	-63.65434	-50.81401	0.543	243.9
2017-01-26T05:10	-63.65436	-50.81728	0.523	269.4
2017-01-26T05:20	-63.65424	-50.82074	0.553	274.3
2017-01-26T05:30	-63.65455	-50.82402	0.536	258.0
2017-01-26T05:40	-63.65510	-50.82708	0.526	248.0
2017-01-26T05:50	-63.65359	-50.81656	1.765	72.1
2017-01-26T06:00	-63.65165	-50.81399	0.810	30.6
2017-01-26T06:10	-63.65153	-50.81509	0.182	284.5
2017-01-26T06:20	-63.65022	-50.81422	0.493	16.2
2017-01-26T06:30	-63.64913	-50.81238	0.490	36.9
2017-01-26T06:40	-63.64950	-50.81308	0.175	219.6
2017-01-26T06:50	-63.65038	-50.81527	0.473	227.8
2017-01-26T07:00	-63.65201	-50.81796	0.726	216.3
2017-01-26T07:10	-63.65369	-50.81819	0.605	183.5
2017-01-26T07:20	-63.65526	-50.81742	0.580	167.8
2017-01-26T07:30	-63.65702	-50.81672	0.645	170.0
2017-01-26T07:40	-63.65912	-50.81404	0.868	150.5
2017-01-26T07:50	-63.65641	-50.81169	1.046	21.1
2017-01-26T08:00	-63.65581	-50.81126	0.228	17.4
2017-01-26T08:10	-63.65574	-50.81129	0.026	351.9
2017-01-26T08:20	-63.65593	-50.81134	0.070	187.3
2017-01-26T08:30	-63.65605	-50.81060	0.128	110.5
2017-01-26T08:40	-63.65616	-50.81045	0.044	148.3
2017-01-26T08:50	-63.65605	-50.81024	0.050	41.9
2017-01-26T09:00	-63.65626	-50.81073	0.108	225.8
2017-01-26T09:10	-63.65606	-50.81029	0.101	43.9
2017-01-26T09:20	-63.65598	-50.81011	0.040	44.3
2017-01-26T09:30	-63.65613	-50.81038	0.068	218.7
2017-01-26T09:40	-63.65615	-50.81047	0.015	248.2
2017-01-26T09:50	-63.65591	-50.81019	0.096	27.7
2017-01-26T10:00	-63.65612	-50.81029	0.077	192.2
2017-01-26T10:10	-63.65608	-50.81027	0.016	14.5
2017-01-26T10:20	-63.65595	-50.81040	0.050	335.0
2017-01-26T10:30	-63.65634	-50.81150	0.226	231.4
2017-01-26T10:40	-63.67394	-50.80289	6.482	167.8
2017-01-26T10:50	-63.70678	-50.81092	11.894	186.2
2017-01-26T11:00	-63.71983	-50.82788	5.423	209.9
2017-01-26T11:10	-63.72051	-50.83099	0.552	243.8
2017-01-26T11:20	-63.72043	-50.83058	0.072	65.2
2017-01-26T11:30	-63.72050	-50.83048	0.031	149.8
2017-01-26T11:40	-63.72007	-50.83023	0.159	14.6
2017-01-26T11:50	-63.71962	-50.82684	0.565	73.2
2017-01-26T12:00	-63.71968	-50.82736	0.086	254.0
2017-01-26T12:10	-63.71941	-50.82650	0.170	53.8
2017-01-26T12:20	-63.71971	-50.82643	0.110	173.9
2017-01-26T12:30	-63.71966	-50.82685	0.069	284.1
2017-01-26T12:40	-63.71969	-50.82721	0.059	260.3
2017-01-26T12:50	-63.71955	-50.82702	0.058	31.1
2017-01-26T13:00	-63.71947	-50.82718	0.039	320.9
2017-01-26T13:10	-63.71958	-50.82786	0.116	250.1
2017-01-26T13:20	-63.71996	-50.82933	0.272	239.3
2017-01-26T13:30	-63.72014	-50.83123	0.311	258.4
2017-01-26T13:40	-63.72105	-50.83311	0.445	222.2
2017-01-26T13:50	-63.71963	-50.83141	0.579	27.9
2017-01-26T14:00	-63.71955	-50.83153	0.036	326.9
2017-01-26T14:10	-63.71995	-50.83136	0.148	169.1
2017-01-26T14:20	-63.72005	-50.83088	0.083	114.5
2017-01-26T14:30	-63.72012	-50.83079	0.028	149.6
2017-01-26T14:40	-63.72025	-50.83056	0.061	141.6
2017-01-26T14:50	-63.72038	-50.82983	0.124	111.8
2017-01-26T15:00	-63.72053	-50.82905	0.136	113.4
2017-01-26T15:10	-63.71861	-50.83235	0.867	322.6
2017-01-26T15:20	-63.70460	-50.88409	9.669	301.4
2017-01-26T15:30	-63.68711	-50.94215	11.202	304.2
2017-01-26T15:40	-63.67295	-51.00757	11.622	296.0
2017-01-26T15:50	-63.65772	-51.07231	11.705	297.9
2017-01-26T16:00	-63.64178	-51.13565	11.636	299.5
2017-01-26T16:10	-63.62592	-51.19830	11.531	299.6
2017-01-26T16:20	-63.61008	-51.26048	11.467	299.8
2017-01-26T16:30	-63.59440	-51.32281	11.464	299.5
2017-01-26T16:40	-63.57879	-51.38474	11.401	299.5
2017-01-26T16:50	-63.56311	-51.44606	11.334	299.8
2017-01-26T17:00	-63.54737	-51.50818	11.458	299.6
2017-01-26T17:10	-63.53139	-51.57074	11.569	299.8
2017-01-26T17:20	-63.51606	-51.63096	11.132	299.7
2017-01-26T17:30	-63.51374	-51.63590	1.151	316.5
2017-01-26T17:40	-63.51331	-51.63547	0.173	23.6
2017-01-26T17:50	-63.51315	-51.63575	0.073	321.1
2017-01-26T18:00	-63.51325	-51.63640	0.110	250.7
2017-01-26T18:10	-63.51315	-51.63660	0.047	316.2
2017-01-26T18:20	-63.51371	-51.63589	0.230	150.4
2017-01-26T18:30	-63.51408	-51.63552	0.145	155.8
2017-01-26T18:40	-63.51443	-51.63490	0.161	141.8
2017-01-26T18:50	-63.51490	-51.63523	0.176	197.3
2017-01-26T19:00	-63.51407	-51.63489	0.302	10.5
2017-01-26T19:10	-63.49717	-51.61014	7.268	33.2
2017-01-26T19:20	-63.48303	-51.59259	5.819	29.0
2017-01-26T19:30	-63.48259	-51.59230	0.168	16.1
2017-01-26T19:40	-63.48417	-51.59439	0.662	210.4
2017-01-26T19:50	-63.48397	-51.59463	0.081	331.4
2017-01-26T20:00	-63.48319	-51.59506	0.292	346.3
2017-01-26T20:10	-63.48276	-51.59572	0.188	325.7
2017-01-26T20:20	-63.48337	-51.59677	0.280	217.3
2017-01-26T20:30	-63.48347	-51.59805	0.208	260.9
2017-01-26T20:40	-63.48325	-51.59900	0.170	296.6
2017-01-26T20:50	-63.48286	-51.59881	0.147	12.1
2017-01-26T21:00	-63.48275	-51.59920	0.074	301.3
2017-01-26T21:10	-63.48309	-51.60008	0.186	229.2
2017-01-26T21:20	-63.48100	-51.60799	1.477	300.5
2017-01-26T21:30	-63.48267	-51.67628	10.993	266.8
2017-01-26T21:40	-63.48501	-51.74684	11.374	265.7
2017-01-26T21:50	-63.48854	-51.81699	11.346	263.5
2017-01-26T22:00	-63.49147	-51.88477	10.944	264.4
2017-01-26T22:10	-63.49309	-51.94234	9.271	266.4
2017-01-26T22:20	-63.49199	-52.00047	9.349	272.4
2017-01-26T22:30	-63.48804	-52.04967	8.033	280.2
2017-01-26T22:40	-63.48393	-52.08930	6.541	283.1
2017-01-26T22:50	-63.48359	-52.09159	0.386	288.1
2017-01-26T23:00	-63.48342	-52.09286	0.214	287.3
2017-01-26T23:10	-63.48202	-52.09777	0.935	302.5
2017-01-26T23:20	-63.48069	-52.09822	0.486	351.5
2017-01-26T23:30	-63.47843	-52.13724	6.326	277.4
2017-01-26T23:40	-63.47264	-52.16733	5.267	293.3
2017-01-26T23:50	-63.47157	-52.16703	0.390	7.0
2017-01-27T00:00	-63.47141	-52.16638	0.120	61.3
2017-01-27T00:10	-63.47094	-52.16725	0.221	320.3
2017-01-27T00:20	-63.47087	-52.16679	0.079	72.4
2017-01-27T00:30	-63.47079	-52.16709	0.056	301.2
2017-01-27T00:40	-63.47075	-52.16664	0.073	79.5
2017-01-27T00:50	-63.45337	-52.19826	8.066	320.9
2017-01-27T01:00	-63.43198	-52.23385	9.598	323.3
2017-01-27T01:10	-63.41041	-52.26854	9.567	324.2
2017-01-27T01:20	-63.40284	-52.28510	3.815	315.6
2017-01-27T01:30	-63.40292	-52.28795	0.461	266.3
2017-01-27T01:40	-63.40372	-52.28807	0.287	183.8
2017-01-27T01:50	-63.40437	-52.29007	0.399	234.0
2017-01-27T02:00	-63.40530	-52.29175	0.431	218.8
2017-01-27T02:10	-63.40590	-52.29357	0.364	233.7
2017-01-27T02:20	-63.40493	-52.29924	0.979	290.9
2017-01-27T02:30	-63.40248	-52.30911	1.819	299.0
2017-01-27T02:40	-63.40028	-52.31894	1.770	296.5
2017-01-27T02:50	-63.39839	-52.32912	1.778	292.5
2017-01-27T03:00	-63.39647	-52.33971	1.842	292.1
2017-01-27T03:10	-63.39334	-52.36042	3.524	288.6
2017-01-27T03:20	-63.39053	-52.41608	9.033	276.4
2017-01-27T03:30	-63.38839	-52.47173	9.008	274.9
2017-01-27T03:40	-63.38609	-52.53281	9.886	274.8
2017-01-27T03:50	-63.38063	-52.59207	9.759	281.6
2017-01-27T04:00	-63.37829	-52.60090	1.656	300.6
2017-01-27T04:10	-63.37823	-52.60271	0.293	273.8
2017-01-27T04:20	-63.37796	-52.60458	0.317	287.9
2017-01-27T04:30	-63.37807	-52.60263	0.317	96.6
2017-01-27T04:40	-63.38947	-52.55018	9.404	115.9
2017-01-27T04:50	-63.40032	-52.50552	8.192	118.5
2017-01-27T05:00	-63.41171	-52.46844	7.249	124.5
2017-01-27T05:10	-63.41832	-52.44368	4.646	120.8
2017-01-27T05:20	-63.42399	-52.41764	4.664	116.0
2017-01-27T05:30	-63.43077	-52.38532	5.751	115.2
2017-01-27T05:40	-63.43633	-52.35910	4.673	115.4
2017-01-27T05:50	-63.43990	-52.32937	4.956	105.0
2017-01-27T06:00	-63.44249	-52.29892	4.989	100.8
2017-01-27T06:10	-63.44764	-52.26616	5.590	109.4
2017-01-27T06:20	-63.45468	-52.23432	5.718	116.3
2017-01-27T06:30	-63.46346	-52.19881	6.529	119.0
2017-01-27T06:40	-63.46940	-52.16813	5.378	113.5
2017-01-27T06:50	-63.47684	-52.13260	6.310	115.1
2017-01-27T07:00	-63.48242	-52.10745	4.515	116.4
2017-01-27T07:10	-63.48514	-52.10413	1.115	151.4
2017-01-27T07:20	-63.48788	-52.10436	0.988	182.1
2017-01-27T07:30	-63.48966	-52.10654	0.730	208.6
2017-01-27T07:40	-63.49281	-52.10594	1.138	175.2
2017-01-27T07:50	-63.49519	-52.09035	2.648	108.8
2017-01-27T08:00	-63.48582	-52.10032	3.733	334.6
2017-01-27T08:10	-63.48492	-52.10119	0.355	336.7
2017-01-27T08:20	-63.48522	-52.10046	0.161	132.8
2017-01-27T08:30	-63.48490	-52.10047	0.116	358.6
2017-01-27T08:40	-63.48540	-52.10175	0.273	228.6
2017-01-27T08:50	-63.47407	-52.09262	4.337	19.8
2017-01-27T09:00	-63.44805	-52.04675	11.924	38.3
2017-01-27T09:10	-63.41986	-52.00578	12.107	33.0
2017-01-27T09:20	-63.39123	-51.96725	12.034	31.1
2017-01-27T09:30	-63.36143	-51.93299	12.069	27.3
2017-01-27T09:40	-63.33122	-51.89877	12.200	27.0
2017-01-27T09:50	-63.30118	-51.86375	12.210	27.6
2017-01-27T10:00	-63.27069	-51.82971	12.284	26.7
2017-01-27T10:10	-63.26125	-51.82849	3.403	3.3
2017-01-27T10:20	-63.25930	-51.82859	0.701	358.7
2017-01-27T10:30	-63.25924	-51.82829	0.053	65.8
2017-01-27T10:40	-63.25990	-51.82885	0.254	200.9
2017-01-27T10:50	-63.26054	-51.82738	0.330	134.0
2017-01-27T11:00	-63.25762	-51.82583	1.079	13.5
2017-01-27T11:10	-63.25864	-51.83374	1.332	254.1
2017-01-27T11:20	-63.26532	-51.82409	2.870	147.0
2017-01-27T11:30	-63.29497	-51.86041	12.186	208.8
2017-01-27T11:40	-63.32464	-51.89687	12.201	208.9
2017-01-27T11:50	-63.35400	-51.93307	12.080	208.9
2017-01-27T12:00	-63.38315	-51.96937	12.022	209.1
2017-01-27T12:10	-63.41272	-52.00238	11.903	206.6
2017-01-27T12:20	-63.43999	-52.03564	11.183	208.6
2017-01-27T12:30	-63.46926	-52.06847	11.790	206.6
2017-01-27T12:40	-63.48116	-52.09716	6.293	227.1
2017-01-27T12:50	-63.48124	-52.09823	0.175	260.2
2017-01-27T13:00	-63.48119	-52.09830	0.021	327.1
2017-01-27T13:10	-63.48117	-52.09923	0.151	272.4
2017-01-27T13:20	-63.48188	-52.09791	0.331	140.0
2017-01-27T13:30	-63.48163	-52.09828	0.108	326.6
2017-01-27T13:40	-63.48183	-52.09832	0.075	185.3
2017-01-27T13:50	-63.48154	-52.09861	0.116	336.3
2017-01-27T14:00	-63.48214	-52.09771	0.259	146.0
2017-01-27T14:10	-63.48199	-52.09754	0.060	26.9
2017-01-27T14:20	-63.48183	-52.09790	0.080	314.2
2017-01-27T14:30	-63.48244	-52.09985	0.382	235.1
2017-01-27T14:40	-63.48250	-52.09949	0.062	110.7
2017-01-27T14:50	-63.48234	-52.09877	0.130	62.9
2017-01-27T15:00	-63.48235	-52.09845	0.052	97.1
2017-01-27T15:10	-63.48226	-52.09858	0.040	328.5
2017-01-27T15:20	-63.48222	-52.09869	0.023	310.0
2017-01-27T15:30	-63.48258	-52.09970	0.209	230.7
2017-01-27T15:40	-63.48264	-52.10025	0.091	257.3
2017-01-27T15:50	-63.48295	-52.10002	0.118	161.2
2017-01-27T16:00	-63.48391	-52.10106	0.385	206.0
2017-01-27T16:10	-63.48517	-52.10141	0.458	187.0
2017-01-27T16:20	-63.48647	-52.10126	0.468	177.0
2017-01-27T16:30	-63.48748	-52.09897	0.518	134.7
2017-01-27T16:40	-63.49199	-52.07993	3.463	118.0
2017-01-27T16:50	-63.48883	-52.01058	11.202	84.2
2017-01-27T17:00	-63.48441	-51.96271	7.858	78.3
2017-01-27T17:10	-63.48213	-51.92099	6.756	83.0
2017-01-27T17:20	-63.47848	-51.87670	7.241	79.6
2017-01-27T17:30	-63.47880	-51.87815	0.259	243.7
2017-01-27T17:40	-63.47951	-51.87692	0.321	142.2
2017-01-27T17:50	-63.47969	-51.87998	0.496	262.4
2017-01-27T18:00	-63.48023	-51.88088	0.242	216.9
2017-01-27T18:10	-63.48107	-51.88065	0.307	173.0
2017-01-27T18:20	-63.48197	-51.87993	0.343	160.1
2017-01-27T18:30	-63.48278	-51.88006	0.294	184.2
2017-01-27T18:40	-63.47666	-51.91092	5.429	294.0
2017-01-27T18:50	-63.46879	-51.95123	7.075	293.6
2017-01-27T19:00	-63.46280	-51.99615	7.540	286.6
2017-01-27T19:10	-63.45522	-52.04295	8.008	289.9
2017-01-27T19:20	-63.44840	-52.08983	7.934	288.0
2017-01-27T19:30	-63.44277	-52.13455	7.479	285.7
2017-01-27T19:40	-63.43733	-52.17335	6.545	287.4
2017-01-27T19:50	-63.43164	-52.21544	7.080	286.8
2017-01-27T20:00	-63.42604	-52.25670	6.944	286.9
2017-01-27T20:10	-63.42064	-52.29721	6.809	286.6
2017-01-27T20:20	-63.41467	-52.34021	7.253	287.2
2017-01-27T20:30	-63.40877	-52.38418	7.398	286.7
2017-01-27T20:40	-63.40279	-52.42782	7.356	287.0
2017-01-27T20:50	-63.39665	-52.47181	7.428	287.3
2017-01-27T21:00	-63.39078	-52.51659	7.525	286.3
2017-01-27T21:10	-63.38455	-52.56156	7.590	287.2
2017-01-27T21:20	-63.37844	-52.60703	7.659	286.7
2017-01-27T21:30	-63.37206	-52.65292	7.752	287.2
2017-01-27T21:40	-63.36613	-52.69675	7.390	286.8
2017-01-27T21:50	-63.36009	-52.74104	7.471	286.9
2017-01-27T22:00	-63.35397	-52.78532	7.482	287.1
2017-01-27T22:10	-63.34785	-52.83030	7.591	286.9
2017-01-27T22:20	-63.34290	-52.87562	7.533	283.6
2017-01-27T22:30	-63.34034	-52.92162	7.490	277.1
2017-01-27T22:40	-63.33858	-52.96473	6.993	275.2
2017-01-27T22:50	-63.33343	-53.00423	6.645	286.2
2017-01-27T23:00	-63.32515	-53.03683	6.053	299.5
2017-01-27T23:10	-63.32030	-53.05296	3.139	303.8
2017-01-27T23:20	-63.32042	-53.05286	0.046	159.7
2017-01-27T23:30	-63.32041	-53.05343	0.092	272.1
2017-01-27T23:40	-63.32032	-53.05490	0.241	277.7
2017-01-27T23:50	-63.32108	-53.05431	0.289	160.8
2017-01-28T00:00	-63.31723	-53.07560	3.709	291.9
2017-01-28T00:10	-63.31018	-53.11066	6.211	294.1
2017-01-28T00:20	-63.30558	-53.14559	5.889	286.3
2017-01-28T00:30	-63.29960	-53.18159	6.208	290.3
2017-01-28T00:40	-63.29449	-53.22188	6.772	285.7
2017-01-28T00:50	-63.28977	-53.26403	7.030	284.0
2017-01-28T01:00	-63.28212	-53.30391	7.018	293.1
2017-01-28T01:10	-63.27420	-53.34457	7.173	293.4
2017-01-28T01:20	-63.26884	-53.37633	5.495	290.6
2017-01-28T01:30	-63.26138	-53.41812	7.281	291.6
2017-01-28T01:40	-63.25353	-53.45954	7.283	292.8
2017-01-28T01:50	-63.24742	-53.50555	7.774	286.4
2017-01-28T02:00	-63.24186	-53.54322	6.426	288.1
2017-01-28T02:10	-63.23799	-53.57034	4.611	287.6
2017-01-28T02:20	-63.23354	-53.61369	7.210	282.8
2017-01-28T02:30	-63.22781	-53.65634	7.217	286.6
2017-01-28T02:40	-63.22249	-53.69338	6.306	287.7
2017-01-28T02:50	-63.22201	-53.70281	1.539	276.4
2017-01-28T03:00	-63.22239	-53.70274	0.136	175.6
2017-01-28T03:10	-63.22341	-53.70153	0.415	151.8
2017-01-28T03:20	-63.23038	-53.67938	4.384	124.9
2017-01-28T03:30	-63.23206	-53.68225	0.763	217.7
2017-01-28T03:40	-63.23215	-53.69215	1.605	268.8
2017-01-28T03:50	-63.23054	-53.69927	1.291	296.6
2017-01-28T04:00	-63.22618	-53.70937	2.271	313.8
2017-01-28T04:10	-63.22222	-53.66827	6.817	77.9
2017-01-28T04:20	-63.22160	-53.63072	6.095	87.9
2017-01-28T04:30	-63.22332	-53.58991	6.649	95.3
2017-01-28T04:40	-63.21825	-53.55068	6.620	74.0
2017-01-28T04:50	-63.22202	-53.51238	6.360	102.3
2017-01-28T05:00	-63.24303	-53.46833	10.404	136.7
2017-01-28T05:10	-63.25584	-53.41871	9.270	119.8
2017-01-28T05:20	-63.27137	-53.38245	8.111	133.6
2017-01-28T05:30	-63.27138	-53.32211	9.772	90.1
2017-01-28T05:40	-63.27618	-53.26848	8.852	101.3
2017-01-28T05:50	-63.28090	-53.21795	8.356	101.8
2017-01-28T06:00	-63.29534	-53.17440	8.760	126.4
2017-01-28T06:10	-63.30797	-53.12114	9.741	117.9
2017-01-28T06:20	-63.31258	-53.06211	9.691	99.9
2017-01-28T06:30	-63.31988	-53.00685	9.313	106.4
2017-01-28T06:40	-63.32476	-52.94620	9.960	100.2
2017-01-28T06:50	-63.32855	-52.88361	10.208	97.7
2017-01-28T07:00	-63.33192	-52.82359	9.775	97.2
2017-01-28T07:10	-63.33838	-52.76151	10.296	103.1
2017-01-28T07:20	-63.34725	-52.69837	10.690	107.4
2017-01-28T07:30	-63.35643	-52.63521	10.720	108.0
2017-01-28T07:40	-63.36558	-52.57229	10.678	108.0
2017-01-28T07:50	-63.37433	-52.50861	10.750	107.1
2017-01-28T08:00	-63.38231	-52.44409	10.799	105.5
2017-01-28T08:10	-63.39012	-52.37840	10.962	104.9
2017-01-28T08:20	-63.39889	-52.31347	10.934	106.8
2017-01-28T08:30	-63.40576	-52.27388	6.845	111.2
2017-01-28T08:40	-63.40399	-52.28590	2.038	288.2
2017-01-28T08:50	-63.40357	-52.28527	0.182	33.4
2017-01-28T09:00	-63.40311	-52.28612	0.216	321.1
2017-01-28T09:10	-63.40322	-52.28675	0.110	247.4
2017-01-28T09:20	-63.40334	-52.28662	0.048	154.9
2017-01-28T09:30	-63.40325	-52.28705	0.077	297.0
2017-01-28T09:40	-63.40329	-52.28684	0.038	116.8
2017-01-28T09:50	-63.40297	-52.28665	0.121	14.1
2017-01-28T10:00	-63.40156	-52.28743	0.524	346.2
2017-01-28T10:10	-63.39950	-52.29413	1.308	304.4
2017-01-28T10:20	-63.39211	-52.35396	10.008	285.4
2017-01-28T10:30	-63.38454	-52.41895	10.830	284.5
2017-01-28T10:40	-63.37679	-52.48311	10.721	285.0
2017-01-28T10:50	-63.36808	-52.54734	10.829	286.8
2017-01-28T11:00	-63.36017	-52.60509	9.746	287.0
2017-01-28T11:10	-63.35177	-52.66021	9.401	288.8
2017-01-28T11:20	-63.34436	-52.71383	9.060	287.1
2017-01-28T11:30	-63.33763	-52.77196	9.699	284.4
2017-01-28T11:40	-63.32797	-52.82440	9.160	292.3
2017-01-28T11:50	-63.32289	-52.87869	8.963	281.7
2017-01-28T12:00	-63.31679	-52.93353	9.133	283.9
2017-01-28T12:10	-63.31152	-52.98919	9.198	281.9
2017-01-28T12:20	-63.31066	-53.03826	7.942	272.2
2017-01-28T12:30	-63.30388	-53.09108	8.884	285.9
2017-01-28T12:40	-63.29122	-53.14593	9.976	297.1
2017-01-28T12:50	-63.28213	-53.20205	9.655	289.8
2017-01-28T13:00	-63.27160	-53.24919	8.521	296.4
2017-01-28T13:10	-63.26419	-53.29043	7.194	291.8
2017-01-28T13:20	-63.26349	-53.32799	6.090	272.3
2017-01-28T13:30	-63.25822	-53.37167	7.326	285.0
2017-01-28T13:40	-63.24985	-53.41470	7.595	293.4
2017-01-28T13:50	-63.24224	-53.45519	7.112	292.6
2017-01-28T14:00	-63.23417	-53.49552	7.156	294.0
2017-01-28T14:10	-63.22797	-53.53698	7.082	288.3
2017-01-28T14:20	-63.22274	-53.57390	6.278	287.4
2017-01-28T14:30	-63.21866	-53.61963	7.562	281.2
2017-01-28T14:40	-63.21383	-53.66415	7.430	283.5
2017-01-28T14:50	-63.21036	-53.71283	7.997	279.0
2017-01-28T15:00	-63.20325	-53.75971	8.028	288.6
2017-01-28T15:10	-63.19472	-53.80625	8.155	292.1
2017-01-28T15:20	-63.19018	-53.85574	8.201	281.5
2017-01-28T15:30	-63.18726	-53.90703	8.395	277.2
2017-01-28T15:40	-63.18415	-53.96976	10.251	276.2
2017-01-28T15:50	-63.17444	-54.02111	9.045	292.7
2017-01-28T16:00	-63.16446	-54.06090	7.398	299.0
2017-01-28T16:10	-63.15963	-54.11490	8.948	281.2
2017-01-28T16:20	-63.15448	-54.16218	7.907	283.5
2017-01-28T16:30	-63.15592	-54.16660	0.886	234.2
2017-01-28T16:40	-63.15687	-54.16907	0.528	229.5
2017-01-28T16:50	-63.15563	-54.17346	0.843	302.2
2017-01-28T17:00	-63.14599	-54.20454	6.130	304.5
2017-01-28T17:10	-63.14408	-54.24167	6.079	276.5
2017-01-28T17:20	-63.14723	-54.29001	7.943	261.8
2017-01-28T17:30	-63.14130	-54.32551	6.157	290.3
2017-01-28T17:40	-63.14192	-54.32661	0.285	218.9
2017-01-28T17:50	-63.14243	-54.32697	0.195	197.4
2017-01-28T18:00	-63.14253	-54.33169	0.768	267.2
2017-01-28T18:10	-63.14407	-54.36431	5.334	264.0
2017-01-28T18:20	-63.13875	-54.34269	4.004	61.4
2017-01-28T18:30	-63.13510	-54.34041	1.367	15.7
2017-01-28T18:40	-63.13348	-54.33741	0.762	40.0
2017-01-28T18:50	-63.14520	-54.33573	4.232	176.3
2017-01-28T19:00	-63.14152	-54.33180	1.474	25.8
2017-01-28T19:10	-63.13902	-54.32494	1.433	51.2
2017-01-28T19:20	-63.13242	-54.32003	2.507	18.6
2017-01-28T19:30	-63.12383	-54.33012	3.501	332.0
2017-01-28T19:40	-63.11539	-54.37796	8.361	291.3
2017-01-28T19:50	-63.09565	-54.37161	7.182	8.3
2017-01-28T20:00	-63.07459	-54.35509	8.048	19.6
2017-01-28T20:10	-63.06302	-54.35194	4.197	7.0
2017-01-28T20:20	-63.04018	-54.35948	8.313	351.5
2017-01-28T20:30	-63.01966	-54.36477	7.439	353.3
2017-01-28T20:40	-63.00275	-54.38179	6.693	335.4
2017-01-28T20:50	-62.98681	-54.36385	6.448	27.1
2017-01-28T21:00	-62.96993	-54.34104	7.130	31.6
2017-01-28T21:10	-62.95400	-54.33089	5.970	16.2
2017-01-28T21:20	-62.93458	-54.32584	7.042	6.7
2017-01-28T21:30	-62.91477	-54.32175	7.164	5.4
2017-01-28T21:40	-62.89541	-54.30902	7.276	16.7
2017-01-28T21:50	-62.87607	-54.31577	7.052	351.0
2017-01-28T22:00	-62.85564	-54.31141	7.390	5.6
2017-01-28T22:10	-62.84237	-54.28473	6.486	42.5
2017-01-28T22:20	-62.82689	-54.25310	7.622	43.0
2017-01-28T22:30	-62.80790	-54.24170	7.089	15.3
2017-01-28T22:40	-62.78778	-54.23623	7.301	7.1
2017-01-28T22:50	-62.76818	-54.24296	7.142	351.1
2017-01-28T23:00	-62.74899	-54.24869	6.975	352.2
2017-01-28T23:10	-62.73015	-54.25247	6.812	354.8
2017-01-28T23:20	-62.71449	-54.26445	5.974	340.7
2017-01-28T23:30	-62.70667	-54.27731	3.527	323.0
2017-01-28T23:40	-62.68997	-54.28632	6.194	346.1
2017-01-28T23:50	-62.67284	-54.28298	6.192	5.1
2017-01-29T00:00	-62.65574	-54.28480	6.163	357.2
2017-01-29T00:10	-62.63632	-54.28829	7.017	355.3
2017-01-29T00:20	-62.61640	-54.29300	7.213	353.8
2017-01-29T00:30	-62.59796	-54.30421	6.896	344.4
2017-01-29T00:40	-62.58230	-54.32850	6.926	324.4
2017-01-29T00:50	-62.56552	-54.34962	6.986	329.9
2017-01-29T01:00	-62.54867	-54.37110	7.035	329.5
2017-01-29T01:10	-62.53188	-54.39094	6.886	331.4
2017-01-29T01:20	-62.51375	-54.40007	6.699	346.9
2017-01-29T01:30	-62.49620	-54.41522	6.802	338.3
2017-01-29T01:40	-62.47881	-54.43140	6.818	336.7
2017-01-29T01:50	-62.46154	-54.44773	6.785	336.4
2017-01-29T02:00	-62.44476	-54.46361	6.594	336.4
2017-01-29T02:10	-62.42761	-54.47985	6.742	336.3
2017-01-29T02:20	-62.41099	-54.49569	6.541	336.2
2017-01-29T02:30	-62.39137	-54.51448	7.727	336.1
2017-01-29T02:40	-62.36984	-54.53431	8.431	336.9
2017-01-29T02:50	-62.34815	-54.55523	8.553	335.9
2017-01-29T03:00	-62.32533	-54.57670	8.968	336.4
2017-01-29T03:10	-62.30217	-54.59871	9.114	336.2
2017-01-29T03:20	-62.27896	-54.62078	9.138	336.1
2017-01-29T03:30	-62.25688	-54.64124	8.656	336.7
2017-01-29T03:40	-62.23496	-54.66198	8.626	336.2
2017-01-29T03:50	-62.21316	-54.68255	8.575	336.3
2017-01-29T04:00	-62.19125	-54.70310	8.610	336.4
2017-01-29T04:10	-62.16914	-54.72411	8.706	336.1
2017-01-29T04:20	-62.14728	-54.74475	8.602	336.2
2017-01-29T04:30	-62.12503	-54.76557	8.744	336.4
2017-01-29T04:40	-62.10362	-54.78587	8.431	336.1
2017-01-29T04:50	-62.08247	-54.80538	8.296	336.6
2017-01-29T05:00	-62.06097	-54.82549	8.450	336.3
2017-01-29T05:10	-62.04091	-54.84437	7.896	336.2
2017-01-29T05:20	-62.02098	-54.86319	7.847	336.1
2017-01-29T05:30	-62.00059	-54.88172	7.983	336.9
2017-01-29T05:40	-61.98036	-54.90093	7.973	336.0
2017-01-29T05:50	-61.95999	-54.91989	8.008	336.4
2017-01-29T06:00	-61.93929	-54.93928	8.144	336.2
2017-01-29T06:10	-61.91948	-54.95789	7.798	336.1
2017-01-29T06:20	-61.89906	-54.97702	8.036	336.2
2017-01-29T06:30	-61.87856	-54.99615	8.064	336.2
2017-01-29T06:40	-61.85744	-55.01539	8.276	336.7
2017-01-29T06:50	-61.83684	-55.03493	8.126	335.9
2017-01-29T07:00	-61.81559	-55.05423	8.322	336.8
2017-01-29T07:10	-61.79408	-55.07453	8.482	336.0
2017-01-29T07:20	-61.77319	-55.09384	8.207	336.4
2017-01-29T07:30	-61.75185	-55.11360	8.388	336.3
2017-01-29T07:40	-61.73038	-55.13329	8.428	336.5
2017-01-29T07:50	-61.70957	-55.15288	8.204	336.0
2017-01-29T08:00	-61.68785	-55.17323	8.559	336.0
2017-01-29T08:10	-61.66562	-55.19348	8.717	336.6
2017-01-29T08:20	-61.64418	-55.21342	8.440	336.2
2017-01-29T08:30	-61.62317	-55.23276	8.256	336.4
2017-01-29T08:40	-61.60194	-55.25225	8.340	336.4
2017-01-29T08:50	-61.58045	-55.27229	8.464	336.1
2017-01-29T09:00	-61.55792	-55.29272	8.839	336.6
2017-01-29T09:10	-61.53461	-55.31452	9.188	336.0
2017-01-29T09:20	-61.51159	-55.33550	9.036	336.5
2017-01-29T09:30	-61.48783	-55.35728	9.336	336.4
2017-01-29T09:40	-61.48011	-55.36149	2.873	345.4
2017-01-29T09:50	-61.47830	-55.36091	0.660	8.6
2017-01-29T10:00	-61.47717	-55.36206	0.451	334.0
2017-01-29T10:10	-61.49726	-55.39160	8.835	215.1
2017-01-29T10:20	-61.51424	-55.43977	10.288	233.5
2017-01-29T10:30	-61.51334	-55.49929	10.227	271.8
2017-01-29T10:40	-61.51690	-55.49177	1.821	134.8
2017-01-29T10:50	-61.51052	-55.42377	11.901	78.9
2017-01-29T11:00	-61.48229	-55.39587	11.236	25.3
2017-01-29T11:10	-61.45320	-55.41014	10.758	346.8
2017-01-29T11:20	-61.42520	-55.42975	10.632	341.5
2017-01-29T11:30	-61.39866	-55.44958	10.149	340.3
2017-01-29T11:40	-61.37758	-55.46555	8.075	340.1
2017-01-29T11:50	-61.35697	-55.48122	7.896	340.0
2017-01-29T12:00	-61.33671	-55.49770	7.832	338.7
2017-01-29T12:10	-61.31813	-55.52382	8.070	326.0
2017-01-29T12:20	-61.29935	-55.55190	8.322	324.3
2017-01-29T12:30	-61.28109	-55.57907	8.082	324.4
2017-01-29T12:40	-61.26318	-55.60598	7.953	324.1
2017-01-29T12:50	-61.24495	-55.63326	8.088	324.2
2017-01-29T13:00	-61.22626	-55.66079	8.246	324.6
2017-01-29T13:10	-61.20751	-55.68897	8.334	324.1
2017-01-29T13:20	-61.18867	-55.71672	8.318	324.6
2017-01-29T13:30	-61.17060	-55.74426	8.073	323.7
2017-01-29T13:40	-61.15254	-55.77093	7.985	324.5
2017-01-29T13:50	-61.13384	-55.79831	8.245	324.8
2017-01-29T14:00	-61.11531	-55.82622	8.250	323.9
2017-01-29T14:10	-61.09735	-55.85309	7.979	324.1
2017-01-29T14:20	-61.07949	-55.87938	7.892	324.5
2017-01-29T14:30	-61.06196	-55.90512	7.743	324.6
2017-01-29T14:40	-61.04440	-55.93181	7.850	323.7
2017-01-29T14:50	-61.02607	-55.95858	8.082	324.7
2017-01-29T15:00	-61.01737	-55.97597	4.361	315.9
2017-01-29T15:10	-61.01709	-55.97638	0.124	324.6
2017-01-29T15:20	-61.01903	-55.97873	0.810	210.4
2017-01-29T15:30	-61.02099	-55.98141	0.845	213.5
2017-01-29T15:40	-61.02096	-55.98041	0.174	86.3
2017-01-29T15:50	-61.00803	-56.00143	5.925	321.8
2017-01-29T16:00	-60.99585	-56.02607	6.144	315.6
2017-01-29T16:10	-60.99653	-56.02978	0.694	249.2
2017-01-29T16:20	-60.99862	-56.03065	0.767	191.4
2017-01-29T16:30	-60.99907	-56.03372	0.560	253.3
2017-01-29T16:40	-60.99991	-56.03662	0.589	239.3
2017-01-29T16:50	-61.00122	-56.03862	0.589	216.3
2017-01-29T17:00	-61.00260	-56.04052	0.596	213.8
2017-01-29T17:10	-61.00245	-56.04464	0.721	274.1
2017-01-29T17:20	-61.00016	-56.05065	1.335	308.2
2017-01-29T17:30	-60.99882	-56.05454	0.833	305.3
2017-01-29T17:40	-60.99577	-56.06058	1.523	316.1
2017-01-29T17:50	-60.99307	-56.06744	1.543	309.1
2017-01-29T18:00	-60.97993	-56.08827	5.967	322.4
2017-01-29T18:10	-60.95612	-56.11616	9.862	330.4
2017-01-29T18:20	-60.93015	-56.14160	10.354	334.5
2017-01-29T18:30	-60.90396	-56.16725	10.445	334.5
2017-01-29T18:40	-60.87759	-56.19298	10.510	334.6
2017-01-29T18:50	-60.85182	-56.22056	10.461	332.5
2017-01-29T19:00	-60.82922	-56.25481	10.116	323.5
2017-01-29T19:10	-60.80654	-56.28876	10.109	323.9
2017-01-29T19:20	-60.78428	-56.32203	9.921	323.9
2017-01-29T19:30	-60.76196	-56.35608	10.018	323.3
2017-01-29T19:40	-60.74025	-56.38826	9.654	324.1
2017-01-29T19:50	-60.71797	-56.42187	9.966	323.6
2017-01-29T20:00	-60.69588	-56.45469	9.834	324.0
2017-01-29T20:10	-60.67372	-56.48786	9.891	323.7
2017-01-29T20:20	-60.65180	-56.52043	9.762	323.9
2017-01-29T20:30	-60.62940	-56.55404	10.013	323.6
2017-01-29T20:40	-60.60708	-56.58750	9.975	323.7
2017-01-29T20:50	-60.58504	-56.62051	9.851	323.7
2017-01-29T21:00	-60.56336	-56.65275	9.667	323.8
2017-01-29T21:10	-60.54209	-56.68453	9.501	323.7
2017-01-29T21:20	-60.51974	-56.71765	9.958	323.9
2017-01-29T21:30	-60.49737	-56.75067	9.958	324.0
2017-01-29T21:40	-60.47524	-56.78371	9.891	323.7
2017-01-29T21:50	-60.45384	-56.81548	9.548	323.8
2017-01-29T22:00	-60.43207	-56.84776	9.709	323.8
2017-01-29T22:10	-60.41041	-56.87999	9.678	323.7
2017-01-29T22:20	-60.38878	-56.91200	9.647	323.8
2017-01-29T22:30	-60.36737	-56.94386	9.569	323.7
2017-01-29T22:40	-60.34534	-56.97612	9.794	324.1
2017-01-29T22:50	-60.32333	-57.00871	9.825	323.8
2017-01-29T23:00	-60.30120	-57.04146	9.878	323.7
2017-01-29T23:10	-60.27927	-57.07399	9.801	323.7
2017-01-29T23:20	-60.25755	-57.10629	9.717	323.6
2017-01-29T23:30	-60.23520	-57.13904	9.951	324.0
2017-01-29T23:40	-60.21341	-57.17120	9.727	323.8
2017-01-29T23:50	-60.19145	-57.20373	9.816	323.6
2017-01-30T00:00	-60.16949	-57.23600	9.794	323.8
2017-01-30T00:10	-60.14754	-57.26845	9.812	323.6
2017-01-30T00:20	-60.12522	-57.30104	9.936	324.0
2017-01-30T00:30	-60.10409	-57.33207	9.427	323.8
2017-01-30T00:40	-60.08226	-57.36415	9.744	323.7
2017-01-30T00:50	-60.05983	-57.39699	10.002	323.8
2017-01-30T01:00	-60.03718	-57.43009	10.092	323.9
2017-01-30T01:10	-60.01482	-57.46305	9.999	323.6
2017-01-30T01:20	-59.99267	-57.49565	9.900	323.6
2017-01-30T01:30	-59.96995	-57.52916	10.166	323.6
2017-01-30T01:40	-59.94773	-57.56192	9.946	323.6
2017-01-30T01:50	-59.92596	-57.59404	9.744	323.5
2017-01-30T02:00	-59.90442	-57.62574	9.640	323.6
2017-01-30T02:10	-59.88265	-57.65782	9.745	323.5
2017-01-30T02:20	-59.86093	-57.68986	9.732	323.5
2017-01-30T02:30	-59.83829	-57.72280	10.095	323.8
2017-01-30T02:40	-59.81559	-57.75635	10.181	323.4
2017-01-30T02:50	-59.79230	-57.79068	10.441	323.4
2017-01-30T03:00	-59.77372	-57.81819	8.342	323.3
2017-01-30T03:10	-59.77395	-57.81863	0.116	223.8
2017-01-30T03:20	-59.77455	-57.81968	0.287	221.4
2017-01-30T03:30	-59.77549	-57.82259	0.629	237.3
2017-01-30T03:40	-59.77657	-57.82326	0.406	197.2
2017-01-30T03:50	-59.77510	-57.82448	0.574	337.2
2017-01-30T04:00	-59.77136	-57.82895	1.570	329.0
2017-01-30T04:10	-59.76846	-57.83176	1.162	334.0
2017-01-30T04:20	-59.76420	-57.83686	1.791	328.9
2017-01-30T04:30	-59.75994	-57.84187	1.783	329.4
2017-01-30T04:40	-59.74248	-57.86398	7.455	327.4
2017-01-30T04:50	-59.71908	-57.89794	10.440	323.8
2017-01-30T05:00	-59.69584	-57.93192	10.395	323.6
2017-01-30T05:10	-59.67246	-57.96603	10.456	323.6
2017-01-30T05:20	-59.64950	-57.99995	10.316	323.3
2017-01-30T05:30	-59.62684	-58.03257	10.090	323.9
2017-01-30T05:40	-59.60408	-58.06599	10.206	323.4
2017-01-30T05:50	-59.58141	-58.09914	10.156	323.5
2017-01-30T06:00	-59.55917	-58.13157	9.955	323.5
2017-01-30T06:10	-59.53693	-58.16411	9.969	323.4
2017-01-30T06:20	-59.51478	-58.19603	9.875	323.8
2017-01-30T06:30	-59.49202	-58.22945	10.222	323.3
2017-01-30T06:40	-59.46927	-58.26246	10.174	323.6
2017-01-30T06:50	-59.44656	-58.29544	10.162	323.5
2017-01-30T07:00	-59.42336	-58.32928	10.402	323.4
2017-01-30T07:10	-59.40040	-58.36245	10.260	323.7
2017-01-30T07:20	-59.37821	-58.39461	9.929	323.6
2017-01-30T07:30	-59.35513	-58.42683	10.197	324.6
2017-01-30T07:40	-59.33172	-58.45925	10.318	324.8
2017-01-30T07:50	-59.30880	-58.49098	10.104	324.8
2017-01-30T08:00	-59.28609	-58.52248	10.019	324.7
2017-01-30T08:10	-59.26301	-58.55461	10.197	324.6
2017-01-30T08:20	-59.24029	-58.58612	10.029	324.6
2017-01-30T08:30	-59.21713	-58.61779	10.176	325.0
2017-01-30T08:40	-59.19436	-58.64963	10.080	324.4
2017-01-30T08:50	-59.17115	-58.68157	10.227	324.8
2017-01-30T09:00	-59.14833	-58.71305	10.064	324.7
2017-01-30T09:10	-59.12536	-58.74489	10.147	324.6
2017-01-30T09:20	-59.10251	-58.77632	10.071	324.8
2017-01-30T09:30	-59.07963	-58.80798	10.107	324.6
2017-01-30T09:40	-59.05705	-58.83901	9.953	324.7
2017-01-30T09:50	-59.03487	-58.86987	9.821	324.4
2017-01-30T10:00	-59.01219	-58.90082	9.978	324.9
2017-01-30T10:10	-58.98913	-58.93255	10.174	324.7
2017-01-30T10:20	-58.96565	-58.96485	10.363	324.6
2017-01-30T10:30	-58.94205	-58.99712	10.399	324.8
2017-01-30T10:40	-58.91885	-59.02893	10.234	324.7
2017-01-30T10:50	-58.89562	-59.06100	10.272	324.5
2017-01-30T11:00	-58.87236	-59.09275	10.247	324.8
2017-01-30T11:10	-58.84875	-59.12531	10.441	324.5
2017-01-30T11:20	-58.82480	-59.15802	10.558	324.7
2017-01-30T11:30	-58.80130	-59.18998	10.351	324.8
2017-01-30T11:40	-58.77769	-59.22240	10.434	324.6
2017-01-30T11:50	-58.75413	-59.25454	10.389	324.7
2017-01-30T12:00	-58.73071	-59.28654	10.338	324.7
2017-01-30T12:10	-58.70725	-59.31852	10.348	324.7
2017-01-30T12:20	-58.68422	-59.35008	10.178	324.5
2017-01-30T12:30	-58.66132	-59.38113	10.090	324.8
2017-01-30T12:40	-58.63822	-59.41243	10.176	324.8
2017-01-30T12:50	-58.61538	-59.44366	10.092	324.5
2017-01-30T13:00	-58.59227	-59.47499	10.187	324.8
2017-01-30T13:10	-58.56862	-59.50741	10.467	324.4
2017-01-30T13:20	-58.54487	-59.53951	10.461	324.8
2017-01-30T13:30	-58.52097	-59.57180	10.532	324.8
2017-01-30T13:40	-58.49772	-59.60336	10.260	324.6
2017-01-30T13:50	-58.47440	-59.63507	10.302	324.6
2017-01-30T14:00	-58.47258	-59.64479	1.942	289.7
2017-01-30T14:10	-58.47302	-59.64399	0.217	136.4
2017-01-30T14:20	-58.47344	-59.64553	0.327	242.2
2017-01-30T14:30	-58.47420	-59.64596	0.287	196.3
2017-01-30T14:40	-58.47477	-59.64711	0.296	226.9
2017-01-30T14:50	-58.47478	-59.65339	1.183	269.8
2017-01-30T15:00	-58.47498	-59.65930	1.114	266.4
2017-01-30T15:10	-58.47510	-59.66619	1.299	268.0
2017-01-30T15:20	-58.47471	-59.67333	1.352	276.0
2017-01-30T15:30	-58.47089	-59.69005	3.434	293.6
2017-01-30T15:40	-58.45131	-59.72953	10.247	313.4
2017-01-30T15:50	-58.43052	-59.76929	10.592	315.0
2017-01-30T16:00	-58.40941	-59.80971	10.762	314.9
2017-01-30T16:10	-58.38842	-59.84977	10.689	315.0
2017-01-30T16:20	-58.36919	-59.88627	9.767	315.1
2017-01-30T16:30	-58.35045	-59.92233	9.589	314.7
2017-01-30T16:40	-58.33169	-59.95783	9.521	315.2
2017-01-30T16:50	-58.31350	-59.99232	9.241	315.1
2017-01-30T17:00	-58.29532	-60.02715	9.287	314.8
2017-01-30T17:10	-58.27671	-60.06258	9.479	315.0
2017-01-30T17:20	-58.25792	-60.09811	9.543	315.1
2017-01-30T17:30	-58.23951	-60.13321	9.389	314.9
2017-01-30T17:40	-58.22038	-60.16979	9.775	314.8
2017-01-30T17:50	-58.20104	-60.20625	9.812	315.2
2017-01-30T18:00	-58.18217	-60.24213	9.619	314.9
2017-01-30T18:10	-58.16363	-60.27715	9.423	315.1
2017-01-30T18:20	-58.14542	-60.31167	9.271	315.0
2017-01-30T18:30	-58.12687	-60.34712	9.488	314.7
2017-01-30T18:40	-58.10818	-60.38245	9.507	315.0
2017-01-30T18:50	-58.08951	-60.41751	9.471	315.2
2017-01-30T19:00	-58.07106	-60.45261	9.421	314.8
2017-01-30T19:10	-58.05225	-60.48838	9.607	314.8
2017-01-30T19:20	-58.03324	-60.52431	9.684	315.0
2017-01-30T19:30	-58.01434	-60.55989	9.606	315.1
2017-01-30T19:40	-57.99541	-60.59541	9.611	315.2
2017-01-30T19:50	-57.97679	-60.63074	9.510	314.8
2017-01-30T20:00	-57.95790	-60.66639	9.624	315.0
2017-01-30T20:10	-57.93959	-60.70089	9.321	315.0
2017-01-30T20:20	-57.92112	-60.73564	9.400	315.0
2017-01-30T20:30	-57.90279	-60.77021	9.342	314.9
2017-01-30T20:40	-57.88564	-60.80237	8.717	315.1
2017-01-30T20:50	-57.86870	-60.83436	8.642	314.9
2017-01-30T21:00	-57.85180	-60.86624	8.624	314.9
2017-01-30T21:10	-57.83497	-60.89786	8.567	315.0
2017-01-30T21:20	-57.81807	-60.92939	8.577	315.2
2017-01-30T21:30	-57.80090	-60.96192	8.784	314.7
2017-01-30T21:40	-57.78337	-60.99468	8.909	315.1
2017-01-30T21:50	-57.76597	-61.02733	8.861	315.0
2017-01-30T22:00	-57.74885	-61.05952	8.733	314.9
2017-01-30T22:10	-57.72856	-61.09336	9.782	318.3
2017-01-30T22:20	-57.70612	-61.12665	10.308	321.6
2017-01-30T22:30	-57.68410	-61.15917	10.099	321.7
2017-01-30T22:40	-57.66173	-61.19235	10.282	321.6
2017-01-30T22:50	-57.63900	-61.22621	10.465	321.4
2017-01-30T23:00	-57.61587	-61.26024	10.600	321.8
2017-01-30T23:10	-57.59310	-61.29414	10.490	321.4
2017-01-30T23:20	-57.56986	-61.32861	10.688	321.5
2017-01-30T23:30	-57.54589	-61.36368	10.970	321.9
2017-01-30T23:40	-57.52189	-61.39907	11.022	321.6
2017-01-30T23:50	-57.49752	-61.43542	11.243	321.3
2017-01-31T00:00	-57.47300	-61.47132	11.235	321.8
2017-01-31T00:10	-57.44916	-61.50660	10.973	321.5
2017-01-31T00:20	-57.42523	-61.54184	10.992	321.6
2017-01-31T00:30	-57.40170	-61.57653	10.819	321.5
2017-01-31T00:40	-57.37780	-61.61149	10.957	321.7
2017-01-31T00:50	-57.35384	-61.64674	11.012	321.6
2017-01-31T01:00	-57.32993	-61.68185	10.984	321.6
2017-01-31T01:10	-57.30627	-61.71650	10.860	321.6
2017-01-31T01:20	-57.28274	-61.75127	10.843	321.4
2017-01-31T01:30	-57.25949	-61.78526	10.670	321.7
2017-01-31T01:40	-57.23597	-61.81969	10.801	321.6
2017-01-31T01:50	-57.21267	-61.85371	10.695	321.7
2017-01-31T02:00	-57.18919	-61.88834	10.820	321.4
2017-01-31T02:10	-57.16537	-61.92312	10.938	321.6
2017-01-31T02:20	-57.14171	-61.95783	10.886	321.5
2017-01-31T02:30	-57.11882	-61.99100	10.486	321.8
2017-01-31T02:40	-57.09659	-62.02346	10.213	321.6
2017-01-31T02:50	-57.07408	-62.05630	10.345	321.6
2017-01-31T03:00	-57.05148	-62.08944	10.408	321.4
2017-01-31T03:10	-57.02883	-62.12221	10.377	321.8
2017-01-31T03:20	-57.00605	-62.15528	10.454	321.7
2017-01-31T03:30	-56.98361	-62.18792	10.306	321.6
2017-01-31T03:40	-56.96105	-62.22100	10.398	321.3
2017-01-31T03:50	-56.93832	-62.25420	10.462	321.5
2017-01-31T04:00	-56.91542	-62.28710	10.480	321.9
2017-01-31T04:10	-56.89341	-62.31917	10.125	321.5
2017-01-31T04:20	-56.87126	-62.35122	10.169	321.7
2017-01-31T04:30	-56.84907	-62.38353	10.209	321.5
2017-01-31T04:40	-56.82677	-62.41592	10.255	321.5
2017-01-31T04:50	-56.80471	-62.44771	10.118	321.7
2017-01-31T05:00	-56.78166	-62.48120	10.606	321.5
2017-01-31T05:10	-56.75839	-62.51517	10.730	321.3
2017-01-31T05:20	-56.73543	-62.54898	10.624	321.1
2017-01-31T05:30	-56.71290	-62.58236	10.454	320.9
2017-01-31T05:40	-56.69079	-62.61519	10.270	320.8
2017-01-31T05:50	-56.66722	-62.64419	10.243	325.9
2017-01-31T06:00	-56.64317	-62.67278	10.344	326.8
2017-01-31T06:10	-56.62299	-62.70645	9.860	317.4
2017-01-31T06:20	-56.60355	-62.73981	9.627	316.6
2017-01-31T06:30	-56.58498	-62.77253	9.316	315.9
2017-01-31T06:40	-56.56419	-62.80117	9.398	322.8
2017-01-31T06:50	-56.54201	-62.82713	9.503	327.2
2017-01-31T07:00	-56.52053	-62.85365	9.357	325.7
2017-01-31T07:10	-56.50060	-62.88187	9.104	322.0
2017-01-31T07:20	-56.48146	-62.91225	9.162	318.8
2017-01-31T07:30	-56.46167	-62.94211	9.277	320.2
2017-01-31T07:40	-56.44129	-62.97134	9.362	321.6
2017-01-31T07:50	-56.42084	-63.00036	9.359	321.9
2017-01-31T08:00	-56.40065	-63.02948	9.302	321.4
2017-01-31T08:10	-56.38043	-63.05875	9.328	321.3
2017-01-31T08:20	-56.35916	-63.08882	9.726	321.9
2017-01-31T08:30	-56.33819	-63.11895	9.651	321.5
2017-01-31T08:40	-56.31724	-63.14892	9.628	321.6
2017-01-31T08:50	-56.29588	-63.17946	9.815	321.6
2017-01-31T09:00	-56.27420	-63.21053	9.974	321.5
2017-01-31T09:10	-56.25210	-63.24180	10.120	321.8
2017-01-31T09:20	-56.23012	-63.27327	10.115	321.5
2017-01-31T09:30	-56.20874	-63.30371	9.817	321.6
2017-01-31T09:40	-56.18731	-63.33432	9.856	321.5
2017-01-31T09:50	-56.16569	-63.36498	9.917	321.7
2017-01-31T10:00	-56.14403	-63.39593	9.968	321.5
2017-01-31T10:10	-56.12197	-63.42723	10.126	321.7
2017-01-31T10:20	-56.09998	-63.45856	10.112	321.5
2017-01-31T10:30	-56.07787	-63.49020	10.186	321.4
2017-01-31T10:40	-56.05643	-63.52011	9.782	322.1
2017-01-31T10:50	-56.03595	-63.54970	9.475	321.1
2017-01-31T11:00	-56.01576	-63.57799	9.235	321.9
2017-01-31T11:10	-55.99576	-63.60632	9.184	321.6
2017-01-31T11:20	-55.97551	-63.63502	9.305	321.6
2017-01-31T11:30	-55.95483	-63.66428	9.498	321.6
2017-01-31T11:40	-55.93335	-63.69505	9.915	321.3
2017-01-31T11:50	-55.91032	-63.72716	10.523	322.0
2017-01-31T12:00	-55.88796	-63.75897	10.298	321.4
2017-01-31T12:10	-55.86510	-63.79151	10.532	321.4
2017-01-31T12:20	-55.84261	-63.82345	10.354	321.4
2017-01-31T12:30	-55.81922	-63.85628	10.724	321.7
2017-01-31T12:40	-55.79602	-63.88904	10.664	321.6
2017-01-31T12:50	-55.77382	-63.92001	10.160	321.9
2017-01-31T13:00	-55.75145	-63.95181	10.313	321.3
2017-01-31T13:10	-55.72902	-63.98320	10.282	321.8
2017-01-31T13:20	-55.70780	-64.01327	9.775	321.4
2017-01-31T13:30	-55.68890	-64.04278	9.065	318.6
2017-01-31T13:40	-55.66658	-64.07087	9.852	324.6
2017-01-31T13:50	-55.64639	-64.09937	9.294	321.5
2017-01-31T14:00	-55.62667	-64.12699	9.051	321.7
2017-01-31T14:10	-55.60528	-64.15725	9.858	321.4
2017-01-31T14:20	-55.58495	-64.18559	9.318	321.8
2017-01-31T14:30	-55.56324	-64.21624	10.002	321.4
2017-01-31T14:40	-55.54106	-64.24719	10.174	321.7
2017-01-31T14:50	-55.51810	-64.27928	10.538	321.6
2017-01-31T15:00	-55.49502	-64.31148	10.592	321.7
2017-01-31T15:10	-55.47266	-64.34285	10.285	321.5
2017-01-31T15:20	-55.45072	-64.37348	10.074	321.6
2017-01-31T15:30	-55.42874	-64.40428	10.110	321.5
2017-01-31T15:40	-55.40838	-64.43275	9.359	321.5
2017-01-31T15:50	-55.38845	-64.46039	9.134	321.8
2017-01-31T16:00	-55.36871	-64.48784	9.057	321.7
2017-01-31T16:10	-55.35000	-64.51438	8.653	321.1
2017-01-31T16:20	-55.33073	-64.54102	8.826	321.8
2017-01-31T16:30	-55.31132	-64.56816	8.929	321.5
2017-01-31T16:40	-55.29143	-64.59565	9.112	321.8
2017-01-31T16:50	-55.27220	-64.62258	8.858	321.4
2017-01-31T17:00	-55.25311	-64.64900	8.753	321.7
2017-01-31T17:10	-55.23348	-64.67644	9.037	321.4
2017-01-31T17:20	-55.21228	-64.70567	9.710	321.8
2017-01-31T17:30	-55.19042	-64.73607	10.049	321.6
2017-01-31T17:40	-55.16907	-64.76568	9.806	321.6
2017-01-31T17:50	-55.14790	-64.79521	9.745	321.4
2017-01-31T18:00	-55.12779	-64.82312	9.245	321.6
2017-01-31T18:10	-55.10779	-64.85066	9.162	321.8
2017-01-31T18:20	-55.08746	-64.87898	9.363	321.4
2017-01-31T18:30	-55.06557	-64.90933	10.062	321.6
2017-01-31T18:40	-55.04249	-64.94133	10.610	321.5
2017-01-31T18:50	-55.02009	-64.97167	10.211	322.2
2017-01-31T19:00	-55.00132	-64.99805	8.681	321.1
2017-01-31T19:10	-54.97389	-64.98891	10.056	10.8
2017-01-31T19:20	-54.94561	-64.97658	10.495	14.1
2017-01-31T19:30	-54.91734	-64.96455	10.479	13.7
2017-01-31T19:40	-54.89351	-64.95396	8.854	14.3
2017-01-31T19:50	-54.86497	-64.94170	10.585	13.9
2017-01-31T20:00	-54.83928	-64.93118	9.507	13.3
2017-01-31T20:10	-54.81574	-64.92110	8.729	13.9
2017-01-31T20:20	-54.79544	-64.91222	7.535	14.2
2017-01-31T20:30	-54.77429	-64.90289	7.858	14.3
2017-01-31T20:40	-54.75433	-64.89430	7.404	13.9
2017-01-31T20:50	-54.73381	-64.88576	7.599	13.5
2017-01-31T21:00	-54.71269	-64.87626	7.856	14.6
2017-01-31T21:10	-54.68960	-64.86713	8.528	12.9
2017-01-31T21:20	-54.66224	-64.85521	10.160	14.1
2017-01-31T21:30	-54.64110	-64.86087	7.702	351.2
2017-01-31T21:40	-54.62648	-64.89032	8.086	310.6
2017-01-31T21:50	-54.61063	-64.91766	8.067	315.0
2017-01-31T22:00	-54.59440	-64.94637	8.366	314.3
2017-01-31T22:10	-54.57939	-64.97254	7.681	314.7
2017-01-31T22:20	-54.56546	-64.99702	7.162	314.5
2017-01-31T22:30	-54.55106	-65.02204	7.358	314.8
2017-01-31T22:40	-54.53595	-65.04740	7.592	315.8
2017-01-31T22:50	-54.52168	-65.07212	7.285	314.8
2017-01-31T23:00	-54.50655	-65.09812	7.695	315.1
2017-01-31T23:10	-54.48786	-65.13012	9.492	315.2
2017-01-31T23:20	-54.47368	-65.15494	7.282	314.5
2017-01-31T23:30	-54.46045	-65.17721	6.663	315.6
2017-01-31T23:40	-54.44810	-65.19681	6.050	317.3
2017-01-31T23:50	-54.43648	-65.21664	5.895	315.2
2017-02-01T00:00	-54.42437	-65.23952	6.479	312.3
2017-02-01T00:10	-54.41188	-65.26076	6.326	315.3
2017-02-01T00:20	-54.40066	-65.28035	5.760	314.5
2017-02-01T00:30	-54.38896	-65.30035	5.943	315.1
2017-02-01T00:40	-54.37695	-65.32117	6.145	314.7
2017-02-01T00:50	-54.36500	-65.34163	6.077	315.0
2017-02-01T01:00	-54.35337	-65.36173	5.942	314.8
2017-02-01T01:10	-54.34084	-65.38290	6.332	315.4
2017-02-01T01:20	-54.32836	-65.40441	6.371	314.8
2017-02-01T01:30	-54.31595	-65.42554	6.296	315.2
2017-02-01T01:40	-54.30373	-65.44666	6.248	314.7
2017-02-01T01:50	-54.29165	-65.46712	6.115	315.3
2017-02-01T02:00	-54.27951	-65.48801	6.196	314.9
2017-02-01T02:10	-54.26700	-65.50935	6.358	315.1
2017-02-01T02:20	-54.25440	-65.53090	6.414	315.0
2017-02-01T02:30	-54.24221	-65.55177	6.207	315.0
2017-02-01T02:40	-54.23011	-65.57223	6.124	315.3
2017-02-01T02:50	-54.21801	-65.59309	6.187	314.8
2017-02-01T03:00	-54.20566	-65.61424	6.294	314.9
2017-02-01T03:10	-54.19332	-65.63533	6.282	315.0
2017-02-01T03:20	-54.18105	-65.65649	6.277	314.7
2017-02-01T03:30	-54.16864	-65.67754	6.296	315.2
2017-02-01T03:40	-54.15618	-65.69881	6.344	315.0
2017-02-01T03:50	-54.14239	-65.72234	7.018	315.0
2017-02-01T04:00	-54.12840	-65.74621	7.122	315.0
2017-02-01T04:10	-54.11468	-65.76972	7.002	314.9
2017-02-01T04:20	-54.10066	-65.79350	7.119	315.2
2017-02-01T04:30	-54.08732	-65.81606	6.764	315.2
2017-02-01T04:40	-54.07389	-65.83907	6.856	314.8
2017-02-01T04:50	-54.06078	-65.86149	6.688	314.9
2017-02-01T05:00	-54.04826	-65.88272	6.359	315.1
2017-02-01T05:10	-54.03562	-65.90386	6.379	315.5
2017-02-01T05:20	-54.03401	-65.90864	1.167	299.9
2017-02-01T05:30	-54.03649	-65.91170	1.103	215.9
2017-02-01T05:40	-54.02372	-65.92368	5.249	331.1
2017-02-01T05:50	-54.01061	-65.93745	5.547	328.3
2017-02-01T06:00	-54.00013	-65.95552	5.370	314.6
2017-02-01T06:10	-53.99081	-65.97699	5.650	306.4
2017-02-01T06:20	-53.98020	-65.99834	5.917	310.2
2017-02-01T06:30	-53.96909	-66.01731	5.669	314.8
2017-02-01T06:40	-53.95758	-66.03679	5.849	315.2
2017-02-01T06:50	-53.94629	-66.05590	5.736	315.1
2017-02-01T07:00	-53.93495	-66.07511	5.767	315.1
2017-02-01T07:10	-53.92323	-66.09529	6.008	314.6
2017-02-01T07:20	-53.90913	-66.11892	7.134	315.4
2017-02-01T07:30	-53.89394	-66.14485	7.756	314.8
2017-02-01T07:40	-53.87861	-66.17089	7.811	315.0
2017-02-01T07:50	-53.86357	-66.19633	7.648	315.0
2017-02-01T08:00	-53.84756	-66.22363	8.177	314.8
2017-02-01T08:10	-53.82996	-66.25304	8.898	315.4
2017-02-01T08:20	-53.81441	-66.27953	7.941	314.8
2017-02-01T08:30	-53.79880	-66.30587	7.933	315.1
2017-02-01T08:40	-53.78300	-66.33275	8.065	314.9
2017-02-01T08:50	-53.76636	-66.36065	8.434	315.2
2017-02-01T09:00	-53.74978	-66.38907	8.500	314.6
2017-02-01T09:10	-53.73279	-66.41760	8.621	315.2
2017-02-01T09:20	-53.71569	-66.44644	8.697	315.0
2017-02-01T09:30	-53.69854	-66.47555	8.753	314.9
2017-02-01T09:40	-53.68092	-66.50527	8.966	315.0
2017-02-01T09:50	-53.66337	-66.53480	8.922	315.1
2017-02-01T10:00	-53.64889	-66.55926	7.377	314.9
2017-02-01T10:10	-53.63624	-66.58052	6.430	315.1
2017-02-01T10:20	-53.62393	-66.60138	6.283	314.9
2017-02-01T10:30	-53.61129	-66.62270	6.438	315.0
2017-02-01T10:40	-53.59863	-66.64391	6.426	315.1
2017-02-01T10:50	-53.58550	-66.66594	6.672	315.1
2017-02-01T11:00	-53.57269	-66.68769	6.549	314.8
2017-02-01T11:10	-53.56041	-66.70817	6.224	315.3
2017-02-01T11:20	-53.54738	-66.73019	6.646	314.9
2017-02-01T11:30	-53.53412	-66.75255	6.760	314.9
2017-02-01T11:40	-53.52053	-66.77523	6.894	315.2
2017-02-01T11:50	-53.50860	-66.79550	6.105	314.7
2017-02-01T12:00	-53.49666	-66.81544	6.060	315.2
2017-02-01T12:10	-53.48425	-66.83614	6.295	315.2
2017-02-01T12:20	-53.47203	-66.85695	6.264	314.6
2017-02-01T12:30	-53.45926	-66.87833	6.491	315.1
2017-02-01T12:40	-53.44667	-66.89941	6.402	315.1
2017-02-01T12:50	-53.43462	-66.91952	6.117	315.2
2017-02-01T13:00	-53.42252	-66.93993	6.176	314.8
2017-02-01T13:10	-53.41016	-66.96048	6.265	315.3
2017-02-01T13:20	-53.39809	-66.98091	6.174	314.7
2017-02-01T13:30	-53.38572	-67.00148	6.273	315.2
2017-02-01T13:40	-53.37344	-67.02210	6.257	314.9
2017-02-01T13:50	-53.36107	-67.04274	6.286	315.1
2017-02-01T14:00	-53.34902	-67.06282	6.119	315.2
2017-02-01T14:10	-53.33724	-67.08267	6.016	314.8
2017-02-01T14:20	-53.32509	-67.10308	6.195	314.9
2017-02-01T14:30	-53.31226	-67.12446	6.518	315.1
2017-02-01T14:40	-53.29995	-67.14505	6.268	315.0
2017-02-01T14:50	-53.28789	-67.16538	6.164	314.8
2017-02-01T15:00	-53.27547	-67.18606	6.311	315.1
2017-02-01T15:10	-53.26312	-67.20665	6.278	315.1
2017-02-01T15:20	-53.25099	-67.22679	6.154	315.2
2017-02-01T15:30	-53.23936	-67.24631	5.935	314.9
2017-02-01T15:40	-53.22678	-67.26730	6.403	315.0
2017-02-01T15:50	-53.21434	-67.28808	6.334	315.0
2017-02-01T16:00	-53.20199	-67.30866	6.282	315.1
2017-02-01T16:10	-53.19082	-67.32728	5.683	315.0
2017-02-01T16:20	-53.18050	-67.34457	5.266	314.9
2017-02-01T16:30	-53.16937	-67.36309	5.660	315.1
2017-02-01T16:40	-53.15836	-67.38151	5.614	314.9
2017-02-01T16:50	-53.14635	-67.40131	6.080	315.3
2017-02-01T17:00	-53.13432	-67.42147	6.142	314.9
2017-02-01T17:10	-53.12251	-67.44113	6.011	315.0
2017-02-01T17:20	-53.11098	-67.46036	5.873	315.0
2017-02-01T17:30	-53.09952	-67.47954	5.851	314.9
2017-02-01T17:40	-53.08807	-67.49847	5.808	315.2
2017-02-01T17:50	-53.07674	-67.51736	5.774	315.0
2017-02-01T18:00	-53.06551	-67.53589	5.695	315.2
2017-02-01T18:10	-53.05405	-67.55505	5.848	314.9
2017-02-01T18:20	-53.04279	-67.57373	5.725	315.1
2017-02-01T18:30	-53.03169	-67.59216	5.648	315.0
2017-02-01T18:40	-53.02021	-67.61143	5.873	314.7
2017-02-01T18:50	-53.00815	-67.63129	6.112	315.2
2017-02-01T19:00	-52.99617	-67.65122	6.105	315.0
2017-02-01T19:10	-52.98362	-67.67202	6.381	315.1
2017-02-01T19:20	-52.97113	-67.69277	6.363	315.0
2017-02-01T19:30	-52.95873	-67.71328	6.301	315.1
2017-02-01T19:40	-52.94640	-67.73382	6.290	314.9
2017-02-01T19:50	-52.93419	-67.75405	6.212	315.0
2017-02-01T20:00	-52.92211	-67.77413	6.157	314.9
2017-02-01T20:10	-52.91028	-67.79365	6.008	315.1
2017-02-01T20:20	-52.89854	-67.81310	5.976	315.0
2017-02-01T20:30	-52.88673	-67.83267	6.012	315.0
2017-02-01T20:40	-52.87476	-67.85253	6.099	314.9
2017-02-01T20:50	-52.86224	-67.87327	6.376	315.0
2017-02-01T21:00	-52.84936	-67.89459	6.555	315.0
2017-02-01T21:10	-52.83711	-67.91503	6.264	314.8
2017-02-01T21:20	-52.82412	-67.93635	6.584	315.2
2017-02-01T21:30	-52.81082	-67.95834	6.770	315.0
2017-02-01T21:40	-52.79834	-67.97903	6.363	314.9
2017-02-01T21:50	-52.78552	-68.00071	6.603	314.4
2017-02-01T22:00	-52.75975	-68.04294	13.067	315.2
2017-02-01T22:10	-52.73715	-68.07984	11.438	315.3
2017-02-01T22:20	-52.72671	-68.09716	5.330	314.9
2017-02-01T22:30	-52.71443	-68.11748	6.259	314.9
2017-02-01T22:40	-52.70305	-68.13649	5.829	314.6
2017-02-01T22:50	-52.69167	-68.15518	5.782	315.1
2017-02-01T23:00	-52.68009	-68.17427	5.894	315.0
2017-02-01T23:10	-52.66837	-68.19362	5.969	315.0
2017-02-01T23:20	-52.65791	-68.21057	5.282	315.5
2017-02-01T23:30	-52.64730	-68.22823	5.429	314.7
2017-02-01T23:40	-52.63612	-68.24644	5.659	315.3
2017-02-01T23:50	-52.62493	-68.26522	5.750	314.5
2017-02-02T00:00	-52.61431	-68.28265	5.398	315.1
2017-02-02T00:10	-52.60349	-68.30052	5.518	314.9
2017-02-02T00:20	-52.59248	-68.31879	5.630	314.8
2017-02-02T00:30	-52.58179	-68.33642	5.446	314.9
2017-02-02T00:40	-52.57103	-68.35431	5.510	314.7
2017-02-02T00:50	-52.56082	-68.37122	5.215	314.8
2017-02-02T01:00	-52.54962	-68.38985	5.735	314.7
2017-02-02T01:10	-52.53921	-68.40682	5.278	315.2
2017-02-02T01:20	-52.53068	-68.42521	5.066	307.4
2017-02-02T01:30	-52.52481	-68.44766	5.352	293.2
2017-02-02T01:40	-52.51879	-68.47041	5.436	293.5
2017-02-02T01:50	-52.51314	-68.49141	5.031	293.8
2017-02-02T02:00	-52.50757	-68.51148	4.832	294.5
2017-02-02T02:10	-52.50070	-68.53664	6.045	294.1
2017-02-02T02:20	-52.49316	-68.56484	6.750	293.7
2017-02-02T02:30	-52.48536	-68.59269	6.721	294.7
2017-02-02T02:40	-52.47746	-68.61886	6.404	296.4
2017-02-02T02:50	-52.46945	-68.64376	6.177	297.8
2017-02-02T03:00	-52.46176	-68.66890	6.171	296.6
2017-02-02T03:10	-52.45446	-68.69439	6.178	295.2
2017-02-02T03:20	-52.44806	-68.72303	6.694	290.1
2017-02-02T03:30	-52.44086	-68.75647	7.784	289.4
2017-02-02T03:40	-52.43357	-68.78253	6.293	294.6
2017-02-02T03:50	-52.42606	-68.81017	6.642	294.0
2017-02-02T04:00	-52.41857	-68.83736	6.552	294.3
2017-02-02T04:10	-52.41313	-68.85684	4.705	294.6
2017-02-02T04:20	-52.40586	-68.88283	6.279	294.6
2017-02-02T04:30	-52.39831	-68.91164	6.887	293.2
2017-02-02T04:40	-52.39011	-68.94105	7.104	294.5
2017-02-02T04:50	-52.38201	-68.97062	7.122	294.2
2017-02-02T05:00	-52.37599	-69.00098	7.016	288.0
2017-02-02T05:10	-52.37083	-69.03185	7.036	285.3
2017-02-02T05:20	-52.36486	-69.06722	8.068	285.4
2017-02-02T05:30	-52.35454	-69.13218	14.757	284.6
2017-02-02T05:40	-52.35296	-69.20352	15.698	272.1
2017-02-02T05:50	-52.35362	-69.27605	15.952	269.1
2017-02-02T06:00	-52.36948	-69.34343	15.878	248.9
2017-02-02T06:10	-52.40033	-69.40484	17.479	230.5
2017-02-02T06:20	-52.43618	-69.46723	18.823	226.7
2017-02-02T06:30	-52.47162	-69.52867	18.562	226.5
2017-02-02T06:40	-52.50303	-69.59026	17.612	230.0
2017-02-02T06:50	-52.53606	-69.63808	15.849	221.4
2017-02-02T07:00	-52.57030	-69.67745	15.042	214.9
2017-02-02T07:10	-52.58906	-69.72997	13.330	239.5
2017-02-02T07:20	-52.60207	-69.77259	10.432	243.3
2017-02-02T07:30	-52.61498	-69.81324	10.029	242.4
2017-02-02T07:40	-52.62869	-69.85432	10.246	241.2
2017-02-02T07:50	-52.64251	-69.89617	10.411	241.4
2017-02-02T08:00	-52.65277	-69.93994	10.250	248.9
2017-02-02T08:10	-52.66188	-69.98617	10.617	252.0
2017-02-02T08:20	-52.67062	-70.03085	10.252	252.1
2017-02-02T08:30	-52.67969	-70.07649	10.482	251.8
2017-02-02T08:40	-52.68909	-70.12168	10.429	251.0
2017-02-02T08:50	-52.69847	-70.16615	10.275	250.8
2017-02-02T09:00	-52.70666	-70.21349	10.742	254.0
2017-02-02T09:10	-52.71336	-70.26155	10.756	257.0
2017-02-02T09:20	-52.71999	-70.30832	10.477	256.8
2017-02-02T09:30	-52.72636	-70.35264	9.933	256.6
2017-02-02T09:40	-52.73260	-70.39689	9.906	256.9
2017-02-02T09:50	-52.74378	-70.43822	9.866	245.9
2017-02-02T10:00	-52.76505	-70.46451	9.566	216.8
2017-02-02T10:10	-52.78826	-70.47691	8.781	197.9
2017-02-02T10:20	-52.81492	-70.48007	9.626	184.1
2017-02-02T10:30	-52.84521	-70.47943	10.906	179.3
2017-02-02T10:40	-52.87324	-70.48266	10.116	184.0
2017-02-02T10:50	-52.89735	-70.48514	8.698	183.6
2017-02-02T11:00	-52.91939	-70.48387	7.939	178.0
2017-02-02T11:10	-52.94111	-70.48452	7.824	181.0
2017-02-02T11:20	-52.96170	-70.50028	8.162	204.8
2017-02-02T11:30	-52.96689	-70.53818	8.428	257.2
2017-02-02T11:40	-52.96936	-70.56630	6.162	261.7
2017-02-02T11:50	-52.97279	-70.59728	6.831	259.6
2017-02-02T12:00	-52.97584	-70.62776	6.699	260.5
2017-02-02T12:10	-52.97589	-70.65671	6.277	269.8
2017-02-02T12:20	-52.96992	-70.67967	5.423	293.4
2017-02-02T12:30	-52.96523	-70.68961	2.738	308.0
2017-02-02T12:40	-52.96751	-70.70790	4.050	258.3
2017-02-02T12:50	-52.96872	-70.72720	4.206	264.1
2017-02-02T13:00	-52.96330	-70.74548	4.420	296.2
2017-02-02T13:10	-52.94346	-70.74773	7.159	356.1
2017-02-02T13:20	-52.92813	-70.76196	6.325	330.8
2017-02-02T13:30	-52.92762	-70.79229	6.586	271.6
2017-02-02T13:40	-52.92801	-70.80145	1.993	265.9
2017-02-02T13:50	-52.92957	-70.80300	0.652	211.0
2017-02-02T14:00	-52.92974	-70.80295	0.065	170.3
2017-02-02T14:10	-52.92975	-70.80295	0.001	187.7
2017-02-02T14:15	-52.92975	-70.80295	0.002	171.7
